page_type,category,issue,normalized_url,matched_botify,recommendation,evidence_value,title,title_length,meta_description,meta_description_length,main_keyword,h1,h1_count,url_slug,canonical_points_to_self,in_sitemaps,noindex,nofollow,breadcrumb_exists,product_exists,offer_exists,faq_exists,unique_inlinks,unique_outlinks,depth,lcp_status,lcp_value,cls_status,cls_value,inp_status,inp_value,ranking_keyword_rows,distinct_keywords,avg_current_rank,top10_keywords,quick_win_11_20_keywords,striking_distance_21_50_keywords,lost_or_unranked_keywords,botify_audience_keywords_to_90pct
Brand,Links,Below inlink target,https://www.chewy.com/brands/cosequin-7126,True,"Increase internal links from relevant navigation, PLPs, PDPs, or editorial surfaces.",1,Nutramax Cosequin - Free shipping | Chewy,41,Shop Chewy for low prices and the best Cosequin products! We carry a large selection and the top brands like American Journey and more. Find everything you need in one place. FREE shipping on orders $49+ and the BEST customer service!,234,,Nutramax Cosequin,1,cosequin,False,False,False,False,True,False,False,False,1,335,2,,,,,,,,,,,,,,
Brand,Links,Below inlink target,https://www.chewy.com/brands/puppy-food-2170478,True,"Increase internal links from relevant navigation, PLPs, PDPs, or editorial surfaces.",6,Royal Canin Puppy Food - Free shipping | Chewy,46,Shop Chewy for low prices and the best Puppy Food! We carry a large selection and the top brands like American Journey and more. Find everything you need in one place. FREE shipping on orders $49+ and the BEST customer service!,227,royal canin puppy food,Royal Canin Puppy Food,1,puppy-food,True,True,False,False,True,False,False,False,6,341,2,,,,,,,1,1,,0,0,0,1,2.0
Brand,Links,Below inlink target,https://www.chewy.com/brands/royal-canin-dog-food-150798,True,"Increase internal links from relevant navigation, PLPs, PDPs, or editorial surfaces.",5,Royal Canin Dog Food - Free shipping | Chewy,44,Shop Chewy for low prices and the best Royal Canin Dog Food! We carry a large selection and the top brands like American Journey and more. Find everything you need in one place. FREE shipping on orders $49+ and the BEST customer service!,237,,Royal Canin Dog Food,1,royal-canin-dog-food,False,False,False,False,True,False,False,False,5,359,2,,,,,,,,,,,,,,
Brand,Links,Below inlink target,https://www.chewy.com/brands/supplements-treats-2030558,True,"Increase internal links from relevant navigation, PLPs, PDPs, or editorial surfaces.",6,Royal Canin Dog Supplements & Treats - Free shipping | Chewy,60,Shop Chewy for low prices and the best Supplements & Treats! We carry a large selection and the top brands like American Journey and more. Find everything you need in one place. FREE shipping on orders $49+ and the BEST customer service!,237,,Royal Canin Dog Supplements & Treats,1,supplements-treats,True,True,False,False,True,False,False,False,6,309,2,,,,,,,,,,,,,,
Brand,Links,Below inlink target,https://www.chewy.com/brands/wet-food-150870,True,"Increase internal links from relevant navigation, PLPs, PDPs, or editorial surfaces.",6,Royal Canin Wet Dog Food - Free shipping | Chewy,48,Shop Chewy for low prices and the best Wet Food! We carry a large selection and the top brands like American Journey and more. Find everything you need in one place. FREE shipping on orders $49+ and the BEST customer service!,225,royal canin adult wet dog food,Royal Canin Wet Dog Food,1,wet-food,True,True,False,False,True,False,False,False,6,341,2,,,,,,,4,4,3.0,2,0,0,2,5.0
Brand,Links,Below inlink target,https://www.chewy.com/brands/gently-cooked-meals-166518,True,"Increase internal links from relevant navigation, PLPs, PDPs, or editorial surfaces.",6,Royal Canin Gently Cooked Meals for Dogs - Free shipping | Chewy,64,Shop Chewy for low prices and the best Gently Cooked Meals! We carry a large selection and the top brands like American Journey and more. Find everything you need in one place. FREE shipping on orders $49+ and the BEST customer service!,236,,Royal Canin Gently Cooked Meals for Dogs,1,gently-cooked-meals,True,True,False,False,True,False,False,False,6,307,2,,,,,,,,,,,,,,1.0
Brand,Links,Below inlink target,https://www.chewy.com/brands/royal-canin-breed-type-nutrition-7488,True,"Increase internal links from relevant navigation, PLPs, PDPs, or editorial surfaces.",6,Royal Canin Breed Type Nutrition for Dogs - Free shipping | Chewy,65,Shop Chewy for low prices and the best Royal Canin Breed Type Nutrition! We carry a large selection and the top brands like American Journey and more. Find everything you need in one place. FREE shipping on orders $49+ and the BEST customer service!,249,royal canin breed health nutrition,Royal Canin Breed Type Nutrition for Dogs,1,royal-canin-breed-type-nutrition,True,True,False,False,True,False,False,True,6,341,2,,,,,,,2,2,4.0,2,0,0,0,1.0
Brand,Links,Below inlink target,https://www.chewy.com/brands/royal-canin-breed-size-nutrition-7489,True,"Increase internal links from relevant navigation, PLPs, PDPs, or editorial surfaces.",6,Royal Canin Breed Size Nutrition for Dogs - Free shipping | Chewy,65,Shop Chewy for low prices and the best Royal Canin Breed Size Nutrition! We carry a large selection and the top brands like American Journey and more. Find everything you need in one place. FREE shipping on orders $49+ and the BEST customer service!,249,,Royal Canin Breed Size Nutrition for Dogs,1,royal-canin-breed-size-nutrition,True,True,False,False,True,False,False,True,6,341,2,,,,,,,,,,,,,,1.0
Brand,Links,Below inlink target,https://www.chewy.com/brands/urinary-health-2170486,True,"Increase internal links from relevant navigation, PLPs, PDPs, or editorial surfaces.",6,Royal Canin Urinary Health Dog Food - Free shipping | Chewy,59,Shop Chewy for low prices and the best Urinary Health! We carry a large selection and the top brands like American Journey and more. Find everything you need in one place. FREE shipping on orders $49+ and the BEST customer service!,231,,Royal Canin Urinary Health Dog Food,1,urinary-health,True,True,False,False,True,False,False,False,6,317,2,,,,,,,,,,,,,,1.0
Brand,Links,Below inlink target,https://www.chewy.com/brands/skin-coat-health-2170494,True,"Increase internal links from relevant navigation, PLPs, PDPs, or editorial surfaces.",6,Royal Canin Skin & Coat Health Dog Food - Free shipping | Chewy,63,Shop Chewy for low prices and the best Skin & Coat Health! We carry a large selection and the top brands like American Journey and more. Find everything you need in one place. FREE shipping on orders $49+ and the BEST customer service!,235,royal canin veterinary diet skin & coat for dogs,Royal Canin Skin & Coat Health Dog Food,1,skin-coat-health,True,True,False,False,True,False,False,False,6,341,2,,,,,,,2,2,19.0,0,1,1,0,1.0
Brand,Links,Below inlink target,https://www.chewy.com/brands/gastrointestinal-2170502,True,"Increase internal links from relevant navigation, PLPs, PDPs, or editorial surfaces.",6,Royal Canin Gastrointestinal Dog Food - Free shipping | Chewy,61,Shop Chewy for low prices and the best Gastrointestinal products! We carry a large selection and the top brands like American Journey and more. Find everything you need in one place. FREE shipping on orders $49+ and the BEST customer service!,242,,Royal Canin Gastrointestinal Dog Food,1,gastrointestinal,True,True,False,False,True,False,False,False,6,341,2,,,,,,,,,,,,,,2.0
Brand,Links,Below inlink target,https://www.chewy.com/brands/weight-control-2170510,True,"Increase internal links from relevant navigation, PLPs, PDPs, or editorial surfaces.",6,Royal Canin Weight Control Dog Food - Free shipping | Chewy,59,Shop Chewy for low prices and the best Weight Control! We carry a large selection and the top brands like American Journey and more. Find everything you need in one place. FREE shipping on orders $49+ and the BEST customer service!,231,,Royal Canin Weight Control Dog Food,1,weight-control,True,True,False,False,True,False,False,False,6,328,2,,,,,,,,,,,,,,1.0
Brand,Links,Below inlink target,https://www.chewy.com/brands/renal-support-2170518,True,"Increase internal links from relevant navigation, PLPs, PDPs, or editorial surfaces.",6,Royal Canin Renal Support Dog Food - Free shipping | Chewy,58,Shop Chewy for low prices and the best Renal Support! We carry a large selection and the top brands like American Journey and more. Find everything you need in one place. FREE shipping on orders $49+ and the BEST customer service!,230,,Royal Canin Renal Support Dog Food,1,renal-support,True,True,False,False,True,False,False,False,6,315,2,,,,,,,,,,,,,,1.0
Brand,Links,Below inlink target,https://www.chewy.com/brands/nutrena-121270,True,"Increase internal links from relevant navigation, PLPs, PDPs, or editorial surfaces.",1,Nutrena - Free shipping | Chewy,31,Shop Chewy for low prices and the best Nutrena products! We carry a large selection and the top brands like American Journey and more. Find everything you need in one place. FREE shipping on orders $49+ and the BEST customer service!,233,nutrena,Nutrena,1,nutrena,False,False,False,False,True,False,False,False,1,346,2,,,,,,,2,2,15.0,1,0,1,0,
Brand,Links,Below inlink target,https://www.chewy.com/brands/loyall-life-4333654,True,"Increase internal links from relevant navigation, PLPs, PDPs, or editorial surfaces.",2,Loyall Life - Free shipping | Chewy,35,Shop Chewy for low prices and the best Loyall Life! We carry a large selection and the top brands like American Journey and more. Find everything you need in one place. FREE shipping on orders $49+ and the BEST customer service!,228,,Loyall Life,1,loyall-life,True,True,False,False,True,False,False,False,2,321,2,,,,,,,,,,,,,,1.0
Brand,Links,Below inlink target,https://www.chewy.com/brands/dry-food-130326,True,"Increase internal links from relevant navigation, PLPs, PDPs, or editorial surfaces.",3,Temptations Dry Food - Free shipping | Chewy,44,Shop Chewy for low prices and the best Dry Food! We carry a large selection and the top brands like American Journey and more. Find everything you need in one place. FREE shipping on orders $49+ and the BEST customer service!,225,temptations dry cat food,Temptations Dry Food,1,dry-food,True,True,False,False,True,False,False,False,3,319,2,,,,,,,2,2,9.0,2,0,0,0,3.0
Brand,Links,Below inlink target,https://www.chewy.com/brands/wet-food-139558,True,"Increase internal links from relevant navigation, PLPs, PDPs, or editorial surfaces.",3,Wet Food by Temptations - Free shipping | Chewy,47,"Shop Chewy for low prices and the best Wet Food! We carry a large selection and the top brands like Temptations, Sheba, and more. Find everything you need in one place. FREE shipping on orders $49+ and the BEST customer service!",228,temptations wet cat food,Wet Food by Temptations,1,wet-food,True,True,False,False,True,False,False,False,3,322,2,,,,,,,4,4,18.33,0,2,1,1,3.0
Brand,Links,Below inlink target,https://www.chewy.com/brands/crunchy-treats-122150,True,"Increase internal links from relevant navigation, PLPs, PDPs, or editorial surfaces.",3,Temptations Crunchy Treats - Free shipping | Chewy,50,Shop Chewy for low prices and the best Crunchy Treats! We carry a large selection and the top brands like American Journey and more. Find everything you need in one place. FREE shipping on orders $49+ and the BEST customer service!,231,temptations crunchy treats,Temptations Crunchy Treats,1,crunchy-treats,True,True,False,False,True,False,False,False,3,341,2,,,,,,,5,5,9.2,4,0,1,0,3.0
Brand,Links,Below inlink target,https://www.chewy.com/brands/lickable-treats-122166,True,"Increase internal links from relevant navigation, PLPs, PDPs, or editorial surfaces.",3,Temptations Lickable Treats - Free shipping | Chewy,51,Shop Chewy for low prices and the best Lickable Treats! We carry a large selection and the top brands like American Journey and more. Find everything you need in one place. FREE shipping on orders $49+ and the BEST customer service!,232,temptations lickable treats,Temptations Lickable Treats,1,lickable-treats,True,True,False,False,True,False,False,False,3,330,2,,,,,,,1,1,6.0,1,0,0,0,3.0
Brand,Links,Below inlink target,https://www.chewy.com/brands/dry-food-8122,True,"Increase internal links from relevant navigation, PLPs, PDPs, or editorial surfaces.",3,Hill's Science Diet Dry Cat Food - Free shipping | Chewy,56,Shop Chewy for low prices and the best Dry Food! We carry a large selection and the top brands like Hill's Science Diet and more. Find everything you need in one place. FREE shipping on orders $49+ and the BEST customer service!,228,chewy dry cat food,Hill's Science Diet Dry Cat Food,1,dry-food,True,True,False,False,True,False,False,True,3,341,2,good,1796.0,good,0.07,,,2,2,27.0,0,0,1,1,3.0
Brand,Links,Below inlink target,https://www.chewy.com/brands/wet-food-8123,True,"Increase internal links from relevant navigation, PLPs, PDPs, or editorial surfaces.",4,Hill's Science Diet Wet Cat Food - Free shipping | Chewy,56,Shop Chewy for low prices and the best Wet Food! We carry a large selection and the top brands like Hill's Science Diet and more. Find everything you need in one place. FREE shipping on orders $49+ and the BEST customer service!,228,hill's science diet wet cat food,Hill's Science Diet Wet Cat Food,1,wet-food,True,True,False,False,True,False,False,True,4,342,2,good,1498.0,good,0.065,,,4,4,,0,0,0,4,5.0
Brand,Links,Below inlink target,https://www.chewy.com/brands/farmina-vet-life-136390,True,"Increase internal links from relevant navigation, PLPs, PDPs, or editorial surfaces.",6,Farmina Vet Life - Free shipping | Chewy,40,Shop Chewy for low prices and the best Farmina Vet Life! We carry a large selection and the top brands like American Journey and more. Find everything you need in one place. FREE shipping on orders $49+ and the BEST customer service!,233,,Farmina Vet Life,1,farmina-vet-life,True,True,False,False,True,False,False,False,6,317,2,,,,,,,,,,,,,,1.0
Brand,Links,Below inlink target,https://www.chewy.com/brands/low-nsc-143886,True,"Increase internal links from relevant navigation, PLPs, PDPs, or editorial surfaces.",1,Tribute Equine Nutrition Low NSC - Free shipping | Chewy,56,Shop Chewy for low prices and the best Low NSC! We carry a large selection and the top brands like American Journey and more. Find everything you need in one place. FREE shipping on orders $49+ and the BEST customer service!,224,,Tribute Equine Nutrition Low NSC,1,low-nsc,True,True,False,False,True,False,False,False,1,318,2,,,,,,,,,,,,,,1.0
Brand,Links,Below inlink target,https://www.chewy.com/brands/senior-high-fiber-143894,True,"Increase internal links from relevant navigation, PLPs, PDPs, or editorial surfaces.",1,Tribute Equine Nutrition Senior (High Fiber) - Free shipping | Chewy,68,Shop Chewy for low prices and the best Senior (High Fiber)! We carry a large selection and the top brands like American Journey and more. Find everything you need in one place. FREE shipping on orders $49+ and the BEST customer service!,236,,Tribute Equine Nutrition Senior (High Fiber),1,senior-high-fiber,True,True,False,False,True,False,False,False,1,311,2,,,,,,,,,,,,,,1.0
Brand,Links,Below inlink target,https://www.chewy.com/brands/hard-keepers-143902,True,"Increase internal links from relevant navigation, PLPs, PDPs, or editorial surfaces.",1,Tribute Equine Nutrition Hard Keepers - Free shipping | Chewy,61,Shop Chewy for low prices and the best Hard Keepers! We carry a large selection and the top brands like American Journey and more. Find everything you need in one place. FREE shipping on orders $49+ and the BEST customer service!,229,,Tribute Equine Nutrition Hard Keepers,1,hard-keepers,True,True,False,False,True,False,False,False,1,316,2,,,,,,,,,,,,,,1.0
Brand,Links,Below inlink target,https://www.chewy.com/brands/supplements-143910,True,"Increase internal links from relevant navigation, PLPs, PDPs, or editorial surfaces.",1,Tribute Equine Nutrition Supplements - Free shipping | Chewy,60,Shop Chewy for low prices and the best Supplements products! We carry a large selection and the top brands like American Journey and more. Find everything you need in one place. FREE shipping on orders $49+ and the BEST customer service!,237,,Tribute Equine Nutrition Supplements,1,supplements,True,True,False,False,True,False,False,False,1,314,2,,,,,,,,,,,,,,1.0
Brand,Links,Below inlink target,https://www.chewy.com/brands/ultium-3931918,True,"Increase internal links from relevant navigation, PLPs, PDPs, or editorial surfaces.",3,Ultium - Free shipping | Chewy,30,Shop Chewy for low prices and the best Ultium products! We carry a large selection and the top brands like American Journey and more. Find everything you need in one place. FREE shipping on orders $49+ and the BEST customer service!,232,,Ultium,1,ultium,True,True,False,False,True,False,False,False,3,307,2,,,,,,,,,,,,,,1.0
Brand,Links,Below inlink target,https://www.chewy.com/brands/omolene-3931926,True,"Increase internal links from relevant navigation, PLPs, PDPs, or editorial surfaces.",3,Omolene - Free shipping | Chewy,31,Shop Chewy for low prices and the best Omolene products! We carry a large selection and the top brands like American Journey and more. Find everything you need in one place. FREE shipping on orders $49+ and the BEST customer service!,233,,Omolene,1,omolene,True,True,False,False,True,False,False,False,3,308,2,,,,,,,,,,,,,,1.0
Brand,Links,Below inlink target,https://www.chewy.com/brands/layena-3931934,True,"Increase internal links from relevant navigation, PLPs, PDPs, or editorial surfaces.",3,Layena - Free shipping | Chewy,30,Shop Chewy for low prices and the best Layena products! We carry a large selection and the top brands like American Journey and more. Find everything you need in one place. FREE shipping on orders $49+ and the BEST customer service!,232,,Layena,1,layena,True,True,False,False,True,False,False,False,3,308,2,,,,,,,,,,,,,,1.0
Brand,Links,Below inlink target,https://www.chewy.com/brands/high-octane-honor-show-3931942,True,"Increase internal links from relevant navigation, PLPs, PDPs, or editorial surfaces.",3,High Octane Honor Show - Free shipping | Chewy,46,Shop Chewy for low prices and the best High Octane Honor Show! We carry a large selection and the top brands like American Journey and more. Find everything you need in one place. FREE shipping on orders $49+ and the BEST customer service!,239,,High Octane Honor Show,1,high-octane-honor-show,True,True,False,False,True,False,False,False,3,323,2,,,,,,,,,,,,,,1.0
Brand,Links,Below inlink target,https://www.chewy.com/brands/digestive-care-169686,True,"Increase internal links from relevant navigation, PLPs, PDPs, or editorial surfaces.",2,Hill's Prescription Diet Digestive Care for Cats - Free shipping | Chewy,72,Shop Chewy for low prices and the best Digestive Care! We carry a large selection and the top brands like American Journey and more. Find everything you need in one place. FREE shipping on orders $49+ and the BEST customer service!,231,,Hill's Prescription Diet Digestive Care for Cats,1,digestive-care,True,True,False,False,True,False,False,False,2,320,3,,,,,,,,,,,,,,2.0
Brand,Links,Below inlink target,https://www.chewy.com/brands/urinary-care-169694,True,"Increase internal links from relevant navigation, PLPs, PDPs, or editorial surfaces.",2,Hill's Prescription Diet Urinary Care for Cats - Free shipping | Chewy,70,Shop Chewy for low prices and the best Urinary Care! We carry a large selection and the top brands like American Journey and more. Find everything you need in one place. FREE shipping on orders $49+ and the BEST customer service!,229,,Hill's Prescription Diet Urinary Care for Cats,1,urinary-care,True,True,False,False,True,False,False,False,2,328,3,,,,,,,,,,,,,,1.0
Brand,Links,Below inlink target,https://www.chewy.com/brands/weight-management-169702,True,"Increase internal links from relevant navigation, PLPs, PDPs, or editorial surfaces.",2,Hill's Prescription Diet Weight Management for Cats - Free shipping | Chewy,75,Shop Chewy for low prices and the best Weight Management! We carry a large selection and the top brands like American Journey and more. Find everything you need in one place. FREE shipping on orders $49+ and the BEST customer service!,234,,Hill's Prescription Diet Weight Management for Cats,1,weight-management,True,True,False,False,True,False,False,False,2,321,3,,,,,,,,,,,,,,1.0
Brand,Links,Below inlink target,https://www.chewy.com/brands/kidney-care-169718,True,"Increase internal links from relevant navigation, PLPs, PDPs, or editorial surfaces.",2,Hill's Prescription Diet Kidney Care for Cats - Free shipping | Chewy,69,Shop Chewy for low prices and the best Kidney Care! We carry a large selection and the top brands like American Journey and more. Find everything you need in one place. FREE shipping on orders $49+ and the BEST customer service!,228,,Hill's Prescription Diet Kidney Care for Cats,1,kidney-care,True,True,False,False,True,False,False,False,2,322,3,,,,,,,,,,,,,,1.0
Brand,Links,Below inlink target,https://www.chewy.com/brands/cancer-patient-support-169726,True,"Increase internal links from relevant navigation, PLPs, PDPs, or editorial surfaces.",2,Hill's Prescription Diet Cancer Patient Support for Cats - Free shipping | Chewy,80,Shop Chewy for low prices and the best Cancer Patient Support! We carry a large selection and the top brands like American Journey and more. Find everything you need in one place. FREE shipping on orders $49+ and the BEST customer service!,239,,Hill's Prescription Diet Cancer Patient Support for Cats,1,cancer-patient-support,True,True,False,False,True,False,False,False,2,307,3,,,,,,,,,,,,,,1.0
Brand,Links,Below inlink target,https://www.chewy.com/brands/d-8967,True,"Increase internal links from relevant navigation, PLPs, PDPs, or editorial surfaces.",2,Hill's Prescription Diet a/d for Cats - Free shipping | Chewy,61,Shop Chewy for low prices and the best a/d products! We carry a large selection and the top brands like American Journey and more. Find everything you need in one place. FREE shipping on orders $49+ and the BEST customer service!,229,,Hill's Prescription Diet a/d for Cats,1,d,True,False,False,False,True,False,False,False,2,306,3,,,,,,,,,,,,,,1.0
Brand,Links,Below inlink target,https://www.chewy.com/brands/cd-8920,True,"Increase internal links from relevant navigation, PLPs, PDPs, or editorial surfaces.",2,Hill's Prescription Diet c/d for Cats - Free shipping | Chewy,61,Shop Chewy for low prices and the best c/d products! We carry a large selection and the top brands like American Journey and more. Find everything you need in one place. FREE shipping on orders $49+ and the BEST customer service!,229,chewy prescription cat food,Hill's Prescription Diet c/d for Cats,1,cd,True,True,False,False,True,False,False,False,2,320,3,good,1448.0,good,0.03,,,1,1,25.0,0,0,1,0,4.0
Brand,Links,Below inlink target,https://www.chewy.com/brands/dd-8921,True,"Increase internal links from relevant navigation, PLPs, PDPs, or editorial surfaces.",2,Hill's Prescription Diet d/d for Cats - Free shipping | Chewy,61,Shop Chewy for low prices and the best d/d products! We carry a large selection and the top brands like American Journey and more. Find everything you need in one place. FREE shipping on orders $49+ and the BEST customer service!,229,,Hill's Prescription Diet d/d for Cats,1,dd,True,True,False,False,True,False,False,False,2,308,3,,,,,,,,,,,,,,3.0
Brand,Links,Below inlink target,https://www.chewy.com/brands/gastrointestinal-biome-12634,True,"Increase internal links from relevant navigation, PLPs, PDPs, or editorial surfaces.",2,Hill's Fastrointestinal Biome Cat Food (Free Shipping) | Chewy,62,Shop Chewy for low prices and the best Gastrointestinal Biome! We carry a large selection and the top brands like American Journey and more. Find everything you need in one place. FREE shipping on orders $49+ and the BEST customer service!,239,,Hill's Gastrointestinal Biome Cat Food,1,gastrointestinal-biome,True,True,False,False,True,False,False,False,2,307,3,good,1135.0,good,0.025,,,,,,,,,,1.0
Brand,Links,Below inlink target,https://www.chewy.com/brands/id-8923,True,"Increase internal links from relevant navigation, PLPs, PDPs, or editorial surfaces.",2,Hill's Prescription Diet i/d for Cats - Free shipping | Chewy,61,Shop Chewy for low prices and the best i/d products! We carry a large selection and the top brands like American Journey and more. Find everything you need in one place. FREE shipping on orders $49+ and the BEST customer service!,229,,Hill's Prescription Diet i/d for Cats,1,id,True,True,False,False,True,False,False,False,2,308,3,,,,,,,,,,,,,,2.0
Brand,Links,Below inlink target,https://www.chewy.com/brands/kd-8925,True,"Increase internal links from relevant navigation, PLPs, PDPs, or editorial surfaces.",2,Hill's Prescription Diet k/d for Cats - Free shipping | Chewy,61,Shop Chewy for low prices and the best k/d products! We carry a large selection and the top brands like American Journey and more. Find everything you need in one place. FREE shipping on orders $49+ and the BEST customer service!,229,,Hill's Prescription Diet k/d for Cats,1,kd,True,True,False,False,True,False,False,False,2,318,3,,,,,,,,,,,,,,1.0
Brand,Links,Below inlink target,https://www.chewy.com/brands/md-8927,True,"Increase internal links from relevant navigation, PLPs, PDPs, or editorial surfaces.",2,Hill's Prescription Diet m/d for Cats - Free shipping | Chewy,61,Shop Chewy for low prices and the best m/d products! We carry a large selection and the top brands like American Journey and more. Find everything you need in one place. FREE shipping on orders $49+ and the BEST customer service!,229,,Hill's Prescription Diet m/d for Cats,1,md,True,True,False,False,True,False,False,False,2,308,3,,,,,,,,,,,,,,1.0
Brand,Links,Below inlink target,https://www.chewy.com/brands/metabolic-8928,True,"Increase internal links from relevant navigation, PLPs, PDPs, or editorial surfaces.",2,Hill's Prescription Diet Metabolic for Cats - Free shipping | Chewy,67,Shop Chewy for low prices and the best Metabolic products! We carry a large selection and the top brands like American Journey and more. Find everything you need in one place. FREE shipping on orders $49+ and the BEST customer service!,235,,Hill's Prescription Diet Metabolic for Cats,1,metabolic,True,True,False,False,True,False,False,False,2,312,3,,,,,,,,,,,,,,2.0
Brand,Links,Below inlink target,https://www.chewy.com/brands/rd-8929,True,"Increase internal links from relevant navigation, PLPs, PDPs, or editorial surfaces.",2,Hill's Prescription Diet r/d for Cats - Free shipping | Chewy,61,Shop Chewy for low prices and the best r/d products! We carry a large selection and the top brands like American Journey and more. Find everything you need in one place. FREE shipping on orders $49+ and the BEST customer service!,229,,Hill's Prescription Diet r/d for Cats,1,rd,True,True,False,False,True,False,False,False,2,307,3,,,,,,,,,,,,,,1.0
Brand,Links,Below inlink target,https://www.chewy.com/brands/td-8931,True,"Increase internal links from relevant navigation, PLPs, PDPs, or editorial surfaces.",2,Hill's Prescription Diet t/d for Cats - Free shipping | Chewy,61,Shop Chewy for low prices and the best t/d products! We carry a large selection and the top brands like American Journey and more. Find everything you need in one place. FREE shipping on orders $49+ and the BEST customer service!,229,,Hill's Prescription Diet t/d for Cats,1,td,True,True,False,False,True,False,False,False,2,306,3,,,,,,,,,,,,,,1.0
Brand,Links,Below inlink target,https://www.chewy.com/brands/wd-8932,True,"Increase internal links from relevant navigation, PLPs, PDPs, or editorial surfaces.",2,Hill's Prescription Diet w/d for Cats - Free shipping | Chewy,61,Shop Chewy for low prices and the best w/d products! We carry a large selection and the top brands like American Journey and more. Find everything you need in one place. FREE shipping on orders $49+ and the BEST customer service!,229,chewy prescription cat food,Hill's Prescription Diet w/d for Cats,1,wd,True,True,False,False,True,False,False,False,2,307,3,,,,,,,1,1,28.0,0,0,1,0,1.0
Brand,Links,Below inlink target,https://www.chewy.com/brands/yd-8933,True,"Increase internal links from relevant navigation, PLPs, PDPs, or editorial surfaces.",3,Hill's Prescription Diet y/d for Cats - Free shipping | Chewy,61,Shop Chewy for low prices and the best y/d products! We carry a large selection and the top brands like American Journey and more. Find everything you need in one place. FREE shipping on orders $49+ and the BEST customer service!,229,,Hill's Prescription Diet y/d for Cats,1,yd,True,True,False,False,True,False,False,False,3,307,3,,,,,,,,,,,,,,1.0
Brand,Links,Below inlink target,https://www.chewy.com/brands/zd-8934,True,"Increase internal links from relevant navigation, PLPs, PDPs, or editorial surfaces.",2,Hill's Prescription Diet z/d for Cats - Free shipping | Chewy,61,Shop Chewy for low prices and the best z/d products! We carry a large selection and the top brands like American Journey and more. Find everything you need in one place. FREE shipping on orders $49+ and the BEST customer service!,229,,Hill's Prescription Diet z/d for Cats,1,zd,True,True,False,False,True,False,False,False,2,307,3,,,,,,,,,,,,,,1.0
Brand,Links,Below inlink target,https://www.chewy.com/brands/optixcare-7184,True,"Increase internal links from relevant navigation, PLPs, PDPs, or editorial surfaces.",7,Optixcare - Free shipping | Chewy,33,Shop Chewy for low prices and the best Optixcare products! We carry a large selection and the top brands like Optixcare and more. Find everything you need in one place. FREE shipping on orders $49+ and the BEST customer service!,228,,Optixcare,1,optixcare,True,True,False,False,True,False,False,False,7,308,3,,,,,,,,,,,,,,3.0
Brand,Links,Below inlink target,https://www.chewy.com/brands/launchers-123726,True,"Increase internal links from relevant navigation, PLPs, PDPs, or editorial surfaces.",3,Chuckit! Launchers - Free shipping | Chewy,42,Shop Chewy for low prices and the best Launchers products! We carry a large selection and the top brands like American Journey and more. Find everything you need in one place. FREE shipping on orders $49+ and the BEST customer service!,235,,Chuckit! Launchers,1,launchers,True,True,False,False,True,False,False,False,3,311,3,,,,,,,,,,,,,,2.0
Brand,Links,Below inlink target,https://www.chewy.com/brands/balls-sticks-123710,True,"Increase internal links from relevant navigation, PLPs, PDPs, or editorial surfaces.",3,Chuckit! Balls & Sticks - Free shipping | Chewy,47,Shop Chewy for low prices and the best Balls & Sticks! We carry a large selection and the top brands like American Journey and more. Find everything you need in one place. FREE shipping on orders $49+ and the BEST customer service!,231,,Chuckit! Balls & Sticks,1,balls-sticks,True,True,False,False,True,False,False,False,3,341,3,,,,,,,,,,,,,,1.0
Brand,Links,Below inlink target,https://www.chewy.com/brands/flyers-123734,True,"Increase internal links from relevant navigation, PLPs, PDPs, or editorial surfaces.",3,Chuckit! Flyers - Free shipping | Chewy,39,Shop Chewy for low prices and the best Flyers products! We carry a large selection and the top brands like American Journey and more. Find everything you need in one place. FREE shipping on orders $49+ and the BEST customer service!,232,chuckit! flyers,Chuckit! Flyers,1,flyers,True,True,False,False,True,False,False,False,3,313,3,,,,,,,1,1,6.0,1,0,0,0,1.0
Brand,Links,Below inlink target,https://www.chewy.com/brands/tug-toss-123718,True,"Increase internal links from relevant navigation, PLPs, PDPs, or editorial surfaces.",3,Chuckit! Tug & Toss - Free shipping | Chewy,43,Shop Chewy for low prices and the best Tug & Toss! We carry a large selection and the top brands like American Journey and more. Find everything you need in one place. FREE shipping on orders $49+ and the BEST customer service!,227,,Chuckit! Tug & Toss,1,tug-toss,True,True,False,False,True,False,False,False,3,321,3,,,,,,,,,,,,,,1.0
Brand,Links,Below inlink target,https://www.chewy.com/brands/indoor-play-123742,True,"Increase internal links from relevant navigation, PLPs, PDPs, or editorial surfaces.",3,Chuckit! Indoor Play - Free shipping | Chewy,44,Shop Chewy for low prices and the best Indoor Play! We carry a large selection and the top brands like American Journey and more. Find everything you need in one place. FREE shipping on orders $49+ and the BEST customer service!,228,chuckit! indoor play,Chuckit! Indoor Play,1,indoor-play,True,True,False,False,True,False,False,False,3,313,3,,,,,,,1,1,8.0,1,0,0,0,1.0
Brand,Links,Below inlink target,https://www.chewy.com/brands/water-play-123750,True,"Increase internal links from relevant navigation, PLPs, PDPs, or editorial surfaces.",3,Chuckit! Water Play - Free shipping | Chewy,43,Shop Chewy for low prices and the best Water Play! We carry a large selection and the top brands like American Journey and more. Find everything you need in one place. FREE shipping on orders $49+ and the BEST customer service!,227,chuckit! water play,Chuckit! Water Play,1,water-play,True,True,False,False,True,False,False,False,3,310,3,,,,,,,1,1,2.0,1,0,0,0,1.0
Brand,Links,Below inlink target,https://www.chewy.com/brands/worlds-best-7757,True,"Increase internal links from relevant navigation, PLPs, PDPs, or editorial surfaces.",1,World's Best Cat Litter & Kitty Litter | Chewy,46,"Discover World's Best Cat Litter on Chewy, with a range of options to choose from and tens of thousands of customer reviews. Get free shipping now on orders $49+!",162,cat litter chewy,World's Best Cat Litter Long Lasting Odor Control,2,worlds-best,False,False,False,False,True,False,False,True,1,316,3,,,,,,,2,2,18.5,0,2,0,0,
Brand,Links,Below inlink target,https://www.chewy.com/brands/neo-predef-7795,True,"Increase internal links from relevant navigation, PLPs, PDPs, or editorial surfaces.",3,Neo-Predef - Free shipping | Chewy,34,Shop Chewy for low prices and the best Neo-Predef products! We carry a large selection and the top brands like Neo-Predef and more. Find everything you need in one place. FREE shipping on orders $49+ and the BEST customer service!,230,,Neo-Predef,1,neo-predef,True,True,False,False,True,False,False,False,3,305,3,,,,,,,,,,,,,,1.0
Brand,Links,Below inlink target,https://www.chewy.com/brands/advantedge-2685430,True,"Increase internal links from relevant navigation, PLPs, PDPs, or editorial surfaces.",6,Pro Plan AdvantEDGE Dog Food - Free shipping | Chewy,52,Shop Chewy for low prices and the best AdvantEDGE products! We carry a large selection and the top brands like American Journey and more. Find everything you need in one place. FREE shipping on orders $49+ and the BEST customer service!,236,,Pro Plan AdvantEDGE Dog Food,1,advantedge,True,True,False,False,True,False,False,False,6,314,3,,,,,,,,,,,,,,5.0
Brand,Links,Below inlink target,https://www.chewy.com/brands/specialized-7439,True,"Increase internal links from relevant navigation, PLPs, PDPs, or editorial surfaces.",4,Purina Pro Plan Specialized Dog Food - Free shipping | Chewy,60,Shop Chewy for low prices on Purina Pro Plan Focus dog food! We carry a large selection of Purina Pro Plan Focus dry and wet dog food for every lifestage. Save an extra 5% with every Autoship order. FREE shipping on orders $49+ and the BEST customer service!,258,purina pro plan specialized dog food,Purina Pro Plan Specialized Dog Food,1,specialized,True,True,False,False,True,False,False,False,4,338,3,,,,,,,2,2,8.0,1,0,0,1,1.0
Brand,Links,Below inlink target,https://www.chewy.com/brands/complete-essentials-7440,True,"Increase internal links from relevant navigation, PLPs, PDPs, or editorial surfaces.",4,Purina Pro Plan Savor Dog Food - Free Shipping | Chewy,54,Shop Chewy for low prices on Purina Pro Plan Savor dog food! We carry a large selection of Purina Pro Plan Savor dry and wet dog food for every lifestage. Save an extra 5% with every Autoship order. FREE shipping on orders $49+ and the BEST customer service!,258,purina pro plan complete essentials dog food,Purina Pro Plan Complete Essentials Dog Food,1,complete-essentials,True,True,False,False,True,False,False,False,4,328,3,good,1385.0,good,0.03,,,2,2,7.5,2,0,0,0,7.0
Brand,Links,Below inlink target,https://www.chewy.com/brands/senior-11880,True,"Increase internal links from relevant navigation, PLPs, PDPs, or editorial surfaces.",4,Purina Pro Plan Senior Dog Food - Free shipping | Chewy,55,Shop Chewy for low prices and the best Senior products! We carry a large selection and the top brands like American Journey and more. Find everything you need in one place. FREE shipping on orders $49+ and the BEST customer service!,232,purina pro plan senior dog food,Purina Pro Plan Senior Dog Food,1,senior,True,True,False,False,True,False,False,True,4,321,3,good,1402.0,good,0.035,,,5,5,13.25,1,2,1,1,11.0
Brand,Links,Below inlink target,https://www.chewy.com/brands/sport-7436,True,"Increase internal links from relevant navigation, PLPs, PDPs, or editorial surfaces.",4,Purina Pro Plan Sport Dog Food - Free Shipping | Chewy,54,Shop Chewy for low prices on Purina Pro Plan Sport dog food! We carry a large selection of Purina Pro Plan Sport dry and wet dog food for every lifestage. Save an extra 5% with every Autoship order. FREE shipping on orders $49+ and the BEST customer service!,258,,Purina Pro Plan Sport Dog Food,1,sport,True,True,False,False,True,False,False,False,4,322,3,,,,,,,,,,,,,,1.0
Brand,Links,Below inlink target,https://www.chewy.com/brands/puppy-11878,True,"Increase internal links from relevant navigation, PLPs, PDPs, or editorial surfaces.",4,Purina Pro Plan Puppy Food - Free shipping | Chewy,50,Shop Chewy for low prices and the best Puppy products! We carry a large selection and the top brands like American Journey and more. Find everything you need in one place. FREE shipping on orders $49+ and the BEST customer service!,231,purina puppy food and treats,Purina Pro Plan Puppy Food,1,puppy,True,True,False,False,True,False,False,True,4,327,3,good,1537.0,good,0.025,,,2,2,12.0,0,1,0,1,6.0
Brand,Links,Below inlink target,https://www.chewy.com/brands/adult-11879,True,"Increase internal links from relevant navigation, PLPs, PDPs, or editorial surfaces.",5,Purina Pro Plan for Adult Dogs - Free shipping | Chewy,54,Shop Chewy for low prices and the best Adult products! We carry a large selection and the top brands like American Journey and more. Find everything you need in one place. FREE shipping on orders $49+ and the BEST customer service!,231,,Purina Pro Plan for Adult Dogs,1,adult,True,True,False,False,True,False,False,True,5,344,3,,,,,,,,,,,,,,1.0
Brand,Links,Below inlink target,https://www.chewy.com/brands/supplements-168462,True,"Increase internal links from relevant navigation, PLPs, PDPs, or editorial surfaces.",4,Purina Pro Plan Supplements for Dogs - Free shipping | Chewy,60,Shop Chewy for low prices and the best Supplements products! We carry a large selection and the top brands like American Journey and more. Find everything you need in one place. FREE shipping on orders $49+ and the BEST customer service!,237,,Purina Pro Plan Supplements for Dogs,1,supplements,True,True,False,False,True,False,False,False,4,315,3,,,,,,,,,,,,,,1.0
Brand,Links,Below inlink target,https://www.chewy.com/brands/dasuquin-7129,True,"Increase internal links from relevant navigation, PLPs, PDPs, or editorial surfaces.",7,Nutramax Dasuquin - Free shipping | Chewy,41,Shop Chewy for low prices and the best Dasuquin products! We carry a large selection and the top brands like American Journey and more. Find everything you need in one place. FREE shipping on orders $49+ and the BEST customer service!,234,,Nutramax Dasuquin,1,dasuquin,True,True,False,False,True,False,False,False,7,327,3,good,1425.0,good,0.055,,,,,,,,,,11.0
Brand,Links,Below inlink target,https://www.chewy.com/brands/proviable-7133,True,"Increase internal links from relevant navigation, PLPs, PDPs, or editorial surfaces.",3,Nutramax Proviable - Free shipping | Chewy,42,Shop Chewy for low prices and the best Proviable products! We carry a large selection and the top brands like American Journey and more. Find everything you need in one place. FREE shipping on orders $49+ and the BEST customer service!,235,nutramax probiotics dogs,Nutramax Proviable,1,proviable,True,True,False,False,True,False,False,False,3,317,3,good,1394.0,good,0.045,,,1,1,29.0,0,0,1,0,6.0
Brand,Links,Below inlink target,https://www.chewy.com/brands/cobalequin-15683,True,"Increase internal links from relevant navigation, PLPs, PDPs, or editorial surfaces.",3,Nutramax Cobalequin - Free shipping | Chewy,43,Shop Chewy for low prices and the best Cobalequin products! We carry a large selection and the top brands like American Journey and more. Find everything you need in one place. FREE shipping on orders $49+ and the BEST customer service!,236,,Nutramax Cobalequin,1,cobalequin,True,True,False,False,True,False,False,False,3,307,3,,,,,,,,,,,,,,
Brand,Links,Below inlink target,https://www.chewy.com/brands/crananidin-7127,True,"Increase internal links from relevant navigation, PLPs, PDPs, or editorial surfaces.",3,Nutramax Crananidin - Free shipping | Chewy,43,Shop Chewy for low prices and the best Crananidin products! We carry a large selection and the top brands like American Journey and more. Find everything you need in one place. FREE shipping on orders $49+ and the BEST customer service!,236,,Nutramax Crananidin,1,crananidin,True,True,False,False,True,False,False,False,3,305,3,,,,,,,,,,,,,,
Brand,Links,Below inlink target,https://www.chewy.com/brands/denosyl-7131,True,"Increase internal links from relevant navigation, PLPs, PDPs, or editorial surfaces.",3,Nutramax Denosyl - Free shipping | Chewy,40,Shop Chewy for low prices and the best Denosyl products! We carry a large selection and the top brands like American Journey and more. Find everything you need in one place. FREE shipping on orders $49+ and the BEST customer service!,233,,Nutramax Denosyl,1,denosyl,True,True,False,False,True,False,False,False,3,307,3,,,,,,,,,,,,,,1.0
Brand,Links,Below inlink target,https://www.chewy.com/brands/imuquin-15684,True,"Increase internal links from relevant navigation, PLPs, PDPs, or editorial surfaces.",4,Nutramax Imuquin - Free shipping | Chewy,40,Shop Chewy for low prices and the best Imuquin products! We carry a large selection and the top brands like American Journey and more. Find everything you need in one place. FREE shipping on orders $49+ and the BEST customer service!,233,,Nutramax Imuquin,1,imuquin,True,True,False,False,True,False,False,False,4,306,3,,,,,,,,,,,,,,1.0
Brand,Links,Below inlink target,https://www.chewy.com/brands/solliquin-15685,True,"Increase internal links from relevant navigation, PLPs, PDPs, or editorial surfaces.",3,Nutramax Solliquin - Free shipping | Chewy,42,Shop Chewy for low prices and the best Solliquin products! We carry a large selection and the top brands like American Journey and more. Find everything you need in one place. FREE shipping on orders $49+ and the BEST customer service!,235,,Nutramax Solliquin,1,solliquin,True,True,False,False,True,False,False,False,3,305,3,,,,,,,,,,,,,,1.0
Brand,Links,Below inlink target,https://www.chewy.com/brands/filaquin-172550,True,"Increase internal links from relevant navigation, PLPs, PDPs, or editorial surfaces.",3,Filaquin - Free shipping | Chewy,32,Shop Chewy for low prices and the best Filaquin products! We carry a large selection and the top brands like American Journey and more. Find everything you need in one place. FREE shipping on orders $49+ and the BEST customer service!,234,,Filaquin,1,filaquin,True,True,False,False,True,False,False,False,3,306,3,,,,,,,,,,,,,,1.0
Brand,Links,Below inlink target,https://www.chewy.com/brands/naraquin-2947094,True,"Increase internal links from relevant navigation, PLPs, PDPs, or editorial surfaces.",3,Naraquin - Free shipping | Chewy,32,Shop Chewy for low prices and the best Naraquin products! We carry a large selection and the top brands like American Journey and more. Find everything you need in one place. FREE shipping on orders $49+ and the BEST customer service!,234,,Naraquin,1,naraquin,True,True,False,False,True,False,False,False,3,305,3,,,,,,,,,,,,,,1.0
Brand,Links,Below inlink target,https://www.chewy.com/brands/dermaquin-3427790,True,"Increase internal links from relevant navigation, PLPs, PDPs, or editorial surfaces.",3,Nutramax Dermaquin - Free shipping | Chewy,42,Shop Chewy for low prices and the best Dermaquin products! We carry a large selection and the top brands like American Journey and more. Find everything you need in one place. FREE shipping on orders $49+ and the BEST customer service!,235,,Nutramax Dermaquin,1,dermaquin,True,True,False,False,True,False,False,False,3,306,3,,,,,,,,,,,,,,1.0
Brand,Links,Below inlink target,https://www.chewy.com/brands/travco-3427798,True,"Increase internal links from relevant navigation, PLPs, PDPs, or editorial surfaces.",3,Nutramax Travco - Free shipping | Chewy,39,Shop Chewy for low prices and the best Travco products! We carry a large selection and the top brands like American Journey and more. Find everything you need in one place. FREE shipping on orders $49+ and the BEST customer service!,232,,Nutramax Travco,1,travco,True,True,False,False,True,False,False,False,3,305,3,,,,,,,,,,,,,,
Brand,Links,Below inlink target,https://www.chewy.com/brands/strongid-114070,True,"Increase internal links from relevant navigation, PLPs, PDPs, or editorial surfaces.",5,STRONGID - Free shipping | Chewy,32,Shop Chewy for low prices and the best STRONGID products! We carry a large selection and the top brands like STRONGID and more. Find everything you need in one place. FREE shipping on orders $49+ and the BEST customer service!,226,strongid,STRONGID,1,strongid,True,True,False,False,True,False,False,False,5,305,3,,,,,,,1,1,17.0,0,1,0,0,5.0
Brand,Links,Below inlink target,https://www.chewy.com/brands/seresto-dogs-158966,True,"Increase internal links from relevant navigation, PLPs, PDPs, or editorial surfaces.",4,Seresto flea collars for dogs - Free shipping | Chewy,53,Shop Chewy for low prices and the best Seresto for dogs! We carry a large selection and the top brands like American Journey and more. Find everything you need in one place. FREE shipping on orders $49+ and the BEST customer service!,233,,Seresto flea collars for dogs,1,seresto-dogs,True,True,False,False,True,False,False,False,4,313,3,,,,,,,,,,,,,,1.0
Brand,Links,Below inlink target,https://www.chewy.com/brands/flexadin-7675,True,"Increase internal links from relevant navigation, PLPs, PDPs, or editorial surfaces.",2,Vetoquinol Flexadin - Free shipping | Chewy,43,Shop Chewy for low prices and the best Flexadin products! We carry a large selection and the top brands like Vetoquinol and more. Find everything you need in one place. FREE shipping on orders $49+ and the BEST customer service!,228,,Vetoquinol Flexadin,1,flexadin,True,True,False,False,True,False,False,False,2,308,3,,,,,,,,,,,,,,1.0
Brand,Links,Below inlink target,https://www.chewy.com/brands/enzadent-15706,True,"Increase internal links from relevant navigation, PLPs, PDPs, or editorial surfaces.",3,Vetoquinol Enzadent - Free shipping | Chewy,43,Shop Chewy for low prices and the best Enzadent products! We carry a large selection and the top brands like Vetoquinol and more. Find everything you need in one place. FREE shipping on orders $49+ and the BEST customer service!,228,,Vetoquinol Enzadent,1,enzadent,True,True,False,False,True,False,False,False,3,309,3,,,,,,,,,,,,,,1.0
Brand,Links,Below inlink target,https://www.chewy.com/brands/dentahex-15707,True,"Increase internal links from relevant navigation, PLPs, PDPs, or editorial surfaces.",3,Vetoquinol Dentahex - Free shipping | Chewy,43,Shop Chewy for low prices and the best Dentahex products! We carry a large selection and the top brands like Vetoquinol and more. Find everything you need in one place. FREE shipping on orders $49+ and the BEST customer service!,228,,Vetoquinol Dentahex,1,dentahex,True,True,False,False,True,False,False,False,3,305,3,,,,,,,,,,,,,,1.0
Brand,Links,Below inlink target,https://www.chewy.com/brands/zylkene-15708,True,"Increase internal links from relevant navigation, PLPs, PDPs, or editorial surfaces.",2,Vetoquinol Zylkene - Free shipping | Chewy,42,Shop Chewy for low prices and the best Zylkene products! We carry a large selection and the top brands like Vetoquinol and more. Find everything you need in one place. FREE shipping on orders $49+ and the BEST customer service!,227,,Vetoquinol Zylkene,1,zylkene,True,True,False,False,True,False,False,False,2,310,3,,,,,,,,,,,,,,2.0
Brand,Links,Below inlink target,https://www.chewy.com/brands/pro-pectalin-140334,True,"Increase internal links from relevant navigation, PLPs, PDPs, or editorial surfaces.",2,Pro-Pectalin - Free shipping | Chewy,36,Shop Chewy for low prices and the best Pro-Pectalin products! We carry a large selection and the top brands like American Journey and more. Find everything you need in one place. FREE shipping on orders $49+ and the BEST customer service!,238,,Pro-Pectalin,1,pro-pectalin,True,True,False,False,True,False,False,False,2,306,3,,,,,,,,,,,,,,1.0
Brand,Links,Below inlink target,https://www.chewy.com/brands/nexha-166702,True,"Increase internal links from relevant navigation, PLPs, PDPs, or editorial surfaces.",6,NexHA - Free shipping | Chewy,29,Shop Chewy for low prices and the best NexHA products! We carry a large selection and the top brands like American Journey and more. Find everything you need in one place. FREE shipping on orders $49+ and the BEST customer service!,231,,NexHA,1,nexha,True,True,False,False,True,False,False,False,6,305,3,,,,,,,,,,,,,,1.0
Brand,Links,Below inlink target,https://www.chewy.com/brands/butequine-166710,True,"Increase internal links from relevant navigation, PLPs, PDPs, or editorial surfaces.",4,Butequine - Free shipping | Chewy,33,Shop Chewy for low prices and the best Butequine products! We carry a large selection and the top brands like American Journey and more. Find everything you need in one place. FREE shipping on orders $49+ and the BEST customer service!,235,,Butequine,1,butequine,True,True,False,False,True,False,False,False,4,305,3,,,,,,,,,,,,,,1.0
Brand,Links,Below inlink target,https://www.chewy.com/brands/inukshuk-6933,True,"Increase internal links from relevant navigation, PLPs, PDPs, or editorial surfaces.",6,Inukshuk - Free shipping | Chewy,32,Shop Chewy for low prices and the best Inukshuk products! We carry a large selection and the top brands like Inukshuk and more. Find everything you need in one place. FREE shipping on orders $49+ and the BEST customer service!,226,,Inukshuk,1,inukshuk,True,True,False,False,True,False,False,False,6,308,3,good,1211.0,good,0.04,,,,,,,,,,5.0
Brand,Links,Below inlink target,https://www.chewy.com/brands/alphatrak-7783,True,"Increase internal links from relevant navigation, PLPs, PDPs, or editorial surfaces.",7,AlphaTRAK - Free shipping | Chewy,33,Shop Chewy for low prices and the best AlphaTRAK products! We carry a large selection and the top brands like AlphaTRAK and more. Find everything you need in one place. FREE shipping on orders $49+ and the BEST customer service!,228,alphatrak,AlphaTRAK,1,alphatrak,True,True,False,False,True,False,False,False,7,308,3,,,,,,,1,1,4.0,1,0,0,0,6.0
Brand,Links,Below inlink target,https://www.chewy.com/brands/mushers-secret-8268,True,"Increase internal links from relevant navigation, PLPs, PDPs, or editorial surfaces.",6,Musher's Secret - Free shipping | Chewy,39,"Shop Chewy for low prices and the best Musher's Secret! We carry a large selection and the top brands like Musher's Secret, Pawz, and more. Find everything you need in one place. FREE shipping on orders $49+ and the BEST customer service!",238,,Musher's Secret,1,mushers-secret,True,True,False,False,True,False,False,False,6,305,3,,,,,,,,,,,,,,4.0
Brand,Links,Below inlink target,https://www.chewy.com/brands/dry-food-135718,True,"Increase internal links from relevant navigation, PLPs, PDPs, or editorial surfaces.",1,Dry Food - Free shipping | Chewy,32,Shop Chewy for low prices and the best Dry Food! We carry a large selection and the top brands like American Journey and more. Find everything you need in one place. FREE shipping on orders $49+ and the BEST customer service!,225,,Dry Food,1,dry-food,True,True,False,False,True,False,False,False,1,315,3,,,,,,,,,,,,,,1.0
Brand,Links,Below inlink target,https://www.chewy.com/brands/wet-food-135726,True,"Increase internal links from relevant navigation, PLPs, PDPs, or editorial surfaces.",1,Wet Food - Free shipping | Chewy,32,Shop Chewy for low prices and the best Wet Food! We carry a large selection and the top brands like American Journey and more. Find everything you need in one place. FREE shipping on orders $49+ and the BEST customer service!,225,,Wet Food,1,wet-food,True,True,False,False,True,False,False,False,1,325,3,,,,,,,,,,,,,,1.0
Brand,Links,Below inlink target,https://www.chewy.com/brands/metacam-6543,True,"Increase internal links from relevant navigation, PLPs, PDPs, or editorial surfaces.",7,Metacam - Free shipping | Chewy,31,Shop Chewy for low prices and the best Metacam products! We carry a large selection and the top brands like Metacam and more. Find everything you need in one place. FREE shipping on orders $49+ and the BEST customer service!,224,,Metacam,1,metacam,True,True,False,False,True,False,False,False,7,305,3,,,,,,,,,,,,,,2.0
Brand,Links,Below inlink target,https://www.chewy.com/brands/chewy-made-lickable-cat-treats-4285646,True,"Increase internal links from relevant navigation, PLPs, PDPs, or editorial surfaces.",3,Chewy Made™ Lickable Cat Treats | Chewy Exclusive Brand,55,"Shop Lickable Cat Treats from Chewy Made™, a Chewy Exclusive Brand. Discover chicken, tuna and salmon puree recipes in grain-free varieties. Free shipping on orders $49+!",170,chewy exclusive cat treats,Chewy Made Lickable Cat Treats,1,chewy-made-lickable-cat-treats,True,True,False,False,True,False,False,False,3,326,3,,,,,,,1,1,,0,0,0,1,1.0
Brand,Links,Below inlink target,https://www.chewy.com/brands/chewy-made-cat-variety-packs-4285654,True,"Increase internal links from relevant navigation, PLPs, PDPs, or editorial surfaces.",3,Chewy Made™ Wet Cat Food Variety Packs | Chewy Exclusive Brand,62,"Shop Wet Cat Food Variety Packs from Chewy Made™, a Chewy Exclusive Brand. Discover grilled, pate, flaked and medley variety packs. Free shipping on orders $49+!",161,,Chewy Made Wet Cat Food Variety Packs,1,chewy-made-cat-variety-packs,True,True,False,False,True,False,False,False,3,314,3,,,,,,,,,,,,,,
Brand,Links,Below inlink target,https://www.chewy.com/brands/chewy-made-dry-cat-food-3434406,True,"Increase internal links from relevant navigation, PLPs, PDPs, or editorial surfaces.",3,Chewy Made™ Dry Cat Food | Chewy Exclusive Brand,48,"Shop Dry Cat Food from Chewy Made™, a Chewy Exclusive Brand. Discover Chicken, Turkey, Duck and Salmon Cat Food recipes today, and get free shipping on orders $49+!",164,chewy dry cat food,Chewy Made Dry Cat Food,1,chewy-made-dry-cat-food,True,True,False,False,True,False,False,False,3,310,3,,,,,,,1,1,28.0,0,0,1,0,1.0
Brand,Links,Below inlink target,https://www.chewy.com/brands/chewy-made-grilled-wet-cat-food-4285678,True,"Increase internal links from relevant navigation, PLPs, PDPs, or editorial surfaces.",3,Chewy Made™ Grilled Wet Cat Food | Chewy Exclusive Brand,56,"Shop Grilled Wet Cat Food from Chewy Made™, a Chewy Exclusive Brand. Discover chicken and seafood gourmet cat food recipes and more. Free shipping on orders $49+!",162,,Chewy Made Grilled Wet Cat Food,1,chewy-made-grilled-wet-cat-food,True,True,False,False,True,False,False,False,3,314,3,,,,,,,,,,,,,,1.0
Brand,Links,Below inlink target,https://www.chewy.com/brands/chewy-made-medley-wet-cat-food-4285670,True,"Increase internal links from relevant navigation, PLPs, PDPs, or editorial surfaces.",3,Chewy Made™ Medley Wet Cat Food | Chewy Exclusive Brand,55,"Shop Medley Wet Cat Food from Chewy Made™, a Chewy Exclusive Brand. Discover chicken and tuna gourmet cat food flavors and more. Free shipping on orders $49+!",158,,Chewy Made Medley Wet Cat Food,1,chewy-made-medley-wet-cat-food,True,True,False,False,True,False,False,False,3,314,3,,,,,,,,,,,,,,1.0
Brand,Links,Below inlink target,https://www.chewy.com/brands/chewy-made-flaked-cat-food-4285662,True,"Increase internal links from relevant navigation, PLPs, PDPs, or editorial surfaces.",3,Chewy Made™ Flaked Cat Food | Chewy Exclusive Brand,51,"Shop Flaked Cat Food from Chewy Made™, a Chewy Exclusive Brand. Discover gourmet fish & shrimp and chicken & tuna recipes in gravy. Free shipping on orders $49+!",161,,Chewy Made Flaked Cat Food,1,chewy-made-flaked-cat-food,True,True,False,False,True,False,False,False,3,310,3,,,,,,,,,,,,,,1.0
Brand,Links,Below inlink target,https://www.chewy.com/brands/chewy-made-pate-cat-food-4285686,True,"Increase internal links from relevant navigation, PLPs, PDPs, or editorial surfaces.",3,Chewy Made™ Pate Cat Food | Chewy Exclusive Brand,49,"Shop Pate Cat Food from Chewy Made™, a Chewy Exclusive Brand. Discover beef, chicken, turkey, tuna, salmon and whitefish recipes. Free shipping on orders $49+!",159,,Chewy Made Pate Cat Food,1,chewy-made-pate-cat-food,True,True,False,False,True,False,False,False,3,318,3,,,,,,,,,,,,,,1.0
Brand,Links,Below inlink target,https://www.chewy.com/brands/blue-tastefuls-13960,True,"Increase internal links from relevant navigation, PLPs, PDPs, or editorial surfaces.",6,Blue Buffalo Tastefuls - Wet & Dry Cat Food | Chewy,51,"Discover Blue Buffalo Tastefuls cat food at Chewy, available in dry and wet recipes, for all life stages from kitten to adult and senior. Free shipping on orders $49+!",167,blue buffalo tastefuls,Blue Buffalo Tastefuls Cat Food,1,blue-tastefuls,True,True,False,False,True,False,False,True,6,342,3,good,1464.0,needs,0.1,,,3,3,5.33,3,0,0,0,6.0
Brand,Links,Below inlink target,https://www.chewy.com/brands/blue-buffalo-wilderness-10517,True,"Increase internal links from relevant navigation, PLPs, PDPs, or editorial surfaces.",5,Blue Buffalo Wilderness Cat Food - Free Shipping | Chewy,56,Discover Blue Buffalo cat food at Chewy. Available in dry and wet recipes for all life stages from kitten to adult and senior cats.,131,chewy blue buffalo cat food,Blue Buffalo Wilderness Cat Food,1,blue-buffalo-wilderness,True,True,False,False,True,False,False,True,5,341,3,,,,,,,2,2,4.0,2,0,0,0,5.0
Brand,Links,Below inlink target,https://www.chewy.com/brands/blue-buffalo-true-solutions-10516,True,"Increase internal links from relevant navigation, PLPs, PDPs, or editorial surfaces.",5,Blue Buffalo True Solutions Cat Food - Free shipping | Chewy,60,Shop Chewy for low prices and the best Blue Buffalo True Solutions! We carry a large selection and the top brands like American Journey and more. Find everything you need in one place. FREE shipping on orders $49+ and the BEST customer service!,244,blue buffalo true solutions for cats,Blue Buffalo True Solutions Cat Food,1,blue-buffalo-true-solutions,True,True,False,False,True,False,False,True,5,316,3,,,,,,,1,1,7.0,1,0,0,0,1.0
Brand,Links,Below inlink target,https://www.chewy.com/brands/blue-buffalo-basics-10519,True,"Increase internal links from relevant navigation, PLPs, PDPs, or editorial surfaces.",5,Blue Buffalo Basics Cat Food - Free Shipping | Chewy,52,"Discover BLUE Basics cat food at Chewy, offered in wet and dry recipes, treats and more. Shop now for low prices and free shipping on orders $49+!",146,,Blue Basics Cat Food,1,blue-buffalo-basics,True,True,False,False,True,False,False,True,5,311,3,,,,,,,,,,,,,,1.0
Brand,Links,Below inlink target,https://www.chewy.com/brands/blue-buffalo-dry-cat-food-158470,True,"Increase internal links from relevant navigation, PLPs, PDPs, or editorial surfaces.",5,Blue Buffalo Dry Cat Food - Free shipping | Chewy,49,Shop Chewy for low prices and the best Blue Buffalo Dry Cat Food! We carry a large selection and the top brands like American Journey and more. Find everything you need in one place. FREE shipping on orders $49+ and the BEST customer service!,242,chewy blue buffalo cat food,Blue Buffalo Dry Cat Food,1,blue-buffalo-dry-cat-food,True,True,False,False,True,False,False,False,5,341,3,,,,,,,2,2,15.5,0,2,0,0,2.0
Brand,Links,Below inlink target,https://www.chewy.com/brands/blue-buffalo-wet-cat-food-158478,True,"Increase internal links from relevant navigation, PLPs, PDPs, or editorial surfaces.",7,Blue Buffalo Wet Cat Food - Free shipping | Chewy,49,Shop Chewy for low prices and the best Blue Buffalo Wet Cat Food! We carry a large selection and the top brands like American Journey and more. Find everything you need in one place. FREE shipping on orders $49+ and the BEST customer service!,242,blue buffalo wet cat food,Blue Buffalo Wet Cat Food,1,blue-buffalo-wet-cat-food,True,True,False,False,True,False,False,False,7,343,3,good,1429.0,needs,0.1,,,3,3,13.0,0,3,0,0,4.0
Brand,Links,Below inlink target,https://www.chewy.com/brands/blue-buffalo-cat-treats-158486,True,"Increase internal links from relevant navigation, PLPs, PDPs, or editorial surfaces.",5,"Blue Buffalo Cat Treats - Free Shipping, Low Prices | Chewy",59,"Shop Blue Buffalo Cat Treats at Chewy, offered in soft, crunchy, and dual-texture varieties and made with real meat first.",122,blue buffalo soft cat treats,Blue Buffalo Cat Treats,1,blue-buffalo-cat-treats,True,True,False,False,True,False,False,True,5,337,3,,,,,,,2,2,4.0,1,0,0,1,1.0
Brand,Links,Below inlink target,https://www.chewy.com/brands/blue-buffalo-freedom-10523,True,"Increase internal links from relevant navigation, PLPs, PDPs, or editorial surfaces.",5,Blue Buffalo Freedom Cat Food - Free Shipping | Chewy,53,"Discover Blue Buffalo Freedom cat food recipes at Chewy, available for all life stages from kitten to adult and senior. Shop now!",129,,Blue Buffalo Freedom Cat Food,1,blue-buffalo-freedom,True,True,False,False,True,False,False,True,5,316,3,,,,,,,,,,,,,,1.0
Brand,Links,Below inlink target,https://www.chewy.com/brands/baby-blue-100718,True,"Increase internal links from relevant navigation, PLPs, PDPs, or editorial surfaces.",5,Shop by Cat - Free shipping | Chewy,35,Shop Chewy for low prices and the best Baby Blue! We carry a large selection and the top brands like American Journey and more. Find everything you need in one place. FREE shipping on orders $49+ and the BEST customer service!,226,,Shop by Cat,1,baby-blue,True,True,False,False,True,False,False,False,5,319,3,,,,,,,,,,,,,,1.0
Brand,Links,Below inlink target,https://www.chewy.com/brands/performance-3955150,True,"Increase internal links from relevant navigation, PLPs, PDPs, or editorial surfaces.",2,Tidy Cats Performance+ Cat Litter - Free shipping | Chewy,57,Shop Chewy for low prices and the best Performance+ products! We carry a large selection and the top brands like American Journey and more. Find everything you need in one place. FREE shipping on orders $49+ and the BEST customer service!,238,,Tidy Cats Performance+ Cat Litter,1,performance,True,True,False,False,True,False,False,False,2,309,3,,,,,,,,,,,,,,1.0
Brand,Links,Below inlink target,https://www.chewy.com/brands/clumping-7462,True,"Increase internal links from relevant navigation, PLPs, PDPs, or editorial surfaces.",2,Tidy Cats Clumping Cat Litter - Free shipping | Chewy,53,Shop Chewy for low prices and the best Clumping products! We carry a large selection and the top brands like Tidy Cats and more. Find everything you need in one place. FREE shipping on orders $49+ and the BEST customer service!,227,,Tidy Cats Clumping Cat Litter,1,clumping,True,True,False,False,True,False,False,False,2,322,3,,,,,,,,,,,,,,1.0
Brand,Links,Below inlink target,https://www.chewy.com/brands/lightweight-7461,True,"Increase internal links from relevant navigation, PLPs, PDPs, or editorial surfaces.",2,Tidy Cats Lightweight Cat Litter - Free shipping | Chewy,56,Shop Chewy for low prices and the best Lightweight products! We carry a large selection and the top brands like Tidy Cats and more. Find everything you need in one place. FREE shipping on orders $49+ and the BEST customer service!,230,tidy cats lightweight cat litter,Tidy Cats Lightweight Cat Litter,1,lightweight,True,True,False,False,True,False,False,True,2,312,3,good,1208.0,needs,0.1,,,1,1,20.0,0,1,0,0,2.0
Brand,Links,Below inlink target,https://www.chewy.com/brands/breeze-7460,True,"Increase internal links from relevant navigation, PLPs, PDPs, or editorial surfaces.",3,Tidy Cats Breeze Litter for Cats - Free shipping | Chewy,56,Shop Chewy for low prices and the best Breeze products! We carry a large selection and the top brands like Tidy Cats and more. Find everything you need in one place. FREE shipping on orders $49+ and the BEST customer service!,225,,Tidy Cats Breeze Litter for Cats,1,breeze,True,True,False,False,True,False,False,True,3,316,3,good,1481.0,good,0.04,,,,,,,,,,2.0
Brand,Links,Below inlink target,https://www.chewy.com/brands/scented-8114,True,"Increase internal links from relevant navigation, PLPs, PDPs, or editorial surfaces.",2,Tidy Cats Scented Litter for Cats - Free shipping | Chewy,57,Shop Chewy for low prices and the best Scented products! We carry a large selection and the top brands like Tidy Cats and more. Find everything you need in one place. FREE shipping on orders $49+ and the BEST customer service!,226,,Tidy Cats Scented Litter for Cats,1,scented,True,True,False,False,True,False,False,False,2,322,3,,,,,,,,,,,,,,
Brand,Links,Below inlink target,https://www.chewy.com/brands/unscented-8113,True,"Increase internal links from relevant navigation, PLPs, PDPs, or editorial surfaces.",2,Tidy Cats Unscented Cat Litter - Free shipping | Chewy,54,Shop Chewy for low prices and the best Unscented products! We carry a large selection and the top brands like Tidy Cats and more. Find everything you need in one place. FREE shipping on orders $49+ and the BEST customer service!,228,,Tidy Cats Unscented Cat Litter,1,unscented,True,True,False,False,True,False,False,False,2,312,3,,,,,,,,,,,,,,1.0
Brand,Links,Below inlink target,https://www.chewy.com/brands/tidy-cats-7459,True,"Increase internal links from relevant navigation, PLPs, PDPs, or editorial surfaces.",1,Tidy Cats: Cat Litter (Free Shipping) | Chewy,45,Shop Chewy for low prices and the best Tidy Cats! We carry a large selection and the top brands like American Journey and more. Find everything you need in one place. FREE shipping on orders $49+ and the BEST customer service!,226,tidy cats,Tidy Cats Cat Litter,1,tidy-cats,False,False,False,False,True,False,False,True,1,351,3,,,,,,,4,3,12.0,2,2,0,0,
Brand,Links,Below inlink target,https://www.chewy.com/brands/litter-box-systems-166278,True,"Increase internal links from relevant navigation, PLPs, PDPs, or editorial surfaces.",2,Tidy Cat Litter Box Systems - Free shipping | Chewy,51,Shop Chewy for low prices and the best Litter Box Systems! We carry a large selection and the top brands like American Journey and more. Find everything you need in one place. FREE shipping on orders $49+ and the BEST customer service!,235,,Tidy Cat Litter Box Systems,1,litter-box-systems,True,True,False,False,True,False,False,False,2,307,3,,,,,,,,,,,,,,1.0
Brand,Links,Below inlink target,https://www.chewy.com/brands/chewy-made-dog-dental-treats-4286062,True,"Increase internal links from relevant navigation, PLPs, PDPs, or editorial surfaces.",4,Chewy Made™ Dog Dental Treats | Chewy Exclusive Brand,53,"Shop Dental Dog Treats from Chewy Made™, a Chewy Exclusive Brand. Discover Beef, Bacon, Peanut Butter and Mint flavored dental chews for dogs to support your pup's health, happiness and fresh breath!",199,chewy exclusive dog dental treats,Chewy Made Dog Dental Treats,1,chewy-made-dog-dental-treats,True,True,False,False,True,False,False,False,4,311,3,,,,,,,1,1,18.0,0,1,0,0,1.0
Brand,Links,Below inlink target,https://www.chewy.com/brands/chewy-made-limited-ingredient-diet-3844678,True,"Increase internal links from relevant navigation, PLPs, PDPs, or editorial surfaces.",4,Chewy Made Limited Ingredient Diet | Chewy Exclusive Brand,58,"Shop Limited Ingredient Dog Food from Chewy Made, a Chewy Exclusive Brand. Get a free $15 eGift card with your first $40 Chewy Made order today!",144,,Chewy Made Limited Ingredient Diet,1,chewy-made-limited-ingredient-diet,True,True,False,False,True,False,False,False,4,311,3,,,,,,,,,,,,,,1.0
Brand,Links,Below inlink target,https://www.chewy.com/brands/chewy-made-high-protein-grain-free-3844694,True,"Increase internal links from relevant navigation, PLPs, PDPs, or editorial surfaces.",4,Chewy Made™ High Protein Grain Free Dog Food | Chewy,52,"Shop High Protein, Grain Free Dog Food from Chewy Made™, a Chewy Exclusive Brand. Same great recipe you know and love, now with a new look. Free shipping on orders $49+!",169,,Chewy Made High Protein Grain Free,1,chewy-made-high-protein-grain-free,True,True,False,False,True,False,False,False,4,312,3,,,,,,,,,,,,,,1.0
Brand,Links,Below inlink target,https://www.chewy.com/brands/chewy-made-wet-dog-food-3434374,True,"Increase internal links from relevant navigation, PLPs, PDPs, or editorial surfaces.",4,Chewy Made Wet Dog Food | Chewy Exclusive Brand,47,"Shop Wet Dog Food from Chewy Made, a Chewy Exclusive Brand. From poultry & beef to chicken & vegetables, and more. Get a free $15 eGift Card on your first Chewy Made purchase!",175,chewy wet dog food,Chewy Made Wet Dog Food,1,chewy-made-wet-dog-food,True,True,False,False,True,False,False,False,4,324,3,,,,,,,1,1,,0,0,0,1,1.0
Brand,Links,Below inlink target,https://www.chewy.com/brands/arm-hammer-litter-6457,True,"Increase internal links from relevant navigation, PLPs, PDPs, or editorial surfaces.",1,Arm & Hammer Litter for Cats - Free shipping | Chewy,52,Shop Chewy for low prices and the best Arm & Hammer Litter! We carry a large selection and the top brands like American Journey and more. Find everything you need in one place. FREE shipping on orders $49+ and the BEST customer service!,236,arm and hammer multi-cat strength litter for cats,Arm & Hammer Litter for Cats Plant-based performance with lasting freshness,2,arm-hammer-litter,False,False,False,False,True,False,False,True,1,340,3,,,,,,,8,7,18.83,0,3,3,2,
Brand,Links,Below inlink target,https://www.chewy.com/brands/clump-seal-6458,True,"Increase internal links from relevant navigation, PLPs, PDPs, or editorial surfaces.",2,Arm & Hammer Clump & Seal Litter for Cats - Free shipping | Chewy,65,Shop Chewy for low prices and the best Clump & Seal! We carry a large selection and the top brands like Arm & Hammer Litter and more. Find everything you need in one place. FREE shipping on orders $49+ and the BEST customer service!,232,,Arm & Hammer Clump & Seal Litter for Cats,1,clump-seal,True,True,False,False,True,False,False,False,2,309,3,,,,,,,,,,,,,,1.0
Brand,Links,Below inlink target,https://www.chewy.com/brands/slide-6461,True,"Increase internal links from relevant navigation, PLPs, PDPs, or editorial surfaces.",2,Arm & Hammer Slide Litter for Cats - Free shipping | Chewy,58,Shop Chewy for low prices and the best Slide products! We carry a large selection and the top brands like Arm & Hammer Litter and more. Find everything you need in one place. FREE shipping on orders $49+ and the BEST customer service!,234,,Arm & Hammer Slide Litter for Cats,1,slide,True,True,False,False,True,False,False,False,2,309,3,,,,,,,,,,,,,,1.0
Brand,Links,Below inlink target,https://www.chewy.com/brands/multi-cat-strength-6462,True,"Increase internal links from relevant navigation, PLPs, PDPs, or editorial surfaces.",2,Arm & Hammer Multi-Cat Strength Litter for Cats - Free shipping | Chewy,71,Shop Chewy for low prices and the best Multi-Cat Strength! We carry a large selection and the top brands like Arm & Hammer Litter and more. Find everything you need in one place. FREE shipping on orders $49+ and the BEST customer service!,238,arm and hammer multi-cat strength litter for cats,Arm & Hammer Multi-Cat Strength Litter for Cats,1,multi-cat-strength,True,True,False,False,True,False,False,True,2,313,3,,,,,,,1,1,,0,0,0,1,1.0
Brand,Links,Below inlink target,https://www.chewy.com/brands/super-scoop-6463,True,"Increase internal links from relevant navigation, PLPs, PDPs, or editorial surfaces.",2,Arm & Hammer Super Scoop Litter for Cats - Free shipping | Chewy,64,Shop Chewy for low prices and the best Super Scoop! We carry a large selection and the top brands like Arm & Hammer Litter and more. Find everything you need in one place. FREE shipping on orders $49+ and the BEST customer service!,231,,Arm & Hammer Super Scoop Litter for Cats,1,super-scoop,True,True,False,False,True,False,False,False,2,306,3,,,,,,,,,,,,,,
Brand,Links,Below inlink target,https://www.chewy.com/brands/tylan-6727,True,"Increase internal links from relevant navigation, PLPs, PDPs, or editorial surfaces.",6,Tylan - Free shipping | Chewy,29,Shop Chewy for low prices and the best Tylan products! We carry a large selection and the top brands like Tylan and more. Find everything you need in one place. FREE shipping on orders $49+ and the BEST customer service!,220,,Tylan,1,tylan,True,True,False,False,True,False,False,False,6,305,3,,,,,,,,,,,,,,1.0
Brand,Links,Below inlink target,https://www.chewy.com/brands/prascend-15502,True,"Increase internal links from relevant navigation, PLPs, PDPs, or editorial surfaces.",7,Prascend - Free shipping | Chewy,32,Shop Chewy for low prices and the best Prascend products! We carry a large selection and the top brands like Prascend and more. Find everything you need in one place. FREE shipping on orders $49+ and the BEST customer service!,226,prascend,Prascend,1,prascend,True,True,False,False,True,False,False,False,7,305,3,,,,,,,1,1,21.0,0,0,1,0,1.0
Brand,Links,Below inlink target,https://www.chewy.com/brands/surolan-6725,True,"Increase internal links from relevant navigation, PLPs, PDPs, or editorial surfaces.",7,Surolan - Free shipping | Chewy,31,Shop Chewy for low prices and the best Surolan products! We carry a large selection and the top brands like Surolan and more. Find everything you need in one place. FREE shipping on orders $49+ and the BEST customer service!,224,,Surolan,1,surolan,True,True,False,False,True,False,False,False,7,305,3,,,,,,,,,,,,,,1.0
Brand,Links,Below inlink target,https://www.chewy.com/brands/buddeez-13654,True,"Increase internal links from relevant navigation, PLPs, PDPs, or editorial surfaces.",7,Buddeez - Free shipping | Chewy,31,Shop Chewy for low prices and the best Buddeez products! We carry a large selection and the top brands like Buddeez and more. Find everything you need in one place. FREE shipping on orders $49+ and the BEST customer service!,224,,Buddeez,1,buddeez,True,True,False,False,True,False,False,False,7,307,3,,,,,,,,,,,,,,1.0
Brand,Links,Below inlink target,https://www.chewy.com/brands/shop-by-dog-159030,True,"Increase internal links from relevant navigation, PLPs, PDPs, or editorial surfaces.",1,Shop Pet Honesty for Dogs - Free shipping | Chewy,49,Shop Chewy for low prices and the best Shop by Dog! We carry a large selection and the top brands like American Journey and more. Find everything you need in one place. FREE shipping on orders $49+ and the BEST customer service!,228,,Shop Pet Honesty for Dogs,1,shop-by-dog,False,False,False,False,True,False,False,False,1,341,3,,,,,,,,,,,,,,
Brand,Links,Below inlink target,https://www.chewy.com/brands/sileo-7800,True,"Increase internal links from relevant navigation, PLPs, PDPs, or editorial surfaces.",4,Sileo - Free shipping | Chewy,29,Shop Chewy for low prices and the best Sileo products! We carry a large selection and the top brands like Sileo and more. Find everything you need in one place. FREE shipping on orders $49+ and the BEST customer service!,220,,Sileo,1,sileo,True,True,False,False,True,False,False,False,4,305,3,,,,,,,,,,,,,,1.0
Brand,Links,Below inlink target,https://www.chewy.com/brands/gems-159598,True,"Increase internal links from relevant navigation, PLPs, PDPs, or editorial surfaces.",5,Fancy Feast Gems for Cats - Free shipping | Chewy,49,Shop Chewy for low prices and the best Gems products! We carry a large selection and the top brands like American Journey and more. Find everything you need in one place. FREE shipping on orders $49+ and the BEST customer service!,230,,Fancy Feast Gems for Cats,1,gems,True,True,False,False,True,False,False,False,5,315,3,,,,,,,,,,,,,,4.0
Brand,Links,Below inlink target,https://www.chewy.com/brands/savory-centers-10766,True,"Increase internal links from relevant navigation, PLPs, PDPs, or editorial surfaces.",5,Feast Savory Centers - Free shipping | Chewy,44,Shop Chewy for low prices and the best Savory Centers! We carry a large selection and the top brands like American Journey and more. Find everything you need in one place. FREE shipping on orders $49+ and the BEST customer service!,231,feast savory centers,Feast Savory Centers,1,savory-centers,True,True,False,False,True,False,False,False,5,311,3,,,,,,,1,1,15.0,0,1,0,0,1.0
Brand,Links,Below inlink target,https://www.chewy.com/brands/elegant-medleys-7356,True,"Increase internal links from relevant navigation, PLPs, PDPs, or editorial surfaces.",5,Fancy Feast Elegant Medleys Cat Food - Free shipping | Chewy,60,Shop Chewy for low prices and the best Elegant Medleys! We carry a large selection and the top brands like American Journey and more. Find everything you need in one place. FREE shipping on orders $49+ and the BEST customer service!,232,medleys fancy feast,Fancy Feast Elegant Medleys Cat Food,1,elegant-medleys,True,True,False,False,True,False,False,True,5,335,3,good,1334.0,needs,0.115,,,3,3,5.0,3,0,0,0,4.0
Brand,Links,Below inlink target,https://www.chewy.com/brands/pate-cat-food-7350,True,"Increase internal links from relevant navigation, PLPs, PDPs, or editorial surfaces.",5,Fancy Feast Pate Cat Food - Free Shipping | Chewy,49,"Discover Fancy Feast Pate Wet Cat Food at Chewy. We offer the best selection at low prices, with free shipping on orders $49+!",126,purina fancy feast pate cat food,Fancy Feast Pate Cat Food,1,pate-cat-food,True,True,False,False,True,False,False,True,5,342,3,good,1593.0,poor,0.265,,,2,2,7.0,2,0,0,0,5.0
Brand,Links,Below inlink target,https://www.chewy.com/brands/gourmet-naturals-7358,True,"Increase internal links from relevant navigation, PLPs, PDPs, or editorial surfaces.",5,Fancy Feast Gourmet Naturals - Free shipping | Chewy,52,Shop Chewy for low prices and the best Gourmet Naturals! We carry a large selection and the top brands like American Journey and more. Find everything you need in one place. FREE shipping on orders $49+ and the BEST customer service!,233,,Fancy Feast Gourmet Naturals,1,gourmet-naturals,True,True,False,False,True,False,False,False,5,323,3,,,,,,,,,,,,,,4.0
Brand,Links,Below inlink target,https://www.chewy.com/brands/dry-cat-food-13864,True,"Increase internal links from relevant navigation, PLPs, PDPs, or editorial surfaces.",5,Fancy Feast Dry Cat Food - Free Shipping | Chewy,48,"Discover Fancy Feast Dry Cat Food at Chewy, with grain-free, chicken-free, and high protein options. Free shipping on orders $49+!",130,fancy feast dry cat food,Fancy Feast Dry Cat Food,1,dry-cat-food,True,True,False,False,True,False,False,True,5,310,3,,,,,,,3,3,16.67,0,3,0,0,4.0
Brand,Links,Below inlink target,https://www.chewy.com/brands/fancy-feast-petites-158046,True,"Increase internal links from relevant navigation, PLPs, PDPs, or editorial surfaces.",5,Shop Fancy Feast Petites for Cats - Free shipping | Chewy,57,Shop Chewy for low prices and the best Fancy Feast Petites! We carry a large selection and the top brands like American Journey and more. Find everything you need in one place. FREE shipping on orders $49+ and the BEST customer service!,236,,Shop Fancy Feast Petites for Cats,1,fancy-feast-petites,True,False,False,False,True,False,False,False,5,309,3,,,,,,,,,,,,,,2.0
Brand,Links,Below inlink target,https://www.chewy.com/brands/appetizers-7348,True,"Increase internal links from relevant navigation, PLPs, PDPs, or editorial surfaces.",5,Purina Fancy Feast Appetizers - Free shipping | Chewy,53,Shop Chewy for low prices and the best Appetizers products! We carry a large selection and the top brands like American Journey and more. Find everything you need in one place. FREE shipping on orders $49+ and the BEST customer service!,236,purina fancy feast appetizers,Purina Fancy Feast Appetizers,1,appetizers,True,True,False,False,True,False,False,False,5,316,3,,,,,,,2,2,14.0,0,1,0,1,2.0
Brand,Links,Below inlink target,https://www.chewy.com/brands/tiny-tiger-7630,True,"Increase internal links from relevant navigation, PLPs, PDPs, or editorial surfaces.",1,Tiny Tiger: Cat Food – Free Shipping (35% Off Your First Autoship Order),72,Shop Chewy for low prices and the best Tiny Tiger! We carry a large selection and the top brands like American Journey and more. Find everything you need in one place. FREE shipping on orders $49+ and the BEST customer service!,227,tiny tiger,Tiny Tiger There's a lot to love about Tiny Tiger Wildly delicious Complete & balanced Irresistible prices,5,tiny-tiger,False,False,False,False,True,False,False,True,1,346,3,,,,,,,9,9,3.88,7,1,0,1,
Brand,Links,Below inlink target,https://www.chewy.com/brands/dry-food-140886,True,"Increase internal links from relevant navigation, PLPs, PDPs, or editorial surfaces.",2,Dry Food - Free shipping | Chewy,32,Shop Chewy for low prices and the best Dry Food! We carry a large selection and the top brands like American Journey and more. Find everything you need in one place. FREE shipping on orders $49+ and the BEST customer service!,225,,Dry Food,1,dry-food,True,True,False,False,True,False,False,False,2,306,3,,,,,,,,,,,,,,1.0
Brand,Links,Below inlink target,https://www.chewy.com/brands/treats-7920,True,"Increase internal links from relevant navigation, PLPs, PDPs, or editorial surfaces.",2,Tiny Tiger Treats - Free shipping | Chewy,41,Shop Chewy for low prices and the best Treats products! We carry a large selection and the top brands like American Journey and more. Find everything you need in one place. FREE shipping on orders $49+ and the BEST customer service!,232,,Tiny Tiger Treats,1,treats,True,True,False,False,True,False,False,False,2,312,3,,,,,,,,,,,,,,1.0
Brand,Links,Below inlink target,https://www.chewy.com/brands/pate-7919,True,"Increase internal links from relevant navigation, PLPs, PDPs, or editorial surfaces.",2,Tiny Tiger Pate - Free shipping | Chewy,39,Shop Chewy for low prices and the best Pate products! We carry a large selection and the top brands like American Journey and more. Find everything you need in one place. FREE shipping on orders $49+ and the BEST customer service!,230,,Tiny Tiger Pate,1,pate,True,True,False,False,True,False,False,False,2,312,3,,,,,,,,,,,,,,3.0
Brand,Links,Below inlink target,https://www.chewy.com/brands/chunks-in-extra-gravy-7917,True,"Increase internal links from relevant navigation, PLPs, PDPs, or editorial surfaces.",2,Tiny Tiger Chunks in Extra Gravy - Free shipping | Chewy,56,Shop Chewy for low prices and the best Chunks In Extra Gravy! We carry a large selection and the top brands like American Journey and more. Find everything you need in one place. FREE shipping on orders $49+ and the BEST customer service!,238,,Tiny Tiger Chunks in Extra Gravy,1,chunks-in-extra-gravy,True,True,False,False,True,False,False,False,2,313,3,,,,,,,,,,,,,,1.0
Brand,Links,Below inlink target,https://www.chewy.com/brands/chunks-in-gravy-7918,True,"Increase internal links from relevant navigation, PLPs, PDPs, or editorial surfaces.",2,Tiny Tiger Chunks in Gravy - Free shipping | Chewy,50,Shop Chewy for low prices and the best Chunks In Gravy! We carry a large selection and the top brands like American Journey and more. Find everything you need in one place. FREE shipping on orders $49+ and the BEST customer service!,232,tiny tiger chunks in gravy,Tiny Tiger Chunks in Gravy,1,chunks-in-gravy,True,True,False,False,True,False,False,False,2,312,3,,,,,,,1,1,1.0,1,0,0,0,1.0
Brand,Links,Below inlink target,https://www.chewy.com/brands/ipet-109950,True,"Increase internal links from relevant navigation, PLPs, PDPs, or editorial surfaces.",6,iPet - Free shipping | Chewy,28,Shop Chewy for low prices and the best iPet products! We carry a large selection and the top brands like iPet and more. Find everything you need in one place. FREE shipping on orders $49+ and the BEST customer service!,218,,iPet,1,ipet,True,True,False,False,True,False,False,True,6,307,3,,,,,,,,,,,,,,1.0
Brand,Links,Below inlink target,https://www.chewy.com/brands/advanced-oral-care-7156,True,"Increase internal links from relevant navigation, PLPs, PDPs, or editorial surfaces.",2,Nylabone Advanced Oral Care - Free shipping | Chewy,51,Shop Chewy for low prices and the best Advanced Oral Care! We carry a large selection and the top brands like American Journey and more. Find everything you need in one place. FREE shipping on orders $49+ and the BEST customer service!,235,,Nylabone Advanced Oral Care,1,advanced-oral-care,True,True,False,False,True,False,False,False,2,326,3,,,,,,,,,,,,,,1.0
Brand,Links,Below inlink target,https://www.chewy.com/brands/alfie-pet-8191,True,"Increase internal links from relevant navigation, PLPs, PDPs, or editorial surfaces.",3,Alfie Pet - Free shipping | Chewy,33,Shop Chewy for low prices and the best Alfie Pet! We carry a large selection and the top brands like Alfie Pet and more. Find everything you need in one place. FREE shipping on orders $49+ and the BEST customer service!,219,alfie pet,Alfie Pet,1,alfie-pet,True,True,False,False,True,False,False,False,3,305,3,,,,,,,1,1,3.0,1,0,0,0,1.0
Brand,Links,Below inlink target,https://www.chewy.com/brands/allerpet-6415,True,"Increase internal links from relevant navigation, PLPs, PDPs, or editorial surfaces.",4,Allerpet - Free shipping | Chewy,32,Shop Chewy for low prices and the best Allerpet products! We carry a large selection and the top brands like Allerpet and more. Find everything you need in one place. FREE shipping on orders $49+ and the BEST customer service!,226,,Allerpet,1,allerpet,True,True,False,False,True,False,False,False,4,306,3,,,,,,,,,,,,,,2.0
Brand,Links,Below inlink target,https://www.chewy.com/brands/amoxi-drops-7784,True,"Increase internal links from relevant navigation, PLPs, PDPs, or editorial surfaces.",4,Amoxi-Drops - Free shipping | Chewy,35,Shop Chewy for low prices and the best Amoxi-Drops products! We carry a large selection and the top brands like Amoxi-Drops and more. Find everything you need in one place. FREE shipping on orders $49+ and the BEST customer service!,232,,Amoxi-Drops,1,amoxi-drops,True,True,False,False,True,False,False,False,4,305,3,,,,,,,,,,,,,,1.0
Brand,Links,Below inlink target,https://www.chewy.com/brands/ani-mate-6436,True,"Increase internal links from relevant navigation, PLPs, PDPs, or editorial surfaces.",4,Ani Mate - Free shipping | Chewy,32,"Shop Chewy for low prices and the best Ani Mate! We carry a large selection and the top brands like Cat Mate, Dog Mate, and more. Find everything you need in one place. FREE shipping on orders $49+ and the BEST customer service!",228,,Ani Mate,1,ani-mate,True,True,False,False,True,False,False,False,4,343,3,,,,,,,,,,,,,,1.0
Brand,Links,Below inlink target,https://www.chewy.com/brands/animal-nutritional-products-6442,True,"Increase internal links from relevant navigation, PLPs, PDPs, or editorial surfaces.",5,Animal Nutritional Products - Free shipping | Chewy,51,Shop Chewy for low prices and the best Animal Nutritional Products! We carry a large selection and the top brands like Animal Nutritional Products and more. Find everything you need in one place. FREE shipping on orders $49+ and the BEST customer service!,255,animal nutritional products,Animal Nutritional Products,1,animal-nutritional-products,True,True,False,False,True,False,False,False,5,307,3,,,,,,,1,1,9.0,1,0,0,0,1.0
Brand,Links,Below inlink target,https://www.chewy.com/brands/animax-6658,True,"Increase internal links from relevant navigation, PLPs, PDPs, or editorial surfaces.",5,Animax - Free shipping | Chewy,30,Shop Chewy for low prices and the best Animax products! We carry a large selection and the top brands like Animax and more. Find everything you need in one place. FREE shipping on orders $49+ and the BEST customer service!,222,,Animax,1,animax,True,True,False,False,True,False,False,False,5,305,3,,,,,,,,,,,,,,1.0
Brand,Links,Below inlink target,https://www.chewy.com/brands/anthelcide-eq-114006,True,"Increase internal links from relevant navigation, PLPs, PDPs, or editorial surfaces.",3,Anthelcide EQ - Free shipping | Chewy,37,Shop Chewy for low prices and the best Anthelcide EQ! We carry a large selection and the top brands like Anthelcide EQ and more. Find everything you need in one place. FREE shipping on orders $49+ and the BEST customer service!,227,,Anthelcide EQ,1,anthelcide-eq,True,True,False,False,True,False,False,False,3,305,3,,,,,,,,,,,,,,1.0
Brand,Links,Below inlink target,https://www.chewy.com/brands/babyliss-pro-pet-14123,True,"Increase internal links from relevant navigation, PLPs, PDPs, or editorial surfaces.",2,Babyliss Pro Pet - Free shipping | Chewy,40,Shop Chewy for low prices and the best Babyliss Pro Pet! We carry a large selection and the top brands like Babyliss Pro Pet and more. Find everything you need in one place. FREE shipping on orders $49+ and the BEST customer service!,233,,Babyliss Pro Pet,1,babyliss-pro-pet,True,True,False,False,True,False,False,False,2,304,3,,,,,,,,,,,,,,
Brand,Links,Below inlink target,https://www.chewy.com/brands/bags-on-board-13170,True,"Increase internal links from relevant navigation, PLPs, PDPs, or editorial surfaces.",7,Bags on Board - Free shipping | Chewy,37,Shop Chewy for low prices and the best Bags on Board! We carry a large selection and the top brands like Bags on Board and more. Find everything you need in one place. FREE shipping on orders $49+ and the BEST customer service!,227,bags on board,Bags on Board,1,bags-on-board,True,True,False,False,True,False,False,False,7,307,3,,,,,,,2,1,,0,0,0,2,1.0
Brand,Links,Below inlink target,https://www.chewy.com/brands/buddy-belts-6570,True,"Increase internal links from relevant navigation, PLPs, PDPs, or editorial surfaces.",2,Buddy Belts - Free shipping | Chewy,35,Shop Chewy for low prices and the best Buddy Belts! We carry a large selection and the top brands like Buddy Belts and more. Find everything you need in one place. FREE shipping on orders $49+ and the BEST customer service!,223,buddy belts,Buddy Belts,1,buddy-belts,True,True,False,False,True,False,False,False,2,305,3,,,,,,,2,1,15.5,0,2,0,0,1.0
Brand,Links,Below inlink target,https://www.chewy.com/brands/bully-sticks-6574,True,"Increase internal links from relevant navigation, PLPs, PDPs, or editorial surfaces.",4,Bully Sticks - Free shipping | Chewy,36,Shop Chewy for low prices and the best Bully Sticks! We carry a large selection and the top brands like Bully Sticks and more. Find everything you need in one place. FREE shipping on orders $49+ and the BEST customer service!,225,,Bully Sticks,1,bully-sticks,True,True,False,False,True,False,False,False,4,306,3,,,,,,,,,,,,,,1.0
Brand,Links,Below inlink target,https://www.chewy.com/brands/busy-buddy-7278,True,"Increase internal links from relevant navigation, PLPs, PDPs, or editorial surfaces.",1,PetSafe Busy Buddy - Free shipping | Chewy,42,Shop Chewy for low prices and the best Busy Buddy! We carry a large selection and the top brands like PetSafe and more. Find everything you need in one place. FREE shipping on orders $49+ and the BEST customer service!,218,petsafe busy buddy,PetSafe Busy Buddy,1,busy-buddy,True,True,False,False,True,False,False,False,1,326,3,,,,,,,1,1,7.0,1,0,0,0,4.0
Brand,Links,Below inlink target,https://www.chewy.com/brands/cat-lax-6659,True,"Increase internal links from relevant navigation, PLPs, PDPs, or editorial surfaces.",4,Cat Lax - Free shipping | Chewy,31,"Shop Chewy for low prices and the best Cat Lax! We carry a large selection and the top brands like Cat Lax, Temptations, and more. Find everything you need in one place. FREE shipping on orders $49+ and the BEST customer service!",229,,Cat Lax,1,cat-lax,True,True,False,False,True,False,False,False,4,306,3,,,,,,,,,,,,,,1.0
Brand,Links,Below inlink target,https://www.chewy.com/brands/cats-meow-6652,True,"Increase internal links from relevant navigation, PLPs, PDPs, or editorial surfaces.",4,Dave's Pet Food Cat's Meow - Free shipping | Chewy,50,Shop Chewy for low prices and the best Cat's Meow! We carry a large selection and the top brands like Dave's Pet Food and more. Find everything you need in one place. FREE shipping on orders $49+ and the BEST customer service!,226,dave's pet food cat's meow,Dave's Pet Food Cat's Meow,1,cats-meow,True,True,False,False,True,False,False,False,4,305,3,,,,,,,1,1,10.0,1,0,0,0,1.0
Brand,Links,Below inlink target,https://www.chewy.com/brands/catego-6611,True,"Increase internal links from relevant navigation, PLPs, PDPs, or editorial surfaces.",6,Catego - Free shipping | Chewy,30,Shop Chewy for low prices and the best Catego products! We carry a large selection and the top brands like Catego and more. Find everything you need in one place. FREE shipping on orders $49+ and the BEST customer service!,222,,Catego,1,catego,True,True,False,False,True,False,False,False,6,305,3,,,,,,,,,,,,,,1.0
Brand,Links,Below inlink target,https://www.chewy.com/brands/cestex-7791,True,"Increase internal links from relevant navigation, PLPs, PDPs, or editorial surfaces.",6,Cestex - Free shipping | Chewy,30,Shop Chewy for low prices and the best Cestex products! We carry a large selection and the top brands like Cestex and more. Find everything you need in one place. FREE shipping on orders $49+ and the BEST customer service!,222,,Cestex,1,cestex,True,True,False,False,True,False,False,False,6,305,3,,,,,,,,,,,,,,1.0
Brand,Links,Below inlink target,https://www.chewy.com/brands/chloraseb-15726,True,"Increase internal links from relevant navigation, PLPs, PDPs, or editorial surfaces.",7,ChloraSeb - Free shipping | Chewy,33,Shop Chewy for low prices and the best ChloraSeb products! We carry a large selection and the top brands like ChloraSeb and more. Find everything you need in one place. FREE shipping on orders $49+ and the BEST customer service!,228,chloraseb,ChloraSeb,1,chloraseb,True,True,False,False,True,False,False,False,7,308,3,,,,,,,1,1,1.0,1,0,0,0,1.0
Brand,Links,Below inlink target,https://www.chewy.com/brands/chondro-flex-107126,True,"Increase internal links from relevant navigation, PLPs, PDPs, or editorial surfaces.",6,Chondro-FLEX - Free shipping | Chewy,36,Shop Chewy for low prices and the best Chondro-FLEX products! We carry a large selection and the top brands like Chondro-FLEX and more. Find everything you need in one place. FREE shipping on orders $49+ and the BEST customer service!,234,,Chondro-FLEX,1,chondro-flex,True,True,False,False,True,False,False,False,6,306,3,,,,,,,,,,,,,,1.0
Brand,Links,Below inlink target,https://www.chewy.com/brands/clovite-114014,True,"Increase internal links from relevant navigation, PLPs, PDPs, or editorial surfaces.",4,Clovite - Free shipping | Chewy,31,Shop Chewy for low prices and the best Clovite products! We carry a large selection and the top brands like Clovite and more. Find everything you need in one place. FREE shipping on orders $49+ and the BEST customer service!,224,,Clovite,1,clovite,True,True,False,False,True,False,False,False,4,305,3,,,,,,,,,,,,,,1.0
Brand,Links,Below inlink target,https://www.chewy.com/brands/contone-107134,True,"Increase internal links from relevant navigation, PLPs, PDPs, or editorial surfaces.",4,Contone - Free shipping | Chewy,31,Shop Chewy for low prices and the best Contone products! We carry a large selection and the top brands like Contone and more. Find everything you need in one place. FREE shipping on orders $49+ and the BEST customer service!,224,,Contone,1,contone,True,True,False,False,True,False,False,False,4,305,3,,,,,,,,,,,,,,1.0
Brand,Links,Below inlink target,https://www.chewy.com/brands/denestra-107142,True,"Increase internal links from relevant navigation, PLPs, PDPs, or editorial surfaces.",5,Denestra - Free shipping | Chewy,32,Shop Chewy for low prices and the best Denestra products! We carry a large selection and the top brands like Denestra and more. Find everything you need in one place. FREE shipping on orders $49+ and the BEST customer service!,226,denestra,Denestra,1,denestra,True,True,False,False,True,False,False,False,5,306,3,,,,,,,1,1,5.0,1,0,0,0,1.0
Brand,Links,Below inlink target,https://www.chewy.com/brands/derm-tabs-107150,True,"Increase internal links from relevant navigation, PLPs, PDPs, or editorial surfaces.",5,Derm-Tabs - Free shipping | Chewy,33,Shop Chewy for low prices and the best Derm-Tabs products! We carry a large selection and the top brands like Derm-Tabs and more. Find everything you need in one place. FREE shipping on orders $49+ and the BEST customer service!,228,derm-tabs,Derm-Tabs,1,derm-tabs,True,True,False,False,True,False,False,False,5,306,3,,,,,,,1,1,,0,0,0,1,1.0
Brand,Links,Below inlink target,https://www.chewy.com/brands/dermabenss-6660,True,"Increase internal links from relevant navigation, PLPs, PDPs, or editorial surfaces.",4,DermaBenSs - Free shipping | Chewy,34,Shop Chewy for low prices and the best DermaBenSs products! We carry a large selection and the top brands like DermaBenSs and more. Find everything you need in one place. FREE shipping on orders $49+ and the BEST customer service!,230,,DermaBenSs,1,dermabenss,True,True,False,False,True,False,False,False,4,305,3,,,,,,,,,,,,,,
Brand,Links,Below inlink target,https://www.chewy.com/brands/dermapaw-6672,True,"Increase internal links from relevant navigation, PLPs, PDPs, or editorial surfaces.",3,Dermapaw - Free shipping | Chewy,32,Shop Chewy for low prices and the best Dermapaw products! We carry a large selection and the top brands like Dermapaw and more. Find everything you need in one place. FREE shipping on orders $49+ and the BEST customer service!,226,dermapaw,Dermapaw,1,dermapaw,True,True,False,False,True,False,False,False,3,304,3,,,,,,,1,1,3.0,1,0,0,0,1.0
Brand,Links,Below inlink target,https://www.chewy.com/brands/diatomaceousearth-6677,True,"Increase internal links from relevant navigation, PLPs, PDPs, or editorial surfaces.",4,DiatomaceousEarth - Free shipping | Chewy,41,Shop Chewy for low prices and the best DiatomaceousEarth products! We carry a large selection and the top brands like DiatomaceousEarth and more. Find everything you need in one place. FREE shipping on orders $49+ and the BEST customer service!,244,diatomaceousearth,DiatomaceousEarth,1,diatomaceousearth,True,True,False,False,True,False,False,False,4,304,3,,,,,,,1,1,20.0,0,1,0,0,4.0
Brand,Links,Below inlink target,https://www.chewy.com/brands/dna-my-dog-139318,True,"Increase internal links from relevant navigation, PLPs, PDPs, or editorial surfaces.",5,DNA My Dog Test Kits - Free shipping | Chewy,44,Shop Chewy for low prices and the best DNA My Dog! We carry a large selection and the top brands like DNA My Dog and more. Find everything you need in one place. FREE shipping on orders $49+ and the BEST customer service!,221,chewy dog dna test,DNA My Dog,1,dna-my-dog,True,True,False,False,True,False,False,True,5,307,3,,,,,,,1,1,,0,0,0,1,1.0
Brand,Links,Below inlink target,https://www.chewy.com/brands/dr-mercola-8776,True,"Increase internal links from relevant navigation, PLPs, PDPs, or editorial surfaces.",2,Dr. Mercola - Free shipping | Chewy,35,Shop Chewy for low prices and the best Dr. Mercola! We carry a large selection and the top brands like Dr. Mercola and more. Find everything you need in one place. FREE shipping on orders $49+ and the BEST customer service!,223,,Dr. Mercola,1,dr-mercola,True,True,False,False,True,False,False,False,2,304,3,,,,,,,,,,,,,,1.0
Brand,Links,Below inlink target,https://www.chewy.com/brands/drinkwell-7279,True,"Increase internal links from relevant navigation, PLPs, PDPs, or editorial surfaces.",1,Drinkwell - Free shipping | Chewy,33,Shop Chewy for low prices and the best Drinkwell products! We carry a large selection and the top brands like PetSafe and more. Find everything you need in one place. FREE shipping on orders $49+ and the BEST customer service!,226,drinkwell,Drinkwell,1,drinkwell,True,True,False,False,True,False,False,True,1,339,3,,,,,,,1,1,15.0,0,1,0,0,2.0
Brand,Links,Below inlink target,https://www.chewy.com/brands/dyne-15712,True,"Increase internal links from relevant navigation, PLPs, PDPs, or editorial surfaces.",2,PetAg Dyne - Free shipping | Chewy,34,Shop Chewy for low prices and the best Dyne products! We carry a large selection and the top brands like American Journey and more. Find everything you need in one place. FREE shipping on orders $49+ and the BEST customer service!,230,petag dyne,PetAg Dyne,1,dyne,True,True,False,False,True,False,False,False,2,310,3,,,,,,,1,1,13.0,0,1,0,0,1.0
Brand,Links,Below inlink target,https://www.chewy.com/brands/eicosaderm-6662,True,"Increase internal links from relevant navigation, PLPs, PDPs, or editorial surfaces.",4,EicosaDerm - Free shipping | Chewy,34,Shop Chewy for low prices and the best EicosaDerm products! We carry a large selection and the top brands like EicosaDerm and more. Find everything you need in one place. FREE shipping on orders $49+ and the BEST customer service!,230,,EicosaDerm,1,eicosaderm,True,True,False,False,True,False,False,False,4,305,3,,,,,,,,,,,,,,1.0
Brand,Links,Below inlink target,https://www.chewy.com/brands/endosorb-7314,True,"Increase internal links from relevant navigation, PLPs, PDPs, or editorial surfaces.",4,Endosorb - Free shipping | Chewy,32,Shop Chewy for low prices and the best Endosorb products! We carry a large selection and the top brands like Endosorb and more. Find everything you need in one place. FREE shipping on orders $49+ and the BEST customer service!,226,,Endosorb,1,endosorb,True,True,False,False,True,False,False,False,4,306,3,,,,,,,,,,,,,,1.0
Brand,Links,Below inlink target,https://www.chewy.com/brands/fat-cat-6752,True,"Increase internal links from relevant navigation, PLPs, PDPs, or editorial surfaces.",6,Fat Cat - Free shipping | Chewy,31,Shop Chewy for low prices and the best Fat Cat! We carry a large selection and the top brands like Fat Cat and more. Find everything you need in one place. FREE shipping on orders $49+ and the BEST customer service!,215,fat cat cat toys,Fat Cat,1,fat-cat,True,True,False,False,True,False,False,False,6,307,3,,,,,,,3,3,8.67,2,1,0,0,4.0
Brand,Links,Below inlink target,https://www.chewy.com/brands/feline-pine-6754,True,"Increase internal links from relevant navigation, PLPs, PDPs, or editorial surfaces.",7,Feline Pine - Free shipping | Chewy,35,Shop Chewy for low prices and the best Feline Pine! We carry a large selection and the top brands like Feline Pine and more. Find everything you need in one place. FREE shipping on orders $49+ and the BEST customer service!,223,,Feline Pine,1,feline-pine,True,True,False,False,True,False,False,False,7,305,3,,,,,,,,,,,,,,1.0
Brand,Links,Below inlink target,https://www.chewy.com/brands/felisyl-7235,True,"Increase internal links from relevant navigation, PLPs, PDPs, or editorial surfaces.",7,Felisyl - Free shipping | Chewy,31,Shop Chewy for low prices and the best Felisyl products! We carry a large selection and the top brands like Felisyl and more. Find everything you need in one place. FREE shipping on orders $49+ and the BEST customer service!,224,felisyl,Felisyl,1,felisyl,True,True,False,False,True,False,False,False,7,308,3,,,,,,,1,1,2.0,1,0,0,0,1.0
Brand,Links,Below inlink target,https://www.chewy.com/brands/flea-away-6757,True,"Increase internal links from relevant navigation, PLPs, PDPs, or editorial surfaces.",4,Flea Away - Free shipping | Chewy,33,"Shop Chewy for low prices and the best Flea Away! We carry a large selection and the top brands like Flea Away, Vet's Best, and more. Find everything you need in one place. FREE shipping on orders $49+ and the BEST customer service!",232,,Flea Away,1,flea-away,True,True,False,False,True,False,False,False,4,306,3,,,,,,,,,,,,,,1.0
Brand,Links,Below inlink target,https://www.chewy.com/brands/fleabusters-6758,True,"Increase internal links from relevant navigation, PLPs, PDPs, or editorial surfaces.",3,Fleabusters - Free shipping | Chewy,35,Shop Chewy for low prices and the best Fleabusters products! We carry a large selection and the top brands like Fleabusters and more. Find everything you need in one place. FREE shipping on orders $49+ and the BEST customer service!,232,fleabusters,Fleabusters,1,fleabusters,True,True,False,False,True,False,False,False,3,305,3,,,,,,,1,1,11.0,0,1,0,0,2.0
Brand,Links,Below inlink target,https://www.chewy.com/brands/fooey-7570,True,"Increase internal links from relevant navigation, PLPs, PDPs, or editorial surfaces.",3,Fooey - Free shipping | Chewy,29,Shop Chewy for low prices and the best Fooey products! We carry a large selection and the top brands like Fooey and more. Find everything you need in one place. FREE shipping on orders $49+ and the BEST customer service!,220,fooey,Fooey,1,fooey,True,True,False,False,True,False,False,False,3,305,3,,,,,,,1,1,2.0,1,0,0,0,1.0
Brand,Links,Below inlink target,https://www.chewy.com/brands/fresh-n-clean-15709,True,"Increase internal links from relevant navigation, PLPs, PDPs, or editorial surfaces.",2,PetAg Fresh n' Clean - Free shipping | Chewy,44,Shop Chewy for low prices and the best Fresh 'n Clean! We carry a large selection and the top brands like American Journey and more. Find everything you need in one place. FREE shipping on orders $49+ and the BEST customer service!,231,,PetAg Fresh n' Clean,1,fresh-n-clean,True,True,False,False,True,False,False,False,2,325,3,,,,,,,,,,,,,,1.0
Brand,Links,Below inlink target,https://www.chewy.com/brands/friendshipcollar-6766,True,"Increase internal links from relevant navigation, PLPs, PDPs, or editorial surfaces.",6,FriendshipCollar - Free shipping | Chewy,40,Shop Chewy for low prices and the best FriendshipCollar products! We carry a large selection and the top brands like FriendshipCollar and more. Find everything you need in one place. FREE shipping on orders $49+ and the BEST customer service!,242,friendshipcollar,FriendshipCollar,1,friendshipcollar,True,True,False,False,True,False,False,False,6,305,3,,,,,,,1,1,2.0,1,0,0,0,5.0
Brand,Links,Below inlink target,https://www.chewy.com/brands/fuel-good-158374,True,"Increase internal links from relevant navigation, PLPs, PDPs, or editorial surfaces.",3,Shop Fuel Good Treats for Dogs - Free shipping | Chewy,54,Shop Chewy for low prices and the best Fuel Good! We carry a large selection and the top brands like American Journey and more. Find everything you need in one place. FREE shipping on orders $49+ and the BEST customer service!,226,,Shop Fuel Good Treats for Dogs,1,fuel-good,True,True,False,False,True,False,False,False,3,305,3,,,,,,,,,,,,,,1.0
Brand,Links,Below inlink target,https://www.chewy.com/brands/gastrogard-15500,True,"Increase internal links from relevant navigation, PLPs, PDPs, or editorial surfaces.",4,GastroGard - Free shipping | Chewy,34,Shop Chewy for low prices and the best GastroGard products! We carry a large selection and the top brands like GastroGard and more. Find everything you need in one place. FREE shipping on orders $49+ and the BEST customer service!,230,,GastroGard,1,gastrogard,True,True,False,False,True,False,False,False,4,305,3,,,,,,,,,,,,,,1.0
Brand,Links,Below inlink target,https://www.chewy.com/brands/glandex-140438,True,"Increase internal links from relevant navigation, PLPs, PDPs, or editorial surfaces.",2,Glandex - Free shipping | Chewy,31,Shop Chewy for low prices and the best Glandex products! We carry a large selection and the top brands like American Journey and more. Find everything you need in one place. FREE shipping on orders $49+ and the BEST customer service!,233,,Glandex,1,glandex,True,True,False,False,True,False,False,False,2,313,3,,,,,,,,,,,,,,5.0
Brand,Links,Below inlink target,https://www.chewy.com/brands/gnc-pets-6470,True,"Increase internal links from relevant navigation, PLPs, PDPs, or editorial surfaces.",3,GNC Pets - Free shipping | Chewy,32,Shop Chewy for low prices and the best GNC Pets! We carry a large selection and the top brands like GNC Pets and more. Find everything you need in one place. FREE shipping on orders $49+ and the BEST customer service!,217,gnc pets,GNC Pets,1,gnc-pets,True,True,False,False,True,False,False,False,3,305,3,,,,,,,1,1,3.0,1,0,0,0,1.0
Brand,Links,Below inlink target,https://www.chewy.com/brands/healthy-promise-116318,True,"Increase internal links from relevant navigation, PLPs, PDPs, or editorial surfaces.",3,Healthy Promise - Free shipping | Chewy,39,Shop Chewy for low prices and the best Healthy Promise! We carry a large selection and the top brands like Four Paws and more. Find everything you need in one place. FREE shipping on orders $49+ and the BEST customer service!,225,healthy promise,Healthy Promise,1,healthy-promise,True,True,False,False,True,False,False,False,3,308,3,,,,,,,1,1,4.0,1,0,0,0,1.0
Brand,Links,Below inlink target,https://www.chewy.com/brands/heckova-167238,True,"Increase internal links from relevant navigation, PLPs, PDPs, or editorial surfaces.",7,Heckova! Dog Food & Treats - Free shipping | Chewy,50,Shop Chewy for low prices and the best Heckova! products! We carry a large selection and the top brands like American Journey and more. Find everything you need in one place. FREE shipping on orders $49+ and the BEST customer service!,234,,Heckova! Dog Food & Treats A heck of a lot of ways to show the love,2,heckova,True,True,False,False,True,False,False,False,7,309,3,,,,,,,,,,,,,,3.0
Brand,Links,Below inlink target,https://www.chewy.com/brands/hen-up-12627,True,"Increase internal links from relevant navigation, PLPs, PDPs, or editorial surfaces.",5,Hen Up - Free shipping | Chewy,30,Shop Chewy for low prices and the best Hen Up! We carry a large selection and the top brands like Hen Up and more. Find everything you need in one place. FREE shipping on orders $49+ and the BEST customer service!,213,hen up chicken feed,Hen Up,1,hen-up,True,True,False,False,True,False,False,False,5,305,3,,,,,,,2,2,5.0,2,0,0,0,1.0
Brand,Links,Below inlink target,https://www.chewy.com/brands/hylamax-107158,True,"Increase internal links from relevant navigation, PLPs, PDPs, or editorial surfaces.",4,HylaMAX - Free shipping | Chewy,31,Shop Chewy for low prices and the best HylaMAX products! We carry a large selection and the top brands like HylaMAX and more. Find everything you need in one place. FREE shipping on orders $49+ and the BEST customer service!,224,,HylaMAX,1,hylamax,True,True,False,False,True,False,False,False,4,305,3,,,,,,,,,,,,,,1.0
Brand,Links,Below inlink target,https://www.chewy.com/brands/hylox-7236,True,"Increase internal links from relevant navigation, PLPs, PDPs, or editorial surfaces.",4,Hylox - Free shipping | Chewy,29,Shop Chewy for low prices and the best Hylox products! We carry a large selection and the top brands like Hylox and more. Find everything you need in one place. FREE shipping on orders $49+ and the BEST customer service!,220,,Hylox,1,hylox,True,True,False,False,True,False,False,False,4,305,3,,,,,,,,,,,,,,1.0
Brand,Links,Below inlink target,https://www.chewy.com/brands/iceland-pure-pet-products-6927,True,"Increase internal links from relevant navigation, PLPs, PDPs, or editorial surfaces.",7,Iceland Pure Pet Products - Free shipping | Chewy,49,Shop Chewy for low prices and the best Iceland Pure Pet Products! We carry a large selection and the top brands like Iceland Pure Pet Products and more. Find everything you need in one place. FREE shipping on orders $49+ and the BEST customer service!,251,iceland pure pet products,Iceland Pure Pet Products,1,iceland-pure-pet-products,True,True,False,False,True,False,False,False,7,305,3,,,,,,,1,1,6.0,1,0,0,0,1.0
Brand,Links,Below inlink target,https://www.chewy.com/brands/ifetch-13642,True,"Increase internal links from relevant navigation, PLPs, PDPs, or editorial surfaces.",4,iFetch - Free shipping | Chewy,30,Shop Chewy for low prices and the best iFetch products! We carry a large selection and the top brands like iFetch and more. Find everything you need in one place. FREE shipping on orders $49+ and the BEST customer service!,222,ifetch,iFetch,1,ifetch,True,True,False,False,True,False,False,False,4,305,3,,,,,,,2,2,21.0,0,1,1,0,1.0
Brand,Links,Below inlink target,https://www.chewy.com/brands/incurin-7037,True,"Increase internal links from relevant navigation, PLPs, PDPs, or editorial surfaces.",5,Incurin - Free shipping | Chewy,31,Shop Chewy for low prices and the best Incurin products! We carry a large selection and the top brands like Incurin and more. Find everything you need in one place. FREE shipping on orders $49+ and the BEST customer service!,224,,Incurin,1,incurin,True,True,False,False,True,False,False,False,5,305,3,,,,,,,,,,,,,,1.0
Brand,Links,Below inlink target,https://www.chewy.com/brands/infinite-6931,True,"Increase internal links from relevant navigation, PLPs, PDPs, or editorial surfaces.",2,Infinite - Free shipping | Chewy,32,Shop Chewy for low prices and the best Infinite products! We carry a large selection and the top brands like Infinite and more. Find everything you need in one place. FREE shipping on orders $49+ and the BEST customer service!,226,,Infinite,1,infinite,True,True,False,False,True,False,False,False,2,305,3,,,,,,,,,,,,,,
Brand,Links,Below inlink target,https://www.chewy.com/brands/ipets-107374,True,"Increase internal links from relevant navigation, PLPs, PDPs, or editorial surfaces.",5,iPets - Free shipping | Chewy,29,Shop Chewy for low prices and the best iPets products! We carry a large selection and the top brands like iPets and more. Find everything you need in one place. FREE shipping on orders $49+ and the BEST customer service!,220,ipets,iPets,1,ipets,True,True,False,False,True,False,False,False,5,307,3,,,,,,,2,1,,0,0,0,2,1.0
Brand,Links,Below inlink target,https://www.chewy.com/brands/k-brovet-7315,True,"Increase internal links from relevant navigation, PLPs, PDPs, or editorial surfaces.",3,K-BroVet - Free shipping | Chewy,32,Shop Chewy for low prices and the best K-BroVet products! We carry a large selection and the top brands like K-BroVet and more. Find everything you need in one place. FREE shipping on orders $49+ and the BEST customer service!,226,,K-BroVet,1,k-brovet,True,True,False,False,True,False,False,False,3,305,3,,,,,,,,,,,,,,1.0
Brand,Links,Below inlink target,https://www.chewy.com/brands/k-plus-7238,True,"Increase internal links from relevant navigation, PLPs, PDPs, or editorial surfaces.",7,K-Plus - Free shipping | Chewy,30,Shop Chewy for low prices and the best K-Plus products! We carry a large selection and the top brands like K-Plus and more. Find everything you need in one place. FREE shipping on orders $49+ and the BEST customer service!,222,,K-Plus,1,k-plus,True,True,False,False,True,False,False,False,7,308,3,,,,,,,,,,,,,,2.0
Brand,Links,Below inlink target,https://www.chewy.com/brands/kids-n-pets-6978,True,"Increase internal links from relevant navigation, PLPs, PDPs, or editorial surfaces.",4,KIDS 'N' PETS - Free shipping | Chewy,37,Shop Chewy for low prices and the best KIDS 'N' PETS! We carry a large selection and the top brands like KIDS 'N' PETS and more. Find everything you need in one place. FREE shipping on orders $49+ and the BEST customer service!,227,kids 'n' pets,KIDS 'N' PETS,1,kids-n-pets,True,True,False,False,True,False,False,False,4,304,3,,,,,,,1,1,8.0,1,0,0,0,4.0
Brand,Links,Below inlink target,https://www.chewy.com/brands/koko-genetics-140054,True,"Increase internal links from relevant navigation, PLPs, PDPs, or editorial surfaces.",5,Koko Genetics - Free shipping | Chewy,37,Shop Chewy for low prices and the best Koko Genetics! We carry a large selection and the top brands like Koko Genetics and more. Find everything you need in one place. FREE shipping on orders $49+ and the BEST customer service!,227,,Koko Genetics,1,koko-genetics,True,True,False,False,True,False,False,True,5,307,3,,,,,,,,,,,,,,1.0
Brand,Links,Below inlink target,https://www.chewy.com/brands/kopertox-114022,True,"Increase internal links from relevant navigation, PLPs, PDPs, or editorial surfaces.",5,KOPERTOX - Free shipping | Chewy,32,Shop Chewy for low prices and the best KOPERTOX products! We carry a large selection and the top brands like KOPERTOX and more. Find everything you need in one place. FREE shipping on orders $49+ and the BEST customer service!,226,,KOPERTOX,1,kopertox,True,True,False,False,True,False,False,False,5,305,3,,,,,,,,,,,,,,
Brand,Links,Below inlink target,https://www.chewy.com/brands/laxacat-107166,True,"Increase internal links from relevant navigation, PLPs, PDPs, or editorial surfaces.",5,LaxaCat - Free shipping | Chewy,31,Shop Chewy for low prices and the best LaxaCat products! We carry a large selection and the top brands like LaxaCat and more. Find everything you need in one place. FREE shipping on orders $49+ and the BEST customer service!,224,laxacat,LaxaCat,1,laxacat,True,True,False,False,True,False,False,False,5,306,3,,,,,,,1,1,27.0,0,0,1,0,1.0
Brand,Links,Below inlink target,https://www.chewy.com/brands/lesypet-12696,True,"Increase internal links from relevant navigation, PLPs, PDPs, or editorial surfaces.",2,LesyPet - Free shipping | Chewy,31,Shop Chewy for low prices and the best LesyPet products! We carry a large selection and the top brands like LesyPet and more. Find everything you need in one place. FREE shipping on orders $49+ and the BEST customer service!,224,lesypet,LesyPet,1,lesypet,True,True,False,False,True,False,False,False,2,304,3,,,,,,,1,1,3.0,1,0,0,0,1.0
Brand,Links,Below inlink target,https://www.chewy.com/brands/lixotinic-114030,True,"Increase internal links from relevant navigation, PLPs, PDPs, or editorial surfaces.",3,LIXOTINIC - Free shipping | Chewy,33,Shop Chewy for low prices and the best LIXOTINIC products! We carry a large selection and the top brands like LIXOTINIC and more. Find everything you need in one place. FREE shipping on orders $49+ and the BEST customer service!,228,,LIXOTINIC,1,lixotinic,True,True,False,False,True,False,False,False,3,305,3,,,,,,,,,,,,,,1.0
Brand,Links,Below inlink target,https://www.chewy.com/brands/lloyd-7009,True,"Increase internal links from relevant navigation, PLPs, PDPs, or editorial surfaces.",2,Lloyd - Free shipping | Chewy,29,Shop Chewy for low prices and the best Lloyd products! We carry a large selection and the top brands like Thyro-L and more. Find everything you need in one place. FREE shipping on orders $49+ and the BEST customer service!,222,,Lloyd,1,lloyd,True,True,False,False,True,False,False,False,2,305,3,,,,,,,,,,,,,,
Brand,Links,Below inlink target,https://www.chewy.com/brands/luckytail-101518,True,"Increase internal links from relevant navigation, PLPs, PDPs, or editorial surfaces.",4,LuckyTail - Free shipping | Chewy,33,Shop Chewy for low prices and the best LuckyTail products! We carry a large selection and the top brands like LuckyTail and more. Find everything you need in one place. FREE shipping on orders $49+ and the BEST customer service!,228,luckytail,LuckyTail,1,luckytail,True,True,False,False,True,False,False,False,4,306,3,,,,,,,1,1,,0,0,0,1,1.0
Brand,Links,Below inlink target,https://www.chewy.com/brands/medrol-114038,True,"Increase internal links from relevant navigation, PLPs, PDPs, or editorial surfaces.",5,Medrol - Free shipping | Chewy,30,Shop Chewy for low prices and the best Medrol products! We carry a large selection and the top brands like Medrol and more. Find everything you need in one place. FREE shipping on orders $49+ and the BEST customer service!,222,,Medrol,1,medrol,True,True,False,False,True,False,False,False,5,305,3,,,,,,,,,,,,,,1.0
Brand,Links,Below inlink target,https://www.chewy.com/brands/mela-vet-107174,True,"Increase internal links from relevant navigation, PLPs, PDPs, or editorial surfaces.",5,Mela-Vet - Free shipping | Chewy,32,Shop Chewy for low prices and the best Mela-Vet products! We carry a large selection and the top brands like Mela-Vet and more. Find everything you need in one place. FREE shipping on orders $49+ and the BEST customer service!,226,,Mela-Vet,1,mela-vet,True,True,False,False,True,False,False,False,5,306,3,,,,,,,,,,,,,,1.0
Brand,Links,Below inlink target,https://www.chewy.com/brands/miracle-salt-collective-126790,True,"Increase internal links from relevant navigation, PLPs, PDPs, or editorial surfaces.",7,Miracle Salt Collective - Free shipping | Chewy,47,Shop Chewy for low prices and the best Miracle Salt Collective! We carry a large selection and the top brands like American Journey and more. Find everything you need in one place. FREE shipping on orders $49+ and the BEST customer service!,240,miracle salt collective,Miracle Salt Collective,1,miracle-salt-collective,True,True,False,False,True,False,False,False,7,306,3,,,,,,,1,1,7.0,1,0,0,0,1.0
Brand,Links,Below inlink target,https://www.chewy.com/brands/mistermax-7072,True,"Increase internal links from relevant navigation, PLPs, PDPs, or editorial surfaces.",7,MisterMax - Free shipping | Chewy,33,Shop Chewy for low prices and the best MisterMax products! We carry a large selection and the top brands like MisterMax and more. Find everything you need in one place. FREE shipping on orders $49+ and the BEST customer service!,228,mistermax,MisterMax,1,mistermax,True,True,False,False,True,False,False,False,7,304,3,,,,,,,1,1,14.0,0,1,0,0,1.0
Brand,Links,Below inlink target,https://www.chewy.com/brands/mometamax-7038,True,"Increase internal links from relevant navigation, PLPs, PDPs, or editorial surfaces.",5,Mometamax - Free shipping | Chewy,33,Shop Chewy for low prices and the best Mometamax products! We carry a large selection and the top brands like Mometamax and more. Find everything you need in one place. FREE shipping on orders $49+ and the BEST customer service!,228,,Mometamax,1,mometamax,True,True,False,False,True,False,False,False,5,305,3,,,,,,,,,,,,,,2.0
Brand,Links,Below inlink target,https://www.chewy.com/brands/mycogen-107182,True,"Increase internal links from relevant navigation, PLPs, PDPs, or editorial surfaces.",4,Mycogen - Free shipping | Chewy,31,Shop Chewy for low prices and the best Mycogen products! We carry a large selection and the top brands like Mycogen and more. Find everything you need in one place. FREE shipping on orders $49+ and the BEST customer service!,224,,Mycogen,1,mycogen,True,True,False,False,True,False,False,False,4,305,3,,,,,,,,,,,,,,
Brand,Links,Below inlink target,https://www.chewy.com/brands/nandi-13764,True,"Increase internal links from relevant navigation, PLPs, PDPs, or editorial surfaces.",4,Nandi - Free shipping | Chewy,29,Shop Chewy for low prices and the best Nandi products! We carry a large selection and the top brands like Nandi and more. Find everything you need in one place. FREE shipping on orders $49+ and the BEST customer service!,220,nandi dog treats,Nandi,1,nandi,True,True,False,False,True,False,False,False,4,306,3,,,,,,,1,1,3.0,1,0,0,0,1.0
Brand,Links,Below inlink target,https://www.chewy.com/brands/natures-farmacy-7090,True,"Increase internal links from relevant navigation, PLPs, PDPs, or editorial surfaces.",7,Nature's Farmacy - Free shipping | Chewy,40,Shop Chewy for low prices and the best Nature's Farmacy! We carry a large selection and the top brands like Nature's Farmacy and more. Find everything you need in one place. FREE shipping on orders $49+ and the BEST customer service!,233,nature's farmacy,Nature's Farmacy,1,natures-farmacy,True,True,False,False,True,False,False,False,7,308,3,,,,,,,1,1,8.0,1,0,0,0,2.0
Brand,Links,Below inlink target,https://www.chewy.com/brands/nixit-107190,True,"Increase internal links from relevant navigation, PLPs, PDPs, or editorial surfaces.",4,Nixit - Free shipping | Chewy,29,Shop Chewy for low prices and the best Nixit products! We carry a large selection and the top brands like Nixit and more. Find everything you need in one place. FREE shipping on orders $49+ and the BEST customer service!,220,,Nixit,1,nixit,True,True,False,False,True,False,False,False,4,305,3,,,,,,,,,,,,,,
Brand,Links,Below inlink target,https://www.chewy.com/brands/nolvasan-114046,True,"Increase internal links from relevant navigation, PLPs, PDPs, or editorial surfaces.",4,Nolvasan - Free shipping | Chewy,32,Shop Chewy for low prices and the best Nolvasan products! We carry a large selection and the top brands like Nolvasan and more. Find everything you need in one place. FREE shipping on orders $49+ and the BEST customer service!,226,,Nolvasan,1,nolvasan,True,True,False,False,True,False,False,False,4,305,3,,,,,,,,,,,,,,1.0
Brand,Links,Below inlink target,https://www.chewy.com/brands/nutro-max-10721,True,"Increase internal links from relevant navigation, PLPs, PDPs, or editorial surfaces.",3,Nutro Max For Dogs - Free shipping | Chewy,42,Shop Chewy for low prices and the best Nutro Max! We carry a large selection and the top brands like Nutro and more. Find everything you need in one place. FREE shipping on orders $49+ and the BEST customer service!,215,nutro max for dogs,Nutro Max For Dogs,1,nutro-max,True,True,False,False,True,False,False,False,3,314,3,,,,,,,1,1,14.0,0,1,0,0,1.0
Brand,Links,Below inlink target,https://www.chewy.com/brands/nutro-ultra-10733,True,"Increase internal links from relevant navigation, PLPs, PDPs, or editorial surfaces.",3,Nutro Ultra For Dogs - Free shipping | Chewy,44,Shop Chewy for low prices and the best Nutro Ultra! We carry a large selection and the top brands like Nutro and more. Find everything you need in one place. FREE shipping on orders $49+ and the BEST customer service!,217,nutro ultra for dogs,Nutro Ultra For Dogs,1,nutro-ultra,True,True,False,False,True,False,False,False,3,323,3,,,,,,,1,1,,0,0,0,1,1.0
Brand,Links,Below inlink target,https://www.chewy.com/brands/on2pets-13236,True,"Increase internal links from relevant navigation, PLPs, PDPs, or editorial surfaces.",3,On2Pets - Free shipping | Chewy,31,Shop Chewy for low prices and the best On2Pets products! We carry a large selection and the top brands like On2Pets and more. Find everything you need in one place. FREE shipping on orders $49+ and the BEST customer service!,224,on2pets,On2Pets,1,on2pets,True,True,False,False,True,False,False,False,3,304,3,,,,,,,1,1,,0,0,0,1,3.0
Brand,Links,Below inlink target,https://www.chewy.com/brands/onsior-6723,True,"Increase internal links from relevant navigation, PLPs, PDPs, or editorial surfaces.",6,Onsior - Free shipping | Chewy,30,Shop Chewy for low prices and the best Onsior products! We carry a large selection and the top brands like Onsior and more. Find everything you need in one place. FREE shipping on orders $49+ and the BEST customer service!,222,,Onsior,1,onsior,True,True,False,False,True,False,False,False,6,305,3,,,,,,,,,,,,,,1.0
Brand,Links,Below inlink target,https://www.chewy.com/brands/optimmune-7040,True,"Increase internal links from relevant navigation, PLPs, PDPs, or editorial surfaces.",3,Optimmune - Free shipping | Chewy,33,Shop Chewy for low prices and the best Optimmune products! We carry a large selection and the top brands like Optimmune and more. Find everything you need in one place. FREE shipping on orders $49+ and the BEST customer service!,228,,Optimmune,1,optimmune,True,True,False,False,True,False,False,False,3,305,3,,,,,,,,,,,,,,2.0
Brand,Links,Below inlink target,https://www.chewy.com/brands/orbax-7041,True,"Increase internal links from relevant navigation, PLPs, PDPs, or editorial surfaces.",3,Orbax - Free shipping | Chewy,29,Shop Chewy for low prices and the best Orbax products! We carry a large selection and the top brands like Orbax and more. Find everything you need in one place. FREE shipping on orders $49+ and the BEST customer service!,220,,Orbax,1,orbax,True,True,False,False,True,False,False,False,3,305,3,,,,,,,,,,,,,,1.0
Brand,Links,Below inlink target,https://www.chewy.com/brands/orivet-139598,True,"Increase internal links from relevant navigation, PLPs, PDPs, or editorial surfaces.",2,Orivet Test Kits - Free shipping | Chewy,40,Shop Chewy for low prices and the best Orivet products! We carry a large selection and the top brands like Orivet and more. Find everything you need in one place. FREE shipping on orders $49+ and the BEST customer service!,222,,Orivet,1,orivet,True,True,False,False,True,False,False,False,2,304,3,,,,,,,,,,,,,,1.0
Brand,Links,Below inlink target,https://www.chewy.com/brands/osurnia-6724,True,"Increase internal links from relevant navigation, PLPs, PDPs, or editorial surfaces.",5,Osurnia - Free shipping | Chewy,31,Shop Chewy for low prices and the best Osurnia products! We carry a large selection and the top brands like Osurnia and more. Find everything you need in one place. FREE shipping on orders $49+ and the BEST customer service!,224,,Osurnia,1,osurnia,True,True,False,False,True,False,False,False,5,305,3,,,,,,,,,,,,,,1.0
Brand,Links,Below inlink target,https://www.chewy.com/brands/otomax-7042,True,"Increase internal links from relevant navigation, PLPs, PDPs, or editorial surfaces.",6,Otomax - Free shipping | Chewy,30,Shop Chewy for low prices and the best Otomax products! We carry a large selection and the top brands like Otomax and more. Find everything you need in one place. FREE shipping on orders $49+ and the BEST customer service!,222,,Otomax,1,otomax,True,True,False,False,True,False,False,False,6,305,3,,,,,,,,,,,,,,2.0
Brand,Links,Below inlink target,https://www.chewy.com/brands/otterly-pets-13650,True,"Increase internal links from relevant navigation, PLPs, PDPs, or editorial surfaces.",4,Otterly Pets - Free shipping | Chewy,36,Shop Chewy for low prices and the best Otterly Pets! We carry a large selection and the top brands like Otterly Pets and more. Find everything you need in one place. FREE shipping on orders $49+ and the BEST customer service!,225,otterly pets,Otterly Pets,1,otterly-pets,True,True,False,False,True,False,False,False,4,306,3,,,,,,,1,1,3.0,1,0,0,0,1.0
Brand,Links,Below inlink target,https://www.chewy.com/brands/pancreplus-7669,True,"Increase internal links from relevant navigation, PLPs, PDPs, or editorial surfaces.",6,PancrePlus - Free shipping | Chewy,34,Shop Chewy for low prices and the best PancrePlus products! We carry a large selection and the top brands like PancrePlus and more. Find everything you need in one place. FREE shipping on orders $49+ and the BEST customer service!,230,,PancrePlus,1,pancreplus,True,True,False,False,True,False,False,False,6,306,3,,,,,,,,,,,,,,1.0
Brand,Links,Below inlink target,https://www.chewy.com/brands/paw-plunger-8180,True,"Increase internal links from relevant navigation, PLPs, PDPs, or editorial surfaces.",6,Paw Plunger - Free shipping | Chewy,35,Shop Chewy for low prices and the best Paw Plunger! We carry a large selection and the top brands like Paw Plunger and more. Find everything you need in one place. FREE shipping on orders $49+ and the BEST customer service!,223,,Paw Plunger,1,paw-plunger,True,True,False,False,True,False,False,False,6,306,3,,,,,,,,,,,,,,1.0
Brand,Links,Below inlink target,https://www.chewy.com/brands/paws-pals-7211,True,"Increase internal links from relevant navigation, PLPs, PDPs, or editorial surfaces.",2,Paws & Pals - Free shipping | Chewy,35,Shop Chewy for low prices and the best Paws & Pals! We carry a large selection and the top brands like Paws & Pals and more. Find everything you need in one place. FREE shipping on orders $49+ and the BEST customer service!,223,paws and pals,Paws & Pals,1,paws-pals,True,True,False,False,True,False,False,False,2,304,3,,,,,,,2,2,31.0,0,0,1,1,1.0
Brand,Links,Below inlink target,https://www.chewy.com/brands/perris-12699,True,"Increase internal links from relevant navigation, PLPs, PDPs, or editorial surfaces.",2,Perri's - Free shipping | Chewy,31,Shop Chewy for low prices and the best Perri's products! We carry a large selection and the top brands like Perri's and more. Find everything you need in one place. FREE shipping on orders $49+ and the BEST customer service!,224,,Perri's,1,perris,True,True,False,False,True,False,False,False,2,304,3,,,,,,,,,,,,,,
Brand,Links,Below inlink target,https://www.chewy.com/brands/petlab-extractos-13131,True,"Increase internal links from relevant navigation, PLPs, PDPs, or editorial surfaces.",3,PetLab Extractos - Free shipping | Chewy,40,Shop Chewy for low prices and the best PetLab Extractos! We carry a large selection and the top brands like PetLab Extractos and more. Find everything you need in one place. FREE shipping on orders $49+ and the BEST customer service!,233,petlab extractos,PetLab Extractos,1,petlab-extractos,True,True,False,False,True,False,False,False,3,305,3,,,,,,,1,1,,0,0,0,1,1.0
Brand,Links,Below inlink target,https://www.chewy.com/brands/pill-pockets-10497,True,"Increase internal links from relevant navigation, PLPs, PDPs, or editorial surfaces.",3,Greenies Pill Pockets for Dogs - Free shipping | Chewy,54,Shop Chewy for low prices and the best Pill Pockets! We carry a large selection and the top brands like Greenies and more. Find everything you need in one place. FREE shipping on orders $49+ and the BEST customer service!,221,pill pockets for dogs best price,Greenies Pill Pockets for Dogs,1,pill-pockets,True,True,False,False,True,False,False,False,3,316,3,,,,,,,1,1,6.0,1,0,0,0,3.0
Brand,Links,Below inlink target,https://www.chewy.com/brands/platinum-pets-7291,True,"Increase internal links from relevant navigation, PLPs, PDPs, or editorial surfaces.",2,Platinum Pets - Free shipping | Chewy,37,Shop Chewy for low prices and the best Platinum Pets! We carry a large selection and the top brands like Platinum Pets and more. Find everything you need in one place. FREE shipping on orders $49+ and the BEST customer service!,227,platinum pets,Platinum Pets,1,platinum-pets,True,True,False,False,True,False,False,False,2,304,3,,,,,,,1,1,7.0,1,0,0,0,1.0
Brand,Links,Below inlink target,https://www.chewy.com/brands/posatex-7044,True,"Increase internal links from relevant navigation, PLPs, PDPs, or editorial surfaces.",5,Posatex - Free shipping | Chewy,31,Shop Chewy for low prices and the best Posatex products! We carry a large selection and the top brands like Posatex and more. Find everything you need in one place. FREE shipping on orders $49+ and the BEST customer service!,224,posatex,Posatex,1,posatex,True,True,False,False,True,False,False,False,5,305,3,,,,,,,1,1,15.0,0,1,0,0,1.0
Brand,Links,Below inlink target,https://www.chewy.com/brands/primetime-petz-13636,True,"Increase internal links from relevant navigation, PLPs, PDPs, or editorial surfaces.",4,Primetime Petz - Free shipping | Chewy,38,Shop Chewy for low prices and the best Primetime Petz! We carry a large selection and the top brands like Primetime Petz and more. Find everything you need in one place. FREE shipping on orders $49+ and the BEST customer service!,229,,Primetime Petz,1,primetime-petz,True,True,False,False,True,False,False,False,4,304,3,,,,,,,,,,,,,,1.0
Brand,Links,Below inlink target,https://www.chewy.com/brands/pro-pac-7319,True,"Increase internal links from relevant navigation, PLPs, PDPs, or editorial surfaces.",3,Pro Pac - Free shipping | Chewy,31,Shop Chewy for low prices and the best Pro Pac! We carry a large selection and the top brands like Pro Pac and more. Find everything you need in one place. FREE shipping on orders $49+ and the BEST customer service!,215,,Pro Pac,1,pro-pac,True,True,False,False,True,False,False,False,3,305,3,,,,,,,,,,,,,,1.0
Brand,Links,Below inlink target,https://www.chewy.com/brands/proflora-15727,True,"Increase internal links from relevant navigation, PLPs, PDPs, or editorial surfaces.",6,Proflora - Free shipping | Chewy,32,Shop Chewy for low prices and the best Proflora products! We carry a large selection and the top brands like Proflora and more. Find everything you need in one place. FREE shipping on orders $49+ and the BEST customer service!,226,,Proflora,1,proflora,True,True,False,False,True,False,False,False,6,307,3,,,,,,,,,,,,,,1.0
Brand,Links,Below inlink target,https://www.chewy.com/brands/prozinc-6547,True,"Increase internal links from relevant navigation, PLPs, PDPs, or editorial surfaces.",4,ProZinc - Free shipping | Chewy,31,Shop Chewy for low prices and the best ProZinc products! We carry a large selection and the top brands like ProZinc and more. Find everything you need in one place. FREE shipping on orders $49+ and the BEST customer service!,224,,ProZinc,1,prozinc,True,True,False,False,True,False,False,False,4,305,3,,,,,,,,,,,,,,1.0
Brand,Links,Below inlink target,https://www.chewy.com/brands/puppy-go-potty-13492,True,"Increase internal links from relevant navigation, PLPs, PDPs, or editorial surfaces.",2,Puppy Go Potty - Free shipping | Chewy,38,Shop Chewy for low prices and the best Puppy Go Potty! We carry a large selection and the top brands like Puppy Go Potty and more. Find everything you need in one place. FREE shipping on orders $49+ and the BEST customer service!,229,,Puppy Go Potty,1,puppy-go-potty,True,True,False,False,True,False,False,False,2,304,3,,,,,,,,,,,,,,
Brand,Links,Below inlink target,https://www.chewy.com/brands/quiko-107438,True,"Increase internal links from relevant navigation, PLPs, PDPs, or editorial surfaces.",6,Quiko - Free shipping | Chewy,29,Shop Chewy for low prices and the best Quiko products! We carry a large selection and the top brands like Quiko and more. Find everything you need in one place. FREE shipping on orders $49+ and the BEST customer service!,220,,Quiko,1,quiko,True,True,False,False,True,False,False,False,6,307,3,,,,,,,,,,,,,,1.0
Brand,Links,Below inlink target,https://www.chewy.com/brands/radius-100878,True,"Increase internal links from relevant navigation, PLPs, PDPs, or editorial surfaces.",7,RADIUS - Free shipping | Chewy,30,Shop Chewy for low prices and the best RADIUS products! We carry a large selection and the top brands like RADIUS and more. Find everything you need in one place. FREE shipping on orders $49+ and the BEST customer service!,222,,RADIUS,1,radius,True,True,False,False,True,False,False,False,7,309,3,,,,,,,,,,,,,,1.0
Brand,Links,Below inlink target,https://www.chewy.com/brands/rebalance-107414,True,"Increase internal links from relevant navigation, PLPs, PDPs, or editorial surfaces.",3,ReBalance - Free shipping | Chewy,33,Shop Chewy for low prices and the best ReBalance products! We carry a large selection and the top brands like ReBalance and more. Find everything you need in one place. FREE shipping on orders $49+ and the BEST customer service!,228,,ReBalance,1,rebalance,True,True,False,False,True,False,False,False,3,305,3,,,,,,,,,,,,,,1.0
Brand,Links,Below inlink target,https://www.chewy.com/brands/relief-6506,True,"Increase internal links from relevant navigation, PLPs, PDPs, or editorial surfaces.",7,Relief - Free shipping | Chewy,30,Shop Chewy for low prices and the best Relief products! We carry a large selection and the top brands like Relief and more. Find everything you need in one place. FREE shipping on orders $49+ and the BEST customer service!,222,,Relief,1,relief,True,True,False,False,True,False,False,False,7,306,3,,,,,,,,,,,,,,
Brand,Links,Below inlink target,https://www.chewy.com/brands/rematrix-7241,True,"Increase internal links from relevant navigation, PLPs, PDPs, or editorial surfaces.",5,ReMATRIX - Free shipping | Chewy,32,Shop Chewy for low prices and the best ReMATRIX products! We carry a large selection and the top brands like ReMATRIX and more. Find everything you need in one place. FREE shipping on orders $49+ and the BEST customer service!,226,,ReMATRIX,1,rematrix,True,True,False,False,True,False,False,False,5,305,3,,,,,,,,,,,,,,1.0
Brand,Links,Below inlink target,https://www.chewy.com/brands/renakare-107086,True,"Increase internal links from relevant navigation, PLPs, PDPs, or editorial surfaces.",4,RenaKare - Free shipping | Chewy,32,Shop Chewy for low prices and the best RenaKare products! We carry a large selection and the top brands like RenaKare and more. Find everything you need in one place. FREE shipping on orders $49+ and the BEST customer service!,226,,RenaKare,1,renakare,True,True,False,False,True,False,False,False,4,306,3,,,,,,,,,,,,,,1.0
Brand,Links,Below inlink target,https://www.chewy.com/brands/renaplus-7670,True,"Increase internal links from relevant navigation, PLPs, PDPs, or editorial surfaces.",7,RenaPlus - Free shipping | Chewy,32,Shop Chewy for low prices and the best RenaPlus products! We carry a large selection and the top brands like RenaPlus and more. Find everything you need in one place. FREE shipping on orders $49+ and the BEST customer service!,226,,RenaPlus,1,renaplus,True,True,False,False,True,False,False,False,7,306,3,,,,,,,,,,,,,,1.0
Brand,Links,Below inlink target,https://www.chewy.com/brands/ruji-naturals-12694,True,"Increase internal links from relevant navigation, PLPs, PDPs, or editorial surfaces.",3,Ruji Naturals - Free shipping | Chewy,37,Shop Chewy for low prices and the best Ruji Naturals! We carry a large selection and the top brands like Ruji Naturals and more. Find everything you need in one place. FREE shipping on orders $49+ and the BEST customer service!,227,,Ruji Naturals,1,ruji-naturals,True,True,False,False,True,False,False,False,3,305,3,,,,,,,,,,,,,,1.0
Brand,Links,Below inlink target,https://www.chewy.com/brands/scoopfree-7282,True,"Increase internal links from relevant navigation, PLPs, PDPs, or editorial surfaces.",1,ScoopFree Litter for Cats - Free shipping | Chewy,49,Shop Chewy for low prices and the best ScoopFree products! We carry a large selection and the top brands like PetSafe and more. Find everything you need in one place. FREE shipping on orders $49+ and the BEST customer service!,226,scoopfree litter for cats,ScoopFree Litter for Cats,1,scoopfree,True,True,False,False,True,False,False,False,1,327,3,,,,,,,1,1,11.0,0,1,0,0,3.0
Brand,Links,Below inlink target,https://www.chewy.com/brands/scott-pet-products-7497,True,"Increase internal links from relevant navigation, PLPs, PDPs, or editorial surfaces.",7,Scott Pet Products - Free shipping | Chewy,42,"Shop Chewy for low prices and the best Scott Pet Products! We carry a large selection and the top brands like Pork Chomps, Nutri Chomps, and more. Find everything you need in one place. FREE shipping on orders $49+ and the BEST customer service!",245,scott pet products,Scott Pet Products,1,scott-pet-products,True,True,False,False,True,False,False,False,7,346,3,,,,,,,1,1,2.0,1,0,0,0,2.0
Brand,Links,Below inlink target,https://www.chewy.com/brands/scratch-lounge-13635,True,"Increase internal links from relevant navigation, PLPs, PDPs, or editorial surfaces.",4,Scratch Lounge - Free shipping | Chewy,38,Shop Chewy for low prices and the best Scratch Lounge! We carry a large selection and the top brands like Scratch Lounge and more. Find everything you need in one place. FREE shipping on orders $49+ and the BEST customer service!,229,,Scratch Lounge,1,scratch-lounge,True,True,False,False,True,False,False,False,4,306,3,,,,,,,,,,,,,,1.0
Brand,Links,Below inlink target,https://www.chewy.com/brands/semintra-15512,True,"Increase internal links from relevant navigation, PLPs, PDPs, or editorial surfaces.",3,Semintra - Free shipping | Chewy,32,Shop Chewy for low prices and the best Semintra products! We carry a large selection and the top brands like Semintra and more. Find everything you need in one place. FREE shipping on orders $49+ and the BEST customer service!,226,,Semintra,1,semintra,True,True,False,False,True,False,False,False,3,305,3,,,,,,,,,,,,,,1.0
Brand,Links,Below inlink target,https://www.chewy.com/brands/senilife-6615,True,"Increase internal links from relevant navigation, PLPs, PDPs, or editorial surfaces.",3,Senilife - Free shipping | Chewy,32,Shop Chewy for low prices and the best Senilife products! We carry a large selection and the top brands like Senilife and more. Find everything you need in one place. FREE shipping on orders $49+ and the BEST customer service!,226,,Senilife,1,senilife,True,True,False,False,True,False,False,False,3,305,3,,,,,,,,,,,,,,
Brand,Links,Below inlink target,https://www.chewy.com/brands/shed-x-7572,True,"Increase internal links from relevant navigation, PLPs, PDPs, or editorial surfaces.",6,Shed-X - Free shipping | Chewy,30,Shop Chewy for low prices and the best Shed-X products! We carry a large selection and the top brands like Shed-X and more. Find everything you need in one place. FREE shipping on orders $49+ and the BEST customer service!,222,shed-x,Shed-X,1,shed-x,True,True,False,False,True,False,False,False,6,307,3,,,,,,,1,1,5.0,1,0,0,0,3.0
Brand,Links,Below inlink target,https://www.chewy.com/brands/simple-green-13656,True,"Increase internal links from relevant navigation, PLPs, PDPs, or editorial surfaces.",6,Simple Green - Free shipping | Chewy,36,Shop Chewy for low prices and the best Simple Green! We carry a large selection and the top brands like Simple Green and more. Find everything you need in one place. FREE shipping on orders $49+ and the BEST customer service!,225,,Simple Green,1,simple-green,True,True,False,False,True,False,False,False,6,307,3,,,,,,,,,,,,,,1.0
Brand,Links,Below inlink target,https://www.chewy.com/brands/simplesource-123686,True,"Increase internal links from relevant navigation, PLPs, PDPs, or editorial surfaces.",5,SimpleSource - Free shipping | Chewy,36,Shop Chewy for low prices and the best SimpleSource products! We carry a large selection and the top brands like American Journey and more. Find everything you need in one place. FREE shipping on orders $49+ and the BEST customer service!,238,,SimpleSource,1,simplesource,True,True,False,False,True,False,False,False,5,307,3,,,,,,,,,,,,,,1.0
Brand,Links,Below inlink target,https://www.chewy.com/brands/simplicef-7802,True,"Increase internal links from relevant navigation, PLPs, PDPs, or editorial surfaces.",6,Simplicef - Free shipping | Chewy,33,Shop Chewy for low prices and the best Simplicef products! We carry a large selection and the top brands like Simplicef and more. Find everything you need in one place. FREE shipping on orders $49+ and the BEST customer service!,228,,Simplicef,1,simplicef,True,True,False,False,True,False,False,False,6,305,3,,,,,,,,,,,,,,1.0
Brand,Links,Below inlink target,https://www.chewy.com/brands/solitude-114062,True,"Increase internal links from relevant navigation, PLPs, PDPs, or editorial surfaces.",4,Solitude - Free shipping | Chewy,32,Shop Chewy for low prices and the best Solitude products! We carry a large selection and the top brands like Solitude and more. Find everything you need in one place. FREE shipping on orders $49+ and the BEST customer service!,226,,Solitude,1,solitude,True,True,False,False,True,False,False,False,4,305,3,,,,,,,,,,,,,,
Brand,Links,Below inlink target,https://www.chewy.com/brands/sticky-paws-107382,True,"Increase internal links from relevant navigation, PLPs, PDPs, or editorial surfaces.",5,Sticky Paws - Free shipping | Chewy,35,Shop Chewy for low prices and the best Sticky Paws! We carry a large selection and the top brands like Sticky Paws and more. Find everything you need in one place. FREE shipping on orders $49+ and the BEST customer service!,223,,Sticky Paws,1,sticky-paws,True,True,False,False,True,False,False,False,5,307,3,,,,,,,,,,,,,,1.0
Brand,Links,Below inlink target,https://www.chewy.com/brands/sulfox-107198,True,"Increase internal links from relevant navigation, PLPs, PDPs, or editorial surfaces.",4,Sulfox - Free shipping | Chewy,30,Shop Chewy for low prices and the best Sulfox products! We carry a large selection and the top brands like Sulfox and more. Find everything you need in one place. FREE shipping on orders $49+ and the BEST customer service!,222,,Sulfox,1,sulfox,True,True,False,False,True,False,False,False,4,305,3,,,,,,,,,,,,,,
Brand,Links,Below inlink target,https://www.chewy.com/brands/sunburst-6872,True,"Increase internal links from relevant navigation, PLPs, PDPs, or editorial surfaces.",7,Higgins Sunburst - Free shipping | Chewy,40,Shop Chewy for low prices and the best Sunburst products! We carry a large selection and the top brands like Higgins and more. Find everything you need in one place. FREE shipping on orders $49+ and the BEST customer service!,225,higgins sunburst,Higgins Sunburst,1,sunburst,True,True,False,False,True,False,False,False,7,324,3,,,,,,,1,1,12.0,0,1,0,0,1.0
Brand,Links,Below inlink target,https://www.chewy.com/brands/sure-petcare-109702,True,"Increase internal links from relevant navigation, PLPs, PDPs, or editorial surfaces.",7,Sure Petcare - Free shipping | Chewy,36,"Shop Chewy for low prices and the best Sure Petcare! We carry a large selection and the top brands like SureFeed, SureFlap, and more. Find everything you need in one place. FREE shipping on orders $49+ and the BEST customer service!",232,sure petcare,Sure Petcare,1,sure-petcare,True,True,False,False,True,False,False,False,7,312,3,,,,,,,1,1,,0,0,0,1,1.0
Brand,Links,Below inlink target,https://www.chewy.com/brands/surefeed-13210,True,"Increase internal links from relevant navigation, PLPs, PDPs, or editorial surfaces.",6,SureFeed - Free shipping | Chewy,32,"Shop Chewy for low prices and the best SureFeed products! We carry a large selection and the top brands like SureFeed, Blue Buffalo, and more. Find everything you need in one place. FREE shipping on orders $49+ and the BEST customer service!",241,,SureFeed,1,surefeed,True,True,False,False,True,False,False,False,6,308,3,,,,,,,,,,,,,,4.0
Brand,Links,Below inlink target,https://www.chewy.com/brands/sureflap-7564,True,"Increase internal links from relevant navigation, PLPs, PDPs, or editorial surfaces.",5,SureFlap - Free shipping | Chewy,32,Shop Chewy for low prices and the best SureFlap products! We carry a large selection and the top brands like SureFlap and more. Find everything you need in one place. FREE shipping on orders $49+ and the BEST customer service!,226,sureflap,SureFlap,1,sureflap,True,True,False,False,True,False,False,False,5,309,3,,,,,,,1,1,28.0,0,0,1,0,1.0
Brand,Links,Below inlink target,https://www.chewy.com/brands/syner-g-7242,True,"Increase internal links from relevant navigation, PLPs, PDPs, or editorial surfaces.",5,Syner-G - Free shipping | Chewy,31,Shop Chewy for low prices and the best Syner-G products! We carry a large selection and the top brands like Syner-G and more. Find everything you need in one place. FREE shipping on orders $49+ and the BEST customer service!,224,,Syner-G,1,syner-g,True,True,False,False,True,False,False,False,5,306,3,,,,,,,,,,,,,,1.0
Brand,Links,Below inlink target,https://www.chewy.com/brands/synotic-7803,True,"Increase internal links from relevant navigation, PLPs, PDPs, or editorial surfaces.",4,Synotic - Free shipping | Chewy,31,Shop Chewy for low prices and the best Synotic products! We carry a large selection and the top brands like Synotic and more. Find everything you need in one place. FREE shipping on orders $49+ and the BEST customer service!,224,,Synotic,1,synotic,True,True,False,False,True,False,False,False,4,305,3,,,,,,,,,,,,,,1.0
Brand,Links,Below inlink target,https://www.chewy.com/brands/temaril-p-7804,True,"Increase internal links from relevant navigation, PLPs, PDPs, or editorial surfaces.",5,Temaril-P - Free shipping | Chewy,33,Shop Chewy for low prices and the best Temaril-P products! We carry a large selection and the top brands like Temaril-P and more. Find everything you need in one place. FREE shipping on orders $49+ and the BEST customer service!,228,,Temaril-P,1,temaril-p,True,True,False,False,True,False,False,False,5,305,3,,,,,,,,,,,,,,1.0
Brand,Links,Below inlink target,https://www.chewy.com/brands/tender-true-7579,True,"Increase internal links from relevant navigation, PLPs, PDPs, or editorial surfaces.",2,Tender & True - Free shipping | Chewy,37,Shop Chewy for low prices and the best Tender & True! We carry a large selection and the top brands like Tender & True and more. Find everything you need in one place. FREE shipping on orders $49+ and the BEST customer service!,227,tender and true,Tender & True,1,tender-true,True,True,False,False,True,False,False,False,2,304,3,,,,,,,2,2,4.5,2,0,0,0,4.0
Brand,Links,Below inlink target,https://www.chewy.com/brands/terramycin-7805,True,"Increase internal links from relevant navigation, PLPs, PDPs, or editorial surfaces.",5,"Terramycin Eye Ointment for Dogs, Cats & Horses | Chewy",55,Shop Chewy for low prices and the best Terramycin products! We carry a large selection and the top brands like Terramycin and more. Find everything you need in one place. FREE shipping on orders $49+ and the BEST customer service!,230,,Terramycin,1,terramycin,True,True,False,False,True,False,False,False,5,305,3,,,,,,,,,,,,,,7.0
Brand,Links,Below inlink target,https://www.chewy.com/brands/easy-clean-water-bowl-13309,True,"Increase internal links from relevant navigation, PLPs, PDPs, or editorial surfaces.",3,The Easy-Clean Water Bowl - Free shipping | Chewy,49,Shop Chewy for low prices and the best The Easy-Clean Water Bowl! We carry a large selection and the top brands like The Easy-Clean Water Bowl and more. Find everything you need in one place. FREE shipping on orders $49+ and the BEST customer service!,251,,The Easy-Clean Water Bowl,1,easy-clean-water-bowl,True,True,False,False,True,False,False,False,3,304,3,,,,,,,,,,,,,,1.0
Brand,Links,Below inlink target,https://www.chewy.com/brands/stuff-16622,True,"Increase internal links from relevant navigation, PLPs, PDPs, or editorial surfaces.",4,The Stuff - Free shipping | Chewy,33,Shop Chewy for low prices and the best The Stuff! We carry a large selection and the top brands like The Stuff and more. Find everything you need in one place. FREE shipping on orders $49+ and the BEST customer service!,219,,The Stuff,1,stuff,True,True,False,False,True,False,False,False,4,305,3,,,,,,,,,,,,,,1.0
Brand,Links,Below inlink target,https://www.chewy.com/brands/virtually-indestructible-ball-13308,True,"Increase internal links from relevant navigation, PLPs, PDPs, or editorial surfaces.",4,The Virtually Indestructible Ball - Free shipping | Chewy,57,Shop Chewy for low prices and the best The Virtually Indestructible Ball! We carry a large selection and the top brands like The Virtually Indestructible Ball and more. Find everything you need in one place. FREE shipping on orders $49+ and the BEST customer service!,267,,The Virtually Indestructible Ball,1,virtually-indestructible-ball,True,True,False,False,True,False,False,False,4,304,3,,,,,,,,,,,,,,1.0
Brand,Links,Below inlink target,https://www.chewy.com/brands/thundercap-7606,True,"Increase internal links from relevant navigation, PLPs, PDPs, or editorial surfaces.",6,ThunderCap - Free shipping | Chewy,34,Shop Chewy for low prices and the best ThunderCap products! We carry a large selection and the top brands like ThunderCap and more. Find everything you need in one place. FREE shipping on orders $49+ and the BEST customer service!,230,,ThunderCap,1,thundercap,True,True,False,False,True,False,False,False,6,305,3,,,,,,,,,,,,,,1.0
Brand,Links,Below inlink target,https://www.chewy.com/brands/thundercover-7608,True,"Increase internal links from relevant navigation, PLPs, PDPs, or editorial surfaces.",4,ThunderCover - Free shipping | Chewy,36,Shop Chewy for low prices and the best ThunderCover products! We carry a large selection and the top brands like ThunderCover and more. Find everything you need in one place. FREE shipping on orders $49+ and the BEST customer service!,234,,ThunderCover,1,thundercover,True,True,False,False,True,False,False,False,4,306,3,,,,,,,,,,,,,,1.0
Brand,Links,Below inlink target,https://www.chewy.com/brands/thunderleash-7611,True,"Increase internal links from relevant navigation, PLPs, PDPs, or editorial surfaces.",4,ThunderLeash - Free shipping | Chewy,36,Shop Chewy for low prices and the best ThunderLeash products! We carry a large selection and the top brands like ThunderLeash and more. Find everything you need in one place. FREE shipping on orders $49+ and the BEST customer service!,234,thunderleash,ThunderLeash,1,thunderleash,True,True,False,False,True,False,False,False,4,305,3,,,,,,,1,1,,0,0,0,1,2.0
Brand,Links,Below inlink target,https://www.chewy.com/brands/thundersnap-7613,True,"Increase internal links from relevant navigation, PLPs, PDPs, or editorial surfaces.",3,ThunderSnap - Free shipping | Chewy,35,Shop Chewy for low prices and the best ThunderSnap products! We carry a large selection and the top brands like ThunderSnap and more. Find everything you need in one place. FREE shipping on orders $49+ and the BEST customer service!,232,thundersnap,ThunderSnap,1,thundersnap,True,True,False,False,True,False,False,False,3,306,3,,,,,,,1,1,2.0,1,0,0,0,1.0
Brand,Links,Below inlink target,https://www.chewy.com/brands/thyro-l-7011,True,"Increase internal links from relevant navigation, PLPs, PDPs, or editorial surfaces.",4,Thyro-L - Free shipping | Chewy,31,Shop Chewy for low prices and the best Thyro-L products! We carry a large selection and the top brands like Thyro-L and more. Find everything you need in one place. FREE shipping on orders $49+ and the BEST customer service!,224,,Thyro-L,1,thyro-l,True,True,False,False,True,False,False,False,4,305,3,,,,,,,,,,,,,,1.0
Brand,Links,Below inlink target,https://www.chewy.com/brands/thyrozine-12700,True,"Increase internal links from relevant navigation, PLPs, PDPs, or editorial surfaces.",2,Thyrozine - Free shipping | Chewy,33,Shop Chewy for low prices and the best Thyrozine products! We carry a large selection and the top brands like Thyrozine and more. Find everything you need in one place. FREE shipping on orders $49+ and the BEST customer service!,228,thyrozine,Thyrozine,1,thyrozine,True,True,False,False,True,False,False,False,2,304,3,,,,,,,1,1,21.0,0,0,1,0,1.0
Brand,Links,Below inlink target,https://www.chewy.com/brands/tranquil-7243,True,"Increase internal links from relevant navigation, PLPs, PDPs, or editorial surfaces.",5,TranQuil - Free shipping | Chewy,32,Shop Chewy for low prices and the best TranQuil products! We carry a large selection and the top brands like TranQuil and more. Find everything you need in one place. FREE shipping on orders $49+ and the BEST customer service!,226,,TranQuil,1,tranquil,True,True,False,False,True,False,False,False,5,306,3,,,,,,,,,,,,,,1.0
Brand,Links,Below inlink target,https://www.chewy.com/brands/tresaderm-6548,True,"Increase internal links from relevant navigation, PLPs, PDPs, or editorial surfaces.",6,Tresaderm - Free shipping | Chewy,33,Shop Chewy for low prices and the best Tresaderm products! We carry a large selection and the top brands like Tresaderm and more. Find everything you need in one place. FREE shipping on orders $49+ and the BEST customer service!,228,,Tresaderm,1,tresaderm,True,True,False,False,True,False,False,False,6,305,3,,,,,,,,,,,,,,2.0
Brand,Links,Below inlink target,https://www.chewy.com/brands/tripett-7267,True,"Increase internal links from relevant navigation, PLPs, PDPs, or editorial surfaces.",2,PetKind Tripett - Free shipping | Chewy,39,Shop Chewy for low prices and the best Tripett products! We carry a large selection and the top brands like PetKind and more. Find everything you need in one place. FREE shipping on orders $49+ and the BEST customer service!,224,,PetKind Tripett,1,tripett,True,True,False,False,True,False,False,False,2,321,3,,,,,,,,,,,,,,1.0
Brand,Links,Below inlink target,https://www.chewy.com/brands/trisha-yearwood-pet-collection-14215,True,"Increase internal links from relevant navigation, PLPs, PDPs, or editorial surfaces.",3,Trisha Yearwood Pet Collection - Free shipping | Chewy,54,Shop Chewy for low prices and the best Trisha Yearwood Pet Collection! We carry a large selection and the top brands like Trisha Yearwood Pet Collection and more. Find everything you need in one place. FREE shipping on orders $49+ and the BEST customer service!,261,trisha yearwood pet collection,Trisha Yearwood Pet Collection,1,trisha-yearwood-pet-collection,True,True,False,False,True,False,False,False,3,305,3,,,,,,,1,1,,0,0,0,1,1.0
Brand,Links,Below inlink target,https://www.chewy.com/brands/trizultra-6669,True,"Increase internal links from relevant navigation, PLPs, PDPs, or editorial surfaces.",5,TrizULTRA - Free shipping | Chewy,33,"Shop Chewy for low prices and the best TrizULTRA products! We carry a large selection and the top brands like TrizULTRA, MiconaHex+Triz, and more. Find everything you need in one place. FREE shipping on orders $49+ and the BEST customer service!",245,,TrizULTRA,1,trizultra,True,True,False,False,True,False,False,False,5,306,3,,,,,,,,,,,,,,1.0
Brand,Links,Below inlink target,https://www.chewy.com/brands/trp-6616,True,"Increase internal links from relevant navigation, PLPs, PDPs, or editorial surfaces.",5,TRP - Free shipping | Chewy,27,Shop Chewy for low prices and the best TRP products! We carry a large selection and the top brands like TRP and more. Find everything you need in one place. FREE shipping on orders $49+ and the BEST customer service!,216,,TRP,1,trp,True,True,False,False,True,False,False,False,5,306,3,,,,,,,,,,,,,,1.0
Brand,Links,Below inlink target,https://www.chewy.com/brands/trp-chondro-flex-107206,True,"Increase internal links from relevant navigation, PLPs, PDPs, or editorial surfaces.",4,TRP-Chondro-FLEX - Free shipping | Chewy,40,Shop Chewy for low prices and the best TRP-Chondro-FLEX products! We carry a large selection and the top brands like TRP-Chondro-FLEX and more. Find everything you need in one place. FREE shipping on orders $49+ and the BEST customer service!,242,trp-chondro-flex,TRP-Chondro-FLEX,1,trp-chondro-flex,True,True,False,False,True,False,False,False,4,305,3,,,,,,,1,1,9.0,1,0,0,0,1.0
Brand,Links,Below inlink target,https://www.chewy.com/brands/trudell-animal-health-7643,True,"Increase internal links from relevant navigation, PLPs, PDPs, or editorial surfaces.",5,Trudell Animal Health - Free shipping | Chewy,45,Shop Chewy for low prices and the best Trudell Animal Health! We carry a large selection and the top brands like Trudell Animal Health and more. Find everything you need in one place. FREE shipping on orders $49+ and the BEST customer service!,243,,Trudell Animal Health,1,trudell-animal-health,True,True,False,False,True,False,False,False,5,306,3,,,,,,,,,,,,,,1.0
Brand,Links,Below inlink target,https://www.chewy.com/brands/true-chews-7647,True,"Increase internal links from relevant navigation, PLPs, PDPs, or editorial surfaces.",1,True Chews - Free shipping | Chewy,34,Shop Chewy for low prices and the best True Chews! We carry a large selection and the top brands like Blue Buffalo and more. Find everything you need in one place. FREE shipping on orders $49+ and the BEST customer service!,223,true chews,True Chews,1,true-chews,True,True,False,False,True,False,False,False,1,325,3,,,,,,,1,1,2.0,1,0,0,0,5.0
Brand,Links,Below inlink target,https://www.chewy.com/brands/trustypup-7654,True,"Increase internal links from relevant navigation, PLPs, PDPs, or editorial surfaces.",7,TrustyPup - Free shipping | Chewy,33,Shop Chewy for low prices and the best TrustyPup products! We carry a large selection and the top brands like TrustyPup and more. Find everything you need in one place. FREE shipping on orders $49+ and the BEST customer service!,228,trustypup dog toys,TrustyPup,1,trustypup,True,True,False,False,True,False,False,False,7,309,3,,,,,,,2,2,6.0,2,0,0,0,7.0
Brand,Links,Below inlink target,https://www.chewy.com/brands/ulcergard-15501,True,"Increase internal links from relevant navigation, PLPs, PDPs, or editorial surfaces.",7,Ulcergard - Free shipping | Chewy,33,Shop Chewy for low prices and the best Ulcergard products! We carry a large selection and the top brands like Ulcergard and more. Find everything you need in one place. FREE shipping on orders $49+ and the BEST customer service!,228,ulcergard,Ulcergard,1,ulcergard,True,True,False,False,True,False,False,False,7,305,3,,,,,,,1,1,19.0,0,1,0,0,1.0
Brand,Links,Below inlink target,https://www.chewy.com/brands/urine-gone-13316,True,"Increase internal links from relevant navigation, PLPs, PDPs, or editorial surfaces.",3,Urine Gone - Free shipping | Chewy,34,Shop Chewy for low prices and the best Urine Gone! We carry a large selection and the top brands like Urine Gone and more. Find everything you need in one place. FREE shipping on orders $49+ and the BEST customer service!,221,urine gone,Urine Gone,1,urine-gone,True,True,False,False,True,False,False,False,3,305,3,,,,,,,1,1,,0,0,0,1,2.0
Brand,Links,Below inlink target,https://www.chewy.com/brands/veraflox-6510,True,"Increase internal links from relevant navigation, PLPs, PDPs, or editorial surfaces.",7,Veraflox - Free shipping | Chewy,32,Shop Chewy for low prices and the best Veraflox products! We carry a large selection and the top brands like Veraflox and more. Find everything you need in one place. FREE shipping on orders $49+ and the BEST customer service!,226,,Veraflox,1,veraflox,True,True,False,False,True,False,False,False,7,305,3,,,,,,,,,,,,,,1.0
Brand,Links,Below inlink target,https://www.chewy.com/brands/vesper-13677,True,"Increase internal links from relevant navigation, PLPs, PDPs, or editorial surfaces.",6,Vesper - Free shipping | Chewy,30,Shop Chewy for low prices and the best Vesper products! We carry a large selection and the top brands like Vesper and more. Find everything you need in one place. FREE shipping on orders $49+ and the BEST customer service!,222,,Vesper,1,vesper,True,True,False,False,True,False,False,False,6,306,3,,,,,,,,,,,,,,1.0
Brand,Links,Below inlink target,https://www.chewy.com/brands/vet-basics-7666,True,"Increase internal links from relevant navigation, PLPs, PDPs, or editorial surfaces.",4,Vet Basics - Free shipping | Chewy,34,Shop Chewy for low prices and the best Vet Basics! We carry a large selection and the top brands like Vet Basics and more. Find everything you need in one place. FREE shipping on orders $49+ and the BEST customer service!,221,vet basics,Vet Basics,1,vet-basics,True,True,False,False,True,False,False,False,4,306,3,,,,,,,1,1,5.0,1,0,0,0,1.0
Brand,Links,Below inlink target,https://www.chewy.com/brands/vet-organics-7671,True,"Increase internal links from relevant navigation, PLPs, PDPs, or editorial surfaces.",5,Vet Organics - Free shipping | Chewy,36,Shop Chewy for low prices and the best Vet Organics! We carry a large selection and the top brands like Vet Organics and more. Find everything you need in one place. FREE shipping on orders $49+ and the BEST customer service!,225,,Vet Organics,1,vet-organics,True,True,False,False,True,False,False,False,5,307,3,,,,,,,,,,,,,,1.0
Brand,Links,Below inlink target,https://www.chewy.com/brands/veterinary-select-15740,True,"Increase internal links from relevant navigation, PLPs, PDPs, or editorial surfaces.",3,Veterinary Select - Free shipping | Chewy,41,Shop Chewy for low prices and the best Veterinary Select! We carry a large selection and the top brands like Veterinary Select and more. Find everything you need in one place. FREE shipping on orders $49+ and the BEST customer service!,235,veterinary select,Veterinary Select,1,veterinary-select,True,True,False,False,True,False,False,False,3,305,3,,,,,,,1,1,28.0,0,0,1,0,1.0
Brand,Links,Below inlink target,https://www.chewy.com/brands/vetpen-114926,True,"Increase internal links from relevant navigation, PLPs, PDPs, or editorial surfaces.",5,VetPen - Free shipping | Chewy,30,Shop Chewy for low prices and the best VetPen products! We carry a large selection and the top brands like Vetpen and more. Find everything you need in one place. FREE shipping on orders $49+ and the BEST customer service!,222,,VetPen,1,vetpen,True,True,False,False,True,False,False,False,5,306,3,,,,,,,,,,,,,,1.0
Brand,Links,Below inlink target,https://www.chewy.com/brands/vetsulin-7047,True,"Increase internal links from relevant navigation, PLPs, PDPs, or editorial surfaces.",6,Vetsulin - Free shipping | Chewy,32,"Shop Chewy for low prices and the best Vetsulin products! We carry a large selection and the top brands like Vetsulin, Merck, and more. Find everything you need in one place. FREE shipping on orders $49+ and the BEST customer service!",234,,Vetsulin,1,vetsulin,True,True,False,False,True,False,False,False,6,307,3,,,,,,,,,,,,,,2.0
Brand,Links,Below inlink target,https://www.chewy.com/brands/viokase-v-7808,True,"Increase internal links from relevant navigation, PLPs, PDPs, or editorial surfaces.",5,Viokase-V - Free shipping | Chewy,33,Shop Chewy for low prices and the best Viokase-V products! We carry a large selection and the top brands like Viokase-V and more. Find everything you need in one place. FREE shipping on orders $49+ and the BEST customer service!,228,,Viokase-V,1,viokase-v,True,True,False,False,True,False,False,False,5,305,3,,,,,,,,,,,,,,1.0
Brand,Links,Below inlink target,https://www.chewy.com/brands/vita-soothe-107230,True,"Increase internal links from relevant navigation, PLPs, PDPs, or editorial surfaces.",4,Vita-Soothe - Free shipping | Chewy,35,Shop Chewy for low prices and the best Vita-Soothe products! We carry a large selection and the top brands like Vita-Soothe and more. Find everything you need in one place. FREE shipping on orders $49+ and the BEST customer service!,232,,Vita-Soothe,1,vita-soothe,True,True,False,False,True,False,False,False,4,305,3,,,,,,,,,,,,,,1.0
Brand,Links,Below inlink target,https://www.chewy.com/brands/vita-tabs-15722,True,"Increase internal links from relevant navigation, PLPs, PDPs, or editorial surfaces.",6,Vita-Tabs - Free shipping | Chewy,33,Shop Chewy for low prices and the best Vita-Tabs products! We carry a large selection and the top brands like Vita-Tabs and more. Find everything you need in one place. FREE shipping on orders $49+ and the BEST customer service!,228,vita-tabs,Vita-Tabs,1,vita-tabs,True,True,False,False,True,False,False,False,6,306,3,,,,,,,2,1,,0,0,0,2,1.0
Brand,Links,Below inlink target,https://www.chewy.com/brands/walky-dog-12698,True,"Increase internal links from relevant navigation, PLPs, PDPs, or editorial surfaces.",3,Walky Dog - Free shipping | Chewy,33,Shop Chewy for low prices and the best Walky Dog! We carry a large selection and the top brands like Walky Dog and more. Find everything you need in one place. FREE shipping on orders $49+ and the BEST customer service!,219,,Walky Dog,1,walky-dog,True,True,False,False,True,False,False,False,3,305,3,,,,,,,,,,,,,,1.0
Brand,Links,Below inlink target,https://www.chewy.com/brands/wigzi-7754,True,"Increase internal links from relevant navigation, PLPs, PDPs, or editorial surfaces.",6,Wigzi - Free shipping | Chewy,29,Shop Chewy for low prices and the best Wigzi products! We carry a large selection and the top brands like Wigzi and more. Find everything you need in one place. FREE shipping on orders $49+ and the BEST customer service!,220,wigzi,Wigzi,1,wigzi,True,True,False,False,True,False,False,False,6,306,3,,,,,,,1,1,17.0,0,1,0,0,4.0
Brand,Links,Below inlink target,https://www.chewy.com/brands/wisdom-panel-7756,True,"Increase internal links from relevant navigation, PLPs, PDPs, or editorial surfaces.",6,Wisdom Panel Dog DNA Breed & Health Test Kits - Free Shipping | Chewy,69,Shop Chewy for low prices on Wisdom Panel Dog DNA Breed and Health Test Kits. Wisdom Panel offers state-of-the-art test kits to find your dog's breed and health. FREE shipping on orders $49+ and the BEST customer service!,221,chewy dna test,Wisdom Panel,1,wisdom-panel,True,True,False,False,True,False,False,False,6,308,3,,,,,,,1,1,,0,0,0,1,2.0
Brand,Links,Below inlink target,https://www.chewy.com/brands/zimecterin-14914,True,"Increase internal links from relevant navigation, PLPs, PDPs, or editorial surfaces.",3,Zimecterin - Free shipping | Chewy,34,Shop Chewy for low prices and the best Zimecterin products! We carry a large selection and the top brands like Zimecterin and more. Find everything you need in one place. FREE shipping on orders $49+ and the BEST customer service!,230,,Zimecterin,1,zimecterin,True,True,False,False,True,False,False,False,3,305,3,,,,,,,,,,,,,,1.0
Brand,Links,Below inlink target,https://www.chewy.com/brands/zimecterin-gold-15503,True,"Increase internal links from relevant navigation, PLPs, PDPs, or editorial surfaces.",3,Zimecterin Gold - Free shipping | Chewy,39,Shop Chewy for low prices and the best Zimecterin Gold! We carry a large selection and the top brands like Zimecterin Gold and more. Find everything you need in one place. FREE shipping on orders $49+ and the BEST customer service!,231,,Zimecterin Gold,1,zimecterin-gold,True,True,False,False,True,False,False,False,3,305,3,,,,,,,,,,,,,,
Brand,Links,Below inlink target,https://www.chewy.com/brands/yeowww-7763,True,"Increase internal links from relevant navigation, PLPs, PDPs, or editorial surfaces.",1,Yeowww! - Free shipping | Chewy,31,Shop Chewy for low prices and the best Yeowww! products! We carry a large selection and the top brands like Yeowww! and more. Find everything you need in one place. FREE shipping on orders $49+ and the BEST customer service!,224,yeowww catnip toys,Yeowww!,1,yeowww,False,False,False,False,True,False,False,False,1,340,3,,,,,,,6,6,11.0,2,2,0,2,
Brand,Links,Below inlink target,https://www.chewy.com/brands/shop-cat-16529,True,"Increase internal links from relevant navigation, PLPs, PDPs, or editorial surfaces.",2,Bravecto for Cats - Free shipping | Chewy,41,Shop Chewy for low prices and the best Shop Cat! We carry a large selection and the top brands like Bravecto and more. Find everything you need in one place. FREE shipping on orders $49+ and the BEST customer service!,217,,Bravecto for Cats,1,shop-cat,True,True,False,False,True,False,False,False,2,311,3,,,,,,,,,,,,,,4.0
Brand,Links,Below inlink target,https://www.chewy.com/brands/chewy-made-dog-bones-chews-4286046,True,"Increase internal links from relevant navigation, PLPs, PDPs, or editorial surfaces.",1,Chewy Made™ Dog Bones & Chews | Chewy Exclusive Brand,53,"Shop Dog Bones and Chews from Chewy Made™, a Chewy Exclusive Brand. Discover Bully Sticks, Rawhide Treats, Stuffed Bones and more. Free shipping on orders $49+!",160,,Chewy Made Dog Bones & Chews,1,chewy-made-dog-bones-chews,True,True,False,False,True,False,False,False,1,329,3,,,,,,,,,,,,,,1.0
Brand,Links,Below inlink target,https://www.chewy.com/brands/chewy-made-soft-chewy-dog-treats-4286054,True,"Increase internal links from relevant navigation, PLPs, PDPs, or editorial surfaces.",1,Chewy Made™ Soft & Chewy Dog Treats | Chewy Exclusive Brand,59,"Shop Soft & Chewy Dog Treats from Chewy Made™, a Chewy Exclusive Brand. Discover soft baked treats, thick cut strips, and training bits for dogs. Free shipping on orders $49+!",175,,Chewy Made Soft & Chewy Dog Treats,1,chewy-made-soft-chewy-dog-treats,True,True,False,False,True,False,False,False,1,318,3,,,,,,,,,,,,,,1.0
Brand,Links,Below inlink target,https://www.chewy.com/brands/chewy-made-biscuits-crunchy-dog-4286070,True,"Increase internal links from relevant navigation, PLPs, PDPs, or editorial surfaces.",1,Chewy Made™ Dog Biscuits & Crunchy Treats | Chewy Exclusive Brand,65,"Shop Dog Biscuits & Crunchy Dog Treats from Chewy Made™, a Chewy Exclusive Brand. Discover peanut butter and salmon oven baked recipes that your pup will love. Free shipping on orders $49+!",189,,Chewy Made Biscuits & Crunchy Dog Treats,1,chewy-made-biscuits-crunchy-dog,True,True,False,False,True,False,False,False,1,307,3,,,,,,,,,,,,,,1.0
Brand,Links,Below inlink target,https://www.chewy.com/brands/insect-control-3969006,True,"Increase internal links from relevant navigation, PLPs, PDPs, or editorial surfaces.",2,Farnam Insect Control - Free shipping | Chewy,45,Shop Chewy for low prices and the best Insect Control! We carry a large selection and the top brands like American Journey and more. Find everything you need in one place. FREE shipping on orders $49+ and the BEST customer service!,231,,Farnam Insect Control,1,insect-control,True,True,False,False,True,False,False,False,2,330,3,,,,,,,,,,,,,,
Brand,Links,Below inlink target,https://www.chewy.com/brands/supplements-3969014,True,"Increase internal links from relevant navigation, PLPs, PDPs, or editorial surfaces.",2,Farnam Supplements - Free shipping | Chewy,42,Shop Chewy for low prices and the best Supplements products! We carry a large selection and the top brands like American Journey and more. Find everything you need in one place. FREE shipping on orders $49+ and the BEST customer service!,237,,Farnam Supplements,1,supplements,True,True,False,False,True,False,False,False,2,335,3,,,,,,,,,,,,,,1.0
Brand,Links,Below inlink target,https://www.chewy.com/brands/grooming-3969022,True,"Increase internal links from relevant navigation, PLPs, PDPs, or editorial surfaces.",2,Farnam Grooming Products - Free shipping | Chewy,48,Shop Chewy for low prices and the best Grooming products! We carry a large selection and the top brands like American Journey and more. Find everything you need in one place. FREE shipping on orders $49+ and the BEST customer service!,234,,Farnam Grooming Products,1,grooming,True,True,False,False,True,False,False,False,2,314,3,,,,,,,,,,,,,,
Brand,Links,Below inlink target,https://www.chewy.com/brands/topicals-3969030,True,"Increase internal links from relevant navigation, PLPs, PDPs, or editorial surfaces.",2,Farnam Topicals and First Aid - Free shipping | Chewy,53,Shop Chewy for low prices and the best Topicals products! We carry a large selection and the top brands like American Journey and more. Find everything you need in one place. FREE shipping on orders $49+ and the BEST customer service!,234,,Farnam Topicals and First Aid,1,topicals,True,True,False,False,True,False,False,False,2,316,3,,,,,,,,,,,,,,1.0
Brand,Links,Below inlink target,https://www.chewy.com/brands/hoof-care-3969038,True,"Increase internal links from relevant navigation, PLPs, PDPs, or editorial surfaces.",2,Farnam Hoof Care - Free shipping | Chewy,40,Shop Chewy for low prices and the best Hoof Care! We carry a large selection and the top brands like American Journey and more. Find everything you need in one place. FREE shipping on orders $49+ and the BEST customer service!,226,,Farnam Hoof Care,1,hoof-care,True,True,False,False,True,False,False,False,2,312,3,,,,,,,,,,,,,,
Brand,Links,Below inlink target,https://www.chewy.com/brands/leather-care-3969046,True,"Increase internal links from relevant navigation, PLPs, PDPs, or editorial surfaces.",2,Farnam Leather Care - Free shipping | Chewy,43,Shop Chewy for low prices and the best Leather Care! We carry a large selection and the top brands like American Journey and more. Find everything you need in one place. FREE shipping on orders $49+ and the BEST customer service!,229,,Farnam Leather Care,1,leather-care,True,True,False,False,True,False,False,False,2,308,3,,,,,,,,,,,,,,1.0
Brand,Links,Below inlink target,https://www.chewy.com/brands/dewormer-3969054,True,"Increase internal links from relevant navigation, PLPs, PDPs, or editorial surfaces.",2,Farnam Dewormer - Free shipping | Chewy,39,Shop Chewy for low prices and the best Dewormer products! We carry a large selection and the top brands like American Journey and more. Find everything you need in one place. FREE shipping on orders $49+ and the BEST customer service!,234,,Farnam Dewormer,1,dewormer,True,True,False,False,True,False,False,False,2,307,3,,,,,,,,,,,,,,
Brand,Links,Below inlink target,https://www.chewy.com/brands/advantedge-2685438,True,"Increase internal links from relevant navigation, PLPs, PDPs, or editorial surfaces.",4,Pro Plan AdvantEDGE Cat Food - Free shipping | Chewy,52,Shop Chewy for low prices and the best AdvantEDGE products! We carry a large selection and the top brands like American Journey and more. Find everything you need in one place. FREE shipping on orders $49+ and the BEST customer service!,236,,Pro Plan AdvantEDGE Cat Food,1,advantedge,True,True,False,False,True,False,False,False,4,310,3,,,,,,,,,,,,,,2.0
Brand,Links,Below inlink target,https://www.chewy.com/brands/senior-11891,True,"Increase internal links from relevant navigation, PLPs, PDPs, or editorial surfaces.",4,Purina Pro Plan Senior Cat Food - Free shipping | Chewy,55,Shop Chewy for low prices and the best Senior products! We carry a large selection and the top brands like American Journey and more. Find everything you need in one place. FREE shipping on orders $49+ and the BEST customer service!,232,purina pro plan senior cat food,Purina Pro Plan Senior Cat Food,1,senior,True,True,False,False,True,False,False,False,4,319,3,good,1317.0,good,0.055,,,2,2,8.5,2,0,0,0,6.0
Brand,Links,Below inlink target,https://www.chewy.com/brands/specialized-8333,True,"Increase internal links from relevant navigation, PLPs, PDPs, or editorial surfaces.",4,Purina Pro Plan Specialized Cat Food - Free shipping | Chewy,60,Shop Chewy for low prices and the best Specialized products! We carry a large selection and the top brands like American Journey and more. Find everything you need in one place. FREE shipping on orders $49+ and the BEST customer service!,237,,Purina Pro Plan Specialized Cat Food,1,specialized,True,True,False,False,True,False,False,False,4,346,3,,,,,,,,,,,,,,1.0
Brand,Links,Below inlink target,https://www.chewy.com/brands/liveclear-10831,True,"Increase internal links from relevant navigation, PLPs, PDPs, or editorial surfaces.",4,Purina Pro Plan LiveClear Cat Food - Free shipping | Chewy,58,Shop Chewy for low prices and the best LiveClear products! We carry a large selection and the top brands like American Journey and more. Find everything you need in one place. FREE shipping on orders $49+ and the BEST customer service!,235,purina pro plan liveclear cat food,Purina Pro Plan LiveClear Cat Food,1,liveclear,True,True,False,False,True,False,False,False,4,321,3,,,,,,,3,3,6.0,3,0,0,0,55.0
Brand,Links,Below inlink target,https://www.chewy.com/brands/complete-essentials-8334,True,"Increase internal links from relevant navigation, PLPs, PDPs, or editorial surfaces.",4,Purina Pro Plan Complete Essentials Cat Food - Free shipping | Chewy,68,Shop Chewy for low prices and the best Complete Essentials! We carry a large selection and the top brands like Purina Pro Plan and more. Find everything you need in one place. FREE shipping on orders $49+ and the BEST customer service!,235,purina pro plan complete essentials cat food,Purina Pro Plan Complete Essentials Cat Food,1,complete-essentials,True,True,False,False,True,False,False,False,4,337,3,,,,,,,2,2,12.0,1,1,0,0,4.0
Brand,Links,Below inlink target,https://www.chewy.com/brands/kitten-11889,True,"Increase internal links from relevant navigation, PLPs, PDPs, or editorial surfaces.",4,Purina Pro Plan Kitten Food - Free shipping | Chewy,51,Shop Chewy for low prices and the best Kitten products! We carry a large selection and the top brands like American Journey and more. Find everything you need in one place. FREE shipping on orders $49+ and the BEST customer service!,232,,Purina Pro Plan Kitten Food,1,kitten,True,True,False,False,True,False,False,False,4,320,3,,,,,,,,,,,,,,5.0
Brand,Links,Below inlink target,https://www.chewy.com/brands/adult-11890,True,"Increase internal links from relevant navigation, PLPs, PDPs, or editorial surfaces.",6,Purina Pro Plan Cat Food For Adult Cats - Free shipping | Chewy,63,Shop Chewy for low prices and the best Adult products! We carry a large selection and the top brands like American Journey and more. Find everything you need in one place. FREE shipping on orders $49+ and the BEST customer service!,231,purina pro plan cat food for adult cats,Purina Pro Plan Cat Food For Adult Cats,1,adult,True,True,False,False,True,False,False,True,6,345,3,,,,,,,1,1,,0,0,0,1,1.0
Brand,Links,Below inlink target,https://www.chewy.com/brands/supplements-168470,True,"Increase internal links from relevant navigation, PLPs, PDPs, or editorial surfaces.",4,Purina Pro Plan Supplements for Cats - Free shipping | Chewy,60,Shop Chewy for low prices and the best Supplements products! We carry a large selection and the top brands like American Journey and more. Find everything you need in one place. FREE shipping on orders $49+ and the BEST customer service!,237,,Purina Pro Plan Supplements for Cats,1,supplements,True,False,False,False,True,False,False,False,4,310,3,,,,,,,,,,,,,,1.0
Brand,Links,Below inlink target,https://www.chewy.com/brands/pupsicle-168134,True,"Increase internal links from relevant navigation, PLPs, PDPs, or editorial surfaces.",1,Woof Treat Dispensing Systems for Dogs - Free shipping | Chewy,62,Shop Chewy for low prices and the best Pupsicle products! We carry a large selection and the top brands like American Journey and more. Find everything you need in one place. FREE shipping on orders $49+ and the BEST customer service!,234,,Woof Treat Dispensing Systems for Dogs,1,pupsicle,True,True,False,False,True,False,False,False,1,324,3,,,,,,,,,,,,,,
Brand,Links,Below inlink target,https://www.chewy.com/brands/bullysafe-168142,True,"Increase internal links from relevant navigation, PLPs, PDPs, or editorial surfaces.",1,"Woof Bullysafe Treats, Chews and More - Free shipping | Chewy",61,Shop Chewy for low prices and the best Bullysafe products! We carry a large selection and the top brands like American Journey and more. Find everything you need in one place. FREE shipping on orders $49+ and the BEST customer service!,235,,"Woof Bullysafe Treats, Chews and More",1,bullysafe,True,True,False,False,True,False,False,False,1,309,3,,,,,,,,,,,,,,1.0
Brand,Links,Below inlink target,https://www.chewy.com/brands/lickmat-168150,True,"Increase internal links from relevant navigation, PLPs, PDPs, or editorial surfaces.",1,Woof LickMat & Lickable Treats for Dogs - Free shipping | Chewy,63,Shop Chewy for low prices and the best LickMat products! We carry a large selection and the top brands like American Journey and more. Find everything you need in one place. FREE shipping on orders $49+ and the BEST customer service!,233,,Woof LickMat & Lickable Treats for Dogs,1,lickmat,True,True,False,False,True,False,False,False,1,307,3,,,,,,,,,,,,,,1.0
Brand,Links,Below inlink target,https://www.chewy.com/brands/np-novel-protein-10535,True,"Increase internal links from relevant navigation, PLPs, PDPs, or editorial surfaces.",1,Blue Buffalo Natural Veterinary Diet NP Novel Protein for Dogs - Free shipping | Chewy,86,Shop Chewy for low prices and the best NP Novel Protein! We carry a large selection and the top brands like American Journey and more. Find everything you need in one place. FREE shipping on orders $49+ and the BEST customer service!,233,,Blue Buffalo Natural Veterinary Diet NP Novel Protein for Dogs,1,np-novel-protein,True,True,False,False,True,False,False,False,1,306,3,,,,,,,,,,,,,,1.0
Brand,Links,Below inlink target,https://www.chewy.com/brands/treats-3915910,True,"Increase internal links from relevant navigation, PLPs, PDPs, or editorial surfaces.",1,Treats - Free shipping | Chewy,30,Shop Chewy for low prices and the best Treats products! We carry a large selection and the top brands like American Journey and more. Find everything you need in one place. FREE shipping on orders $49+ and the BEST customer service!,232,,Treats,1,treats,True,True,False,False,True,False,False,False,1,308,3,,,,,,,,,,,,,,1.0
Brand,Links,Below inlink target,https://www.chewy.com/brands/performance-feeds-3916078,True,"Increase internal links from relevant navigation, PLPs, PDPs, or editorial surfaces.",1,Performance Feeds - Free shipping | Chewy,41,Shop Chewy for low prices and the best Performance Feeds! We carry a large selection and the top brands like American Journey and more. Find everything you need in one place. FREE shipping on orders $49+ and the BEST customer service!,234,,Performance Feeds,1,performance-feeds,True,True,False,False,True,False,False,False,1,313,3,,,,,,,,,,,,,,1.0
Brand,Links,Below inlink target,https://www.chewy.com/brands/gut-health-solutions-3916086,True,"Increase internal links from relevant navigation, PLPs, PDPs, or editorial surfaces.",1,Gut Health Solutions - Free shipping | Chewy,44,Shop Chewy for low prices and the best Gut Health Solutions! We carry a large selection and the top brands like American Journey and more. Find everything you need in one place. FREE shipping on orders $49+ and the BEST customer service!,237,,Gut Health Solutions,1,gut-health-solutions,True,True,False,False,True,False,False,False,1,307,3,,,,,,,,,,,,,,1.0
Brand,Links,Below inlink target,https://www.chewy.com/brands/ration-balancers-3916094,True,"Increase internal links from relevant navigation, PLPs, PDPs, or editorial surfaces.",1,Ration Balancers - Free shipping | Chewy,40,Shop Chewy for low prices and the best Ration Balancers! We carry a large selection and the top brands like American Journey and more. Find everything you need in one place. FREE shipping on orders $49+ and the BEST customer service!,233,,Ration Balancers,1,ration-balancers,True,True,False,False,True,False,False,False,1,308,3,,,,,,,,,,,,,,1.0
Brand,Links,Below inlink target,https://www.chewy.com/brands/senior-feeds-3916102,True,"Increase internal links from relevant navigation, PLPs, PDPs, or editorial surfaces.",1,Senior Feeds - Free shipping | Chewy,36,Shop Chewy for low prices and the best Senior Feeds! We carry a large selection and the top brands like American Journey and more. Find everything you need in one place. FREE shipping on orders $49+ and the BEST customer service!,229,,Senior Feeds,1,senior-feeds,True,True,False,False,True,False,False,False,1,307,3,,,,,,,,,,,,,,1.0
Brand,Links,Below inlink target,https://www.chewy.com/brands/fat-supplements-3916110,True,"Increase internal links from relevant navigation, PLPs, PDPs, or editorial surfaces.",1,Fat Supplements - Free shipping | Chewy,39,Shop Chewy for low prices and the best Fat Supplements! We carry a large selection and the top brands like American Journey and more. Find everything you need in one place. FREE shipping on orders $49+ and the BEST customer service!,232,,Fat Supplements,1,fat-supplements,True,True,False,False,True,False,False,False,1,309,3,,,,,,,,,,,,,,1.0
Brand,Links,Below inlink target,https://www.chewy.com/brands/shop-by-cat-11283,True,"Increase internal links from relevant navigation, PLPs, PDPs, or editorial surfaces.",4,Vital Essentials for Cats - Free shipping | Chewy,49,Shop Chewy for low prices and the best Shop By Cat! We carry a large selection and the top brands like Vital Essentials and more. Find everything you need in one place. FREE shipping on orders $49+ and the BEST customer service!,228,,Vital Essentials for Cats,1,shop-by-cat,True,True,False,False,True,False,False,False,4,341,3,,,,,,,,,,,,,,1.0
Brand,Links,Below inlink target,https://www.chewy.com/brands/pure-9824,True,"Increase internal links from relevant navigation, PLPs, PDPs, or editorial surfaces.",5,CANIDAE Pure for Dogs - Free shipping | Chewy,45,Shop Chewy for low prices and the best Pure products! We carry a large selection and the top brands like CANIDAE and more. Find everything you need in one place. FREE shipping on orders $49+ and the BEST customer service!,221,canidae pure for dogs,CANIDAE Pure for Dogs,1,pure,True,True,False,False,True,False,False,False,5,342,3,,,,,,,1,1,16.0,0,1,0,0,1.0
Brand,Links,Below inlink target,https://www.chewy.com/brands/petlabco-15522,True,"Increase internal links from relevant navigation, PLPs, PDPs, or editorial surfaces.",0,PetLabCo. - Free shipping | Chewy,33,Shop Chewy for low prices and the best PetLabCo. products! We carry a large selection and the top brands like American Journey and more. Find everything you need in one place. FREE shipping on orders $49+ and the BEST customer service!,235,petlab co.,PetLabCo.,1,petlabco,False,False,False,False,True,False,False,True,0,341,3,,,,,,,1,1,8.0,1,0,0,0,
Brand,Links,Below inlink target,https://www.chewy.com/brands/shop-by-cat-159038,True,"Increase internal links from relevant navigation, PLPs, PDPs, or editorial surfaces.",1,Shop Pet Honesty for Cats - Free shipping | Chewy,49,Shop Chewy for low prices and the best Shop by Cat! We carry a large selection and the top brands like American Journey and more. Find everything you need in one place. FREE shipping on orders $49+ and the BEST customer service!,228,,Shop Pet Honesty for Cats,1,shop-by-cat,False,False,False,False,True,False,False,False,1,328,3,,,,,,,,,,,,,,
Brand,Links,Below inlink target,https://www.chewy.com/brands/dental-122094,True,"Increase internal links from relevant navigation, PLPs, PDPs, or editorial surfaces.",4,Vibeful Dental Chews - Free shipping | Chewy,44,Shop Chewy for low prices and the best Dental products! We carry a large selection and the top brands like American Journey and more. Find everything you need in one place. FREE shipping on orders $49+ and the BEST customer service!,232,,Vibeful Dental Chews,1,dental,True,True,False,False,True,False,False,False,4,308,3,,,,,,,,,,,,,,1.0
Brand,Links,Below inlink target,https://www.chewy.com/brands/hip-joint-107286,True,"Increase internal links from relevant navigation, PLPs, PDPs, or editorial surfaces.",2,Vibeful Hip & Joint - Free shipping | Chewy,43,Shop Chewy for low prices and the best Hip & Joint! We carry a large selection and the top brands like American Journey and more. Find everything you need in one place. FREE shipping on orders $49+ and the BEST customer service!,228,,Vibeful Hip & Joint,1,hip-joint,True,True,False,False,True,False,False,False,2,310,3,,,,,,,,,,,,,,1.0
Brand,Links,Below inlink target,https://www.chewy.com/brands/trial-sized-157654,True,"Increase internal links from relevant navigation, PLPs, PDPs, or editorial surfaces.",4,Trial Sized Vibeful Supplements - Free shipping | Chewy,55,Shop Chewy for low prices and the best Trial Sized! We carry a large selection and the top brands like American Journey and more. Find everything you need in one place. FREE shipping on orders $49+ and the BEST customer service!,228,,Trial Sized Vibeful Supplements,1,trial-sized,True,True,False,False,True,False,False,False,4,313,3,,,,,,,,,,,,,,1.0
Brand,Links,Below inlink target,https://www.chewy.com/brands/royal-canin-veterinary-diet-7490,True,"Increase internal links from relevant navigation, PLPs, PDPs, or editorial surfaces.",3,"Royal Canin Veterinary Diet: Low Prices, Free Shipping | Chewy",62,"Shop Chewy for low prices on Royal Canin Veterinary Diet Dog and Cat Food. We carry a wide selection of Royal Canin Veterinary Diet products to help with bladder issues, kidney and liver support, weight control, digestive support, skin and coat for all size breeds. FREE shipping on orders $49+ and the BEST customer service!",325,royal canin veterinary diet dog food,Royal Canin Veterinary Diet,1,royal-canin-veterinary-diet,False,False,False,False,True,False,False,True,3,345,3,,,,,,,7,7,5.5,5,1,0,1,
Brand,Links,Below inlink target,https://www.chewy.com/brands/urinary-health-10548,True,"Increase internal links from relevant navigation, PLPs, PDPs, or editorial surfaces.",2,Royal Canin Veterinary Diet Urinary Health for Dogs - Free shipping | Chewy,75,Shop Chewy for low prices and the best Urinary Health! We carry a large selection and the top brands like Royal Canin Veterinary Diet and more. Find everything you need in one place. FREE shipping on orders $49+ and the BEST customer service!,242,,Royal Canin Veterinary Diet Urinary Health for Dogs,1,urinary-health,True,True,False,False,True,False,False,False,2,319,3,,,,,,,,,,,,,,1.0
Brand,Links,Below inlink target,https://www.chewy.com/brands/kidney-liver-support-10549,True,"Increase internal links from relevant navigation, PLPs, PDPs, or editorial surfaces.",2,Royal Canin Veterinary Diet Kidney & Liver Support for Dogs - Free shipping | Chewy,83,Shop Chewy for low prices and the best Kidney & Liver Support! We carry a large selection and the top brands like Royal Canin Veterinary Diet and more. Find everything you need in one place. FREE shipping on orders $49+ and the BEST customer service!,250,royal canin veterinary diet kidney and liver support for dogs,Royal Canin Veterinary Diet Kidney & Liver Support for Dogs,1,kidney-liver-support,True,True,False,False,True,False,False,False,2,319,3,,,,,,,2,2,2.5,2,0,0,0,1.0
Brand,Links,Below inlink target,https://www.chewy.com/brands/weight-control-10550,True,"Increase internal links from relevant navigation, PLPs, PDPs, or editorial surfaces.",2,Royal Canin Veterinary Diet Weight Control for Dogs - Free shipping | Chewy,75,Shop Chewy for low prices and the best Weight Control! We carry a large selection and the top brands like Royal Canin Veterinary Diet and more. Find everything you need in one place. FREE shipping on orders $49+ and the BEST customer service!,242,,Royal Canin Veterinary Diet Weight Control for Dogs,1,weight-control,True,True,False,False,True,False,False,False,2,320,3,,,,,,,,,,,,,,1.0
Brand,Links,Below inlink target,https://www.chewy.com/brands/digestive-support-10551,True,"Increase internal links from relevant navigation, PLPs, PDPs, or editorial surfaces.",2,Royal Canin Veterinary Diet Digestive Support for Dogs - Free shipping | Chewy,78,Shop Chewy for low prices and the best Digestive Support! We carry a large selection and the top brands like Royal Canin Veterinary Diet and more. Find everything you need in one place. FREE shipping on orders $49+ and the BEST customer service!,245,royal canin veterinary diet digestive support for dogs,Royal Canin Veterinary Diet Digestive Support for Dogs,1,digestive-support,True,True,False,False,True,False,False,False,2,326,3,,,,,,,1,1,,0,0,0,1,1.0
Brand,Links,Below inlink target,https://www.chewy.com/brands/skin-coat-10553,True,"Increase internal links from relevant navigation, PLPs, PDPs, or editorial surfaces.",3,Royal Canin Veterinary Diet Skin & Coat for Dogs - Free shipping | Chewy,72,Shop Chewy for low prices and the best Skin & Coat! We carry a large selection and the top brands like Royal Canin Veterinary Diet and more. Find everything you need in one place. FREE shipping on orders $49+ and the BEST customer service!,239,royal canin veterinary diet skin and coat for dogs,Royal Canin Veterinary Diet Skin & Coat for Dogs,1,skin-coat,True,True,False,False,True,False,False,False,3,327,3,,,,,,,2,2,3.5,2,0,0,0,3.0
Brand,Links,Below inlink target,https://www.chewy.com/brands/digestive-care-169758,True,"Increase internal links from relevant navigation, PLPs, PDPs, or editorial surfaces.",2,Hill's Prescription Diet Digestive Care for Dogs - Free shipping | Chewy,72,Shop Chewy for low prices and the best Digestive Care! We carry a large selection and the top brands like American Journey and more. Find everything you need in one place. FREE shipping on orders $49+ and the BEST customer service!,231,,Hill's Prescription Diet Digestive Care for Dogs,1,digestive-care,True,True,False,False,True,False,False,False,2,334,3,,,,,,,,,,,,,,
Brand,Links,Below inlink target,https://www.chewy.com/brands/urinary-care-169766,True,"Increase internal links from relevant navigation, PLPs, PDPs, or editorial surfaces.",2,Hill's Prescription Diet Urinary Care for Dogs - Free shipping | Chewy,70,Shop Chewy for low prices and the best Urinary Care! We carry a large selection and the top brands like American Journey and more. Find everything you need in one place. FREE shipping on orders $49+ and the BEST customer service!,229,,Hill's Prescription Diet Urinary Care for Dogs,1,urinary-care,True,True,False,False,True,False,False,False,2,319,3,,,,,,,,,,,,,,1.0
Brand,Links,Below inlink target,https://www.chewy.com/brands/weight-management-169774,True,"Increase internal links from relevant navigation, PLPs, PDPs, or editorial surfaces.",2,Hill's Prescription Diet Weight Management for Dogs - Free shipping | Chewy,75,Shop Chewy for low prices and the best Weight Management! We carry a large selection and the top brands like American Journey and more. Find everything you need in one place. FREE shipping on orders $49+ and the BEST customer service!,234,hills prescription diet weight,Hill's Prescription Diet Weight Management for Dogs,1,weight-management,True,True,False,False,True,False,False,False,2,322,3,,,,,,,1,1,26.0,0,0,1,0,1.0
Brand,Links,Below inlink target,https://www.chewy.com/brands/kidney-care-169790,True,"Increase internal links from relevant navigation, PLPs, PDPs, or editorial surfaces.",2,Hill's Prescription Diet Kidney Care for Dogs - Free shipping | Chewy,69,Shop Chewy for low prices and the best Kidney Care! We carry a large selection and the top brands like American Journey and more. Find everything you need in one place. FREE shipping on orders $49+ and the BEST customer service!,228,,Hill's Prescription Diet Kidney Care for Dogs,1,kidney-care,True,True,False,False,True,False,False,False,2,318,3,,,,,,,,,,,,,,1.0
Brand,Links,Below inlink target,https://www.chewy.com/brands/cancer-patient-support-169798,True,"Increase internal links from relevant navigation, PLPs, PDPs, or editorial surfaces.",2,Hill's Prescription Diet Cancer Patient Support for Dogs - Free shipping | Chewy,80,Shop Chewy for low prices and the best Cancer Patient Support! We carry a large selection and the top brands like American Journey and more. Find everything you need in one place. FREE shipping on orders $49+ and the BEST customer service!,239,,Hill's Prescription Diet Cancer Patient Support for Dogs,1,cancer-patient-support,True,True,False,False,True,False,False,False,2,307,3,,,,,,,,,,,,,,1.0
Brand,Links,Below inlink target,https://www.chewy.com/brands/d-8903,True,"Increase internal links from relevant navigation, PLPs, PDPs, or editorial surfaces.",2,Hill's Prescription Diet a/d for Dogs - Free shipping | Chewy,61,Shop Chewy for low prices and the best a/d products! We carry a large selection and the top brands like American Journey and more. Find everything you need in one place. FREE shipping on orders $49+ and the BEST customer service!,229,,Hill's Prescription Diet a/d for Dogs,1,d,True,False,False,False,True,False,False,False,2,306,3,,,,,,,,,,,,,,1.0
Brand,Links,Below inlink target,https://www.chewy.com/brands/bd-8904,True,"Increase internal links from relevant navigation, PLPs, PDPs, or editorial surfaces.",2,Hill's Prescription Diet b/d for Dogs - Free shipping | Chewy,61,Shop Chewy for low prices and the best b/d products! We carry a large selection and the top brands like American Journey and more. Find everything you need in one place. FREE shipping on orders $49+ and the BEST customer service!,229,,Hill's Prescription Diet b/d for Dogs,1,bd,True,True,False,False,True,False,False,False,2,306,3,,,,,,,,,,,,,,1.0
Brand,Links,Below inlink target,https://www.chewy.com/brands/cd-8905,True,"Increase internal links from relevant navigation, PLPs, PDPs, or editorial surfaces.",2,Hill's Prescription Diet c/d for Dogs - Free shipping | Chewy,61,Shop Chewy for low prices and the best c/d products! We carry a large selection and the top brands like American Journey and more. Find everything you need in one place. FREE shipping on orders $49+ and the BEST customer service!,229,,Hill's Prescription Diet c/d for Dogs,1,cd,True,True,False,False,True,False,False,False,2,313,3,,,,,,,,,,,,,,2.0
Brand,Links,Below inlink target,https://www.chewy.com/brands/derm-complete-14265,True,"Increase internal links from relevant navigation, PLPs, PDPs, or editorial surfaces.",2,Hill's Prescription Diet Derm Complete for Dogs - Free shipping | Chewy,71,Shop Chewy for low prices and the best Derm Complete! We carry a large selection and the top brands like American Journey and more. Find everything you need in one place. FREE shipping on orders $49+ and the BEST customer service!,230,,Hill's Prescription Diet Derm Complete for Dogs,1,derm-complete,True,True,False,False,True,False,False,False,2,308,3,,,,,,,,,,,,,,2.0
Brand,Links,Below inlink target,https://www.chewy.com/brands/dd-8906,True,"Increase internal links from relevant navigation, PLPs, PDPs, or editorial surfaces.",2,Hill's Prescription Diet d/d for Dogs - Free shipping | Chewy,61,Shop Chewy for low prices and the best d/d products! We carry a large selection and the top brands like American Journey and more. Find everything you need in one place. FREE shipping on orders $49+ and the BEST customer service!,229,,Hill's Prescription Diet d/d for Dogs,1,dd,True,True,False,False,True,False,False,False,2,312,3,,,,,,,,,,,,,,1.0
Brand,Links,Below inlink target,https://www.chewy.com/brands/gastrointestinal-biome-12633,True,"Increase internal links from relevant navigation, PLPs, PDPs, or editorial surfaces.",2,Hill's Gastrointestinal Biome Dog Food (Free Shipping) | Chewy,62,Shop Chewy for low prices and the best Gastrointestinal Biome! We carry a large selection and the top brands like American Journey and more. Find everything you need in one place. FREE shipping on orders $49+ and the BEST customer service!,239,,Hill's Gastrointestinal Biome Dog Food,1,gastrointestinal-biome,True,True,False,False,True,False,False,False,2,307,3,good,1280.0,good,0.01,,,,,,,,,,1.0
Brand,Links,Below inlink target,https://www.chewy.com/brands/hd-8908,True,"Increase internal links from relevant navigation, PLPs, PDPs, or editorial surfaces.",2,Hill's Prescription Diet h/d for Dogs - Free shipping | Chewy,61,Shop Chewy for low prices and the best h/d products! We carry a large selection and the top brands like American Journey and more. Find everything you need in one place. FREE shipping on orders $49+ and the BEST customer service!,229,,Hill's Prescription Diet h/d for Dogs,1,hd,True,True,False,False,True,False,False,False,2,306,3,,,,,,,,,,,,,,1.0
Brand,Links,Below inlink target,https://www.chewy.com/brands/id-8909,True,"Increase internal links from relevant navigation, PLPs, PDPs, or editorial surfaces.",2,Hill's Prescription Diet i/d for Dogs - Free shipping | Chewy,61,Shop Chewy for low prices and the best i/d products! We carry a large selection and the top brands like American Journey and more. Find everything you need in one place. FREE shipping on orders $49+ and the BEST customer service!,229,,Hill's Prescription Diet i/d for Dogs,1,id,True,True,False,False,True,False,False,False,2,313,3,good,1316.0,good,0.025,,,,,,,,,,2.0
Brand,Links,Below inlink target,https://www.chewy.com/brands/jd-8910,True,"Increase internal links from relevant navigation, PLPs, PDPs, or editorial surfaces.",2,Hill's Prescription Diet j/d for Dogs - Free shipping | Chewy,61,Shop Chewy for low prices and the best j/d products! We carry a large selection and the top brands like American Journey and more. Find everything you need in one place. FREE shipping on orders $49+ and the BEST customer service!,229,,Hill's Prescription Diet j/d for Dogs,1,jd,True,True,False,False,True,False,False,False,2,307,3,,,,,,,,,,,,,,1.0
Brand,Links,Below inlink target,https://www.chewy.com/brands/kd-8911,True,"Increase internal links from relevant navigation, PLPs, PDPs, or editorial surfaces.",2,Hill's Prescription Diet k/d for Dogs - Free shipping | Chewy,61,Shop Chewy for low prices and the best k/d products! We carry a large selection and the top brands like American Journey and more. Find everything you need in one place. FREE shipping on orders $49+ and the BEST customer service!,229,,Hill's Prescription Diet k/d for Dogs,1,kd,True,True,False,False,True,False,False,False,2,314,3,,,,,,,,,,,,,,1.0
Brand,Links,Below inlink target,https://www.chewy.com/brands/ld-8912,True,"Increase internal links from relevant navigation, PLPs, PDPs, or editorial surfaces.",2,Hill's Prescription Diet l/d for Dogs - Free shipping | Chewy,61,Shop Chewy for low prices and the best l/d products! We carry a large selection and the top brands like American Journey and more. Find everything you need in one place. FREE shipping on orders $49+ and the BEST customer service!,229,,Hill's Prescription Diet l/d for Dogs,1,ld,True,True,False,False,True,False,False,False,2,307,3,,,,,,,,,,,,,,1.0
Brand,Links,Below inlink target,https://www.chewy.com/brands/metabolic-8913,True,"Increase internal links from relevant navigation, PLPs, PDPs, or editorial surfaces.",2,Hill's Prescription Diet Metabolic for Dogs - Free shipping | Chewy,67,Shop Chewy for low prices and the best Metabolic products! We carry a large selection and the top brands like American Journey and more. Find everything you need in one place. FREE shipping on orders $49+ and the BEST customer service!,235,,Hill's Prescription Diet Metabolic for Dogs,1,metabolic,True,True,False,False,True,False,False,False,2,314,3,,,,,,,,,,,,,,1.0
Brand,Links,Below inlink target,https://www.chewy.com/brands/rd-8914,True,"Increase internal links from relevant navigation, PLPs, PDPs, or editorial surfaces.",2,Hill's Prescription Diet r/d for Dogs - Free shipping | Chewy,61,Shop Chewy for low prices and the best r/d products! We carry a large selection and the top brands like American Journey and more. Find everything you need in one place. FREE shipping on orders $49+ and the BEST customer service!,229,,Hill's Prescription Diet r/d for Dogs,1,rd,True,True,False,False,True,False,False,False,2,307,3,,,,,,,,,,,,,,1.0
Brand,Links,Below inlink target,https://www.chewy.com/brands/td-8916,True,"Increase internal links from relevant navigation, PLPs, PDPs, or editorial surfaces.",2,Hill's Prescription Diet t/d for Dogs - Free shipping | Chewy,61,Shop Chewy for low prices and the best t/d products! We carry a large selection and the top brands like American Journey and more. Find everything you need in one place. FREE shipping on orders $49+ and the BEST customer service!,229,,Hill's Prescription Diet t/d for Dogs,1,td,True,True,False,False,True,False,False,False,2,307,3,,,,,,,,,,,,,,1.0
Brand,Links,Below inlink target,https://www.chewy.com/brands/ud-8917,True,"Increase internal links from relevant navigation, PLPs, PDPs, or editorial surfaces.",2,Hill's Prescription Diet u/d for Dogs - Free shipping | Chewy,61,Shop Chewy for low prices and the best u/d products! We carry a large selection and the top brands like American Journey and more. Find everything you need in one place. FREE shipping on orders $49+ and the BEST customer service!,229,,Hill's Prescription Diet u/d for Dogs,1,ud,True,True,False,False,True,False,False,False,2,307,3,,,,,,,,,,,,,,1.0
Brand,Links,Below inlink target,https://www.chewy.com/brands/wd-8918,True,"Increase internal links from relevant navigation, PLPs, PDPs, or editorial surfaces.",2,Hill's Prescription Diet w/d for Dogs - Free shipping | Chewy,61,Shop Chewy for low prices and the best w/d products! We carry a large selection and the top brands like American Journey and more. Find everything you need in one place. FREE shipping on orders $49+ and the BEST customer service!,229,,Hill's Prescription Diet w/d for Dogs,1,wd,True,True,False,False,True,False,False,False,2,308,3,,,,,,,,,,,,,,1.0
Brand,Links,Below inlink target,https://www.chewy.com/brands/zd-8919,True,"Increase internal links from relevant navigation, PLPs, PDPs, or editorial surfaces.",2,Hill's Prescription Diet z/d for Dogs - Free shipping | Chewy,61,Shop Chewy for low prices and the best z/d products! We carry a large selection and the top brands like American Journey and more. Find everything you need in one place. FREE shipping on orders $49+ and the BEST customer service!,229,,Hill's Prescription Diet z/d for Dogs,1,zd,True,True,False,False,True,False,False,False,2,312,3,good,1489.0,good,0.019999999999999997,,,,,,,,,,6.0
Brand,Links,Below inlink target,https://www.chewy.com/brands/dry-food-12063,True,"Increase internal links from relevant navigation, PLPs, PDPs, or editorial surfaces.",7,Instinct Dry Cat Food - Free shipping | Chewy,45,Shop Chewy for low prices and the best Dry Food! We carry a large selection and the top brands like Instinct and more. Find everything you need in one place. FREE shipping on orders $49+ and the BEST customer service!,217,instinct dry cat food,Instinct Dry Cat Food,1,dry-food,True,True,False,False,True,False,False,False,7,322,3,,,,,,,2,2,5.0,1,0,0,1,4.0
Brand,Links,Below inlink target,https://www.chewy.com/brands/anxiety-141446,True,"Increase internal links from relevant navigation, PLPs, PDPs, or editorial surfaces.",1,Tiki Cat Anxiety Cat Food - Free shipping | Chewy,49,Shop Chewy for low prices and the best Anxiety products! We carry a large selection and the top brands like American Journey and more. Find everything you need in one place. FREE shipping on orders $49+ and the BEST customer service!,233,,Tiki Cat Anxiety Cat Food,1,anxiety,True,True,False,False,True,False,False,False,1,307,3,,,,,,,,,,,,,,
Brand,Links,Below inlink target,https://www.chewy.com/brands/diabetes-141462,True,"Increase internal links from relevant navigation, PLPs, PDPs, or editorial surfaces.",1,Tiki Cat Diabetes Cat Food - Free shipping | Chewy,50,Shop Chewy for low prices and the best Diabetes products! We carry a large selection and the top brands like American Journey and more. Find everything you need in one place. FREE shipping on orders $49+ and the BEST customer service!,234,,Tiki Cat Diabetes Cat Food,1,diabetes,True,True,False,False,True,False,False,False,1,309,3,,,,,,,,,,,,,,1.0
Brand,Links,Below inlink target,https://www.chewy.com/brands/digestive-issues-141478,True,"Increase internal links from relevant navigation, PLPs, PDPs, or editorial surfaces.",1,Tiki Cat Digestive Issues Cat Food - Free shipping | Chewy,58,Shop Chewy for low prices and the best Digestive Issues! We carry a large selection and the top brands like American Journey and more. Find everything you need in one place. FREE shipping on orders $49+ and the BEST customer service!,233,,Tiki Cat Digestive Issues Cat Food,1,digestive-issues,True,True,False,False,True,False,False,False,1,309,3,,,,,,,,,,,,,,1.0
Brand,Links,Below inlink target,https://www.chewy.com/brands/unhealthy-weight-141486,True,"Increase internal links from relevant navigation, PLPs, PDPs, or editorial surfaces.",1,Tiki Cat Unhealthy Weight Cat Food - Free shipping | Chewy,58,Shop Chewy for low prices and the best Unhealthy Weight! We carry a large selection and the top brands like American Journey and more. Find everything you need in one place. FREE shipping on orders $49+ and the BEST customer service!,233,,Tiki Cat Unhealthy Weight Cat Food,1,unhealthy-weight,True,True,False,False,True,False,False,False,1,309,3,,,,,,,,,,,,,,
Brand,Links,Below inlink target,https://www.chewy.com/brands/urinary-tract-health-141502,True,"Increase internal links from relevant navigation, PLPs, PDPs, or editorial surfaces.",1,Tiki Cat Urinary Tract Health Cat Food - Free shipping | Chewy,62,Shop Chewy for low prices and the best Urinary Tract Health! We carry a large selection and the top brands like American Journey and more. Find everything you need in one place. FREE shipping on orders $49+ and the BEST customer service!,237,chewy urinary cat food,Tiki Cat Urinary Tract Health Cat Food,1,urinary-tract-health,True,True,False,False,True,False,False,False,1,309,3,,,,,,,1,1,,0,0,0,1,1.0
Brand,Links,Below inlink target,https://www.chewy.com/brands/odor-shield-2928494,True,"Increase internal links from relevant navigation, PLPs, PDPs, or editorial surfaces.",1,Shop Fresh Step Odor Shield Litter for Cats - Free shipping | Chewy,67,Shop Chewy for low prices and the best Odor Shield! We carry a large selection and the top brands like American Journey and more. Find everything you need in one place. FREE shipping on orders $49+ and the BEST customer service!,228,,Shop Fresh Step Odor Shield Litter for Cats,1,odor-shield,True,True,False,False,True,False,False,False,1,310,3,,,,,,,,,,,,,,1.0
Brand,Links,Below inlink target,https://www.chewy.com/brands/extreme-clump-2928502,True,"Increase internal links from relevant navigation, PLPs, PDPs, or editorial surfaces.",1,Shop Fresh Step Extreme Clump Litter for Cats - Free shipping | Chewy,69,Shop Chewy for low prices and the best Extreme Clump! We carry a large selection and the top brands like American Journey and more. Find everything you need in one place. FREE shipping on orders $49+ and the BEST customer service!,230,,Shop Fresh Step Extreme Clump Litter for Cats,1,extreme-clump,True,True,False,False,True,False,False,False,1,305,3,,,,,,,,,,,,,,1.0
Brand,Links,Below inlink target,https://www.chewy.com/brands/lightweight-390110,True,"Increase internal links from relevant navigation, PLPs, PDPs, or editorial surfaces.",1,Shop Fresh Step Lightweight Litter for Cats - Free shipping | Chewy,67,Shop Chewy for low prices and the best Lightweight products! We carry a large selection and the top brands like American Journey and more. Find everything you need in one place. FREE shipping on orders $49+ and the BEST customer service!,237,,Shop Fresh Step Lightweight Litter for Cats,1,lightweight,True,True,False,False,True,False,False,False,1,306,3,,,,,,,,,,,,,,1.0
Brand,Links,Below inlink target,https://www.chewy.com/brands/crystals-390102,True,"Increase internal links from relevant navigation, PLPs, PDPs, or editorial surfaces.",1,Shop Fresh Step Crystal Litter for Cats - Free shipping | Chewy,63,Shop Chewy for low prices and the best Crystals products! We carry a large selection and the top brands like American Journey and more. Find everything you need in one place. FREE shipping on orders $49+ and the BEST customer service!,234,,Shop Fresh Step Crystal Litter for Cats,1,crystals,True,True,False,False,True,False,False,False,1,305,3,,,,,,,,,,,,,,1.0
Brand,Links,Below inlink target,https://www.chewy.com/brands/heavy-duty-2928510,True,"Increase internal links from relevant navigation, PLPs, PDPs, or editorial surfaces.",1,Shop Fresh Step Heavy Duty Litter for Cats - Free shipping | Chewy,66,Shop Chewy for low prices and the best Heavy Duty! We carry a large selection and the top brands like American Journey and more. Find everything you need in one place. FREE shipping on orders $49+ and the BEST customer service!,227,,Shop Fresh Step Heavy Duty Litter for Cats,1,heavy-duty,True,True,False,False,True,False,False,False,1,305,3,,,,,,,,,,,,,,1.0
Brand,Links,Below inlink target,https://www.chewy.com/brands/clean-paws-2928518,True,"Increase internal links from relevant navigation, PLPs, PDPs, or editorial surfaces.",1,Shop Fresh Step Clean Paws Litter for Cats - Free shipping | Chewy,66,Shop Chewy for low prices and the best Clean Paws! We carry a large selection and the top brands like American Journey and more. Find everything you need in one place. FREE shipping on orders $49+ and the BEST customer service!,227,,Shop Fresh Step Clean Paws Litter for Cats,1,clean-paws,True,True,False,False,True,False,False,False,1,306,3,,,,,,,,,,,,,,1.0
Brand,Links,Below inlink target,https://www.chewy.com/brands/odor-control-157838,True,"Increase internal links from relevant navigation, PLPs, PDPs, or editorial surfaces.",1,Shop Fresh Step Odor Control Litter for Cats - Free shipping | Chewy,68,Shop Chewy for low prices and the best Odor Control! We carry a large selection and the top brands like American Journey and more. Find everything you need in one place. FREE shipping on orders $49+ and the BEST customer service!,229,,Shop Fresh Step Odor Control Litter for Cats,1,odor-control,True,True,False,False,True,False,False,False,1,317,3,,,,,,,,,,,,,,1.0
Brand,Links,Below inlink target,https://www.chewy.com/brands/clumping-157846,True,"Increase internal links from relevant navigation, PLPs, PDPs, or editorial surfaces.",1,Fresh Step Clumping Cat Litter - Free shipping | Chewy,54,Shop Chewy for low prices and the best Clumping products! We carry a large selection and the top brands like American Journey and more. Find everything you need in one place. FREE shipping on orders $49+ and the BEST customer service!,234,chewy cat litter,Fresh Step Clumping Cat Litter,1,clumping,True,True,False,False,True,False,False,False,1,315,3,,,,,,,1,1,26.0,0,0,1,0,1.0
Brand,Links,Below inlink target,https://www.chewy.com/brands/multi-cat-157854,True,"Increase internal links from relevant navigation, PLPs, PDPs, or editorial surfaces.",1,Shop Fresh Step Multi-Cat Litter - Free shipping | Chewy,56,Shop Chewy for low prices and the best Multi-Cat products! We carry a large selection and the top brands like American Journey and more. Find everything you need in one place. FREE shipping on orders $49+ and the BEST customer service!,235,,Shop Fresh Step Multi-Cat Litter,1,multi-cat,True,True,False,False,True,False,False,False,1,308,3,,,,,,,,,,,,,,1.0
Brand,Links,Below inlink target,https://www.chewy.com/brands/unscented-157862,True,"Increase internal links from relevant navigation, PLPs, PDPs, or editorial surfaces.",1,Fresh Step Unscented Cat Litter - Free shipping | Chewy,55,Shop Chewy for low prices and the best Unscented products! We carry a large selection and the top brands like American Journey and more. Find everything you need in one place. FREE shipping on orders $49+ and the BEST customer service!,235,,Fresh Step Unscented Cat Litter,1,unscented,True,True,False,False,True,False,False,False,1,306,3,,,,,,,,,,,,,,1.0
Brand,Links,Below inlink target,https://www.chewy.com/brands/long-lasting-267030,True,"Increase internal links from relevant navigation, PLPs, PDPs, or editorial surfaces.",1,Shop Fresh Step Long-Lasting Litter for Cats - Free shipping | Chewy,68,Shop Chewy for low prices and the best Long-Lasting products! We carry a large selection and the top brands like American Journey and more. Find everything you need in one place. FREE shipping on orders $49+ and the BEST customer service!,238,,Shop Fresh Step Long-Lasting Litter for Cats,1,long-lasting,True,True,False,False,True,False,False,False,1,306,3,,,,,,,,,,,,,,1.0
Brand,Links,Below inlink target,https://www.chewy.com/brands/low-tracking-390094,True,"Increase internal links from relevant navigation, PLPs, PDPs, or editorial surfaces.",1,Shop Fresh Step Low Tracking Litter for Cats - Free shipping | Chewy,68,Shop Chewy for low prices and the best Low Tracking! We carry a large selection and the top brands like American Journey and more. Find everything you need in one place. FREE shipping on orders $49+ and the BEST customer service!,229,,Shop Fresh Step Low Tracking Litter for Cats,1,low-tracking,True,True,False,False,True,False,False,False,1,306,3,,,,,,,,,,,,,,1.0
Brand,Links,Below inlink target,https://www.chewy.com/brands/ever-fresh-2928526,True,"Increase internal links from relevant navigation, PLPs, PDPs, or editorial surfaces.",1,Shop Fresh Step Ever Fresh Litter for Cats - Free shipping | Chewy,66,Shop Chewy for low prices and the best Ever Fresh! We carry a large selection and the top brands like American Journey and more. Find everything you need in one place. FREE shipping on orders $49+ and the BEST customer service!,227,,Shop Fresh Step Ever Fresh Litter for Cats,1,ever-fresh,True,True,False,False,True,False,False,False,1,305,3,,,,,,,,,,,,,,1.0
Brand,Links,Below inlink target,https://www.chewy.com/brands/wu-weight-management-urinary-care-10530,True,"Increase internal links from relevant navigation, PLPs, PDPs, or editorial surfaces.",1,Blue Buffalo Natural Veterinary Diet W+U Weight Management + Urinary Care for Cats - Free shipping | Chewy,106,Shop Chewy for low prices and the best W+U Weight Management + Urinary Care! We carry a large selection and the top brands like American Journey and more. Find everything you need in one place. FREE shipping on orders $49+ and the BEST customer service!,253,,Blue Buffalo Natural Veterinary Diet W+U Weight Management + Urinary Care for Cats,1,wu-weight-management-urinary-care,True,True,False,False,True,False,False,False,1,306,3,,,,,,,,,,,,,,
Brand,Links,Below inlink target,https://www.chewy.com/brands/np-novel-protein-10531,True,"Increase internal links from relevant navigation, PLPs, PDPs, or editorial surfaces.",1,Blue Buffalo Natural Veterinary Diet NP Novel Protein for Cats - Free shipping | Chewy,86,Shop Chewy for low prices and the best NP Novel Protein! We carry a large selection and the top brands like Blue Buffalo Natural Veterinary Diet and more. Find everything you need in one place. FREE shipping on orders $49+ and the BEST customer service!,253,,Blue Buffalo Natural Veterinary Diet NP Novel Protein for Cats,1,np-novel-protein,True,True,False,False,True,False,False,False,1,306,3,,,,,,,,,,,,,,1.0
Brand,Links,Below inlink target,https://www.chewy.com/brands/km-kidney-mobility-support-10532,True,"Increase internal links from relevant navigation, PLPs, PDPs, or editorial surfaces.",1,Blue Buffalo Natural Veterinary Diet K+M Kidney + Mobility Support for Cats - Free shipping | Chewy,99,Shop Chewy for low prices and the best K+M Kidney + Mobility Support! We carry a large selection and the top brands like American Journey and more. Find everything you need in one place. FREE shipping on orders $49+ and the BEST customer service!,246,,Blue Buffalo Natural Veterinary Diet K+M Kidney + Mobility Support for Cats,1,km-kidney-mobility-support,True,True,False,False,True,False,False,False,1,306,3,,,,,,,,,,,,,,1.0
Brand,Links,Below inlink target,https://www.chewy.com/brands/shop-by-dog-13338,True,"Increase internal links from relevant navigation, PLPs, PDPs, or editorial surfaces.",7,Zesty Paws for Dogs - Free shipping | Chewy,43,Shop Chewy for low prices and the best Shop By Dog! We carry a large selection and the top brands like Zesty Paws and more. Find everything you need in one place. FREE shipping on orders $49+ and the BEST customer service!,222,,Zesty Paws for Dogs,1,shop-by-dog,True,True,False,False,True,False,False,False,7,343,3,,,,,,,,,,,,,,1.0
Brand,Links,Below inlink target,https://www.chewy.com/brands/shop-by-cat-13339,True,"Increase internal links from relevant navigation, PLPs, PDPs, or editorial surfaces.",5,Zesty Paws for Cats - Free shipping | Chewy,43,Shop Chewy for low prices and the best Shop By Cat! We carry a large selection and the top brands like Zesty Paws and more. Find everything you need in one place. FREE shipping on orders $49+ and the BEST customer service!,222,,Zesty Paws for Cats,1,shop-by-cat,True,True,False,False,True,False,False,False,5,327,3,,,,,,,,,,,,,,1.0
Brand,Links,Below inlink target,https://www.chewy.com/brands/allergy-14147,True,"Increase internal links from relevant navigation, PLPs, PDPs, or editorial surfaces.",5,Zesty Paws Immune System & Allergy - Free shipping | Chewy,58,Shop Chewy for low prices and the best Allergy products! We carry a large selection and the top brands like Zesty Paws and more. Find everything you need in one place. FREE shipping on orders $49+ and the BEST customer service!,227,,Zesty Paws Immune System & Allergy,1,allergy,True,True,False,False,True,False,False,False,5,327,3,,,,,,,,,,,,,,1.0
Brand,Links,Below inlink target,https://www.chewy.com/brands/skin-coat-supplements-14149,True,"Increase internal links from relevant navigation, PLPs, PDPs, or editorial surfaces.",5,Zesty Paws Skin & Coat Supplements - Free shipping | Chewy,58,Shop Chewy for low prices and the best Skin & Coat Supplements! We carry a large selection and the top brands like American Journey and more. Find everything you need in one place. FREE shipping on orders $49+ and the BEST customer service!,240,zesty paws skin and coat,Zesty Paws Skin & Coat Supplements,1,skin-coat-supplements,True,True,False,False,True,False,False,False,5,327,3,,,,,,,2,2,12.0,0,2,0,0,1.0
Brand,Links,Below inlink target,https://www.chewy.com/brands/multivitamin-14152,True,"Increase internal links from relevant navigation, PLPs, PDPs, or editorial surfaces.",5,Zesty Paws Multivitamins - Free shipping | Chewy,48,Shop Chewy for low prices and the best Multivitamin products! We carry a large selection and the top brands like American Journey and more. Find everything you need in one place. FREE shipping on orders $49+ and the BEST customer service!,238,,Zesty Paws Multivitamins,1,multivitamin,True,True,False,False,True,False,False,False,5,338,3,,,,,,,,,,,,,,
Brand,Links,Below inlink target,https://www.chewy.com/brands/digestive-weight-14151,True,"Increase internal links from relevant navigation, PLPs, PDPs, or editorial surfaces.",5,Zesty Paws Digestive Health & Probiotics - Free shipping | Chewy,64,Shop Chewy for low prices and the best Digestive & Weight! We carry a large selection and the top brands like Zesty Paws and more. Find everything you need in one place. FREE shipping on orders $49+ and the BEST customer service!,229,chewy probiotics,Zesty Paws Digestive Health & Probiotics,1,digestive-weight,True,True,False,False,True,False,False,False,5,333,3,,,,,,,1,1,,0,0,0,1,1.0
Brand,Links,Below inlink target,https://www.chewy.com/brands/calming-14150,True,"Increase internal links from relevant navigation, PLPs, PDPs, or editorial surfaces.",6,Zesty Paws Anxiety & Calming - Free shipping | Chewy,52,Shop Chewy for low prices and the best Calming products! We carry a large selection and the top brands like American Journey and more. Find everything you need in one place. FREE shipping on orders $49+ and the BEST customer service!,233,,Zesty Paws Anxiety & Calming,1,calming,True,True,False,False,True,False,False,False,6,335,3,,,,,,,,,,,,,,1.0
Brand,Links,Below inlink target,https://www.chewy.com/brands/dental-14154,True,"Increase internal links from relevant navigation, PLPs, PDPs, or editorial surfaces.",5,Zesty Paws Dental Chews - Free shipping | Chewy,47,Shop Chewy for low prices and the best Dental products! We carry a large selection and the top brands like American Journey and more. Find everything you need in one place. FREE shipping on orders $49+ and the BEST customer service!,232,,Zesty Paws Dental Chews,1,dental,True,True,False,False,True,False,False,False,5,309,3,,,,,,,,,,,,,,1.0
Brand,Links,Below inlink target,https://www.chewy.com/brands/trial-size-164686,True,"Increase internal links from relevant navigation, PLPs, PDPs, or editorial surfaces.",5,Zesty Paws Trial Size - Free shipping | Chewy,45,Shop Chewy for low prices and the best Trial Size! We carry a large selection and the top brands like American Journey and more. Find everything you need in one place. FREE shipping on orders $49+ and the BEST customer service!,227,,Zesty Paws Trial Size,1,trial-size,True,True,False,False,True,False,False,False,5,314,3,,,,,,,,,,,,,,
Brand,Links,Below inlink target,https://www.chewy.com/brands/powders-164694,True,"Increase internal links from relevant navigation, PLPs, PDPs, or editorial surfaces.",5,Zesty Paws Powder - Free shipping | Chewy,41,Shop Chewy for low prices and the best Powders products! We carry a large selection and the top brands like American Journey and more. Find everything you need in one place. FREE shipping on orders $49+ and the BEST customer service!,233,,Zesty Paws Powder,1,powders,True,True,False,False,True,False,False,False,5,314,3,,,,,,,,,,,,,,1.0
Brand,Links,Below inlink target,https://www.chewy.com/brands/cat-mousses-164702,True,"Increase internal links from relevant navigation, PLPs, PDPs, or editorial surfaces.",5,Zesty Paws Cat Mousses - Free shipping | Chewy,46,Shop Chewy for low prices and the best Cat Mousses! We carry a large selection and the top brands like American Journey and more. Find everything you need in one place. FREE shipping on orders $49+ and the BEST customer service!,228,,Zesty Paws Cat Mousses,1,cat-mousses,True,True,False,False,True,False,False,False,5,311,3,,,,,,,,,,,,,,1.0
Brand,Links,Below inlink target,https://www.chewy.com/brands/grooming-167478,True,"Increase internal links from relevant navigation, PLPs, PDPs, or editorial surfaces.",5,Grooming - Free shipping | Chewy,32,Shop Chewy for low prices and the best Grooming products! We carry a large selection and the top brands like American Journey and more. Find everything you need in one place. FREE shipping on orders $49+ and the BEST customer service!,234,,Grooming,1,grooming,True,True,False,False,True,False,False,False,5,314,3,,,,,,,,,,,,,,1.0
Brand,Links,Below inlink target,https://www.chewy.com/brands/dh-dental-health-10647,True,"Increase internal links from relevant navigation, PLPs, PDPs, or editorial surfaces.",1,Purina Pro Plan Veterinary Diets DH Dental Health For Cats - Free shipping | Chewy,82,Shop Chewy for low prices and the best DH Dental Health! We carry a large selection and the top brands like Purina Pro Plan Veterinary Diets and more. Find everything you need in one place. FREE shipping on orders $49+ and the BEST customer service!,249,,Purina Pro Plan Veterinary Diets DH Dental Health For Cats,1,dh-dental-health,True,True,False,False,True,False,False,False,1,308,3,,,,,,,,,,,,,,1.0
Brand,Links,Below inlink target,https://www.chewy.com/brands/dm-dietetic-management-10648,True,"Increase internal links from relevant navigation, PLPs, PDPs, or editorial surfaces.",1,Purina Pro Plan Veterinary Diets DM Dietetic Management For Cats - Free shipping | Chewy,88,Shop Chewy for low prices and the best DM Dietetic Management! We carry a large selection and the top brands like Purina Pro Plan Veterinary Diets and more. Find everything you need in one place. FREE shipping on orders $49+ and the BEST customer service!,255,,Purina Pro Plan Veterinary Diets DM Dietetic Management For Cats,1,dm-dietetic-management,True,True,False,False,True,False,False,False,1,310,3,,,,,,,,,,,,,,2.0
Brand,Links,Below inlink target,https://www.chewy.com/brands/en-gastroenteric-10650,True,"Increase internal links from relevant navigation, PLPs, PDPs, or editorial surfaces.",1,Purina Pro Plan Veterinary Diets EN Gastroenteric For Cats - Free shipping | Chewy,82,Shop Chewy for low prices and the best EN Gastroenteric! We carry a large selection and the top brands like Purina Pro Plan Veterinary Diets and more. Find everything you need in one place. FREE shipping on orders $49+ and the BEST customer service!,249,,Purina Pro Plan Veterinary Diets EN Gastroenteric For Cats,1,en-gastroenteric,True,True,False,False,True,False,False,False,1,314,3,,,,,,,,,,,,,,1.0
Brand,Links,Below inlink target,https://www.chewy.com/brands/ha-hydrolyzed-formula-10651,True,"Increase internal links from relevant navigation, PLPs, PDPs, or editorial surfaces.",1,Purina Pro Plan Veterinary Diets HA Hydrolyzed Formula For Cats - Free shipping | Chewy,87,Shop Chewy for low prices and the best HA Hydrolyzed Formula! We carry a large selection and the top brands like Purina Pro Plan Veterinary Diets and more. Find everything you need in one place. FREE shipping on orders $49+ and the BEST customer service!,254,,Purina Pro Plan Veterinary Diets HA Hydrolyzed Formula For Cats,1,ha-hydrolyzed-formula,True,True,False,False,True,False,False,False,1,308,3,,,,,,,,,,,,,,6.0
Brand,Links,Below inlink target,https://www.chewy.com/brands/nf-kidney-function-10654,True,"Increase internal links from relevant navigation, PLPs, PDPs, or editorial surfaces.",1,Purina Pro Plan Veterinary Diets NF Kidney Function For Cats - Free shipping | Chewy,84,Shop Chewy for low prices and the best NF Kidney Function! We carry a large selection and the top brands like Purina Pro Plan Veterinary Diets and more. Find everything you need in one place. FREE shipping on orders $49+ and the BEST customer service!,251,,Purina Pro Plan Veterinary Diets NF Kidney Function For Cats,1,nf-kidney-function,True,True,False,False,True,False,False,False,1,311,3,,,,,,,,,,,,,,1.0
Brand,Links,Below inlink target,https://www.chewy.com/brands/om-overweight-management-10655,True,"Increase internal links from relevant navigation, PLPs, PDPs, or editorial surfaces.",1,Purina Pro Plan Veterinary Diets Om Overweight Management For Cats - Free shipping | Chewy,90,Shop Chewy for low prices and the best OM Overweight Management! We carry a large selection and the top brands like Purina Pro Plan Veterinary Diets and more. Find everything you need in one place. FREE shipping on orders $49+ and the BEST customer service!,257,,Purina Pro Plan Veterinary Diets Om Overweight Management For Cats,1,om-overweight-management,True,True,False,False,True,False,False,False,1,314,3,,,,,,,,,,,,,,1.0
Brand,Links,Below inlink target,https://www.chewy.com/brands/ur-urinary-stox-10656,True,"Increase internal links from relevant navigation, PLPs, PDPs, or editorial surfaces.",1,Purina Pro Plan Veterinary Diets UR Urinary St/Ox For Cats - Free shipping | Chewy,82,"Shop Chewy for low prices and the best UR Urinary St/Ox! We carry a large selection and the top brands like Purina Pro Plan Veterinary Diets, Purina Petivity, and more. Find everything you need in one place. FREE shipping on orders $49+ and the BEST customer service!",267,chewy urinary cat food,Purina Pro Plan Veterinary Diets UR Urinary St/Ox For Cats,1,ur-urinary-stox,True,True,False,False,True,False,False,False,1,315,3,,,,,,,1,1,27.0,0,0,1,0,1.0
Brand,Links,Below inlink target,https://www.chewy.com/brands/supplements-155998,True,"Increase internal links from relevant navigation, PLPs, PDPs, or editorial surfaces.",1,Purina Pro Plan Veterinary Diet Supplements - Free shipping | Chewy,67,Shop Chewy for low prices and the best Supplements products! We carry a large selection and the top brands like American Journey and more. Find everything you need in one place. FREE shipping on orders $49+ and the BEST customer service!,237,,Purina Pro Plan Veterinary Diet Supplements,1,supplements,True,True,False,False,True,False,False,False,1,311,3,,,,,,,,,,,,,,1.0
Brand,Links,Below inlink target,https://www.chewy.com/brands/veterinary-diet-16638,True,"Increase internal links from relevant navigation, PLPs, PDPs, or editorial surfaces.",4,JustFoodForDogs: Veterinary Diet Dog Food - Free shipping | Chewy,65,Shop Chewy for low prices and the best Veterinary Diet! We carry a large selection and the top brands like American Journey and more. Find everything you need in one place. FREE shipping on orders $49+ and the BEST customer service!,232,,JustFoodForDogs: Veterinary Diet Dog Food,1,veterinary-diet,True,True,False,False,True,False,False,False,4,310,3,,,,,,,,,,,,,,1.0
Brand,Links,Below inlink target,https://www.chewy.com/brands/urinary-so-10555,True,"Increase internal links from relevant navigation, PLPs, PDPs, or editorial surfaces.",2,Royal Canin Veterinary Diet Urinary SO for Cats - Free shipping | Chewy,71,Shop Chewy for low prices and the best Urinary SO! We carry a large selection and the top brands like Royal Canin Veterinary Diet and more. Find everything you need in one place. FREE shipping on orders $49+ and the BEST customer service!,238,chewy urinary cat food,Royal Canin Veterinary Diet Urinary SO for Cats,1,urinary-so,True,True,False,False,True,False,False,True,2,321,3,good,1393.0,good,0.030000000000000002,,,1,1,,0,0,0,1,9.0
Brand,Links,Below inlink target,https://www.chewy.com/brands/pill-pockets-10509,True,"Increase internal links from relevant navigation, PLPs, PDPs, or editorial surfaces.",1,Greenies Pill Pockets for Cats - Free shipping | Chewy,54,Shop Chewy for low prices and the best Pill Pockets! We carry a large selection and the top brands like Greenies and more. Find everything you need in one place. FREE shipping on orders $49+ and the BEST customer service!,221,,Greenies Pill Pockets for Cats,1,pill-pockets,True,True,False,False,True,False,False,False,1,309,3,,,,,,,,,,,,,,1.0
Brand,Links,Below inlink target,https://www.chewy.com/brands/dental-treats-10511,True,"Increase internal links from relevant navigation, PLPs, PDPs, or editorial surfaces.",1,Greenies Dental Treats for Cats - Free shipping | Chewy,55,Shop Chewy for low prices and the best Dental Treats! We carry a large selection and the top brands like Greenies and more. Find everything you need in one place. FREE shipping on orders $49+ and the BEST customer service!,222,,Greenies Dental Treats for Cats,1,dental-treats,True,True,False,False,True,False,False,False,1,311,3,,,,,,,,,,,,,,1.0
Brand,Links,Below inlink target,https://www.chewy.com/brands/dry-food-129302,True,"Increase internal links from relevant navigation, PLPs, PDPs, or editorial surfaces.",2,Orijen Dry Dog Food - Free shipping | Chewy,43,Shop Chewy for low prices and the best Dry Food! We carry a large selection and the top brands like ORIJEN and more. Find everything you need in one place. FREE shipping on orders $49+ and the BEST customer service!,215,,Orijen Dry Dog Food,1,dry-food,True,True,False,False,True,False,False,False,2,333,3,,,,,,,,,,,,,,1.0
Brand,Links,Below inlink target,https://www.chewy.com/brands/wet-food-129310,True,"Increase internal links from relevant navigation, PLPs, PDPs, or editorial surfaces.",2,Orijen Wet Dog Food - Free shipping | Chewy,43,Shop Chewy for low prices and the best Wet Food! We carry a large selection and the top brands like ORIJEN and more. Find everything you need in one place. FREE shipping on orders $49+ and the BEST customer service!,215,,Orijen Wet Dog Food,1,wet-food,True,True,False,False,True,False,False,False,2,324,3,,,,,,,,,,,,,,1.0
Brand,Links,Below inlink target,https://www.chewy.com/brands/freeze-dried-food-129318,True,"Increase internal links from relevant navigation, PLPs, PDPs, or editorial surfaces.",2,Orijen Freeze-Dried Food for Dogs - Free shipping | Chewy,57,Shop Chewy for low prices and the best Freeze-Dried Food! We carry a large selection and the top brands like ORIJEN and more. Find everything you need in one place. FREE shipping on orders $49+ and the BEST customer service!,224,orijen freeze-dried food for dogs,Orijen Freeze-Dried Food for Dogs,1,freeze-dried-food,True,True,False,False,True,False,False,False,2,324,3,,,,,,,1,1,14.0,0,1,0,0,1.0
Brand,Links,Below inlink target,https://www.chewy.com/brands/treats-129326,True,"Increase internal links from relevant navigation, PLPs, PDPs, or editorial surfaces.",2,Orijen Treats for Dogs - Free shipping | Chewy,46,Shop Chewy for low prices and the best Treats products! We carry a large selection and the top brands like ORIJEN and more. Find everything you need in one place. FREE shipping on orders $49+ and the BEST customer service!,222,orijen treats for dogs,Orijen Treats for Dogs,1,treats,True,True,False,False,True,False,False,False,2,314,3,,,,,,,1,1,14.0,0,1,0,0,1.0
Brand,Links,Below inlink target,https://www.chewy.com/brands/orijen-puppy-food-129334,True,"Increase internal links from relevant navigation, PLPs, PDPs, or editorial surfaces.",2,ORIJEN Puppy Food - Free shipping | Chewy,41,Shop Chewy for low prices and the best Orijen Puppy Food! We carry a large selection and the top brands like ORIJEN and more. Find everything you need in one place. FREE shipping on orders $49+ and the BEST customer service!,224,,ORIJEN Puppy Food,1,orijen-puppy-food,True,True,False,False,True,False,False,False,2,312,3,,,,,,,,,,,,,,2.0
Brand,Links,Below inlink target,https://www.chewy.com/brands/orijen-dog-food-bundles-129670,True,"Increase internal links from relevant navigation, PLPs, PDPs, or editorial surfaces.",2,Orijen Dog Food Bundles - Free shipping | Chewy,47,Shop Chewy for low prices and the best Orijen Dog Food Bundles! We carry a large selection and the top brands like ORIJEN and more. Find everything you need in one place. FREE shipping on orders $49+ and the BEST customer service!,230,,Orijen Dog Food Bundles,1,orijen-dog-food-bundles,True,True,False,False,True,False,False,False,2,316,3,,,,,,,,,,,,,,1.0
Brand,Links,Below inlink target,https://www.chewy.com/brands/tiki-cat-7617,True,"Increase internal links from relevant navigation, PLPs, PDPs, or editorial surfaces.",6,"Tiki Cat Food: Tiki Cat Treats & Wet Food - Deals, Free Shipping",64,"Shop Chewy for low prices and the best Tiki Cat! We carry a large selection and the top brands like Tiki Cat, Tiki Cat Veterinary Solutions, and more. Find everything you need in one place. FREE shipping on orders $49+ and the BEST customer service!",249,tiki cat wet cat food,Tiki Cat,1,tiki-cat,False,False,False,False,True,False,False,False,6,366,3,,,,,,,6,5,14.33,2,3,1,0,
Brand,Links,Below inlink target,https://www.chewy.com/brands/solutions-170614,True,"Increase internal links from relevant navigation, PLPs, PDPs, or editorial surfaces.",7,Solutions - Free shipping | Chewy,33,Shop Chewy for low prices and the best Solutions products! We carry a large selection and the top brands like American Journey and more. Find everything you need in one place. FREE shipping on orders $49+ and the BEST customer service!,235,,Solutions,1,solutions,True,True,False,False,True,False,False,False,7,323,3,,,,,,,,,,,,,,1.0
Brand,Links,Below inlink target,https://www.chewy.com/brands/after-dark-7618,True,"Increase internal links from relevant navigation, PLPs, PDPs, or editorial surfaces.",7,Tiki Cat After Dark - Free shipping | Chewy,43,Shop Chewy for low prices and the best After Dark! We carry a large selection and the top brands like Tiki Cat and more. Find everything you need in one place. FREE shipping on orders $49+ and the BEST customer service!,219,,Tiki Cat After Dark,1,after-dark,True,True,False,False,True,False,False,False,7,337,3,,,,,,,,,,,,,,1.0
Brand,Links,Below inlink target,https://www.chewy.com/brands/aloha-friends-7619,True,"Increase internal links from relevant navigation, PLPs, PDPs, or editorial surfaces.",7,Tiki Cat Aloha Friends - Free shipping | Chewy,46,Shop Chewy for low prices and the best Aloha Friends! We carry a large selection and the top brands like Tiki Cat and more. Find everything you need in one place. FREE shipping on orders $49+ and the BEST customer service!,222,,Tiki Cat Aloha Friends,1,aloha-friends,True,True,False,False,True,False,False,False,7,316,3,,,,,,,,,,,,,,1.0
Brand,Links,Below inlink target,https://www.chewy.com/brands/born-carnivore-7620,True,"Increase internal links from relevant navigation, PLPs, PDPs, or editorial surfaces.",7,Tiki Cat Born Carnivore - Free shipping | Chewy,47,Shop Chewy for low prices and the best Born Carnivore! We carry a large selection and the top brands like Tiki Cat and more. Find everything you need in one place. FREE shipping on orders $49+ and the BEST customer service!,223,tiki cat born carnivore,Tiki Cat Born Carnivore,1,born-carnivore,True,True,False,False,True,False,False,False,7,328,3,,,,,,,1,1,11.0,0,1,0,0,1.0
Brand,Links,Below inlink target,https://www.chewy.com/brands/grill-7622,True,"Increase internal links from relevant navigation, PLPs, PDPs, or editorial surfaces.",7,Tiki Cat Grill - Free shipping | Chewy,38,Shop Chewy for low prices and the best Grill products! We carry a large selection and the top brands like Tiki Cat and more. Find everything you need in one place. FREE shipping on orders $49+ and the BEST customer service!,223,,Tiki Cat Grill,1,grill,True,True,False,False,True,False,False,False,7,319,3,,,,,,,,,,,,,,1.0
Brand,Links,Below inlink target,https://www.chewy.com/brands/luau-7623,True,"Increase internal links from relevant navigation, PLPs, PDPs, or editorial surfaces.",7,Tiki Cat Luau - Free shipping | Chewy,37,Shop Chewy for low prices and the best Luau products! We carry a large selection and the top brands like Tiki Cat and more. Find everything you need in one place. FREE shipping on orders $49+ and the BEST customer service!,222,,Tiki Cat Luau,1,luau,True,True,False,False,True,False,False,False,7,316,3,,,,,,,,,,,,,,1.0
Brand,Links,Below inlink target,https://www.chewy.com/brands/stix-7624,True,"Increase internal links from relevant navigation, PLPs, PDPs, or editorial surfaces.",7,Tiki Cat Stix - Free shipping | Chewy,37,Shop Chewy for low prices and the best Stix products! We carry a large selection and the top brands like Tiki Cat and more. Find everything you need in one place. FREE shipping on orders $49+ and the BEST customer service!,222,,Tiki Cat Stix,1,stix,True,True,False,False,True,False,False,False,7,312,3,,,,,,,,,,,,,,1.0
Brand,Links,Below inlink target,https://www.chewy.com/brands/velvet-mousse-7625,True,"Increase internal links from relevant navigation, PLPs, PDPs, or editorial surfaces.",7,Tiki Cat Velvet Mousse - Free shipping | Chewy,46,Shop Chewy for low prices and the best Velvet Mousse! We carry a large selection and the top brands like Tiki Cat and more. Find everything you need in one place. FREE shipping on orders $49+ and the BEST customer service!,222,,Tiki Cat Velvet Mousse,1,velvet-mousse,True,True,False,False,True,False,False,False,7,315,3,,,,,,,,,,,,,,3.0
Brand,Links,Below inlink target,https://www.chewy.com/brands/small-animal-139046,True,"Increase internal links from relevant navigation, PLPs, PDPs, or editorial surfaces.",7,Small Animal Food by Kalmbach Feeds - Free shipping | Chewy,59,Shop Chewy for low prices and the best Small Animal! We carry a large selection and the top brands like American Journey and more. Find everything you need in one place. FREE shipping on orders $49+ and the BEST customer service!,229,small animal food by kalmbach feeds,Small Animal Food by Kalmbach Feeds,1,small-animal,True,True,False,False,True,False,False,False,7,312,3,,,,,,,1,1,6.0,1,0,0,0,1.0
Brand,Links,Below inlink target,https://www.chewy.com/brands/cavalor-3947958,True,"Increase internal links from relevant navigation, PLPs, PDPs, or editorial surfaces.",0,Cavalor - Free shipping | Chewy,31,Shop Chewy for low prices and the best Cavalor products! We carry a large selection and the top brands like American Journey and more. Find everything you need in one place. FREE shipping on orders $49+ and the BEST customer service!,233,,Cavalor,1,cavalor,True,True,False,False,True,False,False,False,0,340,3,,,,,,,,,,,,,,1.0
Brand,Links,Below inlink target,https://www.chewy.com/brands/non-stop-dogwear-3414622,True,"Increase internal links from relevant navigation, PLPs, PDPs, or editorial surfaces.",7,Non-stop Dogwear - Free shipping | Chewy,40,Shop Chewy for low prices and the best Non-stop Dogwear! We carry a large selection and the top brands like American Journey and more. Find everything you need in one place. FREE shipping on orders $49+ and the BEST customer service!,233,,Non-stop Dogwear,1,non-stop-dogwear,True,True,False,False,True,False,False,False,7,354,3,,,,,,,,,,,,,,6.0
Brand,Links,Below inlink target,https://www.chewy.com/brands/tops-8135,True,"Increase internal links from relevant navigation, PLPs, PDPs, or editorial surfaces.",1,Canada Pooch Tops - Free shipping | Chewy,41,Shop Chewy for low prices and the best Tops products! We carry a large selection and the top brands like Canada Pooch and more. Find everything you need in one place. FREE shipping on orders $49+ and the BEST customer service!,226,,Canada Pooch Tops,1,tops,True,True,False,False,True,False,False,False,1,308,3,,,,,,,,,,,,,,1.0
Brand,Links,Below inlink target,https://www.chewy.com/brands/jackets-8137,True,"Increase internal links from relevant navigation, PLPs, PDPs, or editorial surfaces.",1,Canada Pooch Jackets - Free shipping | Chewy,44,Shop Chewy for low prices and the best Jackets products! We carry a large selection and the top brands like Canada Pooch and more. Find everything you need in one place. FREE shipping on orders $49+ and the BEST customer service!,229,,Canada Pooch Jackets,1,jackets,True,True,False,False,True,False,False,False,1,321,3,,,,,,,,,,,,,,
Brand,Links,Below inlink target,https://www.chewy.com/brands/pate-13874,True,"Increase internal links from relevant navigation, PLPs, PDPs, or editorial surfaces.",4,Friskies Pate Cat Food - Free shipping | Chewy,46,Shop Chewy for low prices and the best Pate products! We carry a large selection and the top brands like American Journey and more. Find everything you need in one place. FREE shipping on orders $49+ and the BEST customer service!,230,chewy friskies wet cat food,Friskies Pate Cat Food,1,pate,True,True,False,False,True,False,False,True,4,328,3,good,1413.0,needs,0.13,,,3,3,6.33,2,1,0,0,6.0
Brand,Links,Below inlink target,https://www.chewy.com/brands/friskies-7369,True,"Increase internal links from relevant navigation, PLPs, PDPs, or editorial surfaces.",3,Friskies Cat Food & Treats | Chewy,34,Shop Chewy for low prices and the best Friskies products! We carry a large selection and the top brands like American Journey and more. Find everything you need in one place. FREE shipping on orders $49+ and the BEST customer service!,234,friskies,Friskies Cat Food & Treats,1,friskies,False,False,False,False,True,False,False,True,3,354,3,,,,,,,8,7,12.67,4,0,2,2,
Brand,Links,Below inlink target,https://www.chewy.com/brands/treats-13873,True,"Increase internal links from relevant navigation, PLPs, PDPs, or editorial surfaces.",4,Friskies Cat Treats - Free shipping | Chewy,43,Shop Chewy for low prices and the best Treats products! We carry a large selection and the top brands like American Journey and more. Find everything you need in one place. FREE shipping on orders $49+ and the BEST customer service!,232,friskies cat treats,Friskies Cat Treats,1,treats,True,True,False,False,True,False,False,False,4,336,3,good,1632.0,poor,0.43,,,4,4,7.0,3,1,0,0,3.0
Brand,Links,Below inlink target,https://www.chewy.com/brands/variety-packs-13877,True,"Increase internal links from relevant navigation, PLPs, PDPs, or editorial surfaces.",4,Friskies Variety Packs - Free shipping | Chewy,46,Shop Chewy for low prices and the best Variety Packs! We carry a large selection and the top brands like American Journey and more. Find everything you need in one place. FREE shipping on orders $49+ and the BEST customer service!,230,friskies wet cat food variety packs,Friskies Variety Packs,1,variety-packs,True,True,False,False,True,False,False,False,4,333,3,,,,,,,3,3,12.67,1,2,0,0,2.0
Brand,Links,Below inlink target,https://www.chewy.com/brands/dry-food-13872,True,"Increase internal links from relevant navigation, PLPs, PDPs, or editorial surfaces.",4,Friskies Dry Cat Food - Free shipping | Chewy,45,Shop Chewy for low prices and the best Dry Food! We carry a large selection and the top brands like American Journey and more. Find everything you need in one place. FREE shipping on orders $49+ and the BEST customer service!,225,,Friskies Dry Cat Food,1,dry-food,True,True,False,False,True,False,False,True,4,311,3,,,,,,,,,,,,,,3.0
Brand,Links,Below inlink target,https://www.chewy.com/brands/wet-food-13871,True,"Increase internal links from relevant navigation, PLPs, PDPs, or editorial surfaces.",5,Friskies Wet Cat Food - Free shipping | Chewy,45,Shop Chewy for low prices and the best Wet Food! We carry a large selection and the top brands like American Journey and more. Find everything you need in one place. FREE shipping on orders $49+ and the BEST customer service!,225,friskies cat food,Friskies Wet Cat Food,1,wet-food,True,True,False,False,True,False,False,True,5,343,3,good,1525.0,poor,0.305,,,9,9,12.88,4,2,2,1,7.0
Brand,Links,Below inlink target,https://www.chewy.com/brands/gravy-13875,True,"Increase internal links from relevant navigation, PLPs, PDPs, or editorial surfaces.",4,Friskies Gravy Cat Food - Free shipping | Chewy,47,Shop Chewy for low prices and the best Gravy products! We carry a large selection and the top brands like American Journey and more. Find everything you need in one place. FREE shipping on orders $49+ and the BEST customer service!,231,friskies gravy cat food,Friskies Gravy Cat Food,1,gravy,True,True,False,False,True,False,False,False,4,342,3,,,,,,,1,1,,0,0,0,1,1.0
Brand,Links,Below inlink target,https://www.chewy.com/brands/party-mix-13876,True,"Increase internal links from relevant navigation, PLPs, PDPs, or editorial surfaces.",4,Friskies Party Mix Cat Treats - Free shipping | Chewy,53,Shop Chewy for low prices and the best Party Mix! We carry a large selection and the top brands like American Journey and more. Find everything you need in one place. FREE shipping on orders $49+ and the BEST customer service!,226,,Friskies Party Mix Cat Treats,1,party-mix,True,True,False,False,True,False,False,False,4,324,3,,,,,,,,,,,,,,2.0
Brand,Links,Below inlink target,https://www.chewy.com/brands/treats-155942,True,"Increase internal links from relevant navigation, PLPs, PDPs, or editorial surfaces.",2,Purina Pro Plan Veterinary Diet Treats - Free shipping | Chewy,62,Shop Chewy for low prices and the best Treats products! We carry a large selection and the top brands like American Journey and more. Find everything you need in one place. FREE shipping on orders $49+ and the BEST customer service!,232,,Purina Pro Plan Veterinary Diet Treats,1,treats,True,True,False,False,True,False,False,False,2,314,3,,,,,,,,,,,,,,2.0
Brand,Links,Below inlink target,https://www.chewy.com/brands/gut-digestion-128670,True,"Increase internal links from relevant navigation, PLPs, PDPs, or editorial surfaces.",2,Gut + Digestion - Free shipping | Chewy,39,Shop Chewy for low prices and the best Gut + Digestion! We carry a large selection and the top brands like American Journey and more. Find everything you need in one place. FREE shipping on orders $49+ and the BEST customer service!,232,,Gut + Digestion,1,gut-digestion,True,True,False,False,True,False,False,False,2,320,3,,,,,,,,,,,,,,
Brand,Links,Below inlink target,https://www.chewy.com/brands/allergy-itchy-skin-2947078,True,"Increase internal links from relevant navigation, PLPs, PDPs, or editorial surfaces.",2,Allergy + Itchy Skin - Free shipping | Chewy,44,Shop Chewy for low prices and the best Allergy + Itchy Skin! We carry a large selection and the top brands like American Journey and more. Find everything you need in one place. FREE shipping on orders $49+ and the BEST customer service!,237,,Allergy + Itchy Skin,1,allergy-itchy-skin,True,True,False,False,True,False,False,False,2,317,3,,,,,,,,,,,,,,1.0
Brand,Links,Below inlink target,https://www.chewy.com/brands/picky-eaters-2947070,True,"Increase internal links from relevant navigation, PLPs, PDPs, or editorial surfaces.",2,Picky Eaters - Free shipping | Chewy,36,Shop Chewy for low prices and the best Picky Eaters! We carry a large selection and the top brands like American Journey and more. Find everything you need in one place. FREE shipping on orders $49+ and the BEST customer service!,229,,Picky Eaters,1,picky-eaters,True,True,False,False,True,False,False,False,2,317,3,,,,,,,,,,,,,,
Brand,Links,Below inlink target,https://www.chewy.com/brands/mobility-joints-128662,True,"Increase internal links from relevant navigation, PLPs, PDPs, or editorial surfaces.",2,Mobility + Joints - Free shipping | Chewy,41,Shop Chewy for low prices and the best Mobility + Joints! We carry a large selection and the top brands like American Journey and more. Find everything you need in one place. FREE shipping on orders $49+ and the BEST customer service!,234,,Mobility + Joints,1,mobility-joints,True,True,False,False,True,False,False,False,2,321,3,,,,,,,,,,,,,,1.0
Brand,Links,Below inlink target,https://www.chewy.com/brands/stress-support-2947086,True,"Increase internal links from relevant navigation, PLPs, PDPs, or editorial surfaces.",2,Stress Support - Free shipping | Chewy,38,Shop Chewy for low prices and the best Stress Support! We carry a large selection and the top brands like American Journey and more. Find everything you need in one place. FREE shipping on orders $49+ and the BEST customer service!,231,,Stress Support,1,stress-support,True,True,False,False,True,False,False,False,2,313,3,,,,,,,,,,,,,,1.0
Brand,Links,Below inlink target,https://www.chewy.com/brands/daily-care-128718,True,"Increase internal links from relevant navigation, PLPs, PDPs, or editorial surfaces.",2,Daily Care - Free shipping | Chewy,34,Shop Chewy for low prices and the best Daily Care! We carry a large selection and the top brands like American Journey and more. Find everything you need in one place. FREE shipping on orders $49+ and the BEST customer service!,227,,Daily Care,1,daily-care,True,True,False,False,True,False,False,False,2,320,3,,,,,,,,,,,,,,
Brand,Links,Below inlink target,https://www.chewy.com/brands/urinary-kidney-128694,True,"Increase internal links from relevant navigation, PLPs, PDPs, or editorial surfaces.",2,Native Pet Urinary + Kidney - Free shipping | Chewy,51,Shop Chewy for low prices and the best Urinary + Kidney! We carry a large selection and the top brands like American Journey and more. Find everything you need in one place. FREE shipping on orders $49+ and the BEST customer service!,233,native pet urinary & kidney,Native Pet Urinary + Kidney,1,urinary-kidney,True,True,False,False,True,False,False,False,2,305,3,,,,,,,2,2,8.0,2,0,0,0,1.0
Brand,Links,Below inlink target,https://www.chewy.com/brands/dh-dental-health-10636,True,"Increase internal links from relevant navigation, PLPs, PDPs, or editorial surfaces.",1,Purina Pro Plan Veterinary Diets DH Dental Health for Dogs - Free shipping | Chewy,82,Shop Chewy for low prices and the best DH Dental Health! We carry a large selection and the top brands like Purina Pro Plan Veterinary Diets and more. Find everything you need in one place. FREE shipping on orders $49+ and the BEST customer service!,249,,Purina Pro Plan Veterinary Diets DH Dental Health for Dogs,1,dh-dental-health,True,True,False,False,True,False,False,False,1,310,3,,,,,,,,,,,,,,1.0
Brand,Links,Below inlink target,https://www.chewy.com/brands/drm-dermatologic-management-10638,True,"Increase internal links from relevant navigation, PLPs, PDPs, or editorial surfaces.",1,Purina Pro Plan Veterinary Diets DRM Dermatologic Management for Dogs - Free shipping | Chewy,93,Shop Chewy for low prices and the best DRM Dermatologic Management! We carry a large selection and the top brands like Purina Pro Plan Veterinary Diets and more. Find everything you need in one place. FREE shipping on orders $49+ and the BEST customer service!,260,,Purina Pro Plan Veterinary Diets DRM Dermatologic Management for Dogs,1,drm-dermatologic-management,True,True,False,False,True,False,False,False,1,308,3,,,,,,,,,,,,,,
Brand,Links,Below inlink target,https://www.chewy.com/brands/en-gastroenteric-10639,True,"Increase internal links from relevant navigation, PLPs, PDPs, or editorial surfaces.",1,Purina Pro Plan Veterinary Diets EN Gastroenteric for Dogs - Free shipping | Chewy,82,Shop Chewy for low prices and the best EN Gastroenteric! We carry a large selection and the top brands like Purina Pro Plan Veterinary Diets and more. Find everything you need in one place. FREE shipping on orders $49+ and the BEST customer service!,249,,Purina Pro Plan Veterinary Diets EN Gastroenteric for Dogs,1,en-gastroenteric,True,True,False,False,True,False,False,False,1,318,3,,,,,,,,,,,,,,3.0
Brand,Links,Below inlink target,https://www.chewy.com/brands/ha-hydrolyzed-formula-10640,True,"Increase internal links from relevant navigation, PLPs, PDPs, or editorial surfaces.",1,Purina Pro Plan Veterinary Diets HA Hydrolyzed Formula for Dogs - Free shipping | Chewy,87,Shop Chewy for low prices and the best HA Hydrolyzed Formula! We carry a large selection and the top brands like Purina Pro Plan Veterinary Diets and more. Find everything you need in one place. FREE shipping on orders $49+ and the BEST customer service!,254,,Purina Pro Plan Veterinary Diets HA Hydrolyzed Formula for Dogs,1,ha-hydrolyzed-formula,True,True,False,False,True,False,False,False,1,311,3,,,,,,,,,,,,,,1.0
Brand,Links,Below inlink target,https://www.chewy.com/brands/jm-joint-mobility-10641,True,"Increase internal links from relevant navigation, PLPs, PDPs, or editorial surfaces.",1,Purina Pro Plan Veterinary Diets JM Joint Mobility for Dogs - Free shipping | Chewy,83,Shop Chewy for low prices and the best JM Joint Mobility! We carry a large selection and the top brands like Purina Pro Plan Veterinary Diets and more. Find everything you need in one place. FREE shipping on orders $49+ and the BEST customer service!,250,,Purina Pro Plan Veterinary Diets JM Joint Mobility for Dogs,1,jm-joint-mobility,True,True,False,False,True,False,False,False,1,308,3,,,,,,,,,,,,,,1.0
Brand,Links,Below inlink target,https://www.chewy.com/brands/neurocare-10642,True,"Increase internal links from relevant navigation, PLPs, PDPs, or editorial surfaces.",1,Purina Pro Plan Veterinary Diets Neurocare for Dogs - Free shipping | Chewy,75,Shop Chewy for low prices and the best Neurocare products! We carry a large selection and the top brands like Purina Pro Plan Veterinary Diets and more. Find everything you need in one place. FREE shipping on orders $49+ and the BEST customer service!,251,,Purina Pro Plan Veterinary Diets Neurocare for Dogs,1,neurocare,True,True,False,False,True,False,False,False,1,308,3,,,,,,,,,,,,,,1.0
Brand,Links,Below inlink target,https://www.chewy.com/brands/nf-kidney-function-10643,True,"Increase internal links from relevant navigation, PLPs, PDPs, or editorial surfaces.",1,Purina Pro Plan Veterinary Diets NF Kidney Function for Dogs - Free shipping | Chewy,84,Shop Chewy for low prices and the best NF Kidney Function! We carry a large selection and the top brands like Purina Pro Plan Veterinary Diets and more. Find everything you need in one place. FREE shipping on orders $49+ and the BEST customer service!,251,,Purina Pro Plan Veterinary Diets NF Kidney Function for Dogs,1,nf-kidney-function,True,True,False,False,True,False,False,False,1,309,3,,,,,,,,,,,,,,1.0
Brand,Links,Below inlink target,https://www.chewy.com/brands/om-overweight-management-10644,True,"Increase internal links from relevant navigation, PLPs, PDPs, or editorial surfaces.",1,Purina Pro Plan Veterinary Diets OM Overweight Management for Dogs - Free shipping | Chewy,90,Shop Chewy for low prices and the best OM Overweight Management! We carry a large selection and the top brands like Purina Pro Plan Veterinary Diets and more. Find everything you need in one place. FREE shipping on orders $49+ and the BEST customer service!,257,,Purina Pro Plan Veterinary Diets OM Overweight Management for Dogs,1,om-overweight-management,True,True,False,False,True,False,False,False,1,310,3,,,,,,,,,,,,,,1.0
Brand,Links,Below inlink target,https://www.chewy.com/brands/ur-urinary-oxst-10645,True,"Increase internal links from relevant navigation, PLPs, PDPs, or editorial surfaces.",1,Purina Pro Plan Veterinary Diets UR Urinary Ox/St for Dogs - Free shipping | Chewy,82,Shop Chewy for low prices and the best UR Urinary Ox/St! We carry a large selection and the top brands like Purina Pro Plan Veterinary Diets and more. Find everything you need in one place. FREE shipping on orders $49+ and the BEST customer service!,249,,Purina Pro Plan Veterinary Diets UR Urinary Ox/St for Dogs,1,ur-urinary-oxst,True,True,False,False,True,False,False,False,1,309,3,,,,,,,,,,,,,,1.0
Brand,Links,Below inlink target,https://www.chewy.com/brands/dry-food-150166,True,"Increase internal links from relevant navigation, PLPs, PDPs, or editorial surfaces.",1,Iams Dry Cat Food - Free shipping | Chewy,41,Shop Chewy for low prices and the best Dry Food! We carry a large selection and the top brands like Iams and more. Find everything you need in one place. FREE shipping on orders $49+ and the BEST customer service!,213,chewy iams cat food,Iams Dry Cat Food,1,dry-food,True,True,False,False,True,False,False,False,1,319,3,,,,,,,1,1,2.0,1,0,0,0,1.0
Brand,Links,Below inlink target,https://www.chewy.com/brands/wet-food-150174,True,"Increase internal links from relevant navigation, PLPs, PDPs, or editorial surfaces.",1,Iams Wet Cat Food - Free shipping | Chewy,41,Shop Chewy for low prices and the best Wet Food! We carry a large selection and the top brands like Iams and more. Find everything you need in one place. FREE shipping on orders $49+ and the BEST customer service!,213,chewy iams cat food,Iams Wet Cat Food,1,wet-food,True,True,False,False,True,False,False,False,1,326,3,,,,,,,1,1,11.0,0,1,0,0,2.0
Brand,Links,Below inlink target,https://www.chewy.com/brands/seresto-cats-158974,True,"Increase internal links from relevant navigation, PLPs, PDPs, or editorial surfaces.",1,Seresto flea collars for cats - Free shipping | Chewy,53,Shop Chewy for low prices and the best Seresto for cats! We carry a large selection and the top brands like American Journey and more. Find everything you need in one place. FREE shipping on orders $49+ and the BEST customer service!,233,,Seresto flea collars for cats,1,seresto-cats,True,True,False,False,True,False,False,False,1,306,4,,,,,,,,,,,,,,1.0
Brand,Links,Below inlink target,https://www.chewy.com/brands/shop-by-dog-11982,True,"Increase internal links from relevant navigation, PLPs, PDPs, or editorial surfaces.",7,Health Extension for Dogs - Free shipping | Chewy,49,Shop Chewy for low prices and the best Shop By Dog! We carry a large selection and the top brands like Health Extension and more. Find everything you need in one place. FREE shipping on orders $49+ and the BEST customer service!,228,health extension soft chewy dog,Health Extension for Dogs,1,shop-by-dog,True,True,False,False,True,False,False,False,7,346,4,,,,,,,1,1,,0,0,0,1,1.0
Brand,Links,Below inlink target,https://www.chewy.com/brands/shop-by-cat-11989,True,"Increase internal links from relevant navigation, PLPs, PDPs, or editorial surfaces.",5,Health Extension for Cats - Free shipping | Chewy,49,Shop Chewy for low prices and the best Shop By Cat! We carry a large selection and the top brands like Health Extension and more. Find everything you need in one place. FREE shipping on orders $49+ and the BEST customer service!,228,health extension cat food,Health Extension for Cats,1,shop-by-cat,True,True,False,False,True,False,False,False,5,313,4,,,,,,,2,2,5.5,2,0,0,0,2.0
Brand,Links,Below inlink target,https://www.chewy.com/brands/intune-6870,True,"Increase internal links from relevant navigation, PLPs, PDPs, or editorial surfaces.",2,Higgins InTune - Free shipping | Chewy,38,Shop Chewy for low prices and the best InTune products! We carry a large selection and the top brands like Higgins and more. Find everything you need in one place. FREE shipping on orders $49+ and the BEST customer service!,223,higgins intune,Higgins InTune,1,intune,True,True,False,False,True,False,False,False,2,320,4,,,,,,,2,2,11.0,0,1,0,1,1.0
Brand,Links,Below inlink target,https://www.chewy.com/brands/mayan-harvest-6871,True,"Increase internal links from relevant navigation, PLPs, PDPs, or editorial surfaces.",2,Higgins Mayan Harvest - Free shipping | Chewy,45,Shop Chewy for low prices and the best Mayan Harvest! We carry a large selection and the top brands like Higgins and more. Find everything you need in one place. FREE shipping on orders $49+ and the BEST customer service!,221,,Higgins Mayan Harvest,1,mayan-harvest,True,True,False,False,True,False,False,False,2,310,4,,,,,,,,,,,,,,1.0
Brand,Links,Below inlink target,https://www.chewy.com/brands/vita-seed-6873,True,"Increase internal links from relevant navigation, PLPs, PDPs, or editorial surfaces.",2,Higgins Vita Seed - Free shipping | Chewy,41,"Shop Chewy for low prices and the best Vita Seed! We carry a large selection and the top brands like Higgins, SunGrow, and more. Find everything you need in one place. FREE shipping on orders $49+ and the BEST customer service!",227,,Higgins Vita Seed,1,vita-seed,True,True,False,False,True,False,False,False,2,317,4,,,,,,,,,,,,,,1.0
Brand,Links,Below inlink target,https://www.chewy.com/brands/all-life-stages-9825,True,"Increase internal links from relevant navigation, PLPs, PDPs, or editorial surfaces.",4,CANIDAE Life Stages for Dogs - Free shipping | Chewy,52,Shop Chewy for low prices and the best All Life Stages! We carry a large selection and the top brands like CANIDAE and more. Find everything you need in one place. FREE shipping on orders $49+ and the BEST customer service!,223,canidae all life stages dry dog food,CANIDAE Life Stages for Dogs,1,all-life-stages,True,True,False,False,True,False,False,False,4,326,4,,,,,,,2,1,10.5,1,1,0,0,2.0
Brand,Links,Below inlink target,https://www.chewy.com/brands/shop-by-cat-9823,True,"Increase internal links from relevant navigation, PLPs, PDPs, or editorial surfaces.",4,CANIDAE for Cats - Free shipping | Chewy,40,Shop Chewy for low prices and the best Shop by Cat! We carry a large selection and the top brands like American Journey and more. Find everything you need in one place. FREE shipping on orders $49+ and the BEST customer service!,228,canidae wet cat food,CANIDAE for Cats,1,shop-by-cat,True,True,False,False,True,False,False,False,4,321,4,,,,,,,1,1,,0,0,0,1,1.0
Brand,Links,Below inlink target,https://www.chewy.com/brands/shop-by-dog-9821,True,"Increase internal links from relevant navigation, PLPs, PDPs, or editorial surfaces.",6,CANIDAE for Dogs - Free shipping | Chewy,40,Shop Chewy for low prices and the best Shop by Dog! We carry a large selection and the top brands like American Journey and more. Find everything you need in one place. FREE shipping on orders $49+ and the BEST customer service!,228,,CANIDAE for Dogs,1,shop-by-dog,True,True,False,False,True,False,False,False,6,345,4,,,,,,,,,,,,,,1.0
Brand,Links,Below inlink target,https://www.chewy.com/brands/cat-food-6691,True,"Increase internal links from relevant navigation, PLPs, PDPs, or editorial surfaces.",1,Dr. Elsey's Cat Food - Free shipping | Chewy,44,Shop Chewy for low prices and the best Cat Food! We carry a large selection and the top brands like American Journey and more. Find everything you need in one place. FREE shipping on orders $49+ and the BEST customer service!,225,,Dr. Elsey's Cat Food,1,cat-food,True,True,False,False,True,False,False,False,1,319,4,,,,,,,,,,,,,,7.0
Brand,Links,Below inlink target,https://www.chewy.com/brands/brushless-6449,True,"Increase internal links from relevant navigation, PLPs, PDPs, or editorial surfaces.",1,Ark Naturals Brushless - Free shipping | Chewy,46,Shop Chewy for low prices and the best Brushless products! We carry a large selection and the top brands like Ark Naturals and more. Find everything you need in one place. FREE shipping on orders $49+ and the BEST customer service!,231,ark naturals brushless,Ark Naturals Brushless,1,brushless,True,True,False,False,True,False,False,False,1,316,4,,,,,,,1,1,12.0,0,1,0,0,1.0
Brand,Links,Below inlink target,https://www.chewy.com/brands/protection-6450,True,"Increase internal links from relevant navigation, PLPs, PDPs, or editorial surfaces.",1,Ark Naturals Protection+ - Free shipping | Chewy,48,Shop Chewy for low prices and the best Protection+ products! We carry a large selection and the top brands like Ark Naturals and more. Find everything you need in one place. FREE shipping on orders $49+ and the BEST customer service!,233,,Ark Naturals Protection+,1,protection,True,True,False,False,True,False,False,False,1,312,4,,,,,,,,,,,,,,1.0
Brand,Links,Below inlink target,https://www.chewy.com/brands/joint-rescue-6451,True,"Increase internal links from relevant navigation, PLPs, PDPs, or editorial surfaces.",1,Ark Naturals Joint Rescue - Free shipping | Chewy,49,Shop Chewy for low prices and the best Joint Rescue! We carry a large selection and the top brands like Ark Naturals and more. Find everything you need in one place. FREE shipping on orders $49+ and the BEST customer service!,225,,Ark Naturals Joint Rescue,1,joint-rescue,True,True,False,False,True,False,False,False,1,309,4,,,,,,,,,,,,,,1.0
Brand,Links,Below inlink target,https://www.chewy.com/brands/shop-by-dog-172222,True,"Increase internal links from relevant navigation, PLPs, PDPs, or editorial surfaces.",1,Shop by Dog - Free shipping | Chewy,35,Shop Chewy for low prices and the best Shop by Dog! We carry a large selection and the top brands like American Journey and more. Find everything you need in one place. FREE shipping on orders $49+ and the BEST customer service!,228,,Shop by Dog,1,shop-by-dog,True,True,False,False,True,False,False,False,1,309,4,,,,,,,,,,,,,,1.0
Brand,Links,Below inlink target,https://www.chewy.com/brands/shop-by-cat-172230,True,"Increase internal links from relevant navigation, PLPs, PDPs, or editorial surfaces.",1,Shop by Cat - Free shipping | Chewy,35,Shop Chewy for low prices and the best Shop by Cat! We carry a large selection and the top brands like American Journey and more. Find everything you need in one place. FREE shipping on orders $49+ and the BEST customer service!,228,,Shop by Cat,1,shop-by-cat,True,True,False,False,True,False,False,False,1,306,4,,,,,,,,,,,,,,1.0
Brand,Links,Below inlink target,https://www.chewy.com/brands/freshbites-946766,True,"Increase internal links from relevant navigation, PLPs, PDPs, or editorial surfaces.",1,FreshBites - Free shipping | Chewy,34,Shop Chewy for low prices and the best FreshBites products! We carry a large selection and the top brands like American Journey and more. Find everything you need in one place. FREE shipping on orders $49+ and the BEST customer service!,236,,FreshBites,1,freshbites,True,True,False,False,True,False,False,False,1,305,4,,,,,,,,,,,,,,1.0
Brand,Links,Below inlink target,https://www.chewy.com/brands/advantedge-digestive-support-2950262,True,"Increase internal links from relevant navigation, PLPs, PDPs, or editorial surfaces.",1,Pro Plan AdvantEDGE Digestive Support+ Dog Food - Free shipping | Chewy,71,Shop Chewy for low prices and the best AdvantEDGE Digestive Support+! We carry a large selection and the top brands like American Journey and more. Find everything you need in one place. FREE shipping on orders $49+ and the BEST customer service!,246,,Pro Plan AdvantEDGE Digestive Support+ Dog Food,1,advantedge-digestive-support,True,True,False,False,True,False,False,False,1,310,4,,,,,,,,,,,,,,
Brand,Links,Below inlink target,https://www.chewy.com/brands/advantedge-senior-support-2950254,True,"Increase internal links from relevant navigation, PLPs, PDPs, or editorial surfaces.",1,Pro Plan AdvantEDGE Senior Support+ Dog Food - Free shipping | Chewy,68,Shop Chewy for low prices and the best AdvantEDGE Senior Support+! We carry a large selection and the top brands like American Journey and more. Find everything you need in one place. FREE shipping on orders $49+ and the BEST customer service!,243,,Pro Plan AdvantEDGE Senior Support+ Dog Food,1,advantedge-senior-support,True,True,False,False,True,False,False,False,1,310,4,,,,,,,,,,,,,,1.0
Brand,Links,Below inlink target,https://www.chewy.com/brands/dinkins-aquatic-gardens-4333638,True,"Increase internal links from relevant navigation, PLPs, PDPs, or editorial surfaces.",0,Dinkins Aquatic Gardens - Free shipping | Chewy,47,Shop Chewy for low prices and the best Dinkins Aquatic Gardens! We carry a large selection and the top brands like American Journey and more. Find everything you need in one place. FREE shipping on orders $49+ and the BEST customer service!,240,,Dinkins Aquatic Gardens,1,dinkins-aquatic-gardens,True,True,False,False,True,False,False,False,0,307,4,,,,,,,,,,,,,,1.0
Brand,Links,Below inlink target,https://www.chewy.com/brands/made-in-usa-12596,True,"Increase internal links from relevant navigation, PLPs, PDPs, or editorial surfaces.",5,Bones & Chews Made in USA - Free shipping | Chewy,49,Shop Chewy for low prices and the best Made in USA! We carry a large selection and the top brands like Bones & Chews and more. Find everything you need in one place. FREE shipping on orders $49+ and the BEST customer service!,225,bones & chews made in usa,Bones & Chews Made in USA,1,made-in-usa,True,True,False,False,True,False,False,False,5,324,4,,,,,,,5,5,1.0,5,0,0,0,5.0
Brand,Links,Below inlink target,https://www.chewy.com/brands/bully-sticks-8238,True,"Increase internal links from relevant navigation, PLPs, PDPs, or editorial surfaces.",1,Bones & Chews Bully Stick Dog Chews - Free shipping | Chewy,59,Shop Chewy for low prices and the best Bully Sticks! We carry a large selection and the top brands like Bones & Chews and more. Find everything you need in one place. FREE shipping on orders $49+ and the BEST customer service!,226,,Bones & Chews Bully Stick Dog Chews,1,bully-sticks,True,True,False,False,True,False,False,False,1,318,4,,,,,,,,,,,,,,1.0
Brand,Links,Below inlink target,https://www.chewy.com/brands/natural-chews-8239,True,"Increase internal links from relevant navigation, PLPs, PDPs, or editorial surfaces.",1,Bones & Chews Natural Dog Chews - Free shipping | Chewy,55,Shop Chewy for low prices and the best Natural Chews! We carry a large selection and the top brands like Bones & Chews and more. Find everything you need in one place. FREE shipping on orders $49+ and the BEST customer service!,227,,Bones & Chews Natural Dog Chews,1,natural-chews,True,True,False,False,True,False,False,False,1,341,4,,,,,,,,,,,,,,1.0
Brand,Links,Below inlink target,https://www.chewy.com/brands/bones-12755,True,"Increase internal links from relevant navigation, PLPs, PDPs, or editorial surfaces.",1,Bones & Chews Dog Bones - Free shipping | Chewy,47,Shop Chewy for low prices and the best Bones products! We carry a large selection and the top brands like Bones & Chews and more. Find everything you need in one place. FREE shipping on orders $49+ and the BEST customer service!,228,,Bones & Chews Dog Bones,1,bones,True,True,False,False,True,False,False,False,1,311,4,,,,,,,,,,,,,,1.0
Brand,Links,Below inlink target,https://www.chewy.com/brands/antlers-12758,True,"Increase internal links from relevant navigation, PLPs, PDPs, or editorial surfaces.",1,Bones & Chews Antler Dog Chews - Free shipping | Chewy,54,Shop Chewy for low prices and the best Antlers products! We carry a large selection and the top brands like Bones & Chews and more. Find everything you need in one place. FREE shipping on orders $49+ and the BEST customer service!,230,,Bones & Chews Antler Dog Chews,1,antlers,True,True,False,False,True,False,False,False,1,317,4,,,,,,,,,,,,,,1.0
Brand,Links,Below inlink target,https://www.chewy.com/brands/rawhide-12396,True,"Increase internal links from relevant navigation, PLPs, PDPs, or editorial surfaces.",1,Bones & Chews Rawhide Dog Chews - Free shipping | Chewy,55,Shop Chewy for low prices and the best Rawhide products! We carry a large selection and the top brands like Bones & Chews and more. Find everything you need in one place. FREE shipping on orders $49+ and the BEST customer service!,230,,Bones & Chews Rawhide Dog Chews,1,rawhide,True,True,False,False,True,False,False,False,1,319,4,,,,,,,,,,,,,,1.0
Brand,Links,Below inlink target,https://www.chewy.com/brands/dehydrated-treats-8728,True,"Increase internal links from relevant navigation, PLPs, PDPs, or editorial surfaces.",1,Bones & Chews Dehydrated Dog Treats - Free shipping | Chewy,59,Shop Chewy for low prices and the best Dehydrated Treats! We carry a large selection and the top brands like Bones & Chews and more. Find everything you need in one place. FREE shipping on orders $49+ and the BEST customer service!,231,,Bones & Chews Dehydrated Dog Treats,1,dehydrated-treats,True,True,False,False,True,False,False,False,1,306,4,,,,,,,,,,,,,,1.0
Brand,Links,Below inlink target,https://www.chewy.com/brands/chewable-141150,True,"Increase internal links from relevant navigation, PLPs, PDPs, or editorial surfaces.",2,Apoquel Chewable for Dogs - Free shipping | Chewy,49,Shop Chewy for low prices and the best Chewable products! We carry a large selection and the top brands like American Journey and more. Find everything you need in one place. FREE shipping on orders $49+ and the BEST customer service!,234,,Apoquel Chewable for Dogs,1,chewable,True,True,False,False,True,False,False,False,2,319,4,,,,,,,,,,,,,,1.0
Brand,Links,Below inlink target,https://www.chewy.com/brands/tablet-141158,True,"Increase internal links from relevant navigation, PLPs, PDPs, or editorial surfaces.",1,Apoquel Tablet for Dogs - Free shipping | Chewy,47,Shop Chewy for low prices and the best Tablet products! We carry a large selection and the top brands like American Journey and more. Find everything you need in one place. FREE shipping on orders $49+ and the BEST customer service!,232,,Apoquel Tablet for Dogs,1,tablet,True,True,False,False,True,False,False,False,1,318,4,,,,,,,,,,,,,,3.0
Brand,Links,Below inlink target,https://www.chewy.com/brands/wholesome-pride-pet-treats-168918,True,"Increase internal links from relevant navigation, PLPs, PDPs, or editorial surfaces.",4,Wholesome Pride Pet Treats - Free shipping | Chewy,50,Shop Chewy for low prices and the best Wholesome Pride Pet Treats! We carry a large selection and the top brands like American Journey and more. Find everything you need in one place. FREE shipping on orders $49+ and the BEST customer service!,243,wholesome pride pet treats,Wholesome Pride Pet Treats,1,wholesome-pride-pet-treats,True,True,False,False,True,False,False,False,4,321,4,,,,,,,1,1,6.0,1,0,0,0,2.0
Brand,Links,Below inlink target,https://www.chewy.com/brands/anal-gland-support-166822,True,"Increase internal links from relevant navigation, PLPs, PDPs, or editorial surfaces.",1,Vetnique Anal Gland Support for Dogs & Cats - Free shipping | Chewy,67,Shop Chewy for low prices and the best Anal Gland Support! We carry a large selection and the top brands like Vetnique Labs and more. Find everything you need in one place. FREE shipping on orders $49+ and the BEST customer service!,232,,Vetnique Anal Gland Support for Dogs & Cats,1,anal-gland-support,True,True,False,False,True,False,False,False,1,312,4,,,,,,,,,,,,,,1.0
Brand,Links,Below inlink target,https://www.chewy.com/brands/allergy-itch-support-166862,True,"Increase internal links from relevant navigation, PLPs, PDPs, or editorial surfaces.",1,Vetnique Allergy & Itch Support for Dog & Cat's - Free shipping | Chewy,71,Shop Chewy for low prices and the best Allergy & Itch Support! We carry a large selection and the top brands like American Journey and more. Find everything you need in one place. FREE shipping on orders $49+ and the BEST customer service!,239,,Vetnique Allergy & Itch Support for Dog & Cat's,1,allergy-itch-support,True,True,False,False,True,False,False,False,1,313,4,,,,,,,,,,,,,,1.0
Brand,Links,Below inlink target,https://www.chewy.com/brands/dental-health-166854,True,"Increase internal links from relevant navigation, PLPs, PDPs, or editorial surfaces.",1,Vetnique Dental Health for Dog & Cat's - Free shipping | Chewy,62,Shop Chewy for low prices and the best Dental Health! We carry a large selection and the top brands like American Journey and more. Find everything you need in one place. FREE shipping on orders $49+ and the BEST customer service!,230,,Vetnique Dental Health for Dog & Cat's,1,dental-health,True,True,False,False,True,False,False,False,1,305,4,,,,,,,,,,,,,,
Brand,Links,Below inlink target,https://www.chewy.com/brands/ear-care-166846,True,"Increase internal links from relevant navigation, PLPs, PDPs, or editorial surfaces.",1,Vetnique Ear Care for Dog & Cats - Free shipping | Chewy,56,Shop Chewy for low prices and the best Ear Care! We carry a large selection and the top brands like American Journey and more. Find everything you need in one place. FREE shipping on orders $49+ and the BEST customer service!,225,,Vetnique Ear Care for Dog & Cats,1,ear-care,True,True,False,False,True,False,False,False,1,312,4,,,,,,,,,,,,,,1.0
Brand,Links,Below inlink target,https://www.chewy.com/brands/mobility-support-166830,True,"Increase internal links from relevant navigation, PLPs, PDPs, or editorial surfaces.",1,Vetnique Mobility Support for Dogs & Cats - Free shipping | Chewy,65,Shop Chewy for low prices and the best Mobility Support! We carry a large selection and the top brands like American Journey and more. Find everything you need in one place. FREE shipping on orders $49+ and the BEST customer service!,233,,Vetnique Mobility Support for Dogs & Cats,1,mobility-support,True,True,False,False,True,False,False,False,1,309,4,,,,,,,,,,,,,,
Brand,Links,Below inlink target,https://www.chewy.com/brands/digestive-support-166838,True,"Increase internal links from relevant navigation, PLPs, PDPs, or editorial surfaces.",1,Vetnique Digestive Support for Dog & Cats - Free shipping | Chewy,65,Shop Chewy for low prices and the best Digestive Support! We carry a large selection and the top brands like American Journey and more. Find everything you need in one place. FREE shipping on orders $49+ and the BEST customer service!,234,,Vetnique Digestive Support for Dog & Cats,1,digestive-support,True,True,False,False,True,False,False,False,1,311,4,,,,,,,,,,,,,,1.0
