page_type,category,issue,normalized_url,matched_botify,recommendation,evidence_value,title,title_length,meta_description,meta_description_length,main_keyword,h1,h1_count,url_slug,canonical_points_to_self,in_sitemaps,noindex,nofollow,breadcrumb_exists,product_exists,offer_exists,faq_exists,unique_inlinks,unique_outlinks,depth,lcp_status,lcp_value,cls_status,cls_value,inp_status,inp_value,ranking_keyword_rows,distinct_keywords,avg_current_rank,top10_keywords,quick_win_11_20_keywords,striking_distance_21_50_keywords,lost_or_unranked_keywords,botify_audience_keywords_to_90pct
Brand,Meta,Page title length is not ideal,https://www.chewy.com/brands/chewy-made-170606,True,Rewrite titles that are too short or too long while keeping the main topic clear.,70,Chewy Made™ | Chewy Exclusive Branded Products - Free shipping | Chewy,70,"Discover Chewy Made™: The same great products, now with a new look. For years, we’ve designed, developed, and cared for these recipes with the same love and expertise we bring to everything at Chewy.",199,chewy food for dogs,Chewy Made,1,chewy-made,True,True,False,False,True,False,False,True,318238,354,1,good,1999.0,good,0.005,,,20,19,13.08,4,6,2,8,8.0
Brand,Meta,Page title length is not ideal,https://www.chewy.com/brands/skin-care-169782,True,Rewrite titles that are too short or too long while keeping the main topic clear.,67,Hill's Prescription Diet Skin Care for Dogs - Free shipping | Chewy,67,Shop Chewy for low prices and the best Skin Care! We carry a large selection and the top brands like American Journey and more. Find everything you need in one place. FREE shipping on orders $49+ and the BEST customer service!,226,,Hill's Prescription Diet Skin Care for Dogs,1,skin-care,True,True,False,False,True,False,False,False,318238,319,1,,,,,,,,,,,,,,1.0
Brand,Meta,Page title length is not ideal,https://www.chewy.com/brands/skin-care-169710,True,Rewrite titles that are too short or too long while keeping the main topic clear.,67,Hill's Prescription Diet Skin Care for Cats - Free shipping | Chewy,67,Shop Chewy for low prices and the best Skin Care! We carry a large selection and the top brands like American Journey and more. Find everything you need in one place. FREE shipping on orders $49+ and the BEST customer service!,226,,Hill's Prescription Diet Skin Care for Cats,1,skin-care,True,True,False,False,True,False,False,False,318238,311,1,,,,,,,,,,,,,,1.0
Brand,Meta,Page title length is not ideal,https://www.chewy.com/brands/worthy-dog-158558,True,Rewrite titles that are too short or too long while keeping the main topic clear.,69,"The Worthy Dog toys, collars & leashes & more - Free shipping | Chewy",69,Shop Chewy for low prices and the best The Worthy Dog! We carry a large selection and the top brands like American Journey and more. Find everything you need in one place. FREE shipping on orders $49+ and the BEST customer service!,231,chewy dog collars,"The Worthy Dog toys, collars & leashes & more",1,worthy-dog,True,True,False,False,True,False,False,False,4574,345,2,good,1388.0,poor,0.265,,,2,2,24.0,0,0,1,1,4.0
Brand,Meta,Page title length is not ideal,https://www.chewy.com/brands/inaba-6930,True,Rewrite titles that are too short or too long while keeping the main topic clear.,29,Inaba - Free shipping | Chewy,29,Shop Chewy for low prices and the best Inaba products! We carry a large selection and the top brands like Inaba and more. Find everything you need in one place. FREE shipping on orders $49+ and the BEST customer service!,220,inaba,Inaba,1,inaba,True,True,False,False,True,False,False,False,570,345,2,good,1457.0,needs,0.15999999999999998,,,5,4,6.0,5,0,0,0,7.0
Brand,Meta,Page title length is not ideal,https://www.chewy.com/brands/nutramax-7125,True,Rewrite titles that are too short or too long while keeping the main topic clear.,29,Nutramax Laboratories | Chewy,29,"Shop Chewy for low prices on Nutramax Laboratories pet health products. We carry a wide selection of Nutramax Lab products including Dasuquin, Cosequin, Crananidin, Denamarin, Denosyl, Proviable and more. FREE shipping on orders $49+ and the BEST customer service!",264,nutramax,Nutramax,1,nutramax,True,True,False,False,True,False,False,False,163,356,2,good,1640.0,good,0.075,,,3,3,6.5,2,0,0,1,2.0
Brand,Meta,Page title length is not ideal,https://www.chewy.com/brands/tiny-tiger-7630,True,Rewrite titles that are too short or too long while keeping the main topic clear.,72,Tiny Tiger: Cat Food – Free Shipping (35% Off Your First Autoship Order),72,Shop Chewy for low prices and the best Tiny Tiger! We carry a large selection and the top brands like American Journey and more. Find everything you need in one place. FREE shipping on orders $49+ and the BEST customer service!,227,tiny tiger,Tiny Tiger There's a lot to love about Tiny Tiger Wildly delicious Complete & balanced Irresistible prices,5,tiny-tiger,True,True,False,False,True,False,False,True,100,347,2,good,1611.0,good,0.09000000000000001,,,9,9,3.88,7,1,0,1,25.0
Brand,Meta,Page title length is not ideal,https://www.chewy.com/brands/woof-136430,True,Rewrite titles that are too short or too long while keeping the main topic clear.,28,Woof - Free shipping | Chewy,28,Shop Chewy for low prices and the best Woof products! We carry a large selection and the top brands like American Journey and more. Find everything you need in one place. FREE shipping on orders $49+ and the BEST customer service!,230,chewy pupsicle,Woof Where wellness meets play,2,woof,True,True,False,False,True,False,False,False,340,345,2,good,1425.0,needs,0.11,,,1,1,1.0,1,0,0,0,19.0
Brand,Meta,Page title length is not ideal,https://www.chewy.com/brands/blue-buffalo-natural-veterinary-diet-10527,True,Rewrite titles that are too short or too long while keeping the main topic clear.,69,Blue Buffalo Natural Veterinary Diet Cat Food - Free shipping | Chewy,69,Shop Chewy for low prices and the best Blue Buffalo Natural Veterinary Diet! We carry a large selection and the top brands like American Journey and more. Find everything you need in one place. FREE shipping on orders $49+ and the BEST customer service!,253,,Blue Buffalo Natural Veterinary Diet Cat Food,1,blue-buffalo-natural-veterinary-diet,True,True,False,False,True,False,False,True,13,319,2,,,,,,,,,,,,,,1.0
Brand,Meta,Page title length is not ideal,https://www.chewy.com/brands/lucy-co-167438,True,Rewrite titles that are too short or too long while keeping the main topic clear.,75,"Lucy & Co Collars, Leashes, Clothes & More for Dogs - Free shipping | Chewy",75,Shop Chewy for low prices and the best Lucy & Co! We carry a large selection and the top brands like American Journey and more. Find everything you need in one place. FREE shipping on orders $49+ and the BEST customer service!,226,lucy and co.,"Lucy & Co Collars, Leashes, Clothes & More for Dogs",1,lucy-co,True,True,False,False,True,False,False,False,534,344,2,,,,,,,1,1,5.0,1,0,0,0,5.0
Brand,Meta,Page title length is not ideal,https://www.chewy.com/brands/whisker-14212,True,Rewrite titles that are too short or too long while keeping the main topic clear.,69,"Whisker - Maker of Litter-Robot, Feeder-Robot & Litterbox.com | Chewy",69,"Shop Chewy for low prices and the best Whisker products! We carry a large selection and the top brands like Whisker, Tidy Cats, and more. Find everything you need in one place. FREE shipping on orders $49+ and the BEST customer service!",236,,Whisker,1,whisker,True,True,False,False,True,False,False,False,21,315,2,,,,,,,,,,,,,,1.0
Brand,Meta,Page title length is not ideal,https://www.chewy.com/brands/nutramax-7125,True,Rewrite titles that are too short or too long while keeping the main topic clear.,29,Nutramax Laboratories | Chewy,29,"Shop Chewy for low prices on Nutramax Laboratories pet health products. We carry a wide selection of Nutramax Lab products including Dasuquin, Cosequin, Crananidin, Denamarin, Denosyl, Proviable and more. FREE shipping on orders $49+ and the BEST customer service!",264,nutramax,Nutramax,1,nutramax,False,False,False,False,True,False,False,False,135,355,2,,,,,,,3,3,6.5,2,0,0,1,
Brand,Meta,Page title length is not ideal,https://www.chewy.com/brands/senior-high-fiber-143894,True,Rewrite titles that are too short or too long while keeping the main topic clear.,68,Tribute Equine Nutrition Senior (High Fiber) - Free shipping | Chewy,68,Shop Chewy for low prices and the best Senior (High Fiber)! We carry a large selection and the top brands like American Journey and more. Find everything you need in one place. FREE shipping on orders $49+ and the BEST customer service!,236,,Tribute Equine Nutrition Senior (High Fiber),1,senior-high-fiber,True,True,False,False,True,False,False,False,1,311,2,,,,,,,,,,,,,,1.0
Brand,Meta,Page title length is not ideal,https://www.chewy.com/brands/digestive-care-169686,True,Rewrite titles that are too short or too long while keeping the main topic clear.,72,Hill's Prescription Diet Digestive Care for Cats - Free shipping | Chewy,72,Shop Chewy for low prices and the best Digestive Care! We carry a large selection and the top brands like American Journey and more. Find everything you need in one place. FREE shipping on orders $49+ and the BEST customer service!,231,,Hill's Prescription Diet Digestive Care for Cats,1,digestive-care,True,True,False,False,True,False,False,False,2,320,3,,,,,,,,,,,,,,2.0
Brand,Meta,Page title length is not ideal,https://www.chewy.com/brands/urinary-care-169694,True,Rewrite titles that are too short or too long while keeping the main topic clear.,70,Hill's Prescription Diet Urinary Care for Cats - Free shipping | Chewy,70,Shop Chewy for low prices and the best Urinary Care! We carry a large selection and the top brands like American Journey and more. Find everything you need in one place. FREE shipping on orders $49+ and the BEST customer service!,229,,Hill's Prescription Diet Urinary Care for Cats,1,urinary-care,True,True,False,False,True,False,False,False,2,328,3,,,,,,,,,,,,,,1.0
Brand,Meta,Page title length is not ideal,https://www.chewy.com/brands/weight-management-169702,True,Rewrite titles that are too short or too long while keeping the main topic clear.,75,Hill's Prescription Diet Weight Management for Cats - Free shipping | Chewy,75,Shop Chewy for low prices and the best Weight Management! We carry a large selection and the top brands like American Journey and more. Find everything you need in one place. FREE shipping on orders $49+ and the BEST customer service!,234,,Hill's Prescription Diet Weight Management for Cats,1,weight-management,True,True,False,False,True,False,False,False,2,321,3,,,,,,,,,,,,,,1.0
Brand,Meta,Page title length is not ideal,https://www.chewy.com/brands/kidney-care-169718,True,Rewrite titles that are too short or too long while keeping the main topic clear.,69,Hill's Prescription Diet Kidney Care for Cats - Free shipping | Chewy,69,Shop Chewy for low prices and the best Kidney Care! We carry a large selection and the top brands like American Journey and more. Find everything you need in one place. FREE shipping on orders $49+ and the BEST customer service!,228,,Hill's Prescription Diet Kidney Care for Cats,1,kidney-care,True,True,False,False,True,False,False,False,2,322,3,,,,,,,,,,,,,,1.0
Brand,Meta,Page title length is not ideal,https://www.chewy.com/brands/cancer-patient-support-169726,True,Rewrite titles that are too short or too long while keeping the main topic clear.,80,Hill's Prescription Diet Cancer Patient Support for Cats - Free shipping | Chewy,80,Shop Chewy for low prices and the best Cancer Patient Support! We carry a large selection and the top brands like American Journey and more. Find everything you need in one place. FREE shipping on orders $49+ and the BEST customer service!,239,,Hill's Prescription Diet Cancer Patient Support for Cats,1,cancer-patient-support,True,True,False,False,True,False,False,False,2,307,3,,,,,,,,,,,,,,1.0
Brand,Meta,Page title length is not ideal,https://www.chewy.com/brands/metabolic-8928,True,Rewrite titles that are too short or too long while keeping the main topic clear.,67,Hill's Prescription Diet Metabolic for Cats - Free shipping | Chewy,67,Shop Chewy for low prices and the best Metabolic products! We carry a large selection and the top brands like American Journey and more. Find everything you need in one place. FREE shipping on orders $49+ and the BEST customer service!,235,,Hill's Prescription Diet Metabolic for Cats,1,metabolic,True,True,False,False,True,False,False,False,2,312,3,,,,,,,,,,,,,,2.0
Brand,Meta,Page title length is not ideal,https://www.chewy.com/brands/hartz-6844,True,Rewrite titles that are too short or too long while keeping the main topic clear.,29,Hartz - Free shipping | Chewy,29,"Shop Chewy for low prices and the best Hartz products! We carry a large selection and the top brands like Hartz, Delectables, and more. Find everything you need in one place. FREE shipping on orders $49+ and the BEST customer service!",234,hartz,Hartz,1,hartz,True,True,False,False,True,False,False,False,294,343,3,good,1559.0,needs,0.12,,,2,2,7.5,2,0,0,0,3.0
Brand,Meta,Page title length is not ideal,https://www.chewy.com/brands/caru-6586,True,Rewrite titles that are too short or too long while keeping the main topic clear.,28,Caru - Free shipping | Chewy,28,Shop Chewy for low prices and the best Caru products! We carry a large selection and the top brands like Caru and more. Find everything you need in one place. FREE shipping on orders $49+ and the BEST customer service!,218,caru,Caru,1,caru,True,True,False,False,True,False,False,False,54,344,3,,,,,,,4,4,10.5,2,2,0,0,2.0
Brand,Meta,Page title length is not ideal,https://www.chewy.com/brands/crave-6648,True,Rewrite titles that are too short or too long while keeping the main topic clear.,29,Crave - Free shipping | Chewy,29,Shop Chewy for low prices and the best Crave products! We carry a large selection and the top brands like Crave and more. Find everything you need in one place. FREE shipping on orders $49+ and the BEST customer service!,220,,Crave,1,crave,True,True,False,False,True,False,False,False,46,311,3,,,,,,,,,,,,,,1.0
Brand,Meta,Page title length is not ideal,https://www.chewy.com/brands/api-6445,True,Rewrite titles that are too short or too long while keeping the main topic clear.,27,API - Free shipping | Chewy,27,"Shop Chewy for low prices and the best API products! We carry a large selection and the top brands like API, Activ-Betta, and more. Find everything you need in one place. FREE shipping on orders $49+ and the BEST customer service!",230,,API,1,api,True,True,False,False,True,False,False,False,218,342,3,,,,,,,,,,,,,,2.0
Brand,Meta,Page title length is not ideal,https://www.chewy.com/brands/oxbow-7199,True,Rewrite titles that are too short or too long while keeping the main topic clear.,29,Oxbow - Free shipping | Chewy,29,Shop Chewy for low prices and the best Oxbow products! We carry a large selection and the top brands like Oxbow and more. Find everything you need in one place. FREE shipping on orders $49+ and the BEST customer service!,220,oxbow,Oxbow,1,oxbow,True,True,False,False,True,False,False,True,261,352,3,good,1472.0,needs,0.18500000000000003,,,2,2,11.5,1,1,0,0,5.0
Brand,Meta,Page title length is not ideal,https://www.chewy.com/brands/midwest-7061,True,Rewrite titles that are too short or too long while keeping the main topic clear.,66,"MidWest Pet Products: Cages, Carriers & More - Free Shipping|Chewy",66,"Shop Chewy for low prices on MidWest Pet Products. We carry a wide selection of MidWest Pet Products including pet crates, carriers, crate pads, crate accessories, cat scratching posts and much more. FREE shipping on orders $49+ and the BEST customer service!",259,,MidWest,1,midwest,True,True,False,False,True,False,False,False,619,344,3,,,,,,,,,,,,,,3.0
Brand,Meta,Page title length is not ideal,https://www.chewy.com/brands/kh-pet-products-6960,True,Rewrite titles that are too short or too long while keeping the main topic clear.,69,"K & H Pet Products: Pet Beds, Carriers & More - Free Shipping | Chewy",69,"Shop Chewy for low prices on K & H Pet Products. We carry a wide selection of K & H Pet Products including pet beds, kitty sills, pet pads, pet travel products for your car, pet car seats, automatic waterers and more. FREE shipping on orders $49+ and the BEST customer service!",277,k&h pet products,K&H Pet Products,1,kh-pet-products,True,True,False,False,True,False,False,False,209,342,3,good,1379.0,good,0.045000000000000005,,,2,2,4.5,2,0,0,0,9.0
Brand,Meta,Page title length is not ideal,https://www.chewy.com/brands/petag-7252,True,Rewrite titles that are too short or too long while keeping the main topic clear.,29,PetAg - Free shipping | Chewy,29,Shop Chewy for low prices and the best PetAg products! We carry a large selection and the top brands like American Journey and more. Find everything you need in one place. FREE shipping on orders $49+ and the BEST customer service!,231,petag,PetAg,1,petag,True,True,False,False,True,False,False,False,95,346,3,,,,,,,1,1,10.0,1,0,0,0,3.0
Brand,Meta,Page title length is not ideal,https://www.chewy.com/brands/purina-beneful-7396,True,Rewrite titles that are too short or too long while keeping the main topic clear.,69,"Purina Beneful Dog Food: Dry, Wet, Grain-Free - Free Shipping | Chewy",69,"Shop Chewy for low prices on Purina Beneful Dog Food. We carry a wide selection of Purina Beneful Dog Food options including dry food, wet food, treats, food toppings and more in a variety of flavors your dog will love. FREE shipping on orders $49+ and the BEST customer service!",279,purina beneful,Purina Beneful,1,purina-beneful,True,True,False,False,True,False,False,False,108,347,3,good,1792.0,needs,0.15,,,2,2,13.0,0,1,0,1,4.0
Brand,Meta,Page title length is not ideal,https://www.chewy.com/brands/pawfy-140966,True,Rewrite titles that are too short or too long while keeping the main topic clear.,29,Pawfy - Free shipping | Chewy,29,Shop Chewy for low prices and the best Pawfy products! We carry a large selection and the top brands like American Journey and more. Find everything you need in one place. FREE shipping on orders $49+ and the BEST customer service!,231,,Pawfy,1,pawfy,True,True,False,False,True,False,False,True,50,320,3,,,,,,,,,,,,,,7.0
Brand,Meta,Page title length is not ideal,https://www.chewy.com/brands/tetra-7582,True,Rewrite titles that are too short or too long while keeping the main topic clear.,29,Tetra - Free shipping | Chewy,29,Shop Chewy for low prices and the best Tetra products! We carry a large selection and the top brands like Tetra and more. Find everything you need in one place. FREE shipping on orders $49+ and the BEST customer service!,220,tetra,Tetra,1,tetra,True,True,False,False,True,False,False,True,271,344,3,,,,,,,1,1,,0,0,0,1,1.0
Brand,Meta,Page title length is not ideal,https://www.chewy.com/brands/zilla-7769,True,Rewrite titles that are too short or too long while keeping the main topic clear.,29,Zilla - Free shipping | Chewy,29,Shop Chewy for low prices and the best Zilla products! We carry a large selection and the top brands like Zilla and more. Find everything you need in one place. FREE shipping on orders $49+ and the BEST customer service!,220,zilla reptile supplies,Zilla,1,zilla,True,True,False,False,True,False,False,False,180,344,3,,,,,,,1,1,18.0,0,1,0,0,1.0
Brand,Meta,Page title length is not ideal,https://www.chewy.com/brands/zymox-7832,True,Rewrite titles that are too short or too long while keeping the main topic clear.,73,"Zymox Pet Products: Ear Solution, Shampoos & More - Free Shipping | Chewy",73,"Shop Chewy for low prices on Zymox Pet Products. We carry a wide selection of Zymox Pet Products including Otic Ear Treatment, ear solution, shampoos, topical sprays and more to help with inflammation and infections to keep your pet happy and healthy. FREE shipping on orders $49+ and the BEST customer service!",311,zymox,Zymox,1,zymox,True,True,False,False,True,False,False,False,63,341,3,good,1510.0,good,0.05,,,1,1,10.0,1,0,0,0,22.0
Brand,Meta,Page title length is not ideal,https://www.chewy.com/brands/petsafe-7274,True,Rewrite titles that are too short or too long while keeping the main topic clear.,74,"PetSafe Pet Products: Collars, Litter Boxes & More - Free Shipping | Chewy",74,"Shop Chewy for low prices on PetSafe Products. We have a wide selection of PetSafe products including litter boxes, training and bark collars, automatic feeders, wireless fences, toys pet doors, ramps and more! FREE shipping on orders $49+ and the BEST customer service!",270,petsafe,PetSafe,1,petsafe,True,True,False,False,True,False,False,False,647,354,3,good,1426.0,good,0.01,,,1,1,17.0,0,1,0,0,2.0
Brand,Meta,Page title length is not ideal,https://www.chewy.com/brands/onguard-plus-7168,True,Rewrite titles that are too short or too long while keeping the main topic clear.,27,Onguard Flea & Tick | Chewy,27,"Shop Chewy for low prices and the best Onguard Plus! We carry a large selection and the top brands like Onguard Plus, Capstar, and more. Find everything you need in one place. FREE shipping on orders $49+ and the BEST customer service!",235,,Onguard Plus™,1,onguard-plus,True,True,False,False,True,False,False,True,23,315,3,,,,,,,,,,,,,,1.0
Brand,Meta,Page title length is not ideal,https://www.chewy.com/brands/nexha-166702,True,Rewrite titles that are too short or too long while keeping the main topic clear.,29,NexHA - Free shipping | Chewy,29,Shop Chewy for low prices and the best NexHA products! We carry a large selection and the top brands like American Journey and more. Find everything you need in one place. FREE shipping on orders $49+ and the BEST customer service!,231,,NexHA,1,nexha,True,True,False,False,True,False,False,False,6,305,3,,,,,,,,,,,,,,1.0
Brand,Meta,Page title length is not ideal,https://www.chewy.com/brands/flexi-6759,True,Rewrite titles that are too short or too long while keeping the main topic clear.,29,Flexi - Free shipping | Chewy,29,Shop Chewy for low prices and the best Flexi products! We carry a large selection and the top brands like Flexi and more. Find everything you need in one place. FREE shipping on orders $49+ and the BEST customer service!,220,flexi dog leashes,Flexi,1,flexi,True,True,False,False,True,False,False,False,38,311,3,,,,,,,3,3,,0,0,0,3,3.0
Brand,Meta,Page title length is not ideal,https://www.chewy.com/brands/jinx-158502,True,Rewrite titles that are too short or too long while keeping the main topic clear.,72,"Shop Jinx Food, Treats and Food Toppers for Dogs - Free shipping | Chewy",72,Shop Chewy for low prices and the best Jinx products! We carry a large selection and the top brands like American Journey and more. Find everything you need in one place. FREE shipping on orders $49+ and the BEST customer service!,230,jinx dog food,"Shop Jinx Food, Treats and Food Toppers for Dogs",1,jinx,True,True,False,False,True,False,False,False,120,346,3,good,1669.0,good,0.01,,,1,1,20.0,0,1,0,0,5.0
Brand,Meta,Page title length is not ideal,https://www.chewy.com/brands/turbo-12692,True,Rewrite titles that are too short or too long while keeping the main topic clear.,29,Turbo - Free shipping | Chewy,29,Shop Chewy for low prices and the best Turbo products! We carry a large selection and the top brands like Turbo and more. Find everything you need in one place. FREE shipping on orders $49+ and the BEST customer service!,220,,Turbo,1,turbo,True,True,False,False,True,False,False,False,63,340,3,,,,,,,,,,,,,,1.0
Brand,Meta,Page title length is not ideal,https://www.chewy.com/brands/feliway-6614,True,Rewrite titles that are too short or too long while keeping the main topic clear.,70,"Feliway Cat Products: Diffusers, Sprays & More - Free Shipping | Chewy",70,"Shop Chewy for low prices on Feliway Cat Products. We carry a wide selection of Feliway products for your feline friend including diffusers, sprays, wipes and more to help keep your cat calm and happy. FREE shipping on orders $49+ and the BEST customer service!",261,feliway,Feliway,1,feliway,True,True,False,False,True,False,False,True,36,323,3,good,1421.0,good,0.039999999999999994,,,6,6,12.6,2,3,0,1,8.0
Brand,Meta,Page title length is not ideal,https://www.chewy.com/brands/andis-6429,True,Rewrite titles that are too short or too long while keeping the main topic clear.,29,Andis - Free shipping | Chewy,29,Shop Chewy for low prices and the best Andis products! We carry a large selection and the top brands like Andis and more. Find everything you need in one place. FREE shipping on orders $49+ and the BEST customer service!,220,,Andis,1,andis,True,True,False,False,True,False,False,True,133,345,3,,,,,,,,,,,,,,1.0
Brand,Meta,Page title length is not ideal,https://www.chewy.com/brands/multi-cat-strength-6462,True,Rewrite titles that are too short or too long while keeping the main topic clear.,71,Arm & Hammer Multi-Cat Strength Litter for Cats - Free shipping | Chewy,71,Shop Chewy for low prices and the best Multi-Cat Strength! We carry a large selection and the top brands like Arm & Hammer Litter and more. Find everything you need in one place. FREE shipping on orders $49+ and the BEST customer service!,238,arm and hammer multi-cat strength litter for cats,Arm & Hammer Multi-Cat Strength Litter for Cats,1,multi-cat-strength,True,True,False,False,True,False,False,True,2,313,3,,,,,,,1,1,,0,0,0,1,1.0
Brand,Meta,Page title length is not ideal,https://www.chewy.com/brands/tylan-6727,True,Rewrite titles that are too short or too long while keeping the main topic clear.,29,Tylan - Free shipping | Chewy,29,Shop Chewy for low prices and the best Tylan products! We carry a large selection and the top brands like Tylan and more. Find everything you need in one place. FREE shipping on orders $49+ and the BEST customer service!,220,,Tylan,1,tylan,True,True,False,False,True,False,False,False,6,305,3,,,,,,,,,,,,,,1.0
Brand,Meta,Page title length is not ideal,https://www.chewy.com/brands/lixit-8224,True,Rewrite titles that are too short or too long while keeping the main topic clear.,29,Lixit - Free shipping | Chewy,29,Shop Chewy for low prices and the best Lixit products! We carry a large selection and the top brands like Lixit and more. Find everything you need in one place. FREE shipping on orders $49+ and the BEST customer service!,220,lixit,Lixit,1,lixit,True,True,False,False,True,False,False,False,59,345,3,,,,,,,1,1,5.0,1,0,0,0,1.0
Brand,Meta,Page title length is not ideal,https://www.chewy.com/brands/ware-8205,True,Rewrite titles that are too short or too long while keeping the main topic clear.,28,Ware - Free shipping | Chewy,28,"Shop Chewy for low prices and the best Ware products! We carry a large selection and the top brands like Ware, Carefresh, and more. Find everything you need in one place. FREE shipping on orders $49+ and the BEST customer service!",230,,Ware,1,ware,True,True,False,False,True,False,False,False,151,345,3,,,,,,,,,,,,,,1.0
Brand,Meta,Page title length is not ideal,https://www.chewy.com/brands/wahl-7705,True,Rewrite titles that are too short or too long while keeping the main topic clear.,28,Wahl - Free shipping | Chewy,28,Shop Chewy for low prices and the best Wahl products! We carry a large selection and the top brands like American Journey and more. Find everything you need in one place. FREE shipping on orders $49+ and the BEST customer service!,230,,Wahl,1,wahl,True,True,False,False,True,False,False,False,156,344,3,,,,,,,,,,,,,,1.0
Brand,Meta,Page title length is not ideal,https://www.chewy.com/brands/advantage-ii-6489,True,Rewrite titles that are too short or too long while keeping the main topic clear.,71,"Advantage II Flea Treatment For Dogs, Cats & Small Pets - Free Shipping",71,"Shop Chewy for low prices on Advantage II Flea Treatment for Dogs, Cats and Small Pets. We carry a wide selection of Advantage II Flea Treatment products that kills fleas at all life stages and works nonstop for 30 days. FREE shipping on orders $49+ and the BEST customer service!",280,advantage flea treatment,Advantage II,1,advantage-ii,True,True,False,False,True,False,False,True,34,324,3,good,1678.0,good,0.035,,,2,2,8.0,1,0,0,1,22.0
Brand,Meta,Page title length is not ideal,https://www.chewy.com/brands/proin-7316,True,Rewrite titles that are too short or too long while keeping the main topic clear.,29,Proin - Free shipping | Chewy,29,"Shop Chewy for low prices and the best Proin products! We carry a large selection and the top brands like Proin ER, Proin, and more. Find everything you need in one place. FREE shipping on orders $49+ and the BEST customer service!",231,,"Proin Make life together more enjoyable with PROIN ER™ If you like PROIN®, you'll love PROIN ER",3,proin,True,True,False,False,True,False,False,False,16,312,3,good,1374.0,good,0.0,,,,,,,,,,5.0
Brand,Meta,Page title length is not ideal,https://www.chewy.com/brands/sileo-7800,True,Rewrite titles that are too short or too long while keeping the main topic clear.,29,Sileo - Free shipping | Chewy,29,Shop Chewy for low prices and the best Sileo products! We carry a large selection and the top brands like Sileo and more. Find everything you need in one place. FREE shipping on orders $49+ and the BEST customer service!,220,,Sileo,1,sileo,True,True,False,False,True,False,False,False,4,305,3,,,,,,,,,,,,,,1.0
Brand,Meta,Page title length is not ideal,https://www.chewy.com/brands/tiny-tiger-7630,True,Rewrite titles that are too short or too long while keeping the main topic clear.,72,Tiny Tiger: Cat Food – Free Shipping (35% Off Your First Autoship Order),72,Shop Chewy for low prices and the best Tiny Tiger! We carry a large selection and the top brands like American Journey and more. Find everything you need in one place. FREE shipping on orders $49+ and the BEST customer service!,227,tiny tiger,Tiny Tiger There's a lot to love about Tiny Tiger Wildly delicious Complete & balanced Irresistible prices,5,tiny-tiger,False,False,False,False,True,False,False,True,1,346,3,,,,,,,9,9,3.88,7,1,0,1,
Brand,Meta,Page title length is not ideal,https://www.chewy.com/brands/dingo-6678,True,Rewrite titles that are too short or too long while keeping the main topic clear.,29,Dingo - Free shipping | Chewy,29,Shop Chewy for low prices and the best Dingo products! We carry a large selection and the top brands like Dingo and more. Find everything you need in one place. FREE shipping on orders $49+ and the BEST customer service!,220,,Dingo,1,dingo,True,True,False,False,True,False,False,False,26,323,3,,,,,,,,,,,,,,1.0
Brand,Meta,Page title length is not ideal,https://www.chewy.com/brands/ipet-109950,True,Rewrite titles that are too short or too long while keeping the main topic clear.,28,iPet - Free shipping | Chewy,28,Shop Chewy for low prices and the best iPet products! We carry a large selection and the top brands like iPet and more. Find everything you need in one place. FREE shipping on orders $49+ and the BEST customer service!,218,,iPet,1,ipet,True,True,False,False,True,False,False,True,6,307,3,,,,,,,,,,,,,,1.0
Brand,Meta,Page title length is not ideal,https://www.chewy.com/brands/glad-13164,True,Rewrite titles that are too short or too long while keeping the main topic clear.,28,Glad - Free shipping | Chewy,28,Shop Chewy for low prices and the best Glad products! We carry a large selection and the top brands like Glad and more. Find everything you need in one place. FREE shipping on orders $49+ and the BEST customer service!,218,,Glad,1,glad,True,True,False,False,True,False,False,False,26,310,3,,,,,,,,,,,,,,1.0
Brand,Meta,Page title length is not ideal,https://www.chewy.com/brands/vetiq-143926,True,Rewrite titles that are too short or too long while keeping the main topic clear.,29,VetIQ - Free shipping | Chewy,29,Shop Chewy for low prices and the best VetIQ products! We carry a large selection and the top brands like American Journey and more. Find everything you need in one place. FREE shipping on orders $49+ and the BEST customer service!,231,,VetIQ,1,vetiq,True,True,False,False,True,False,False,False,33,324,3,,,,,,,,,,,,,,2.0
Brand,Meta,Page title length is not ideal,https://www.chewy.com/brands/albon-7782,True,Rewrite titles that are too short or too long while keeping the main topic clear.,29,Albon - Free shipping | Chewy,29,Shop Chewy for low prices and the best Albon products! We carry a large selection and the top brands like Albon and more. Find everything you need in one place. FREE shipping on orders $49+ and the BEST customer service!,220,,Albon,1,albon,True,True,False,False,True,False,False,False,10,306,3,,,,,,,,,,,,,,1.0
Brand,Meta,Page title length is not ideal,https://www.chewy.com/brands/animals-like-us-164454,True,Rewrite titles that are too short or too long while keeping the main topic clear.,70,Animals Like Us Treats & Freeze-Dried Dog Food - Free shipping | Chewy,70,Shop Chewy for low prices and the best Animals Like Us! We carry a large selection and the top brands like American Journey and more. Find everything you need in one place. FREE shipping on orders $49+ and the BEST customer service!,232,,Animals Like Us Treats & Freeze-Dried Dog Food,1,animals-like-us,True,True,False,False,True,False,False,False,30,318,3,,,,,,,,,,,,,,1.0
Brand,Meta,Page title length is not ideal,https://www.chewy.com/brands/bixbi-12611,True,Rewrite titles that are too short or too long while keeping the main topic clear.,29,BIXBI - Free shipping | Chewy,29,Shop Chewy for low prices and the best BIXBI products! We carry a large selection and the top brands like BIXBI and more. Find everything you need in one place. FREE shipping on orders $49+ and the BEST customer service!,220,bixbi,BIXBI,1,bixbi,True,True,False,False,True,False,False,False,112,340,3,,,,,,,2,2,22.0,0,0,2,0,3.0
Brand,Meta,Page title length is not ideal,https://www.chewy.com/brands/booda-6552,True,Rewrite titles that are too short or too long while keeping the main topic clear.,29,Booda - Free shipping | Chewy,29,Shop Chewy for low prices and the best Booda products! We carry a large selection and the top brands like Booda and more. Find everything you need in one place. FREE shipping on orders $49+ and the BEST customer service!,220,,Booda,1,booda,True,True,False,False,True,False,False,False,19,314,3,,,,,,,,,,,,,,1.0
Brand,Meta,Page title length is not ideal,https://www.chewy.com/brands/cadet-6576,True,Rewrite titles that are too short or too long while keeping the main topic clear.,29,Cadet - Free shipping | Chewy,29,"Shop Chewy for low prices and the best Cadet products! We carry a large selection and the top brands like Cadet, Wee-Wee, and more. Find everything you need in one place. FREE shipping on orders $49+ and the BEST customer service!",230,cadet natural dog chews,Cadet,1,cadet,True,True,False,False,True,False,False,False,133,341,3,,,,,,,3,2,6.0,1,0,0,2,1.0
Brand,Meta,Page title length is not ideal,https://www.chewy.com/brands/cat-person-by-weruva-143966,True,Rewrite titles that are too short or too long while keeping the main topic clear.,68,"Shop Cat Person Food, Treats and Supplements - Free shipping | Chewy",68,Shop Chewy for low prices and the best Cat Person by Weruva! We carry a large selection and the top brands like American Journey and more. Find everything you need in one place. FREE shipping on orders $49+ and the BEST customer service!,237,weruva cat treats,"Shop Cat Person Food, Treats and Supplements",1,cat-person-by-weruva,True,True,False,False,True,False,False,False,52,333,3,,,,,,,1,1,13.0,0,1,0,0,3.0
Brand,Meta,Page title length is not ideal,https://www.chewy.com/brands/catit-6825,True,Rewrite titles that are too short or too long while keeping the main topic clear.,29,Catit - Free shipping | Chewy,29,Shop Chewy for low prices and the best Catit products! We carry a large selection and the top brands like American Journey and more. Find everything you need in one place. FREE shipping on orders $49+ and the BEST customer service!,231,catit,Catit,1,catit,True,True,False,False,True,False,False,True,178,349,3,good,1530.0,good,0.01,,,1,1,17.0,0,1,0,0,3.0
Brand,Meta,Page title length is not ideal,https://www.chewy.com/brands/dogit-6830,True,Rewrite titles that are too short or too long while keeping the main topic clear.,29,Dogit - Free shipping | Chewy,29,Shop Chewy for low prices and the best Dogit products! We carry a large selection and the top brands like Dogit and more. Find everything you need in one place. FREE shipping on orders $49+ and the BEST customer service!,220,dogit,Dogit,1,dogit,True,True,False,False,True,False,False,False,15,305,3,,,,,,,1,1,6.0,1,0,0,0,1.0
Brand,Meta,Page title length is not ideal,https://www.chewy.com/brands/earthborn-holistic-6702,True,Rewrite titles that are too short or too long while keeping the main topic clear.,66,Earthborn Holistic Dog & Cat Food & Treats - Free Shipping | Chewy,66,"Shop Chewy for low prices on Earthborn Holistic Dog and Cat Food and Treats. We carry a wide selection of Earthborn Holistic Dog and Cat Food and Treats including dry food, wet food, treats, grain-free, gluten free and many more. FREE shipping on orders $49+ and the BEST customer service!",289,earthborn holistic,Earthborn Holistic,1,earthborn-holistic,True,True,False,False,True,False,False,False,76,342,3,,,,,,,3,3,9.0,2,1,0,0,5.0
Brand,Meta,Page title length is not ideal,https://www.chewy.com/brands/etna-13211,True,Rewrite titles that are too short or too long while keeping the main topic clear.,28,Etna - Free shipping | Chewy,28,Shop Chewy for low prices and the best Etna products! We carry a large selection and the top brands like Etna and more. Find everything you need in one place. FREE shipping on orders $49+ and the BEST customer service!,218,,Etna,1,etna,True,True,False,False,True,False,False,False,46,340,3,,,,,,,,,,,,,,1.0
Brand,Meta,Page title length is not ideal,https://www.chewy.com/brands/finn-15761,True,Rewrite titles that are too short or too long while keeping the main topic clear.,28,Finn - Free shipping | Chewy,28,Shop Chewy for low prices and the best Finn products! We carry a large selection and the top brands like Finn and more. Find everything you need in one place. FREE shipping on orders $49+ and the BEST customer service!,218,finn dog supplements,Finn,1,finn,True,True,False,False,True,False,False,False,30,322,3,,,,,,,1,1,6.0,1,0,0,0,3.0
Brand,Meta,Page title length is not ideal,https://www.chewy.com/brands/fooey-7570,True,Rewrite titles that are too short or too long while keeping the main topic clear.,29,Fooey - Free shipping | Chewy,29,Shop Chewy for low prices and the best Fooey products! We carry a large selection and the top brands like Fooey and more. Find everything you need in one place. FREE shipping on orders $49+ and the BEST customer service!,220,fooey,Fooey,1,fooey,True,True,False,False,True,False,False,False,3,305,3,,,,,,,1,1,2.0,1,0,0,0,1.0
Brand,Meta,Page title length is not ideal,https://www.chewy.com/brands/frontline-6540,True,Rewrite titles that are too short or too long while keeping the main topic clear.,72,Frontline: Flea & Tick Treatment for Cats & Dogs (Free Shipping) | Chewy,72,"Shop Chewy for low prices and the best Frontline products! We carry a large selection and the top brands like Frontline Plus, Frontline Shield, and more. Find everything you need in one place. FREE shipping on orders $49+ and the BEST customer service!",252,frontline gold,Frontline,1,frontline,True,True,False,False,True,False,False,False,9,323,3,good,1749.0,good,0.005,,,2,2,7.0,1,0,0,1,6.0
Brand,Meta,Page title length is not ideal,https://www.chewy.com/brands/get-joy-159062,True,Rewrite titles that are too short or too long while keeping the main topic clear.,84,"Shop Get Joy Freeze-Dried Raw Dog Food, Treats & Supplements - Free shipping | Chewy",84,Shop Chewy for low prices and the best Get Joy! We carry a large selection and the top brands like American Journey and more. Find everything you need in one place. FREE shipping on orders $49+ and the BEST customer service!,224,,"Shop Get Joy Freeze-Dried Raw Dog Food, Treats & Supplements",1,get-joy,True,True,False,False,True,False,False,False,23,313,3,,,,,,,,,,,,,,2.0
Brand,Meta,Page title length is not ideal,https://www.chewy.com/brands/hagen-6823,True,Rewrite titles that are too short or too long while keeping the main topic clear.,29,Hagen - Free shipping | Chewy,29,"Shop Chewy for low prices and the best Hagen products! We carry a large selection and the top brands like Exo Terra, Fluval, and more. Find everything you need in one place. FREE shipping on orders $49+ and the BEST customer service!",233,,Hagen,1,hagen,True,True,False,False,True,False,False,False,48,355,3,,,,,,,,,,,,,,1.0
Brand,Meta,Page title length is not ideal,https://www.chewy.com/brands/halo-6841,True,Rewrite titles that are too short or too long while keeping the main topic clear.,28,Halo - Free shipping | Chewy,28,Shop Chewy for low prices and the best Halo products! We carry a large selection and the top brands like American Journey and more. Find everything you need in one place. FREE shipping on orders $49+ and the BEST customer service!,230,,Halo,1,halo,True,True,False,False,True,False,False,True,149,343,3,,,,,,,,,,,,,,1.0
Brand,Meta,Page title length is not ideal,https://www.chewy.com/brands/halti-7587,True,Rewrite titles that are too short or too long while keeping the main topic clear.,29,Halti - Free shipping | Chewy,29,Shop Chewy for low prices and the best Halti products! We carry a large selection and the top brands like Halti and more. Find everything you need in one place. FREE shipping on orders $49+ and the BEST customer service!,220,halti,Halti,1,halti,True,True,False,False,True,False,False,False,103,317,3,,,,,,,1,1,6.0,1,0,0,0,1.0
Brand,Meta,Page title length is not ideal,https://www.chewy.com/brands/hari-6835,True,Rewrite titles that are too short or too long while keeping the main topic clear.,28,Hari - Free shipping | Chewy,28,Shop Chewy for low prices and the best Hari products! We carry a large selection and the top brands like Hari and more. Find everything you need in one place. FREE shipping on orders $49+ and the BEST customer service!,218,,Hari,1,hari,True,True,False,False,True,False,False,False,46,333,3,,,,,,,,,,,,,,1.0
Brand,Meta,Page title length is not ideal,https://www.chewy.com/brands/hdp-13166,True,Rewrite titles that are too short or too long while keeping the main topic clear.,27,HDP - Free shipping | Chewy,27,Shop Chewy for low prices and the best HDP products! We carry a large selection and the top brands like HDP and more. Find everything you need in one place. FREE shipping on orders $49+ and the BEST customer service!,216,,HDP,1,hdp,True,True,False,False,True,False,False,False,168,342,3,,,,,,,,,,,,,,1.0
Brand,Meta,Page title length is not ideal,https://www.chewy.com/brands/hylox-7236,True,Rewrite titles that are too short or too long while keeping the main topic clear.,29,Hylox - Free shipping | Chewy,29,Shop Chewy for low prices and the best Hylox products! We carry a large selection and the top brands like Hylox and more. Find everything you need in one place. FREE shipping on orders $49+ and the BEST customer service!,220,,Hylox,1,hylox,True,True,False,False,True,False,False,False,4,305,3,,,,,,,,,,,,,,1.0
Brand,Meta,Page title length is not ideal,https://www.chewy.com/brands/ipets-107374,True,Rewrite titles that are too short or too long while keeping the main topic clear.,29,iPets - Free shipping | Chewy,29,Shop Chewy for low prices and the best iPets products! We carry a large selection and the top brands like iPets and more. Find everything you need in one place. FREE shipping on orders $49+ and the BEST customer service!,220,ipets,iPets,1,ipets,True,True,False,False,True,False,False,False,5,307,3,,,,,,,2,1,,0,0,0,2,1.0
Brand,Meta,Page title length is not ideal,https://www.chewy.com/brands/iris-6935,True,Rewrite titles that are too short or too long while keeping the main topic clear.,28,IRIS - Free shipping | Chewy,28,Shop Chewy for low prices and the best IRIS products! We carry a large selection and the top brands like IRIS and more. Find everything you need in one place. FREE shipping on orders $49+ and the BEST customer service!,218,iris usa,IRIS,1,iris,True,True,False,False,True,False,False,False,163,344,3,,,,,,,1,1,27.0,0,0,1,0,1.0
Brand,Meta,Page title length is not ideal,https://www.chewy.com/brands/keet-13641,True,Rewrite titles that are too short or too long while keeping the main topic clear.,28,Keet - Free shipping | Chewy,28,Shop Chewy for low prices and the best Keet products! We carry a large selection and the top brands like Keet and more. Find everything you need in one place. FREE shipping on orders $49+ and the BEST customer service!,218,,Keet,1,keet,True,True,False,False,True,False,False,False,27,310,3,,,,,,,,,,,,,,1.0
Brand,Meta,Page title length is not ideal,https://www.chewy.com/brands/kurgo-6996,True,Rewrite titles that are too short or too long while keeping the main topic clear.,29,Kurgo - Free shipping | Chewy,29,Shop Chewy for low prices and the best Kurgo products! We carry a large selection and the top brands like Kurgo and more. Find everything you need in one place. FREE shipping on orders $49+ and the BEST customer service!,220,kurgo,Kurgo,1,kurgo,True,True,False,False,True,False,False,False,160,340,3,,,,,,,1,1,15.0,0,1,0,0,1.0
Brand,Meta,Page title length is not ideal,https://www.chewy.com/brands/lloyd-7009,True,Rewrite titles that are too short or too long while keeping the main topic clear.,29,Lloyd - Free shipping | Chewy,29,Shop Chewy for low prices and the best Lloyd products! We carry a large selection and the top brands like Thyro-L and more. Find everything you need in one place. FREE shipping on orders $49+ and the BEST customer service!,222,,Lloyd,1,lloyd,True,True,False,False,True,False,False,False,2,305,3,,,,,,,,,,,,,,
Brand,Meta,Page title length is not ideal,https://www.chewy.com/brands/lotus-7012,True,Rewrite titles that are too short or too long while keeping the main topic clear.,29,Lotus - Free shipping | Chewy,29,Shop Chewy for low prices and the best Lotus products! We carry a large selection and the top brands like Lotus and more. Find everything you need in one place. FREE shipping on orders $49+ and the BEST customer service!,220,lotus dog food,Lotus,1,lotus,True,True,False,False,True,False,False,False,106,342,3,,,,,,,4,4,9.75,2,2,0,0,3.0
Brand,Meta,Page title length is not ideal,https://www.chewy.com/brands/lyric-7017,True,Rewrite titles that are too short or too long while keeping the main topic clear.,29,Lyric - Free shipping | Chewy,29,Shop Chewy for low prices and the best Lyric products! We carry a large selection and the top brands like Lyric and more. Find everything you need in one place. FREE shipping on orders $49+ and the BEST customer service!,220,,Lyric,1,lyric,True,True,False,False,True,False,False,False,40,324,3,,,,,,,,,,,,,,1.0
Brand,Meta,Page title length is not ideal,https://www.chewy.com/brands/merck-7032,True,Rewrite titles that are too short or too long while keeping the main topic clear.,29,Merck - Free shipping | Chewy,29,"Shop Chewy for low prices and the best Merck products! We carry a large selection and the top brands like Bravecto, Sentinel Spectrum, and more. Find everything you need in one place. FREE shipping on orders $49+ and the BEST customer service!",243,,Merck,1,merck,True,True,False,False,True,False,False,False,23,355,3,,,,,,,,,,,,,,1.0
Brand,Meta,Page title length is not ideal,https://www.chewy.com/brands/nandi-13764,True,Rewrite titles that are too short or too long while keeping the main topic clear.,29,Nandi - Free shipping | Chewy,29,Shop Chewy for low prices and the best Nandi products! We carry a large selection and the top brands like Nandi and more. Find everything you need in one place. FREE shipping on orders $49+ and the BEST customer service!,220,nandi dog treats,Nandi,1,nandi,True,True,False,False,True,False,False,False,4,306,3,,,,,,,1,1,3.0,1,0,0,0,1.0
Brand,Meta,Page title length is not ideal,https://www.chewy.com/brands/nixit-107190,True,Rewrite titles that are too short or too long while keeping the main topic clear.,29,Nixit - Free shipping | Chewy,29,Shop Chewy for low prices and the best Nixit products! We carry a large selection and the top brands like Nixit and more. Find everything you need in one place. FREE shipping on orders $49+ and the BEST customer service!,220,,Nixit,1,nixit,True,True,False,False,True,False,False,False,4,305,3,,,,,,,,,,,,,,
Brand,Meta,Page title length is not ideal,https://www.chewy.com/brands/nulo-7123,True,Rewrite titles that are too short or too long while keeping the main topic clear.,28,Nulo - Free shipping | Chewy,28,Shop Chewy for low prices and the best Nulo products! We carry a large selection and the top brands like American Journey and more. Find everything you need in one place. FREE shipping on orders $49+ and the BEST customer service!,230,nulo dog food,Nulo,1,nulo,True,True,False,False,True,False,False,False,406,352,3,good,1746.0,good,0.0,,,3,3,22.67,0,1,2,0,6.0
Brand,Meta,Page title length is not ideal,https://www.chewy.com/brands/oh-norman-164774,True,Rewrite titles that are too short or too long while keeping the main topic clear.,70,"OH NORMAN Dog Supplements, Treats, Food & More - Free shipping | Chewy",70,Shop Chewy for low prices and the best OH NORMAN! We carry a large selection and the top brands like American Journey and more. Find everything you need in one place. FREE shipping on orders $49+ and the BEST customer service!,226,,"OH NORMAN Dog Supplements, Treats, Food & More",1,oh-norman,True,True,False,False,True,False,False,False,11,313,3,,,,,,,,,,,,,,2.0
Brand,Meta,Page title length is not ideal,https://www.chewy.com/brands/oravet-6545,True,Rewrite titles that are too short or too long while keeping the main topic clear.,67,"OraVet Pet Health: Chews, Dental Gel & More - Free Shipping | Chewy",67,Shop Chewy for low prices on OraVet Pet Health Products. We carry OraVet dental chews and plaque prevention gel to keep your pup healthy. FREE shipping on orders $49+ and the BEST customer service!,197,,OraVet,1,oravet,True,True,False,False,True,False,False,False,17,315,3,good,1450.0,good,0.04,,,,,,,,,,4.0
Brand,Meta,Page title length is not ideal,https://www.chewy.com/brands/orbax-7041,True,Rewrite titles that are too short or too long while keeping the main topic clear.,29,Orbax - Free shipping | Chewy,29,Shop Chewy for low prices and the best Orbax products! We carry a large selection and the top brands like Orbax and more. Find everything you need in one place. FREE shipping on orders $49+ and the BEST customer service!,220,,Orbax,1,orbax,True,True,False,False,True,False,False,False,3,305,3,,,,,,,,,,,,,,1.0
Brand,Meta,Page title length is not ideal,https://www.chewy.com/brands/oster-7186,True,Rewrite titles that are too short or too long while keeping the main topic clear.,29,Oster - Free shipping | Chewy,29,Shop Chewy for low prices and the best Oster products! We carry a large selection and the top brands like Oster and more. Find everything you need in one place. FREE shipping on orders $49+ and the BEST customer service!,220,,Oster,1,oster,True,True,False,False,True,False,False,False,31,319,3,,,,,,,,,,,,,,1.0
Brand,Meta,Page title length is not ideal,https://www.chewy.com/brands/out-13162,True,Rewrite titles that are too short or too long while keeping the main topic clear.,28,Out! - Free shipping | Chewy,28,"Shop Chewy for low prices and the best Out! products! We carry a large selection and the top brands like OUT!, Fruitables, and more. Find everything you need in one place. FREE shipping on orders $49+ and the BEST customer service!",231,,Out!,1,out,True,True,False,False,True,False,False,False,20,310,3,,,,,,,,,,,,,,1.0
Brand,Meta,Page title length is not ideal,https://www.chewy.com/brands/paco-pepper-165966,True,Rewrite titles that are too short or too long while keeping the main topic clear.,70,Paco & Pepper Litter and Accessories for Cat's - Free shipping | Chewy,70,Shop Chewy for low prices and the best Paco & Pepper! We carry a large selection and the top brands like American Journey and more. Find everything you need in one place. FREE shipping on orders $49+ and the BEST customer service!,230,,Paco & Pepper Litter and Accessories for Cat's,1,paco-pepper,True,True,False,False,True,False,False,False,13,312,3,,,,,,,,,,,,,,1.0
Brand,Meta,Page title length is not ideal,https://www.chewy.com/brands/pamper-like-paris-156990,True,Rewrite titles that are too short or too long while keeping the main topic clear.,71,Shop Pamper Like Paris Wet Food for Cats & Dogs - Free shipping | Chewy,71,Shop Chewy for low prices and the best Pamper Like Paris! We carry a large selection and the top brands like American Journey and more. Find everything you need in one place. FREE shipping on orders $49+ and the BEST customer service!,234,,Shop Pamper Like Paris Wet Food for Cats & Dogs,1,pamper-like-paris,True,True,False,False,True,False,False,False,27,329,3,,,,,,,,,,,,,,1.0
Brand,Meta,Page title length is not ideal,https://www.chewy.com/brands/plato-7292,True,Rewrite titles that are too short or too long while keeping the main topic clear.,29,Plato - Free shipping | Chewy,29,Shop Chewy for low prices and the best Plato products! We carry a large selection and the top brands like Plato and more. Find everything you need in one place. FREE shipping on orders $49+ and the BEST customer service!,220,plato dog treats,Plato,1,plato,True,True,False,False,True,False,False,False,76,339,3,,,,,,,1,1,18.0,0,1,0,0,1.0
Brand,Meta,Page title length is not ideal,https://www.chewy.com/brands/quest-114054,True,Rewrite titles that are too short or too long while keeping the main topic clear.,29,QUEST - Free shipping | Chewy,29,Shop Chewy for low prices and the best QUEST products! We carry a large selection and the top brands like QUEST and more. Find everything you need in one place. FREE shipping on orders $49+ and the BEST customer service!,220,,QUEST,1,quest,True,True,False,False,True,False,False,False,13,307,3,,,,,,,,,,,,,,1.0
Brand,Meta,Page title length is not ideal,https://www.chewy.com/brands/quiko-107438,True,Rewrite titles that are too short or too long while keeping the main topic clear.,29,Quiko - Free shipping | Chewy,29,Shop Chewy for low prices and the best Quiko products! We carry a large selection and the top brands like Quiko and more. Find everything you need in one place. FREE shipping on orders $49+ and the BEST customer service!,220,,Quiko,1,quiko,True,True,False,False,True,False,False,False,6,307,3,,,,,,,,,,,,,,1.0
Brand,Meta,Page title length is not ideal,https://www.chewy.com/brands/rogz-7485,True,Rewrite titles that are too short or too long while keeping the main topic clear.,28,Rogz - Free shipping | Chewy,28,Shop Chewy for low prices and the best Rogz products! We carry a large selection and the top brands like Rogz and more. Find everything you need in one place. FREE shipping on orders $49+ and the BEST customer service!,218,,Rogz,1,rogz,True,True,False,False,True,False,False,False,61,311,3,,,,,,,,,,,,,,3.0
Brand,Meta,Page title length is not ideal,https://www.chewy.com/brands/salix-7045,True,Rewrite titles that are too short or too long while keeping the main topic clear.,29,Salix - Free shipping | Chewy,29,Shop Chewy for low prices and the best Salix products! We carry a large selection and the top brands like Salix and more. Find everything you need in one place. FREE shipping on orders $49+ and the BEST customer service!,220,,Salix,1,salix,True,True,False,False,True,False,False,False,11,306,3,,,,,,,,,,,,,,1.0
Brand,Meta,Page title length is not ideal,https://www.chewy.com/brands/sporn-7546,True,Rewrite titles that are too short or too long while keeping the main topic clear.,29,Sporn - Free shipping | Chewy,29,Shop Chewy for low prices and the best Sporn products! We carry a large selection and the top brands like Sporn and more. Find everything you need in one place. FREE shipping on orders $49+ and the BEST customer service!,220,sporn,Sporn,1,sporn,True,True,False,False,True,False,False,False,31,311,3,,,,,,,2,1,20.5,0,1,1,0,5.0
Brand,Meta,Page title length is not ideal,https://www.chewy.com/brands/trp-6616,True,Rewrite titles that are too short or too long while keeping the main topic clear.,27,TRP - Free shipping | Chewy,27,Shop Chewy for low prices and the best TRP products! We carry a large selection and the top brands like TRP and more. Find everything you need in one place. FREE shipping on orders $49+ and the BEST customer service!,216,,TRP,1,trp,True,True,False,False,True,False,False,False,5,306,3,,,,,,,,,,,,,,1.0
Brand,Meta,Page title length is not ideal,https://www.chewy.com/brands/v-dog-7663,True,Rewrite titles that are too short or too long while keeping the main topic clear.,29,V-Dog - Free shipping | Chewy,29,Shop Chewy for low prices and the best V-Dog products! We carry a large selection and the top brands like V-Dog and more. Find everything you need in one place. FREE shipping on orders $49+ and the BEST customer service!,220,v-dog,V-Dog,1,v-dog,True,True,False,False,True,False,False,False,8,310,3,,,,,,,1,1,8.0,1,0,0,0,3.0
Brand,Meta,Page title length is not ideal,https://www.chewy.com/brands/wigzi-7754,True,Rewrite titles that are too short or too long while keeping the main topic clear.,29,Wigzi - Free shipping | Chewy,29,Shop Chewy for low prices and the best Wigzi products! We carry a large selection and the top brands like Wigzi and more. Find everything you need in one place. FREE shipping on orders $49+ and the BEST customer service!,220,wigzi,Wigzi,1,wigzi,True,True,False,False,True,False,False,False,6,306,3,,,,,,,1,1,17.0,0,1,0,0,4.0
Brand,Meta,Page title length is not ideal,https://www.chewy.com/brands/wisdom-panel-7756,True,Rewrite titles that are too short or too long while keeping the main topic clear.,69,Wisdom Panel Dog DNA Breed & Health Test Kits - Free Shipping | Chewy,69,Shop Chewy for low prices on Wisdom Panel Dog DNA Breed and Health Test Kits. Wisdom Panel offers state-of-the-art test kits to find your dog's breed and health. FREE shipping on orders $49+ and the BEST customer service!,221,chewy dna test,Wisdom Panel,1,wisdom-panel,True,True,False,False,True,False,False,False,6,308,3,,,,,,,1,1,,0,0,0,1,2.0
Brand,Meta,Page title length is not ideal,https://www.chewy.com/brands/wyze-12928,True,Rewrite titles that are too short or too long while keeping the main topic clear.,28,Wyze - Free shipping | Chewy,28,Shop Chewy for low prices and the best Wyze products! We carry a large selection and the top brands like Wyze and more. Find everything you need in one place. FREE shipping on orders $49+ and the BEST customer service!,218,wyze,Wyze,1,wyze,True,True,False,False,True,False,False,True,15,312,3,,,,,,,1,1,,0,0,0,1,3.0
Brand,Meta,Page title length is not ideal,https://www.chewy.com/brands/yeti-106950,True,Rewrite titles that are too short or too long while keeping the main topic clear.,28,YETI - Free shipping | Chewy,28,Shop Chewy for low prices and the best YETI products! We carry a large selection and the top brands like YETI and more. Find everything you need in one place. FREE shipping on orders $49+ and the BEST customer service!,218,,YETI,1,yeti,True,True,False,False,True,False,False,False,9,304,3,,,,,,,,,,,,,,1.0
Brand,Meta,Page title length is not ideal,https://www.chewy.com/brands/zampa-13647,True,Rewrite titles that are too short or too long while keeping the main topic clear.,29,Zampa - Free shipping | Chewy,29,Shop Chewy for low prices and the best Zampa products! We carry a large selection and the top brands like Zampa and more. Find everything you need in one place. FREE shipping on orders $49+ and the BEST customer service!,220,,Zampa,1,zampa,True,True,False,False,True,False,False,False,25,308,3,,,,,,,,,,,,,,1.0
Brand,Meta,Page title length is not ideal,https://www.chewy.com/brands/zignature-7768,True,Rewrite titles that are too short or too long while keeping the main topic clear.,69,"Zignature Dog Food: Wet & Dry Food - Low Prices, Free Shipping| Chewy",69,"We are an independently owned pet health company based in the U.S., on a mission to provide our furry friends with exceptional nutrition to encourage a longer, happier life with their humans. Our meat-first recipes use carefully selected, limited ingredients inspired by nature to help avoid food sensitivities and maximize goodness. Our craft pet nutrition products are known internationally for providing accessible and sustainable health.",441,zignature dog food,Zignature,1,zignature,True,True,False,False,True,False,False,False,143,355,3,good,1557.0,good,0.005,,,3,3,13.67,1,2,0,0,8.0
Brand,Meta,Page title length is not ideal,https://www.chewy.com/brands/zinus-13639,True,Rewrite titles that are too short or too long while keeping the main topic clear.,29,ZInus - Free shipping | Chewy,29,Shop Chewy for low prices and the best Zinus products! We carry a large selection and the top brands like Zinus and more. Find everything you need in one place. FREE shipping on orders $49+ and the BEST customer service!,220,,ZInus,1,zinus,True,True,False,False,True,False,False,False,15,308,3,,,,,,,,,,,,,,1.0
Brand,Meta,Page title length is not ideal,https://www.chewy.com/brands/ziwi-7776,True,Rewrite titles that are too short or too long while keeping the main topic clear.,28,ZIWI - Free shipping | Chewy,28,Shop Chewy for low prices and the best ZIWI products! We carry a large selection and the top brands like ZIWI and more. Find everything you need in one place. FREE shipping on orders $49+ and the BEST customer service!,218,ziwi,ZIWI 3x the protein for less $ Your plate vs. their bowl For picky eaters Dare to compare,5,ziwi,True,True,False,False,True,False,False,False,116,342,3,good,1615.0,good,0.0,,,1,1,7.0,1,0,0,0,3.0
Brand,Meta,Page title length is not ideal,https://www.chewy.com/brands/zoe-6840,True,Rewrite titles that are too short or too long while keeping the main topic clear.,27,Zoe - Free shipping | Chewy,27,Shop Chewy for low prices and the best Zoe products! We carry a large selection and the top brands like Zoe and more. Find everything you need in one place. FREE shipping on orders $49+ and the BEST customer service!,216,,Zoe,1,zoe,True,True,False,False,True,False,False,False,20,307,3,,,,,,,,,,,,,,1.0
Brand,Meta,Page title length is not ideal,https://www.chewy.com/brands/pluspet-143766,True,Rewrite titles that are too short or too long while keeping the main topic clear.,70,+PlusPET– Full Spectrum Hemp for Dogs and Cats - Free shipping | Chewy,70,Shop Chewy for low prices and the best +PlusPET products! We carry a large selection and the top brands like American Journey and more. Find everything you need in one place. FREE shipping on orders $49+ and the BEST customer service!,234,,+PlusPET– Full Spectrum Hemp for Dogs and Cats,1,pluspet,True,True,False,False,True,False,False,True,10,310,3,,,,,,,,,,,,,,1.0
Brand,Meta,Page title length is not ideal,https://www.chewy.com/brands/complete-essentials-8334,True,Rewrite titles that are too short or too long while keeping the main topic clear.,68,Purina Pro Plan Complete Essentials Cat Food - Free shipping | Chewy,68,Shop Chewy for low prices and the best Complete Essentials! We carry a large selection and the top brands like Purina Pro Plan and more. Find everything you need in one place. FREE shipping on orders $49+ and the BEST customer service!,235,purina pro plan complete essentials cat food,Purina Pro Plan Complete Essentials Cat Food,1,complete-essentials,True,True,False,False,True,False,False,False,4,337,3,,,,,,,2,2,12.0,1,1,0,0,4.0
Brand,Meta,Page title length is not ideal,https://www.chewy.com/brands/np-novel-protein-10535,True,Rewrite titles that are too short or too long while keeping the main topic clear.,86,Blue Buffalo Natural Veterinary Diet NP Novel Protein for Dogs - Free shipping | Chewy,86,Shop Chewy for low prices and the best NP Novel Protein! We carry a large selection and the top brands like American Journey and more. Find everything you need in one place. FREE shipping on orders $49+ and the BEST customer service!,233,,Blue Buffalo Natural Veterinary Diet NP Novel Protein for Dogs,1,np-novel-protein,True,True,False,False,True,False,False,False,1,306,3,,,,,,,,,,,,,,1.0
Brand,Meta,Page title length is not ideal,https://www.chewy.com/brands/urinary-health-10548,True,Rewrite titles that are too short or too long while keeping the main topic clear.,75,Royal Canin Veterinary Diet Urinary Health for Dogs - Free shipping | Chewy,75,Shop Chewy for low prices and the best Urinary Health! We carry a large selection and the top brands like Royal Canin Veterinary Diet and more. Find everything you need in one place. FREE shipping on orders $49+ and the BEST customer service!,242,,Royal Canin Veterinary Diet Urinary Health for Dogs,1,urinary-health,True,True,False,False,True,False,False,False,2,319,3,,,,,,,,,,,,,,1.0
Brand,Meta,Page title length is not ideal,https://www.chewy.com/brands/kidney-liver-support-10549,True,Rewrite titles that are too short or too long while keeping the main topic clear.,83,Royal Canin Veterinary Diet Kidney & Liver Support for Dogs - Free shipping | Chewy,83,Shop Chewy for low prices and the best Kidney & Liver Support! We carry a large selection and the top brands like Royal Canin Veterinary Diet and more. Find everything you need in one place. FREE shipping on orders $49+ and the BEST customer service!,250,royal canin veterinary diet kidney and liver support for dogs,Royal Canin Veterinary Diet Kidney & Liver Support for Dogs,1,kidney-liver-support,True,True,False,False,True,False,False,False,2,319,3,,,,,,,2,2,2.5,2,0,0,0,1.0
Brand,Meta,Page title length is not ideal,https://www.chewy.com/brands/weight-control-10550,True,Rewrite titles that are too short or too long while keeping the main topic clear.,75,Royal Canin Veterinary Diet Weight Control for Dogs - Free shipping | Chewy,75,Shop Chewy for low prices and the best Weight Control! We carry a large selection and the top brands like Royal Canin Veterinary Diet and more. Find everything you need in one place. FREE shipping on orders $49+ and the BEST customer service!,242,,Royal Canin Veterinary Diet Weight Control for Dogs,1,weight-control,True,True,False,False,True,False,False,False,2,320,3,,,,,,,,,,,,,,1.0
Brand,Meta,Page title length is not ideal,https://www.chewy.com/brands/digestive-support-10551,True,Rewrite titles that are too short or too long while keeping the main topic clear.,78,Royal Canin Veterinary Diet Digestive Support for Dogs - Free shipping | Chewy,78,Shop Chewy for low prices and the best Digestive Support! We carry a large selection and the top brands like Royal Canin Veterinary Diet and more. Find everything you need in one place. FREE shipping on orders $49+ and the BEST customer service!,245,royal canin veterinary diet digestive support for dogs,Royal Canin Veterinary Diet Digestive Support for Dogs,1,digestive-support,True,True,False,False,True,False,False,False,2,326,3,,,,,,,1,1,,0,0,0,1,1.0
Brand,Meta,Page title length is not ideal,https://www.chewy.com/brands/skin-coat-10553,True,Rewrite titles that are too short or too long while keeping the main topic clear.,72,Royal Canin Veterinary Diet Skin & Coat for Dogs - Free shipping | Chewy,72,Shop Chewy for low prices and the best Skin & Coat! We carry a large selection and the top brands like Royal Canin Veterinary Diet and more. Find everything you need in one place. FREE shipping on orders $49+ and the BEST customer service!,239,royal canin veterinary diet skin and coat for dogs,Royal Canin Veterinary Diet Skin & Coat for Dogs,1,skin-coat,True,True,False,False,True,False,False,False,3,327,3,,,,,,,2,2,3.5,2,0,0,0,3.0
Brand,Meta,Page title length is not ideal,https://www.chewy.com/brands/digestive-care-169758,True,Rewrite titles that are too short or too long while keeping the main topic clear.,72,Hill's Prescription Diet Digestive Care for Dogs - Free shipping | Chewy,72,Shop Chewy for low prices and the best Digestive Care! We carry a large selection and the top brands like American Journey and more. Find everything you need in one place. FREE shipping on orders $49+ and the BEST customer service!,231,,Hill's Prescription Diet Digestive Care for Dogs,1,digestive-care,True,True,False,False,True,False,False,False,2,334,3,,,,,,,,,,,,,,
Brand,Meta,Page title length is not ideal,https://www.chewy.com/brands/urinary-care-169766,True,Rewrite titles that are too short or too long while keeping the main topic clear.,70,Hill's Prescription Diet Urinary Care for Dogs - Free shipping | Chewy,70,Shop Chewy for low prices and the best Urinary Care! We carry a large selection and the top brands like American Journey and more. Find everything you need in one place. FREE shipping on orders $49+ and the BEST customer service!,229,,Hill's Prescription Diet Urinary Care for Dogs,1,urinary-care,True,True,False,False,True,False,False,False,2,319,3,,,,,,,,,,,,,,1.0
Brand,Meta,Page title length is not ideal,https://www.chewy.com/brands/weight-management-169774,True,Rewrite titles that are too short or too long while keeping the main topic clear.,75,Hill's Prescription Diet Weight Management for Dogs - Free shipping | Chewy,75,Shop Chewy for low prices and the best Weight Management! We carry a large selection and the top brands like American Journey and more. Find everything you need in one place. FREE shipping on orders $49+ and the BEST customer service!,234,hills prescription diet weight,Hill's Prescription Diet Weight Management for Dogs,1,weight-management,True,True,False,False,True,False,False,False,2,322,3,,,,,,,1,1,26.0,0,0,1,0,1.0
Brand,Meta,Page title length is not ideal,https://www.chewy.com/brands/kidney-care-169790,True,Rewrite titles that are too short or too long while keeping the main topic clear.,69,Hill's Prescription Diet Kidney Care for Dogs - Free shipping | Chewy,69,Shop Chewy for low prices and the best Kidney Care! We carry a large selection and the top brands like American Journey and more. Find everything you need in one place. FREE shipping on orders $49+ and the BEST customer service!,228,,Hill's Prescription Diet Kidney Care for Dogs,1,kidney-care,True,True,False,False,True,False,False,False,2,318,3,,,,,,,,,,,,,,1.0
Brand,Meta,Page title length is not ideal,https://www.chewy.com/brands/cancer-patient-support-169798,True,Rewrite titles that are too short or too long while keeping the main topic clear.,80,Hill's Prescription Diet Cancer Patient Support for Dogs - Free shipping | Chewy,80,Shop Chewy for low prices and the best Cancer Patient Support! We carry a large selection and the top brands like American Journey and more. Find everything you need in one place. FREE shipping on orders $49+ and the BEST customer service!,239,,Hill's Prescription Diet Cancer Patient Support for Dogs,1,cancer-patient-support,True,True,False,False,True,False,False,False,2,307,3,,,,,,,,,,,,,,1.0
Brand,Meta,Page title length is not ideal,https://www.chewy.com/brands/derm-complete-14265,True,Rewrite titles that are too short or too long while keeping the main topic clear.,71,Hill's Prescription Diet Derm Complete for Dogs - Free shipping | Chewy,71,Shop Chewy for low prices and the best Derm Complete! We carry a large selection and the top brands like American Journey and more. Find everything you need in one place. FREE shipping on orders $49+ and the BEST customer service!,230,,Hill's Prescription Diet Derm Complete for Dogs,1,derm-complete,True,True,False,False,True,False,False,False,2,308,3,,,,,,,,,,,,,,2.0
Brand,Meta,Page title length is not ideal,https://www.chewy.com/brands/metabolic-8913,True,Rewrite titles that are too short or too long while keeping the main topic clear.,67,Hill's Prescription Diet Metabolic for Dogs - Free shipping | Chewy,67,Shop Chewy for low prices and the best Metabolic products! We carry a large selection and the top brands like American Journey and more. Find everything you need in one place. FREE shipping on orders $49+ and the BEST customer service!,235,,Hill's Prescription Diet Metabolic for Dogs,1,metabolic,True,True,False,False,True,False,False,False,2,314,3,,,,,,,,,,,,,,1.0
Brand,Meta,Page title length is not ideal,https://www.chewy.com/brands/odor-shield-2928494,True,Rewrite titles that are too short or too long while keeping the main topic clear.,67,Shop Fresh Step Odor Shield Litter for Cats - Free shipping | Chewy,67,Shop Chewy for low prices and the best Odor Shield! We carry a large selection and the top brands like American Journey and more. Find everything you need in one place. FREE shipping on orders $49+ and the BEST customer service!,228,,Shop Fresh Step Odor Shield Litter for Cats,1,odor-shield,True,True,False,False,True,False,False,False,1,310,3,,,,,,,,,,,,,,1.0
Brand,Meta,Page title length is not ideal,https://www.chewy.com/brands/extreme-clump-2928502,True,Rewrite titles that are too short or too long while keeping the main topic clear.,69,Shop Fresh Step Extreme Clump Litter for Cats - Free shipping | Chewy,69,Shop Chewy for low prices and the best Extreme Clump! We carry a large selection and the top brands like American Journey and more. Find everything you need in one place. FREE shipping on orders $49+ and the BEST customer service!,230,,Shop Fresh Step Extreme Clump Litter for Cats,1,extreme-clump,True,True,False,False,True,False,False,False,1,305,3,,,,,,,,,,,,,,1.0
Brand,Meta,Page title length is not ideal,https://www.chewy.com/brands/lightweight-390110,True,Rewrite titles that are too short or too long while keeping the main topic clear.,67,Shop Fresh Step Lightweight Litter for Cats - Free shipping | Chewy,67,Shop Chewy for low prices and the best Lightweight products! We carry a large selection and the top brands like American Journey and more. Find everything you need in one place. FREE shipping on orders $49+ and the BEST customer service!,237,,Shop Fresh Step Lightweight Litter for Cats,1,lightweight,True,True,False,False,True,False,False,False,1,306,3,,,,,,,,,,,,,,1.0
Brand,Meta,Page title length is not ideal,https://www.chewy.com/brands/heavy-duty-2928510,True,Rewrite titles that are too short or too long while keeping the main topic clear.,66,Shop Fresh Step Heavy Duty Litter for Cats - Free shipping | Chewy,66,Shop Chewy for low prices and the best Heavy Duty! We carry a large selection and the top brands like American Journey and more. Find everything you need in one place. FREE shipping on orders $49+ and the BEST customer service!,227,,Shop Fresh Step Heavy Duty Litter for Cats,1,heavy-duty,True,True,False,False,True,False,False,False,1,305,3,,,,,,,,,,,,,,1.0
Brand,Meta,Page title length is not ideal,https://www.chewy.com/brands/clean-paws-2928518,True,Rewrite titles that are too short or too long while keeping the main topic clear.,66,Shop Fresh Step Clean Paws Litter for Cats - Free shipping | Chewy,66,Shop Chewy for low prices and the best Clean Paws! We carry a large selection and the top brands like American Journey and more. Find everything you need in one place. FREE shipping on orders $49+ and the BEST customer service!,227,,Shop Fresh Step Clean Paws Litter for Cats,1,clean-paws,True,True,False,False,True,False,False,False,1,306,3,,,,,,,,,,,,,,1.0
Brand,Meta,Page title length is not ideal,https://www.chewy.com/brands/odor-control-157838,True,Rewrite titles that are too short or too long while keeping the main topic clear.,68,Shop Fresh Step Odor Control Litter for Cats - Free shipping | Chewy,68,Shop Chewy for low prices and the best Odor Control! We carry a large selection and the top brands like American Journey and more. Find everything you need in one place. FREE shipping on orders $49+ and the BEST customer service!,229,,Shop Fresh Step Odor Control Litter for Cats,1,odor-control,True,True,False,False,True,False,False,False,1,317,3,,,,,,,,,,,,,,1.0
Brand,Meta,Page title length is not ideal,https://www.chewy.com/brands/long-lasting-267030,True,Rewrite titles that are too short or too long while keeping the main topic clear.,68,Shop Fresh Step Long-Lasting Litter for Cats - Free shipping | Chewy,68,Shop Chewy for low prices and the best Long-Lasting products! We carry a large selection and the top brands like American Journey and more. Find everything you need in one place. FREE shipping on orders $49+ and the BEST customer service!,238,,Shop Fresh Step Long-Lasting Litter for Cats,1,long-lasting,True,True,False,False,True,False,False,False,1,306,3,,,,,,,,,,,,,,1.0
Brand,Meta,Page title length is not ideal,https://www.chewy.com/brands/low-tracking-390094,True,Rewrite titles that are too short or too long while keeping the main topic clear.,68,Shop Fresh Step Low Tracking Litter for Cats - Free shipping | Chewy,68,Shop Chewy for low prices and the best Low Tracking! We carry a large selection and the top brands like American Journey and more. Find everything you need in one place. FREE shipping on orders $49+ and the BEST customer service!,229,,Shop Fresh Step Low Tracking Litter for Cats,1,low-tracking,True,True,False,False,True,False,False,False,1,306,3,,,,,,,,,,,,,,1.0
Brand,Meta,Page title length is not ideal,https://www.chewy.com/brands/ever-fresh-2928526,True,Rewrite titles that are too short or too long while keeping the main topic clear.,66,Shop Fresh Step Ever Fresh Litter for Cats - Free shipping | Chewy,66,Shop Chewy for low prices and the best Ever Fresh! We carry a large selection and the top brands like American Journey and more. Find everything you need in one place. FREE shipping on orders $49+ and the BEST customer service!,227,,Shop Fresh Step Ever Fresh Litter for Cats,1,ever-fresh,True,True,False,False,True,False,False,False,1,305,3,,,,,,,,,,,,,,1.0
Brand,Meta,Page title length is not ideal,https://www.chewy.com/brands/wu-weight-management-urinary-care-10530,True,Rewrite titles that are too short or too long while keeping the main topic clear.,106,Blue Buffalo Natural Veterinary Diet W+U Weight Management + Urinary Care for Cats - Free shipping | Chewy,106,Shop Chewy for low prices and the best W+U Weight Management + Urinary Care! We carry a large selection and the top brands like American Journey and more. Find everything you need in one place. FREE shipping on orders $49+ and the BEST customer service!,253,,Blue Buffalo Natural Veterinary Diet W+U Weight Management + Urinary Care for Cats,1,wu-weight-management-urinary-care,True,True,False,False,True,False,False,False,1,306,3,,,,,,,,,,,,,,
Brand,Meta,Page title length is not ideal,https://www.chewy.com/brands/np-novel-protein-10531,True,Rewrite titles that are too short or too long while keeping the main topic clear.,86,Blue Buffalo Natural Veterinary Diet NP Novel Protein for Cats - Free shipping | Chewy,86,Shop Chewy for low prices and the best NP Novel Protein! We carry a large selection and the top brands like Blue Buffalo Natural Veterinary Diet and more. Find everything you need in one place. FREE shipping on orders $49+ and the BEST customer service!,253,,Blue Buffalo Natural Veterinary Diet NP Novel Protein for Cats,1,np-novel-protein,True,True,False,False,True,False,False,False,1,306,3,,,,,,,,,,,,,,1.0
Brand,Meta,Page title length is not ideal,https://www.chewy.com/brands/km-kidney-mobility-support-10532,True,Rewrite titles that are too short or too long while keeping the main topic clear.,99,Blue Buffalo Natural Veterinary Diet K+M Kidney + Mobility Support for Cats - Free shipping | Chewy,99,Shop Chewy for low prices and the best K+M Kidney + Mobility Support! We carry a large selection and the top brands like American Journey and more. Find everything you need in one place. FREE shipping on orders $49+ and the BEST customer service!,246,,Blue Buffalo Natural Veterinary Diet K+M Kidney + Mobility Support for Cats,1,km-kidney-mobility-support,True,True,False,False,True,False,False,False,1,306,3,,,,,,,,,,,,,,1.0
Brand,Meta,Page title length is not ideal,https://www.chewy.com/brands/dh-dental-health-10647,True,Rewrite titles that are too short or too long while keeping the main topic clear.,82,Purina Pro Plan Veterinary Diets DH Dental Health For Cats - Free shipping | Chewy,82,Shop Chewy for low prices and the best DH Dental Health! We carry a large selection and the top brands like Purina Pro Plan Veterinary Diets and more. Find everything you need in one place. FREE shipping on orders $49+ and the BEST customer service!,249,,Purina Pro Plan Veterinary Diets DH Dental Health For Cats,1,dh-dental-health,True,True,False,False,True,False,False,False,1,308,3,,,,,,,,,,,,,,1.0
Brand,Meta,Page title length is not ideal,https://www.chewy.com/brands/dm-dietetic-management-10648,True,Rewrite titles that are too short or too long while keeping the main topic clear.,88,Purina Pro Plan Veterinary Diets DM Dietetic Management For Cats - Free shipping | Chewy,88,Shop Chewy for low prices and the best DM Dietetic Management! We carry a large selection and the top brands like Purina Pro Plan Veterinary Diets and more. Find everything you need in one place. FREE shipping on orders $49+ and the BEST customer service!,255,,Purina Pro Plan Veterinary Diets DM Dietetic Management For Cats,1,dm-dietetic-management,True,True,False,False,True,False,False,False,1,310,3,,,,,,,,,,,,,,2.0
Brand,Meta,Page title length is not ideal,https://www.chewy.com/brands/en-gastroenteric-10650,True,Rewrite titles that are too short or too long while keeping the main topic clear.,82,Purina Pro Plan Veterinary Diets EN Gastroenteric For Cats - Free shipping | Chewy,82,Shop Chewy for low prices and the best EN Gastroenteric! We carry a large selection and the top brands like Purina Pro Plan Veterinary Diets and more. Find everything you need in one place. FREE shipping on orders $49+ and the BEST customer service!,249,,Purina Pro Plan Veterinary Diets EN Gastroenteric For Cats,1,en-gastroenteric,True,True,False,False,True,False,False,False,1,314,3,,,,,,,,,,,,,,1.0
Brand,Meta,Page title length is not ideal,https://www.chewy.com/brands/ha-hydrolyzed-formula-10651,True,Rewrite titles that are too short or too long while keeping the main topic clear.,87,Purina Pro Plan Veterinary Diets HA Hydrolyzed Formula For Cats - Free shipping | Chewy,87,Shop Chewy for low prices and the best HA Hydrolyzed Formula! We carry a large selection and the top brands like Purina Pro Plan Veterinary Diets and more. Find everything you need in one place. FREE shipping on orders $49+ and the BEST customer service!,254,,Purina Pro Plan Veterinary Diets HA Hydrolyzed Formula For Cats,1,ha-hydrolyzed-formula,True,True,False,False,True,False,False,False,1,308,3,,,,,,,,,,,,,,6.0
Brand,Meta,Page title length is not ideal,https://www.chewy.com/brands/nf-kidney-function-10654,True,Rewrite titles that are too short or too long while keeping the main topic clear.,84,Purina Pro Plan Veterinary Diets NF Kidney Function For Cats - Free shipping | Chewy,84,Shop Chewy for low prices and the best NF Kidney Function! We carry a large selection and the top brands like Purina Pro Plan Veterinary Diets and more. Find everything you need in one place. FREE shipping on orders $49+ and the BEST customer service!,251,,Purina Pro Plan Veterinary Diets NF Kidney Function For Cats,1,nf-kidney-function,True,True,False,False,True,False,False,False,1,311,3,,,,,,,,,,,,,,1.0
Brand,Meta,Page title length is not ideal,https://www.chewy.com/brands/om-overweight-management-10655,True,Rewrite titles that are too short or too long while keeping the main topic clear.,90,Purina Pro Plan Veterinary Diets Om Overweight Management For Cats - Free shipping | Chewy,90,Shop Chewy for low prices and the best OM Overweight Management! We carry a large selection and the top brands like Purina Pro Plan Veterinary Diets and more. Find everything you need in one place. FREE shipping on orders $49+ and the BEST customer service!,257,,Purina Pro Plan Veterinary Diets Om Overweight Management For Cats,1,om-overweight-management,True,True,False,False,True,False,False,False,1,314,3,,,,,,,,,,,,,,1.0
Brand,Meta,Page title length is not ideal,https://www.chewy.com/brands/ur-urinary-stox-10656,True,Rewrite titles that are too short or too long while keeping the main topic clear.,82,Purina Pro Plan Veterinary Diets UR Urinary St/Ox For Cats - Free shipping | Chewy,82,"Shop Chewy for low prices and the best UR Urinary St/Ox! We carry a large selection and the top brands like Purina Pro Plan Veterinary Diets, Purina Petivity, and more. Find everything you need in one place. FREE shipping on orders $49+ and the BEST customer service!",267,chewy urinary cat food,Purina Pro Plan Veterinary Diets UR Urinary St/Ox For Cats,1,ur-urinary-stox,True,True,False,False,True,False,False,False,1,315,3,,,,,,,1,1,27.0,0,0,1,0,1.0
Brand,Meta,Page title length is not ideal,https://www.chewy.com/brands/supplements-155998,True,Rewrite titles that are too short or too long while keeping the main topic clear.,67,Purina Pro Plan Veterinary Diet Supplements - Free shipping | Chewy,67,Shop Chewy for low prices and the best Supplements products! We carry a large selection and the top brands like American Journey and more. Find everything you need in one place. FREE shipping on orders $49+ and the BEST customer service!,237,,Purina Pro Plan Veterinary Diet Supplements,1,supplements,True,True,False,False,True,False,False,False,1,311,3,,,,,,,,,,,,,,1.0
Brand,Meta,Page title length is not ideal,https://www.chewy.com/brands/urinary-so-10555,True,Rewrite titles that are too short or too long while keeping the main topic clear.,71,Royal Canin Veterinary Diet Urinary SO for Cats - Free shipping | Chewy,71,Shop Chewy for low prices and the best Urinary SO! We carry a large selection and the top brands like Royal Canin Veterinary Diet and more. Find everything you need in one place. FREE shipping on orders $49+ and the BEST customer service!,238,chewy urinary cat food,Royal Canin Veterinary Diet Urinary SO for Cats,1,urinary-so,True,True,False,False,True,False,False,True,2,321,3,good,1393.0,good,0.030000000000000002,,,1,1,,0,0,0,1,9.0
Brand,Meta,Page title length is not ideal,https://www.chewy.com/brands/royal-canin-multifunction-veterinary-2048918,True,Rewrite titles that are too short or too long while keeping the main topic clear.,70,Royal Canin Multifunction Veterinary Diet Food - Free shipping | Chewy,70,Shop Chewy for low prices and the best Royal Canin Multifunction Veterinary Diet! We carry a large selection and the top brands like American Journey and more. Find everything you need in one place. FREE shipping on orders $49+ and the BEST customer service!,258,,Royal Canin Multifunction Veterinary Diet Food,1,royal-canin-multifunction-veterinary,True,True,False,False,True,False,False,False,9,323,3,,,,,,,,,,,,,,2.0
Brand,Meta,Page title length is not ideal,https://www.chewy.com/brands/supplements-155934,True,Rewrite titles that are too short or too long while keeping the main topic clear.,67,Purina Pro Plan Veterinary Diet Supplements - Free shipping | Chewy,67,Shop Chewy for low prices and the best Supplements products! We carry a large selection and the top brands like American Journey and more. Find everything you need in one place. FREE shipping on orders $49+ and the BEST customer service!,237,purina dog supplements,Purina Pro Plan Veterinary Diet Supplements,1,supplements,True,True,False,False,True,False,False,False,16,330,3,,,,,,,1,1,11.0,0,1,0,0,1.0
Brand,Meta,Page title length is not ideal,https://www.chewy.com/brands/dh-dental-health-10636,True,Rewrite titles that are too short or too long while keeping the main topic clear.,82,Purina Pro Plan Veterinary Diets DH Dental Health for Dogs - Free shipping | Chewy,82,Shop Chewy for low prices and the best DH Dental Health! We carry a large selection and the top brands like Purina Pro Plan Veterinary Diets and more. Find everything you need in one place. FREE shipping on orders $49+ and the BEST customer service!,249,,Purina Pro Plan Veterinary Diets DH Dental Health for Dogs,1,dh-dental-health,True,True,False,False,True,False,False,False,1,310,3,,,,,,,,,,,,,,1.0
Brand,Meta,Page title length is not ideal,https://www.chewy.com/brands/drm-dermatologic-management-10638,True,Rewrite titles that are too short or too long while keeping the main topic clear.,93,Purina Pro Plan Veterinary Diets DRM Dermatologic Management for Dogs - Free shipping | Chewy,93,Shop Chewy for low prices and the best DRM Dermatologic Management! We carry a large selection and the top brands like Purina Pro Plan Veterinary Diets and more. Find everything you need in one place. FREE shipping on orders $49+ and the BEST customer service!,260,,Purina Pro Plan Veterinary Diets DRM Dermatologic Management for Dogs,1,drm-dermatologic-management,True,True,False,False,True,False,False,False,1,308,3,,,,,,,,,,,,,,
Brand,Meta,Page title length is not ideal,https://www.chewy.com/brands/en-gastroenteric-10639,True,Rewrite titles that are too short or too long while keeping the main topic clear.,82,Purina Pro Plan Veterinary Diets EN Gastroenteric for Dogs - Free shipping | Chewy,82,Shop Chewy for low prices and the best EN Gastroenteric! We carry a large selection and the top brands like Purina Pro Plan Veterinary Diets and more. Find everything you need in one place. FREE shipping on orders $49+ and the BEST customer service!,249,,Purina Pro Plan Veterinary Diets EN Gastroenteric for Dogs,1,en-gastroenteric,True,True,False,False,True,False,False,False,1,318,3,,,,,,,,,,,,,,3.0
Brand,Meta,Page title length is not ideal,https://www.chewy.com/brands/ha-hydrolyzed-formula-10640,True,Rewrite titles that are too short or too long while keeping the main topic clear.,87,Purina Pro Plan Veterinary Diets HA Hydrolyzed Formula for Dogs - Free shipping | Chewy,87,Shop Chewy for low prices and the best HA Hydrolyzed Formula! We carry a large selection and the top brands like Purina Pro Plan Veterinary Diets and more. Find everything you need in one place. FREE shipping on orders $49+ and the BEST customer service!,254,,Purina Pro Plan Veterinary Diets HA Hydrolyzed Formula for Dogs,1,ha-hydrolyzed-formula,True,True,False,False,True,False,False,False,1,311,3,,,,,,,,,,,,,,1.0
Brand,Meta,Page title length is not ideal,https://www.chewy.com/brands/jm-joint-mobility-10641,True,Rewrite titles that are too short or too long while keeping the main topic clear.,83,Purina Pro Plan Veterinary Diets JM Joint Mobility for Dogs - Free shipping | Chewy,83,Shop Chewy for low prices and the best JM Joint Mobility! We carry a large selection and the top brands like Purina Pro Plan Veterinary Diets and more. Find everything you need in one place. FREE shipping on orders $49+ and the BEST customer service!,250,,Purina Pro Plan Veterinary Diets JM Joint Mobility for Dogs,1,jm-joint-mobility,True,True,False,False,True,False,False,False,1,308,3,,,,,,,,,,,,,,1.0
Brand,Meta,Page title length is not ideal,https://www.chewy.com/brands/neurocare-10642,True,Rewrite titles that are too short or too long while keeping the main topic clear.,75,Purina Pro Plan Veterinary Diets Neurocare for Dogs - Free shipping | Chewy,75,Shop Chewy for low prices and the best Neurocare products! We carry a large selection and the top brands like Purina Pro Plan Veterinary Diets and more. Find everything you need in one place. FREE shipping on orders $49+ and the BEST customer service!,251,,Purina Pro Plan Veterinary Diets Neurocare for Dogs,1,neurocare,True,True,False,False,True,False,False,False,1,308,3,,,,,,,,,,,,,,1.0
Brand,Meta,Page title length is not ideal,https://www.chewy.com/brands/nf-kidney-function-10643,True,Rewrite titles that are too short or too long while keeping the main topic clear.,84,Purina Pro Plan Veterinary Diets NF Kidney Function for Dogs - Free shipping | Chewy,84,Shop Chewy for low prices and the best NF Kidney Function! We carry a large selection and the top brands like Purina Pro Plan Veterinary Diets and more. Find everything you need in one place. FREE shipping on orders $49+ and the BEST customer service!,251,,Purina Pro Plan Veterinary Diets NF Kidney Function for Dogs,1,nf-kidney-function,True,True,False,False,True,False,False,False,1,309,3,,,,,,,,,,,,,,1.0
Brand,Meta,Page title length is not ideal,https://www.chewy.com/brands/om-overweight-management-10644,True,Rewrite titles that are too short or too long while keeping the main topic clear.,90,Purina Pro Plan Veterinary Diets OM Overweight Management for Dogs - Free shipping | Chewy,90,Shop Chewy for low prices and the best OM Overweight Management! We carry a large selection and the top brands like Purina Pro Plan Veterinary Diets and more. Find everything you need in one place. FREE shipping on orders $49+ and the BEST customer service!,257,,Purina Pro Plan Veterinary Diets OM Overweight Management for Dogs,1,om-overweight-management,True,True,False,False,True,False,False,False,1,310,3,,,,,,,,,,,,,,1.0
Brand,Meta,Page title length is not ideal,https://www.chewy.com/brands/ur-urinary-oxst-10645,True,Rewrite titles that are too short or too long while keeping the main topic clear.,82,Purina Pro Plan Veterinary Diets UR Urinary Ox/St for Dogs - Free shipping | Chewy,82,Shop Chewy for low prices and the best UR Urinary Ox/St! We carry a large selection and the top brands like Purina Pro Plan Veterinary Diets and more. Find everything you need in one place. FREE shipping on orders $49+ and the BEST customer service!,249,,Purina Pro Plan Veterinary Diets UR Urinary Ox/St for Dogs,1,ur-urinary-oxst,True,True,False,False,True,False,False,False,1,309,3,,,,,,,,,,,,,,1.0
Brand,Meta,Page title length is not ideal,https://www.chewy.com/brands/heating-lighting-humidity-13191,True,Rewrite titles that are too short or too long while keeping the main topic clear.,76,"Zoo Med Heat Lamps, Light Fixture & Humidity Control - Free shipping | Chewy",76,"Shop Chewy for low prices and the best Heating, Lighting & Humidity! We carry a large selection and the top brands like Zoo Med, Arcadia Reptile, and more. Find everything you need in one place. FREE shipping on orders $49+ and the BEST customer service!",254,zoo med heat lamps,"Zoo Med Heat Lamps, Light Fixture & Humidity Control",1,heating-lighting-humidity,True,True,False,False,True,False,False,True,12,343,4,,,,,,,1,1,22.0,0,0,1,0,1.0
Brand,Meta,Page title length is not ideal,https://www.chewy.com/brands/advantedge-digestive-support-2950262,True,Rewrite titles that are too short or too long while keeping the main topic clear.,71,Pro Plan AdvantEDGE Digestive Support+ Dog Food - Free shipping | Chewy,71,Shop Chewy for low prices and the best AdvantEDGE Digestive Support+! We carry a large selection and the top brands like American Journey and more. Find everything you need in one place. FREE shipping on orders $49+ and the BEST customer service!,246,,Pro Plan AdvantEDGE Digestive Support+ Dog Food,1,advantedge-digestive-support,True,True,False,False,True,False,False,False,1,310,4,,,,,,,,,,,,,,
Brand,Meta,Page title length is not ideal,https://www.chewy.com/brands/advantedge-senior-support-2950254,True,Rewrite titles that are too short or too long while keeping the main topic clear.,68,Pro Plan AdvantEDGE Senior Support+ Dog Food - Free shipping | Chewy,68,Shop Chewy for low prices and the best AdvantEDGE Senior Support+! We carry a large selection and the top brands like American Journey and more. Find everything you need in one place. FREE shipping on orders $49+ and the BEST customer service!,243,,Pro Plan AdvantEDGE Senior Support+ Dog Food,1,advantedge-senior-support,True,True,False,False,True,False,False,False,1,310,4,,,,,,,,,,,,,,1.0
Brand,Meta,Page title length is not ideal,https://www.chewy.com/brands/koha-168502,True,Rewrite titles that are too short or too long while keeping the main topic clear.,28,KOHA - Free shipping | Chewy,28,Shop Chewy for low prices and the best KOHA products! We carry a large selection and the top brands like American Journey and more. Find everything you need in one place. FREE shipping on orders $49+ and the BEST customer service!,230,,KOHA,1,koha,True,True,False,False,True,False,False,False,34,340,4,good,1511.0,good,0.045,,,,,,,,,,5.0
Brand,Meta,Page title length is not ideal,https://www.chewy.com/brands/anal-gland-support-166822,True,Rewrite titles that are too short or too long while keeping the main topic clear.,67,Vetnique Anal Gland Support for Dogs & Cats - Free shipping | Chewy,67,Shop Chewy for low prices and the best Anal Gland Support! We carry a large selection and the top brands like Vetnique Labs and more. Find everything you need in one place. FREE shipping on orders $49+ and the BEST customer service!,232,,Vetnique Anal Gland Support for Dogs & Cats,1,anal-gland-support,True,True,False,False,True,False,False,False,1,312,4,,,,,,,,,,,,,,1.0
Brand,Meta,Page title length is not ideal,https://www.chewy.com/brands/allergy-itch-support-166862,True,Rewrite titles that are too short or too long while keeping the main topic clear.,71,Vetnique Allergy & Itch Support for Dog & Cat's - Free shipping | Chewy,71,Shop Chewy for low prices and the best Allergy & Itch Support! We carry a large selection and the top brands like American Journey and more. Find everything you need in one place. FREE shipping on orders $49+ and the BEST customer service!,239,,Vetnique Allergy & Itch Support for Dog & Cat's,1,allergy-itch-support,True,True,False,False,True,False,False,False,1,313,4,,,,,,,,,,,,,,1.0
Brand,Meta,Page title length is not ideal,https://www.chewy.com/brands/kidney-liver-support-10549,True,Rewrite titles that are too short or too long while keeping the main topic clear.,83,Royal Canin Veterinary Diet Kidney & Liver Support for Dogs - Free shipping | Chewy,83,Shop Chewy for low prices and the best Kidney & Liver Support! We carry a large selection and the top brands like Royal Canin Veterinary Diet and more. Find everything you need in one place. FREE shipping on orders $49+ and the BEST customer service!,250,royal canin veterinary diet kidney and liver support for dogs,Royal Canin Veterinary Diet Kidney & Liver Support for Dogs,1,kidney-liver-support,False,False,False,False,True,False,False,False,1,319,4,,,,,,,2,2,2.5,2,0,0,0,
Brand,Meta,Page title length is not ideal,https://www.chewy.com/brands/incredibites-small-dog-7403,True,Rewrite titles that are too short or too long while keeping the main topic clear.,70,Purina Beneful IncrediBITES Small Dog Wet Food - Free shipping | Chewy,70,Shop Chewy for low prices and the best IncrediBITES Small Dog! We carry a large selection and the top brands like Purina Beneful and more. Find everything you need in one place. FREE shipping on orders $49+ and the BEST customer service!,237,,Purina Beneful IncrediBITES Small Dog Wet Food,1,incredibites-small-dog,True,True,False,False,True,False,False,False,1,316,4,,,,,,,,,,,,,,1.0
Brand,Meta,Page title length is not ideal,https://www.chewy.com/brands/heating-lighting-humidity-13205,True,Rewrite titles that are too short or too long while keeping the main topic clear.,77,"Exo Terra Heat Lamps, Lighting & Humidity Accessories - Free shipping | Chewy",77,"Shop Chewy for low prices and the best Heating, Lighting & Humidity! We carry a large selection and the top brands like Exo Terra and more. Find everything you need in one place. FREE shipping on orders $49+ and the BEST customer service!",238,exo terra reptile heating lighting,"Exo Terra Heat Lamps, Lighting & Humidity Accessories",1,heating-lighting-humidity,True,True,False,False,True,False,False,False,3,332,4,,,,,,,2,2,6.0,1,0,0,1,1.0
Brand,Meta,Page title length is not ideal,https://www.chewy.com/brands/ceva-6609,True,Rewrite titles that are too short or too long while keeping the main topic clear.,28,Ceva - Free shipping | Chewy,28,"Shop Chewy for low prices and the best Ceva products! We carry a large selection and the top brands like Feliway, Douxo, and more. Find everything you need in one place. FREE shipping on orders $49+ and the BEST customer service!",229,,Ceva,1,ceva,True,True,False,False,True,False,False,False,7,345,4,,,,,,,,,,,,,,1.0
Brand,Meta,Page title length is not ideal,https://www.chewy.com/brands/douxo-3954534,True,Rewrite titles that are too short or too long while keeping the main topic clear.,29,Douxo - Free shipping | Chewy,29,"Shop Chewy for low prices and the best Douxo products! We carry a large selection and the top brands like Douxo, Douxo S3, and more. Find everything you need in one place. FREE shipping on orders $49+ and the BEST customer service!",231,,Douxo,1,douxo,True,True,False,False,True,False,False,False,3,330,4,,,,,,,,,,,,,,1.0
Brand,Meta,Page title length is not ideal,https://www.chewy.com/brands/plush-168870,True,Rewrite titles that are too short or too long while keeping the main topic clear.,29,Plush - Free shipping | Chewy,29,Shop Chewy for low prices and the best Plush products! We carry a large selection and the top brands like Outward Hound and more. Find everything you need in one place. FREE shipping on orders $49+ and the BEST customer service!,228,,Plush,1,plush,True,True,False,False,True,False,False,False,8,340,4,,,,,,,,,,,,,,1.0
Brand,Meta,Page title length is not ideal,https://www.chewy.com/brands/fetch-4293558,True,Rewrite titles that are too short or too long while keeping the main topic clear.,29,Fetch - Free shipping | Chewy,29,Shop Chewy for low prices and the best Fetch products! We carry a large selection and the top brands like Outward Hound and more. Find everything you need in one place. FREE shipping on orders $49+ and the BEST customer service!,228,,Fetch,1,fetch,True,True,False,False,True,False,False,False,8,337,4,,,,,,,,,,,,,,
Brand,Meta,Page title length is not ideal,https://www.chewy.com/brands/cs-2953950,True,Rewrite titles that are too short or too long while keeping the main topic clear.,27,C&S - Free shipping | Chewy,27,Shop Chewy for low prices and the best C&S products! We carry a large selection and the top brands like American Journey and more. Find everything you need in one place. FREE shipping on orders $49+ and the BEST customer service!,229,,C&S,1,cs,True,True,False,False,True,False,False,False,0,340,4,,,,,,,,,,,,,,1.0
Brand,Meta,Page title length is not ideal,https://www.chewy.com/brands/wisdom-panel-7756,True,Rewrite titles that are too short or too long while keeping the main topic clear.,69,Wisdom Panel Dog DNA Breed & Health Test Kits - Free Shipping | Chewy,69,Shop Chewy for low prices on Wisdom Panel Dog DNA Breed and Health Test Kits. Wisdom Panel offers state-of-the-art test kits to find your dog's breed and health. FREE shipping on orders $49+ and the BEST customer service!,221,chewy dna test,Wisdom Panel,1,wisdom-panel,False,False,False,False,True,False,False,False,1,308,4,,,,,,,1,1,,0,0,0,1,
Brand,Meta,Page title length is not ideal,https://www.chewy.com/brands/limited-ingredient-6425,True,Rewrite titles that are too short or too long while keeping the main topic clear.,68,American Journey Limited Ingredient for Dogs - Free shipping | Chewy,68,Shop Chewy for low prices and the best Limited Ingredient! We carry a large selection and the top brands like American Journey and more. Find everything you need in one place. FREE shipping on orders $49+ and the BEST customer service!,235,,American Journey Limited Ingredient for Dogs,1,limited-ingredient,True,True,False,False,True,False,False,False,13,307,4,,,,,,,,,,,,,,1.0
Brand,Meta,Page title length is not ideal,https://www.chewy.com/brands/heart-liver-health-15716,True,Rewrite titles that are too short or too long while keeping the main topic clear.,68,Rx Vitamins Heart & Liver Health Supplements - Free shipping | Chewy,68,Shop Chewy for low prices and the best Heart & Liver Health! We carry a large selection and the top brands like Rx Vitamins and more. Find everything you need in one place. FREE shipping on orders $49+ and the BEST customer service!,232,rx vitamins heart & liver health supplements,Rx Vitamins Heart & Liver Health Supplements,1,heart-liver-health,True,True,False,False,True,False,False,False,1,310,4,,,,,,,2,2,9.0,2,0,0,0,1.0
Brand,Meta,Page title length is not ideal,https://www.chewy.com/brands/kidney-urinary-health-15718,True,Rewrite titles that are too short or too long while keeping the main topic clear.,71,Rx Vitamins Kidney & Urinary Health Supplements - Free shipping | Chewy,71,Shop Chewy for low prices and the best Kidney & Urinary Health! We carry a large selection and the top brands like Rx Vitamins and more. Find everything you need in one place. FREE shipping on orders $49+ and the BEST customer service!,235,rx vitamins kidney & urinary health supplements,Rx Vitamins Kidney & Urinary Health Supplements,1,kidney-urinary-health,True,True,False,False,True,False,False,False,1,310,4,,,,,,,2,2,,0,0,0,2,1.0
Brand,Meta,Page title length is not ideal,https://www.chewy.com/brands/skin-coat-health-15720,True,Rewrite titles that are too short or too long while keeping the main topic clear.,66,Rx Vitamins Skin & Coat Health Supplements - Free shipping | Chewy,66,Shop Chewy for low prices and the best Skin & Coat Health! We carry a large selection and the top brands like Rx Vitamins and more. Find everything you need in one place. FREE shipping on orders $49+ and the BEST customer service!,230,,Rx Vitamins Skin & Coat Health Supplements,1,skin-coat-health,True,True,False,False,True,False,False,False,1,306,4,,,,,,,,,,,,,,
Brand,Meta,Page title length is not ideal,https://www.chewy.com/brands/long-lasting-chews-2077566,True,Rewrite titles that are too short or too long while keeping the main topic clear.,66,Badlands Ranch Long Lasting Chews for Dogs - Free shipping | Chewy,66,Shop Chewy for low prices and the best Long Lasting Chews! We carry a large selection and the top brands like American Journey and more. Find everything you need in one place. FREE shipping on orders $49+ and the BEST customer service!,235,,Badlands Ranch Long Lasting Chews for Dogs,1,long-lasting-chews,True,True,False,False,True,False,False,False,1,306,4,,,,,,,,,,,,,,1.0
Brand,Meta,Page title length is not ideal,https://www.chewy.com/brands/paris-hilton-157358,True,Rewrite titles that are too short or too long while keeping the main topic clear.,71,"Shop Paris Hilton Dog Food, Cat Food & Grooming - Free shipping | Chewy",71,Shop Chewy for low prices and the best Paris Hilton! We carry a large selection and the top brands like American Journey and more. Find everything you need in one place. FREE shipping on orders $49+ and the BEST customer service!,229,,"Shop Paris Hilton Dog Food, Cat Food & Grooming",1,paris-hilton,True,True,False,False,True,False,False,False,2,342,4,,,,,,,,,,,,,,1.0
Brand,Meta,Page title length is not ideal,https://www.chewy.com/brands/pawstruck-167446,True,Rewrite titles that are too short or too long while keeping the main topic clear.,66,"Pawstruck Treats, Food & Grooming for Dogs - Free shipping | Chewy",66,Shop Chewy for low prices and the best Pawstruck products! We carry a large selection and the top brands like American Journey and more. Find everything you need in one place. FREE shipping on orders $49+ and the BEST customer service!,235,pawstruck,"Pawstruck Treats, Food & Grooming for Dogs",1,pawstruck,True,True,False,False,True,False,False,False,0,335,4,,,,,,,2,2,14.0,0,1,0,1,1.0
Brand,Meta,Page title length is not ideal,https://www.chewy.com/brands/vetiq-143926,True,Rewrite titles that are too short or too long while keeping the main topic clear.,29,VetIQ - Free shipping | Chewy,29,Shop Chewy for low prices and the best VetIQ products! We carry a large selection and the top brands like American Journey and more. Find everything you need in one place. FREE shipping on orders $49+ and the BEST customer service!,231,,VetIQ,1,vetiq,False,False,False,False,True,False,False,False,1,323,4,,,,,,,,,,,,,,
Brand,Meta,Page title length is not ideal,https://www.chewy.com/brands/kmr-140806,True,Rewrite titles that are too short or too long while keeping the main topic clear.,27,KMR - Free shipping | Chewy,27,Shop Chewy for low prices and the best KMR products! We carry a large selection and the top brands like American Journey and more. Find everything you need in one place. FREE shipping on orders $49+ and the BEST customer service!,229,kmr,KMR,1,kmr,True,True,False,False,True,False,False,False,1,310,4,,,,,,,1,1,22.0,0,0,1,0,1.0
Brand,Meta,Page title length is not ideal,https://www.chewy.com/brands/leashes-collars-harnesses-13835,True,Rewrite titles that are too short or too long while keeping the main topic clear.,68,"Frisco Leashes, Collars & Harnesses for Dogs - Free shipping | Chewy",68,"Shop Chewy for low prices and the best Leashes, Collars & Harnesses! We carry a large selection and the top brands like Frisco and more. Find everything you need in one place. FREE shipping on orders $49+ and the BEST customer service!",235,frisco leashes,"Frisco Leashes, Collars & Harnesses for Dogs",1,leashes-collars-harnesses,True,True,False,False,True,False,False,False,42,343,4,,,,,,,1,1,,0,0,0,1,1.0
Brand,Meta,Page title length is not ideal,https://www.chewy.com/brands/stay-play-168182,True,Rewrite titles that are too short or too long while keeping the main topic clear.,78,"Best Pet Supplies Tents, Stairs, Cat Scratchers & More - Free shipping | Chewy",78,Shop Chewy for low prices and the best Stay & Play! We carry a large selection and the top brands like American Journey and more. Find everything you need in one place. FREE shipping on orders $49+ and the BEST customer service!,228,,"Best Pet Supplies Tents, Stairs, Cat Scratchers & More",1,stay-play,True,True,False,False,True,False,False,False,1,317,4,,,,,,,,,,,,,,
Brand,Meta,Page title length is not ideal,https://www.chewy.com/brands/walk-ready-168190,True,Rewrite titles that are too short or too long while keeping the main topic clear.,67,"Best Pet Supplies Harnesses, Collars & More - Free shipping | Chewy",67,Shop Chewy for low prices and the best Walk Ready! We carry a large selection and the top brands like American Journey and more. Find everything you need in one place. FREE shipping on orders $49+ and the BEST customer service!,227,,"Best Pet Supplies Harnesses, Collars & More",1,walk-ready,True,True,False,False,True,False,False,False,1,318,4,,,,,,,,,,,,,,1.0
Brand,Meta,Page title length is not ideal,https://www.chewy.com/brands/clean-care-168198,True,Rewrite titles that are too short or too long while keeping the main topic clear.,72,"Best Pet Supplies Hygiene Products, Wipes & More - Free shipping | Chewy",72,Shop Chewy for low prices and the best Clean & Care! We carry a large selection and the top brands like American Journey and more. Find everything you need in one place. FREE shipping on orders $49+ and the BEST customer service!,229,,"Best Pet Supplies Hygiene Products, Wipes & More",1,clean-care,True,True,False,False,True,False,False,False,1,311,4,,,,,,,,,,,,,,
Brand,Meta,Page title length is not ideal,https://www.chewy.com/brands/cuts-136670,True,Rewrite titles that are too short or too long while keeping the main topic clear.,28,Cuts - Free shipping | Chewy,28,Shop Chewy for low prices and the best Cuts products! We carry a large selection and the top brands like American Journey and more. Find everything you need in one place. FREE shipping on orders $49+ and the BEST customer service!,230,,Cuts,1,cuts,True,True,False,False,True,False,False,False,1,323,4,,,,,,,,,,,,,,
Brand,Meta,Page title length is not ideal,https://www.chewy.com/brands/pate-136606,True,Rewrite titles that are too short or too long while keeping the main topic clear.,28,Pate - Free shipping | Chewy,28,Shop Chewy for low prices and the best Pate products! We carry a large selection and the top brands like American Journey and more. Find everything you need in one place. FREE shipping on orders $49+ and the BEST customer service!,230,,Pate,1,pate,True,True,False,False,True,False,False,False,1,329,4,,,,,,,,,,,,,,
Brand,Meta,Page title length is not ideal,https://www.chewy.com/brands/turbo-6630,True,Rewrite titles that are too short or too long while keeping the main topic clear.,29,Turbo - Free shipping | Chewy,29,Shop Chewy for low prices and the best Turbo products! We carry a large selection and the top brands like Turbo and more. Find everything you need in one place. FREE shipping on orders $49+ and the BEST customer service!,220,,Turbo,1,turbo,True,True,False,False,True,False,False,False,9,341,4,,,,,,,,,,,,,,1.0
Brand,Meta,Page title length is not ideal,https://www.chewy.com/brands/shelf-stable-fresh-152630,True,Rewrite titles that are too short or too long while keeping the main topic clear.,68,JustFoodForDogs: Shelf Stable Fresh Dog Food - Free shipping | Chewy,68,Shop Chewy for low prices and the best Shelf Stable Fresh! We carry a large selection and the top brands like American Journey and more. Find everything you need in one place. FREE shipping on orders $49+ and the BEST customer service!,235,,JustFoodForDogs: Shelf Stable Fresh Dog Food,1,shelf-stable-fresh,True,True,False,False,True,False,False,False,1,325,4,,,,,,,,,,,,,,1.0
Brand,Meta,Page title length is not ideal,https://www.chewy.com/brands/k9-advantix-k9-advantix-ii-6500,True,Rewrite titles that are too short or too long while keeping the main topic clear.,68,K9 Advantix II Dog Flea Prevention Treatment - Free Shipping | Chewy,68,Shop Chewy for K9 Advantix II Dog Flea products. We carry a wide selection of K9 Advantix II Flea products for small to large dogs and puppies to adults to keep your pup healthy and tick and flea free. FREE shipping on orders $49+ and the BEST customer service!,261,k9 advantix,K9 Advantix & K9 Advantix II,1,k9-advantix-k9-advantix-ii,True,False,False,False,True,False,False,True,4,330,4,,,,,,,1,1,19.0,0,1,0,0,1.0
Brand,Meta,Page title length is not ideal,https://www.chewy.com/brands/grain-free-dry-food-171198,True,Rewrite titles that are too short or too long while keeping the main topic clear.,68,Shop Nature's Recipe Grain-Free Dry Dog Food - Free shipping | Chewy,68,Shop Chewy for low prices and the best Grain-Free Dry Food! We carry a large selection and the top brands like American Journey and more. Find everything you need in one place. FREE shipping on orders $49+ and the BEST customer service!,236,,Shop Nature's Recipe Grain-Free Dry Dog Food,1,grain-free-dry-food,True,True,False,False,True,False,False,False,2,313,4,,,,,,,,,,,,,,
Brand,Meta,Page title length is not ideal,https://www.chewy.com/brands/whole-grain-dry-food-171222,True,Rewrite titles that are too short or too long while keeping the main topic clear.,69,Shop Nature's Recipe Whole-Grain Dry Dog Food - Free shipping | Chewy,69,Shop Chewy for low prices and the best Whole-Grain Dry Food! We carry a large selection and the top brands like American Journey and more. Find everything you need in one place. FREE shipping on orders $49+ and the BEST customer service!,237,,Shop Nature's Recipe Whole-Grain Dry Dog Food,1,whole-grain-dry-food,True,True,False,False,True,False,False,False,2,309,4,,,,,,,,,,,,,,
Brand,Meta,Page title length is not ideal,https://www.chewy.com/brands/life-stage-breed-size-dog-food-171190,True,Rewrite titles that are too short or too long while keeping the main topic clear.,77,Shop Nature's Recipe Life Stage & Breed Size Dog Food - Free shipping | Chewy,77,Shop Chewy for low prices and the best Life Stage & Breed Size Dog Food! We carry a large selection and the top brands like American Journey and more. Find everything you need in one place. FREE shipping on orders $49+ and the BEST customer service!,249,,Shop Nature's Recipe Life Stage & Breed Size Dog Food,1,life-stage-breed-size-dog-food,True,True,False,False,True,False,False,False,1,308,4,,,,,,,,,,,,,,1.0
Brand,Meta,Page title length is not ideal,https://www.chewy.com/brands/grain-free-wet-food-171206,True,Rewrite titles that are too short or too long while keeping the main topic clear.,68,Shop Nature's Recipe Grain-Free Wet Dog Food - Free shipping | Chewy,68,Shop Chewy for low prices and the best Grain-Free Wet Food! We carry a large selection and the top brands like American Journey and more. Find everything you need in one place. FREE shipping on orders $49+ and the BEST customer service!,236,,Shop Nature's Recipe Grain-Free Wet Dog Food,1,grain-free-wet-food,True,True,False,False,True,False,False,False,2,320,4,,,,,,,,,,,,,,1.0
Brand,Meta,Page title length is not ideal,https://www.chewy.com/brands/whole-grain-wet-food-171214,True,Rewrite titles that are too short or too long while keeping the main topic clear.,69,Shop Nature's Recipe Whole-Grain Wet Dog Food - Free shipping | Chewy,69,Shop Chewy for low prices and the best Whole-Grain Wet Food! We carry a large selection and the top brands like American Journey and more. Find everything you need in one place. FREE shipping on orders $49+ and the BEST customer service!,237,,Shop Nature's Recipe Whole-Grain Wet Dog Food,1,whole-grain-wet-food,True,True,False,False,True,False,False,False,2,309,4,,,,,,,,,,,,,,
Brand,Meta,Page title length is not ideal,https://www.chewy.com/brands/wet-food-variety-packs-171230,True,Rewrite titles that are too short or too long while keeping the main topic clear.,71,Shop Nature's Recipe Wet Dog Food Variety Packs - Free shipping | Chewy,71,Shop Chewy for low prices and the best Wet Food Variety Packs! We carry a large selection and the top brands like American Journey and more. Find everything you need in one place. FREE shipping on orders $49+ and the BEST customer service!,239,,Shop Nature's Recipe Wet Dog Food Variety Packs,1,wet-food-variety-packs,True,True,False,False,True,False,False,False,2,309,4,,,,,,,,,,,,,,1.0
Brand,Meta,Page title length is not ideal,https://www.chewy.com/brands/supplements-topical-remedies-16701,True,Rewrite titles that are too short or too long while keeping the main topic clear.,67,Earth Animal Supplements & Topical Remedies - Free shipping | Chewy,67,Shop Chewy for low prices and the best Supplements & Topical Remedies! We carry a large selection and the top brands like American Journey and more. Find everything you need in one place. FREE shipping on orders $49+ and the BEST customer service!,247,earth animal supplements & topical remedies,Earth Animal Supplements & Topical Remedies,1,supplements-topical-remedies,True,True,False,False,True,False,False,True,2,320,4,,,,,,,2,2,6.0,2,0,0,0,1.0
Brand,Meta,Page title length is not ideal,https://www.chewy.com/brands/food-141166,True,Rewrite titles that are too short or too long while keeping the main topic clear.,66,Shop Ultimate Pet Nutrition Food for Dogs. - Free shipping | Chewy,66,Shop Chewy for low prices and the best Food products! We carry a large selection and the top brands like American Journey and more. Find everything you need in one place. FREE shipping on orders $49+ and the BEST customer service!,230,,Shop Ultimate Pet Nutrition Food for Dogs.,1,food,True,True,False,False,True,False,False,False,1,312,4,,,,,,,,,,,,,,2.0
Brand,Meta,Page title length is not ideal,https://www.chewy.com/brands/treats-141174,True,Rewrite titles that are too short or too long while keeping the main topic clear.,67,Shop Ultimate Pet Nutrition Treats for Dogs - Free shipping | Chewy,67,Shop Chewy for low prices and the best Treats products! We carry a large selection and the top brands like American Journey and more. Find everything you need in one place. FREE shipping on orders $49+ and the BEST customer service!,232,,Shop Ultimate Pet Nutrition Treats for Dogs,1,treats,True,True,False,False,True,False,False,False,1,310,4,,,,,,,,,,,,,,1.0
Brand,Meta,Page title length is not ideal,https://www.chewy.com/brands/plus-tailored-nutrition-8517,True,Rewrite titles that are too short or too long while keeping the main topic clear.,68,Purina ONE +Plus Tailored Nutrition for Cats - Free shipping | Chewy,68,Shop Chewy for low prices and the best +Plus Tailored Nutrition! We carry a large selection and the top brands like Purina ONE and more. Find everything you need in one place. FREE shipping on orders $49+ and the BEST customer service!,235,purina one +plus tailored nutrition for cats,Purina ONE +Plus Tailored Nutrition for Cats,1,plus-tailored-nutrition,True,True,False,False,True,False,False,False,1,319,4,,,,,,,1,1,3.0,1,0,0,0,1.0
Brand,Meta,Page title length is not ideal,https://www.chewy.com/brands/limited-ingredient-8954,True,Rewrite titles that are too short or too long while keeping the main topic clear.,67,Natural Balance Limited Ingredient for Dogs - Free shipping | Chewy,67,Shop Chewy for low prices and the best Limited Ingredient! We carry a large selection and the top brands like Natural Balance and more. Find everything you need in one place. FREE shipping on orders $49+ and the BEST customer service!,234,natural balance limited ingredient for dogs,Natural Balance Limited Ingredient for Dogs,1,limited-ingredient,True,True,False,False,True,False,False,False,4,340,4,,,,,,,1,1,17.0,0,1,0,0,1.0
Brand,Meta,Page title length is not ideal,https://www.chewy.com/brands/specialized-nutrition-166438,True,Rewrite titles that are too short or too long while keeping the main topic clear.,70,Natural Balance Specialized Nutrition Dog Food - Free shipping | Chewy,70,Shop Chewy for low prices and the best Specialized Nutrition! We carry a large selection and the top brands like American Journey and more. Find everything you need in one place. FREE shipping on orders $49+ and the BEST customer service!,238,,Natural Balance Specialized Nutrition Dog Food,1,specialized-nutrition,True,True,False,False,True,False,False,False,4,312,4,,,,,,,,,,,,,,1.0
Brand,Meta,Page title length is not ideal,https://www.chewy.com/brands/air-dried-baked-meals-159110,True,Rewrite titles that are too short or too long while keeping the main topic clear.,70,Shop PetPlate air-dried & baked meals for dogs - Free shipping | Chewy,70,Shop Chewy for low prices and the best Air-Dried & Baked Meals! We carry a large selection and the top brands like American Journey and more. Find everything you need in one place. FREE shipping on orders $49+ and the BEST customer service!,240,,Shop PetPlate air-dried & baked meals for dogs,1,air-dried-baked-meals,True,True,False,False,True,False,False,False,1,306,4,,,,,,,,,,,,,,
Brand,Meta,Page title length is not ideal,https://www.chewy.com/brands/supplements-treats-159118,True,Rewrite titles that are too short or too long while keeping the main topic clear.,67,Shop PetPlate supplements & Treats for dogs - Free shipping | Chewy,67,Shop Chewy for low prices and the best Supplements & Treats! We carry a large selection and the top brands like American Journey and more. Find everything you need in one place. FREE shipping on orders $49+ and the BEST customer service!,237,,Shop PetPlate supplements & Treats for dogs,1,supplements-treats,True,True,False,False,True,False,False,False,1,310,4,,,,,,,,,,,,,,1.0
Brand,Meta,Page title length is not ideal,https://www.chewy.com/brands/kidney-liver-support-10556,True,Rewrite titles that are too short or too long while keeping the main topic clear.,83,Royal Canin Veterinary Diet Kidney & Liver Support for Cats - Free shipping | Chewy,83,Shop Chewy for low prices and the best Kidney & Liver Support! We carry a large selection and the top brands like Royal Canin Veterinary Diet and more. Find everything you need in one place. FREE shipping on orders $49+ and the BEST customer service!,250,royal canin veterinary diet kidney & liver support for cats,Royal Canin Veterinary Diet Kidney & Liver Support for Cats,1,kidney-liver-support,True,True,False,False,True,False,False,False,1,315,4,good,1411.0,good,0.045000000000000005,,,1,1,2.0,1,0,0,0,7.0
Brand,Meta,Page title length is not ideal,https://www.chewy.com/brands/weight-control-10557,True,Rewrite titles that are too short or too long while keeping the main topic clear.,75,Royal Canin Veterinary Diet Weight Control for Cats - Free shipping | Chewy,75,Shop Chewy for low prices and the best Weight Control! We carry a large selection and the top brands like Royal Canin Veterinary Diet and more. Find everything you need in one place. FREE shipping on orders $49+ and the BEST customer service!,242,,Royal Canin Veterinary Diet Weight Control for Cats,1,weight-control,True,True,False,False,True,False,False,False,1,320,4,,,,,,,,,,,,,,1.0
Brand,Meta,Page title length is not ideal,https://www.chewy.com/brands/digestive-support-10558,True,Rewrite titles that are too short or too long while keeping the main topic clear.,78,Royal Canin Veterinary Diet Digestive Support for Cats - Free shipping | Chewy,78,Shop Chewy for low prices and the best Digestive Support! We carry a large selection and the top brands like Royal Canin Veterinary Diet and more. Find everything you need in one place. FREE shipping on orders $49+ and the BEST customer service!,245,,Royal Canin Veterinary Diet Digestive Support for Cats,1,digestive-support,True,True,False,False,True,False,False,False,1,320,4,,,,,,,,,,,,,,1.0
Brand,Meta,Page title length is not ideal,https://www.chewy.com/brands/skin-coat-10559,True,Rewrite titles that are too short or too long while keeping the main topic clear.,72,Royal Canin Veterinary Diet Skin & Coat for Cats - Free shipping | Chewy,72,Shop Chewy for low prices and the best Skin & Coat! We carry a large selection and the top brands like Royal Canin Veterinary Diet and more. Find everything you need in one place. FREE shipping on orders $49+ and the BEST customer service!,239,royal canin veterinary diet skin & coat for cats,Royal Canin Veterinary Diet Skin & Coat for Cats,1,skin-coat,True,True,False,False,True,False,False,False,1,313,4,,,,,,,2,2,3.0,2,0,0,0,1.0
Brand,Meta,Page title length is not ideal,https://www.chewy.com/brands/usa-made-156662,True,Rewrite titles that are too short or too long while keeping the main topic clear.,72,Shop Nature Gnaws Chews & Treats Made in the USA - Free shipping | Chewy,72,Shop Chewy for low prices and the best USA Made! We carry a large selection and the top brands like American Journey and more. Find everything you need in one place. FREE shipping on orders $49+ and the BEST customer service!,225,,Shop Nature Gnaws Chews & Treats Made in the USA,1,usa-made,True,True,False,False,True,False,False,False,1,316,4,,,,,,,,,,,,,,1.0
Brand,Meta,Page title length is not ideal,https://www.chewy.com/brands/auto-1199814,True,Rewrite titles that are too short or too long while keeping the main topic clear.,28,Auto - Free shipping | Chewy,28,Shop Chewy for low prices and the best Auto products! We carry a large selection and the top brands like American Journey and more. Find everything you need in one place. FREE shipping on orders $49+ and the BEST customer service!,230,,Auto,1,auto,True,True,False,False,True,False,False,False,1,306,4,,,,,,,,,,,,,,
Brand,Meta,Page title length is not ideal,https://www.chewy.com/brands/weight-digestion-support-157886,True,Rewrite titles that are too short or too long while keeping the main topic clear.,68,Shop Maev Raw Dog Food for Weight Management - Free shipping | Chewy,68,Shop Chewy for low prices and the best Weight & Digestion Support! We carry a large selection and the top brands like American Journey and more. Find everything you need in one place. FREE shipping on orders $49+ and the BEST customer service!,243,,Shop Maev Raw Dog Food for Weight Management,1,weight-digestion-support,True,True,False,False,True,False,False,False,2,307,4,,,,,,,,,,,,,,
Brand,Meta,Page title length is not ideal,https://www.chewy.com/brands/hip-joint-support-157894,True,Rewrite titles that are too short or too long while keeping the main topic clear.,71,Shop Maev Raw Dog Food for Hip & Joint Support. - Free shipping | Chewy,71,Shop Chewy for low prices and the best Hip & Joint Support! We carry a large selection and the top brands like American Journey and more. Find everything you need in one place. FREE shipping on orders $49+ and the BEST customer service!,236,,Shop Maev Raw Dog Food for Hip & Joint Support.,1,hip-joint-support,True,True,False,False,True,False,False,False,2,307,4,,,,,,,,,,,,,,
Brand,Meta,Page title length is not ideal,https://www.chewy.com/brands/calming-support-157902,True,Rewrite titles that are too short or too long while keeping the main topic clear.,72,Shop Maev Raw Dog for Anxiety & Calming support. - Free shipping | Chewy,72,Shop Chewy for low prices and the best Calming Support! We carry a large selection and the top brands like American Journey and more. Find everything you need in one place. FREE shipping on orders $49+ and the BEST customer service!,232,,Shop Maev Raw Dog for Anxiety & Calming support.,1,calming-support,True,True,False,False,True,False,False,False,2,307,4,,,,,,,,,,,,,,
Brand,Meta,Page title length is not ideal,https://www.chewy.com/brands/skin-coat-support-157910,True,Rewrite titles that are too short or too long while keeping the main topic clear.,71,Shop Maev Raw Dog Food for Skin & Coat Support. - Free shipping | Chewy,71,Shop Chewy for low prices and the best Skin & Coat Support! We carry a large selection and the top brands like American Journey and more. Find everything you need in one place. FREE shipping on orders $49+ and the BEST customer service!,236,,Shop Maev Raw Dog Food for Skin & Coat Support.,1,skin-coat-support,True,True,False,False,True,False,False,False,2,309,4,,,,,,,,,,,,,,
Brand,Meta,Page title length is not ideal,https://www.chewy.com/brands/plus-tailored-nutrition-11886,True,Rewrite titles that are too short or too long while keeping the main topic clear.,68,Purina ONE +Plus Tailored Nutrition for Dogs - Free shipping | Chewy,68,Shop Chewy for low prices and the best +Plus Tailored Nutrition! We carry a large selection and the top brands like Purina ONE and more. Find everything you need in one place. FREE shipping on orders $49+ and the BEST customer service!,235,purina one +plus tailored nutrition for dogs,Purina ONE +Plus Tailored Nutrition for Dogs,1,plus-tailored-nutrition,True,True,False,False,True,False,False,False,1,318,4,,,,,,,1,1,3.0,1,0,0,0,1.0
Brand,Meta,Page title length is not ideal,https://www.chewy.com/brands/belts-3415862,True,Rewrite titles that are too short or too long while keeping the main topic clear.,29,Belts - Free shipping | Chewy,29,Shop Chewy for low prices and the best Belts products! We carry a large selection and the top brands like American Journey and more. Find everything you need in one place. FREE shipping on orders $49+ and the BEST customer service!,231,,Belts,1,belts,True,True,False,False,True,False,False,False,2,306,4,,,,,,,,,,,,,,1.0
Brand,Meta,Page title length is not ideal,https://www.chewy.com/brands/digestion-support-155950,True,Rewrite titles that are too short or too long while keeping the main topic clear.,77,Purina Pro Plan Veterinary Diet Digestive Supplements - Free shipping | Chewy,77,Shop Chewy for low prices and the best Digestion Support! We carry a large selection and the top brands like American Journey and more. Find everything you need in one place. FREE shipping on orders $49+ and the BEST customer service!,234,,Purina Pro Plan Veterinary Diet Digestive Supplements,1,digestion-support,True,True,False,False,True,False,False,False,1,313,4,,,,,,,,,,,,,,1.0
Brand,Meta,Page title length is not ideal,https://www.chewy.com/brands/calming-support-155966,True,Rewrite titles that are too short or too long while keeping the main topic clear.,75,Purina Pro Plan Veterinary Diet Calming Supplements - Free shipping | Chewy,75,Shop Chewy for low prices and the best Calming Support! We carry a large selection and the top brands like American Journey and more. Find everything you need in one place. FREE shipping on orders $49+ and the BEST customer service!,232,,Purina Pro Plan Veterinary Diet Calming Supplements,1,calming-support,True,True,False,False,True,False,False,False,2,309,4,,,,,,,,,,,,,,1.0
Brand,Meta,Page title length is not ideal,https://www.chewy.com/brands/joint-support-155974,True,Rewrite titles that are too short or too long while keeping the main topic clear.,69,Purina Pro Plan Veterinary Diet Joint Support - Free shipping | Chewy,69,Shop Chewy for low prices and the best Joint Support! We carry a large selection and the top brands like American Journey and more. Find everything you need in one place. FREE shipping on orders $49+ and the BEST customer service!,230,,Purina Pro Plan Veterinary Diet Joint Support,1,joint-support,True,True,False,False,True,False,False,False,1,310,4,,,,,,,,,,,,,,1.0
Brand,Meta,Page title length is not ideal,https://www.chewy.com/brands/hydration-support-155982,True,Rewrite titles that are too short or too long while keeping the main topic clear.,78,Purina Pro Plan Veterinary Diets Hydration Supplements - Free shipping | Chewy,78,Shop Chewy for low prices and the best Hydration Support! We carry a large selection and the top brands like American Journey and more. Find everything you need in one place. FREE shipping on orders $49+ and the BEST customer service!,234,,Purina Pro Plan Veterinary Diets Hydration Supplements,1,hydration-support,True,True,False,False,True,False,False,False,1,308,4,,,,,,,,,,,,,,1.0
Brand,Meta,Page title length is not ideal,https://www.chewy.com/brands/multi-benefit-support-155990,True,Rewrite titles that are too short or too long while keeping the main topic clear.,81,Purina Pro Plan Veterinary Diet Multi-Benefit Supplements - Free shipping | Chewy,81,Shop Chewy for low prices and the best Multi-Benefit Support! We carry a large selection and the top brands like American Journey and more. Find everything you need in one place. FREE shipping on orders $49+ and the BEST customer service!,238,,Purina Pro Plan Veterinary Diet Multi-Benefit Supplements,1,multi-benefit-support,True,True,False,False,True,False,False,False,1,310,4,,,,,,,,,,,,,,1.0
Brand,Meta,Page title length is not ideal,https://www.chewy.com/brands/heating-lighting-humidity-13197,True,Rewrite titles that are too short or too long while keeping the main topic clear.,73,"Zilla Heat Lamps, Lighting & Humidity Accessories - Free shipping | Chewy",73,"Shop Chewy for low prices and the best Heating, Lighting & Humidity! We carry a large selection and the top brands like Zilla and more. Find everything you need in one place. FREE shipping on orders $49+ and the BEST customer service!",234,zilla reptile heating lighting,"Zilla Heat Lamps, Lighting & Humidity Accessories",1,heating-lighting-humidity,True,True,False,False,True,False,False,False,2,341,4,,,,,,,3,3,12.0,1,2,0,0,1.0
Brand,Meta,Page title length is not ideal,https://www.chewy.com/brands/protein-grains-6423,True,Rewrite titles that are too short or too long while keeping the main topic clear.,66,American Journey Protein & Grains for Dogs - Free shipping | Chewy,66,Shop Chewy for low prices and the best Protein & Grains! We carry a large selection and the top brands like American Journey and more. Find everything you need in one place. FREE shipping on orders $49+ and the BEST customer service!,233,,American Journey Protein & Grains for Dogs,1,protein-grains,True,True,False,False,True,False,False,False,1,307,5,,,,,,,,,,,,,,1.0
Brand,Meta,Page title length is not ideal,https://www.chewy.com/brands/bully-sticks-12656,True,Rewrite titles that are too short or too long while keeping the main topic clear.,71,Bones & Chews Made in USA Bully Stick Dog Chews - Free shipping | Chewy,71,Shop Chewy for low prices and the best Bully Sticks! We carry a large selection and the top brands like Bones & Chews and more. Find everything you need in one place. FREE shipping on orders $49+ and the BEST customer service!,226,,Bones & Chews Made in USA Bully Stick Dog Chews,1,bully-sticks,True,True,False,False,True,False,False,False,1,309,5,,,,,,,,,,,,,,1.0
Brand,Meta,Page title length is not ideal,https://www.chewy.com/brands/beef-bone-treats-12657,True,Rewrite titles that are too short or too long while keeping the main topic clear.,70,Bones & Chews Made in USA Beef Bone Dog Treats - Free shipping | Chewy,70,Shop Chewy for low prices and the best Beef Bone Treats! We carry a large selection and the top brands like Bones & Chews and more. Find everything you need in one place. FREE shipping on orders $49+ and the BEST customer service!,230,bones and chews made in usa beef bone dog treats,Bones & Chews Made in USA Beef Bone Dog Treats,1,beef-bone-treats,True,True,False,False,True,False,False,False,1,310,5,,,,,,,2,2,15.5,0,2,0,0,1.0
Brand,Meta,Page title length is not ideal,https://www.chewy.com/brands/antlers-12658,True,Rewrite titles that are too short or too long while keeping the main topic clear.,66,Bones & Chews Made in USA Antler Dog Chews - Free shipping | Chewy,66,Shop Chewy for low prices and the best Antlers products! We carry a large selection and the top brands like Bones & Chews and more. Find everything you need in one place. FREE shipping on orders $49+ and the BEST customer service!,230,,Bones & Chews Made in USA Antler Dog Chews,1,antlers,True,True,False,False,True,False,False,False,1,308,5,,,,,,,,,,,,,,
Brand,Meta,Page title length is not ideal,https://www.chewy.com/brands/filled-treats-12659,True,Rewrite titles that are too short or too long while keeping the main topic clear.,67,Bones & Chews Made in USA Filled Dog Treats - Free shipping | Chewy,67,Shop Chewy for low prices and the best Filled Treats! We carry a large selection and the top brands like Bones & Chews and more. Find everything you need in one place. FREE shipping on orders $49+ and the BEST customer service!,227,,Bones & Chews Made in USA Filled Dog Treats,1,filled-treats,True,True,False,False,True,False,False,False,1,306,5,,,,,,,,,,,,,,1.0
Brand,Meta,Page title length is not ideal,https://www.chewy.com/brands/limited-ingredient-4300054,True,Rewrite titles that are too short or too long while keeping the main topic clear.,67,Natural Balance Limited Ingredient for Cats - Free shipping | Chewy,67,Shop Chewy for low prices and the best Limited Ingredient! We carry a large selection and the top brands like American Journey and more. Find everything you need in one place. FREE shipping on orders $49+ and the BEST customer service!,235,,Natural Balance Limited Ingredient for Cats,1,limited-ingredient,True,True,False,False,True,False,False,False,2,318,5,,,,,,,,,,,,,,1.0
Brand,Meta,Page title length is not ideal,https://www.chewy.com/brands/health-protection-166430,True,Rewrite titles that are too short or too long while keeping the main topic clear.,70,Natural Balance Health Protection Dry Dog Food - Free shipping | Chewy,70,Shop Chewy for low prices and the best Health Protection! We carry a large selection and the top brands like American Journey and more. Find everything you need in one place. FREE shipping on orders $49+ and the BEST customer service!,234,,Natural Balance Health Protection Dry Dog Food,1,health-protection,True,True,False,False,True,False,False,False,3,314,5,,,,,,,,,,,,,,1.0
Brand,Meta,Page title length is not ideal,https://www.chewy.com/brands/freeze-dried-food-11280,True,Rewrite titles that are too short or too long while keeping the main topic clear.,67,Vital Essentials Freeze-Dried Food for Dogs - Free shipping | Chewy,67,Shop Chewy for low prices and the best Freeze-Dried Food! We carry a large selection and the top brands like Vital Essentials and more. Find everything you need in one place. FREE shipping on orders $49+ and the BEST customer service!,234,,Vital Essentials Freeze-Dried Food for Dogs,1,freeze-dried-food,True,True,False,False,True,False,False,False,1,323,5,,,,,,,,,,,,,,1.0
Brand,Meta,Page title length is not ideal,https://www.chewy.com/brands/freeze-dried-treats-11281,True,Rewrite titles that are too short or too long while keeping the main topic clear.,69,Vital Essentials Freeze-Dried Treats for Dogs - Free shipping | Chewy,69,Shop Chewy for low prices and the best Freeze-Dried Treats! We carry a large selection and the top brands like Vital Essentials and more. Find everything you need in one place. FREE shipping on orders $49+ and the BEST customer service!,236,,Vital Essentials Freeze-Dried Treats for Dogs,1,freeze-dried-treats,True,True,False,False,True,False,False,False,1,342,5,,,,,,,,,,,,,,2.0
Brand,Meta,Page title length is not ideal,https://www.chewy.com/brands/freeze-dried-food-toppings-11282,True,Rewrite titles that are too short or too long while keeping the main topic clear.,76,Vital Essentials Freeze-Dried Food Toppings for Dogs - Free shipping | Chewy,76,Shop Chewy for low prices and the best Freeze-Dried Food Toppings! We carry a large selection and the top brands like Vital Essentials and more. Find everything you need in one place. FREE shipping on orders $49+ and the BEST customer service!,243,vital essentials freeze-dried food toppings for dogs,Vital Essentials Freeze-Dried Food Toppings for Dogs,1,freeze-dried-food-toppings,True,True,False,False,True,False,False,False,1,326,5,,,,,,,1,1,8.0,1,0,0,0,1.0
Brand,Meta,Page title length is not ideal,https://www.chewy.com/brands/chews-437478,True,Rewrite titles that are too short or too long while keeping the main topic clear.,29,Chews - Free shipping | Chewy,29,Shop Chewy for low prices and the best Chews products! We carry a large selection and the top brands like American Journey and more. Find everything you need in one place. FREE shipping on orders $49+ and the BEST customer service!,231,,Chews,1,chews,True,True,False,False,True,False,False,False,9,345,5,,,,,,,,,,,,,,
Brand,Meta,Page title length is not ideal,https://www.chewy.com/brands/limited-ingredient-diet-11140,True,Rewrite titles that are too short or too long while keeping the main topic clear.,75,I and Love and You Limited Ingredient Diet For Dogs - Free shipping | Chewy,75,Shop Chewy for low prices and the best Limited Ingredient Diet! We carry a large selection and the top brands like I and Love and You and more. Find everything you need in one place. FREE shipping on orders $49+ and the BEST customer service!,242,i and love and you limited ingredient diet for dogs,I and Love and You Limited Ingredient Diet For Dogs,1,limited-ingredient-diet,True,True,False,False,True,False,False,False,1,306,5,,,,,,,1,1,24.0,0,0,1,0,1.0
Brand,Meta,Page title length is not ideal,https://www.chewy.com/brands/personalized-leashes-collars-12894,True,Rewrite titles that are too short or too long while keeping the main topic clear.,76,"Frisco Personalized Dog Leashes, Collars & Harnesses - Free shipping | Chewy",76,"Shop Chewy for low prices and the best Personalized Leashes, Collars & Harnesses! We carry a large selection and the top brands like Frisco and more. Find everything you need in one place. FREE shipping on orders $49+ and the BEST customer service!",248,,"Frisco Personalized Dog Leashes, Collars & Harnesses",1,personalized-leashes-collars,True,True,False,False,True,False,False,False,2,335,5,,,,,,,,,,,,,,1.0
Brand,Meta,Page title length is not ideal,https://www.chewy.com/brands/shop-by-dog-168678,True,Rewrite titles that are too short or too long while keeping the main topic clear.,68,"Tavo Pet Carseats, Strollers & More for dogs - Free shipping | Chewy",68,Shop Chewy for low prices and the best Shop by Dog! We carry a large selection and the top brands like American Journey and more. Find everything you need in one place. FREE shipping on orders $49+ and the BEST customer service!,228,,"Tavo Pet Carseats, Strollers & More for dogs",1,shop-by-dog,True,True,False,False,True,False,False,False,1,328,5,,,,,,,,,,,,,,1.0
Brand,Meta,Page title length is not ideal,https://www.chewy.com/brands/shop-by-cat-168686,True,Rewrite titles that are too short or too long while keeping the main topic clear.,68,"Tavo Pet Carseats, Strollers & More for Cats - Free shipping | Chewy",68,Shop Chewy for low prices and the best Shop by Cat! We carry a large selection and the top brands like American Journey and more. Find everything you need in one place. FREE shipping on orders $49+ and the BEST customer service!,228,,"Tavo Pet Carseats, Strollers & More for Cats",1,shop-by-cat,True,True,False,False,True,False,False,False,1,321,5,,,,,,,,,,,,,,1.0
Brand,Meta,Page title length is not ideal,https://www.chewy.com/brands/dry-food-clusters-11253,True,Rewrite titles that are too short or too long while keeping the main topic clear.,69,The Honest Kitchen Dry Food Clusters for Dogs - Free shipping | Chewy,69,Shop Chewy for low prices and the best Dry Food Clusters! We carry a large selection and the top brands like The Honest Kitchen and more. Find everything you need in one place. FREE shipping on orders $49+ and the BEST customer service!,236,the honest kitchen dry food clusters for dogs,The Honest Kitchen Dry Food Clusters for Dogs,1,dry-food-clusters,True,True,False,False,True,False,False,True,4,334,5,,,,,,,1,1,20.0,0,1,0,0,1.0
Brand,Meta,Page title length is not ideal,https://www.chewy.com/brands/toys-138574,True,Rewrite titles that are too short or too long while keeping the main topic clear.,28,Toys - Free shipping | Chewy,28,Shop Chewy for low prices and the best Toys products! We carry a large selection and the top brands like American Journey and more. Find everything you need in one place. FREE shipping on orders $49+ and the BEST customer service!,230,,Toys,1,toys,True,True,False,False,True,False,False,False,1,312,5,,,,,,,,,,,,,,1.0
Brand,Meta,Page title length is not ideal,https://www.chewy.com/brands/bones-bully-sticks-natural-chews-10168,True,Rewrite titles that are too short or too long while keeping the main topic clear.,83,"Nature's Logic Bones, Bully Sticks & Natural Chews for Dogs - Free shipping | Chewy",83,"Shop Chewy for low prices and the best Bones, Bully Sticks & Natural Chews! We carry a large selection and the top brands like Nature's Logic and more. Find everything you need in one place. FREE shipping on orders $49+ and the BEST customer service!",250,,"Nature's Logic Bones, Bully Sticks & Natural Chews for Dogs",1,bones-bully-sticks-natural-chews,True,True,False,False,True,False,False,False,2,311,5,,,,,,,,,,,,,,1.0
Brand,Meta,Page title length is not ideal,https://www.chewy.com/brands/vitamins-supplements-10170,True,Rewrite titles that are too short or too long while keeping the main topic clear.,70,Nature's Logic Vitamins & Supplements for Dogs - Free shipping | Chewy,70,Shop Chewy for low prices and the best Vitamins & Supplements! We carry a large selection and the top brands like Nature's Logic and more. Find everything you need in one place. FREE shipping on orders $49+ and the BEST customer service!,237,nature's logic vitamins and supplements for dogs,Nature's Logic Vitamins & Supplements for Dogs,1,vitamins-supplements,True,True,False,False,True,False,False,False,2,306,5,,,,,,,3,2,19.0,0,2,1,0,1.0
Brand,Meta,Page title length is not ideal,https://www.chewy.com/brands/overall-health-167294,True,Rewrite titles that are too short or too long while keeping the main topic clear.,97,Pet Protect General Wellness Multivitamins & Omega-3 supplements for Cats - Free shipping | Chewy,97,Shop Chewy for low prices and the best Overall Health! We carry a large selection and the top brands like American Journey and more. Find everything you need in one place. FREE shipping on orders $49+ and the BEST customer service!,231,,Pet Protect General Wellness Multivitamins & Omega-3 supplements for Cats,1,overall-health,True,True,False,False,True,False,False,False,1,307,5,,,,,,,,,,,,,,
Brand,Meta,Page title length is not ideal,https://www.chewy.com/brands/joint-health-141606,True,Rewrite titles that are too short or too long while keeping the main topic clear.,69,Pet Protect Joint Health Supplements for Dogs - Free shipping | Chewy,69,Shop Chewy for low prices and the best Joint Health! We carry a large selection and the top brands like American Journey and more. Find everything you need in one place. FREE shipping on orders $49+ and the BEST customer service!,229,,Pet Protect Joint Health Supplements for Dogs,1,joint-health,True,True,False,False,True,False,False,False,1,311,5,,,,,,,,,,,,,,1.0
Brand,Meta,Page title length is not ideal,https://www.chewy.com/brands/digestive-health-141614,True,Rewrite titles that are too short or too long while keeping the main topic clear.,74,Pet Protect Probiotics & Digestive Health for Dogs - Free shipping | Chewy,74,Shop Chewy for low prices and the best Digestive Health! We carry a large selection and the top brands like Pet Protect and more. Find everything you need in one place. FREE shipping on orders $49+ and the BEST customer service!,228,,Pet Protect Probiotics & Digestive Health for Dogs,1,digestive-health,True,True,False,False,True,False,False,False,1,308,5,,,,,,,,,,,,,,1.0
Brand,Meta,Page title length is not ideal,https://www.chewy.com/brands/overall-health-167286,True,Rewrite titles that are too short or too long while keeping the main topic clear.,98,Pet Protect General Wellness Multivitamins & Omega-3 Supplements for Dog's - Free shipping | Chewy,98,Shop Chewy for low prices and the best Overall Health! We carry a large selection and the top brands like American Journey and more. Find everything you need in one place. FREE shipping on orders $49+ and the BEST customer service!,231,,Pet Protect General Wellness Multivitamins & Omega-3 Supplements for Dog's,1,overall-health,True,True,False,False,True,False,False,False,1,315,5,,,,,,,,,,,,,,1.0
Brand,Meta,Page title length is not ideal,https://www.chewy.com/brands/minced-in-gravy-8447,True,Rewrite titles that are too short or too long while keeping the main topic clear.,69,American Journey Minced in Gravy Wet Cat Food - Free shipping | Chewy,69,Shop Chewy for low prices and the best Minced in Gravy! We carry a large selection and the top brands like American Journey and more. Find everything you need in one place. FREE shipping on orders $49+ and the BEST customer service!,232,,American Journey Minced in Gravy Wet Cat Food,1,minced-in-gravy,True,True,False,False,True,False,False,False,1,316,6,,,,,,,,,,,,,,1.0
Brand,Meta,Page title length is not ideal,https://www.chewy.com/brands/biscuits-crunchy-treats-8030,True,Rewrite titles that are too short or too long while keeping the main topic clear.,70,American Journey Biscuits & Crunchy Dog Treats - Free shipping | Chewy,70,Shop Chewy for low prices and the best Biscuits & Crunchy Treats! We carry a large selection and the top brands like American Journey and more. Find everything you need in one place. FREE shipping on orders $49+ and the BEST customer service!,242,,American Journey Biscuits & Crunchy Dog Treats,1,biscuits-crunchy-treats,True,True,False,False,True,False,False,False,1,315,6,,,,,,,,,,,,,,1.0
Brand,Meta,Page title length is not ideal,https://www.chewy.com/brands/wet-food-13836,True,Rewrite titles that are too short or too long while keeping the main topic clear.,67,American Journey Landmark Wet Food for Cats - Free shipping | Chewy,67,Shop Chewy for low prices and the best Wet Food! We carry a large selection and the top brands like American Journey and more. Find everything you need in one place. FREE shipping on orders $49+ and the BEST customer service!,225,american journey for cats,American Journey Landmark Wet Food for Cats,1,wet-food,True,True,False,False,True,False,False,False,1,312,6,,,,,,,4,4,21.0,0,1,1,2,1.0
