page_type,category,issue,normalized_url,matched_botify,recommendation,evidence_value,title,title_length,meta_description,meta_description_length,main_keyword,h1,h1_count,url_slug,canonical_points_to_self,in_sitemaps,noindex,nofollow,breadcrumb_exists,product_exists,offer_exists,faq_exists,unique_inlinks,unique_outlinks,depth,lcp_status,lcp_value,cls_status,cls_value,inp_status,inp_value,ranking_keyword_rows,distinct_keywords,avg_current_rank,top10_keywords,quick_win_11_20_keywords,striking_distance_21_50_keywords,lost_or_unranked_keywords,botify_audience_keywords_to_90pct
Browse,Index,Missing self-referencing canonical,https://www.chewy.com/b/dental-dog-treats-1539,True,Set the canonical to the normalized self URL for eligible pages.,,"Dog Dental Chews: Best Chews, Sticks & Treats (Free Shipping) | Chewy",69,Shop Chewy for low prices and the best dog dental chews! We know that dental care for your pup is important. Dental treats and hard chews are a great (and tasty) way to maintain your dog's teeth in between cleanings. *FREE* shipping on orders $49+ and the BEST customer service! Shop for all your DOG DENTAL & HARD DOG CHEWS at Chewy.com.,338,,Dental Treats for Dogs,1,dental-dog-treats,False,False,False,False,True,False,False,False,318253,392,1,good,1760.0,poor,0.36,,,,,,,,,,2.0
Browse,Index,Missing self-referencing canonical,https://www.chewy.com/b/dog-9956,True,Set the canonical to the normalized self URL for eligible pages.,,Supplies for New Dogs - Free shipping | Chewy,45,"Shop Chewy for low prices and the best Dog products! We carry a large selection and the top brands like Buckle-Down, Frisco, and more. Find everything you need in one place. FREE shipping on orders $49+ and the BEST customer service!",233,,Supplies for New Dogs,1,dog,,False,False,False,True,False,False,False,318238,367,1,,,,,,,,,,,,,,1.0
Browse,Index,Missing self-referencing canonical,https://www.chewy.com/b/pet-parents-15439,True,Set the canonical to the normalized self URL for eligible pages.,,,,,,,,0,pet-parents,,True,False,False,False,False,False,False,318239,0,1,,,,,,,,,,,,,,1.0
Browse,Index,Missing self-referencing canonical,https://www.chewy.com/b/dental-treats-12803,True,Set the canonical to the normalized self URL for eligible pages.,,Cat Dental Treats - Free Shipping | Chewy,41,"Shop Chewy for low prices and the best Dental Treats! We carry a large selection and the top brands like Emerald Pet, Earth Animal, and more. Find everything you need in one place. FREE shipping on orders $49+ and the BEST customer service!",240,,Cat Dental Treats,1,dental-treats,False,False,False,False,True,False,False,False,318253,350,1,,,,,,,,,,,,,,1.0
Browse,Index,Missing self-referencing canonical,https://www.chewy.com/b/bird-perches-968,True,Set the canonical to the normalized self URL for eligible pages.,,Bird Perches | Chewy,20,"Shop Chewy for low prices on the best perches and swings for your pet bird. Chewy has a wide selection of perches and swings for small to large birds made of wood, plastic, rope, steel & more that your pet bird will love. *FREE* shipping on orders $49+ and the BEST customer service!",283,,Bird Perches,1,bird-perches,False,False,False,False,True,False,False,True,318253,359,1,,,,,,,,,,,,,,2.0
Browse,Index,Missing self-referencing canonical,https://www.chewy.com/b/pharmacy-15697,True,Set the canonical to the normalized self URL for eligible pages.,,Chewy Pet Pharmacy: Prescription Pet Meds & Supplies,52,Shop Chewy for low prices and the best products! We carry a large selection and the top brands like American Journey and more. Find everything you need in one place. FREE shipping on orders $49+ and the BEST customer service!,225,chewy pharmacy phone number,It’s easy to get started with Chewy Pharmacy Order in three simple steps The pharmacy you can count on We have all the brands you trust,4,pharmacy,False,False,False,False,True,False,False,False,318253,313,1,good,2423.0,good,0.005,,,119,110,12.06,36,58,11,14,123.0
Browse,Index,Missing self-referencing canonical,https://www.chewy.com/b/new-arrivals-14264,True,Set the canonical to the normalized self URL for eligible pages.,,New Arrivals - Free shipping | Chewy,36,"Shop Chewy for low prices and the best New Arrivals! We carry a large selection and the top brands like Kseroo, Parisian Pet, and more. Find everything you need in one place. FREE shipping on orders $49+ and the BEST customer service!",234,,New Arrivals,1,new-arrivals,,False,False,False,True,False,False,False,318253,347,1,,,,,,,,,,,,,,
Browse,Index,Missing self-referencing canonical,https://www.chewy.com/b/flea-tick-1866,True,Set the canonical to the normalized self URL for eligible pages.,,"Flea, Tick, and Heartworm Medication for Pets - Free shipping | Chewy",69,"Shop Chewy for low prices and the best Flea & Tick! We carry a large selection and the top brands like Credelio, Interceptor Plus, and more. Find everything you need in one place. FREE shipping on orders $49+ and the BEST customer service!",239,,"Flea, Tick, and Heartworm Medication for Pets",1,flea-tick,,False,False,False,True,False,False,False,318238,362,1,,,,,,,,,,,,,,
Browse,Index,Missing self-referencing canonical,https://www.chewy.com/b/horse-1663,True,Set the canonical to the normalized self URL for eligible pages.,,,,,,,,0,horse,,True,False,False,False,False,False,False,9313,0,1,,,,,,,,,,,,,,
Browse,Index,Missing self-referencing canonical,https://www.chewy.com/b/wild-bird-12931,True,Set the canonical to the normalized self URL for eligible pages.,,,,,,,,0,wild-bird,,True,False,False,False,False,False,False,5,0,1,,,,,,,,,,,,,,
Browse,Index,Missing self-referencing canonical,https://www.chewy.com/b/small-pet-977,True,Set the canonical to the normalized self URL for eligible pages.,,,,,,,,0,small-pet,,True,False,False,False,False,False,False,9309,0,1,,,,,,,,,,,,,,1.0
Browse,Index,Missing self-referencing canonical,https://www.chewy.com/b/bird-941,True,Set the canonical to the normalized self URL for eligible pages.,,,,,,,,0,bird,,True,False,False,False,False,False,False,9300,0,1,,,,,,,,,,,,,,
Browse,Index,Missing self-referencing canonical,https://www.chewy.com/b/fish-885,True,Set the canonical to the normalized self URL for eligible pages.,,,,,,,,0,fish,,True,False,False,False,False,False,False,9306,0,1,,,,,,,,,,,,,,
Browse,Index,Missing self-referencing canonical,https://www.chewy.com/b/reptile-1025,True,Set the canonical to the normalized self URL for eligible pages.,,,,,,,,0,reptile,,True,False,False,False,False,False,False,9304,0,1,,,,,,,,,,,,,,
Browse,Index,Missing self-referencing canonical,https://www.chewy.com/b/chicken-12992,True,Set the canonical to the normalized self URL for eligible pages.,,,,,,,,0,chicken,,True,False,False,False,False,False,False,9300,0,1,,,,,,,,,,,,,,
Browse,Index,Missing self-referencing canonical,https://www.chewy.com/b/farm-animal-8403,True,Set the canonical to the normalized self URL for eligible pages.,,,,,,,,0,farm-animal,,True,False,False,False,False,False,False,9300,0,1,,,,,,,,,,,,,,
Browse,Index,Missing self-referencing canonical,https://www.chewy.com/b/compounding-pharmacy-11718,True,Set the canonical to the normalized self URL for eligible pages.,,,,,,,,0,compounding-pharmacy,,True,False,False,False,False,False,False,28,0,2,,,,,,,,,,,,,,
Browse,Index,Missing self-referencing canonical,https://www.chewy.com/b/by-chewy-100726,True,Set the canonical to the normalized self URL for eligible pages.,,,,,,,,0,by-chewy,,True,False,False,False,False,False,False,6138,0,2,,,,,,,,,,,,,,
Browse,Index,Missing self-referencing canonical,https://www.chewy.com/b/new-pet-9955,True,Set the canonical to the normalized self URL for eligible pages.,,New Pet Shop - Free shipping | Chewy,36,"Shop Chewy for low prices and the best New Pet! We carry a large selection and the top brands like Buckle-Down, Frisco, and more. Find everything you need in one place. FREE shipping on orders $49+ and the BEST customer service!",228,,New Pet Shop,1,new-pet,,False,False,False,True,False,False,False,11008,380,2,,,,,,,,,,,,,,
Browse,Index,Missing self-referencing canonical,https://www.chewy.com/b/sensitive-stomach-dog-food-139758,True,Set the canonical to the normalized self URL for eligible pages.,,Sensitive Stomach Dog Food - Free Shipping | Chewy,50,"Shop Chewy for low prices and the best Sensitive Skin & Stomach! We carry a large selection and the top brands like Wellness, Purina Pro Plan, and more. Find everything you need in one place. FREE shipping on orders $49+ and the BEST customer service!",251,,Sensitive Skin & Stomach Dog Food,1,sensitive-stomach-dog-food,False,False,False,False,True,False,False,False,146,355,2,good,1712.0,poor,0.46,,,,,,,,,,5.0
Browse,Index,Missing self-referencing canonical,https://www.chewy.com/b/weight-loss-dog-food-139798,True,Set the canonical to the normalized self URL for eligible pages.,,Weight Management Dog Food - Free Shipping | Chewy,50,"Shop Chewy for low prices and the best Weight Management! We carry a large selection and the top brands like Hill's Science Diet, Hill's Prescription Diet, and more. Find everything you need in one place. FREE shipping on orders $49+ and the BEST customer service!",264,veterinary diet weight management dog food on sale,Weight Management Dog Food,1,weight-loss-dog-food,False,False,False,False,True,False,False,False,76,351,2,,,,,,,2,2,5.0,1,0,0,1,1.0
Browse,Index,Missing self-referencing canonical,https://www.chewy.com/b/aging-care-139790,True,Set the canonical to the normalized self URL for eligible pages.,,Dog Food For Aging Care - Free Shipping | Chewy,47,"Shop Chewy for low prices and the best Aging Care! We carry a large selection and the top brands like Hill's Science Diet, Purina Pro Plan, and more. Find everything you need in one place. FREE shipping on orders $49+ and the BEST customer service!",248,,Dog Food for Aging Care,1,aging-care,False,False,False,False,True,False,False,False,34,351,2,,,,,,,,,,,,,,1.0
Browse,Index,Missing self-referencing canonical,https://www.chewy.com/b/veterinary-diets-139750,True,Set the canonical to the normalized self URL for eligible pages.,,Veterinary Diet Dog Food - Free shipping | Chewy,48,"Shop Chewy for low prices and the best Veterinary Diets! We carry a large selection and the top brands like Hill's Prescription Diet, Royal Canin Veterinary Diet, and more. Find everything you need in one place. FREE shipping on orders $49+ and the BEST customer service!",271,,Veterinary Diet Dog Food,1,veterinary-diets,False,False,False,False,True,False,False,False,159,355,2,,,,,,,,,,,,,,1.0
Browse,Index,Missing self-referencing canonical,https://www.chewy.com/b/limited-ingredient-dog-food-139830,True,Set the canonical to the normalized self URL for eligible pages.,,Limited Ingredient Dog Food - Free Shipping | Chewy,51,"Shop Chewy for low prices and the best Limited Ingredient Diet! We carry a large selection and the top brands like Natural Balance, CANIDAE, and more. Find everything you need in one place. FREE shipping on orders $49+ and the BEST customer service!",249,,Limited Ingredient Diet Dog Food,1,limited-ingredient-dog-food,False,False,False,False,True,False,False,True,77,354,2,,,,,,,,,,,,,,
Browse,Index,Missing self-referencing canonical,https://www.chewy.com/b/food-15562,True,Set the canonical to the normalized self URL for eligible pages.,,Hairball Control Cat Food - Free shipping | Chewy,49,"Shop Chewy for low prices and the best Food products! We carry a large selection and the top brands like Purina ONE, Hill's Science Diet, and more. Find everything you need in one place. FREE shipping on orders $49+ and the BEST customer service!",246,,Hairball Control Cat Food,1,food,False,False,False,False,True,False,False,False,172,354,2,,,,,,,,,,,,,,1.0
Browse,Index,Missing self-referencing canonical,https://www.chewy.com/b/hairball-control-442,True,Set the canonical to the normalized self URL for eligible pages.,,,,,,,,0,hairball-control,,True,False,False,False,False,False,False,6,0,2,,,,,,,,,,,,,,
Browse,Index,Missing self-referencing canonical,https://www.chewy.com/b/eye-care-420,True,Set the canonical to the normalized self URL for eligible pages.,,,,,,,,0,eye-care,,True,False,False,False,False,False,False,7,0,2,,,,,,,,,,,,,,1.0
Browse,Index,Missing self-referencing canonical,https://www.chewy.com/b/ear-care-421,True,Set the canonical to the normalized self URL for eligible pages.,,,,,,,,0,ear-care,,True,False,False,False,False,False,False,4,0,2,,,,,,,,,,,,,,
Browse,Index,Missing self-referencing canonical,https://www.chewy.com/b/first-aid-recovery-452,True,Set the canonical to the normalized self URL for eligible pages.,,,,,,,,0,first-aid-recovery,,True,False,False,False,False,False,False,5,0,2,,,,,,,,,,,,,,
Browse,Index,Missing self-referencing canonical,https://www.chewy.com/b/test-kits-2690,True,Set the canonical to the normalized self URL for eligible pages.,,,,,,,,0,test-kits,,True,False,False,False,False,False,False,4,0,2,,,,,,,,,,,,,,
Browse,Index,Missing self-referencing canonical,https://www.chewy.com/b/biscuits-cookies-crunchy-treats-1537,True,Set the canonical to the normalized self URL for eligible pages.,,,,,,,,0,biscuits-cookies-crunchy-treats,,True,False,False,False,False,False,False,9298,0,2,,,,,,,,,,,,,,
Browse,Index,Missing self-referencing canonical,https://www.chewy.com/b/dental-treats-1539,True,Set the canonical to the normalized self URL for eligible pages.,,,,,,,,0,dental-treats,,True,False,False,False,False,False,False,9299,0,2,,,,,,,,,,,,,,
Browse,Index,Missing self-referencing canonical,https://www.chewy.com/b/jerky-treats-1546,True,Set the canonical to the normalized self URL for eligible pages.,,,,,,,,0,jerky-treats,,True,False,False,False,False,False,False,9298,0,2,,,,,,,,,,,,,,
Browse,Index,Missing self-referencing canonical,https://www.chewy.com/b/cleaning-potty-351,True,Set the canonical to the normalized self URL for eligible pages.,,,,,,,,0,cleaning-potty,,True,False,False,False,False,False,False,9299,0,2,,,,,,,,,,,,,,
Browse,Index,Missing self-referencing canonical,https://www.chewy.com/b/crates-pens-gates-364,True,Set the canonical to the normalized self URL for eligible pages.,,,,,,,,0,crates-pens-gates,,True,False,False,False,False,False,False,9309,0,2,,,,,,,,,,,,,,1.0
Browse,Index,Missing self-referencing canonical,https://www.chewy.com/b/beds-365,True,Set the canonical to the normalized self URL for eligible pages.,,,,,,,,0,beds,,True,False,False,False,False,False,False,9530,0,2,,,,,,,,,,,,,,1.0
Browse,Index,Missing self-referencing canonical,https://www.chewy.com/b/leashes-collars-harnesses-344,True,Set the canonical to the normalized self URL for eligible pages.,,,,,,,,0,leashes-collars-harnesses,,True,False,False,False,False,False,False,9501,0,2,,,,,,,,,,,,,,
Browse,Index,Missing self-referencing canonical,https://www.chewy.com/b/bowls-feeders-338,True,Set the canonical to the normalized self URL for eligible pages.,,,,,,,,0,bowls-feeders,,True,False,False,False,False,False,False,9307,0,2,,,,,,,,,,,,,,1.0
Browse,Index,Missing self-referencing canonical,https://www.chewy.com/b/grooming-355,True,Set the canonical to the normalized self URL for eligible pages.,,,,,,,,0,grooming,,True,False,False,False,False,False,False,9506,0,2,,,,,,,,,,,,,,1.0
Browse,Index,Missing self-referencing canonical,https://www.chewy.com/b/training-cleaning-428,True,Set the canonical to the normalized self URL for eligible pages.,,,,,,,,0,training-cleaning,,True,False,False,False,False,False,False,9299,0,2,,,,,,,,,,,,,,
Browse,Index,Missing self-referencing canonical,https://www.chewy.com/b/bowls-feeders-394,True,Set the canonical to the normalized self URL for eligible pages.,,,,,,,,0,bowls-feeders,,True,False,False,False,False,False,False,9305,0,2,,,,,,,,,,,,,,1.0
Browse,Index,Missing self-referencing canonical,https://www.chewy.com/b/trees-condos-scratchers-456,True,Set the canonical to the normalized self URL for eligible pages.,,,,,,,,0,trees-condos-scratchers,,True,False,False,False,False,False,False,9506,0,2,,,,,,,,,,,,,,
Browse,Index,Missing self-referencing canonical,https://www.chewy.com/b/carriers-travel-454,True,Set the canonical to the normalized self URL for eligible pages.,,,,,,,,0,carriers-travel,,True,False,False,False,False,False,False,9299,0,2,,,,,,,,,,,,,,
Browse,Index,Missing self-referencing canonical,https://www.chewy.com/b/leashes-collars-harnesses-400,True,Set the canonical to the normalized self URL for eligible pages.,,,,,,,,0,leashes-collars-harnesses,,True,False,False,False,False,False,False,9498,0,2,,,,,,,,,,,,,,
Browse,Index,Missing self-referencing canonical,https://www.chewy.com/b/water-care-906,True,Set the canonical to the normalized self URL for eligible pages.,,,,,,,,0,water-care,,True,False,False,False,False,False,False,9387,0,2,,,,,,,,,,,,,,
Browse,Index,Missing self-referencing canonical,https://www.chewy.com/b/water-conditioners-911,True,Set the canonical to the normalized self URL for eligible pages.,,,,,,,,0,water-conditioners,,True,False,False,False,False,False,False,9303,0,2,,,,,,,,,,,,,,
Browse,Index,Missing self-referencing canonical,https://www.chewy.com/b/algaecides-water-clarity-907,True,Set the canonical to the normalized self URL for eligible pages.,,,,,,,,0,algaecides-water-clarity,,True,False,False,False,False,False,False,9297,0,2,,,,,,,,,,,,,,
Browse,Index,Missing self-referencing canonical,https://www.chewy.com/b/water-test-kits-912,True,Set the canonical to the normalized self URL for eligible pages.,,,,,,,,0,water-test-kits,,True,False,False,False,False,False,False,9304,0,2,,,,,,,,,,,,,,
Browse,Index,Missing self-referencing canonical,https://www.chewy.com/b/ph-treatments-908,True,Set the canonical to the normalized self URL for eligible pages.,,,,,,,,0,ph-treatments,,True,False,False,False,False,False,False,9296,0,2,,,,,,,,,,,,,,
Browse,Index,Missing self-referencing canonical,https://www.chewy.com/b/plant-care-909,True,Set the canonical to the normalized self URL for eligible pages.,,,,,,,,0,plant-care,,True,False,False,False,False,False,False,9296,0,2,,,,,,,,,,,,,,
Browse,Index,Missing self-referencing canonical,https://www.chewy.com/b/decor-1737,True,Set the canonical to the normalized self URL for eligible pages.,,,,,,,,0,decor,,True,False,False,False,False,False,False,9384,0,2,,,,,,,,,,,,,,
Browse,Index,Missing self-referencing canonical,https://www.chewy.com/b/filters-media-924,True,Set the canonical to the normalized self URL for eligible pages.,,,,,,,,0,filters-media,,True,False,False,False,False,False,False,9388,0,2,,,,,,,,,,,,,,
Browse,Index,Missing self-referencing canonical,https://www.chewy.com/b/health-wellness-937,True,Set the canonical to the normalized self URL for eligible pages.,,,,,,,,0,health-wellness,,True,False,False,False,False,False,False,9390,0,2,,,,,,,,,,,,,,
Browse,Index,Missing self-referencing canonical,https://www.chewy.com/b/cleaners-pumps-929,True,Set the canonical to the normalized self URL for eligible pages.,,,,,,,,0,cleaners-pumps,,True,False,False,False,False,False,False,9382,0,2,,,,,,,,,,,,,,
Browse,Index,Missing self-referencing canonical,https://www.chewy.com/b/feeders-13150,True,Set the canonical to the normalized self URL for eligible pages.,,,,,,,,0,feeders,,True,False,False,False,False,False,False,9297,0,2,,,,,,,,,,,,,,
Browse,Index,Missing self-referencing canonical,https://www.chewy.com/b/pond-shop-13939,True,Set the canonical to the normalized self URL for eligible pages.,,,,,,,,0,pond-shop,,True,False,False,False,False,False,False,9297,0,2,,,,,,,,,,,,,,
Browse,Index,Missing self-referencing canonical,https://www.chewy.com/b/shop-by-bird-12930,True,Set the canonical to the normalized self URL for eligible pages.,,,,,,,,0,shop-by-bird,,True,False,False,False,False,False,False,9295,0,2,,,,,,,,,,,,,,
Browse,Index,Missing self-referencing canonical,https://www.chewy.com/b/cockatiel-12943,True,Set the canonical to the normalized self URL for eligible pages.,,,,,,,,0,cockatiel,,True,False,False,False,False,False,False,9297,0,2,,,,,,,,,,,,,,
Browse,Index,Missing self-referencing canonical,https://www.chewy.com/b/parakeet-12934,True,Set the canonical to the normalized self URL for eligible pages.,,,,,,,,0,parakeet,,True,False,False,False,False,False,False,9298,0,2,,,,,,,,,,,,,,
Browse,Index,Missing self-referencing canonical,https://www.chewy.com/b/parrot-12964,True,Set the canonical to the normalized self URL for eligible pages.,,,,,,,,0,parrot,,True,False,False,False,False,False,False,9298,0,2,,,,,,,,,,,,,,
Browse,Index,Missing self-referencing canonical,https://www.chewy.com/b/food-942,True,Set the canonical to the normalized self URL for eligible pages.,,,,,,,,0,food,,True,False,False,False,False,False,False,9493,0,2,,,,,,,,,,,,,,
Browse,Index,Missing self-referencing canonical,https://www.chewy.com/b/treats-952,True,Set the canonical to the normalized self URL for eligible pages.,,,,,,,,0,treats,,True,False,False,False,False,False,False,9299,0,2,,,,,,,,,,,,,,1.0
Browse,Index,Missing self-referencing canonical,https://www.chewy.com/b/cages-accessories-953,True,Set the canonical to the normalized self URL for eligible pages.,,,,,,,,0,cages-accessories,,True,False,False,False,False,False,False,9297,0,2,,,,,,,,,,,,,,
Browse,Index,Missing self-referencing canonical,https://www.chewy.com/b/litter-nesting-962,True,Set the canonical to the normalized self URL for eligible pages.,,,,,,,,0,litter-nesting,,True,False,False,False,False,False,False,9296,0,2,,,,,,,,,,,,,,
Browse,Index,Missing self-referencing canonical,https://www.chewy.com/b/grooming-health-971,True,Set the canonical to the normalized self URL for eligible pages.,,,,,,,,0,grooming-health,,True,False,False,False,False,False,False,9295,0,2,,,,,,,,,,,,,,
Browse,Index,Missing self-referencing canonical,https://www.chewy.com/b/rabbit-10850,True,Set the canonical to the normalized self URL for eligible pages.,,,,,,,,0,rabbit,,True,False,False,False,False,False,False,9386,0,2,,,,,,,,,,,,,,
Browse,Index,Missing self-referencing canonical,https://www.chewy.com/b/guinea-pig-10851,True,Set the canonical to the normalized self URL for eligible pages.,,,,,,,,0,guinea-pig,,True,False,False,False,False,False,False,9382,0,2,,,,,,,,,,,,,,
Browse,Index,Missing self-referencing canonical,https://www.chewy.com/b/ferret-10852,True,Set the canonical to the normalized self URL for eligible pages.,,,,,,,,0,ferret,,True,False,False,False,False,False,False,9385,0,2,,,,,,,,,,,,,,
Browse,Index,Missing self-referencing canonical,https://www.chewy.com/b/hamster-10853,True,Set the canonical to the normalized self URL for eligible pages.,,,,,,,,0,hamster,,True,False,False,False,False,False,False,9385,0,2,,,,,,,,,,,,,,
Browse,Index,Missing self-referencing canonical,https://www.chewy.com/b/food-978,True,Set the canonical to the normalized self URL for eligible pages.,,,,,,,,0,food,,True,False,False,False,False,False,False,9495,0,2,,,,,,,,,,,,,,
Browse,Index,Missing self-referencing canonical,https://www.chewy.com/b/hay-11094,True,Set the canonical to the normalized self URL for eligible pages.,,,,,,,,0,hay,,True,False,False,False,False,False,False,9296,0,2,,,,,,,,,,,,,,
Browse,Index,Missing self-referencing canonical,https://www.chewy.com/b/pellets-11095,True,Set the canonical to the normalized self URL for eligible pages.,,,,,,,,0,pellets,,True,False,False,False,False,False,False,9297,0,2,,,,,,,,,,,,,,
Browse,Index,Missing self-referencing canonical,https://www.chewy.com/b/mix-11096,True,Set the canonical to the normalized self URL for eligible pages.,,,,,,small animal food mix,,0,mix,,True,False,False,False,False,False,False,9295,0,2,,,,,,,1,1,,0,0,0,1,
Browse,Index,Missing self-referencing canonical,https://www.chewy.com/b/bedding-litter-13513,True,Set the canonical to the normalized self URL for eligible pages.,,,,,,,,0,bedding-litter,,True,False,False,False,False,False,False,9296,0,2,,,,,,,,,,,,,,
Browse,Index,Missing self-referencing canonical,https://www.chewy.com/b/beds-hideouts-toys-1005,True,Set the canonical to the normalized self URL for eligible pages.,,,,,,,,0,beds-hideouts-toys,,True,False,False,False,False,False,False,9296,0,2,,,,,,,,,,,,,,
Browse,Index,Missing self-referencing canonical,https://www.chewy.com/b/grooming-health-1016,True,Set the canonical to the normalized self URL for eligible pages.,,,,,,,,0,grooming-health,,True,False,False,False,False,False,False,9295,0,2,,,,,,,,,,,,,,
Browse,Index,Missing self-referencing canonical,https://www.chewy.com/b/harnesses-carriers-1013,True,Set the canonical to the normalized self URL for eligible pages.,,,,,,,,0,harnesses-carriers,,True,False,False,False,False,False,False,9297,0,2,,,,,,,,,,,,,,
Browse,Index,Missing self-referencing canonical,https://www.chewy.com/b/treats-988,True,Set the canonical to the normalized self URL for eligible pages.,,,,,,,,0,treats,,True,False,False,False,False,False,False,9298,0,2,,,,,,,,,,,,,,
Browse,Index,Missing self-referencing canonical,https://www.chewy.com/b/gifts-books-6196,True,Set the canonical to the normalized self URL for eligible pages.,,,,,,,,0,gifts-books,,True,False,False,False,False,False,False,9296,0,2,,,,,,,,,,,,,,
Browse,Index,Missing self-referencing canonical,https://www.chewy.com/b/lizard-14004,True,Set the canonical to the normalized self URL for eligible pages.,,,,,,,,0,lizard,,True,False,False,False,False,False,False,9295,0,2,,,,,,,,,,,,,,
Browse,Index,Missing self-referencing canonical,https://www.chewy.com/b/snake-14018,True,Set the canonical to the normalized self URL for eligible pages.,,,,,,,,0,snake,,True,False,False,False,False,False,False,9362,0,2,,,,,,,,,,,,,,
Browse,Index,Missing self-referencing canonical,https://www.chewy.com/b/frog-14025,True,Set the canonical to the normalized self URL for eligible pages.,,,,,,,,0,frog,,True,False,False,False,False,False,False,9362,0,2,,,,,,,,,,,,,,
Browse,Index,Missing self-referencing canonical,https://www.chewy.com/b/food-treats-1026,True,Set the canonical to the normalized self URL for eligible pages.,,,,,,,,0,food-treats,,True,False,False,False,False,False,False,9612,0,2,,,,,,,,,,,,,,
Browse,Index,Missing self-referencing canonical,https://www.chewy.com/b/decor-accessories-1032,True,Set the canonical to the normalized self URL for eligible pages.,,,,,,,,0,decor-accessories,,True,False,False,False,False,False,False,9413,0,2,,,,,,,,,,,,,,
Browse,Index,Missing self-referencing canonical,https://www.chewy.com/b/tanks-terrariums-1036,True,Set the canonical to the normalized self URL for eligible pages.,,,,,,,,0,tanks-terrariums,,True,False,False,False,False,False,False,9416,0,2,,,,,,,,,,,,,,
Browse,Index,Missing self-referencing canonical,https://www.chewy.com/b/heating-lighting-1047,True,Set the canonical to the normalized self URL for eligible pages.,,,,,,,,0,heating-lighting,,True,False,False,False,False,False,False,9416,0,2,,,,,,,,,,,,,,
Browse,Index,Missing self-referencing canonical,https://www.chewy.com/b/bedding-substrate-1057,True,Set the canonical to the normalized self URL for eligible pages.,,,,,,,,0,bedding-substrate,,True,False,False,False,False,False,False,9416,0,2,,,,,,,,,,,,,,
Browse,Index,Missing self-referencing canonical,https://www.chewy.com/b/health-wellness-1061,True,Set the canonical to the normalized self URL for eligible pages.,,,,,,,,0,health-wellness,,True,False,False,False,False,False,False,9417,0,2,,,,,,,,,,,,,,
Browse,Index,Missing self-referencing canonical,https://www.chewy.com/b/cow-12725,True,Set the canonical to the normalized self URL for eligible pages.,,,,,,,,0,cow,,True,False,False,False,False,False,False,9297,0,2,,,,,,,,,,,,,,
Browse,Index,Missing self-referencing canonical,https://www.chewy.com/b/goat-12732,True,Set the canonical to the normalized self URL for eligible pages.,,,,,,,,0,goat,,True,False,False,False,False,False,False,9298,0,2,,,,,,,,,,,,,,
Browse,Index,Missing self-referencing canonical,https://www.chewy.com/b/pig-12736,True,Set the canonical to the normalized self URL for eligible pages.,,,,,,,,0,pig,,True,False,False,False,False,False,False,9297,0,2,,,,,,,,,,,,,,
Browse,Index,Missing self-referencing canonical,https://www.chewy.com/b/sheep-12740,True,Set the canonical to the normalized self URL for eligible pages.,,,,,,,,0,sheep,,True,False,False,False,False,False,False,9298,0,2,,,,,,,,,,,,,,
Browse,Index,Missing self-referencing canonical,https://www.chewy.com/b/llama-alpaca-12745,True,Set the canonical to the normalized self URL for eligible pages.,,,,,,,,0,llama-alpaca,,True,False,False,False,False,False,False,9297,0,2,,,,,,,,,,,,,,
Browse,Index,Missing self-referencing canonical,https://www.chewy.com/b/health-wellness-1691,True,Set the canonical to the normalized self URL for eligible pages.,,,,,,,,0,health-wellness,,True,False,False,False,False,False,False,9305,0,2,,,,,,,,,,,,,,
Browse,Index,Missing self-referencing canonical,https://www.chewy.com/b/vitamins-supplements-1692,True,Set the canonical to the normalized self URL for eligible pages.,,,,,,,,0,vitamins-supplements,,True,False,False,False,False,False,False,9303,0,2,,,,,,,,,,,,,,
Browse,Index,Missing self-referencing canonical,https://www.chewy.com/b/first-aid-1693,True,Set the canonical to the normalized self URL for eligible pages.,,,,,,,,0,first-aid,,True,False,False,False,False,False,False,9299,0,2,,,,,,,,,,,,,,
Browse,Index,Missing self-referencing canonical,https://www.chewy.com/b/dewormers-10437,True,Set the canonical to the normalized self URL for eligible pages.,,,,,,,,0,dewormers,,True,False,False,False,False,False,False,9297,0,2,,,,,,,,,,,,,,
Browse,Index,Missing self-referencing canonical,https://www.chewy.com/b/tack-saddlery-11439,True,Set the canonical to the normalized self URL for eligible pages.,,,,,,,,0,tack-saddlery,,True,False,False,False,False,False,False,9298,0,2,,,,,,,,,,,,,,
Browse,Index,Missing self-referencing canonical,https://www.chewy.com/b/blankets-11452,True,Set the canonical to the normalized self URL for eligible pages.,,,,,,,,0,blankets,,True,False,False,False,False,False,False,9297,0,2,,,,,,,,,,,,,,
Browse,Index,Missing self-referencing canonical,https://www.chewy.com/b/riding-gear-10762,True,Set the canonical to the normalized self URL for eligible pages.,,,,,,,,0,riding-gear,,True,False,False,False,False,False,False,9298,0,2,,,,,,,,,,,,,,
Browse,Index,Missing self-referencing canonical,https://www.chewy.com/b/toys-1683,True,Set the canonical to the normalized self URL for eligible pages.,,,,,,,,0,toys,,True,False,False,False,False,False,False,9304,0,2,,,,,,,,,,,,,,
Browse,Index,Missing self-referencing canonical,https://www.chewy.com/b/grooming-1686,True,Set the canonical to the normalized self URL for eligible pages.,,,,,,,,0,grooming,,True,False,False,False,False,False,False,9305,0,2,,,,,,,,,,,,,,
Browse,Index,Missing self-referencing canonical,https://www.chewy.com/b/gifts-books-1935,True,Set the canonical to the normalized self URL for eligible pages.,,,,,,,,0,gifts-books,,True,False,False,False,False,False,False,9301,0,2,,,,,,,,,,,,,,
Browse,Index,Missing self-referencing canonical,https://www.chewy.com/b/dog-pharmacy-11561,True,Set the canonical to the normalized self URL for eligible pages.,,,,,,,,0,dog-pharmacy,,True,False,False,False,False,False,False,9338,0,2,,,,,,,,,,,,,,
Browse,Index,Missing self-referencing canonical,https://www.chewy.com/b/cat-pharmacy-11589,True,Set the canonical to the normalized self URL for eligible pages.,,,,,,,,0,cat-pharmacy,,True,False,False,False,False,False,False,9341,0,2,,,,,,,,,,,,,,1.0
Browse,Index,Missing self-referencing canonical,https://www.chewy.com/b/devices-supplies-11578,True,Set the canonical to the normalized self URL for eligible pages.,,,,,,,,0,devices-supplies,,True,False,False,False,False,False,False,9295,0,2,,,,,,,,,,,,,,
Browse,Index,Missing self-referencing canonical,https://www.chewy.com/b/antibiotics-11574,True,Set the canonical to the normalized self URL for eligible pages.,,,,,,,,0,antibiotics,,True,False,False,False,False,False,False,9321,0,2,,,,,,,,,,,,,,
Browse,Index,Missing self-referencing canonical,https://www.chewy.com/b/ear-eye-care-11569,True,Set the canonical to the normalized self URL for eligible pages.,,,,,,,,0,ear-eye-care,,True,False,False,False,False,False,False,9299,0,2,,,,,,,,,,,,,,
Browse,Index,Missing self-referencing canonical,https://www.chewy.com/b/dewormers-parasiticides-11609,True,Set the canonical to the normalized self URL for eligible pages.,,,,,,,,0,dewormers-parasiticides,,True,False,False,False,False,False,False,9296,0,2,,,,,,,,,,,,,,
Browse,Index,Missing self-referencing canonical,https://www.chewy.com/b/ear-eye-care-11597,True,Set the canonical to the normalized self URL for eligible pages.,,,,,,,,0,ear-eye-care,,True,False,False,False,False,False,False,9298,0,2,,,,,,,,,,,,,,
Browse,Index,Missing self-referencing canonical,https://www.chewy.com/b/antibiotics-11602,True,Set the canonical to the normalized self URL for eligible pages.,,,,,,,,0,antibiotics,,True,False,False,False,False,False,False,9297,0,2,,,,,,,,,,,,,,
Browse,Index,Missing self-referencing canonical,https://www.chewy.com/b/allergy-relief-11596,True,Set the canonical to the normalized self URL for eligible pages.,,,,,,,,0,allergy-relief,,True,False,False,False,False,False,False,9312,0,2,,,,,,,,,,,,,,
Browse,Index,Missing self-referencing canonical,https://www.chewy.com/b/urinary-tract-kidneys-11616,True,Set the canonical to the normalized self URL for eligible pages.,,,,,,,,0,urinary-tract-kidneys,,True,False,False,False,False,False,False,9303,0,2,,,,,,,,,,,,,,
Browse,Index,Missing self-referencing canonical,https://www.chewy.com/b/pain-relief-arthritis-11594,True,Set the canonical to the normalized self URL for eligible pages.,,,,,,,,0,pain-relief-arthritis,,True,False,False,False,False,False,False,9295,0,2,,,,,,,,,,,,,,
Browse,Index,Missing self-referencing canonical,https://www.chewy.com/b/vitamins-electrolytes-11633,True,Set the canonical to the normalized self URL for eligible pages.,,,,,,,,0,vitamins-electrolytes,,True,False,False,False,False,False,False,9346,0,2,,,,,,,,,,,,,,
Browse,Index,Missing self-referencing canonical,https://www.chewy.com/b/antibiotics-11625,True,Set the canonical to the normalized self URL for eligible pages.,,,,,,,,0,antibiotics,,True,False,False,False,False,False,False,9346,0,2,,,,,,,,,,,,,,
Browse,Index,Missing self-referencing canonical,https://www.chewy.com/b/metabolic-medications-170926,True,Set the canonical to the normalized self URL for eligible pages.,,Metabolic Prescription Medications for Horses - Free shipping | Chewy,69,"Shop Chewy for low prices and the best Metabolic Medications! We carry a large selection and the top brands like Trilostane Compounded, Pergolide Compounded, and more. Find everything you need in one place. FREE shipping on orders $49+ and the BEST customer service!",266,,Metabolic Prescription Medications for Horses,1,metabolic-medications,False,False,False,False,True,False,False,False,14,348,2,,,,,,,,,,,,,,1.0
Browse,Index,Missing self-referencing canonical,https://www.chewy.com/b/joint-support-medications-171086,True,Set the canonical to the normalized self URL for eligible pages.,,Joint Support and Anti-Inflammatory Medications - Free shipping | Chewy,71,"Shop Chewy for low prices and the best Joint Support Medications! We carry a large selection and the top brands like Prednisone Compounded, Isoxsuprine HCl Compounded, and more. Find everything you need in one place. FREE shipping on orders $49+ and the BEST customer service!",276,,Joint Support and Anti-Inflammatory Medications,1,joint-support-medications,False,False,False,False,True,False,False,False,19,352,2,,,,,,,,,,,,,,
Browse,Index,Missing self-referencing canonical,https://www.chewy.com/b/calming-medications-171062,True,Set the canonical to the normalized self URL for eligible pages.,,Calming and Behavioral Support Medications for Horses - Free shipping | Chewy,77,"Shop Chewy for low prices and the best Calming Medications! We carry a large selection and the top brands like Fluoxetine HCl Compounded, Clomipramine HCl Compounded, and more. Find everything you need in one place. FREE shipping on orders $49+ and the BEST customer service!",275,,Calming and Behavioral Support Medications for Horses,1,calming-medications,False,False,False,False,True,False,False,False,29,336,2,,,,,,,,,,,,,,
Browse,Index,Missing self-referencing canonical,https://www.chewy.com/b/weight-loss-cat-food-11669,True,Set the canonical to the normalized self URL for eligible pages.,,Weight Loss Cat Food - Free Shipping | Chewy,44,"Shop Chewy for low prices and the best Weight Control! We carry a large selection and the top brands like Stella & Chewy's, Purina Pro Plan, and more. Find everything you need in one place. FREE shipping on orders $49+ and the BEST customer service!",249,,Weight Control Cat Food,1,weight-loss-cat-food,False,False,False,False,True,False,False,False,322,353,2,,,,,,,,,,,,,,1.0
Browse,Index,Missing self-referencing canonical,https://www.chewy.com/b/indoor-cat-food-11666,True,Set the canonical to the normalized self URL for eligible pages.,,Indoor Cat Food - Free Shipping | Chewy,39,"Shop Chewy for low prices and the best Indoor Cat Food! We carry a large selection and the top brands like Blue Buffalo, Purina ONE, and more. Find everything you need in one place. FREE shipping on orders $49+ and the BEST customer service!",241,chewy dry cat food,Indoor Cat Food,1,indoor-cat-food,False,False,False,False,True,False,False,False,508,356,2,,,,,,,3,3,15.67,0,3,0,0,1.0
Browse,Index,Missing self-referencing canonical,https://www.chewy.com/b/high-quality-dry-cat-food-11742,True,Set the canonical to the normalized self URL for eligible pages.,,High Quality Dry Cat Food - Free Shipping | Chewy,49,"Shop Chewy for low prices and the best Dry Food! We carry a large selection and the top brands like Nulo, Tiki Cat, and more. Find everything you need in one place. FREE shipping on orders $49+ and the BEST customer service!",224,,High Quality Dry Cat Food,1,high-quality-dry-cat-food,False,False,False,False,True,False,False,True,329,356,2,,,,,,,,,,,,,,1.0
Browse,Index,Missing self-referencing canonical,https://www.chewy.com/b/indoor-cat-food-dry-142446,True,Set the canonical to the normalized self URL for eligible pages.,,Dry Cat Food For Indoor Cats - Free Shipping | Chewy,52,"Shop Chewy for low prices and the best Indoor Cat! We carry a large selection and the top brands like Blue Buffalo, Purina ONE, and more. Find everything you need in one place. FREE shipping on orders $49+ and the BEST customer service!",236,,Indoor Dry Cat Food,1,indoor-cat-food-dry,False,False,False,False,True,False,False,False,200,352,2,,,,,,,,,,,,,,
Browse,Index,Missing self-referencing canonical,https://www.chewy.com/b/shop-everyday-favorites-142462,True,Set the canonical to the normalized self URL for eligible pages.,,Shop Everyday Favorite Dry Cat Food - Free shipping | Chewy,59,"Shop Chewy for low prices and the best Shop Everyday Favorites! We carry a large selection and the top brands like Purina ONE, Iams, and more. Find everything you need in one place. FREE shipping on orders $49+ and the BEST customer service!",241,chewy com cat food,Shop Everyday Favorite Dry Cat Food,1,shop-everyday-favorites,False,False,False,False,True,False,False,False,125,351,2,,,,,,,1,1,,0,0,0,1,1.0
Browse,Index,Missing self-referencing canonical,https://www.chewy.com/b/fly-insect-control-138742,True,Set the canonical to the normalized self URL for eligible pages.,,Fly Control | Chewy,19,"Shop Chewy for low prices and the best Fly & Insect Control! We carry a large selection and the top brands like Kensington Protective Products, WeatherBeeta, and more. Find everything you need in one place. FREE shipping on orders $49+ and the BEST customer service!",266,,"Fly, Insect & Pest Control for Horses",1,fly-insect-control,False,False,False,False,True,False,False,False,1095,354,2,,,,,,,,,,,,,,1.0
Browse,Index,Missing self-referencing canonical,https://www.chewy.com/b/chicken-feed-951,True,Set the canonical to the normalized self URL for eligible pages.,,Chicken Feed | Chewy,20,"Buy nutrient-rich Chicken Feed from Chewy. Your chickens and poultry will love our specialty-diet GMO-free, high-protein, organic and vegetarian options from top-rated brands!",175,chicken feed,Chicken Feed,1,chicken-feed,False,False,False,False,True,False,False,True,8,375,2,,,,,,,40,38,16.3,9,13,11,7,
Browse,Index,Missing self-referencing canonical,https://www.chewy.com/b/rawhide-1545,True,Set the canonical to the normalized self URL for eligible pages.,,,,,,,,0,rawhide,,True,False,False,False,False,False,False,6,0,2,,,,,,,,,,,,,,
Browse,Index,Missing self-referencing canonical,https://www.chewy.com/b/antlers-1541,True,Set the canonical to the normalized self URL for eligible pages.,,,,,,,,0,antlers,,True,False,False,False,False,False,False,4,0,2,,,,,,,,,,,,,,1.0
Browse,Index,Missing self-referencing canonical,https://www.chewy.com/b/natural-chews-1544,True,Set the canonical to the normalized self URL for eligible pages.,,,,,,,,0,natural-chews,,True,False,False,False,False,False,False,4,0,2,,,,,,,,,,,,,,
Browse,Index,Missing self-referencing canonical,https://www.chewy.com/b/hard-chews-9938,True,Set the canonical to the normalized self URL for eligible pages.,,,,,,,,0,hard-chews,,True,False,False,False,False,False,False,2,0,2,,,,,,,,,,,,,,
Browse,Index,Missing self-referencing canonical,https://www.chewy.com/b/shampoos-2445,True,Set the canonical to the normalized self URL for eligible pages.,,,,,,,,0,shampoos,,True,False,False,False,False,False,False,19,0,2,,,,,,,,,,,,,,
Browse,Index,Missing self-referencing canonical,https://www.chewy.com/b/slow-feeders-1424,True,Set the canonical to the normalized self URL for eligible pages.,,,,,,,,0,slow-feeders,,True,False,False,False,False,False,False,97,0,2,,,,,,,,,,,,,,1.0
Browse,Index,Missing self-referencing canonical,https://www.chewy.com/b/tanks-aquarium-kits-1735,True,Set the canonical to the normalized self URL for eligible pages.,,,,,,,,0,tanks-aquarium-kits,,True,False,False,False,False,False,False,93,0,2,,,,,,,,,,,,,,
Browse,Index,Missing self-referencing canonical,https://www.chewy.com/b/aquarium-substrates-gravel-sand-2252,True,Set the canonical to the normalized self URL for eligible pages.,,,,,,,,0,aquarium-substrates-gravel-sand,,True,False,False,False,False,False,False,90,0,2,,,,,,,,,,,,,,
Browse,Index,Missing self-referencing canonical,https://www.chewy.com/b/food-treats-886,True,Set the canonical to the normalized self URL for eligible pages.,,,,,,,,0,food-treats,,True,False,False,False,False,False,False,323,0,2,,,,,,,,,,,,,,
Browse,Index,Missing self-referencing canonical,https://www.chewy.com/b/lighting-1736,True,Set the canonical to the normalized self URL for eligible pages.,,,,,,,,0,lighting,,True,False,False,False,False,False,False,87,0,2,,,,,,,,,,,,,,
Browse,Index,Missing self-referencing canonical,https://www.chewy.com/b/heaters-thermometers-2243,True,Set the canonical to the normalized self URL for eligible pages.,,,,,,,,0,heaters-thermometers,,True,False,False,False,False,False,False,93,0,2,,,,,,,,,,,,,,
Browse,Index,Missing self-referencing canonical,https://www.chewy.com/b/betta-fish-shop-115942,True,Set the canonical to the normalized self URL for eligible pages.,,,,,,,,0,betta-fish-shop,,True,False,False,False,False,False,False,88,0,2,,,,,,,,,,,,,,
Browse,Index,Missing self-referencing canonical,https://www.chewy.com/b/coral-shrimp-894,True,Set the canonical to the normalized self URL for eligible pages.,,,,,,,,0,coral-shrimp,,True,False,False,False,False,False,False,86,0,2,,,,,,,,,,,,,,
Browse,Index,Missing self-referencing canonical,https://www.chewy.com/b/goldfish-shop-118406,True,Set the canonical to the normalized self URL for eligible pages.,,,,,,,,0,goldfish-shop,,True,False,False,False,False,False,False,87,0,2,,,,,,,,,,,,,,
Browse,Index,Missing self-referencing canonical,https://www.chewy.com/b/bottom-feeder-890,True,Set the canonical to the normalized self URL for eligible pages.,,,,,,,,0,bottom-feeder,,True,False,False,False,False,False,False,88,0,2,,,,,,,,,,,,,,
Browse,Index,Missing self-referencing canonical,https://www.chewy.com/b/cichlid-888,True,Set the canonical to the normalized self URL for eligible pages.,,,,,,,,0,cichlid,,True,False,False,False,False,False,False,87,0,2,,,,,,,,,,,,,,
Browse,Index,Missing self-referencing canonical,https://www.chewy.com/b/glofish-supplies-accessories-167174,True,Set the canonical to the normalized self URL for eligible pages.,,GloFish Supplies and Accessories - Free shipping | Chewy,56,Shop Chewy for low prices and the best GloFish Supplies and Accessories! We carry a large selection and the top brands like American Journey and more. Find everything you need in one place. FREE shipping on orders $49+ and the BEST customer service!,249,,GloFish Supplies and Accessories,1,glofish-supplies-accessories,False,False,False,False,True,False,False,False,169,352,2,,,,,,,,,,,,,,
Browse,Index,Missing self-referencing canonical,https://www.chewy.com/b/fish-shop-122086,True,Set the canonical to the normalized self URL for eligible pages.,,Shop By Fish Type | Chewy,25,"Shop Chewy for low prices and the best Shop by Fish Type! We carry a large selection and the top brands like Underwater Treasures, Penn-Plax, and more. Find everything you need in one place. FREE shipping on orders $49+ and the BEST customer service!",250,,Fish Shop,1,fish-shop,False,False,False,False,True,False,False,False,3407,365,2,,,,,,,,,,,,,,1.0
Browse,Index,Missing self-referencing canonical,https://www.chewy.com/b/gps-activity-trackers-2562,True,Set the canonical to the normalized self URL for eligible pages.,,Dog GPS & Activity Trackers: Low Prices (Free Shipping) | Chewy,63,"Shop Chewy for low prices and the best GPS & Activity Trackers! We carry a large selection and the top brands like Fi, Pawfit, and more. Find everything you need in one place. FREE shipping on orders $49+ and the BEST customer service!",235,,Dog GPS & Activity Trackers,1,gps-activity-trackers,False,False,False,False,True,False,False,False,156,362,2,,,,,,,,,,,,,,
Browse,Index,Missing self-referencing canonical,https://www.chewy.com/b/fence-systems-1452,True,Set the canonical to the normalized self URL for eligible pages.,,Wireless Dog Fences - Free shipping | Chewy,43,"Shop Chewy for low prices and the best Fence Systems! We carry a large selection and the top brands like PetSafe, Mimofpet, and more. Find everything you need in one place. FREE shipping on orders $49+ and the BEST customer service!",232,,Wireless Dog Fences,1,fence-systems,False,False,False,False,True,False,False,False,117,366,2,,,,,,,,,,,,,,1.0
Browse,Index,Missing self-referencing canonical,https://www.chewy.com/b/service-dog-8364,True,Set the canonical to the normalized self URL for eligible pages.,,"Service & Support Dog Harnesses, Vests & Patches - Free shipping | Chewy",72,"Shop Chewy for low prices and the best Service Dog! We carry a large selection and the top brands like Industrial Puppy, Chai's Choice, and more. Find everything you need in one place. FREE shipping on orders $49+ and the BEST customer service!",244,,"Service & Support Dog Harnesses, Vests & Patches",1,service-dog,False,False,False,False,True,False,False,False,99,358,2,,,,,,,,,,,,,,1.0
Browse,Index,Missing self-referencing canonical,https://www.chewy.com/b/litter-boxes-accessories-410,True,Set the canonical to the normalized self URL for eligible pages.,,,,,,,,0,litter-boxes-accessories,,True,False,False,False,False,False,False,202,0,2,,,,,,,,,,,,,,1.0
Browse,Index,Missing self-referencing canonical,https://www.chewy.com/b/memorials-keepsakes-1931,True,Set the canonical to the normalized self URL for eligible pages.,,,,,,,,0,memorials-keepsakes,,True,False,False,False,False,False,False,251,0,2,,,,,,,,,,,,,,
Browse,Index,Missing self-referencing canonical,https://www.chewy.com/b/urinary-cat-food-141990,True,Set the canonical to the normalized self URL for eligible pages.,,Science Diet Urinary Cat Food | Chewy,37,"Shop Chewy for low prices and the best Urinary Care! We carry a large selection and the top brands like Wellness, Weruva, and more. Find everything you need in one place. FREE shipping on orders $49+ and the BEST customer service!",230,chewy urinary cat food,Urinary Cat Food,1,urinary-cat-food,False,False,False,False,True,False,False,False,55,355,2,good,1948.0,needs,0.23,,,1,1,10.0,1,0,0,0,1.0
Browse,Index,Missing self-referencing canonical,https://www.chewy.com/b/hairball-control-cat-food-11670,True,Set the canonical to the normalized self URL for eligible pages.,,Hairball Control Cat Food - Free Shipping | Chewy,49,"Shop Chewy for low prices and the best Hairball Control! We carry a large selection and the top brands like Purina ONE, Purina Pro Plan, and more. Find everything you need in one place. FREE shipping on orders $49+ and the BEST customer service!",245,,Hairball Control Cat Food,1,hairball-control-cat-food,False,False,False,False,True,False,False,False,47,353,2,,,,,,,,,,,,,,1.0
Browse,Index,Missing self-referencing canonical,https://www.chewy.com/b/cat-food-for-sensitive-skin-142006,True,Set the canonical to the normalized self URL for eligible pages.,,Cat Food For Sensitive Skin - Free Shipping | Chewy,51,"Shop Chewy for low prices and the best Sensitive Skin! We carry a large selection and the top brands like Natural Balance, Purina Pro Plan, and more. Find everything you need in one place. FREE shipping on orders $49+ and the BEST customer service!",248,,Cat Food For Sensitive Skin,1,cat-food-for-sensitive-skin,False,False,False,False,True,False,False,False,45,351,2,,,,,,,,,,,,,,1.0
Browse,Index,Missing self-referencing canonical,https://www.chewy.com/b/veterinary-diets-142014,True,Set the canonical to the normalized self URL for eligible pages.,,Veterinary Diet Cat Food - Free shipping | Chewy,48,"Shop Chewy for low prices and the best Veterinary Diets! We carry a large selection and the top brands like Hill's Prescription Diet, Royal Canin Veterinary Diet, and more. Find everything you need in one place. FREE shipping on orders $49+ and the BEST customer service!",271,,Veterinary Diet Cat Food,1,veterinary-diets,False,False,False,False,True,False,False,False,112,355,2,,,,,,,,,,,,,,1.0
Browse,Index,Missing self-referencing canonical,https://www.chewy.com/b/kidney-cat-food-141998,True,Set the canonical to the normalized self URL for eligible pages.,,Kidney Cat Food - Free Shipping | Chewy,39,"Shop Chewy for low prices and the best Kidney Care! We carry a large selection and the top brands like Weruva, Blue Buffalo, and more. Find everything you need in one place. FREE shipping on orders $49+ and the BEST customer service!",233,,Kidney Cat Food,1,kidney-cat-food,False,False,False,False,True,False,False,False,52,335,2,,,,,,,,,,,,,,2.0
Browse,Index,Missing self-referencing canonical,https://www.chewy.com/b/cockatiel-cage-cleaner-144142,True,Set the canonical to the normalized self URL for eligible pages.,,Cockatiel Cage Cleaner | Chewy,30,Buy Cage Cleaners that are safe for Cockatiels only at Chewy. We offer a variety of cleaning products like cleaning sprays and liquids to clean your Cockatiel's cage!,166,,Cockatiel Cage Cleaner,1,cockatiel-cage-cleaner,False,False,False,False,True,False,False,True,24,328,2,,,,,,,,,,,,,,
Browse,Index,Missing self-referencing canonical,https://www.chewy.com/b/calming-aids-calming-diffusers-2709,True,Set the canonical to the normalized self URL for eligible pages.,,,,,,,,0,calming-aids-calming-diffusers,,True,False,False,False,False,False,False,14,0,2,,,,,,,,,,,,,,
Browse,Index,Missing self-referencing canonical,https://www.chewy.com/b/calming-treats-supplements-2705,True,Set the canonical to the normalized self URL for eligible pages.,,,,,,,,0,calming-treats-supplements,,True,False,False,False,False,False,False,11,0,2,,,,,,,,,,,,,,
Browse,Index,Missing self-referencing canonical,https://www.chewy.com/b/calming-collars-apparel-2717,True,Set the canonical to the normalized self URL for eligible pages.,,,,,,,,0,calming-collars-apparel,,True,False,False,False,False,False,False,9,0,2,,,,,,,,,,,,,,
Browse,Index,Missing self-referencing canonical,https://www.chewy.com/b/anxiety-calming-11608,True,Set the canonical to the normalized self URL for eligible pages.,,,,,,,,0,anxiety-calming,,True,False,False,False,False,False,False,2,0,2,,,,,,,,,,,,,,
Browse,Index,Missing self-referencing canonical,https://www.chewy.com/b/calming-aids-1420,True,Set the canonical to the normalized self URL for eligible pages.,,"Cat Calming Aids: Calming Chews, Sprays & More (Free Shipping) | Chewy",70,"Shop Chewy for low prices and the best cat calming aids! Cat stress can come from her environment, physical issues, or emotions such as fear. Check out our wide selection of products to keep your kitty calm with aids like calming chews, diffusers, collars and supplements. *FREE* shipping on orders $49+ and the BEST customer service.",334,cat calming powders,Cat Calming Aids,1,calming-aids,False,False,False,False,True,False,False,False,75,360,2,,,,,,,6,6,25.0,0,0,1,5,3.0
Browse,Index,Missing self-referencing canonical,https://www.chewy.com/b/grooming-432,True,Set the canonical to the normalized self URL for eligible pages.,,,,,,,,0,grooming,,True,False,False,False,False,False,False,9,0,2,,,,,,,,,,,,,,
Browse,Index,Missing self-referencing canonical,https://www.chewy.com/b/neurologic-medicine-for-horses-136076,True,Set the canonical to the normalized self URL for eligible pages.,,Neurologic Medicine For Horses | Chewy,38,"Shop Chewy for low prices and the best Neurologic Care! We carry a large selection and the top brands like Dantrolene Sodium Compounded, Levetiracetam Compounded, and more. Find everything you need in one place. FREE shipping on orders $49+ and the BEST customer service!",271,neurologic medicine for horses,Neurologic Medicine For Horses,1,neurologic-medicine-for-horses,False,False,False,False,True,False,False,False,21,347,2,,,,,,,1,1,11.0,0,1,0,0,1.0
Browse,Index,Missing self-referencing canonical,https://www.chewy.com/b/wild-bird-shop-139854,True,Set the canonical to the normalized self URL for eligible pages.,,Wild Bird Shop | Chewy,22,"Shop Chewy for low prices and the best Shop by Wild Bird! We carry a large selection and the top brands like Sunnydaze Decor, Kingsyard, and more. Find everything you need in one place. FREE shipping on orders $49+ and the BEST customer service!",245,chewy bird food,Wild Bird Shop,1,wild-bird-shop,False,False,False,False,True,False,False,False,378,361,2,,,,,,,1,1,18.0,0,1,0,0,1.0
Browse,Index,Missing self-referencing canonical,https://www.chewy.com/b/reptile-shop-13993,True,Set the canonical to the normalized self URL for eligible pages.,,Reptile Shop | Chewy,20,"Shop Chewy for low prices and the best Shop All Categories! We carry a large selection and the top brands like Zoo Med, Fluker's, and more. Find everything you need in one place. FREE shipping on orders $49+ and the BEST customer service!",238,chewy reptile,Reptile Shop,1,reptile-shop,False,False,False,False,True,False,False,False,1183,368,2,,,,,,,1,1,,0,0,0,1,1.0
Browse,Index,Missing self-referencing canonical,https://www.chewy.com/b/micro-reptile-tanks-and-enclosures-2947590,True,Set the canonical to the normalized self URL for eligible pages.,,Micro Tanks & Enclosures - Free shipping | Chewy,48,"Shop Chewy for low prices and the best Micro Tanks & Enclosures! We carry a large selection and the top brands like HerpCult, Halinfer, and more. Find everything you need in one place. FREE shipping on orders $49+ and the BEST customer service!",244,,Micro Tanks & Enclosures,1,micro-reptile-tanks-and-enclosures,False,False,False,False,True,False,False,False,32,327,2,,,,,,,,,,,,,,1.0
Browse,Index,Missing self-referencing canonical,https://www.chewy.com/b/eye-medicine-11570,True,Set the canonical to the normalized self URL for eligible pages.,,,,,,,,0,eye-medicine,,True,False,False,False,False,False,False,3,0,2,,,,,,,,,,,,,,
Browse,Index,Missing self-referencing canonical,https://www.chewy.com/b/ear-medicine-11599,True,Set the canonical to the normalized self URL for eligible pages.,,,,,,,,0,ear-medicine,,True,False,False,False,False,False,False,3,0,2,,,,,,,,,,,,,,
Browse,Index,Missing self-referencing canonical,https://www.chewy.com/b/pet-parent-shop-15439,True,Set the canonical to the normalized self URL for eligible pages.,,Pet Parent Shop - Free shipping | Chewy,39,"Shop Chewy for low prices and the best Pet Parents! We carry a large selection and the top brands like E&S PETS, Hoop Dogs, and more. Find everything you need in one place. FREE shipping on orders $49+ and the BEST customer service!",232,pet parent gifts,Pet Parent Shop,1,pet-parent-shop,False,False,False,False,True,False,False,True,402,355,2,,,,,,,8,8,9.17,4,0,2,2,
Browse,Index,Missing self-referencing canonical,https://www.chewy.com/b/eye-care-377,True,Set the canonical to the normalized self URL for eligible pages.,,Best Dog Eye Care Products: Low Prices - Free Shipping | Chewy,62,"Shop Chewy for the best dog eye care products! Shop our wide selection of tear stain removers, eye wipes, eye supplements and more. We carry solutions for keeping your dog’s eyes free from dirt, grime and bacteria from top brands like Angel Eyes, NaturVet, Optixcare and more. *FREE* shipping on orders $49+ and the BEST customer service!",338,deals on dog eye care,Dog Eye Care,1,eye-care,False,False,False,False,True,False,False,False,255,381,2,,,,,,,1,1,,0,0,0,1,3.0
Browse,Index,Missing self-referencing canonical,https://www.chewy.com/b/medicated-grooming-14130,True,Set the canonical to the normalized self URL for eligible pages.,,Dog Medicated Shampoos & Topicals - Free shipping | Chewy,57,"Shop Chewy for low prices and the best Medicated Grooming! We carry a large selection and the top brands like TropiClean, The Blissful Dog, and more. Find everything you need in one place. FREE shipping on orders $49+ and the BEST customer service!",248,,Dog Medicated Shampoos & Topicals,1,medicated-grooming,False,False,False,False,True,False,False,False,702,360,2,,,,,,,,,,,,,,1.0
Browse,Index,Missing self-referencing canonical,https://www.chewy.com/b/nail-paw-care-125830,True,Set the canonical to the normalized self URL for eligible pages.,,Dog Nail & Paw Care - Free shipping | Chewy,43,"Shop Chewy for low prices and the best Nail & Paw Care! We carry a large selection and the top brands like Purrdy Paws, Soft Claws, and more. Find everything you need in one place. FREE shipping on orders $49+ and the BEST customer service!",240,,Dog Nail & Paw Care,1,nail-paw-care,False,False,False,False,True,False,False,False,251,357,2,,,,,,,,,,,,,,
Browse,Index,Missing self-referencing canonical,https://www.chewy.com/b/harnesses-347,True,Set the canonical to the normalized self URL for eligible pages.,,,,,,,,0,harnesses,,True,False,False,False,False,False,False,210,0,2,,,,,,,,,,,,,,1.0
Browse,Index,Missing self-referencing canonical,https://www.chewy.com/b/pee-pads-1445,True,Set the canonical to the normalized self URL for eligible pages.,,,,,,,,0,pee-pads,,True,False,False,False,False,False,False,6,0,2,,,,,,,,,,,,,,
Browse,Index,Missing self-referencing canonical,https://www.chewy.com/b/crested-gecko-140990,True,Set the canonical to the normalized self URL for eligible pages.,,,,,,,,0,crested-gecko,,True,False,False,False,False,False,False,66,0,2,,,,,,,,,,,,,,
Browse,Index,Missing self-referencing canonical,https://www.chewy.com/b/tortoise-140982,True,Set the canonical to the normalized self URL for eligible pages.,,,,,,,,0,tortoise,,True,False,False,False,False,False,False,66,0,2,,,,,,,,,,,,,,
Browse,Index,Missing self-referencing canonical,https://www.chewy.com/b/chameleon-141270,True,Set the canonical to the normalized self URL for eligible pages.,,,,,,,,0,chameleon,,True,False,False,False,False,False,False,66,0,2,,,,,,,,,,,,,,
Browse,Index,Missing self-referencing canonical,https://www.chewy.com/b/hermit-crab-14032,True,Set the canonical to the normalized self URL for eligible pages.,,,,,,,,0,hermit-crab,,True,False,False,False,False,False,False,67,0,2,,,,,,,,,,,,,,
Browse,Index,Missing self-referencing canonical,https://www.chewy.com/b/small-animal-shop-10849,True,Set the canonical to the normalized self URL for eligible pages.,,Small Animal Shop | Chewy,25,"Shop Chewy for low prices and the best Shop All Categories! We carry a large selection and the top brands like Metronidazole Compounded, Pimobendan Compounded, and more. Find everything you need in one place. FREE shipping on orders $49+ and the BEST customer service!",268,,Small Animal Shop,1,small-animal-shop,False,False,False,False,True,False,False,False,2140,366,2,,,,,,,,,,,,,,1.0
Browse,Index,Missing self-referencing canonical,https://www.chewy.com/b/cages-990,True,Set the canonical to the normalized self URL for eligible pages.,,,,,,,,0,cages,,True,False,False,False,False,False,False,3,0,2,,,,,,,,,,,,,,
Browse,Index,Missing self-referencing canonical,https://www.chewy.com/b/habitats-991,True,Set the canonical to the normalized self URL for eligible pages.,,,,,,,,0,habitats,,True,False,False,False,False,False,False,1,0,2,,,,,,,,,,,,,,
Browse,Index,Missing self-referencing canonical,https://www.chewy.com/b/hutches-993,True,Set the canonical to the normalized self URL for eligible pages.,,,,,,,,0,hutches,,True,False,False,False,False,False,False,1,0,2,,,,,,,,,,,,,,
Browse,Index,Missing self-referencing canonical,https://www.chewy.com/b/habitat-expansions-992,True,Set the canonical to the normalized self URL for eligible pages.,,,,,,,,0,habitat-expansions,,True,False,False,False,False,False,False,1,0,2,,,,,,,,,,,,,,
Browse,Index,Missing self-referencing canonical,https://www.chewy.com/b/playpens-994,True,Set the canonical to the normalized self URL for eligible pages.,,,,,,,,0,playpens,,True,False,False,False,False,False,False,3,0,2,,,,,,,,,,,,,,
Browse,Index,Missing self-referencing canonical,https://www.chewy.com/b/feeding-accessories-1527,True,Set the canonical to the normalized self URL for eligible pages.,,,,,,,,0,feeding-accessories,,True,False,False,False,False,False,False,1,0,2,,,,,,,,,,,,,,
Browse,Index,Missing self-referencing canonical,https://www.chewy.com/b/grain-free-11490,True,Set the canonical to the normalized self URL for eligible pages.,,Grain Free Soft Dog Treats - Free shipping | Chewy,50,"Shop Chewy for low prices and the best Grain-Free products! We carry a large selection and the top brands like Woof, Inaba, and more. Find everything you need in one place. FREE shipping on orders $49+ and the BEST customer service!",232,grain-free soft and chewy treats for dogs,Grain Free Soft Dog Treats,1,grain-free,False,False,False,False,True,False,False,True,463,357,2,,,,,,,2,2,,0,0,0,2,1.0
Browse,Index,Missing self-referencing canonical,https://www.chewy.com/b/fountains-waterers-6361,True,Set the canonical to the normalized self URL for eligible pages.,,,,,,,,0,fountains-waterers,,True,False,False,False,False,False,False,42,0,2,,,,,,,,,,,,,,
Browse,Index,Missing self-referencing canonical,https://www.chewy.com/b/elevated-bowls-1426,True,Set the canonical to the normalized self URL for eligible pages.,,,,,,,,0,elevated-bowls,,True,False,False,False,False,False,False,40,0,2,,,,,,,,,,,,,,
Browse,Index,Missing self-referencing canonical,https://www.chewy.com/b/kennels-9953,True,Set the canonical to the normalized self URL for eligible pages.,,Plastic Dog Crates & Kennels (Free Shipping) | Chewy,52,"Shop Chewy for low prices and the best Kennels products! We carry a large selection and the top brands like Dakota 283, Petmate, and more. Find everything you need in one place. FREE shipping on orders $49+ and the BEST customer service!",237,,Plastic Dog Crates & Kennels,1,kennels,False,False,False,False,True,False,False,False,438,361,2,,,,,,,,,,,,,,
Browse,Index,Missing self-referencing canonical,https://www.chewy.com/b/steps-ramps-1635,True,Set the canonical to the normalized self URL for eligible pages.,,"Dog Steps, Stairs & Ramps: Car, Indoor & More (Free Shipping) | Chewy",69,Shop Chewy for low prices on portable dog steps and ramps. We carry a wide selection of portable dog steps and ramps for travel to make it easier for your dog to get out of cars or into bed and more. *FREE* shipping on orders $49+ and the BEST customer service!,261,best dog ramp for car side door,"Dog Steps, Stairs & Ramps",1,steps-ramps,False,False,False,False,True,False,False,False,259,370,2,,,,,,,3,2,6.33,3,0,0,0,13.0
Browse,Index,Missing self-referencing canonical,https://www.chewy.com/b/poop-bag-holders-102142,True,Set the canonical to the normalized self URL for eligible pages.,,Dog Poop Bag Holders - Free shipping | Chewy,44,"Shop Chewy for low prices and the best Poop Bag Holders! We carry a large selection and the top brands like Lucy & Co., DOOG, and more. Find everything you need in one place. FREE shipping on orders $49+ and the BEST customer service!",234,,Dog Poop Bag Holders,1,poop-bag-holders,False,False,False,False,True,False,False,False,244,354,2,,,,,,,,,,,,,,1.0
Browse,Index,Missing self-referencing canonical,https://www.chewy.com/b/digestive-care-136052,True,Set the canonical to the normalized self URL for eligible pages.,,,,,,,,0,digestive-care,,True,False,False,False,False,False,False,51,0,2,,,,,,,,,,,,,,
Browse,Index,Missing self-referencing canonical,https://www.chewy.com/b/metabolic-endocrine-11638,True,Set the canonical to the normalized self URL for eligible pages.,,,,,,,,0,metabolic-endocrine,,True,False,False,False,False,False,False,51,0,2,,,,,,,,,,,,,,
Browse,Index,Missing self-referencing canonical,https://www.chewy.com/b/pain-136044,True,Set the canonical to the normalized self URL for eligible pages.,,,,,,,,0,pain,,True,False,False,False,False,False,False,51,0,2,,,,,,,,,,,,,,
Browse,Index,Missing self-referencing canonical,https://www.chewy.com/b/behavioral-support-sedatives-11631,True,Set the canonical to the normalized self URL for eligible pages.,,,,,,,,0,behavioral-support-sedatives,,True,False,False,False,False,False,False,51,0,2,,,,,,,,,,,,,,
Browse,Index,Missing self-referencing canonical,https://www.chewy.com/b/reproductive-care-136060,True,Set the canonical to the normalized self URL for eligible pages.,,,,,,,,0,reproductive-care,,True,False,False,False,False,False,False,51,0,2,,,,,,,,,,,,,,
Browse,Index,Missing self-referencing canonical,https://www.chewy.com/b/allergy-immune-support-11619,True,Set the canonical to the normalized self URL for eligible pages.,,,,,,,,0,allergy-immune-support,,True,False,False,False,False,False,False,51,0,2,,,,,,,,,,,,,,
Browse,Index,Missing self-referencing canonical,https://www.chewy.com/b/cardiovascular-respiratory-136068,True,Set the canonical to the normalized self URL for eligible pages.,,,,,,,,0,cardiovascular-respiratory,,True,False,False,False,False,False,False,51,0,2,,,,,,,,,,,,,,
Browse,Index,Missing self-referencing canonical,https://www.chewy.com/b/storage-accessories-341,True,Set the canonical to the normalized self URL for eligible pages.,,,,,,,,0,storage-accessories,,True,False,False,False,False,False,False,64,0,2,,,,,,,,,,,,,,
Browse,Index,Missing self-referencing canonical,https://www.chewy.com/b/fountains-waterers-2792,True,Set the canonical to the normalized self URL for eligible pages.,,,,,,,,0,fountains-waterers,,True,False,False,False,False,False,False,54,0,2,,,,,,,,,,,,,,
Browse,Index,Missing self-referencing canonical,https://www.chewy.com/b/placemats-342,True,Set the canonical to the normalized self URL for eligible pages.,,,,,,,,0,placemats,,True,False,False,False,False,False,False,56,0,2,,,,,,,,,,,,,,
Browse,Index,Missing self-referencing canonical,https://www.chewy.com/b/feeders-340,True,Set the canonical to the normalized self URL for eligible pages.,,,,,,,,0,feeders,,True,False,False,False,False,False,False,55,0,2,,,,,,,,,,,,,,
Browse,Index,Missing self-referencing canonical,https://www.chewy.com/b/travel-bowls-11873,True,Set the canonical to the normalized self URL for eligible pages.,,Dog Travel Bowls - Free shipping | Chewy,40,"Shop Chewy for low prices and the best Travel Bowls! We carry a large selection and the top brands like Frisco, PetAmi, and more. Find everything you need in one place. FREE shipping on orders $49+ and the BEST customer service!",228,,Dog Travel Bowls,1,travel-bowls,False,False,False,False,True,False,False,False,365,354,2,,,,,,,,,,,,,,1.0
Browse,Index,Missing self-referencing canonical,https://www.chewy.com/b/filters-pumps-457,True,Set the canonical to the normalized self URL for eligible pages.,,,,,,,,0,filters-pumps,,True,False,False,False,False,False,False,53,0,2,,,,,,,,,,,,,,
Browse,Index,Missing self-referencing canonical,https://www.chewy.com/b/automatic-feeders-11905,True,Set the canonical to the normalized self URL for eligible pages.,,Automatic Dog Feeders - Free shipping | Chewy,45,"Shop Chewy for low prices and the best Automatic Feeders! We carry a large selection and the top brands like DOGNESS, PATPET, and more. Find everything you need in one place. FREE shipping on orders $49+ and the BEST customer service!",234,,Automatic Dog Feeders,1,automatic-feeders,False,False,False,False,True,False,False,False,388,351,2,,,,,,,,,,,,,,1.0
Browse,Index,Missing self-referencing canonical,https://www.chewy.com/b/personalized-bowls-12891,True,Set the canonical to the normalized self URL for eligible pages.,,"Personalized Dog Bowls, Placemats, & Storage - Free shipping | Chewy",68,"Shop Chewy for low prices and the best Personalized Bowls! We carry a large selection and the top brands like KibbleScoop, PGS, and more. Find everything you need in one place. FREE shipping on orders $49+ and the BEST customer service!",236,,"Personalized Dog Bowls, Placemats, & Storage",1,personalized-bowls,False,False,False,False,True,False,False,False,538,352,2,,,,,,,,,,,,,,
Browse,Index,Missing self-referencing canonical,https://www.chewy.com/b/water-bottles-11874,True,Set the canonical to the normalized self URL for eligible pages.,,Dog Water Bottles - Free shipping | Chewy,41,"Shop Chewy for low prices and the best Water Bottles! We carry a large selection and the top brands like Vapur, Springland, and more. Find everything you need in one place. FREE shipping on orders $49+ and the BEST customer service!",232,,Dog Water Bottles,1,water-bottles,False,False,False,False,True,False,False,False,391,351,2,,,,,,,,,,,,,,
Browse,Index,Missing self-referencing canonical,https://www.chewy.com/b/high-quality-wet-cat-food-11743,True,Set the canonical to the normalized self URL for eligible pages.,,High Quality Wet Cat Food - Free Shipping | Chewy,49,"Shop Chewy for low prices and the best Wet Food! We carry a large selection and the top brands like Weruva, Tiki Cat, and more. Find everything you need in one place. FREE shipping on orders $49+ and the BEST customer service!",226,,Premium Wet Cat Food,1,high-quality-wet-cat-food,False,False,False,False,True,False,False,True,882,357,2,,,,,,,,,,,,,,1.0
Browse,Index,Missing self-referencing canonical,https://www.chewy.com/b/shop-everyday-favorites-142454,True,Set the canonical to the normalized self URL for eligible pages.,,Shop Everyday Favorite Wet Cat Food - Free shipping | Chewy,59,"Shop Chewy for low prices and the best Shop Everyday Favorites! We carry a large selection and the top brands like Fancy Feast, Friskies, and more. Find everything you need in one place. FREE shipping on orders $49+ and the BEST customer service!",246,,Shop Everyday Favorite Wet Cat Food,1,shop-everyday-favorites,False,False,False,False,True,False,False,False,471,355,2,,,,,,,,,,,,,,1.0
Browse,Index,Missing self-referencing canonical,https://www.chewy.com/b/corn-wheat-soy-free-142430,True,Set the canonical to the normalized self URL for eligible pages.,,"Corn, Wheat & Soy-Free Wet Cat Food - Free shipping | Chewy",59,"Shop Chewy for low prices and the best Corn, Wheat & Soy-Free! We carry a large selection and the top brands like Weruva, Blue Buffalo, and more. Find everything you need in one place. FREE shipping on orders $49+ and the BEST customer service!",244,,"Corn, Wheat & Soy-Free Wet Cat Food",1,corn-wheat-soy-free,False,False,False,False,True,False,False,False,547,356,2,,,,,,,,,,,,,,1.0
Browse,Index,Missing self-referencing canonical,https://www.chewy.com/b/infrared-light-heat-1747,True,Set the canonical to the normalized self URL for eligible pages.,,,,,,,,0,infrared-light-heat,,True,False,False,False,False,False,False,6,0,2,,,,,,,,,,,,,,
Browse,Index,Missing self-referencing canonical,https://www.chewy.com/b/ultraviolet-light-1745,True,Set the canonical to the normalized self URL for eligible pages.,,,,,,,,0,ultraviolet-light,,True,False,False,False,False,False,False,6,0,2,,,,,,,,,,,,,,
Browse,Index,Missing self-referencing canonical,https://www.chewy.com/b/visible-light-1746,True,Set the canonical to the normalized self URL for eligible pages.,,,,,,,,0,visible-light,,True,False,False,False,False,False,False,1,0,2,,,,,,,,,,,,,,
Browse,Index,Missing self-referencing canonical,https://www.chewy.com/b/light-fixtures-1748,True,Set the canonical to the normalized self URL for eligible pages.,,,,,,,,0,light-fixtures,,True,False,False,False,False,False,False,4,0,2,,,,,,,,,,,,,,
Browse,Index,Missing self-referencing canonical,https://www.chewy.com/b/stain-removers-353,True,Set the canonical to the normalized self URL for eligible pages.,,,,,,,,0,stain-removers,,True,False,False,False,False,False,False,7,0,2,,,,,,,,,,,,,,
Browse,Index,Missing self-referencing canonical,https://www.chewy.com/b/brushes-combs-356,True,Set the canonical to the normalized self URL for eligible pages.,,,,,,,,0,brushes-combs,,True,False,False,False,False,False,False,18,0,2,,,,,,,,,,,,,,2.0
Browse,Index,Missing self-referencing canonical,https://www.chewy.com/b/poop-bags-scoopers-354,True,Set the canonical to the normalized self URL for eligible pages.,,,,,,,,0,poop-bags-scoopers,,True,False,False,False,False,False,False,4,0,2,,,,,,,,,,,,,,
Browse,Index,Missing self-referencing canonical,https://www.chewy.com/b/potty-training-446,True,Set the canonical to the normalized self URL for eligible pages.,,,,,,,,0,potty-training,,True,False,False,False,False,False,False,3,0,2,,,,,,,,,,,,,,
Browse,Index,Missing self-referencing canonical,https://www.chewy.com/b/candles-air-fresheners-2389,True,Set the canonical to the normalized self URL for eligible pages.,,,,,,,,0,candles-air-fresheners,,True,False,False,False,False,False,False,5,0,2,,,,,,,,,,,,,,
Browse,Index,Missing self-referencing canonical,https://www.chewy.com/b/hair-removal-lint-rollers-2444,True,Set the canonical to the normalized self URL for eligible pages.,,,,,,,,0,hair-removal-lint-rollers,,True,False,False,False,False,False,False,4,0,2,,,,,,,,,,,,,,
Browse,Index,Missing self-referencing canonical,https://www.chewy.com/b/lawn-grass-care-2866,True,Set the canonical to the normalized self URL for eligible pages.,,,,,,,,0,lawn-grass-care,,True,False,False,False,False,False,False,3,0,2,,,,,,,,,,,,,,
Browse,Index,Missing self-referencing canonical,https://www.chewy.com/b/shirts-1904,True,Set the canonical to the normalized self URL for eligible pages.,,,,,,,,0,shirts,,True,False,False,False,False,False,False,112,0,2,,,,,,,,,,,,,,
Browse,Index,Missing self-referencing canonical,https://www.chewy.com/b/dresses-2408,True,Set the canonical to the normalized self URL for eligible pages.,,,,,,,,0,dresses,,True,False,False,False,False,False,False,113,0,2,,,,,,,,,,,,,,
Browse,Index,Missing self-referencing canonical,https://www.chewy.com/b/boots-shoes-1732,True,Set the canonical to the normalized self URL for eligible pages.,,,,,,,,0,boots-shoes,,True,False,False,False,False,False,False,144,0,2,,,,,,,,,,,,,,
Browse,Index,Missing self-referencing canonical,https://www.chewy.com/b/accessories-1906,True,Set the canonical to the normalized self URL for eligible pages.,,,,,,,,0,accessories,,True,False,False,False,False,False,False,110,0,2,,,,,,,,,,,,,,
Browse,Index,Missing self-referencing canonical,https://www.chewy.com/b/pajamas-2278,True,Set the canonical to the normalized self URL for eligible pages.,,,,,,,,0,pajamas,,True,False,False,False,False,False,False,113,0,2,,,,,,,,,,,,,,
Browse,Index,Missing self-referencing canonical,https://www.chewy.com/b/rain-gear-2472,True,Set the canonical to the normalized self URL for eligible pages.,,,,,,,,0,rain-gear,,True,False,False,False,False,False,False,110,0,2,,,,,,,,,,,,,,
Browse,Index,Missing self-referencing canonical,https://www.chewy.com/b/sweaters-hoodies-1962,True,Set the canonical to the normalized self URL for eligible pages.,,,,,,,,0,sweaters-hoodies,,True,False,False,False,False,False,False,127,0,2,,,,,,,,,,,,,,
Browse,Index,Missing self-referencing canonical,https://www.chewy.com/b/coats-jackets-1903,True,Set the canonical to the normalized self URL for eligible pages.,,,,,,,,0,coats-jackets,,True,False,False,False,False,False,False,119,0,2,,,,,,,,,,,,,,
Browse,Index,Missing self-referencing canonical,https://www.chewy.com/b/recovery-cones-collars-apparel-2664,True,Set the canonical to the normalized self URL for eligible pages.,,,,,,,,0,recovery-cones-collars-apparel,,True,False,False,False,False,False,False,113,0,2,,,,,,,,,,,,,,
Browse,Index,Missing self-referencing canonical,https://www.chewy.com/b/diapers-wraps-1446,True,Set the canonical to the normalized self URL for eligible pages.,,,,,,,,0,diapers-wraps,,True,False,False,False,False,False,False,6,0,2,,,,,,,,,,,,,,
Browse,Index,Missing self-referencing canonical,https://www.chewy.com/b/litter-turf-1448,True,Set the canonical to the normalized self URL for eligible pages.,,,,,,,,0,litter-turf,,True,False,False,False,False,False,False,2,0,2,,,,,,,,,,,,,,
Browse,Index,Missing self-referencing canonical,https://www.chewy.com/b/freeze-dried-food-11744,True,Set the canonical to the normalized self URL for eligible pages.,,Freeze Dried Cat Food - Free Shipping | Chewy,45,"Shop Chewy for low prices and the best Freeze-Dried Food! We carry a large selection and the top brands like Vital Essentials, Stella & Chewy's, and more. Find everything you need in one place. FREE shipping on orders $49+ and the BEST customer service!",253,deals on premium freeze-dried cat food,Premium Freeze-Dried Cat Food,1,freeze-dried-food,False,False,False,False,True,False,False,True,343,352,2,,,,,,,3,3,23.0,0,0,1,2,2.0
Browse,Index,Missing self-referencing canonical,https://www.chewy.com/b/plant-based-flea-tick-treatments-143806,True,Set the canonical to the normalized self URL for eligible pages.,,,,,,,,0,plant-based-flea-tick-treatments,,True,False,False,False,False,False,False,6,0,2,,,,,,,,,,,,,,
Browse,Index,Missing self-referencing canonical,https://www.chewy.com/b/home-yard-treatments-1418,True,Set the canonical to the normalized self URL for eligible pages.,,,,,,,,0,home-yard-treatments,,True,False,False,False,False,False,False,7,0,2,,,,,,,,,,,,,,
Browse,Index,Missing self-referencing canonical,https://www.chewy.com/b/fish-food-886,True,Set the canonical to the normalized self URL for eligible pages.,,Fish Food | Chewy,17,"Shop Chewy for low prices and the best fish food. We have a great selection of fish food and treats for goldfish, tropical freshwater fish, saltwater fish, bottom feeder fish, betta fish, koi, pond fish and more. They're available in many forms including pellets, fish flakes, wafers and other treats. FREE shipping on orders $49+ and the BEST customer service!",361,food for fish,Fish Food,1,fish-food,False,False,False,False,True,False,False,True,94,384,2,,,,,,,30,30,16.64,4,5,5,16,
Browse,Index,Missing self-referencing canonical,https://www.chewy.com/b/cages-1743,True,Set the canonical to the normalized self URL for eligible pages.,,,,,,,,0,cages,,True,False,False,False,False,False,False,4,0,2,,,,,,,,,,,,,,
Browse,Index,Missing self-referencing canonical,https://www.chewy.com/b/perches-swings-968,True,Set the canonical to the normalized self URL for eligible pages.,,,,,,,,0,perches-swings,,True,False,False,False,False,False,False,6,0,2,,,,,,,,,,,,,,
Browse,Index,Missing self-referencing canonical,https://www.chewy.com/b/covers-accessories-11996,True,Set the canonical to the normalized self URL for eligible pages.,,,,,,,,0,covers-accessories,,True,False,False,False,False,False,False,2,0,2,,,,,,,,,,,,,,
Browse,Index,Missing self-referencing canonical,https://www.chewy.com/b/horse-fly-deterrent-supplement-and-horse-dewormers-153294,True,Set the canonical to the normalized self URL for eligible pages.,,Horse Fly Deterrent Supplement & Horse Dewormers | Chewy,56,"Shop Chewy for low prices and the best Fly Deterrant & Dewormer! We carry a large selection and the top brands like The Natural Vet, UltraCruz, and more. Find everything you need in one place. FREE shipping on orders $49+ and the BEST customer service!",252,,Horse Fly Deterrent Supplements & Dewormers,1,horse-fly-deterrent-supplement-and-horse-dewormers,False,False,False,False,True,False,False,False,103,324,2,,,,,,,,,,,,,,1.0
Browse,Index,Missing self-referencing canonical,https://www.chewy.com/b/horse-weight-gain-supplements-and-horse-muscle-gain-supplements-153278,True,Set the canonical to the normalized self URL for eligible pages.,,Horse Weight Gain Supplements & Horse Muscle Gain Supplements | Chewy,69,"Shop Chewy for low prices and the best Weight & Muscle Gain! We carry a large selection and the top brands like Mad Barn, Buckeye Nutrition, and more. Find everything you need in one place. FREE shipping on orders $49+ and the BEST customer service!",249,,Horse Weight Gain Supplements and Horse Muscle Gain Supplements,1,horse-weight-gain-supplements-and-horse-muscle-gain-supplements,False,False,False,False,True,False,False,False,103,352,2,,,,,,,,,,,,,,1.0
Browse,Index,Missing self-referencing canonical,https://www.chewy.com/b/horse-hoof-health-supplements-153270,True,Set the canonical to the normalized self URL for eligible pages.,,Horse Hoof Health Supplements | Chewy,37,"Shop Chewy for low prices and the best Hoof Health! We carry a large selection and the top brands like Mad Barn, Farnam, and more. Find everything you need in one place. FREE shipping on orders $49+ and the BEST customer service!",229,,Horse Hoof Health Supplements,1,horse-hoof-health-supplements,False,False,False,False,True,False,False,False,131,352,2,,,,,,,,,,,,,,1.0
Browse,Index,Missing self-referencing canonical,https://www.chewy.com/b/horse-muscle-recovery-and-weight-gain-supplements-11296,True,Set the canonical to the normalized self URL for eligible pages.,,"Horse Performance, Recovery & Weight Gain Supplements | Chewy",61,"Shop Chewy for low prices and the best Performance & Recovery! We carry a large selection and the top brands like UltraCruz, Finish Line, and more. Find everything you need in one place. FREE shipping on orders $49+ and the BEST customer service!",246,horse weight gain supplements,Horse Muscle Recovery & Weight Gain Supplements,1,horse-muscle-recovery-and-weight-gain-supplements,False,False,False,False,True,False,False,False,582,356,2,,,,,,,2,2,18.5,0,1,1,0,1.0
Browse,Index,Missing self-referencing canonical,https://www.chewy.com/b/horse-metabolic-support-supplements-153310,True,Set the canonical to the normalized self URL for eligible pages.,,Equine Metabolic Supplements | Chewy,36,"Shop Chewy for low prices and the best Metabolic Support! We carry a large selection and the top brands like Mad Barn, SmartPak, and more. Find everything you need in one place. FREE shipping on orders $49+ and the BEST customer service!",237,,Horse Metabolic Support Supplements,1,horse-metabolic-support-supplements,False,False,False,False,True,False,False,False,79,352,2,,,,,,,,,,,,,,
Browse,Index,Missing self-referencing canonical,https://www.chewy.com/b/eye-medicine-11598,True,Set the canonical to the normalized self URL for eligible pages.,,,,,,,,0,eye-medicine,,True,False,False,False,False,False,False,3,0,2,,,,,,,,,,,,,,
Browse,Index,Missing self-referencing canonical,https://www.chewy.com/b/food-treats-141598,True,Set the canonical to the normalized self URL for eligible pages.,,Food & Treats for New Dogs - Free shipping | Chewy,50,"Shop Chewy for low prices and the best Food & Treats! We carry a large selection and the top brands like Blue Buffalo, Stella & Chewy's, and more. Find everything you need in one place. FREE shipping on orders $49+ and the BEST customer service!",245,,Food & Treats for New Dogs,1,food-treats,,False,False,False,True,False,False,False,872,359,2,,,,,,,,,,,,,,
Browse,Index,Missing self-referencing canonical,https://www.chewy.com/b/essentials-141590,True,Set the canonical to the normalized self URL for eligible pages.,,New Dog Essentials - Free shipping | Chewy,42,"Shop Chewy for low prices and the best Essentials products! We carry a large selection and the top brands like Frisco, Red Dingo, and more. Find everything you need in one place. FREE shipping on orders $49+ and the BEST customer service!",238,,New Dog Essentials,1,essentials,,False,False,False,True,False,False,False,607,362,2,,,,,,,,,,,,,,
Browse,Index,Missing self-referencing canonical,https://www.chewy.com/b/potty-training-9961,True,Set the canonical to the normalized self URL for eligible pages.,,Potty & Training Supplies for New Dogs - Free shipping | Chewy,62,"Shop Chewy for low prices and the best Potty & Training! We carry a large selection and the top brands like Buckle-Down, Country Brook Petz, and more. Find everything you need in one place. FREE shipping on orders $49+ and the BEST customer service!",249,,Potty & Training Supplies for New Dogs,1,potty-training,,False,False,False,True,False,False,False,643,360,2,,,,,,,,,,,,,,
Browse,Index,Missing self-referencing canonical,https://www.chewy.com/b/dna-tests-13293,True,Set the canonical to the normalized self URL for eligible pages.,,,,,,,,0,dna-tests,,True,False,False,False,False,False,False,1,0,2,,,,,,,,,,,,,,1.0
Browse,Index,Missing self-referencing canonical,https://www.chewy.com/b/healthcare-9963,True,Set the canonical to the normalized self URL for eligible pages.,,Healthcare for New Dogs - Free shipping | Chewy,47,"Shop Chewy for low prices and the best Healthcare products! We carry a large selection and the top brands like Healthy Breeds, Zesty Paws, and more. Find everything you need in one place. FREE shipping on orders $49+ and the BEST customer service!",247,,Healthcare for New Dogs,1,healthcare,,False,False,False,True,False,False,False,565,351,2,,,,,,,,,,,,,,
Browse,Index,Missing self-referencing canonical,https://www.chewy.com/b/blankets-13294,True,Set the canonical to the normalized self URL for eligible pages.,,,,,,,,0,blankets,,True,False,False,False,False,False,False,61,0,2,,,,,,,,,,,,,,
Browse,Index,Missing self-referencing canonical,https://www.chewy.com/b/sofa-beds-8729,True,Set the canonical to the normalized self URL for eligible pages.,,,,,,,,0,sofa-beds,,True,False,False,False,False,False,False,56,0,2,,,,,,,,,,,,,,
Browse,Index,Missing self-referencing canonical,https://www.chewy.com/b/plant-based-flea-tick-treatments-143782,True,Set the canonical to the normalized self URL for eligible pages.,,,,,,,,0,plant-based-flea-tick-treatments,,True,False,False,False,False,False,False,19,0,2,,,,,,,,,,,,,,
Browse,Index,Missing self-referencing canonical,https://www.chewy.com/b/sprays-wipes-384,True,Set the canonical to the normalized self URL for eligible pages.,,,,,,,,0,sprays-wipes,,True,False,False,False,False,False,False,22,0,2,,,,,,,,,,,,,,
Browse,Index,Missing self-referencing canonical,https://www.chewy.com/b/home-yard-treatments-1416,True,Set the canonical to the normalized self URL for eligible pages.,,,,,,,,0,home-yard-treatments,,True,False,False,False,False,False,False,20,0,2,,,,,,,,,,,,,,
Browse,Index,Missing self-referencing canonical,https://www.chewy.com/b/filters-cartridges-media-118294,True,Set the canonical to the normalized self URL for eligible pages.,,,,,,,,0,filters-cartridges-media,,True,False,False,False,False,False,False,56,0,2,,,,,,,,,,,,,,
Browse,Index,Missing self-referencing canonical,https://www.chewy.com/b/aquarium-and-fish-tank-driftwood-159566,True,Set the canonical to the normalized self URL for eligible pages.,,Aquarium & Fish Tank Driftwood | Chewy,38,"Shop Chewy for low prices and the best Driftwood products! We carry a large selection and the top brands like Underwater Treasures, Lifegard, and more. Find everything you need in one place. FREE shipping on orders $49+ and the BEST customer service!",250,aquarium driftwood,Aquarium & Fish Tank Driftwood,1,aquarium-and-fish-tank-driftwood,False,False,False,False,True,False,False,True,56,350,2,,,,,,,3,3,23.33,0,0,3,0,
Browse,Index,Missing self-referencing canonical,https://www.chewy.com/b/rocks-165222,True,Set the canonical to the normalized self URL for eligible pages.,,Aquarium & Fish Tank Rocks | Chewy,34,"Shop Chewy for low prices and the best Rocks products! We carry a large selection and the top brands like CaribSea, Ecoscape, and more. Find everything you need in one place. FREE shipping on orders $49+ and the BEST customer service!",234,,Aquarium Rocks,1,rocks,False,False,False,False,True,False,False,False,56,352,2,,,,,,,,,,,,,,
Browse,Index,Missing self-referencing canonical,https://www.chewy.com/b/cameras-monitors-1898,True,Set the canonical to the normalized self URL for eligible pages.,,,,,,,,0,cameras-monitors,,True,False,False,False,False,False,False,51,0,2,,,,,,,,,,,,,,
Browse,Index,Missing self-referencing canonical,https://www.chewy.com/b/gps-activity-1899,True,Set the canonical to the normalized self URL for eligible pages.,,,,,,,,0,gps-activity,,True,False,False,False,False,False,False,49,0,2,,,,,,,,,,,,,,
Browse,Index,Missing self-referencing canonical,https://www.chewy.com/b/automatic-feeders-1900,True,Set the canonical to the normalized self URL for eligible pages.,,,,,,,,0,automatic-feeders,,True,False,False,False,False,False,False,39,0,2,,,,,,,,,,,,,,
Browse,Index,Missing self-referencing canonical,https://www.chewy.com/b/in-ground-fence-systems-157150,True,Set the canonical to the normalized self URL for eligible pages.,,In-Ground Electric Fence Systems - Free shipping | Chewy,56,"Shop Chewy for low prices and the best In-Ground Fence Systems! We carry a large selection and the top brands like PetSafe, SportDOG, and more. Find everything you need in one place. FREE shipping on orders $49+ and the BEST customer service!",242,,In-Ground Electric Fence Systems,1,in-ground-fence-systems,False,False,False,False,True,False,False,False,42,335,2,,,,,,,,,,,,,,
Browse,Index,Missing self-referencing canonical,https://www.chewy.com/b/strollers-1466,True,Set the canonical to the normalized self URL for eligible pages.,,,,,,,,0,strollers,,True,False,False,False,False,False,False,2,0,2,,,,,,,,,,,,,,
Browse,Index,Missing self-referencing canonical,https://www.chewy.com/b/fly-masks-101214,True,Set the canonical to the normalized self URL for eligible pages.,,Horse Fly Masks | Chewy,23,"Shop Chewy for low prices and the best Fly Masks! We carry a large selection and the top brands like Kensington Protective Products, Shires Equestrian Products, and more. Find everything you need in one place. FREE shipping on orders $49+ and the BEST customer service!",269,,Horse Fly Masks,1,fly-masks,False,False,False,False,True,False,False,False,466,353,2,good,1634.0,needs,0.13,,,,,,,,,,2.0
Browse,Index,Missing self-referencing canonical,https://www.chewy.com/b/fly-sheets-101230,True,Set the canonical to the normalized self URL for eligible pages.,,Fly Sheets for Horses | Chewy,29,"Shop Chewy for low prices and the best Fly Sheets! We carry a large selection and the top brands like TuffRider, Horseware, and more. Find everything you need in one place. FREE shipping on orders $49+ and the BEST customer service!",232,,Fly Sheets for Horses,1,fly-sheets,False,False,False,False,True,False,False,False,387,352,2,,,,,,,,,,,,,,2.0
Browse,Index,Missing self-referencing canonical,https://www.chewy.com/b/ear-nets-101374,True,Set the canonical to the normalized self URL for eligible pages.,,Horse Ear Bonnets | Chewy,25,"Shop Chewy for low prices and the best Ear Nets! We carry a large selection and the top brands like Equine Couture, LeMieux, and more. Find everything you need in one place. FREE shipping on orders $49+ and the BEST customer service!",233,,Horse Ear Bonnets,1,ear-nets,False,False,False,False,True,False,False,False,52,350,2,,,,,,,,,,,,,,1.0
Browse,Index,Missing self-referencing canonical,https://www.chewy.com/b/insect-growth-regulators-164438,True,Set the canonical to the normalized self URL for eligible pages.,,Horse Fly Deterrent Supplement Insect Growth Regulator | Chewy,62,"Shop Chewy for low prices and the best Insect Growth Regulators! We carry a large selection and the top brands like Formula 707, Tribute Equine Nutrition, and more. Find everything you need in one place. FREE shipping on orders $49+ and the BEST customer service!",263,,Horse Fly Deterrent Supplement Insect Growth Regulator,1,insect-growth-regulators,False,False,False,False,True,False,False,False,17,316,2,,,,,,,,,,,,,,
Browse,Index,Missing self-referencing canonical,https://www.chewy.com/b/pain-relief-arthritis-12240,True,Set the canonical to the normalized self URL for eligible pages.,,,,,,,,0,pain-relief-arthritis,,True,False,False,False,False,False,False,1,0,2,,,,,,,,,,,,,,
Browse,Index,Missing self-referencing canonical,https://www.chewy.com/b/behavior-anxiety-12236,True,Set the canonical to the normalized self URL for eligible pages.,,,,,,,,0,behavior-anxiety,,True,False,False,False,False,False,False,1,0,2,,,,,,,,,,,,,,
Browse,Index,Missing self-referencing canonical,https://www.chewy.com/b/heart-blood-pressure-12238,True,Set the canonical to the normalized self URL for eligible pages.,,,,,,,,0,heart-blood-pressure,,True,False,False,False,False,False,False,1,0,2,,,,,,,,,,,,,,
Browse,Index,Missing self-referencing canonical,https://www.chewy.com/b/antibiotics-12234,True,Set the canonical to the normalized self URL for eligible pages.,,,,,,,,0,antibiotics,,True,False,False,False,False,False,False,1,0,2,,,,,,,,,,,,,,
Browse,Index,Missing self-referencing canonical,https://www.chewy.com/b/antifungal-12235,True,Set the canonical to the normalized self URL for eligible pages.,,,,,,,,0,antifungal,,True,False,False,False,False,False,False,1,0,2,,,,,,,,,,,,,,
Browse,Index,Missing self-referencing canonical,https://www.chewy.com/b/digestive-tract-ulcers-12237,True,Set the canonical to the normalized self URL for eligible pages.,,,,,,,,0,digestive-tract-ulcers,,True,False,False,False,False,False,False,1,0,2,,,,,,,,,,,,,,
Browse,Index,Missing self-referencing canonical,https://www.chewy.com/b/allergy-relief-12233,True,Set the canonical to the normalized self URL for eligible pages.,,,,,,,,0,allergy-relief,,True,False,False,False,False,False,False,1,0,2,,,,,,,,,,,,,,
Browse,Index,Missing self-referencing canonical,https://www.chewy.com/b/skin-coat-health-10769,True,Set the canonical to the normalized self URL for eligible pages.,,,,,,,,0,skin-coat-health,,True,False,False,False,False,False,False,39,0,2,,,,,,,,,,,,,,
Browse,Index,Missing self-referencing canonical,https://www.chewy.com/b/hot-spot-itch-relief-14131,True,Set the canonical to the normalized self URL for eligible pages.,,,,,,,,0,hot-spot-itch-relief,,True,False,False,False,False,False,False,40,0,2,,,,,,,,,,,,,,
Browse,Index,Missing self-referencing canonical,https://www.chewy.com/b/shop-everyday-favorites-153038,True,Set the canonical to the normalized self URL for eligible pages.,,Shop Everyday Favorite Cat Food - Free shipping | Chewy,55,"Shop Chewy for low prices and the best Shop Everyday Favorites! We carry a large selection and the top brands like Fancy Feast, Friskies, and more. Find everything you need in one place. FREE shipping on orders $49+ and the BEST customer service!",246,cat food chewy,Shop Everyday Favorite Cat Food,1,shop-everyday-favorites,False,False,False,False,True,False,False,False,1080,357,2,,,,,,,3,3,,0,0,0,3,1.0
Browse,Index,Missing self-referencing canonical,https://www.chewy.com/b/food-893,True,Set the canonical to the normalized self URL for eligible pages.,,,,,,,,0,food,,True,False,False,False,False,False,False,15,0,2,,,,,,,,,,,,,,
Browse,Index,Missing self-referencing canonical,https://www.chewy.com/b/health-water-care-13944,True,Set the canonical to the normalized self URL for eligible pages.,,,,,,,,0,health-water-care,,True,False,False,False,False,False,False,15,0,2,,,,,,,,,,,,,,
Browse,Index,Missing self-referencing canonical,https://www.chewy.com/b/pumps-heaters-13941,True,Set the canonical to the normalized self URL for eligible pages.,,,,,,,,0,pumps-heaters,,True,False,False,False,False,False,False,16,0,2,,,,,,,,,,,,,,
Browse,Index,Missing self-referencing canonical,https://www.chewy.com/b/kennels-9954,True,Set the canonical to the normalized self URL for eligible pages.,,Cat Kennels - Free shipping | Chewy,35,"Shop Chewy for low prices and the best Kennels products! We carry a large selection and the top brands like Petmate, Aspen Pet, and more. Find everything you need in one place. FREE shipping on orders $49+ and the BEST customer service!",236,,Cat Kennels,1,kennels,False,False,False,False,True,False,False,False,85,333,2,,,,,,,,,,,,,,
Browse,Index,Missing self-referencing canonical,https://www.chewy.com/b/dog-hot-spot-treatment-2450,True,Set the canonical to the normalized self URL for eligible pages.,,Dog Hot Spot & Itch Relief: Low Prices (Free Shipping) | Chewy,62,"Shop Chewy for low prices and the best Hot Spot Treatment! We carry a large selection and the top brands like The Blissful Dog, Natural Dog Company, and more. Find everything you need in one place. FREE shipping on orders $49+ and the BEST customer service!",257,dog hot spot treatment,Dog Hot Spot Treatment,1,dog-hot-spot-treatment,False,False,False,False,True,False,False,True,161,359,2,good,2433.0,good,0.01,,,15,15,11.8,4,5,1,5,8.0
Browse,Index,Missing self-referencing canonical,https://www.chewy.com/b/powder-and-gel-food-for-reptiles-168798,True,Set the canonical to the normalized self URL for eligible pages.,,Powder and Gel Food for Reptiles - Free shipping | Chewy,56,"Shop Chewy for low prices and the best Powder and Gel! We carry a large selection and the top brands like Gargeer, Pangea, and more. Find everything you need in one place. FREE shipping on orders $49+ and the BEST customer service!",231,,Powder and Gel Food for Reptiles,1,powder-and-gel-food-for-reptiles,False,False,False,False,True,False,False,False,24,353,2,,,,,,,,,,,,,,1.0
Browse,Index,Missing self-referencing canonical,https://www.chewy.com/b/medicated-shampoos-topicals-14134,True,Set the canonical to the normalized self URL for eligible pages.,,,,,,,,0,medicated-shampoos-topicals,,True,False,False,False,False,False,False,18,0,2,,,,,,,,,,,,,,
Browse,Index,Missing self-referencing canonical,https://www.chewy.com/b/skin-coat-health-12262,True,Set the canonical to the normalized self URL for eligible pages.,,,,,,,,0,skin-coat-health,,True,False,False,False,False,False,False,19,0,2,,,,,,,,,,,,,,
Browse,Index,Missing self-referencing canonical,https://www.chewy.com/b/skin-coat-1583,True,Set the canonical to the normalized self URL for eligible pages.,,,,,,,,0,skin-coat,,True,False,False,False,False,False,False,53,0,2,,,,,,,,,,,,,,
Browse,Index,Missing self-referencing canonical,https://www.chewy.com/b/allergy-treatments-itch-relief-14135,True,Set the canonical to the normalized self URL for eligible pages.,,,,,,,,0,allergy-treatments-itch-relief,,True,False,False,False,False,False,False,18,0,2,,,,,,,,,,,,,,
Browse,Index,Missing self-referencing canonical,https://www.chewy.com/b/horse-tack-storage-and-cleaning-supplies-11466,True,Set the canonical to the normalized self URL for eligible pages.,,Horse Tack Storage | Chewy,26,"Shop Chewy for low prices and the best Tack Care & Storage! We carry a large selection and the top brands like Tough1, Horze, and more. Find everything you need in one place. FREE shipping on orders $49+ and the BEST customer service!",234,horse tack storage and cleaning supplies,Horse Tack Storage & Cleaning Supplies,1,horse-tack-storage-and-cleaning-supplies,False,False,False,False,True,False,False,False,124,356,2,,,,,,,2,1,1.0,1,0,0,1,1.0
Browse,Index,Missing self-referencing canonical,https://www.chewy.com/b/hoof-boots-3873846,True,Set the canonical to the normalized self URL for eligible pages.,,Hoof Boots | Chewy,18,"Shop Chewy for low prices and the best Hoof Boots! We carry a large selection and the top brands like Scootboot, EasyCare, and more. Find everything you need in one place. FREE shipping on orders $49+ and the BEST customer service!",231,,Hoof Boots,1,hoof-boots,False,False,False,False,True,False,False,False,68,351,2,,,,,,,,,,,,,,
Browse,Index,Missing self-referencing canonical,https://www.chewy.com/b/hideouts-mats-10917,True,Set the canonical to the normalized self URL for eligible pages.,,,,,,,,0,hideouts-mats,,True,False,False,False,False,False,False,36,0,2,,,,,,,,,,,,,,
Browse,Index,Missing self-referencing canonical,https://www.chewy.com/b/toys-10918,True,Set the canonical to the normalized self URL for eligible pages.,,,,,,,,0,toys,,True,False,False,False,False,False,False,38,0,2,,,,,,,,,,,,,,
Browse,Index,Missing self-referencing canonical,https://www.chewy.com/b/beds-hammocks-10916,True,Set the canonical to the normalized self URL for eligible pages.,,,,,,,,0,beds-hammocks,,True,False,False,False,False,False,False,33,0,2,,,,,,,,,,,,,,
Browse,Index,Missing self-referencing canonical,https://www.chewy.com/b/bedding-litter-10900,True,Set the canonical to the normalized self URL for eligible pages.,,,,,,,,0,bedding-litter,,True,False,False,False,False,False,False,34,0,2,,,,,,,,,,,,,,
Browse,Index,Missing self-referencing canonical,https://www.chewy.com/b/treats-10902,True,Set the canonical to the normalized self URL for eligible pages.,,,,,,,,0,treats,,True,False,False,False,False,False,False,35,0,2,,,,,,,,,,,,,,
Browse,Index,Missing self-referencing canonical,https://www.chewy.com/b/feeders-waterers-10913,True,Set the canonical to the normalized self URL for eligible pages.,,,,,,,,0,feeders-waterers,,True,False,False,False,False,False,False,32,0,2,,,,,,,,,,,,,,
Browse,Index,Missing self-referencing canonical,https://www.chewy.com/b/guinea-pig-feeding-accessories-10913,True,Set the canonical to the normalized self URL for eligible pages.,,Guinea Pig Feeding Accessories | Chewy,38,"Shop Chewy for low prices and the best Feeders & Waterers! We carry a large selection and the top brands like Waggo, Lixit, and more. Find everything you need in one place. FREE shipping on orders $49+ and the BEST customer service!",232,feeders and waterers for your new pet guinea pig,Guinea Pig Water Bottles & Feeders,1,guinea-pig-feeding-accessories,False,False,False,False,True,False,False,False,66,357,2,,,,,,,3,3,10.0,1,0,0,2,1.0
Browse,Index,Missing self-referencing canonical,https://www.chewy.com/b/automatic-litter-box-8316,True,Set the canonical to the normalized self URL for eligible pages.,,Cat Automatic Litter Boxes - Free shipping | Chewy,50,"Shop Chewy for low prices and the best Automatic Litter Boxes! We carry a large selection and the top brands like PetSafe, PETKIT, and more. Find everything you need in one place. FREE shipping on orders $49+ and the BEST customer service!",239,chewy litter box,Cat Automatic Litter Boxes,1,automatic-litter-box,False,True,False,False,True,False,False,False,32,358,2,,,,,,,3,3,,0,0,0,3,3.0
Browse,Index,Missing self-referencing canonical,https://www.chewy.com/b/thyroid-hormone-11587,True,Set the canonical to the normalized self URL for eligible pages.,,,,,,,,0,thyroid-hormone,,True,False,False,False,False,False,False,1,0,2,,,,,,,,,,,,,,
Browse,Index,Missing self-referencing canonical,https://www.chewy.com/b/cat-ear-cleaner-437,True,Set the canonical to the normalized self URL for eligible pages.,,Cat Ear Cleaning Solutions & Wipes | Chewy,42,"Shop Chewy for low prices on cat ear cleaning products. We have a wide selection of cat ear cleaning products in different forms including liquid, cleansers and wipes. *FREE* shipping on orders $49+ and the BEST customer service!",229,deals on cat ear care,Cat Ear Care,1,cat-ear-cleaner,False,False,False,False,True,False,False,True,68,359,2,,,,,,,2,2,17.5,0,2,0,0,1.0
Browse,Index,Missing self-referencing canonical,https://www.chewy.com/b/cat-eye-care-and-wipes-438,True,Set the canonical to the normalized self URL for eligible pages.,,Cat Eye Care - Free shipping | Chewy,36,"Shop Chewy for low prices and the best Eye Care! We carry a large selection and the top brands like TropiClean, Optixcare, and more. Find everything you need in one place. FREE shipping on orders $49+ and the BEST customer service!",231,cat eye care and wipes,Cat Eye Care,1,cat-eye-care-and-wipes,False,False,False,False,True,False,False,True,70,350,2,,,,,,,1,1,,0,0,0,1,1.0
Browse,Index,Missing self-referencing canonical,https://www.chewy.com/b/ferret-litter-bedding-and-accessories-10923,True,Set the canonical to the normalized self URL for eligible pages.,,"Ferret Litter, Bedding & Accessories | Chewy",44,"Shop Chewy for low prices and the best Bedding, Litter & Accessories! We carry a large selection and the top brands like Pet House, Kaytee, and more. Find everything you need in one place. FREE shipping on orders $49+ and the BEST customer service!",248,ferret litter bedding and accessories,"Ferret Bedding, Litter & Accessories",1,ferret-litter-bedding-and-accessories,False,False,False,False,True,False,False,False,55,366,2,,,,,,,2,2,,0,0,0,2,1.0
Browse,Index,Missing self-referencing canonical,https://www.chewy.com/b/small-pet-pharmacy-136214,True,Set the canonical to the normalized self URL for eligible pages.,,,,,,,,0,small-pet-pharmacy,,True,False,False,False,False,False,False,38,0,2,,,,,,,,,,,,,,
Browse,Index,Missing self-referencing canonical,https://www.chewy.com/b/bird-pharmacy-136222,True,Set the canonical to the normalized self URL for eligible pages.,,,,,,,,0,bird-pharmacy,,True,False,False,False,False,False,False,38,0,2,,,,,,,,,,,,,,
Browse,Index,Missing self-referencing canonical,https://www.chewy.com/b/wooden-bird-perches-125390,True,Set the canonical to the normalized self URL for eligible pages.,,Wooden Bird Perches | Chewy,27,"Shop Chewy for low prices and the best Wood Perches! We carry a large selection and the top brands like Polly's Pet Products, YML, and more. Find everything you need in one place. FREE shipping on orders $49+ and the BEST customer service!",239,,Wooden Bird Perches,1,wooden-bird-perches,False,False,False,False,True,False,False,True,52,352,2,,,,,,,,,,,,,,1.0
Browse,Index,Missing self-referencing canonical,https://www.chewy.com/b/small-animal-food-bundles-118566,True,Set the canonical to the normalized self URL for eligible pages.,,Small Animal Food Bundles | Chewy,33,"Shop Chewy for low prices and the best Food Bundles & Variety Packs! We carry a large selection and the top brands like Oxbow, Sweet Meadow Farm, and more. Find everything you need in one place. FREE shipping on orders $49+ and the BEST customer service!",254,small animal food bundles,Small Animal Food Bundles,1,small-animal-food-bundles,False,False,False,False,True,False,False,True,310,325,2,,,,,,,1,1,1.0,1,0,0,0,1.0
Browse,Index,Missing self-referencing canonical,https://www.chewy.com/b/small-animal-food-mix-11096,True,Set the canonical to the normalized self URL for eligible pages.,,Small Animal Food Mix | Chewy,29,"Shop Chewy for low prices and the best Mix products! We carry a large selection and the top brands like Kaytee, Brown's, and more. Find everything you need in one place. FREE shipping on orders $49+ and the BEST customer service!",229,,Small Animal Food Mix,1,small-animal-food-mix,False,False,False,False,True,False,False,True,308,352,2,,,,,,,,,,,,,,1.0
Browse,Index,Missing self-referencing canonical,https://www.chewy.com/b/kidney-care-cat-food-12259,True,Set the canonical to the normalized self URL for eligible pages.,,Kidney Care Cat Food - Free Shipping | Chewy,44,"Shop Chewy for low prices and the best Kidney Care! We carry a large selection and the top brands like Hill's Prescription Diet, Royal Canin Veterinary Diet, and more. Find everything you need in one place. FREE shipping on orders $49+ and the BEST customer service!",266,chewy prescription cat food,Veterinary Diet Cat Food for Kidney Care,1,kidney-care-cat-food,False,False,False,False,True,False,False,False,48,361,2,good,2002.0,good,0.07,,,1,1,,0,0,0,1,9.0
Browse,Index,Missing self-referencing canonical,https://www.chewy.com/b/weight-management-dog-food-11241,True,Set the canonical to the normalized self URL for eligible pages.,,Best Weight Management Dog Food: Vet Approved (Free Shipping) | Chewy,69,"Shop Chewy for low prices and the best Weight Management! We carry a large selection and the top brands like Hill's Prescription Diet, Royal Canin Veterinary Diet, and more. Find everything you need in one place. FREE shipping on orders $49+ and the BEST customer service!",272,deals on veterinary diet dog treats for weight management,Veterinary Diet Weight Management Dog Food,1,weight-management-dog-food,False,False,False,False,True,False,False,False,46,353,2,,,,,,,1,1,27.0,0,0,1,0,3.0
Browse,Index,Missing self-referencing canonical,https://www.chewy.com/b/aging-care-dog-food-11429,True,Set the canonical to the normalized self URL for eligible pages.,,Vet Recommended Senior Dog Food - Free Shipping | Chewy,55,Shop Chewy for low prices and the best Aging Care! We carry a large selection and the top brands like Royal Canin Veterinary Diet and more. Find everything you need in one place. FREE shipping on orders $49+ and the BEST customer service!,238,deals on veterinary diet dog food for aging care,Veterinary Diet Dog Food for Aging Care,1,aging-care-dog-food,False,False,False,False,True,False,False,False,33,321,2,,,,,,,4,3,9.0,1,0,0,3,1.0
Browse,Index,Missing self-referencing canonical,https://www.chewy.com/b/limited-ingredient-diet-11492,True,Set the canonical to the normalized self URL for eligible pages.,,Limited Ingredient Diet Soft & Chewy Treats For Dogs - Free shipping | Chewy,76,"Shop Chewy for low prices and the best Limited Ingredient Diet! We carry a large selection and the top brands like Bocce's Bakery, EcoKind, and more. Find everything you need in one place. FREE shipping on orders $49+ and the BEST customer service!",248,limited ingredient diet soft and chewy treats for dogs,Limited Ingredient Diet Soft & Chewy Treats For Dogs,1,limited-ingredient-diet,False,False,False,False,True,False,False,False,269,357,2,,,,,,,2,2,1.0,1,0,0,1,1.0
Browse,Index,Missing self-referencing canonical,https://www.chewy.com/b/live-feeder-bugs-and-insects-129078,True,Set the canonical to the normalized self URL for eligible pages.,,Live Feeder Bugs & Insects | Chewy,34,"Shop Chewy for low prices and the best Live Feeders! We carry a large selection and the top brands like ABDragons, Fluker's, and more. Find everything you need in one place. FREE shipping on orders $49+ and the BEST customer service!",233,live feeder,Live Feeder Insects for Reptiles & Amphibians,1,live-feeder-bugs-and-insects,False,False,False,False,True,False,False,True,5,370,2,,,,,,,19,16,17.22,2,10,6,1,
Browse,Index,Missing self-referencing canonical,https://www.chewy.com/b/feeders-water-bottles-10957,True,Set the canonical to the normalized self URL for eligible pages.,,,,,,,,0,feeders-water-bottles,,True,False,False,False,False,False,False,22,0,2,,,,,,,,,,,,,,
Browse,Index,Missing self-referencing canonical,https://www.chewy.com/b/shop-everyday-favorites-139742,True,Set the canonical to the normalized self URL for eligible pages.,,Everyday Favorites - Free shipping | Chewy,42,"Shop Chewy for low prices and the best Shop Everyday Favorites! We carry a large selection and the top brands like Pedigree, Cesar, and more. Find everything you need in one place. FREE shipping on orders $49+ and the BEST customer service!",240,,Everyday Favorites,1,shop-everyday-favorites,False,False,False,False,True,False,False,False,329,363,2,,,,,,,,,,,,,,1.0
Browse,Index,Missing self-referencing canonical,https://www.chewy.com/b/scented-10660,True,Set the canonical to the normalized self URL for eligible pages.,,,,,,,,0,scented,,True,False,False,False,False,False,False,13,0,2,,,,,,,,,,,,,,
Browse,Index,Missing self-referencing canonical,https://www.chewy.com/b/no-corn-no-soy-no-wheat-11491,True,Set the canonical to the normalized self URL for eligible pages.,,,,,,,,0,no-corn-no-soy-no-wheat,,True,False,False,False,False,False,False,155,0,2,,,,,,,,,,,,,,
Browse,Index,Missing self-referencing canonical,https://www.chewy.com/b/houses-1483,True,Set the canonical to the normalized self URL for eligible pages.,,,,,,,,0,houses,,True,False,False,False,False,False,False,12,0,2,,,,,,,,,,,,,,
Browse,Index,Missing self-referencing canonical,https://www.chewy.com/b/modern-furniture-9098,True,Set the canonical to the normalized self URL for eligible pages.,,,,,,,,0,modern-furniture,,True,False,False,False,False,False,False,3,0,2,,,,,,,,,,,,,,
Browse,Index,Missing self-referencing canonical,https://www.chewy.com/b/dog-vet-verified-vs-606302,True,Set the canonical to the normalized self URL for eligible pages.,,Dog Vet Verified Vitamins & Supplements - Free shipping | Chewy,63,"Shop Chewy for low prices and the best Vet Verified! We carry a large selection and the top brands like Nutramax, VetriScience, and more. Find everything you need in one place. FREE shipping on orders $49+ and the BEST customer service!",236,,Dog Vet Verified Vitamins & Supplements,1,dog-vet-verified-vs,,False,False,False,True,False,False,False,476,336,2,,,,,,,,,,,,,,
Browse,Index,Missing self-referencing canonical,https://www.chewy.com/b/trial-size-supplements-141830,True,Set the canonical to the normalized self URL for eligible pages.,,,,,,,,0,trial-size-supplements,,True,False,False,False,False,False,False,98,0,2,,,,,,,,,,,,,,
Browse,Index,Missing self-referencing canonical,https://www.chewy.com/b/dental-supplements-1462,True,Set the canonical to the normalized self URL for eligible pages.,,,,,,,,0,dental-supplements,,True,False,False,False,False,False,False,559,0,2,,,,,,,,,,,,,,
Browse,Index,Missing self-referencing canonical,https://www.chewy.com/b/anxiety-calming-1563,True,Set the canonical to the normalized self URL for eligible pages.,,,,,,,,0,anxiety-calming,,True,False,False,False,False,False,False,130,0,2,,,,,,,,,,,,,,
Browse,Index,Missing self-referencing canonical,https://www.chewy.com/b/urinary-kidney-1571,True,Set the canonical to the normalized self URL for eligible pages.,,,,,,,,0,urinary-kidney,,True,False,False,False,False,False,False,99,0,2,,,,,,,,,,,,,,
Browse,Index,Missing self-referencing canonical,https://www.chewy.com/b/full-broad-spectrum-hemp-extract-143678,True,Set the canonical to the normalized self URL for eligible pages.,,,,,,,,0,full-broad-spectrum-hemp-extract,,True,False,False,False,False,False,False,98,0,2,,,,,,,,,,,,,,
Browse,Index,Missing self-referencing canonical,https://www.chewy.com/b/shop-everyday-favorites-139726,True,Set the canonical to the normalized self URL for eligible pages.,,Everyday Favorites - Free shipping | Chewy,42,"Shop Chewy for low prices and the best Shop Everyday Favorites! We carry a large selection and the top brands like VICTOR, Blue Buffalo, and more. Find everything you need in one place. FREE shipping on orders $49+ and the BEST customer service!",245,,Everyday Favorites,1,shop-everyday-favorites,False,True,False,False,True,False,False,False,369,356,2,,,,,,,,,,,,,,1.0
Browse,Index,Missing self-referencing canonical,https://www.chewy.com/b/water-care-fish-health-118238,True,Set the canonical to the normalized self URL for eligible pages.,,,,,,,,0,water-care-fish-health,,True,False,False,False,False,False,False,43,0,2,,,,,,,,,,,,,,
Browse,Index,Missing self-referencing canonical,https://www.chewy.com/b/saltwater-aquarium-and-fish-tanks-116062,True,Set the canonical to the normalized self URL for eligible pages.,,Saltwater Aquariums & Fish Tanks | Chewy,40,"Shop Chewy for low prices and the best Saltwater Fish Tanks & Aquarium Kits! We carry a large selection and the top brands like Lifegard, Aquatop, and more. Find everything you need in one place. FREE shipping on orders $49+ and the BEST customer service!",255,saltwater fish tanks,Saltwater Fish Tanks,1,saltwater-aquarium-and-fish-tanks,False,False,False,False,True,False,False,True,43,351,2,,,,,,,5,5,25.0,0,1,3,1,
Browse,Index,Missing self-referencing canonical,https://www.chewy.com/b/saltwater-aquarium-water-treatment-118238,True,Set the canonical to the normalized self URL for eligible pages.,,Saltwater Fish Tank & Aquarium Maintenance | Chewy,50,"Shop Chewy for low prices and the best Water Care & Fish Health! We carry a large selection and the top brands like DrTim's Aquatics, API, and more. Find everything you need in one place. FREE shipping on orders $49+ and the BEST customer service!",247,best saltwater aquarium water treatments,Saltwater Aquarium Water Treatment,1,saltwater-aquarium-water-treatment,False,False,False,False,True,False,False,True,47,359,2,,,,,,,3,3,10.5,1,1,0,1,
Browse,Index,Missing self-referencing canonical,https://www.chewy.com/b/urinary-kidney-1584,True,Set the canonical to the normalized self URL for eligible pages.,,,,,,,,0,urinary-kidney,,True,False,False,False,False,False,False,43,0,2,,,,,,,,,,,,,,
Browse,Index,Missing self-referencing canonical,https://www.chewy.com/b/kidney-care-12259,True,Set the canonical to the normalized self URL for eligible pages.,,,,,,kidney care dry cat food on sale,,0,kidney-care,,True,False,False,False,False,False,False,7,0,2,,,,,,,4,4,24.0,0,1,3,0,
Browse,Index,Missing self-referencing canonical,https://www.chewy.com/b/food-950,True,Set the canonical to the normalized self URL for eligible pages.,,,,,,,,0,food,,True,False,False,False,False,False,False,284,0,2,,,,,,,,,,,,,,
Browse,Index,Missing self-referencing canonical,https://www.chewy.com/b/water-pumps-power-heads-168054,True,Set the canonical to the normalized self URL for eligible pages.,,Water Pumps & Power Heads - Free shipping | Chewy,49,"Shop Chewy for low prices and the best Water Pumps & Power Heads! We carry a large selection and the top brands like Lifegard, Hydor, and more. Find everything you need in one place. FREE shipping on orders $49+ and the BEST customer service!",242,,Water Pumps & Power Heads,1,water-pumps-power-heads,False,False,False,False,True,False,False,False,112,355,2,,,,,,,,,,,,,,1.0
Browse,Index,Missing self-referencing canonical,https://www.chewy.com/b/pet-anxiety-calming-care-16686,True,Set the canonical to the normalized self URL for eligible pages.,,Pet Anxiety & Calming Care Essentials - Free shipping | Chewy,61,"Shop Chewy for low prices and the best Pet Anxiety & Calming Care! We carry a large selection and the top brands like Fluoxetine HCl Compounded, The Treat Shack, and more. Find everything you need in one place. FREE shipping on orders $49+ and the BEST customer service!",270,,Pet Anxiety & Calming Care Essentials,1,pet-anxiety-calming-care,False,False,False,False,True,False,False,False,78,344,2,good,1834.0,needs,0.12,,,,,,,,,,2.0
Browse,Index,Missing self-referencing canonical,https://www.chewy.com/b/dust-free-10663,True,Set the canonical to the normalized self URL for eligible pages.,,,,,,,,0,dust-free,,True,False,False,False,False,False,False,2,0,2,,,,,,,,,,,,,,
Browse,Index,Missing self-referencing canonical,https://www.chewy.com/b/natural-10664,True,Set the canonical to the normalized self URL for eligible pages.,,,,,,,,0,natural,,True,False,False,False,False,False,False,2,0,2,,,,,,,,,,,,,,
Browse,Index,Missing self-referencing canonical,https://www.chewy.com/b/hummingbird-feeder-139998,True,Set the canonical to the normalized self URL for eligible pages.,,Hummingbird Feeders - Free shipping | Chewy,43,"Shop Chewy for low prices and the best Hummingbird Feeder! We carry a large selection and the top brands like Hummer's Galore, Mosaic Birds, and more. Find everything you need in one place. FREE shipping on orders $49+ and the BEST customer service!",249,,Hummingbird Feeders,1,hummingbird-feeder,False,False,False,False,True,False,False,False,7,352,2,,,,,,,,,,,,,,1.0
Browse,Index,Missing self-referencing canonical,https://www.chewy.com/b/farm-and-livestock-supplies-8403,True,Set the canonical to the normalized self URL for eligible pages.,,Farm Supplies and Livestock Supplies | Chewy,44,"Shop Chewy for low prices and the best Farm and Livestock Supplies! We carry a large selection and the top brands like Weaver Livestock, Sullivan Supply, and more. Find everything you need in one place. FREE shipping on orders $49+ and the BEST customer service!",262,farm animal and livestock supplies,Farm and Livestock Supplies,1,farm-and-livestock-supplies,False,False,False,False,True,False,False,True,87,363,2,,,,,,,4,4,9.5,3,0,1,0,
Browse,Index,Missing self-referencing canonical,https://www.chewy.com/b/collars-345,True,Set the canonical to the normalized self URL for eligible pages.,,,,,,,,0,collars,,True,False,False,False,False,False,False,283,0,2,,,,,,,,,,,,,,
Browse,Index,Missing self-referencing canonical,https://www.chewy.com/b/leashes-346,True,Set the canonical to the normalized self URL for eligible pages.,,,,,,,,0,leashes,,True,False,False,False,False,False,False,226,0,2,,,,,,,,,,,,,,1.0
Browse,Index,Missing self-referencing canonical,https://www.chewy.com/b/id-tags-accessories-348,True,Set the canonical to the normalized self URL for eligible pages.,,,,,,,,0,id-tags-accessories,,True,False,False,False,False,False,False,187,0,2,,,,,,,,,,,,,,
Browse,Index,Missing self-referencing canonical,https://www.chewy.com/b/training-tech-collars-106774,True,Set the canonical to the normalized self URL for eligible pages.,,Training & Tech Collars - Free shipping | Chewy,47,"Shop Chewy for low prices and the best Training & Tech Collars! We carry a large selection and the top brands like PATPET, LvLrister, and more. Find everything you need in one place. FREE shipping on orders $49+ and the BEST customer service!",242,puppy training and tech collars,Training & Tech Collars,1,training-tech-collars,False,False,False,False,True,False,False,False,1521,360,2,,,,,,,1,1,,0,0,0,1,1.0
Browse,Index,Missing self-referencing canonical,https://www.chewy.com/b/headcollar-349,True,Set the canonical to the normalized self URL for eligible pages.,,,,,,,,0,headcollar,,True,False,False,False,False,False,False,176,0,2,,,,,,,,,,,,,,
Browse,Index,Missing self-referencing canonical,https://www.chewy.com/b/service-dog-2575,True,Set the canonical to the normalized self URL for eligible pages.,,,,,,,,0,service-dog,,True,False,False,False,False,False,False,176,0,2,,,,,,,,,,,,,,
Browse,Index,Missing self-referencing canonical,https://www.chewy.com/b/tie-outs-350,True,Set the canonical to the normalized self URL for eligible pages.,,,,,,,,0,tie-outs,,True,False,False,False,False,False,False,175,0,2,,,,,,,,,,,,,,
Browse,Index,Missing self-referencing canonical,https://www.chewy.com/b/muzzles-11555,True,Set the canonical to the normalized self URL for eligible pages.,,,,,,,,0,muzzles,,True,False,False,False,False,False,False,176,0,2,,,,,,,,,,,,,,
Browse,Index,Missing self-referencing canonical,https://www.chewy.com/b/flea-tick-shampoos-1872,True,Set the canonical to the normalized self URL for eligible pages.,,Flea & Tick Shampoos for Dogs & Cats - Free shipping | Chewy,60,"Shop Chewy for low prices and the best Flea & Tick Shampoos! We carry a large selection and the top brands like TropiClean, ADAMS, and more. Find everything you need in one place. FREE shipping on orders $49+ and the BEST customer service!",239,,Flea & Tick Shampoos for Dogs & Cats,1,flea-tick-shampoos,False,False,False,False,True,False,False,False,24,342,2,,,,,,,,,,,,,,1.0
Browse,Index,Missing self-referencing canonical,https://www.chewy.com/b/top-rated-11489,True,Set the canonical to the normalized self URL for eligible pages.,,Top-Rated Soft & Chewy Treats - Free shipping | Chewy,53,"Shop Chewy for low prices and the best Top-Rated products! We carry a large selection and the top brands like Blue Buffalo, Bocce's Bakery, and more. Find everything you need in one place. FREE shipping on orders $49+ and the BEST customer service!",248,top rated dog treats by chewy,Top-Rated Soft & Chewy Treats,1,top-rated,False,False,False,False,True,False,False,False,1154,359,2,,,,,,,1,1,5.0,1,0,0,0,1.0
Browse,Index,Missing self-referencing canonical,https://www.chewy.com/b/anxiety-vests-apparel-2704,True,Set the canonical to the normalized self URL for eligible pages.,,,,,,,,0,anxiety-vests-apparel,,True,False,False,False,False,False,False,29,0,2,,,,,,,,,,,,,,
Browse,Index,Missing self-referencing canonical,https://www.chewy.com/b/calming-collars-2696,True,Set the canonical to the normalized self URL for eligible pages.,,,,,,,,0,calming-collars,,True,False,False,False,False,False,False,29,0,2,,,,,,,,,,,,,,
Browse,Index,Missing self-referencing canonical,https://www.chewy.com/b/calming-aids-calming-sprays-2697,True,Set the canonical to the normalized self URL for eligible pages.,,,,,,,,0,calming-aids-calming-sprays,,True,False,False,False,False,False,False,32,0,2,,,,,,,,,,,,,,
Browse,Index,Missing self-referencing canonical,https://www.chewy.com/b/calming-care-10778,True,Set the canonical to the normalized self URL for eligible pages.,,,,,,,,0,calming-care,,True,False,False,False,False,False,False,28,0,2,,,,,,,,,,,,,,
Browse,Index,Missing self-referencing canonical,https://www.chewy.com/b/supplements-2556,True,Set the canonical to the normalized self URL for eligible pages.,,"Dog Calming Supplements: Drops, Chews & More (Free Shipping) | Chewy",68,"Shop Chewy for low prices and the best Supplements products! We carry a large selection and the top brands like Zesty Paws, NaturVet, and more. Find everything you need in one place. FREE shipping on orders $49+ and the BEST customer service!",242,,Dog Calming Supplements,1,supplements,False,False,False,False,True,False,False,False,104,358,2,,,,,,,,,,,,,,1.0
Browse,Index,Missing self-referencing canonical,https://www.chewy.com/b/hip-joint-1581,True,Set the canonical to the normalized self URL for eligible pages.,,,,,,,,0,hip-joint,,True,False,False,False,False,False,False,36,0,2,,,,,,,,,,,,,,
Browse,Index,Missing self-referencing canonical,https://www.chewy.com/b/multivitamins-1585,True,Set the canonical to the normalized self URL for eligible pages.,,,,,,,,0,multivitamins,,True,False,False,False,False,False,False,36,0,2,,,,,,,,,,,,,,
Browse,Index,Missing self-referencing canonical,https://www.chewy.com/b/hairball-control-1579,True,Set the canonical to the normalized self URL for eligible pages.,,,,,,,,0,hairball-control,,True,False,False,False,False,False,False,37,0,2,,,,,,,,,,,,,,1.0
Browse,Index,Missing self-referencing canonical,https://www.chewy.com/b/anxiety-calming-1575,True,Set the canonical to the normalized self URL for eligible pages.,,,,,,,,0,anxiety-calming,,True,False,False,False,False,False,False,36,0,2,,,,,,,,,,,,,,
Browse,Index,Missing self-referencing canonical,https://www.chewy.com/b/heart-liver-1580,True,Set the canonical to the normalized self URL for eligible pages.,,,,,,,,0,heart-liver,,True,False,False,False,False,False,False,36,0,2,,,,,,,,,,,,,,
Browse,Index,Missing self-referencing canonical,https://www.chewy.com/b/full-broad-spectrum-hemp-extract-143742,True,Set the canonical to the normalized self URL for eligible pages.,,,,,,,,0,full-broad-spectrum-hemp-extract,,True,False,False,False,False,False,False,35,0,2,,,,,,,,,,,,,,
Browse,Index,Missing self-referencing canonical,https://www.chewy.com/b/dental-breath-care-1576,True,Set the canonical to the normalized self URL for eligible pages.,,,,,,,,0,dental-breath-care,,True,False,False,False,False,False,False,175,0,2,,,,,,,,,,,,,,
Browse,Index,Missing self-referencing canonical,https://www.chewy.com/b/dental-supplements-1503,True,Set the canonical to the normalized self URL for eligible pages.,,,,,,,,0,dental-supplements,,True,False,False,False,False,False,False,94,0,2,,,,,,,,,,,,,,
Browse,Index,Missing self-referencing canonical,https://www.chewy.com/b/dog-flea-and-tick-shampoo-15536,True,Set the canonical to the normalized self URL for eligible pages.,,Flea & Tick Shampoo For Dogs - Free shipping | Chewy,52,"Shop Chewy for low prices and the best Flea & Tick Shampoos! We carry a large selection and the top brands like TropiClean, Wondercide, and more. Find everything you need in one place. FREE shipping on orders $49+ and the BEST customer service!",244,,Flea & Tick Shampoo For Dogs,1,dog-flea-and-tick-shampoo,False,False,False,False,True,False,False,True,139,352,2,,,,,,,,,,,,,,
Browse,Index,Missing self-referencing canonical,https://www.chewy.com/b/medicated-shampoos-conditioners-120550,True,Set the canonical to the normalized self URL for eligible pages.,,Dog Medicated Shampoos & Conditioners - Free shipping | Chewy,61,"Shop Chewy for low prices and the best Medicated Shampoos & Conditioners! We carry a large selection and the top brands like Davis, Veterinary Formula Clinical Care, and more. Find everything you need in one place. FREE shipping on orders $49+ and the BEST customer service!",274,,Dog Medicated Shampoos & Conditioners,1,medicated-shampoos-conditioners,False,False,False,False,True,False,False,False,187,351,2,,,,,,,,,,,,,,
Browse,Index,Missing self-referencing canonical,https://www.chewy.com/b/rat-10854,True,Set the canonical to the normalized self URL for eligible pages.,,,,,,,,0,rat,,True,False,False,False,False,False,False,88,0,2,,,,,,,,,,,,,,
Browse,Index,Missing self-referencing canonical,https://www.chewy.com/b/chinchilla-10857,True,Set the canonical to the normalized self URL for eligible pages.,,,,,,,,0,chinchilla,,True,False,False,False,False,False,False,86,0,2,,,,,,,,,,,,,,
Browse,Index,Missing self-referencing canonical,https://www.chewy.com/b/hedgehog-10859,True,Set the canonical to the normalized self URL for eligible pages.,,,,,,,,0,hedgehog,,True,False,False,False,False,False,False,87,0,2,,,,,,,,,,,,,,
Browse,Index,Missing self-referencing canonical,https://www.chewy.com/b/sugar-glider-10860,True,Set the canonical to the normalized self URL for eligible pages.,,,,,,,,0,sugar-glider,,True,False,False,False,False,False,False,87,0,2,,,,,,,,,,,,,,
Browse,Index,Missing self-referencing canonical,https://www.chewy.com/b/top-rated-dog-technology-must-haves-13537,True,Set the canonical to the normalized self URL for eligible pages.,,Top-Rated Dog Technology Must-Haves - Free shipping | Chewy,59,"Shop Chewy for low prices and the best Top-Rated Dog Technology Must-Haves! We carry a large selection and the top brands like PetSafe, Casfuy, and more. Find everything you need in one place. FREE shipping on orders $49+ and the BEST customer service!",252,,Top-Rated Dog Technology Must-Haves,1,top-rated-dog-technology-must-haves,,False,False,False,True,False,False,False,64,344,3,,,,,,,,,,,,,,
Browse,Index,Missing self-referencing canonical,https://www.chewy.com/b/dryers-2467,True,Set the canonical to the normalized self URL for eligible pages.,,,,,,,,0,dryers,,True,False,False,False,False,False,False,6,0,3,,,,,,,,,,,,,,
Browse,Index,Missing self-referencing canonical,https://www.chewy.com/b/supplements-healthcare-13025,True,Set the canonical to the normalized self URL for eligible pages.,,,,,,,,0,supplements-healthcare,,True,False,False,False,False,False,False,1,0,3,,,,,,,,,,,,,,
Browse,Index,Missing self-referencing canonical,https://www.chewy.com/b/cages-12953,True,Set the canonical to the normalized self URL for eligible pages.,,,,,,,,0,cages,,True,False,False,False,False,False,False,2,0,3,,,,,,,,,,,,,,
Browse,Index,Missing self-referencing canonical,https://www.chewy.com/b/low-nsc-feeds-171030,True,Set the canonical to the normalized self URL for eligible pages.,,Low NSC Feeds for Metabolic Horses - Free shipping | Chewy,58,"Shop Chewy for low prices and the best Low NSC Feeds! We carry a large selection and the top brands like Tribute Equine Nutrition, Bluebonnet Feeds, and more. Find everything you need in one place. FREE shipping on orders $49+ and the BEST customer service!",257,,Low NSC Feeds for Metabolic Horses,1,low-nsc-feeds,False,False,False,False,True,False,False,False,24,352,3,,,,,,,,,,,,,,1.0
Browse,Index,Missing self-referencing canonical,https://www.chewy.com/b/conditioners-2446,True,Set the canonical to the normalized self URL for eligible pages.,,,,,,,,0,conditioners,,True,False,False,False,False,False,False,6,0,3,,,,,,,,,,,,,,
Browse,Index,Missing self-referencing canonical,https://www.chewy.com/b/tortoise-substrate-and-bedding-141070,True,Set the canonical to the normalized self URL for eligible pages.,,Tortoise Substrate & Bedding | Chewy,36,"Shop Chewy for low prices and the best Bedding & Substrate! We carry a large selection and the top brands like Galapagos, Exo Terra, and more. Find everything you need in one place. FREE shipping on orders $49+ and the BEST customer service!",241,,Tortoise Substrate & Bedding,1,tortoise-substrate-and-bedding,False,False,False,False,True,False,False,True,31,355,3,,,,,,,,,,,,,,
Browse,Index,Missing self-referencing canonical,https://www.chewy.com/b/fetch-toys-317,True,Set the canonical to the normalized self URL for eligible pages.,,,,,,,,0,fetch-toys,,True,False,False,False,False,False,False,9,0,3,,,,,,,,,,,,,,1.0
Browse,Index,Missing self-referencing canonical,https://www.chewy.com/b/interactive-toys-319,True,Set the canonical to the normalized self URL for eligible pages.,,,,,,,,0,interactive-toys,,True,False,False,False,False,False,False,66,0,3,,,,,,,,,,,,,,1.0
Browse,Index,Missing self-referencing canonical,https://www.chewy.com/b/toys-970,True,Set the canonical to the normalized self URL for eligible pages.,,,,,,,,0,toys,,True,False,False,False,False,False,False,6,0,3,,,,,,,,,,,,,,1.0
Browse,Index,Missing self-referencing canonical,https://www.chewy.com/b/urinary-care-dry-cat-food-142086,True,Set the canonical to the normalized self URL for eligible pages.,,Urinary Care Dry Cat Food - Free Shipping | Chewy,49,"Shop Chewy for low prices and the best Urinary Care! We carry a large selection and the top brands like Wellness, Blackwood, and more. Find everything you need in one place. FREE shipping on orders $49+ and the BEST customer service!",233,,Urinary Care Dry Cat Food,1,urinary-care-dry-cat-food,False,False,False,False,True,False,False,False,25,347,3,,,,,,,,,,,,,,
Browse,Index,Missing self-referencing canonical,https://www.chewy.com/b/wet-cat-food-for-urinary-health-142350,True,Set the canonical to the normalized self URL for eligible pages.,,Urinary Wet Cat Food - Free Shipping | Chewy,44,"Shop Chewy for urinary cat food from top brands! We carry a large selection of products from Purina Pro Plan, Hills Science Diet and more. FREE shipping on orders $49+!",168,chewy urinary cat food,Wet Cat Food For Urinary Health,1,wet-cat-food-for-urinary-health,False,False,False,False,True,False,False,False,32,351,3,,,,,,,1,1,30.0,0,0,1,0,1.0
Browse,Index,Missing self-referencing canonical,https://www.chewy.com/b/dry-cat-food-for-kidney-disease-142094,True,Set the canonical to the normalized self URL for eligible pages.,,Dry Cat Food For Kidney Disease - Free Shipping | Chewy,55,"Shop Chewy for low prices and the best Kidney Care! We carry a large selection and the top brands like Blue Buffalo, Forza10, and more. Find everything you need in one place. FREE shipping on orders $49+ and the BEST customer service!",234,,Dry Cat Food For Kidney Disease,1,dry-cat-food-for-kidney-disease,False,False,False,False,True,False,False,False,22,318,3,,,,,,,,,,,,,,1.0
Browse,Index,Missing self-referencing canonical,https://www.chewy.com/b/saltwater-fish-filters-116078,True,Set the canonical to the normalized self URL for eligible pages.,,,,,,,,0,saltwater-fish-filters,,True,False,False,False,False,False,False,1,0,3,,,,,,,,,,,,,,
Browse,Index,Missing self-referencing canonical,https://www.chewy.com/b/complete-feed-9815,True,Set the canonical to the normalized self URL for eligible pages.,,,,,,,,0,complete-feed,,True,False,False,False,False,False,False,1,0,3,,,,,,,,,,,,,,
Browse,Index,Missing self-referencing canonical,https://www.chewy.com/b/gps-activity-trackers-11544,True,Set the canonical to the normalized self URL for eligible pages.,,Dog GPS & Activity Trackers - Free shipping | Chewy,51,"Shop Chewy for low prices and the best GPS & Activity Trackers! We carry a large selection and the top brands like Fi, Pawfit, and more. Find everything you need in one place. FREE shipping on orders $49+ and the BEST customer service!",235,,Dog GPS & Activity Trackers,1,gps-activity-trackers,False,False,False,False,True,False,False,False,14,352,3,,,,,,,,,,,,,,
Browse,Index,Missing self-referencing canonical,https://www.chewy.com/b/electronic-doors-8315,True,Set the canonical to the normalized self URL for eligible pages.,,,,,,,,0,electronic-doors,,True,False,False,False,False,False,False,3,0,3,,,,,,,,,,,,,,
Browse,Index,Missing self-referencing canonical,https://www.chewy.com/b/cameras-monitors-8312,True,Set the canonical to the normalized self URL for eligible pages.,,,,,,,,0,cameras-monitors,,True,False,False,False,False,False,False,5,0,3,,,,,,,,,,,,,,
Browse,Index,Missing self-referencing canonical,https://www.chewy.com/b/gps-activity-8313,True,Set the canonical to the normalized self URL for eligible pages.,,,,,,,,0,gps-activity,,True,False,False,False,False,False,False,1,0,3,,,,,,,,,,,,,,
Browse,Index,Missing self-referencing canonical,https://www.chewy.com/b/waterless-grooming-357,True,Set the canonical to the normalized self URL for eligible pages.,,,,,,,,0,waterless-grooming,,True,False,False,False,False,False,False,8,0,3,,,,,,,,,,,,,,
Browse,Index,Missing self-referencing canonical,https://www.chewy.com/b/grooming-sprays-detanglers-2460,True,Set the canonical to the normalized self URL for eligible pages.,,,,,,,,0,grooming-sprays-detanglers,,True,False,False,False,False,False,False,9,0,3,,,,,,,,,,,,,,
Browse,Index,Missing self-referencing canonical,https://www.chewy.com/b/new-arrivals-1940,True,Set the canonical to the normalized self URL for eligible pages.,,New Product Arrivals to Chewy: Dog & Cat - Free Shipping | Chewy,64,Shop Chewy for low prices on the newest dog and cat products. At Chewy we constantly update our cat and dog products offered to make sure we're offering the best products from top brands so check here for our newest offerings. *FREE* shipping on orders $49+ and the BEST customer service!,288,,New Arrivals,1,new-arrivals,,False,False,False,True,False,False,False,11913,358,3,,,,,,,,,,,,,,
Browse,Index,Missing self-referencing canonical,https://www.chewy.com/b/indoor-cat-food-167886,True,Set the canonical to the normalized self URL for eligible pages.,,Indoor Cat Food - Free shipping | Chewy,39,"Shop Chewy for low prices and the best Indoor Cat! We carry a large selection and the top brands like Blue Buffalo, Iams, and more. Find everything you need in one place. FREE shipping on orders $49+ and the BEST customer service!",230,,Indoor Cat Food,1,indoor-cat-food,False,False,False,False,True,False,False,False,35,351,3,,,,,,,,,,,,,,1.0
Browse,Index,Missing self-referencing canonical,https://www.chewy.com/b/catnip-cat-grass-1555,True,Set the canonical to the normalized self URL for eligible pages.,,,,,,,,0,catnip-cat-grass,,True,False,False,False,False,False,False,12,0,3,,,,,,,,,,,,,,
Browse,Index,Missing self-referencing canonical,https://www.chewy.com/b/teasers-wands-1421,True,Set the canonical to the normalized self URL for eligible pages.,,,,,,,,0,teasers-wands,,True,False,False,False,False,False,False,17,0,3,,,,,,,,,,,,,,
Browse,Index,Missing self-referencing canonical,https://www.chewy.com/b/scratching-posts-1484,True,Set the canonical to the normalized self URL for eligible pages.,,,,,,,,0,scratching-posts,,True,False,False,False,False,False,False,9,0,3,,,,,,,,,,,,,,1.0
Browse,Index,Missing self-referencing canonical,https://www.chewy.com/b/dog-houses-2044,True,Set the canonical to the normalized self URL for eligible pages.,,,,,,,,0,dog-houses,,True,False,False,False,False,False,False,6,0,3,,,,,,,,,,,,,,
Browse,Index,Missing self-referencing canonical,https://www.chewy.com/b/clipper-blades-parts-1429,True,Set the canonical to the normalized self URL for eligible pages.,,,,,,,,0,clipper-blades-parts,,True,False,False,False,False,False,False,3,0,3,,,,,,,,,,,,,,
Browse,Index,Missing self-referencing canonical,https://www.chewy.com/b/remote-training-11543,True,Set the canonical to the normalized self URL for eligible pages.,,Dog Remote Training Collars - Free shipping | Chewy,51,"Shop Chewy for low prices and the best Remote Training! We carry a large selection and the top brands like PATPET, Bousnic, and more. Find everything you need in one place. FREE shipping on orders $49+ and the BEST customer service!",232,,Dog Remote Training Collars,1,remote-training,False,False,False,False,True,False,False,False,950,358,3,,,,,,,,,,,,,,1.0
Browse,Index,Missing self-referencing canonical,https://www.chewy.com/b/bark-collars-2559,True,Set the canonical to the normalized self URL for eligible pages.,,,,,,,,0,bark-collars,,True,False,False,False,False,False,False,2,0,3,,,,,,,,,,,,,,
Browse,Index,Missing self-referencing canonical,https://www.chewy.com/b/training-behavior-1449,True,Set the canonical to the normalized self URL for eligible pages.,,,,,,,,0,training-behavior,,True,False,False,False,False,False,False,8,0,3,,,,,,,,,,,,,,
Browse,Index,Missing self-referencing canonical,https://www.chewy.com/b/ultrasonic-repellents-11287,True,Set the canonical to the normalized self URL for eligible pages.,,,,,,,,0,ultrasonic-repellents,,True,False,False,False,False,False,False,2,0,3,,,,,,,,,,,,,,1.0
Browse,Index,Missing self-referencing canonical,https://www.chewy.com/b/skin-coat-care-11567,True,Set the canonical to the normalized self URL for eligible pages.,,,,,,,,0,skin-coat-care,,True,False,False,False,False,False,False,1,0,3,,,,,,,,,,,,,,
Browse,Index,Missing self-referencing canonical,https://www.chewy.com/b/guinea-pig-hay-140470,True,Set the canonical to the normalized self URL for eligible pages.,,Guinea Pig Hay | Chewy,22,"Shop Chewy for low prices and the best Hay products! We carry a large selection and the top brands like Rabbit Hole Hay, Oxbow, and more. Find everything you need in one place. FREE shipping on orders $49+ and the BEST customer service!",236,,Guinea Pig Hay,1,guinea-pig-hay,False,False,False,False,True,False,False,True,23,362,3,,,,,,,,,,,,,,1.0
Browse,Index,Missing self-referencing canonical,https://www.chewy.com/b/bedding-litter-10929,True,Set the canonical to the normalized self URL for eligible pages.,,,,,,,,0,bedding-litter,,True,False,False,False,False,False,False,2,0,3,,,,,,,,,,,,,,
Browse,Index,Missing self-referencing canonical,https://www.chewy.com/b/bedding-10994,True,Set the canonical to the normalized self URL for eligible pages.,,,,,,,,0,bedding,,True,False,False,False,False,False,False,3,0,3,,,,,,,,,,,,,,
Browse,Index,Missing self-referencing canonical,https://www.chewy.com/b/dewormers-137558,True,Set the canonical to the normalized self URL for eligible pages.,,Dewormers for Horses - Free shipping | Chewy,44,"Shop Chewy for low prices and the best Dewormers products! We carry a large selection and the top brands like Praziquantel Compounded, Fenbendazole Compounded, and more. Find everything you need in one place. FREE shipping on orders $49+ and the BEST customer service!",268,,Dewormers for Horses,1,dewormers,False,False,False,False,True,False,False,False,37,317,3,,,,,,,,,,,,,,
Browse,Index,Missing self-referencing canonical,https://www.chewy.com/b/best-selling-cat-food-12777,True,Set the canonical to the normalized self URL for eligible pages.,,Best Selling Cat Food - Free shipping | Chewy,45,"Shop Chewy for low prices and the best Best Selling Cat Food! We carry a large selection and the top brands like Fancy Feast, Blue Buffalo, and more. Find everything you need in one place. FREE shipping on orders $49+ and the BEST customer service!",248,,Best Selling Cat Food,1,best-selling-cat-food,,False,False,False,True,False,False,False,83,351,3,,,,,,,,,,,,,,
Browse,Index,Missing self-referencing canonical,https://www.chewy.com/b/freeze-dried-dehydrated-food-12784,True,Set the canonical to the normalized self URL for eligible pages.,,Best Selling Freeze-Dried & Dehydrated Cat Food - Free shipping | Chewy,71,"Shop Chewy for low prices and the best Freeze-Dried & Dehydrated Food! We carry a large selection and the top brands like Stella & Chewy's, Primal, and more. Find everything you need in one place. FREE shipping on orders $49+ and the BEST customer service!",256,,Best Selling Freeze-Dried & Dehydrated Cat Food,1,freeze-dried-dehydrated-food,,False,False,False,True,False,False,False,41,341,3,,,,,,,,,,,,,,
Browse,Index,Missing self-referencing canonical,https://www.chewy.com/b/cages-10932,True,Set the canonical to the normalized self URL for eligible pages.,,,,,,,,0,cages,,True,False,False,False,False,False,False,5,0,3,,,,,,,,,,,,,,
Browse,Index,Missing self-referencing canonical,https://www.chewy.com/b/feeders-bowls-138134,True,Set the canonical to the normalized self URL for eligible pages.,,,,,,,,0,feeders-bowls,,True,False,False,False,False,False,False,1,0,3,,,,,,,,,,,,,,
Browse,Index,Missing self-referencing canonical,https://www.chewy.com/b/water-bottles-feeders-10935,True,Set the canonical to the normalized self URL for eligible pages.,,,,,,,,0,water-bottles-feeders,,True,False,False,False,False,False,False,3,0,3,,,,,,,,,,,,,,
Browse,Index,Missing self-referencing canonical,https://www.chewy.com/b/hammocks-beds-hideouts-10938,True,Set the canonical to the normalized self URL for eligible pages.,,,,,,,,0,hammocks-beds-hideouts,,True,False,False,False,False,False,False,2,0,3,,,,,,,,,,,,,,
Browse,Index,Missing self-referencing canonical,https://www.chewy.com/b/toys-tunnels-10940,True,Set the canonical to the normalized self URL for eligible pages.,,,,,,,,0,toys-tunnels,,True,False,False,False,False,False,False,4,0,3,,,,,,,,,,,,,,
Browse,Index,Missing self-referencing canonical,https://www.chewy.com/b/treats-12995,True,Set the canonical to the normalized self URL for eligible pages.,,,,,,,,0,treats,,True,False,False,False,False,False,False,2,0,3,,,,,,,,,,,,,,
Browse,Index,Missing self-referencing canonical,https://www.chewy.com/b/feeders-waterers-12039,True,Set the canonical to the normalized self URL for eligible pages.,,,,,,,,0,feeders-waterers,,True,False,False,False,False,False,False,1,0,3,,,,,,,,,,,,,,
Browse,Index,Missing self-referencing canonical,https://www.chewy.com/b/chewy-home-collection-13084,True,Set the canonical to the normalized self URL for eligible pages.,,Cat Home Products - Free shipping | Chewy,41,"Delivering pet happiness by conveniently shipping 3,500+ brands of pet food and stuff (for free!) while ensuring at-risk animals' lives are improved across the planet. 1-800-672-4399",182,,Cat Home Products,1,chewy-home-collection,,False,False,False,True,False,False,False,619,357,3,,,,,,,,,,,,,,
Browse,Index,Missing self-referencing canonical,https://www.chewy.com/b/sleep-scratch-13085,True,Set the canonical to the normalized self URL for eligible pages.,,Sleep & Scratch - Free shipping | Chewy,39,"Shop Chewy for low prices and the best Sleep & Scratch! We carry a large selection and the top brands like Frisco, EliteField, and more. Find everything you need in one place. FREE shipping on orders $49+ and the BEST customer service!",235,,Sleep & Scratch,1,sleep-scratch,,False,False,False,True,False,False,False,201,353,3,,,,,,,,,,,,,,
Browse,Index,Missing self-referencing canonical,https://www.chewy.com/b/wall-shelves-13090,True,Set the canonical to the normalized self URL for eligible pages.,,Cat Wall Shelves - Free shipping | Chewy,40,"Shop Chewy for low prices and the best Wall Shelves! We carry a large selection and the top brands like FUKUMARU, PETOMG, and more. Find everything you need in one place. FREE shipping on orders $49+ and the BEST customer service!",230,,Cat Wall Shelves,1,wall-shelves,,False,False,False,True,False,False,False,49,343,3,,,,,,,,,,,,,,
Browse,Index,Missing self-referencing canonical,https://www.chewy.com/b/bath-towels-2466,True,Set the canonical to the normalized self URL for eligible pages.,,,,,,,,0,bath-towels,,True,False,False,False,False,False,False,7,0,3,,,,,,,,,,,,,,
Browse,Index,Missing self-referencing canonical,https://www.chewy.com/b/rope-tug-toys-321,True,Set the canonical to the normalized self URL for eligible pages.,,,,,,,,0,rope-tug-toys,,True,False,False,False,False,False,False,11,0,3,,,,,,,,,,,,,,
Browse,Index,Missing self-referencing canonical,https://www.chewy.com/b/feeders-bowls-10891,True,Set the canonical to the normalized self URL for eligible pages.,,,,,,,,0,feeders-bowls,,True,False,False,False,False,False,False,5,0,3,,,,,,,,,,,,,,
Browse,Index,Missing self-referencing canonical,https://www.chewy.com/b/feed-9893,True,Set the canonical to the normalized self URL for eligible pages.,,,,,,,,0,feed,,True,False,False,False,False,False,False,1,0,3,,,,,,,,,,,,,,
Browse,Index,Missing self-referencing canonical,https://www.chewy.com/b/hats-12844,True,Set the canonical to the normalized self URL for eligible pages.,,,,,,,,0,hats,,True,False,False,False,False,False,False,1,0,3,,,,,,,,,,,,,,
Browse,Index,Missing self-referencing canonical,https://www.chewy.com/b/home-treatments-10480,True,Set the canonical to the normalized self URL for eligible pages.,,,,,,,,0,home-treatments,,True,False,False,False,False,False,False,1,0,3,,,,,,,,,,,,,,
Browse,Index,Missing self-referencing canonical,https://www.chewy.com/b/flea-shampoo-for-cats-15539,True,Set the canonical to the normalized self URL for eligible pages.,,Cat Flea & Tick Shampoos - Free shipping | Chewy,48,"Shop Chewy for low prices and the best Flea & Tick Shampoos! We carry a large selection and the top brands like ADAMS, Wondercide, and more. Find everything you need in one place. FREE shipping on orders $49+ and the BEST customer service!",239,,Cat Flea & Tick Shampoos,1,flea-shampoo-for-cats,False,False,False,False,True,False,False,True,38,349,3,,,,,,,,,,,,,,
Browse,Index,Missing self-referencing canonical,https://www.chewy.com/b/playpens-habitats-extensions-10933,True,Set the canonical to the normalized self URL for eligible pages.,,,,,,,,0,playpens-habitats-extensions,,True,False,False,False,False,False,False,2,0,3,,,,,,,,,,,,,,
Browse,Index,Missing self-referencing canonical,https://www.chewy.com/b/hair-clippers-shears-1428,True,Set the canonical to the normalized self URL for eligible pages.,,,,,,,,0,hair-clippers-shears,,True,False,False,False,False,False,False,7,0,3,,,,,,,,,,,,,,
Browse,Index,Missing self-referencing canonical,https://www.chewy.com/b/headcollar-11553,True,Set the canonical to the normalized self URL for eligible pages.,,Dog Headcollars - Free shipping | Chewy,39,"Shop Chewy for low prices and the best Headcollar products! We carry a large selection and the top brands like Mad Dog Products, PetSafe, and more. Find everything you need in one place. FREE shipping on orders $49+ and the BEST customer service!",246,,Dog Headcollars,1,headcollar,False,False,False,False,True,False,False,False,416,330,3,,,,,,,,,,,,,,1.0
Browse,Index,Missing self-referencing canonical,https://www.chewy.com/b/grain-free-11235,True,Set the canonical to the normalized self URL for eligible pages.,,,,,,,,0,grain-free,,True,False,False,False,False,False,False,5,0,3,,,,,,,,,,,,,,
Browse,Index,Missing self-referencing canonical,https://www.chewy.com/b/limited-ingredient-diet-11236,True,Set the canonical to the normalized self URL for eligible pages.,,,,,,,,0,limited-ingredient-diet,,True,False,False,False,False,False,False,3,0,3,,,,,,,,,,,,,,
Browse,Index,Missing self-referencing canonical,https://www.chewy.com/b/air-purifiers-15526,True,Set the canonical to the normalized self URL for eligible pages.,,,,,,,,0,air-purifiers,,True,False,False,False,False,False,False,3,0,3,,,,,,,,,,,,,,
Browse,Index,Missing self-referencing canonical,https://www.chewy.com/b/cleansers-2436,True,Set the canonical to the normalized self URL for eligible pages.,,,,,,,,0,cleansers,,True,False,False,False,False,False,False,2,0,3,,,,,,,,,,,,,,
Browse,Index,Missing self-referencing canonical,https://www.chewy.com/b/food-1028,True,Set the canonical to the normalized self URL for eligible pages.,,,,,,,,0,food,,True,False,False,False,False,False,False,2,0,3,,,,,,,,,,,,,,
Browse,Index,Missing self-referencing canonical,https://www.chewy.com/b/health-wellness-14031,True,Set the canonical to the normalized self URL for eligible pages.,,,,,,,,0,health-wellness,,True,False,False,False,False,False,False,1,0,3,,,,,,,,,,,,,,
Browse,Index,Missing self-referencing canonical,https://www.chewy.com/b/bedding-litter-10883,True,Set the canonical to the normalized self URL for eligible pages.,,,,,,,,0,bedding-litter,,True,False,False,False,False,False,False,3,0,3,,,,,,,,,,,,,,
Browse,Index,Missing self-referencing canonical,https://www.chewy.com/b/poop-bags-1443,True,Set the canonical to the normalized self URL for eligible pages.,,,,,,,,0,poop-bags,,True,False,False,False,False,False,False,29,0,3,,,,,,,,,,,,,,
Browse,Index,Missing self-referencing canonical,https://www.chewy.com/b/gastrointestinal-care-digestive-11610,True,Set the canonical to the normalized self URL for eligible pages.,,,,,,,,0,gastrointestinal-care-digestive,,True,False,False,False,False,False,False,1,0,3,,,,,,,,,,,,,,
Browse,Index,Missing self-referencing canonical,https://www.chewy.com/b/shampoos-conditioners-435,True,Set the canonical to the normalized self URL for eligible pages.,,,,,,,,0,shampoos-conditioners,,True,False,False,False,False,False,False,5,0,3,,,,,,,,,,,,,,
Browse,Index,Missing self-referencing canonical,https://www.chewy.com/b/personalized-ornaments-stockings-12804,True,Set the canonical to the normalized self URL for eligible pages.,,Custom Personalized Pet Ornaments & Stockings (Free Shipping) | Chewy,69,"Shop Chewy for low prices and the best Personalized Ornaments & Stockings! We carry a large selection and the top brands like Frisco, Custom Personalization Solutions, and more. Find everything you need in one place. FREE shipping on orders $49+ and the BEST customer service!",276,,Personalized & Custom Pet Ornaments & Stockings,1,personalized-ornaments-stockings,False,False,False,False,True,False,False,False,78,341,3,,,,,,,,,,,,,,
Browse,Index,Missing self-referencing canonical,https://www.chewy.com/b/personalized-picture-frames-11799,True,Set the canonical to the normalized self URL for eligible pages.,,Personalized Pet Picture Frames: Custom Pet Frames (Free Shipping) | Chewy,74,"Shop Chewy for personalized pet picture frames. Capture your pet's cuteness with a custom pet picture frame that brightens anyone's home. Low prices, free shipping and the BEST customer service!",194,,Personalized & Custom Pet Picture Frames,1,personalized-picture-frames,False,False,False,False,True,False,False,False,24,328,3,,,,,,,,,,,,,,1.0
Browse,Index,Missing self-referencing canonical,https://www.chewy.com/b/backpacks-10026,True,Set the canonical to the normalized self URL for eligible pages.,,,,,,,,0,backpacks,,True,False,False,False,False,False,False,3,0,3,,,,,,,,,,,,,,
Browse,Index,Missing self-referencing canonical,https://www.chewy.com/b/leashes-2568,True,Set the canonical to the normalized self URL for eligible pages.,,,,,,,,0,leashes,,True,False,False,False,False,False,False,2,0,3,,,,,,,,,,,,,,
Browse,Index,Missing self-referencing canonical,https://www.chewy.com/b/grooming-tools-359,True,Set the canonical to the normalized self URL for eligible pages.,,,,,,,,0,grooming-tools,,True,False,False,False,False,False,False,4,0,3,,,,,,,,,,,,,,
Browse,Index,Missing self-referencing canonical,https://www.chewy.com/b/ear-care-361,True,Set the canonical to the normalized self URL for eligible pages.,,,,,,,,0,ear-care,,True,False,False,False,False,False,False,2,0,3,,,,,,,,,,,,,,
Browse,Index,Missing self-referencing canonical,https://www.chewy.com/b/paw-nail-care-2397,True,Set the canonical to the normalized self URL for eligible pages.,,,,,,,,0,paw-nail-care,,True,False,False,False,False,False,False,4,0,3,,,,,,,,,,,,,,
Browse,Index,Missing self-referencing canonical,https://www.chewy.com/b/bath-shower-supplies-363,True,Set the canonical to the normalized self URL for eligible pages.,,,,,,,,0,bath-shower-supplies,,True,False,False,False,False,False,False,1,0,3,,,,,,,,,,,,,,
Browse,Index,Missing self-referencing canonical,https://www.chewy.com/b/eye-care-362,True,Set the canonical to the normalized self URL for eligible pages.,,,,,,,,0,eye-care,,True,False,False,False,False,False,False,3,0,3,,,,,,,,,,,,,,
Browse,Index,Missing self-referencing canonical,https://www.chewy.com/b/waterless-bath-2459,True,Set the canonical to the normalized self URL for eligible pages.,,,,,,,,0,waterless-bath,,True,False,False,False,False,False,False,7,0,3,,,,,,,,,,,,,,
Browse,Index,Missing self-referencing canonical,https://www.chewy.com/b/deodorizing-sprays-colognes-2461,True,Set the canonical to the normalized self URL for eligible pages.,,,,,,,,0,deodorizing-sprays-colognes,,True,False,False,False,False,False,False,8,0,3,,,,,,,,,,,,,,
Browse,Index,Missing self-referencing canonical,https://www.chewy.com/b/ear-care-437,True,Set the canonical to the normalized self URL for eligible pages.,,,,,,,,0,ear-care,,True,False,False,False,False,False,False,3,0,3,,,,,,,,,,,,,,
Browse,Index,Missing self-referencing canonical,https://www.chewy.com/b/brushes-combs-1687,True,Set the canonical to the normalized self URL for eligible pages.,,,,,,,,0,brushes-combs,,True,False,False,False,False,False,False,5,0,3,,,,,,,,,,,,,,
Browse,Index,Missing self-referencing canonical,https://www.chewy.com/b/artificial-plants-2249,True,Set the canonical to the normalized self URL for eligible pages.,,,,,,,,0,artificial-plants,,True,False,False,False,False,False,False,3,0,3,,,,,,,,,,,,,,
Browse,Index,Missing self-referencing canonical,https://www.chewy.com/b/backgrounds-wood-2250,True,Set the canonical to the normalized self URL for eligible pages.,,,,,,,,0,backgrounds-wood,,True,False,False,False,False,False,False,2,0,3,,,,,,,,,,,,,,
Browse,Index,Missing self-referencing canonical,https://www.chewy.com/b/hair-clippers-shears-1435,True,Set the canonical to the normalized self URL for eligible pages.,,,,,,,,0,hair-clippers-shears,,True,False,False,False,False,False,False,3,0,3,,,,,,,,,,,,,,
Browse,Index,Missing self-referencing canonical,https://www.chewy.com/b/bedding-litter-10951,True,Set the canonical to the normalized self URL for eligible pages.,,,,,,,,0,bedding-litter,,True,False,False,False,False,False,False,2,0,3,,,,,,,,,,,,,,
Browse,Index,Missing self-referencing canonical,https://www.chewy.com/b/bedding-11070,True,Set the canonical to the normalized self URL for eligible pages.,,,,,,,,0,bedding,,True,False,False,False,False,False,False,1,0,3,,,,,,,,,,,,,,
Browse,Index,Missing self-referencing canonical,https://www.chewy.com/b/dog-spot-treatments-1874,True,Set the canonical to the normalized self URL for eligible pages.,,Dog Flea & Tick Spot Treatments - Free shipping | Chewy,55,"Shop Chewy for low prices and the best Dog Spot Treatments! We carry a large selection and the top brands like K9 Advantix II, PetArmor, and more. Find everything you need in one place. FREE shipping on orders $49+ and the BEST customer service!",245,,Dog Flea & Tick Spot Treatments,1,dog-spot-treatments,False,False,False,False,True,False,False,False,11,344,3,,,,,,,,,,,,,,
Browse,Index,Missing self-referencing canonical,https://www.chewy.com/b/cat-spot-treatments-1875,True,Set the canonical to the normalized self URL for eligible pages.,,Cat Flea & Tick Spot Treatments - Free shipping | Chewy,55,"Shop Chewy for low prices and the best Cat Spot Treatments! We carry a large selection and the top brands like Advantage II, Bravecto, and more. Find everything you need in one place. FREE shipping on orders $49+ and the BEST customer service!",243,,Cat Flea & Tick Spot Treatments,1,cat-spot-treatments,False,False,False,False,True,False,False,False,8,341,3,,,,,,,,,,,,,,
Browse,Index,Missing self-referencing canonical,https://www.chewy.com/b/grooming-tables-2405,True,Set the canonical to the normalized self URL for eligible pages.,,,,,,,,0,grooming-tables,,True,False,False,False,False,False,False,1,0,3,,,,,,,,,,,,,,
Browse,Index,Missing self-referencing canonical,https://www.chewy.com/b/heating-lighting-14007,True,Set the canonical to the normalized self URL for eligible pages.,,,,,,,,0,heating-lighting,,True,False,False,False,False,False,False,1,0,3,,,,,,,,,,,,,,
Browse,Index,Missing self-referencing canonical,https://www.chewy.com/b/waterless-grooming-434,True,Set the canonical to the normalized self URL for eligible pages.,,,,,,,,0,waterless-grooming,,True,False,False,False,False,False,False,4,0,3,,,,,,,,,,,,,,1.0
Browse,Index,Missing self-referencing canonical,https://www.chewy.com/b/best-selling-harnesses-12829,True,Set the canonical to the normalized self URL for eligible pages.,,Best Selling Harnesses - Free shipping | Chewy,46,"Shop Chewy for low prices and the best Best Selling Harnesses! We carry a large selection and the top brands like Frisco, Best Pet Supplies, and more. Find everything you need in one place. FREE shipping on orders $49+ and the BEST customer service!",249,,Best Selling Harnesses,1,best-selling-harnesses,,False,False,False,True,False,False,False,148,346,3,,,,,,,,,,,,,,
Browse,Index,Missing self-referencing canonical,https://www.chewy.com/b/dog-12833,True,Set the canonical to the normalized self URL for eligible pages.,,Best Selling Dog Harnesses - Free shipping | Chewy,50,"Shop Chewy for low prices and the best Dog products! We carry a large selection and the top brands like Frisco, Best Pet Supplies, and more. Find everything you need in one place. FREE shipping on orders $49+ and the BEST customer service!",239,,Best Selling Dog Harnesses,1,dog,,False,False,False,True,False,False,False,112,344,3,,,,,,,,,,,,,,
Browse,Index,Missing self-referencing canonical,https://www.chewy.com/b/repellent-sprays-11806,True,Set the canonical to the normalized self URL for eligible pages.,,,,,,,,0,repellent-sprays,,True,False,False,False,False,False,False,1,0,3,,,,,,,,,,,,,,
Browse,Index,Missing self-referencing canonical,https://www.chewy.com/b/filters-925,True,Set the canonical to the normalized self URL for eligible pages.,,,,,,,,0,filters,,True,False,False,False,False,False,False,14,0,3,,,,,,,,,,,,,,
Browse,Index,Missing self-referencing canonical,https://www.chewy.com/b/nail-grinders-accessories-2403,True,Set the canonical to the normalized self URL for eligible pages.,,,,,,,,0,nail-grinders-accessories,,True,False,False,False,False,False,False,8,0,3,,,,,,,,,,,,,,
Browse,Index,Missing self-referencing canonical,https://www.chewy.com/b/freshwater-aquarium-health-and-water-care-118302,True,Set the canonical to the normalized self URL for eligible pages.,,Freshwater Aquarium & Fish Tank Maintenance | Chewy,51,"Shop Chewy for low prices and the best Water Care & Fish Health! We carry a large selection and the top brands like API, DrTim's Aquatics, and more. Find everything you need in one place. FREE shipping on orders $49+ and the BEST customer service!",247,aquarium water care,Tropical Fish Tank Health & Water Care,1,freshwater-aquarium-health-and-water-care,False,False,False,False,True,False,False,True,5,351,3,,,,,,,7,7,16.4,0,5,0,2,
Browse,Index,Missing self-referencing canonical,https://www.chewy.com/b/feed-12741,True,Set the canonical to the normalized self URL for eligible pages.,,,,,,,,0,feed,,True,False,False,False,False,False,False,1,0,3,,,,,,,,,,,,,,
Browse,Index,Missing self-referencing canonical,https://www.chewy.com/b/medications-2846,True,Set the canonical to the normalized self URL for eligible pages.,,,,,,,,0,medications,,True,False,False,False,False,False,False,4,0,3,,,,,,,,,,,,,,
Browse,Index,Missing self-referencing canonical,https://www.chewy.com/b/bell-2603,True,Set the canonical to the normalized self URL for eligible pages.,,,,,,,,0,bell,,True,False,False,False,False,False,False,72,0,3,,,,,,,,,,,,,,
Browse,Index,Missing self-referencing canonical,https://www.chewy.com/b/brushes-combs-433,True,Set the canonical to the normalized self URL for eligible pages.,,,,,,,,0,brushes-combs,,True,False,False,False,False,False,False,5,0,3,,,,,,,,,,,,,,
Browse,Index,Missing self-referencing canonical,https://www.chewy.com/b/nail-clippers-grinders-nail-caps-1437,True,Set the canonical to the normalized self URL for eligible pages.,,,,,,,,0,nail-clippers-grinders-nail-caps,,True,False,False,False,False,False,False,4,0,3,,,,,,,,,,,,,,
Browse,Index,Missing self-referencing canonical,https://www.chewy.com/b/lovebird-cage-cleaner-144150,True,Set the canonical to the normalized self URL for eligible pages.,,Lovebird Cage Cleaner | Chewy,29,Buy Cage Cleaners that are safe for Lovebirds only at Chewy. We offer a variety of cleaning products like cleaning sprays and liquids to clean your Lovebird's cage!,164,,Lovebird Cage Cleaner,1,lovebird-cage-cleaner,False,False,False,False,True,False,False,True,14,323,3,,,,,,,,,,,,,,1.0
Browse,Index,Missing self-referencing canonical,https://www.chewy.com/b/grooming-139398,True,Set the canonical to the normalized self URL for eligible pages.,,Horse Grooming | Chewy,22,"Shop Chewy for low prices and the best Grooming products! We carry a large selection and the top brands like Tail Tamer by Professional's Choice, Andis, and more. Find everything you need in one place. FREE shipping on orders $49+ and the BEST customer service!",261,,Horse Grooming Kits & Supplies,1,grooming,False,False,False,False,True,False,False,False,298,363,3,,,,,,,,,,,,,,1.0
Browse,Index,Missing self-referencing canonical,https://www.chewy.com/b/coop-cleaners-accessories-16632,True,Set the canonical to the normalized self URL for eligible pages.,,,,,,,,0,coop-cleaners-accessories,,True,False,False,False,False,False,False,2,0,3,,,,,,,,,,,,,,
Browse,Index,Missing self-referencing canonical,https://www.chewy.com/b/nesting-boxes-nest-eggs-16631,True,Set the canonical to the normalized self URL for eligible pages.,,,,,,,,0,nesting-boxes-nest-eggs,,True,False,False,False,False,False,False,2,0,3,,,,,,,,,,,,,,
Browse,Index,Missing self-referencing canonical,https://www.chewy.com/b/feed-treats-9890,True,Set the canonical to the normalized self URL for eligible pages.,,,,,,,,0,feed-treats,,True,False,False,False,False,False,False,1,0,3,,,,,,,,,,,,,,
Browse,Index,Missing self-referencing canonical,https://www.chewy.com/b/toppers-337,True,Set the canonical to the normalized self URL for eligible pages.,,,,,,,,0,toppers,,True,False,False,False,False,False,False,4,0,3,,,,,,,,,,,,,,
Browse,Index,Missing self-referencing canonical,https://www.chewy.com/b/chewy-home-collection-13056,True,Set the canonical to the normalized self URL for eligible pages.,,Home Goods for Dogs - Free shipping | Chewy,43,"Delivering pet happiness by conveniently shipping 3,500+ brands of pet food and stuff (for free!) while ensuring at-risk animals' lives are improved across the planet. 1-800-672-4399",182,,Home Goods for Dogs,1,chewy-home-collection,,False,False,False,True,False,False,False,904,358,3,,,,,,,,,,,,,,
Browse,Index,Missing self-referencing canonical,https://www.chewy.com/b/eat-drink-13058,True,Set the canonical to the normalized self URL for eligible pages.,,Eat & Drink - Free shipping | Chewy,35,"Shop Chewy for low prices and the best Eat & Drink! We carry a large selection and the top brands like SpunkyJunky, Frisco, and more. Find everything you need in one place. FREE shipping on orders $49+ and the BEST customer service!",232,,Eat & Drink,1,eat-drink,,False,False,False,True,False,False,False,354,352,3,,,,,,,,,,,,,,
Browse,Index,Missing self-referencing canonical,https://www.chewy.com/b/elevated-bowls-13072,True,Set the canonical to the normalized self URL for eligible pages.,,Dog Elevated Bowls - Free shipping | Chewy,42,"Shop Chewy for low prices and the best Elevated Bowls! We carry a large selection and the top brands like SpunkyJunky, NonoPets, and more. Find everything you need in one place. FREE shipping on orders $49+ and the BEST customer service!",237,,Dog Elevated Bowls,1,elevated-bowls,,False,False,False,True,False,False,False,98,347,3,,,,,,,,,,,,,,
Browse,Index,Missing self-referencing canonical,https://www.chewy.com/b/bearded-dragon-tank-decor-13998,True,Set the canonical to the normalized self URL for eligible pages.,,Bearded Dragon Tank Decor | Chewy,33,"Shop Chewy for low prices and the best Décor & Accessories! We carry a large selection and the top brands like Zoo Med, Exo Terra, and more. Find everything you need in one place. FREE shipping on orders $49+ and the BEST customer service!",239,bearded dragon tank decor,Bearded Dragon Tank Decor,1,bearded-dragon-tank-decor,False,False,False,False,True,False,False,True,5,363,3,,,,,,,4,4,1.0,4,0,0,0,
Browse,Index,Missing self-referencing canonical,https://www.chewy.com/b/hands-free-2579,True,Set the canonical to the normalized self URL for eligible pages.,,,,,,,,0,hands-free,,True,False,False,False,False,False,False,4,0,3,,,,,,,,,,,,,,
Browse,Index,Missing self-referencing canonical,https://www.chewy.com/b/hopper-11864,True,Set the canonical to the normalized self URL for eligible pages.,,,,,,,,0,hopper,,True,False,False,False,False,False,False,1,0,3,,,,,,,,,,,,,,
Browse,Index,Missing self-referencing canonical,https://www.chewy.com/b/grooming-tools-436,True,Set the canonical to the normalized self URL for eligible pages.,,,,,,,,0,grooming-tools,,True,False,False,False,False,False,False,4,0,3,,,,,,,,,,,,,,
Browse,Index,Missing self-referencing canonical,https://www.chewy.com/b/hot-spot-itch-relief-1434,True,Set the canonical to the normalized self URL for eligible pages.,,,,,,,,0,hot-spot-itch-relief,,True,False,False,False,False,False,False,2,0,3,,,,,,,,,,,,,,
Browse,Index,Missing self-referencing canonical,https://www.chewy.com/b/eye-care-438,True,Set the canonical to the normalized self URL for eligible pages.,,,,,,,,0,eye-care,,True,False,False,False,False,False,False,2,0,3,,,,,,,,,,,,,,
Browse,Index,Missing self-referencing canonical,https://www.chewy.com/b/shampoos-2484,True,Set the canonical to the normalized self URL for eligible pages.,,,,,,,,0,shampoos,,True,False,False,False,False,False,False,3,0,3,,,,,,,,,,,,,,
Browse,Index,Missing self-referencing canonical,https://www.chewy.com/b/conditioners-2485,True,Set the canonical to the normalized self URL for eligible pages.,,,,,,,,0,conditioners,,True,False,False,False,False,False,False,4,0,3,,,,,,,,,,,,,,
Browse,Index,Missing self-referencing canonical,https://www.chewy.com/b/plush-toys-320,True,Set the canonical to the normalized self URL for eligible pages.,,,,,,,,0,plush-toys,,True,False,False,False,False,False,False,9,0,3,,,,,,,,,,,,,,1.0
Browse,Index,Missing self-referencing canonical,https://www.chewy.com/b/plastic-pens-10757,True,Set the canonical to the normalized self URL for eligible pages.,,,,,,,,0,plastic-pens,,True,False,False,False,False,False,False,25,0,3,,,,,,,,,,,,,,
Browse,Index,Missing self-referencing canonical,https://www.chewy.com/b/lasers-11133,True,Set the canonical to the normalized self URL for eligible pages.,,,,,,,,0,lasers,,True,False,False,False,False,False,False,7,0,3,,,,,,,,,,,,,,
Browse,Index,Missing self-referencing canonical,https://www.chewy.com/b/leashes-harnesses-402,True,Set the canonical to the normalized self URL for eligible pages.,,,,,,,,0,leashes-harnesses,,True,False,False,False,False,False,False,9,0,3,,,,,,,,,,,,,,
Browse,Index,Missing self-referencing canonical,https://www.chewy.com/b/bird-feeders-1744,True,Set the canonical to the normalized self URL for eligible pages.,,,,,,,,0,bird-feeders,,True,False,False,False,False,False,False,4,0,3,,,,,,,,,,,,,,
Browse,Index,Missing self-referencing canonical,https://www.chewy.com/b/wall-shelves-9028,True,Set the canonical to the normalized self URL for eligible pages.,,,,,,,,0,wall-shelves,,True,False,False,False,False,False,False,8,0,3,,,,,,,,,,,,,,
Browse,Index,Missing self-referencing canonical,https://www.chewy.com/b/toys-10983,True,Set the canonical to the normalized self URL for eligible pages.,,,,,,,,0,toys,,True,False,False,False,False,False,False,7,0,3,,,,,,,,,,,,,,
Browse,Index,Missing self-referencing canonical,https://www.chewy.com/b/filters-cleaners-14015,True,Set the canonical to the normalized self URL for eligible pages.,,,,,,,,0,filters-cleaners,,True,False,False,False,False,False,False,2,0,3,,,,,,,,,,,,,,
Browse,Index,Missing self-referencing canonical,https://www.chewy.com/b/fly-control-supplements-101174,True,Set the canonical to the normalized self URL for eligible pages.,,,,,,,,0,fly-control-supplements,,True,False,False,False,False,False,False,1,0,3,,,,,,,,,,,,,,
Browse,Index,Missing self-referencing canonical,https://www.chewy.com/b/treats-11012,True,Set the canonical to the normalized self URL for eligible pages.,,,,,,,,0,treats,,True,False,False,False,False,False,False,2,0,3,,,,,,,,,,,,,,
Browse,Index,Missing self-referencing canonical,https://www.chewy.com/b/bedding-substrate-14023,True,Set the canonical to the normalized self URL for eligible pages.,,,,,,,,0,bedding-substrate,,True,False,False,False,False,False,False,2,0,3,,,,,,,,,,,,,,
Browse,Index,Missing self-referencing canonical,https://www.chewy.com/b/wet-cat-food-153054,True,Set the canonical to the normalized self URL for eligible pages.,,Shop Everyday Favorite Wet Cat Food - Free shipping | Chewy,59,"Shop Chewy for low prices and the best Wet Cat Food! We carry a large selection and the top brands like Fancy Feast, Friskies, and more. Find everything you need in one place. FREE shipping on orders $49+ and the BEST customer service!",235,chewy com cat food,Shop Everyday Favorite Wet Cat Food,1,wet-cat-food,False,False,False,False,True,False,False,False,38,356,3,,,,,,,1,1,,0,0,0,1,1.0
Browse,Index,Missing self-referencing canonical,https://www.chewy.com/b/leopard-gecko-bedding-substrate-100314,True,Set the canonical to the normalized self URL for eligible pages.,,,,,,,,0,leopard-gecko-bedding-substrate,,True,False,False,False,False,False,False,1,0,3,,,,,,,,,,,,,,
Browse,Index,Missing self-referencing canonical,https://www.chewy.com/b/dry-cat-food-153062,True,Set the canonical to the normalized self URL for eligible pages.,,Shop Everyday Favorite Dry Cat Food - Free shipping | Chewy,59,"Shop Chewy for low prices and the best Dry Cat Food! We carry a large selection and the top brands like Purina ONE, Iams, and more. Find everything you need in one place. FREE shipping on orders $49+ and the BEST customer service!",230,,Shop Everyday Favorite Dry Cat Food,1,dry-cat-food,False,False,False,False,True,False,False,False,62,352,3,,,,,,,,,,,,,,1.0
Browse,Index,Missing self-referencing canonical,https://www.chewy.com/b/conditioners-129286,True,Set the canonical to the normalized self URL for eligible pages.,,Hoof Conditioner | Chewy,24,"Shop Chewy for low prices and the best Conditioners products! We carry a large selection and the top brands like Absorbine, Leovet, and more. Find everything you need in one place. FREE shipping on orders $49+ and the BEST customer service!",240,hoof conditioners,Hoof Conditioners,1,conditioners,False,True,False,False,True,False,False,False,20,337,3,,,,,,,1,1,21.0,0,0,1,0,1.0
Browse,Index,Missing self-referencing canonical,https://www.chewy.com/b/litter-accessories-liners-10930,True,Set the canonical to the normalized self URL for eligible pages.,,,,,,,,0,litter-accessories-liners,,True,False,False,False,False,False,False,2,0,3,,,,,,,,,,,,,,
