page_type,category,issue,normalized_url,matched_botify,recommendation,evidence_value,title,title_length,meta_description,meta_description_length,main_keyword,h1,h1_count,url_slug,canonical_points_to_self,in_sitemaps,noindex,nofollow,breadcrumb_exists,product_exists,offer_exists,faq_exists,unique_inlinks,unique_outlinks,depth,lcp_status,lcp_value,cls_status,cls_value,inp_status,inp_value,ranking_keyword_rows,distinct_keywords,avg_current_rank,top10_keywords,quick_win_11_20_keywords,striking_distance_21_50_keywords,lost_or_unranked_keywords,botify_audience_keywords_to_90pct
Browse,Schema,FAQ schema missing,https://www.chewy.com/b/science-backed-formulas-139702,True,Add FAQ schema where available; this is a nice-to-have.,,Shop Dog Food by Health Condition - Science & Vet Diet Dog Food,63,"Discover Science Diet Dog Food on Chewy, with the best healthy dog food options from top vet recommended brands. Save with Autoship and get fast, free shipping today!",166,,Shop Dog Food by Health Condition,1,science-backed-formulas,True,True,False,False,True,False,False,False,318253,360,1,,,,,,,,,,,,,,1.0
Browse,Schema,FAQ schema missing,https://www.chewy.com/b/dental-dog-treats-1539,True,Add FAQ schema where available; this is a nice-to-have.,,"Dog Dental Chews: Best Chews, Sticks & Treats (Free Shipping) | Chewy",69,Shop Chewy for low prices and the best dog dental chews! We know that dental care for your pup is important. Dental treats and hard chews are a great (and tasty) way to maintain your dog's teeth in between cleanings. *FREE* shipping on orders $49+ and the BEST customer service! Shop for all your DOG DENTAL & HARD DOG CHEWS at Chewy.com.,338,,Dental Treats for Dogs,1,dental-dog-treats,False,False,False,False,True,False,False,False,318253,392,1,good,1760.0,poor,0.36,,,,,,,,,,2.0
Browse,Schema,FAQ schema missing,https://www.chewy.com/b/dog-leashes-and-collars-344,True,Add FAQ schema where available; this is a nice-to-have.,,"Dog Collars, Leashes & Harnesses: All Sizes (Free Shipping) | Chewy",67,"Find the perfect dog collar, leash, tie out or harness for your canine pal to suit their needs. From standard to training to reflective to no-pull harnesses and more, we have the right solution for your dog's needs at every day low prices. *FREE* shipping on orders $49+ and the BEST customer service!",301,dog collars,"Dog Collars, Leashes & Harnesses",1,dog-leashes-and-collars,True,True,False,False,True,False,False,False,318253,417,1,good,2259.0,good,0.035,,,49,46,10.64,22,18,4,5,29.0
Browse,Schema,FAQ schema missing,https://www.chewy.com/b/dog-9956,True,Add FAQ schema where available; this is a nice-to-have.,,Supplies for New Dogs - Free shipping | Chewy,45,"Shop Chewy for low prices and the best Dog products! We carry a large selection and the top brands like Buckle-Down, Frisco, and more. Find everything you need in one place. FREE shipping on orders $49+ and the BEST customer service!",233,,Supplies for New Dogs,1,dog,,False,False,False,True,False,False,False,318238,367,1,,,,,,,,,,,,,,1.0
Browse,Schema,FAQ schema missing,https://www.chewy.com/b/pee-pads-diapers-360,True,Add FAQ schema where available; this is a nice-to-have.,,Best Dog Diapers & Potty Pads: Low Prices (Free Shipping) | Chewy,65,"Shop Chewy for the best dog potty pads and dog diapers. Chewy offers both disposable dog diapers and reusable dog diaper options so that you can find the perfect fit for you and your dog’s needs. Get into house-training mode with our wide selection of doggie potty pads and diapers. *FREE* shipping on orders $49+, low prices and the BEST customer service!",356,dog pads and diapers,Dog Pads & Diapers,1,pee-pads-diapers,True,True,False,False,True,False,False,False,318253,382,1,good,1867.0,good,0.06,,,8,8,8.43,5,2,0,1,22.0
Browse,Schema,FAQ schema missing,https://www.chewy.com/b/vacuums-steam-cleaners-1985,True,Add FAQ schema where available; this is a nice-to-have.,,Best Dog Vacuums & Steam Cleaners: Low Price (Free Shipping) | Chewy,68,"Shop Chewy for the best dog vacuums and steam cleaners. Say goodbye to unsightly pet messes and hello to a pristine home. From hand vacs to steam cleaners, we have everything you need to eliminate every bit of fur and tough stains imaginable. *FREE* shipping on orders $49+ and the BEST customer service.",304,dog vacuums and steam cleaners,Vacuum Cleaners,1,vacuums-steam-cleaners,True,True,False,False,True,False,False,False,318253,368,1,good,1724.0,good,0.015,,,4,3,2.67,3,0,0,1,2.0
Browse,Schema,FAQ schema missing,https://www.chewy.com/b/science-backed-formulas-141910,True,Add FAQ schema where available; this is a nice-to-have.,,Shop by Health Consideration - Free shipping | Chewy,52,"Shop Chewy for low prices and the best Health Consideration! We carry a large selection and the top brands like Wellness, Purina Pro Plan, and more. Find everything you need in one place. FREE shipping on orders $49+ and the BEST customer service!",247,deals on shop cat food by health consideration,Shop by Health Consideration,1,science-backed-formulas,True,True,False,False,True,False,False,False,318253,362,1,,,,,,,3,3,1.0,3,0,0,0,1.0
Browse,Schema,FAQ schema missing,https://www.chewy.com/b/highest-quality-cat-food-11741,True,Add FAQ schema where available; this is a nice-to-have.,,Premium Cat Food: Best Brands (Free Shipping) | Chewy,53,"Delivering pet happiness by conveniently shipping 3,500+ brands of pet food and stuff (for free!) while ensuring at-risk animals' lives are improved across the planet. 1-800-672-4399",182,premium cat food,Highest Quality Cat Food,1,highest-quality-cat-food,True,True,False,False,True,False,False,False,318253,362,1,good,1797.0,good,0.07,,,22,22,9.47,14,2,3,3,32.0
Browse,Schema,FAQ schema missing,https://www.chewy.com/b/dental-treats-12803,True,Add FAQ schema where available; this is a nice-to-have.,,Cat Dental Treats - Free Shipping | Chewy,41,"Shop Chewy for low prices and the best Dental Treats! We carry a large selection and the top brands like Emerald Pet, Earth Animal, and more. Find everything you need in one place. FREE shipping on orders $49+ and the BEST customer service!",240,,Cat Dental Treats,1,dental-treats,False,False,False,False,True,False,False,False,318253,350,1,,,,,,,,,,,,,,1.0
Browse,Schema,FAQ schema missing,https://www.chewy.com/b/cat-grass-167950,True,Add FAQ schema where available; this is a nice-to-have.,,Cat Grass - Free Shipping | Chewy,33,"Shop Chewy for low prices and the best Cat Grass! We carry a large selection and the top brands like The Cat Ladies, K&H Pet Products, and more. Find everything you need in one place. FREE shipping on orders $49+ and the BEST customer service!",243,grass for cats,Cat Grass,1,cat-grass,True,True,False,False,True,False,False,False,318253,335,1,good,1433.0,good,0.055,,,2,2,14.5,0,2,0,0,11.0
Browse,Schema,FAQ schema missing,https://www.chewy.com/b/health-pharmacy-415,True,Add FAQ schema where available; this is a nice-to-have.,,"Cat Healthcare: Supplements, First Aid & More (Free Shipping) | Chewy",69,"Shop Chewy for low prices and the best Health & Pharmacy! We carry a large selection and the top brands like Trilostane Compounded, Pimobendan Compounded, and more. Find everything you need in one place. FREE shipping on orders $49+ and the BEST customer service!",263,non prescription cat healthcare,Cat Health & Pharmacy,1,health-pharmacy,True,True,False,False,True,False,False,False,318253,403,1,good,2481.0,good,0.02,,,16,16,5.14,13,1,0,2,9.0
Browse,Schema,FAQ schema missing,https://www.chewy.com/b/cat-allergy-relief-129902,True,Add FAQ schema where available; this is a nice-to-have.,,Allergy Relief for Cats - Free shipping | Chewy,47,"Shop Chewy for low prices and the best Cat Allergy Relief! We carry a large selection and the top brands like Prednisolone Compounded, Chlorpheniramine Maleate Compounded, and more. Find everything you need in one place. FREE shipping on orders $49+ and the BEST customer service!",280,best allergy treatments for cats,Allergy Relief for Cats,1,cat-allergy-relief,True,True,False,False,True,False,False,False,318253,360,1,good,2465.0,good,0.09,,,3,3,14.5,1,0,1,1,5.0
Browse,Schema,FAQ schema missing,https://www.chewy.com/b/cat-urinary-tract-kidney-care-129942,True,Add FAQ schema where available; this is a nice-to-have.,,Cat Urinary Tract & Kidney Care - Free shipping | Chewy,55,"Shop Chewy for low prices and the best Cat Urinary Tract & Kidney Care! We carry a large selection and the top brands like Benazepril HCl Compounded, Furosemide Compounded, and more. Find everything you need in one place. FREE shipping on orders $49+ and the BEST customer service!",281,cat urinary tract and kidney care,Cat Urinary Tract & Kidney Care,1,cat-urinary-tract-kidney-care,True,True,False,False,True,False,False,False,318253,349,1,,,,,,,1,1,4.0,1,0,0,0,1.0
Browse,Schema,FAQ schema missing,https://www.chewy.com/b/cat-health-tests-2690,True,Add FAQ schema where available; this is a nice-to-have.,,"Cat Medical Test Kits: Top Brands, Low Prices (Free Shipping) | Chewy",69,"Shop Chewy for low prices and the best Test Kits! We carry a large selection and the top brands like PetTest, CheckUp, and more. Find everything you need in one place. FREE shipping on orders $49+ and the BEST customer service!",227,cat health tests,Cat Health Tests,1,cat-health-tests,True,True,False,False,True,False,False,False,318253,354,1,good,1564.0,good,0.03,,,5,5,11.2,3,1,1,0,1.0
Browse,Schema,FAQ schema missing,https://www.chewy.com/b/horse-health-products-1691,True,Add FAQ schema where available; this is a nice-to-have.,,Horse Health | Chewy,20,Shop Chewy for low prices and a wide selection of health & wellness products for your horse. From vitamins & supplements to first aid and pest control products Chewy has everything you need to keep your equine friend happy and healthy. *FREE* shipping on orders $49+ and the BEST customer service!,297,horse health products,Horse Health Products,1,horse-health-products,True,True,False,False,True,False,False,False,318253,374,1,good,1968.0,good,0.065,,,2,2,10.5,1,1,0,0,3.0
Browse,Schema,FAQ schema missing,https://www.chewy.com/b/chicken-nesting-supplies-13024,True,Add FAQ schema where available; this is a nice-to-have.,,Chicken Nesting Supplies | Chewy,32,"Shop Chewy for low prices and the best Nesting & Egg Supplies! We carry a large selection and the top brands like Hatching Time, Pampered Chicken Mama, and more. Find everything you need in one place. FREE shipping on orders $49+ and the BEST customer service!",260,chicken nesting box mats,Chicken Nesting Supplies,1,chicken-nesting-supplies,True,True,False,False,True,False,False,False,318253,359,1,,,,,,,5,5,16.6,0,4,1,0,1.0
Browse,Schema,FAQ schema missing,https://www.chewy.com/b/chicken-vitamins-and-healthcare-13025,True,Add FAQ schema where available; this is a nice-to-have.,,Chicken Vitamins & Healthcare | Chewy,37,"Shop Chewy for low prices and the best Supplements & Healthcare! We carry a large selection and the top brands like Pampered Chicken Mama, Durvet, and more. Find everything you need in one place. FREE shipping on orders $49+ and the BEST customer service!",255,chicken vitamins and supplements,Chicken Vitamins & Healthcare,1,chicken-vitamins-and-healthcare,True,True,False,False,True,False,False,False,318253,356,1,,,,,,,5,5,18.25,1,1,2,1,1.0
Browse,Schema,FAQ schema missing,https://www.chewy.com/b/animal-and-livestock-feed-8405,True,Add FAQ schema where available; this is a nice-to-have.,,Animal and Livestock Feed | Chewy,33,"Shop Chewy for low prices and the best Livestock Feed! We carry a large selection and the top brands like Mazuri, Kalmbach Feeds, and more. Find everything you need in one place. FREE shipping on orders $49+ and the BEST customer service!",238,,Livestock Feed,1,animal-and-livestock-feed,True,True,False,False,True,False,False,False,318253,362,1,,,,,,,,,,,,,,1.0
Browse,Schema,FAQ schema missing,https://www.chewy.com/b/livestock-supplements-9923,True,Add FAQ schema where available; this is a nice-to-have.,,"Livestock Supplements - Vitamins, Minerals, Nutrients and More | Chewy",70,"Shop Chewy for low prices and the best Livestock Supplements! We carry a large selection and the top brands like Durvet, UltraCruz, and more. Find everything you need in one place. FREE shipping on orders $49+ and the BEST customer service!",240,,Supplements for Livestock,1,livestock-supplements,True,True,False,False,True,False,False,False,318253,355,1,,,,,,,,,,,,,,1.0
Browse,Schema,FAQ schema missing,https://www.chewy.com/b/cockatiel-supplies-and-accessories-12943,True,Add FAQ schema where available; this is a nice-to-have.,,Cockatiel Supplies & Accessories | Chewy,40,"Shop Chewy for low prices and the best Cockatiel products! We carry a large selection and the top brands like Prevue Pet Products, A&E Cage Company, and more. Find everything you need in one place. FREE shipping on orders $49+ and the BEST customer service!",257,cockatiel accessories,Cockatiel Supplies & Accessories,1,cockatiel-supplies-and-accessories,True,True,False,False,True,False,False,False,318253,368,1,good,1775.0,needs,0.12,,,5,5,2.4,5,0,0,0,3.0
Browse,Schema,FAQ schema missing,https://www.chewy.com/b/bird-cages-and-accessories-953,True,Add FAQ schema where available; this is a nice-to-have.,,Bird Cages & Accessories | Chewy,32,"Shop Chewy for small and large bird cages and accessories for all size breeds of birds. Chewy has a large array of accessories including cage covers, feeders & waterers, seed catchers, poop remover and more. *FREE* shipping on orders $49+ and the BEST customer service!",269,bird cages budgies,Bird Cages & Accessories,1,bird-cages-and-accessories,True,True,False,False,True,False,False,False,318253,367,1,good,1935.0,good,0.01,,,23,22,8.56,14,2,2,5,9.0
Browse,Schema,FAQ schema missing,https://www.chewy.com/b/saltwater-aquarium-supplies-115958,True,Add FAQ schema where available; this is a nice-to-have.,,Saltwater Aquarium & Fish Tank Supplies | Chewy,47,"Shop Chewy for low prices and the best Saltwater Fish Shop! We carry a large selection and the top brands like Underwater Treasures, Penn-Plax, and more. Find everything you need in one place. FREE shipping on orders $49+ and the BEST customer service!",252,saltwater fish media,Saltwater Aquarium Supplies,1,saltwater-aquarium-supplies,True,True,False,False,True,False,False,False,318253,373,1,,,,,,,2,2,11.0,0,1,0,1,1.0
Browse,Schema,FAQ schema missing,https://www.chewy.com/b/aquarium-and-fish-tank-filters-and-media-924,True,Add FAQ schema where available; this is a nice-to-have.,,Aquarium & Fish Tank Filtration | Chewy,39,"Shop Chewy for the lowest prices on fish filters and media that will keep your aquarium nice and clean! Check out our wide selection of filters, filter cartridges, filter parts and filter media. We carry brands like AquaClear, Tetra, API, Marineland and Fluval. *FREE* shipping on orders $49+ and the BEST customer service!",323,aquarium filters,Aquarium & Fish Tank Filters & Media,1,aquarium-and-fish-tank-filters-and-media,True,True,False,False,True,False,False,False,318253,374,1,good,1842.0,good,0.0,,,16,14,21.33,1,2,6,7,2.0
Browse,Schema,FAQ schema missing,https://www.chewy.com/b/pharmacy-15697,True,Add FAQ schema where available; this is a nice-to-have.,,Chewy Pet Pharmacy: Prescription Pet Meds & Supplies,52,Shop Chewy for low prices and the best products! We carry a large selection and the top brands like American Journey and more. Find everything you need in one place. FREE shipping on orders $49+ and the BEST customer service!,225,chewy pharmacy phone number,It’s easy to get started with Chewy Pharmacy Order in three simple steps The pharmacy you can count on We have all the brands you trust,4,pharmacy,False,False,False,False,True,False,False,False,318253,313,1,good,2423.0,good,0.005,,,119,110,12.06,36,58,11,14,123.0
Browse,Schema,FAQ schema missing,https://www.chewy.com/b/connect-vet-16616,True,Add FAQ schema where available; this is a nice-to-have.,,Connect With a Vet - Free Online Vet Chat | Chewy,49,Chat now with licensed vets and vet techs who can help with real-time concerns for your pet's well-being. Chewy's Connect with a Vet can quickly help with most pet health and behavior related questions or concerns.,214,online vet,Connect with a Vet Meet our veterinary team,2,connect-vet,True,True,False,False,True,False,False,False,318253,305,1,good,1788.0,good,0.003333333333333333,,,26,26,13.27,12,4,10,0,884.0
Browse,Schema,FAQ schema missing,https://www.chewy.com/b/learn-about-compounding-169822,True,Add FAQ schema where available; this is a nice-to-have.,,"Medicine Made Just for Your Pet, From America's #1 Pet Pharmacy - Free shipping | Chewy",87,Shop Chewy for low prices and the best Learn About Compounding! We carry a large selection and the top brands like American Journey and more. Find everything you need in one place. FREE shipping on orders $49+ and the BEST customer service!,240,where does chewy pharmacy source its prescription items?,"Medicine Made Just for Your Pet, From America's #1 Pet Pharmacy",1,learn-about-compounding,True,False,False,False,True,False,False,False,318253,305,1,,,,,,,39,36,8.61,25,10,3,1,21.0
Browse,Schema,FAQ schema missing,https://www.chewy.com/b/anti-inflammatory-musculoskelatal-136036,True,Add FAQ schema where available; this is a nice-to-have.,,Anti-Inflammatory Medication For Horses | Chewy,47,"Shop Chewy for low prices and the best Anti-inflammatory & Musculoskelatal! We carry a large selection and the top brands like Prednisone Compounded, Isoxsuprine HCl Compounded, and more. Find everything you need in one place. FREE shipping on orders $49+ and the BEST customer service!",286,,Prescription Anti-inflammatory & Musculoskelatal Medicine for Horses,1,anti-inflammatory-musculoskelatal,True,True,False,False,True,False,False,False,318253,349,1,,,,,,,,,,,,,,1.0
Browse,Schema,FAQ schema missing,https://www.chewy.com/b/metabolic-medicine-for-horses-11638,True,Add FAQ schema where available; this is a nice-to-have.,,Metabolic Medicine For Horses | Chewy,37,"Shop Chewy for low prices and the best Metabolic & Endocrine! We carry a large selection and the top brands like Trilostane Compounded, Pergolide Compounded, and more. Find everything you need in one place. FREE shipping on orders $49+ and the BEST customer service!",266,,Endocrine & Metabolic Medicine For Horses,1,metabolic-medicine-for-horses,True,True,False,False,True,False,False,False,318253,346,1,,,,,,,,,,,,,,1.0
Browse,Schema,FAQ schema missing,https://www.chewy.com/b/calming-medication-for-horses-11631,True,Add FAQ schema where available; this is a nice-to-have.,,Horse Sedative | Chewy,22,"Shop Chewy for low prices and the best Behavioral Support & Sedatives! We carry a large selection and the top brands like Fluoxetine HCl Compounded, Clomipramine HCl Compounded, and more. Find everything you need in one place. FREE shipping on orders $49+ and the BEST customer service!",286,,Prescription Behavioral Support & Sedatives for Horses,1,calming-medication-for-horses,True,True,False,False,True,False,False,False,318253,330,1,,,,,,,,,,,,,,1.0
Browse,Schema,FAQ schema missing,https://www.chewy.com/b/pain-medicine-for-horses-136044,True,Add FAQ schema where available; this is a nice-to-have.,,Horse Pain Medicine | Chewy,27,"Shop Chewy for low prices and the best Pain products! We carry a large selection and the top brands like Prednisone Compounded, Piroxicam Compounded, and more. Find everything you need in one place. FREE shipping on orders $49+ and the BEST customer service!",258,pain medicine for horses,Pain Medicine For Horses,1,pain-medicine-for-horses,True,True,False,False,True,False,False,False,318253,346,1,,,,,,,1,1,,0,0,0,1,1.0
Browse,Schema,FAQ schema missing,https://www.chewy.com/b/horse-antibiotics-11625,True,Add FAQ schema where available; this is a nice-to-have.,,Horse Antibiotics | Chewy,25,"Shop Chewy for low prices and the best Antibiotics products! We carry a large selection and the top brands like Metronidazole Compounded, Doxycycline Compounded, and more. Find everything you need in one place. FREE shipping on orders $49+ and the BEST customer service!",270,horse antibiotics,Horse Antibiotics,1,horse-antibiotics,True,True,False,False,True,False,False,False,318253,349,1,,,,,,,2,2,22.5,0,0,2,0,1.0
Browse,Schema,FAQ schema missing,https://www.chewy.com/b/allergy-medicine-for-horses-11619,True,Add FAQ schema where available; this is a nice-to-have.,,Allergy Medicine For Horses | Chewy,35,"Shop Chewy for low prices and the best Allergy & Immune Support! We carry a large selection and the top brands like Prednisone Compounded, Piroxicam Compounded, and more. Find everything you need in one place. FREE shipping on orders $49+ and the BEST customer service!",269,,Allergy Medicine & Immune Support for Horses,1,allergy-medicine-for-horses,True,True,False,False,True,False,False,False,318253,346,1,,,,,,,,,,,,,,1.0
Browse,Schema,FAQ schema missing,https://www.chewy.com/b/horse-electrolytes-11633,True,Add FAQ schema where available; this is a nice-to-have.,,Horse Electrolytes | Chewy,26,"Shop Chewy for low prices and the best Vitamins & Electrolytes! We carry a large selection and the top brands like Dantrolene Sodium Compounded, Piroxicam Compounded, and more. Find everything you need in one place. FREE shipping on orders $49+ and the BEST customer service!",275,,Prescription Vitamins & Electrolytes for Horses,1,horse-electrolytes,True,True,False,False,True,False,False,False,318253,346,1,,,,,,,,,,,,,,1.0
Browse,Schema,FAQ schema missing,https://www.chewy.com/b/new-arrivals-14264,True,Add FAQ schema where available; this is a nice-to-have.,,New Arrivals - Free shipping | Chewy,36,"Shop Chewy for low prices and the best New Arrivals! We carry a large selection and the top brands like Kseroo, Parisian Pet, and more. Find everything you need in one place. FREE shipping on orders $49+ and the BEST customer service!",234,,New Arrivals,1,new-arrivals,,False,False,False,True,False,False,False,318253,347,1,,,,,,,,,,,,,,
Browse,Schema,FAQ schema missing,https://www.chewy.com/b/flea-tick-1866,True,Add FAQ schema where available; this is a nice-to-have.,,"Flea, Tick, and Heartworm Medication for Pets - Free shipping | Chewy",69,"Shop Chewy for low prices and the best Flea & Tick! We carry a large selection and the top brands like Credelio, Interceptor Plus, and more. Find everything you need in one place. FREE shipping on orders $49+ and the BEST customer service!",239,,"Flea, Tick, and Heartworm Medication for Pets",1,flea-tick,,False,False,False,True,False,False,False,318238,362,1,,,,,,,,,,,,,,
Browse,Schema,FAQ schema missing,https://www.chewy.com/b/autoship-save-15682,True,Add FAQ schema where available; this is a nice-to-have.,,Autoship & Save - Free shipping | Chewy,39,Shop Chewy for low prices and the best Autoship & Save! We carry a large selection and the top brands like American Journey and more. Find everything you need in one place. FREE shipping on orders $49+ and the BEST customer service!,232,chewy autoship,Autoship & Save,1,autoship-save,True,True,False,False,True,False,False,False,6,313,1,good,1551.0,good,0.005,,,164,159,12.78,57,42,29,36,62.0
Browse,Schema,FAQ schema missing,https://www.chewy.com/b/summer-shop-2338,True,Add FAQ schema where available; this is a nice-to-have.,,Summer Shop - Free shipping | Chewy,35,Shop Chewy for low prices and the best Summer Shop! We carry a large selection and the top brands like American Journey and more. Find everything you need in one place. FREE shipping on orders $49+ and the BEST customer service!,228,,Summer Shop,1,summer-shop,True,False,False,False,True,False,False,False,203,334,1,good,1782.0,good,0.0,,,,,,,,,,4.0
Browse,Schema,FAQ schema missing,https://www.chewy.com/b/daily-calming-165406,True,Add FAQ schema where available; this is a nice-to-have.,,Prescription Calming Medications for Ongoing Behavior Support in Dogs - Free shipping | Chewy,93,"Shop Chewy for low prices and the best Daily Calming! We carry a large selection and the top brands like Fluoxetine HCl Compounded, Clomipramine HCl Compounded, and more. Find everything you need in one place. FREE shipping on orders $49+ and the BEST customer service!",269,,Prescription Calming Medications for Ongoing Behavior Support in Dogs,1,daily-calming,True,True,False,False,True,False,False,False,11,331,2,,,,,,,,,,,,,,1.0
Browse,Schema,FAQ schema missing,https://www.chewy.com/b/situational-calming-165414,True,Add FAQ schema where available; this is a nice-to-have.,,"Prescription Calming Medications for Travel, Storms & More - Free shipping | Chewy",82,"Shop Chewy for low prices and the best Situational Calming! We carry a large selection and the top brands like Gabapentin Compounded, Trazodone HCl Compounded, and more. Find everything you need in one place. FREE shipping on orders $49+ and the BEST customer service!",268,,"Prescription Calming Medications for Travel, Storms & More",1,situational-calming,True,True,False,False,True,False,False,False,12,329,2,,,,,,,,,,,,,,1.0
Browse,Schema,FAQ schema missing,https://www.chewy.com/b/anxiety-medication-pets-167398,True,Add FAQ schema where available; this is a nice-to-have.,,Anxiety Medication for Pets - Free shipping | Chewy,51,"Shop Chewy for low prices and the best Anxiety Medication for Pets! We carry a large selection and the top brands like Fluoxetine HCl Compounded, Gabapentin Compounded, and more. Find everything you need in one place. FREE shipping on orders $49+ and the BEST customer service!",277,,Anxiety Medication for Pets,1,anxiety-medication-pets,True,True,False,False,True,False,False,False,249,349,2,,,,,,,,,,,,,,1.0
Browse,Schema,FAQ schema missing,https://www.chewy.com/b/daily-calming-165686,True,Add FAQ schema where available; this is a nice-to-have.,,Prescription Calming Medications for Cats - Daily Behavior Support - Free shipping | Chewy,90,"Shop Chewy for low prices and the best Daily Calming! We carry a large selection and the top brands like Fluoxetine HCl Compounded, Clomipramine HCl Compounded, and more. Find everything you need in one place. FREE shipping on orders $49+ and the BEST customer service!",269,,Prescription Calming Medications for Cats - Daily Behavior Support,1,daily-calming,True,True,False,False,True,False,False,False,15,330,2,,,,,,,,,,,,,,1.0
Browse,Schema,FAQ schema missing,https://www.chewy.com/b/livestock-treats-157998,True,Add FAQ schema where available; this is a nice-to-have.,,Farm Animal and Livestock Treats | Chewy,40,"Shop Chewy for low prices and the best Livestock Treats! We carry a large selection and the top brands like Manna Pro, Kalmbach Feeds, and more. Find everything you need in one place. FREE shipping on orders $49+ and the BEST customer service!",243,,Livestock Treats,1,livestock-treats,True,True,False,False,True,False,False,False,155,328,2,,,,,,,,,,,,,,1.0
Browse,Schema,FAQ schema missing,https://www.chewy.com/b/new-pet-9955,True,Add FAQ schema where available; this is a nice-to-have.,,New Pet Shop - Free shipping | Chewy,36,"Shop Chewy for low prices and the best New Pet! We carry a large selection and the top brands like Buckle-Down, Frisco, and more. Find everything you need in one place. FREE shipping on orders $49+ and the BEST customer service!",228,,New Pet Shop,1,new-pet,,False,False,False,True,False,False,False,11008,380,2,,,,,,,,,,,,,,
Browse,Schema,FAQ schema missing,https://www.chewy.com/b/livestock-and-animal-waterers-166966,True,Add FAQ schema where available; this is a nice-to-have.,,"Livestock and Animal Waterers - Heated, Hanging and More | Chewy",64,"Shop Chewy for low prices and the best Livestock & Animal Waterers! We carry a large selection and the top brands like Little Giant, Zylina, and more. Find everything you need in one place. FREE shipping on orders $49+ and the BEST customer service!",249,,Livestock and Animal Waterers,1,livestock-and-animal-waterers,True,True,False,False,True,False,False,False,235,350,2,,,,,,,,,,,,,,1.0
Browse,Schema,FAQ schema missing,https://www.chewy.com/b/farm-essentials-8416,True,Add FAQ schema where available; this is a nice-to-have.,,Farm & Livestock Essentials | Chewy,35,"Shop Chewy for low prices and the best Farm & Livestock Essentials! We carry a large selection and the top brands like Weaver Livestock, Sullivan Supply, and more. Find everything you need in one place. FREE shipping on orders $49+ and the BEST customer service!",262,,Farm and Livestock Essentials,1,farm-essentials,True,True,False,False,True,False,False,False,1032,362,2,,,,,,,,,,,,,,1.0
Browse,Schema,FAQ schema missing,https://www.chewy.com/b/farm-fence-and-livestock-fencing-157566,True,Add FAQ schema where available; this is a nice-to-have.,,Farm Fence and Livestock Fencing | Chewy,40,"Shop Chewy for low prices and the best Farm & Livestock Fencing! We carry a large selection and the top brands like YardGard, Ashman, and more. Find everything you need in one place. FREE shipping on orders $49+ and the BEST customer service!",242,,Farm and Livestock Fencing,1,farm-fence-and-livestock-fencing,True,True,False,False,True,False,False,False,158,349,2,,,,,,,,,,,,,,1.0
Browse,Schema,FAQ schema missing,https://www.chewy.com/b/livestock-first-aid-and-wound-care-166958,True,Add FAQ schema where available; this is a nice-to-have.,,"Livestock First Aid, Health Products and Wound Care | Chewy",59,"Shop Chewy for low prices and the best Livestock Health, First Aid & Wound Care Products! We carry a large selection and the top brands like Dr. Naylor, Durvet, and more. Find everything you need in one place. FREE shipping on orders $49+ and the BEST customer service!",269,,"Livestock Health, First Aid and Wound Care Products",1,livestock-first-aid-and-wound-care,True,True,False,False,True,False,False,False,212,336,2,,,,,,,,,,,,,,1.0
Browse,Schema,FAQ schema missing,https://www.chewy.com/b/rope-tug-toys-116534,True,Add FAQ schema where available; this is a nice-to-have.,,Rope & Tug Toys for Puppies (Free Shipping) | Chewy,51,"Shop Chewy for low prices and the best Rope & Tug Toys! We carry a large selection and the top brands like Playology, Coachi, and more. Find everything you need in one place. FREE shipping on orders $49+ and the BEST customer service!",234,,Puppy Rope & Tug Toys,1,rope-tug-toys,True,True,False,False,True,False,False,False,31,318,2,,,,,,,,,,,,,,1.0
Browse,Schema,FAQ schema missing,https://www.chewy.com/b/dog-food-for-bone-and-joint-health-139774,True,Add FAQ schema where available; this is a nice-to-have.,,Dog Food For Bones & Joints - Free Shipping | Chewy,51,"Shop Chewy for low prices and the best Bone & Joint Health! We carry a large selection and the top brands like Purina Pro Plan, Royal Canin, and more. Find everything you need in one place. FREE shipping on orders $49+ and the BEST customer service!",249,dog food for bone and joint health,Dog Food For Bone & Joint Health,1,dog-food-for-bone-and-joint-health,True,True,False,False,True,False,False,False,255,350,2,,,,,,,5,5,1.6,5,0,0,0,3.0
Browse,Schema,FAQ schema missing,https://www.chewy.com/b/sensitive-stomach-dog-food-139758,True,Add FAQ schema where available; this is a nice-to-have.,,Sensitive Stomach Dog Food - Free Shipping | Chewy,50,"Shop Chewy for low prices and the best Sensitive Skin & Stomach! We carry a large selection and the top brands like Wellness, Purina Pro Plan, and more. Find everything you need in one place. FREE shipping on orders $49+ and the BEST customer service!",251,,Sensitive Skin & Stomach Dog Food,1,sensitive-stomach-dog-food,False,False,False,False,True,False,False,False,146,355,2,good,1712.0,poor,0.46,,,,,,,,,,5.0
Browse,Schema,FAQ schema missing,https://www.chewy.com/b/weight-loss-dog-food-139798,True,Add FAQ schema where available; this is a nice-to-have.,,Weight Management Dog Food - Free Shipping | Chewy,50,"Shop Chewy for low prices and the best Weight Management! We carry a large selection and the top brands like Hill's Science Diet, Hill's Prescription Diet, and more. Find everything you need in one place. FREE shipping on orders $49+ and the BEST customer service!",264,veterinary diet weight management dog food on sale,Weight Management Dog Food,1,weight-loss-dog-food,False,False,False,False,True,False,False,False,76,351,2,,,,,,,2,2,5.0,1,0,0,1,1.0
Browse,Schema,FAQ schema missing,https://www.chewy.com/b/aging-care-139790,True,Add FAQ schema where available; this is a nice-to-have.,,Dog Food For Aging Care - Free Shipping | Chewy,47,"Shop Chewy for low prices and the best Aging Care! We carry a large selection and the top brands like Hill's Science Diet, Purina Pro Plan, and more. Find everything you need in one place. FREE shipping on orders $49+ and the BEST customer service!",248,,Dog Food for Aging Care,1,aging-care,False,False,False,False,True,False,False,False,34,351,2,,,,,,,,,,,,,,1.0
Browse,Schema,FAQ schema missing,https://www.chewy.com/b/dental-dog-food-139782,True,Add FAQ schema where available; this is a nice-to-have.,,Dental Dog Food - Free Shipping | Chewy,39,"Shop Chewy for low prices and the best Dental & Oral Care! We carry a large selection and the top brands like Purina Pro Plan, Royal Canin, and more. Find everything you need in one place. FREE shipping on orders $49+ and the BEST customer service!",248,,Dental Dog Food,1,dental-dog-food,True,True,False,False,True,False,False,False,128,350,2,,,,,,,,,,,,,,1.0
Browse,Schema,FAQ schema missing,https://www.chewy.com/b/breed-health-699230,True,Add FAQ schema where available; this is a nice-to-have.,,Dog Food for Breed Health - Free shipping | Chewy,49,Shop Chewy for low prices and the best Breed Health! We carry a large selection and the top brands like American Journey and more. Find everything you need in one place. FREE shipping on orders $49+ and the BEST customer service!,229,,Dog Food for Breed Health,1,breed-health,True,True,False,False,True,False,False,False,235,353,2,,,,,,,,,,,,,,1.0
Browse,Schema,FAQ schema missing,https://www.chewy.com/b/veterinary-diets-139750,True,Add FAQ schema where available; this is a nice-to-have.,,Veterinary Diet Dog Food - Free shipping | Chewy,48,"Shop Chewy for low prices and the best Veterinary Diets! We carry a large selection and the top brands like Hill's Prescription Diet, Royal Canin Veterinary Diet, and more. Find everything you need in one place. FREE shipping on orders $49+ and the BEST customer service!",271,,Veterinary Diet Dog Food,1,veterinary-diets,False,False,False,False,True,False,False,False,159,355,2,,,,,,,,,,,,,,1.0
Browse,Schema,FAQ schema missing,https://www.chewy.com/b/bird-shop-12930,True,Add FAQ schema where available; this is a nice-to-have.,,Bird Shop | Chewy,17,"Shop Chewy for low prices and the best Shop by Bird! We carry a large selection and the top brands like A&E Cage Company, Fluconazole Compounded, and more. Find everything you need in one place. FREE shipping on orders $49+ and the BEST customer service!",254,shop by bird,Bird Shop,1,bird-shop,True,True,False,False,True,False,False,False,6979,364,2,,,,,,,2,2,11.0,1,1,0,0,5.0
Browse,Schema,FAQ schema missing,https://www.chewy.com/b/parrot-cage-accessories-and-cleaner-12968,True,Add FAQ schema where available; this is a nice-to-have.,,Parrot Cage Accessories & Cleaner | Chewy,41,"Shop Chewy for low prices and the best Parrot Cleaners & Cage Accessories! We carry a large selection and the top brands like Avian Fashions, Sheer Guard, and more. Find everything you need in one place. FREE shipping on orders $49+ and the BEST customer service!",263,lovebird cage accessories and cleaners,Parrot Cage Accessories & Cleaner,1,parrot-cage-accessories-and-cleaner,True,True,False,False,True,False,False,False,28,355,2,,,,,,,7,7,2.33,3,0,0,4,1.0
Browse,Schema,FAQ schema missing,https://www.chewy.com/b/macaw-supplies-and-accessories-3887822,True,Add FAQ schema where available; this is a nice-to-have.,,Macaw Supplies & Accessories | Chewy,36,"Shop Chewy for low prices and the best Macaw products! We carry a large selection and the top brands like Polly's Pet Products, Avian Fashions, and more. Find everything you need in one place. FREE shipping on orders $49+ and the BEST customer service!",252,macaw feeder,Macaw Supplies & Accessories,1,macaw-supplies-and-accessories,True,True,False,False,True,False,False,False,34,360,2,,,,,,,1,1,28.0,0,0,1,0,
Browse,Schema,FAQ schema missing,https://www.chewy.com/b/cockatoo-supplies-and-accessories-12971,True,Add FAQ schema where available; this is a nice-to-have.,,Cockatoo Supplies & Accessories | Chewy,39,"Shop Chewy for low prices and the best Cockatoo products! We carry a large selection and the top brands like Polly's Pet Products, Avian Fashions, and more. Find everything you need in one place. FREE shipping on orders $49+ and the BEST customer service!",255,cockatoo supplies,Cockatoo Supplies & Accessories,1,cockatoo-supplies-and-accessories,True,True,False,False,True,False,False,False,189,360,2,,,,,,,12,11,10.71,3,3,1,5,1.0
Browse,Schema,FAQ schema missing,https://www.chewy.com/b/african-grey-supplies-and-accessories-3888462,True,Add FAQ schema where available; this is a nice-to-have.,,African Grey Supplies & Accessories | Chewy,43,"Shop Chewy for low prices and the best African Grey! We carry a large selection and the top brands like Polly's Pet Products, Avian Fashions, and more. Find everything you need in one place. FREE shipping on orders $49+ and the BEST customer service!",250,,African Grey Supplies & Accessories,1,african-grey-supplies-and-accessories,True,True,False,False,True,False,False,False,38,360,2,,,,,,,,,,,,,,1.0
Browse,Schema,FAQ schema missing,https://www.chewy.com/b/amazon-parrot-supplies-and-accessories-3888470,True,Add FAQ schema where available; this is a nice-to-have.,,Amazon Parrot Supplies & Accessories | Chewy,44,"Shop Chewy for low prices and the best Amazon Parrots! We carry a large selection and the top brands like Polly's Pet Products, Avian Fashions, and more. Find everything you need in one place. FREE shipping on orders $49+ and the BEST customer service!",252,amazon parrot supplies,Amazon Parrot Supplies & Accessories,1,amazon-parrot-supplies-and-accessories,True,True,False,False,True,False,False,False,36,348,2,,,,,,,3,2,5.0,2,0,0,1,1.0
Browse,Schema,FAQ schema missing,https://www.chewy.com/b/conure-supplies-and-accessories-12957,True,Add FAQ schema where available; this is a nice-to-have.,,Conure Supplies & Accessories | Chewy,37,"Shop Chewy for low prices and the best Conure products! We carry a large selection and the top brands like Polly's Pet Products, Prevue Pet Products, and more. Find everything you need in one place. FREE shipping on orders $49+ and the BEST customer service!",258,sun conure toys,Conure Supplies & Accessories,1,conure-supplies-and-accessories,True,True,False,False,True,False,False,False,494,366,2,,,,,,,21,20,9.07,10,1,3,7,1.0
Browse,Schema,FAQ schema missing,https://www.chewy.com/b/vet-diet-cat-treats-1556,True,Add FAQ schema where available; this is a nice-to-have.,,Prescription Cat Treats: Vet Recommended (Free Shipping) | Chewy,64,"Shop Chewy for low prices on prescription cat treats. We carry a wide selection of prescription cat treats from top brands like Royal Canin, Hill's Prescription Diet and more to help with weight control, sensitive stomach and more. *FREE* shipping on orders $49+ and the BEST customer service!",293,veterinary diet cat treats on sale,Veterinary Diet Cat Treats,1,vet-diet-cat-treats,True,True,False,False,True,False,False,False,200,338,2,good,1538.0,good,0.04,,,13,12,12.6,5,2,3,3,8.0
Browse,Schema,FAQ schema missing,https://www.chewy.com/b/cat-ear-eye-care-129894,True,Add FAQ schema where available; this is a nice-to-have.,,Cat Ear & Eye Care - Free shipping | Chewy,42,Shop Chewy for low prices and the best Cat Ear & Eye Care! We carry a large selection and the top brands like American Journey and more. Find everything you need in one place. FREE shipping on orders $49+ and the BEST customer service!,235,cat ear and eye care,Cat Ear & Eye Care,1,cat-ear-eye-care,True,False,False,False,True,False,False,False,101,312,2,,,,,,,1,1,,0,0,0,1,1.0
Browse,Schema,FAQ schema missing,https://www.chewy.com/b/science-backed-formulas-141958,True,Add FAQ schema where available; this is a nice-to-have.,,Shop by Health Consideration - Free shipping | Chewy,52,"Shop Chewy for low prices and the best Health Consideration! We carry a large selection and the top brands like Blue Buffalo, Purina Pro Plan, and more. Find everything you need in one place. FREE shipping on orders $49+ and the BEST customer service!",251,,Shop by Health Consideration,1,science-backed-formulas,True,True,False,False,True,False,False,False,561,362,2,,,,,,,,,,,,,,1.0
Browse,Schema,FAQ schema missing,https://www.chewy.com/b/more-health-conditions-12283,True,Add FAQ schema where available; this is a nice-to-have.,,"Thyroid, Calming, Dental And Recovery Cat Food - Free Shipping | Chewy",70,"Shop Chewy for low prices and the best More Health Conditions! We carry a large selection and the top brands like Royal Canin Veterinary Diet, Hill's Prescription Diet, and more. Find everything you need in one place. FREE shipping on orders $49+ and the BEST customer service!",277,veterinary diet cat food for hip and joint support thyroid care dental and breath care aging care calming and recovery,"Veterinary Diet Cat Food for Hip & Joint Support, Thyroid Care, Dental & Breath Care, Aging Care, Calming, and Recovery",1,more-health-conditions,True,True,False,False,True,False,False,False,155,348,2,,,,,,,1,1,1.0,1,0,0,0,4.0
Browse,Schema,FAQ schema missing,https://www.chewy.com/b/over-the-counter-medicine-for-cats-105830,True,Add FAQ schema where available; this is a nice-to-have.,,Over The Counter Medicine For Cats - Free shipping | Chewy,58,"Shop Chewy for low prices and the best Over-the-Counter Medicine & Treatments! We carry a large selection and the top brands like PetAlive, Natura Petz Organics, and more. Find everything you need in one place. FREE shipping on orders $49+ and the BEST customer service!",270,over the counter medicine for cats,Over The Counter Medicine For Cats,1,over-the-counter-medicine-for-cats,True,True,False,False,True,False,False,False,137,355,2,,,,,,,6,6,6.0,5,1,0,0,4.0
Browse,Schema,FAQ schema missing,https://www.chewy.com/b/food-15562,True,Add FAQ schema where available; this is a nice-to-have.,,Hairball Control Cat Food - Free shipping | Chewy,49,"Shop Chewy for low prices and the best Food products! We carry a large selection and the top brands like Purina ONE, Hill's Science Diet, and more. Find everything you need in one place. FREE shipping on orders $49+ and the BEST customer service!",246,,Hairball Control Cat Food,1,food,False,False,False,False,True,False,False,False,172,354,2,,,,,,,,,,,,,,1.0
Browse,Schema,FAQ schema missing,https://www.chewy.com/b/skin-coat-care-445,True,Add FAQ schema where available; this is a nice-to-have.,,"Cat Skin & Coat: Food, Supplements & Medication (Free Shipping) | Chewy",71,"Shop Chewy for low prices and the best Skin & Coat Care! We carry a large selection and the top brands like Prednisolone Compounded, Silver Sulfadiazine, and more. Find everything you need in one place. FREE shipping on orders $49+ and the BEST customer service!",262,,Cat Skin & Coat Care,1,skin-coat-care,True,True,False,False,True,False,False,False,106,349,2,,,,,,,,,,,,,,1.0
Browse,Schema,FAQ schema missing,https://www.chewy.com/b/kitten-milk-replacers-13491,True,Add FAQ schema where available; this is a nice-to-have.,,Kitten Milk Replacers - Free shipping | Chewy,45,"Shop Chewy for low prices and the best Milk Replacers & Nursing Kits! We carry a large selection and the top brands like PetAg, Four Paws, and more. Find everything you need in one place. FREE shipping on orders $49+ and the BEST customer service!",247,kitten milk replacers,Kitten Milk Replacers,1,kitten-milk-replacers,True,True,False,False,True,False,False,False,115,330,2,,,,,,,10,10,20.0,1,4,5,0,7.0
Browse,Schema,FAQ schema missing,https://www.chewy.com/b/medicated-shampoos-for-cats-14134,True,Add FAQ schema where available; this is a nice-to-have.,,Medicated Shampoos & Topicals for Cats - Free shipping | Chewy,62,"Shop Chewy for low prices and the best Medicated Shampoos & Topicals! We carry a large selection and the top brands like TropiClean, Davis, and more. Find everything you need in one place. FREE shipping on orders $49+ and the BEST customer service!",248,medicated shampoos for cats,Medicated Shampoos & Topicals for Cats,1,medicated-shampoos-for-cats,True,True,False,False,True,False,False,False,262,356,2,,,,,,,2,2,3.5,2,0,0,0,1.0
Browse,Schema,FAQ schema missing,https://www.chewy.com/b/itch-relief-for-cats-14135,True,Add FAQ schema where available; this is a nice-to-have.,,Cat Allergy Treatments & Itch Relief - Free shipping | Chewy,60,"Shop Chewy for low prices and the best Allergy Treatments & Itch Relief! We carry a large selection and the top brands like COMFURT COLLAR, TropiClean, and more. Find everything you need in one place. FREE shipping on orders $49+ and the BEST customer service!",260,,Cat Allergy Treatments & Itch Relief,1,itch-relief-for-cats,True,True,False,False,True,False,False,False,117,357,2,,,,,,,,,,,,,,1.0
Browse,Schema,FAQ schema missing,https://www.chewy.com/b/pill-administration-14137,True,Add FAQ schema where available; this is a nice-to-have.,,Pill Administers for Cats - Free shipping | Chewy,49,"Shop Chewy for low prices and the best Pill Administration! We carry a large selection and the top brands like Greenies, JorVet, and more. Find everything you need in one place. FREE shipping on orders $49+ and the BEST customer service!",237,pill administers for cats on sale,Pill Administers for Cats,1,pill-administration,True,True,False,False,True,False,False,False,107,325,2,,,,,,,2,2,6.0,1,0,0,1,1.0
Browse,Schema,FAQ schema missing,https://www.chewy.com/b/digestive-care-419,True,Add FAQ schema where available; this is a nice-to-have.,,Cat Digestive Care Products (Free Shipping) | Chewy,51,"Shop Chewy for low prices and the best Cat Digestive Care! We carry a large selection and the top brands like Metronidazole Compounded, Fluoxetine HCl Compounded, and more. Find everything you need in one place. FREE shipping on orders $49+ and the BEST customer service!",271,,Cat Digestive Care,1,digestive-care,True,True,False,False,True,False,False,False,112,359,2,,,,,,,,,,,,,,1.0
Browse,Schema,FAQ schema missing,https://www.chewy.com/b/dewormers-parasiticides-11632,True,Add FAQ schema where available; this is a nice-to-have.,,Worm Medicine for Horses: Horse Deworming Medication (Ships Free) | Chewy RX,76,"Shop Chewy Pharmacy for the best prices on Prescription Horse Dewormers & Parasiticides. We have top brands like Durvet, Panacur & Farnam. FREE shipping on $49+ orders!",168,chewy horse wormer,Dewormers & Parasiticides for Horses,1,dewormers-parasiticides,True,True,False,False,True,False,False,False,9349,328,2,,,,,,,1,1,2.0,1,0,0,0,3.0
Browse,Schema,FAQ schema missing,https://www.chewy.com/b/metabolic-medications-170926,True,Add FAQ schema where available; this is a nice-to-have.,,Metabolic Prescription Medications for Horses - Free shipping | Chewy,69,"Shop Chewy for low prices and the best Metabolic Medications! We carry a large selection and the top brands like Trilostane Compounded, Pergolide Compounded, and more. Find everything you need in one place. FREE shipping on orders $49+ and the BEST customer service!",266,,Metabolic Prescription Medications for Horses,1,metabolic-medications,False,False,False,False,True,False,False,False,14,348,2,,,,,,,,,,,,,,1.0
Browse,Schema,FAQ schema missing,https://www.chewy.com/b/joint-support-medications-171086,True,Add FAQ schema where available; this is a nice-to-have.,,Joint Support and Anti-Inflammatory Medications - Free shipping | Chewy,71,"Shop Chewy for low prices and the best Joint Support Medications! We carry a large selection and the top brands like Prednisone Compounded, Isoxsuprine HCl Compounded, and more. Find everything you need in one place. FREE shipping on orders $49+ and the BEST customer service!",276,,Joint Support and Anti-Inflammatory Medications,1,joint-support-medications,False,False,False,False,True,False,False,False,19,352,2,,,,,,,,,,,,,,
Browse,Schema,FAQ schema missing,https://www.chewy.com/b/calming-medications-171062,True,Add FAQ schema where available; this is a nice-to-have.,,Calming and Behavioral Support Medications for Horses - Free shipping | Chewy,77,"Shop Chewy for low prices and the best Calming Medications! We carry a large selection and the top brands like Fluoxetine HCl Compounded, Clomipramine HCl Compounded, and more. Find everything you need in one place. FREE shipping on orders $49+ and the BEST customer service!",275,,Calming and Behavioral Support Medications for Horses,1,calming-medications,False,False,False,False,True,False,False,False,29,336,2,,,,,,,,,,,,,,
Browse,Schema,FAQ schema missing,https://www.chewy.com/b/weight-loss-cat-food-11669,True,Add FAQ schema where available; this is a nice-to-have.,,Weight Loss Cat Food - Free Shipping | Chewy,44,"Shop Chewy for low prices and the best Weight Control! We carry a large selection and the top brands like Stella & Chewy's, Purina Pro Plan, and more. Find everything you need in one place. FREE shipping on orders $49+ and the BEST customer service!",249,,Weight Control Cat Food,1,weight-loss-cat-food,False,False,False,False,True,False,False,False,322,353,2,,,,,,,,,,,,,,1.0
Browse,Schema,FAQ schema missing,https://www.chewy.com/b/indoor-cat-food-11666,True,Add FAQ schema where available; this is a nice-to-have.,,Indoor Cat Food - Free Shipping | Chewy,39,"Shop Chewy for low prices and the best Indoor Cat Food! We carry a large selection and the top brands like Blue Buffalo, Purina ONE, and more. Find everything you need in one place. FREE shipping on orders $49+ and the BEST customer service!",241,chewy dry cat food,Indoor Cat Food,1,indoor-cat-food,False,False,False,False,True,False,False,False,508,356,2,,,,,,,3,3,15.67,0,3,0,0,1.0
Browse,Schema,FAQ schema missing,https://www.chewy.com/b/indoor-cat-food-dry-142446,True,Add FAQ schema where available; this is a nice-to-have.,,Dry Cat Food For Indoor Cats - Free Shipping | Chewy,52,"Shop Chewy for low prices and the best Indoor Cat! We carry a large selection and the top brands like Blue Buffalo, Purina ONE, and more. Find everything you need in one place. FREE shipping on orders $49+ and the BEST customer service!",236,,Indoor Dry Cat Food,1,indoor-cat-food-dry,False,False,False,False,True,False,False,False,200,352,2,,,,,,,,,,,,,,
Browse,Schema,FAQ schema missing,https://www.chewy.com/b/shop-everyday-favorites-142462,True,Add FAQ schema where available; this is a nice-to-have.,,Shop Everyday Favorite Dry Cat Food - Free shipping | Chewy,59,"Shop Chewy for low prices and the best Shop Everyday Favorites! We carry a large selection and the top brands like Purina ONE, Iams, and more. Find everything you need in one place. FREE shipping on orders $49+ and the BEST customer service!",241,chewy com cat food,Shop Everyday Favorite Dry Cat Food,1,shop-everyday-favorites,False,False,False,False,True,False,False,False,125,351,2,,,,,,,1,1,,0,0,0,1,1.0
Browse,Schema,FAQ schema missing,https://www.chewy.com/b/high-quality-dry-cat-food-142302,True,Add FAQ schema where available; this is a nice-to-have.,,High Quality Dry Cat Food - Free Shipping | Chewy,49,"Shop Chewy for low prices and the best Highest Quality Cat Food! We carry a large selection and the top brands like Purina Pro Plan, Hill's Science Diet, and more. Find everything you need in one place. FREE shipping on orders $49+ and the BEST customer service!",262,highest quality dry cat food on sale,Highest Quality Dry Cat Food,1,high-quality-dry-cat-food,True,True,False,False,True,False,False,False,233,363,2,,,,,,,8,7,17.4,1,1,3,3,3.0
Browse,Schema,FAQ schema missing,https://www.chewy.com/b/shop-by-dietary-need-141966,True,Add FAQ schema where available; this is a nice-to-have.,,Shop Dry Cat Food by Dietary Need - Free shipping | Chewy,57,"Shop Chewy for low prices and the best Shop by Dietary Need! We carry a large selection and the top brands like Blue Buffalo, Purina Pro Plan, and more. Find everything you need in one place. FREE shipping on orders $49+ and the BEST customer service!",251,deals on shop dry cat food by dietary need,Shop Dry Cat Food by Dietary Need,1,shop-by-dietary-need,True,True,False,False,True,False,False,False,304,360,2,,,,,,,3,3,4.67,3,0,0,0,1.0
Browse,Schema,FAQ schema missing,https://www.chewy.com/b/rocks-165222,True,Add FAQ schema where available; this is a nice-to-have.,,Aquarium & Fish Tank Rocks | Chewy,34,"Shop Chewy for low prices and the best Rocks products! We carry a large selection and the top brands like CaribSea, Ecoscape, and more. Find everything you need in one place. FREE shipping on orders $49+ and the BEST customer service!",234,,Aquarium Rocks,1,rocks,True,True,False,False,True,False,False,False,163,352,2,,,,,,,,,,,,,,2.0
Browse,Schema,FAQ schema missing,https://www.chewy.com/b/live-aquarium-plants-165958,True,Add FAQ schema where available; this is a nice-to-have.,,Live Aquarium Plants | Chewy,28,"Shop Chewy for low prices and the best Live Aquarium Plants! We carry a large selection and the top brands like Quinn's Fins, HydrOasis, and more. Find everything you need in one place. FREE shipping on orders $49+ and the BEST customer service!",245,live aquarium plants,Live Aquarium Plants,1,live-aquarium-plants,True,True,False,False,True,False,False,False,419,354,2,good,1433.0,good,0.03,,,1,1,,0,0,0,1,4.0
Browse,Schema,FAQ schema missing,https://www.chewy.com/b/artificial-coral-168694,True,Add FAQ schema where available; this is a nice-to-have.,,Artificial Coral Aquarium Decorations - Free shipping | Chewy,61,"Shop Chewy for low prices and the best Artificial Coral! We carry a large selection and the top brands like Underwater Treasures, Penn-Plax, and more. Find everything you need in one place. FREE shipping on orders $49+ and the BEST customer service!",249,,Artificial Coral Aquarium Decorations,1,artificial-coral,True,True,False,False,True,False,False,False,95,344,2,,,,,,,,,,,,,,1.0
Browse,Schema,FAQ schema missing,https://www.chewy.com/b/horse-therapy-products-3448430,True,Add FAQ schema where available; this is a nice-to-have.,,Horse Therapy Products - Equine Therapy Products | Chewy,56,"Shop Chewy for low prices and the best Therapy Products! We carry a large selection and the top brands like Back on Track, Professional's Choice, and more. Find everything you need in one place. FREE shipping on orders $49+ and the BEST customer service!",254,,Horse Therapy Products,1,horse-therapy-products,True,True,False,False,True,False,False,False,255,351,2,,,,,,,,,,,,,,1.0
Browse,Schema,FAQ schema missing,https://www.chewy.com/b/horse-hoof-care-products-10469,True,Add FAQ schema where available; this is a nice-to-have.,,Equine Hoof Care Products | Chewy,33,"Shop Chewy for low prices and the best Hoof Care! We carry a large selection and the top brands like Scootboot, EasyCare, and more. Find everything you need in one place. FREE shipping on orders $49+ and the BEST customer service!",230,,Horse Hoof Care Products,1,horse-hoof-care-products,True,True,False,False,True,False,False,False,436,360,2,,,,,,,,,,,,,,1.0
Browse,Schema,FAQ schema missing,https://www.chewy.com/b/horse-first-aid-1693,True,Add FAQ schema where available; this is a nice-to-have.,,Equine First Aid Kit | Chewy,28,"Shop Chewy for low prices and the best horse first aid and healthcare products! We have a large selection of skin & coat care, first aid, hoof care & more. *FREE* shipping on orders $49+ and the BEST customer service!",217,,Horse First Aid,1,horse-first-aid,True,True,False,False,True,False,False,False,703,366,2,,,,,,,,,,,,,,1.0
Browse,Schema,FAQ schema missing,https://www.chewy.com/b/hoof-supplements-129278,True,Add FAQ schema where available; this is a nice-to-have.,,Hoof Supplement | Chewy,23,"Shop Chewy for low prices and the best Hoof Supplements! We carry a large selection and the top brands like SmartPak, Kaeco, and more. Find everything you need in one place. FREE shipping on orders $49+ and the BEST customer service!",233,,Horse Hoof Supplements,1,hoof-supplements,True,True,False,False,True,False,False,False,48,350,2,,,,,,,,,,,,,,1.0
Browse,Schema,FAQ schema missing,https://www.chewy.com/b/fly-insect-control-138742,True,Add FAQ schema where available; this is a nice-to-have.,,Fly Control | Chewy,19,"Shop Chewy for low prices and the best Fly & Insect Control! We carry a large selection and the top brands like Kensington Protective Products, WeatherBeeta, and more. Find everything you need in one place. FREE shipping on orders $49+ and the BEST customer service!",266,,"Fly, Insect & Pest Control for Horses",1,fly-insect-control,False,False,False,False,True,False,False,False,1095,354,2,,,,,,,,,,,,,,1.0
Browse,Schema,FAQ schema missing,https://www.chewy.com/b/layer-feed-171166,True,Add FAQ schema where available; this is a nice-to-have.,,Layer Feed - Free shipping | Chewy,34,"Shop Chewy for low prices and the best Layer Feed! We carry a large selection and the top brands like Kalmbach Feeds, Hatching Time, and more. Find everything you need in one place. FREE shipping on orders $49+ and the BEST customer service!",241,,Layer Feed,1,layer-feed,True,True,False,False,True,False,False,False,48,350,2,,,,,,,,,,,,,,1.0
Browse,Schema,FAQ schema missing,https://www.chewy.com/b/all-flock-feed-171134,True,Add FAQ schema where available; this is a nice-to-have.,,All Flock Feed - Free shipping | Chewy,38,"Shop Chewy for low prices and the best All Flock Feed! We carry a large selection and the top brands like Kalmbach Feeds, Purina Animal Nutrition, and more. Find everything you need in one place. FREE shipping on orders $49+ and the BEST customer service!",255,all flock feed,All Flock Feed,1,all-flock-feed,True,True,False,False,True,False,False,False,45,353,2,,,,,,,1,1,22.0,0,0,1,0,6.0
Browse,Schema,FAQ schema missing,https://www.chewy.com/b/grit-oyster-shell-171158,True,Add FAQ schema where available; this is a nice-to-have.,,Grit and Oyster Shell - Free shipping | Chewy,45,Shop Chewy for low prices and the best Grit and Oyster Shell! We carry a large selection and the top brands like Bar ALE and more. Find everything you need in one place. FREE shipping on orders $49+ and the BEST customer service!,229,,Grit and Oyster Shell,1,grit-oyster-shell,True,True,False,False,True,False,False,False,33,314,2,,,,,,,,,,,,,,
Browse,Schema,FAQ schema missing,https://www.chewy.com/b/medicated-feed-171150,True,Add FAQ schema where available; this is a nice-to-have.,,Medicated Feed - Free shipping | Chewy,38,"Shop Chewy for low prices and the best Medicated Feed! We carry a large selection and the top brands like Purina Animal Nutrition, Hudson Feeds, and more. Find everything you need in one place. FREE shipping on orders $49+ and the BEST customer service!",253,,Medicated Feed,1,medicated-feed,True,True,False,False,True,False,False,False,20,322,2,,,,,,,,,,,,,,1.0
Browse,Schema,FAQ schema missing,https://www.chewy.com/b/canary-supplies-and-accessories-12950,True,Add FAQ schema where available; this is a nice-to-have.,,Canary Supplies & Accessories | Chewy,37,"Shop Chewy for low prices and the best Canary & Finch! We carry a large selection and the top brands like Polly's Pet Products, Prevue Pet Products, and more. Find everything you need in one place. FREE shipping on orders $49+ and the BEST customer service!",257,canary supplies,Canary Supplies & Accessories,1,canary-supplies-and-accessories,True,True,False,False,True,False,False,False,206,361,2,,,,,,,9,9,12.17,3,2,1,3,1.0
Browse,Schema,FAQ schema missing,https://www.chewy.com/b/bird-health-wellness-2944678,True,Add FAQ schema where available; this is a nice-to-have.,,Bird Health Products - Free shipping | Chewy,44,"Shop Chewy for low prices and the best Bird Health & Wellness! We carry a large selection and the top brands like Crown Pet Supplies, Morning Bird, and more. Find everything you need in one place. FREE shipping on orders $49+ and the BEST customer service!",256,,Bird Health Products,1,bird-health-wellness,True,True,False,False,True,False,False,False,321,359,2,,,,,,,,,,,,,,1.0
Browse,Schema,FAQ schema missing,https://www.chewy.com/b/bird-swings-3916878,True,Add FAQ schema where available; this is a nice-to-have.,,Bird Swings | Chewy,19,"Shop Chewy for low prices and the best Bird Swings! We carry a large selection and the top brands like Polly's Pet Products, Penn-Plax, and more. Find everything you need in one place. FREE shipping on orders $49+ and the BEST customer service!",244,bird swings,Bird Swings,1,bird-swings,True,True,False,False,True,False,False,False,110,324,2,,,,,,,2,2,18.5,0,2,0,0,1.0
Browse,Schema,FAQ schema missing,https://www.chewy.com/b/odor-absorbers-2392,True,Add FAQ schema where available; this is a nice-to-have.,,Dog Odor Absorbers & Smell Eliminators: Low Prices (Free Shipping) | Chewy,74,"Shop Chewy for low prices and the best Odor Absorbers! We carry a large selection and the top brands like Pet Odor Exterminator, Pet House, and more. Find everything you need in one place. FREE shipping on orders $49+ and the BEST customer service!",248,dog odor removers,Dog Odor Removers,1,odor-absorbers,True,True,False,False,True,False,False,False,115,363,2,,,,,,,13,13,11.08,8,4,1,0,17.0
Browse,Schema,FAQ schema missing,https://www.chewy.com/b/rabbit-enclosures-and-accessories-138126,True,Add FAQ schema where available; this is a nice-to-have.,,Rabbit Hutches & Playpens | Chewy,33,"Shop Chewy for low prices and the best Enclosures & Habitat Accessories! We carry a large selection and the top brands like PawHut, Aivituvin, and more. Find everything you need in one place. FREE shipping on orders $49+ and the BEST customer service!",251,rabbit hutches,Rabbit Enclosures & Habitat Accessories,1,rabbit-enclosures-and-accessories,True,True,False,False,True,False,False,False,153,362,2,good,1484.0,good,0.05,,,8,8,13.62,3,3,2,0,12.0
Browse,Schema,FAQ schema missing,https://www.chewy.com/b/small-pet-birthday-437422,True,Add FAQ schema where available; this is a nice-to-have.,,Small Pet Birthday Supplies - Free shipping | Chewy,51,"Shop Chewy for low prices and the best Small Pet Birthday! We carry a large selection and the top brands like Oxbow, Exotic Nutrition, and more. Find everything you need in one place. FREE shipping on orders $49+ and the BEST customer service!",243,,Small Pet Birthday Supplies,1,small-pet-birthday,True,True,False,False,True,False,False,False,617,344,2,,,,,,,,,,,,,,1.0
Browse,Schema,FAQ schema missing,https://www.chewy.com/b/kidney-supplements-for-cats-1584,True,Add FAQ schema where available; this is a nice-to-have.,,Kidney & Urinary Supplements for Cats: Low Prices (Free Shipping) | Chewy,73,"Shop Chewy for low prices and the best Urinary & Kidney! We carry a large selection and the top brands like Natura Petz Organics, VetriScience, and more. Find everything you need in one place. FREE shipping on orders $49+ and the BEST customer service!",252,urinary and kidney powder supplements for cats,Urinary & Kidney Supplements for Cats,1,kidney-supplements-for-cats,True,True,False,False,True,False,False,False,260,369,2,good,1854.0,needs,0.135,,,6,6,7.33,4,1,1,0,13.0
Browse,Schema,FAQ schema missing,https://www.chewy.com/b/liver-supplements-for-cats-1580,True,Add FAQ schema where available; this is a nice-to-have.,,Cat Heart & Liver Supplements: Low Prices (Free Shipping) | Chewy,65,Shop Chewy for low prices on cat heart and liver care supplements. We have a wide selection of cat heart and liver care supplements for cats in different forms and flavors from top brands to keep your cat's heart and liver healthy. *FREE* shipping on orders $49+ and the BEST customer service!,293,liver care cat vitamins supplements,Heart & Liver Supplements for Cats,1,liver-supplements-for-cats,True,True,False,False,True,False,False,False,126,354,2,,,,,,,7,7,3.29,7,0,0,0,1.0
Browse,Schema,FAQ schema missing,https://www.chewy.com/b/fish-tank-pumps-accessories-166982,True,Add FAQ schema where available; this is a nice-to-have.,,Fish Tank Pumps and Accessories - Free shipping | Chewy,55,"Shop Chewy for low prices and the best Fish Tank Pumps and Accessories! We carry a large selection and the top brands like Lifegard, Penn-Plax, and more. Find everything you need in one place. FREE shipping on orders $49+ and the BEST customer service!",252,best aquarium pumps,Fish Tank Pumps and Accessories,1,fish-tank-pumps-accessories,True,True,False,False,True,False,False,False,479,362,2,,,,,,,6,6,24.67,0,1,5,0,2.0
Browse,Schema,FAQ schema missing,https://www.chewy.com/b/glofish-supplies-accessories-167174,True,Add FAQ schema where available; this is a nice-to-have.,,GloFish Supplies and Accessories - Free shipping | Chewy,56,Shop Chewy for low prices and the best GloFish Supplies and Accessories! We carry a large selection and the top brands like American Journey and more. Find everything you need in one place. FREE shipping on orders $49+ and the BEST customer service!,249,,GloFish Supplies and Accessories,1,glofish-supplies-accessories,False,False,False,False,True,False,False,False,169,352,2,,,,,,,,,,,,,,
Browse,Schema,FAQ schema missing,https://www.chewy.com/b/fish-shop-122086,True,Add FAQ schema where available; this is a nice-to-have.,,Shop By Fish Type | Chewy,25,"Shop Chewy for low prices and the best Shop by Fish Type! We carry a large selection and the top brands like Underwater Treasures, Penn-Plax, and more. Find everything you need in one place. FREE shipping on orders $49+ and the BEST customer service!",250,,Fish Shop,1,fish-shop,False,False,False,False,True,False,False,False,3407,365,2,,,,,,,,,,,,,,1.0
Browse,Schema,FAQ schema missing,https://www.chewy.com/b/gps-activity-trackers-2562,True,Add FAQ schema where available; this is a nice-to-have.,,Dog GPS & Activity Trackers: Low Prices (Free Shipping) | Chewy,63,"Shop Chewy for low prices and the best GPS & Activity Trackers! We carry a large selection and the top brands like Fi, Pawfit, and more. Find everything you need in one place. FREE shipping on orders $49+ and the BEST customer service!",235,,Dog GPS & Activity Trackers,1,gps-activity-trackers,False,False,False,False,True,False,False,False,156,362,2,,,,,,,,,,,,,,
Browse,Schema,FAQ schema missing,https://www.chewy.com/b/fence-systems-1452,True,Add FAQ schema where available; this is a nice-to-have.,,Wireless Dog Fences - Free shipping | Chewy,43,"Shop Chewy for low prices and the best Fence Systems! We carry a large selection and the top brands like PetSafe, Mimofpet, and more. Find everything you need in one place. FREE shipping on orders $49+ and the BEST customer service!",232,,Wireless Dog Fences,1,fence-systems,False,False,False,False,True,False,False,False,117,366,2,,,,,,,,,,,,,,1.0
Browse,Schema,FAQ schema missing,https://www.chewy.com/b/service-dog-8364,True,Add FAQ schema where available; this is a nice-to-have.,,"Service & Support Dog Harnesses, Vests & Patches - Free shipping | Chewy",72,"Shop Chewy for low prices and the best Service Dog! We carry a large selection and the top brands like Industrial Puppy, Chai's Choice, and more. Find everything you need in one place. FREE shipping on orders $49+ and the BEST customer service!",244,,"Service & Support Dog Harnesses, Vests & Patches",1,service-dog,False,False,False,False,True,False,False,False,99,358,2,,,,,,,,,,,,,,1.0
Browse,Schema,FAQ schema missing,https://www.chewy.com/b/kitten-shop-2292,True,Add FAQ schema where available; this is a nice-to-have.,,"Kitten Supplies: Food, Litter, Treats & More - Free Shipping",60,"Shop Chewy for low prices on the best kitten supplies. Chewy has a wide selection of kitten supplies like food, litter, treats, trees, toys, stain removers and more to help make owning your new kitten easy! *FREE* shipping on orders $49+ and the BEST customer service!",268,kitten supplies and accessories,Kitten Supplies & Accessories,1,kitten-shop,True,True,False,False,True,False,False,False,745,376,2,good,1752.0,good,0.0,,,4,4,10.33,2,0,1,1,11.0
Browse,Schema,FAQ schema missing,https://www.chewy.com/b/brushes-166318,True,Add FAQ schema where available; this is a nice-to-have.,,Dog Brushes - Free shipping | Chewy,35,"Shop Chewy for low prices and the best Brushes products! We carry a large selection and the top brands like Safari, Bass Brushes, and more. Find everything you need in one place. FREE shipping on orders $49+ and the BEST customer service!",238,,Dog Brushes,1,brushes,True,True,False,False,True,False,False,False,249,354,2,,,,,,,,,,,,,,1.0
Browse,Schema,FAQ schema missing,https://www.chewy.com/b/urinary-cat-food-141990,True,Add FAQ schema where available; this is a nice-to-have.,,Science Diet Urinary Cat Food | Chewy,37,"Shop Chewy for low prices and the best Urinary Care! We carry a large selection and the top brands like Wellness, Weruva, and more. Find everything you need in one place. FREE shipping on orders $49+ and the BEST customer service!",230,chewy urinary cat food,Urinary Cat Food,1,urinary-cat-food,False,False,False,False,True,False,False,False,55,355,2,good,1948.0,needs,0.23,,,1,1,10.0,1,0,0,0,1.0
Browse,Schema,FAQ schema missing,https://www.chewy.com/b/hairball-control-cat-food-11670,True,Add FAQ schema where available; this is a nice-to-have.,,Hairball Control Cat Food - Free Shipping | Chewy,49,"Shop Chewy for low prices and the best Hairball Control! We carry a large selection and the top brands like Purina ONE, Purina Pro Plan, and more. Find everything you need in one place. FREE shipping on orders $49+ and the BEST customer service!",245,,Hairball Control Cat Food,1,hairball-control-cat-food,False,False,False,False,True,False,False,False,47,353,2,,,,,,,,,,,,,,1.0
Browse,Schema,FAQ schema missing,https://www.chewy.com/b/cat-food-for-sensitive-skin-142006,True,Add FAQ schema where available; this is a nice-to-have.,,Cat Food For Sensitive Skin - Free Shipping | Chewy,51,"Shop Chewy for low prices and the best Sensitive Skin! We carry a large selection and the top brands like Natural Balance, Purina Pro Plan, and more. Find everything you need in one place. FREE shipping on orders $49+ and the BEST customer service!",248,,Cat Food For Sensitive Skin,1,cat-food-for-sensitive-skin,False,False,False,False,True,False,False,False,45,351,2,,,,,,,,,,,,,,1.0
Browse,Schema,FAQ schema missing,https://www.chewy.com/b/veterinary-diets-142014,True,Add FAQ schema where available; this is a nice-to-have.,,Veterinary Diet Cat Food - Free shipping | Chewy,48,"Shop Chewy for low prices and the best Veterinary Diets! We carry a large selection and the top brands like Hill's Prescription Diet, Royal Canin Veterinary Diet, and more. Find everything you need in one place. FREE shipping on orders $49+ and the BEST customer service!",271,,Veterinary Diet Cat Food,1,veterinary-diets,False,False,False,False,True,False,False,False,112,355,2,,,,,,,,,,,,,,1.0
Browse,Schema,FAQ schema missing,https://www.chewy.com/b/kidney-cat-food-141998,True,Add FAQ schema where available; this is a nice-to-have.,,Kidney Cat Food - Free Shipping | Chewy,39,"Shop Chewy for low prices and the best Kidney Care! We carry a large selection and the top brands like Weruva, Blue Buffalo, and more. Find everything you need in one place. FREE shipping on orders $49+ and the BEST customer service!",233,,Kidney Cat Food,1,kidney-cat-food,False,False,False,False,True,False,False,False,52,335,2,,,,,,,,,,,,,,2.0
Browse,Schema,FAQ schema missing,https://www.chewy.com/b/fun-trendy-165190,True,Add FAQ schema where available; this is a nice-to-have.,,Fun & Trendy Cat Beds - Free shipping | Chewy,45,"Shop Chewy for low prices and the best Fun & Trendy! We carry a large selection and the top brands like NonoPets, Happy & Polly, and more. Find everything you need in one place. FREE shipping on orders $49+ and the BEST customer service!",237,,Fun & Trendy Cat Beds,1,fun-trendy,True,True,False,False,True,False,False,False,264,331,2,,,good,0.04,,,,,,,,,,6.0
Browse,Schema,FAQ schema missing,https://www.chewy.com/b/calming-aids-1420,True,Add FAQ schema where available; this is a nice-to-have.,,"Cat Calming Aids: Calming Chews, Sprays & More (Free Shipping) | Chewy",70,"Shop Chewy for low prices and the best cat calming aids! Cat stress can come from her environment, physical issues, or emotions such as fear. Check out our wide selection of products to keep your kitty calm with aids like calming chews, diffusers, collars and supplements. *FREE* shipping on orders $49+ and the BEST customer service.",334,cat calming powders,Cat Calming Aids,1,calming-aids,False,False,False,False,True,False,False,False,75,360,2,,,,,,,6,6,25.0,0,0,1,5,3.0
Browse,Schema,FAQ schema missing,https://www.chewy.com/b/allergy-relief-165590,True,Add FAQ schema where available; this is a nice-to-have.,,Allergy Relief For Cats With Seasonal & Year-Round Allergies - Free shipping | Chewy,84,"Shop Chewy for low prices and the best Allergy Relief! We carry a large selection and the top brands like Prednisolone Compounded, Chlorpheniramine Maleate Compounded, and more. Find everything you need in one place. FREE shipping on orders $49+ and the BEST customer service!",276,,Allergy Relief For Cats With Seasonal & Year-Round Allergies,1,allergy-relief,True,True,False,False,True,False,False,False,30,348,2,,,,,,,,,,,,,,1.0
Browse,Schema,FAQ schema missing,https://www.chewy.com/b/allergy-relief-165310,True,Add FAQ schema where available; this is a nice-to-have.,,Allergy Relief for Dogs with Seasonal & Year-Round Allergies - Free shipping | Chewy,84,"Shop Chewy for low prices and the best Allergy Relief! We carry a large selection and the top brands like Prednisolone Compounded, Theophylline Compounded, and more. Find everything you need in one place. FREE shipping on orders $49+ and the BEST customer service!",264,,Allergy Relief for Dogs with Seasonal & Year-Round Allergies,1,allergy-relief,True,True,False,False,True,False,False,False,48,349,2,,,,,,,,,,,,,,1.0
Browse,Schema,FAQ schema missing,https://www.chewy.com/b/allergies-itch-164670,True,Add FAQ schema where available; this is a nice-to-have.,,Prescription Allergy Relief Medication for Pets - Free shipping | Chewy,71,"Shop Chewy for low prices and the best Allergies & Itch! We carry a large selection and the top brands like Apoquel, Hydroxyzine, and more. Find everything you need in one place. FREE shipping on orders $49+ and the BEST customer service!",238,,Prescription Allergy Relief Medication for Pets,1,allergies-itch,True,True,False,False,True,False,False,False,155,333,2,,,,,,,,,,,,,,1.0
Browse,Schema,FAQ schema missing,https://www.chewy.com/b/anti-nausea-vomiting-165718,True,Add FAQ schema where available; this is a nice-to-have.,,Prescription Anti-Nausea & Vomiting Medications For Cats - Free shipping | Chewy,80,"Shop Chewy for low prices and the best Anti-Nausea & Vomiting! We carry a large selection and the top brands like Metoclopramide Compounded, Mirtazapine Compounded, and more. Find everything you need in one place. FREE shipping on orders $49+ and the BEST customer service!",273,,Prescription Anti-Nausea & Vomiting Medications For Cats,1,anti-nausea-vomiting,True,True,False,False,True,False,False,False,21,325,2,,,,,,,,,,,,,,15.0
Browse,Schema,FAQ schema missing,https://www.chewy.com/b/topical-antibiotics-165638,True,Add FAQ schema where available; this is a nice-to-have.,,Prescription Antibiotic Creams & Ointments For Cats - Free shipping | Chewy,75,"Shop Chewy for low prices and the best Topical Antibiotics! We carry a large selection and the top brands like Animax, Terramycin, and more. Find everything you need in one place. FREE shipping on orders $49+ and the BEST customer service!",239,,Prescription Antibiotic Creams & Ointments For Cats,1,topical-antibiotics,True,True,False,False,True,False,False,False,17,318,2,,,,,,,,,,,,,,3.0
Browse,Schema,FAQ schema missing,https://www.chewy.com/b/pet-allergy-medicine-12233,True,Add FAQ schema where available; this is a nice-to-have.,,Compound Pet Allergy Medicine - Free shipping | Chewy,53,"Shop Chewy for low prices and the best Allergy Relief! We carry a large selection and the top brands like Prednisolone Compounded, Prednisone Compounded, and more. Find everything you need in one place. FREE shipping on orders $49+ and the BEST customer service!",262,,Compound Pet Allergy Medicine,1,pet-allergy-medicine,True,True,False,False,True,False,False,False,58,340,2,,,,,,,,,,,,,,1.0
Browse,Schema,FAQ schema missing,https://www.chewy.com/b/topical-antibiotics-165358,True,Add FAQ schema where available; this is a nice-to-have.,,Prescription Antibiotic Creams & Ointments for Dogs - Free shipping | Chewy,75,"Shop Chewy for low prices and the best Topical Antibiotics! We carry a large selection and the top brands like Otomax, Animax, and more. Find everything you need in one place. FREE shipping on orders $49+ and the BEST customer service!",235,,Prescription Antibiotic Creams & Ointments for Dogs,1,topical-antibiotics,True,True,False,False,True,False,False,False,34,319,2,,,,,,,,,,,,,,1.0
Browse,Schema,FAQ schema missing,https://www.chewy.com/b/oral-antibiotics-165350,True,Add FAQ schema where available; this is a nice-to-have.,,Prescription Oral Antibiotics for Dogs - Free shipping | Chewy,62,"Shop Chewy for low prices and the best Oral Antibiotics! We carry a large selection and the top brands like Tylosin Compounded, Metronidazole Compounded, and more. Find everything you need in one place. FREE shipping on orders $49+ and the BEST customer service!",262,,Prescription Oral Antibiotics for Dogs,1,oral-antibiotics,True,True,False,False,True,False,False,False,136,349,2,,,,,,,,,,,,,,1.0
Browse,Schema,FAQ schema missing,https://www.chewy.com/b/horse-thyroid-supplement-158286,True,Add FAQ schema where available; this is a nice-to-have.,,Equine Thyroid Supplement | Chewy,33,Shop Chewy for low prices and the best Thyroid Support! We carry a large selection and the top brands like SmartPak and more. Find everything you need in one place. FREE shipping on orders $49+ and the BEST customer service!,224,,Horse Metabolic & Thyroid Supplements,1,horse-thyroid-supplement,True,True,False,False,True,False,False,False,5,315,2,,,,,,,,,,,,,,1.0
Browse,Schema,FAQ schema missing,https://www.chewy.com/b/sugar-free-low-nsc-treats-171326,True,Add FAQ schema where available; this is a nice-to-have.,,Sugar-free and Low NSC Treats for Metabolic Horses - Free shipping | Chewy,74,"Shop Chewy for low prices and the best Sugar-free and Low NSC Treats! We carry a large selection and the top brands like Kelcie's, Equus Magnificus, and more. Find everything you need in one place. FREE shipping on orders $49+ and the BEST customer service!",257,,Sugar-free and Low NSC Treats for Metabolic Horses,1,sugar-free-low-nsc-treats,True,True,False,False,True,False,False,False,37,328,2,,,,,,,,,,,,,,1.0
Browse,Schema,FAQ schema missing,https://www.chewy.com/b/neurologic-medicine-for-horses-136076,True,Add FAQ schema where available; this is a nice-to-have.,,Neurologic Medicine For Horses | Chewy,38,"Shop Chewy for low prices and the best Neurologic Care! We carry a large selection and the top brands like Dantrolene Sodium Compounded, Levetiracetam Compounded, and more. Find everything you need in one place. FREE shipping on orders $49+ and the BEST customer service!",271,neurologic medicine for horses,Neurologic Medicine For Horses,1,neurologic-medicine-for-horses,False,False,False,False,True,False,False,False,21,347,2,,,,,,,1,1,11.0,0,1,0,0,1.0
Browse,Schema,FAQ schema missing,https://www.chewy.com/b/urinary-medicine-for-horses-11639,True,Add FAQ schema where available; this is a nice-to-have.,,Urinary Medicine For Horses | Chewy,35,"Shop Chewy for low prices and the best Kidney & Urinary System! We carry a large selection and the top brands like Potassium Citrate Compounded, Benazepril HCl Compounded, and more. Find everything you need in one place. FREE shipping on orders $49+ and the BEST customer service!",280,prescription urinary system medicine for horses,Prescription Kidney & Urinary System Medicine for Horses,1,urinary-medicine-for-horses,True,True,False,False,True,False,False,False,13,348,2,,,,,,,6,5,4.5,3,1,0,2,1.0
Browse,Schema,FAQ schema missing,https://www.chewy.com/b/dog-120438,True,Add FAQ schema where available; this is a nice-to-have.,,Dog New Arrivals - Free shipping | Chewy,40,"Shop Chewy for low prices and the best Dog products! We carry a large selection and the top brands like Parisian Pet, Kseroo, and more. Find everything you need in one place. FREE shipping on orders $49+ and the BEST customer service!",234,dog new arrivals,Dog New Arrivals,1,dog,True,True,False,False,True,False,False,False,472,344,2,,,,,,,6,6,13.75,2,0,2,2,1.0
Browse,Schema,FAQ schema missing,https://www.chewy.com/b/cat-120446,True,Add FAQ schema where available; this is a nice-to-have.,,Cat New Arrivals - Free shipping | Chewy,40,"Shop Chewy for low prices and the best Cat products! We carry a large selection and the top brands like NonoPets, JONATHAN Y, and more. Find everything you need in one place. FREE shipping on orders $49+ and the BEST customer service!",234,cat new arrivals,Cat New Arrivals,1,cat,True,True,False,False,True,False,False,False,263,344,2,,,,,,,8,8,10.17,2,4,0,2,1.0
Browse,Schema,FAQ schema missing,https://www.chewy.com/b/small-pet-120454,True,Add FAQ schema where available; this is a nice-to-have.,,New Arrivals by Chewy - Free shipping | Chewy,45,Shop Chewy for low prices and the best Small Pet! We carry a large selection and the top brands like Frisco and more. Find everything you need in one place. FREE shipping on orders $49+ and the BEST customer service!,216,,New Arrivals by Chewy,1,small-pet,True,True,False,False,True,False,False,False,202,303,2,,,,,,,,,,,,,,
Browse,Schema,FAQ schema missing,https://www.chewy.com/b/toys-gifts-novelty-4322838,True,Add FAQ schema where available; this is a nice-to-have.,,"Toys, Gifts & Novelty - Free shipping | Chewy",45,"Shop Chewy for low prices and the best Toys, Gifts & Novelty! We carry a large selection and the top brands like PGS, London Penny, and more. Find everything you need in one place. FREE shipping on orders $49+ and the BEST customer service!",240,,"Toys, Gifts & Novelty",1,toys-gifts-novelty,True,True,False,False,True,False,False,False,1094,347,2,,,,,,,,,,,,,,1.0
Browse,Schema,FAQ schema missing,https://www.chewy.com/b/tapeworm-dewormers-165606,True,Add FAQ schema where available; this is a nice-to-have.,,Prescription Tapeworm Dewormers For Cats - Free shipping | Chewy,64,"Shop Chewy for low prices and the best Tapeworm Dewormers! We carry a large selection and the top brands like Praziquantel Compounded, Profender, and more. Find everything you need in one place. FREE shipping on orders $49+ and the BEST customer service!",254,chewy cat dewormer,Prescription Tapeworm Dewormers For Cats,1,tapeworm-dewormers,True,True,False,False,True,False,False,False,38,321,2,,,,,,,1,1,26.0,0,0,1,0,1.0
Browse,Schema,FAQ schema missing,https://www.chewy.com/b/tapeworm-dewormers-165334,True,Add FAQ schema where available; this is a nice-to-have.,,Prescription Tapeworm Dewormers for Dogs - Free shipping | Chewy,64,"Shop Chewy for low prices and the best Tapeworm Dewormers! We carry a large selection and the top brands like Praziquantel Compounded, Drontal, and more. Find everything you need in one place. FREE shipping on orders $49+ and the BEST customer service!",252,tapeworms pet pharmacy medications,Prescription Tapeworm Dewormers for Dogs,1,tapeworm-dewormers,True,True,False,False,True,False,False,False,38,334,2,,,,,,,1,1,,0,0,0,1,1.0
Browse,Schema,FAQ schema missing,https://www.chewy.com/b/roundworm-hookworm-dewormers-165614,True,Add FAQ schema where available; this is a nice-to-have.,,Prescription Roundworm & Hookworm Dewormers For Cats - Free shipping | Chewy,76,"Shop Chewy for low prices and the best Roundworm & Hookworm Dewormers! We carry a large selection and the top brands like Fenbendazole Compounded, Levamisole Compounded, and more. Find everything you need in one place. FREE shipping on orders $49+ and the BEST customer service!",278,,Prescription Roundworm & Hookworm Dewormers For Cats,1,roundworm-hookworm-dewormers,True,True,False,False,True,False,False,False,38,322,2,,,,,,,,,,,,,,2.0
Browse,Schema,FAQ schema missing,https://www.chewy.com/b/multi-parasite-dewormers-165598,True,Add FAQ schema where available; this is a nice-to-have.,,Prescription Multi-Parasite Dewormers For Cats - Free shipping | Chewy,70,"Shop Chewy for low prices and the best Multi-Parasite Dewormers! We carry a large selection and the top brands like Fenbendazole Compounded, Profender, and more. Find everything you need in one place. FREE shipping on orders $49+ and the BEST customer service!",260,chewy cat dewormer,Prescription Multi-Parasite Dewormers For Cats,1,multi-parasite-dewormers,True,True,False,False,True,False,False,False,38,323,2,,,,,,,1,1,28.0,0,0,1,0,1.0
Browse,Schema,FAQ schema missing,https://www.chewy.com/b/multi-parasite-dewormers-165326,True,Add FAQ schema where available; this is a nice-to-have.,,Prescription Multi-parasite Dewormers for Dogs - Free shipping | Chewy,70,"Shop Chewy for low prices and the best Multi-parasite Dewormers! We carry a large selection and the top brands like Fenbendazole Compounded, Drontal, and more. Find everything you need in one place. FREE shipping on orders $49+ and the BEST customer service!",258,,Prescription Multi-parasite Dewormers for Dogs,1,multi-parasite-dewormers,True,True,False,False,True,False,False,False,38,327,2,,,,,,,,,,,,,,1.0
Browse,Schema,FAQ schema missing,https://www.chewy.com/b/roundworm-hookworm-dewormers-165342,True,Add FAQ schema where available; this is a nice-to-have.,,Prescription Roundworm & Hookworm Dewormers for Dogs - Free shipping | Chewy,76,"Shop Chewy for low prices and the best Roundworm & Hookworm Dewormers! We carry a large selection and the top brands like Fenbendazole Compounded, Levamisole Compounded, and more. Find everything you need in one place. FREE shipping on orders $49+ and the BEST customer service!",278,roundworms pet pharmacy medications,Prescription Roundworm & Hookworm Dewormers for Dogs,1,roundworm-hookworm-dewormers,True,True,False,False,True,False,False,False,38,327,2,,,,,,,1,1,,0,0,0,1,1.0
Browse,Schema,FAQ schema missing,https://www.chewy.com/b/heartworm-prevention-165318,True,Add FAQ schema where available; this is a nice-to-have.,,Prescription Heartworm Prevention for Dogs - Free shipping | Chewy,66,"Shop Chewy for low prices and the best Heartworm Prevention! We carry a large selection and the top brands like Interceptor Plus, Credelio, and more. Find everything you need in one place. FREE shipping on orders $49+ and the BEST customer service!",248,chewy heartworm,Prescription Heartworm Prevention for Dogs,1,heartworm-prevention,True,True,False,False,True,False,False,False,212,350,2,,,,,,,1,1,10.0,1,0,0,0,2.0
Browse,Schema,FAQ schema missing,https://www.chewy.com/b/ear-mite-treatments-165622,True,Add FAQ schema where available; this is a nice-to-have.,,Prescription Medications for Ear Mite Support in Cats - Free shipping | Chewy,77,"Shop Chewy for low prices and the best Ear Mite Treatments! We carry a large selection and the top brands like Revolution, Revolution Plus, and more. Find everything you need in one place. FREE shipping on orders $49+ and the BEST customer service!",248,,Prescription Medications for Ear Mite Support in Cats,1,ear-mite-treatments,True,True,False,False,True,False,False,False,17,339,2,,,,,,,,,,,,,,1.0
Browse,Schema,FAQ schema missing,https://www.chewy.com/b/wild-bird-shop-139854,True,Add FAQ schema where available; this is a nice-to-have.,,Wild Bird Shop | Chewy,22,"Shop Chewy for low prices and the best Shop by Wild Bird! We carry a large selection and the top brands like Sunnydaze Decor, Kingsyard, and more. Find everything you need in one place. FREE shipping on orders $49+ and the BEST customer service!",245,chewy bird food,Wild Bird Shop,1,wild-bird-shop,False,False,False,False,True,False,False,False,378,361,2,,,,,,,1,1,18.0,0,1,0,0,1.0
Browse,Schema,FAQ schema missing,https://www.chewy.com/b/reptile-shop-13993,True,Add FAQ schema where available; this is a nice-to-have.,,Reptile Shop | Chewy,20,"Shop Chewy for low prices and the best Shop All Categories! We carry a large selection and the top brands like Zoo Med, Fluker's, and more. Find everything you need in one place. FREE shipping on orders $49+ and the BEST customer service!",238,chewy reptile,Reptile Shop,1,reptile-shop,False,False,False,False,True,False,False,False,1183,368,2,,,,,,,1,1,,0,0,0,1,1.0
Browse,Schema,FAQ schema missing,https://www.chewy.com/b/micro-reptile-tanks-and-enclosures-2947590,True,Add FAQ schema where available; this is a nice-to-have.,,Micro Tanks & Enclosures - Free shipping | Chewy,48,"Shop Chewy for low prices and the best Micro Tanks & Enclosures! We carry a large selection and the top brands like HerpCult, Halinfer, and more. Find everything you need in one place. FREE shipping on orders $49+ and the BEST customer service!",244,,Micro Tanks & Enclosures,1,micro-reptile-tanks-and-enclosures,False,False,False,False,True,False,False,False,32,327,2,,,,,,,,,,,,,,1.0
Browse,Schema,FAQ schema missing,https://www.chewy.com/b/small-reptile-tanks-and-enclosures-2947582,True,Add FAQ schema where available; this is a nice-to-have.,,Small Tanks & Enclosures - Free shipping | Chewy,48,"Shop Chewy for low prices and the best Small Tanks & Enclosures! We carry a large selection and the top brands like REPTI ZOO, WEVONIGU, and more. Find everything you need in one place. FREE shipping on orders $49+ and the BEST customer service!",245,,Small Tanks & Enclosures,1,small-reptile-tanks-and-enclosures,True,True,False,False,True,False,False,False,80,352,2,,,,,,,,,,,,,,1.0
Browse,Schema,FAQ schema missing,https://www.chewy.com/b/medium-reptile-tanks-and-enclosures-2947598,True,Add FAQ schema where available; this is a nice-to-have.,,Medium Tanks & Enclosures - Free shipping | Chewy,49,"Shop Chewy for low prices and the best Medium Tanks & Enclosures! We carry a large selection and the top brands like REPTI ZOO, OiiBO, and more. Find everything you need in one place. FREE shipping on orders $49+ and the BEST customer service!",243,,Medium Tanks & Enclosures,1,medium-reptile-tanks-and-enclosures,True,True,False,False,True,False,False,False,86,347,2,,,,,,,,,,,,,,1.0
Browse,Schema,FAQ schema missing,https://www.chewy.com/b/large-terrariums-and-reptile-enclosures-2947606,True,Add FAQ schema where available; this is a nice-to-have.,,Large Tanks & Enclosures - Free shipping | Chewy,48,"Shop Chewy for low prices and the best Large Tanks & Enclosures! We carry a large selection and the top brands like REPTI ZOO, Reptile Kages, and more. Find everything you need in one place. FREE shipping on orders $49+ and the BEST customer service!",250,,Large Tanks & Enclosures,1,large-terrariums-and-reptile-enclosures,True,True,False,False,True,False,False,False,79,351,2,,,,,,,,,,,,,,1.0
Browse,Schema,FAQ schema missing,https://www.chewy.com/b/extra-large-reptile-enclosures-and-terrariums-2947614,True,Add FAQ schema where available; this is a nice-to-have.,,Extra Large Tanks & Enclosures - Free shipping | Chewy,54,"Shop Chewy for low prices and the best Extra Large Tanks & Enclosures! We carry a large selection and the top brands like Reptile Kages, REPTI ZOO, and more. Find everything you need in one place. FREE shipping on orders $49+ and the BEST customer service!",256,,Extra Large Tanks & Enclosures,1,extra-large-reptile-enclosures-and-terrariums,True,True,False,False,True,False,False,False,70,317,2,,,,,,,,,,,,,,1.0
Browse,Schema,FAQ schema missing,https://www.chewy.com/b/120-gallon-tanks-and-terrariums-2947566,True,Add FAQ schema where available; this is a nice-to-have.,,120 Gallon Tanks & Enclosures - Free shipping | Chewy,53,"Shop Chewy for low prices and the best 120 Gallon Tanks & Enclosures! We carry a large selection and the top brands like Reptile Kages, New Age Pet, and more. Find everything you need in one place. FREE shipping on orders $49+ and the BEST customer service!",257,,120 Gallon Tanks & Enclosures,1,120-gallon-tanks-and-terrariums,True,True,False,False,True,False,False,False,18,334,2,good,1516.0,good,0.03,,,,,,,,,,31.0
Browse,Schema,FAQ schema missing,https://www.chewy.com/b/horse-treat-balls-and-salt-block-holders-3870318,True,Add FAQ schema where available; this is a nice-to-have.,,Equine Treat Dispensers - Horse Treat Balls & Salt Block Holders | Chewy,72,"Shop Chewy for low prices and the best Treat Dispensers and Salt Holders! We carry a large selection and the top brands like Equi-Essentials, Shires Equestrian Products, and more. Find everything you need in one place. FREE shipping on orders $49+ and the BEST customer service!",278,,Horse Treat Balls & Salt Block Holders,1,horse-treat-balls-and-salt-block-holders,True,True,False,False,True,False,False,False,36,320,2,,,,,,,,,,,,,,1.0
Browse,Schema,FAQ schema missing,https://www.chewy.com/b/horse-stable-toys-1685,True,Add FAQ schema where available; this is a nice-to-have.,,Horse Stall Toys | Chewy,24,Shop Chewy for low prices on horse chewy toys. We have a wide selection of horse chew toys for your horse's stable to help alleviate stable boredom and keep your equine friend occupied and happy. *FREE* shipping on orders $49+ and the BEST customer service!,257,,Horse Stable Toys,1,horse-stable-toys,True,True,False,False,True,False,False,False,51,338,2,,,,,,,,,,,,,,1.0
Browse,Schema,FAQ schema missing,https://www.chewy.com/b/horse-toys-1683,True,Add FAQ schema where available; this is a nice-to-have.,,Horse Toys | Chewy,18,"Shop Chewy for low prices and wide selection on horse toys. Help your horse relieve stress and anxiety and have fun with a jolly ball, chew toy, salt snacks & more. *FREE* shipping on orders $49+ and the BEST customer service!",226,horse toys,Horse Toys,1,horse-toys,True,True,False,False,True,False,False,False,508,362,2,good,1930.0,good,0.05,,,1,1,13.0,0,1,0,0,2.0
Browse,Schema,FAQ schema missing,https://www.chewy.com/b/cardiovascular-health-165278,True,Add FAQ schema where available; this is a nice-to-have.,,Prescription Cardiovascular Medications for Dogs - Free shipping | Chewy,72,"Shop Chewy for low prices and the best Cardiovascular Health! We carry a large selection and the top brands like Pimobendan Compounded, Enalapril Maleate Compounded, and more. Find everything you need in one place. FREE shipping on orders $49+ and the BEST customer service!",274,,Prescription Cardiovascular Medications for Dogs,1,cardiovascular-health,True,True,False,False,True,False,False,False,107,351,2,,,,,,,,,,,,,,3.0
Browse,Schema,FAQ schema missing,https://www.chewy.com/b/feeding-supplies-12727,True,Add FAQ schema where available; this is a nice-to-have.,,Cattle Feeding Equipment | Chewy,32,"Shop Chewy for low prices and the best Feeding Supplies! We carry a large selection and the top brands like Tuff Stuff Products, Indipets, and more. Find everything you need in one place. FREE shipping on orders $49+ and the BEST customer service!",247,,Cattle Feeding Supplies,1,feeding-supplies,True,True,False,False,True,False,False,False,16,350,2,,,,,,,,,,,,,,1.0
Browse,Schema,FAQ schema missing,https://www.chewy.com/b/fly-and-tick-control-for-cattle-389678,True,Add FAQ schema where available; this is a nice-to-have.,,Fly & Tick Control for Cattle | Chewy,37,"Shop Chewy for low prices and the best Fly & Tick Control for Cattle! We carry a large selection and the top brands like Elanco, Neogen, and more. Find everything you need in one place. FREE shipping on orders $49+ and the BEST customer service!",245,,Fly & Tick Control for Cattle,1,fly-and-tick-control-for-cattle,True,True,False,False,True,False,False,False,15,348,2,,,,,,,,,,,,,,1.0
Browse,Schema,FAQ schema missing,https://www.chewy.com/b/first-aid-and-wound-care-for-cattle-389670,True,Add FAQ schema where available; this is a nice-to-have.,,First Aid & Wound Care for Cattle | Chewy,41,"Shop Chewy for low prices and the best First Aid & Wound Care for Cattle! We carry a large selection and the top brands like Durvet, Dr. Naylor, and more. Find everything you need in one place. FREE shipping on orders $49+ and the BEST customer service!",253,,First Aid & Wound Care for Cattle,1,first-aid-and-wound-care-for-cattle,True,True,False,False,True,False,False,False,15,327,2,,,,,,,,,,,,,,1.0
Browse,Schema,FAQ schema missing,https://www.chewy.com/b/grooming-first-aid-insect-control-12730,True,Add FAQ schema where available; this is a nice-to-have.,,Cattle Grooming Supplies | Chewy,32,"Shop Chewy for low prices and the best Cattle Show & Grooming Supplies! We carry a large selection and the top brands like Sullivan Supply, Weaver Livestock, and more. Find everything you need in one place. FREE shipping on orders $49+ and the BEST customer service!",266,cattle grooming supplies,Cattle Grooming Supplies,1,grooming-first-aid-insect-control,True,True,False,False,True,False,False,False,21,352,2,,,,,,,3,3,22.33,0,1,2,0,1.0
Browse,Schema,FAQ schema missing,https://www.chewy.com/b/dewormer-cattle-769662,True,Add FAQ schema where available; this is a nice-to-have.,,Dewormer for Cattle - Free shipping | Chewy,43,"Shop Chewy for low prices and the best Dewormer for Cattle! We carry a large selection and the top brands like Norbrook, Durvet, and more. Find everything you need in one place. FREE shipping on orders $49+ and the BEST customer service!",237,,Dewormer for Cattle,1,dewormer-cattle,True,True,False,False,True,False,False,False,15,329,2,,,,,,,,,,,,,,1.0
Browse,Schema,FAQ schema missing,https://www.chewy.com/b/livestock-fly-spray-and-insecticides-166950,True,Add FAQ schema where available; this is a nice-to-have.,,"Livestock Fly Spray, Insecticides and Pest Control | Chewy",58,"Shop Chewy for low prices and the best Livestock Fly Spray & Pest Control Products! We carry a large selection and the top brands like Elanco, Martin's, and more. Find everything you need in one place. FREE shipping on orders $49+ and the BEST customer service!",261,,Livestock Fly Spray and Pest Control,1,livestock-fly-spray-and-insecticides,True,True,False,False,True,False,False,False,148,358,2,,,,,,,,,,,,,,1.0
Browse,Schema,FAQ schema missing,https://www.chewy.com/b/animal-and-hay-feeders-9922,True,Add FAQ schema where available; this is a nice-to-have.,,"Animal Feeders for All Livestock - Hay Feeders, Buckets and More | Chewy",72,"Shop Chewy for low prices and the best Livestock Feeders & Buckets! We carry a large selection and the top brands like Little Giant, Tuff Stuff Products, and more. Find everything you need in one place. FREE shipping on orders $49+ and the BEST customer service!",262,,Livestock Feeders and Buckets,1,animal-and-hay-feeders,True,True,False,False,True,False,False,False,241,355,2,,,,,,,,,,,,,,1.0
Browse,Schema,FAQ schema missing,https://www.chewy.com/b/combination-parsiticides-144206,True,Add FAQ schema where available; this is a nice-to-have.,,"Combination Flea, Tick & Heartworm Prevention - Free shipping | Chewy",69,"Shop Chewy for low prices and the best Combination Parasiticides! We carry a large selection and the top brands like Simparica Trio, NexGard PLUS, and more. Find everything you need in one place. FREE shipping on orders $49+ and the BEST customer service!",255,,"Combination Flea, Tick & Heartworm Prevention",1,combination-parsiticides,True,True,False,False,True,False,False,False,17,327,2,good,1807.0,good,0.02,,,,,,,,,,2.0
Browse,Schema,FAQ schema missing,https://www.chewy.com/b/prescription-flea-tick-for-pets-159382,True,Add FAQ schema where available; this is a nice-to-have.,,Prescription Pet Flea Meds & Treatment for Cats & Dogs (Free Shipping) | Chewy,78,Shop Chewy Pharmacy for low prices on prescription flea & tick treatment for dogs and cats. Chewy Pharmacy has oral and topical flea treatments and is your one-stop-shop for all of your pet's prescriptions. *FREE* shipping on orders $49+ and the BEST customer service!,268,chewy pet meds,Prescription Flea & Tick for Pets,1,prescription-flea-tick-for-pets,True,True,False,False,True,False,False,False,21,357,2,good,2148.0,good,0.01,,,4,4,25.0,0,1,1,2,3.0
Browse,Schema,FAQ schema missing,https://www.chewy.com/b/horse-grooming-supplies-1686,True,Add FAQ schema where available; this is a nice-to-have.,,Horse Grooming Supplies | Chewy,31,"Shop Chewy for low prices and a wide selection of grooming supplies for your horse. From brushes & combs, to shampoos & conditioners, clippers, tools & accessories and more, Chewy has everything you need to keep your equine friend clean and healthy. *FREE* shipping on orders $49+ and the BEST customer service!",311,horse grooming supplies,Horse Grooming Supplies,1,horse-grooming-supplies,True,True,False,False,True,False,False,False,714,376,2,,,,,,,10,10,20.57,1,1,5,3,1.0
Browse,Schema,FAQ schema missing,https://www.chewy.com/b/horse-bathing-supplies-3844654,True,Add FAQ schema where available; this is a nice-to-have.,,Horse Bathing Supplies and Tools | Chewy,40,"Shop Chewy for low prices and the best Bathing Supplies! We carry a large selection and the top brands like Tail Tamer by Professional's Choice, Horze, and more. Find everything you need in one place. FREE shipping on orders $49+ and the BEST customer service!",260,,Horse Bathing Supplies,1,horse-bathing-supplies,True,True,False,False,True,False,False,False,238,333,2,,,,,,,,,,,,,,1.0
Browse,Schema,FAQ schema missing,https://www.chewy.com/b/horse-jumping-and-arena-equipment-3450398,True,Add FAQ schema where available; this is a nice-to-have.,,Horse Jumping & Arena Equipment | Chewy,39,"Shop Chewy for low prices and the best Arena Supplies! We carry a large selection and the top brands like Tough1, Intrepid International, and more. Find everything you need in one place. FREE shipping on orders $49+ and the BEST customer service!",246,,Horse Arena Equipment,1,horse-jumping-and-arena-equipment,True,True,False,False,True,False,False,False,230,322,2,,,,,,,,,,,,,,1.0
Browse,Schema,FAQ schema missing,https://www.chewy.com/b/horse-shelters-3870310,True,Add FAQ schema where available; this is a nice-to-have.,,Horse Shelters | Chewy,22,"Shop Chewy for low prices and the best Shelters products! We carry a large selection and the top brands like ShelterLogic, WildYard, and more. Find everything you need in one place. FREE shipping on orders $49+ and the BEST customer service!",241,,Horse Shelters,1,horse-shelters,True,True,False,False,True,False,False,False,230,318,2,,,,,,,,,,,,,,1.0
Browse,Schema,FAQ schema missing,https://www.chewy.com/b/horse-books-and-gifts-1935,True,Add FAQ schema where available; this is a nice-to-have.,,Horse Books & Gifts | Chewy,27,Shop Chewy for low prices and gifts for the horse lover in your life. Chewy has horse books and gifts from encyclopedias to nutritional and riding instructional books. *FREE* shipping on orders $49+ and the BEST customer service!,229,horse gifts and books,Horse Books & Gifts,1,horse-books-and-gifts,True,True,False,False,True,False,False,False,503,359,2,,,,,,,2,2,4.0,1,0,0,1,1.0
Browse,Schema,FAQ schema missing,https://www.chewy.com/b/fun-trendy-165174,True,Add FAQ schema where available; this is a nice-to-have.,,Fun & Trendy Cat Furniture - Free shipping | Chewy,50,"Shop Chewy for low prices and the best Fun & Trendy! We carry a large selection and the top brands like THE LICKER STORE, Happy & Polly, and more. Find everything you need in one place. FREE shipping on orders $49+ and the BEST customer service!",245,chewy home collection,Fun & Trendy Cat Furniture,1,fun-trendy,True,True,False,False,True,False,False,False,230,355,2,,,,,,,1,1,27.0,0,0,1,0,1.0
Browse,Schema,FAQ schema missing,https://www.chewy.com/b/dog-ear-eye-care-129878,True,Add FAQ schema where available; this is a nice-to-have.,,Dog Ear & Eye Care - Free shipping | Chewy,42,Shop Chewy for low prices and the best Dog Ear & Eye Care! We carry a large selection and the top brands like American Journey and more. Find everything you need in one place. FREE shipping on orders $49+ and the BEST customer service!,235,,Dog Ear & Eye Care,1,dog-ear-eye-care,True,False,False,False,True,False,False,False,202,312,2,,,,,,,,,,,,,,2.0
Browse,Schema,FAQ schema missing,https://www.chewy.com/b/health-dna-test-kits-dogs-3431438,True,Add FAQ schema where available; this is a nice-to-have.,,Health & DNA Test Kits For Dogs - Free shipping | Chewy,55,"Shop Chewy for low prices and the best Health & DNA Test Kits For Dogs! We carry a large selection and the top brands like PetTest, CheckUp, and more. Find everything you need in one place. FREE shipping on orders $49+ and the BEST customer service!",249,,Health & DNA Test Kits For Dogs,1,health-dna-test-kits-dogs,True,True,False,False,True,False,False,False,280,352,2,,,,,,,,,,,,,,1.0
Browse,Schema,FAQ schema missing,https://www.chewy.com/b/puppy-milk-replacers-13490,True,Add FAQ schema where available; this is a nice-to-have.,,Puppy Milk Replacers - Free shipping | Chewy,44,"Shop Chewy for low prices and the best Milk Replacers! We carry a large selection and the top brands like PetAg, K9 POWER, and more. Find everything you need in one place. FREE shipping on orders $49+ and the BEST customer service!",231,puppy milk replacers,Puppy Milk Replacers,1,puppy-milk-replacers,True,True,False,False,True,False,False,False,213,334,2,,,,,,,4,4,18.0,1,0,1,2,3.0
Browse,Schema,FAQ schema missing,https://www.chewy.com/b/eye-care-377,True,Add FAQ schema where available; this is a nice-to-have.,,Best Dog Eye Care Products: Low Prices - Free Shipping | Chewy,62,"Shop Chewy for the best dog eye care products! Shop our wide selection of tear stain removers, eye wipes, eye supplements and more. We carry solutions for keeping your dog’s eyes free from dirt, grime and bacteria from top brands like Angel Eyes, NaturVet, Optixcare and more. *FREE* shipping on orders $49+ and the BEST customer service!",338,deals on dog eye care,Dog Eye Care,1,eye-care,False,False,False,False,True,False,False,False,255,381,2,,,,,,,1,1,,0,0,0,1,3.0
Browse,Schema,FAQ schema missing,https://www.chewy.com/b/medicated-grooming-14130,True,Add FAQ schema where available; this is a nice-to-have.,,Dog Medicated Shampoos & Topicals - Free shipping | Chewy,57,"Shop Chewy for low prices and the best Medicated Grooming! We carry a large selection and the top brands like TropiClean, The Blissful Dog, and more. Find everything you need in one place. FREE shipping on orders $49+ and the BEST customer service!",248,,Dog Medicated Shampoos & Topicals,1,medicated-grooming,False,False,False,False,True,False,False,False,702,360,2,,,,,,,,,,,,,,1.0
Browse,Schema,FAQ schema missing,https://www.chewy.com/b/skin-coat-care-444,True,Add FAQ schema where available; this is a nice-to-have.,,"Dog Skin & Coat Care: Food, Treats & Supplements (Free Shipping) | Chewy",72,"Shop Chewy for low prices and the best dog skin and coat care products! Give your pup's coat a boost in shine and fullness with our premium wet dog food, dry dog food, dog treats and supplements that feature high-quality omega-3s that support dog skin & coat health. Shop these products and more at Chewy.com. *FREE* shipping on orders $49+ and the BEST customer service.",371,,Dog Skin & Coat Care,1,skin-coat-care,True,True,False,False,True,False,False,False,412,371,2,,,,,,,,,,,,,,1.0
Browse,Schema,FAQ schema missing,https://www.chewy.com/b/hip-joint-care-375,True,Add FAQ schema where available; this is a nice-to-have.,,"Dog Hip & Joint Care: Food, Treats & Supplements (Free Shipping) | Chewy",72,"Shop Chewy for low prices and the best dog hip & joint care products! From running around the park to jumping on the sofa, keep your dog's hips and joints going with the essential supplements they need. We carry the best in joint food and medicine for dogs from top brands like Vet's Best, Cosequin, Joint MAX and Nutramax at Chewy.com. *FREE* shipping on orders $49+ and the BEST customer service!",398,chewy joint supplement,Dog Hip & Joint Care,1,hip-joint-care,True,True,False,False,True,False,False,False,232,375,2,good,1992.0,good,0.045,,,1,1,2.0,1,0,0,0,4.0
Browse,Schema,FAQ schema missing,https://www.chewy.com/b/digestive-care-376,True,Add FAQ schema where available; this is a nice-to-have.,,"Digestive & Urinary Dog Food, Treats, Supplements (Free Shipping) | Chewy",73,"Shop Chewy for low prices on digestive and urinary products for dogs. We carry a wide selection of food, treats and supplements from top brands to help with digestive and urinary health for your dog. *FREE* shipping on orders $49+ and the BEST customer service!",261,,Dog Digestive Health,1,digestive-care,True,True,False,False,True,False,False,False,205,364,2,,,,,,,,,,,,,,1.0
Browse,Schema,FAQ schema missing,https://www.chewy.com/b/nail-paw-care-125830,True,Add FAQ schema where available; this is a nice-to-have.,,Dog Nail & Paw Care - Free shipping | Chewy,43,"Shop Chewy for low prices and the best Nail & Paw Care! We carry a large selection and the top brands like Purrdy Paws, Soft Claws, and more. Find everything you need in one place. FREE shipping on orders $49+ and the BEST customer service!",240,,Dog Nail & Paw Care,1,nail-paw-care,False,False,False,False,True,False,False,False,251,357,2,,,,,,,,,,,,,,
Browse,Schema,FAQ schema missing,https://www.chewy.com/b/chameleon-supplies-and-accessories-141270,True,Add FAQ schema where available; this is a nice-to-have.,,Chameleon Supplies & Accessories | Chewy,40,"Shop Chewy for low prices and the best Chameleon products! We carry a large selection and the top brands like Zoo Med, Fluker's, and more. Find everything you need in one place. FREE shipping on orders $49+ and the BEST customer service!",237,chameleon accessories,Chameleon Supplies & Accessories,1,chameleon-supplies-and-accessories,True,True,False,False,True,False,False,False,123,364,2,,,,,,,7,7,19.29,2,1,4,0,1.0
Browse,Schema,FAQ schema missing,https://www.chewy.com/b/small-animal-shop-10849,True,Add FAQ schema where available; this is a nice-to-have.,,Small Animal Shop | Chewy,25,"Shop Chewy for low prices and the best Shop All Categories! We carry a large selection and the top brands like Metronidazole Compounded, Pimobendan Compounded, and more. Find everything you need in one place. FREE shipping on orders $49+ and the BEST customer service!",268,,Small Animal Shop,1,small-animal-shop,False,False,False,False,True,False,False,False,2140,366,2,,,,,,,,,,,,,,1.0
Browse,Schema,FAQ schema missing,https://www.chewy.com/b/ferret-enclosures-and-accessories-10924,True,Add FAQ schema where available; this is a nice-to-have.,,Ferret Enclosures & Accessories | Chewy,39,"Shop Chewy for low prices and the best Enclosures & Habitat Accessories! We carry a large selection and the top brands like MidWest, PawHut, and more. Find everything you need in one place. FREE shipping on orders $49+ and the BEST customer service!",249,ferret enclosures,Ferret Enclosures & Habitat Accessories,1,ferret-enclosures-and-accessories,True,True,False,False,True,False,False,False,56,355,2,,,,,,,5,4,10.4,3,1,1,0,4.0
Browse,Schema,FAQ schema missing,https://www.chewy.com/b/small-animal-bowls-3405334,True,Add FAQ schema where available; this is a nice-to-have.,,Small Animal Bowls - Free shipping | Chewy,42,"Shop Chewy for low prices and the best Bowls products! We carry a large selection and the top brands like Waggo, STAYbowl, and more. Find everything you need in one place. FREE shipping on orders $49+ and the BEST customer service!",231,,Small Animal Bowls,1,small-animal-bowls,True,True,False,False,True,False,False,False,50,335,2,,,,,,,,,,,,,,1.0
Browse,Schema,FAQ schema missing,https://www.chewy.com/b/all-in-one-aquariums-3924070,True,Add FAQ schema where available; this is a nice-to-have.,,All-In-One Aquariums & Fish Tanks | Chewy,41,"Shop Chewy for low prices and the best All-In-One Aquariums! We carry a large selection and the top brands like Lifegard, Fluval, and more. Find everything you need in one place. FREE shipping on orders $49+ and the BEST customer service!",238,,All-In-One Aquariums & Fish Tanks,1,all-in-one-aquariums,True,True,False,False,True,False,False,False,24,339,2,,,,,,,,,,,,,,3.0
Browse,Schema,FAQ schema missing,https://www.chewy.com/b/rimless-aquariums-3924078,True,Add FAQ schema where available; this is a nice-to-have.,,Rimless Aquariums & Fish Tanks | Chewy,38,"Shop Chewy for low prices and the best Rimless Aquariums! We carry a large selection and the top brands like Lifegard, ProStar Acrylic Aquariums, and more. Find everything you need in one place. FREE shipping on orders $49+ and the BEST customer service!",254,,Rimless Aquariums & Fish Tanks,1,rimless-aquariums,True,True,False,False,True,False,False,False,110,350,2,,,,,,,,,,,,,,3.0
Browse,Schema,FAQ schema missing,https://www.chewy.com/b/pet-arthritis-medication-12240,True,Add FAQ schema where available; this is a nice-to-have.,,Compound Pet Arthritis Medication - Free shipping | Chewy,57,Shop Chewy for low prices and the best Pain Relief & Arthritis! We carry a large selection and the top brands like American Journey and more. Find everything you need in one place. FREE shipping on orders $49+ and the BEST customer service!,240,,Compound Pet Arthritis Medication,1,pet-arthritis-medication,True,True,False,False,True,False,False,False,829,348,2,,,,,,,,,,,,,,1.0
Browse,Schema,FAQ schema missing,https://www.chewy.com/b/pain-relief-neuropathy-165390,True,Add FAQ schema where available; this is a nice-to-have.,,Prescription Pain Relief & Neuropathy Medications for Dogs with Arthritis & Chronic Pain - Free shipping | Chewy,112,"Shop Chewy for low prices and the best Pain Relief & Neuropathy! We carry a large selection and the top brands like Piroxicam Compounded, Gabapentin Compounded, and more. Find everything you need in one place. FREE shipping on orders $49+ and the BEST customer service!",269,,Prescription Pain Relief & Neuropathy Medications for Dogs with Arthritis & Chronic Pain,1,pain-relief-neuropathy,True,True,False,False,True,False,False,False,18,348,2,,,,,,,,,,,,,,1.0
Browse,Schema,FAQ schema missing,https://www.chewy.com/b/anti-inflammatories-nsaids-165382,True,Add FAQ schema where available; this is a nice-to-have.,,Prescription NSAIDs for Dogs with Joint Pain & Osteoarthritis - Free shipping | Chewy,85,"Shop Chewy for low prices and the best Anti-Inflammatories & NSAIDs! We carry a large selection and the top brands like Carprofen, Carprofen Compounded, and more. Find everything you need in one place. FREE shipping on orders $49+ and the BEST customer service!",261,,Prescription NSAIDs for Dogs with Joint Pain & Osteoarthritis,1,anti-inflammatories-nsaids,True,True,False,False,True,False,False,False,12,333,2,,,,,,,,,,,,,,4.0
Browse,Schema,FAQ schema missing,https://www.chewy.com/b/prescription-pain-inflammation-165270,True,Add FAQ schema where available; this is a nice-to-have.,,Prescription Pain & Inflammation Medications for Pets - Free shipping | Chewy,77,"Shop Chewy for low prices and the best Prescription Pain & Inflammation Medications for Pets! We carry a large selection and the top brands like Prednisolone Compounded, Meloxicam Compounded, and more. Find everything you need in one place. FREE shipping on orders $49+ and the BEST customer service!",300,,Prescription Pain & Inflammation Medications for Pets,1,prescription-pain-inflammation,True,True,False,False,True,False,False,False,15,350,2,,,,,,,,,,,,,,1.0
Browse,Schema,FAQ schema missing,https://www.chewy.com/b/muscle-relaxers-165398,True,Add FAQ schema where available; this is a nice-to-have.,,Prescription Muscle Relaxers for Dogs - Free shipping | Chewy,61,"Shop Chewy for low prices and the best Muscle Relaxers! We carry a large selection and the top brands like Dantrolene Sodium Compounded, Buspirone, and more. Find everything you need in one place. FREE shipping on orders $49+ and the BEST customer service!",256,,Prescription Muscle Relaxers for Dogs,1,muscle-relaxers,True,True,False,False,True,False,False,False,7,318,2,,,,,,,,,,,,,,1.0
Browse,Schema,FAQ schema missing,https://www.chewy.com/b/multifunctional-furniture-165166,True,Add FAQ schema where available; this is a nice-to-have.,,Multifunctional Cat Furniture - Free shipping | Chewy,53,"Shop Chewy for low prices and the best Multifunctional Furniture! We carry a large selection and the top brands like Cesicia, FEANDREA, and more. Find everything you need in one place. FREE shipping on orders $49+ and the BEST customer service!",244,,Multifunctional Cat Furniture,1,multifunctional-furniture,True,True,False,False,True,False,False,False,186,331,2,,,,,,,,,,,,,,2.0
Browse,Schema,FAQ schema missing,https://www.chewy.com/b/travel-121246,True,Add FAQ schema where available; this is a nice-to-have.,,Cat Travel Bowls - Free shipping | Chewy,40,Shop Chewy for low prices and the best Travel products! We carry a large selection and the top brands like American Journey and more. Find everything you need in one place. FREE shipping on orders $49+ and the BEST customer service!,232,,Cat Travel Bowls,1,travel,True,False,False,False,True,False,False,False,164,350,2,,,,,,,,,,,,,,1.0
Browse,Schema,FAQ schema missing,https://www.chewy.com/b/kennels-9953,True,Add FAQ schema where available; this is a nice-to-have.,,Plastic Dog Crates & Kennels (Free Shipping) | Chewy,52,"Shop Chewy for low prices and the best Kennels products! We carry a large selection and the top brands like Dakota 283, Petmate, and more. Find everything you need in one place. FREE shipping on orders $49+ and the BEST customer service!",237,,Plastic Dog Crates & Kennels,1,kennels,False,False,False,False,True,False,False,False,438,361,2,,,,,,,,,,,,,,
Browse,Schema,FAQ schema missing,https://www.chewy.com/b/steps-ramps-1635,True,Add FAQ schema where available; this is a nice-to-have.,,"Dog Steps, Stairs & Ramps: Car, Indoor & More (Free Shipping) | Chewy",69,Shop Chewy for low prices on portable dog steps and ramps. We carry a wide selection of portable dog steps and ramps for travel to make it easier for your dog to get out of cars or into bed and more. *FREE* shipping on orders $49+ and the BEST customer service!,261,best dog ramp for car side door,"Dog Steps, Stairs & Ramps",1,steps-ramps,False,False,False,False,True,False,False,False,259,370,2,,,,,,,3,2,6.33,3,0,0,0,13.0
Browse,Schema,FAQ schema missing,https://www.chewy.com/b/poop-bag-holders-102142,True,Add FAQ schema where available; this is a nice-to-have.,,Dog Poop Bag Holders - Free shipping | Chewy,44,"Shop Chewy for low prices and the best Poop Bag Holders! We carry a large selection and the top brands like Lucy & Co., DOOG, and more. Find everything you need in one place. FREE shipping on orders $49+ and the BEST customer service!",234,,Dog Poop Bag Holders,1,poop-bag-holders,False,False,False,False,True,False,False,False,244,354,2,,,,,,,,,,,,,,1.0
Browse,Schema,FAQ schema missing,https://www.chewy.com/b/multi-purpose-horse-supplements-153318,True,Add FAQ schema where available; this is a nice-to-have.,,Multi-Purpose Horse Supplements | Chewy,39,"Shop Chewy for low prices and the best Multi-Purpose products! We carry a large selection and the top brands like Mad Barn, Med-Vet Pharmaceuticals (MVP), and more. Find everything you need in one place. FREE shipping on orders $49+ and the BEST customer service!",263,multi purpose horse supplements,Multi-Purpose Horse Supplements,1,multi-purpose-horse-supplements,True,True,False,False,True,False,False,False,123,350,2,,,,,,,2,2,,0,0,0,2,1.0
Browse,Schema,FAQ schema missing,https://www.chewy.com/b/horse-vitamins-and-minerals-10436,True,Add FAQ schema where available; this is a nice-to-have.,,Horse Vitamins | Chewy,22,"Shop Chewy for low prices and the best Vitamins & Wellness! We carry a large selection and the top brands like SmartPak, UltraCruz, and more. Find everything you need in one place. FREE shipping on orders $49+ and the BEST customer service!",240,horse vitamins,Horse Vitamins & Minerals,1,horse-vitamins-and-minerals,True,True,False,False,True,False,False,False,478,360,2,,,,,,,7,7,20.4,0,2,3,2,1.0
Browse,Schema,FAQ schema missing,https://www.chewy.com/b/vitamin-e-166542,True,Add FAQ schema where available; this is a nice-to-have.,,Vitamin E For Horses | Chewy,28,"Shop Chewy for low prices and the best Vitamin E! We carry a large selection and the top brands like UltraCruz, Equerry's, and more. Find everything you need in one place. FREE shipping on orders $49+ and the BEST customer service!",231,vitamin e for horses,Horse Supplement Vitamin E,1,vitamin-e,True,True,False,False,True,False,False,False,22,353,2,,,,,,,1,1,27.0,0,0,1,0,1.0
Browse,Schema,FAQ schema missing,https://www.chewy.com/b/ears-skin-coat-care-11618,True,Add FAQ schema where available; this is a nice-to-have.,,Ear Mite Medicine For Horses | Chewy,36,"Shop Chewy for low prices and the best Ears, Skin & Coat Care! We carry a large selection and the top brands like Fluconazole Compounded, Prednisone Compounded, and more. Find everything you need in one place. FREE shipping on orders $49+ and the BEST customer service!",269,,"Prescription Ears, Skin & Coat Care Medicine for Horses",1,ears-skin-coat-care,True,True,False,False,True,False,False,False,53,351,2,,,,,,,,,,,,,,1.0
Browse,Schema,FAQ schema missing,https://www.chewy.com/b/digestive-medicine-for-horses-136052,True,Add FAQ schema where available; this is a nice-to-have.,,Digestive Medicine For Horses | Chewy,37,"Shop Chewy for low prices and the best Digestive Care! We carry a large selection and the top brands like Ursodiol Compounded, Fluoxetine HCl Compounded, and more. Find everything you need in one place. FREE shipping on orders $49+ and the BEST customer service!",262,,Digestive Medicine For Horses,1,digestive-medicine-for-horses,True,True,False,False,True,False,False,False,20,348,2,,,,,,,,,,,,,,1.0
Browse,Schema,FAQ schema missing,https://www.chewy.com/b/reproductive-care-for-horses-136060,True,Add FAQ schema where available; this is a nice-to-have.,,Reproductive Care For Horses | Chewy,36,"Shop Chewy for low prices and the best Reproductive Care! We carry a large selection and the top brands like Estradiol, SMZ TMP, and more. Find everything you need in one place. FREE shipping on orders $49+ and the BEST customer service!",237,,Reproductive Care For Horses,1,reproductive-care-for-horses,True,True,False,False,True,False,False,False,23,321,2,,,,,,,,,,,,,,1.0
Browse,Schema,FAQ schema missing,https://www.chewy.com/b/eye-medicine-for-horses-11621,True,Add FAQ schema where available; this is a nice-to-have.,,Eye Medicine For Horses | Chewy,31,"Shop Chewy for low prices and the best Ophthalmic Care! We carry a large selection and the top brands like Acetazolamide, Meloxicam, and more. Find everything you need in one place. FREE shipping on orders $49+ and the BEST customer service!",241,eye medicine for horses,Eye Medicine For Horses,1,eye-medicine-for-horses,True,True,False,False,True,False,False,False,19,338,2,,,,,,,1,1,28.0,0,0,1,0,1.0
Browse,Schema,FAQ schema missing,https://www.chewy.com/b/cardiovascular-and-respiratory-medicine-for-horses-136068,True,Add FAQ schema where available; this is a nice-to-have.,,Horse Respiratory Medication | Chewy,36,"Shop Chewy for low prices and the best Cardiovascular & Respiratory! We carry a large selection and the top brands like Pimobendan Compounded, Potassium Citrate Compounded, and more. Find everything you need in one place. FREE shipping on orders $49+ and the BEST customer service!",281,cardiovascular and respiratory medicine for horses,Cardiovascular & Respiratory Medicine For Horses,1,cardiovascular-and-respiratory-medicine-for-horses,True,True,False,False,True,False,False,False,18,350,2,,,,,,,1,1,6.0,1,0,0,0,1.0
Browse,Schema,FAQ schema missing,https://www.chewy.com/b/horse-needle-and-syringes-138518,True,Add FAQ schema where available; this is a nice-to-have.,,Horse Syringe | Chewy,21,"Shop Chewy for low prices and the best Needles & Syringes! We carry a large selection and the top brands like UltiCare VetRx, Terumo, and more. Find everything you need in one place. FREE shipping on orders $49+ and the BEST customer service!",242,horse needle,Horse Needles & Syringes,1,horse-needle-and-syringes,True,True,False,False,True,False,False,False,13,331,2,,,,,,,3,3,16.67,0,3,0,0,2.0
Browse,Schema,FAQ schema missing,https://www.chewy.com/b/travel-bowls-11873,True,Add FAQ schema where available; this is a nice-to-have.,,Dog Travel Bowls - Free shipping | Chewy,40,"Shop Chewy for low prices and the best Travel Bowls! We carry a large selection and the top brands like Frisco, PetAmi, and more. Find everything you need in one place. FREE shipping on orders $49+ and the BEST customer service!",228,,Dog Travel Bowls,1,travel-bowls,False,False,False,False,True,False,False,False,365,354,2,,,,,,,,,,,,,,1.0
Browse,Schema,FAQ schema missing,https://www.chewy.com/b/automatic-feeders-11905,True,Add FAQ schema where available; this is a nice-to-have.,,Automatic Dog Feeders - Free shipping | Chewy,45,"Shop Chewy for low prices and the best Automatic Feeders! We carry a large selection and the top brands like DOGNESS, PATPET, and more. Find everything you need in one place. FREE shipping on orders $49+ and the BEST customer service!",234,,Automatic Dog Feeders,1,automatic-feeders,False,False,False,False,True,False,False,False,388,351,2,,,,,,,,,,,,,,1.0
Browse,Schema,FAQ schema missing,https://www.chewy.com/b/personalized-bowls-12891,True,Add FAQ schema where available; this is a nice-to-have.,,"Personalized Dog Bowls, Placemats, & Storage - Free shipping | Chewy",68,"Shop Chewy for low prices and the best Personalized Bowls! We carry a large selection and the top brands like KibbleScoop, PGS, and more. Find everything you need in one place. FREE shipping on orders $49+ and the BEST customer service!",236,,"Personalized Dog Bowls, Placemats, & Storage",1,personalized-bowls,False,False,False,False,True,False,False,False,538,352,2,,,,,,,,,,,,,,
Browse,Schema,FAQ schema missing,https://www.chewy.com/b/water-bottles-11874,True,Add FAQ schema where available; this is a nice-to-have.,,Dog Water Bottles - Free shipping | Chewy,41,"Shop Chewy for low prices and the best Water Bottles! We carry a large selection and the top brands like Vapur, Springland, and more. Find everything you need in one place. FREE shipping on orders $49+ and the BEST customer service!",232,,Dog Water Bottles,1,water-bottles,False,False,False,False,True,False,False,False,391,351,2,,,,,,,,,,,,,,
Browse,Schema,FAQ schema missing,https://www.chewy.com/b/ramps-166054,True,Add FAQ schema where available; this is a nice-to-have.,,Dog Ramps - Free shipping | Chewy,33,"Shop Chewy for low prices and the best Ramps products! We carry a large selection and the top brands like jansno, PawHut, and more. Find everything you need in one place. FREE shipping on orders $49+ and the BEST customer service!",230,chewy dog ramp,Dog Ramps,1,ramps,True,True,False,False,True,False,False,False,201,354,2,,,,,,,1,1,2.0,1,0,0,0,7.0
Browse,Schema,FAQ schema missing,https://www.chewy.com/b/pate-cat-food-11173,True,Add FAQ schema where available; this is a nice-to-have.,,Pate Cat Food - Wet Cat Food Pate | Chewy,41,"Shop Chewy for the best wet pate cat foods! We carry a large selection and the top brands like Fancy Feast, Blue Buffalo, and more. FREE shipping on orders $49+!",161,deals on pate cat food,Pate Cat Food,1,pate-cat-food,True,True,False,False,True,False,False,False,805,366,2,good,1834.0,poor,0.53,,,6,6,15.0,2,1,3,0,1.0
Browse,Schema,FAQ schema missing,https://www.chewy.com/b/shop-by-dietary-need-141950,True,Add FAQ schema where available; this is a nice-to-have.,,Specialized Diet Wet Cat Food - Free Shipping | Chewy,53,"Shop Chewy for low prices and the best Shop by Dietary Need! We carry a large selection and the top brands like Weruva, Tiki Cat, and more. Find everything you need in one place. FREE shipping on orders $49+ and the BEST customer service!",238,,Shop Wet Cat Food by Dietary Need,1,shop-by-dietary-need,True,True,False,False,True,False,False,False,798,360,2,,,,,,,,,,,,,,1.0
Browse,Schema,FAQ schema missing,https://www.chewy.com/b/shop-everyday-favorites-142454,True,Add FAQ schema where available; this is a nice-to-have.,,Shop Everyday Favorite Wet Cat Food - Free shipping | Chewy,59,"Shop Chewy for low prices and the best Shop Everyday Favorites! We carry a large selection and the top brands like Fancy Feast, Friskies, and more. Find everything you need in one place. FREE shipping on orders $49+ and the BEST customer service!",246,,Shop Everyday Favorite Wet Cat Food,1,shop-everyday-favorites,False,False,False,False,True,False,False,False,471,355,2,,,,,,,,,,,,,,1.0
Browse,Schema,FAQ schema missing,https://www.chewy.com/b/science-backed-formulas-141926,True,Add FAQ schema where available; this is a nice-to-have.,,Shop by Health Consideration - Free shipping | Chewy,52,"Shop Chewy for low prices and the best Health Consideration! We carry a large selection and the top brands like Weruva, Purina Pro Plan, and more. Find everything you need in one place. FREE shipping on orders $49+ and the BEST customer service!",245,,Shop by Health Consideration,1,science-backed-formulas,True,True,False,False,True,False,False,False,744,361,2,,,,,,,,,,,,,,
Browse,Schema,FAQ schema missing,https://www.chewy.com/b/limited-ingredient-wet-cat-food-142414,True,Add FAQ schema where available; this is a nice-to-have.,,Limited Ingredient Wet Cat Food - Free Shipping | Chewy,55,"Shop Chewy for Limited Ingredient Diet Cat Food! We carry a large selection and from top brands like Applaws, Wellness, and more. FREE shipping on orders $49+!",159,limited ingredient wet cat food,Limited Ingredient Wet Cat Food,1,limited-ingredient-wet-cat-food,True,True,False,False,True,False,False,False,578,356,2,,,,,,,4,4,3.0,4,0,0,0,3.0
Browse,Schema,FAQ schema missing,https://www.chewy.com/b/corn-wheat-soy-free-142430,True,Add FAQ schema where available; this is a nice-to-have.,,"Corn, Wheat & Soy-Free Wet Cat Food - Free shipping | Chewy",59,"Shop Chewy for low prices and the best Corn, Wheat & Soy-Free! We carry a large selection and the top brands like Weruva, Blue Buffalo, and more. Find everything you need in one place. FREE shipping on orders $49+ and the BEST customer service!",244,,"Corn, Wheat & Soy-Free Wet Cat Food",1,corn-wheat-soy-free,False,False,False,False,True,False,False,False,547,356,2,,,,,,,,,,,,,,1.0
Browse,Schema,FAQ schema missing,https://www.chewy.com/b/bearded-dragon-lights-and-heat-lamps-14000,True,Add FAQ schema where available; this is a nice-to-have.,,Bearded Dragon Lights & Heat Lamps | Chewy,42,"Shop Chewy for low prices and the best Heating & Lighting! We carry a large selection and the top brands like Arcadia Reptile, Zoo Med, and more. Find everything you need in one place. FREE shipping on orders $49+ and the BEST customer service!",244,best heat lamp for bearded dragon,Bearded Dragon Lights & Heat Lamps,1,bearded-dragon-lights-and-heat-lamps,True,True,False,False,True,False,False,False,77,361,2,,,,,,,12,12,11.91,2,9,0,1,4.0
Browse,Schema,FAQ schema missing,https://www.chewy.com/b/snake-lights-and-heat-lamps-14021,True,Add FAQ schema where available; this is a nice-to-have.,,Snake Lights & Heat Lamps | Chewy,33,"Shop Chewy for low prices and the best Heating & Lighting! We carry a large selection and the top brands like Arcadia Reptile, Zoo Med, and more. Find everything you need in one place. FREE shipping on orders $49+ and the BEST customer service!",244,snake heat light,Snake Lights & Heat Lamps,1,snake-lights-and-heat-lamps,True,True,False,False,True,False,False,False,52,361,2,,,,,,,9,8,14.5,1,3,0,5,1.0
Browse,Schema,FAQ schema missing,https://www.chewy.com/b/ceramic-heaters-124622,True,Add FAQ schema where available; this is a nice-to-have.,,Ceramic Heat Emitters for Reptiles - Free shipping | Chewy,58,"Shop Chewy for low prices and the best Ceramic Heaters! We carry a large selection and the top brands like Arcadia Reptile, Zoo Med, and more. Find everything you need in one place. FREE shipping on orders $49+ and the BEST customer service!",241,ceramic reptile heaters,Ceramic Heat Emitters for Reptiles,1,ceramic-heaters,True,True,False,False,True,False,False,False,55,321,2,,,,,,,1,1,21.0,0,0,1,0,1.0
Browse,Schema,FAQ schema missing,https://www.chewy.com/b/reptile-heating-pads-heaters-888190,True,Add FAQ schema where available; this is a nice-to-have.,,Reptile Heating Pads & Heaters - Free shipping | Chewy,54,"Shop Chewy for low prices and the best Reptile Heating Pads & Heaters! We carry a large selection and the top brands like Zoo Med, Exo Terra, and more. Find everything you need in one place. FREE shipping on orders $49+ and the BEST customer service!",250,,Reptile Heating Pads & Heaters,1,reptile-heating-pads-heaters,True,True,False,False,True,False,False,False,22,332,2,,,,,,,,,,,,,,6.0
Browse,Schema,FAQ schema missing,https://www.chewy.com/b/summer-shop-3898718,True,Add FAQ schema where available; this is a nice-to-have.,,Summer Horse Shop - Free shipping | Chewy,41,Shop Chewy for low prices and the best Summer Shop! We carry a large selection and the top brands like American Journey and more. Find everything you need in one place. FREE shipping on orders $49+ and the BEST customer service!,228,,Summer Horse Shop,1,summer-shop,True,False,False,False,True,False,False,False,139,351,2,,,,,,,,,,,,,,1.0
Browse,Schema,FAQ schema missing,https://www.chewy.com/b/goat-feeding-supplies-12733,True,Add FAQ schema where available; this is a nice-to-have.,,Goat Feeding Supplies | Chewy,29,"Shop Chewy for low prices and the best Feeding Supplies! We carry a large selection and the top brands like Tuff Stuff Products, Indipets, and more. Find everything you need in one place. FREE shipping on orders $49+ and the BEST customer service!",247,,Goat Feeding Supplies,1,goat-feeding-supplies,True,True,False,False,True,False,False,False,14,349,2,,,,,,,,,,,,,,1.0
Browse,Schema,FAQ schema missing,https://www.chewy.com/b/fly-spray-and-tick-control-for-goats-389902,True,Add FAQ schema where available; this is a nice-to-have.,,Fly Spray & Tick Control for Goats | Chewy,42,"Shop Chewy for low prices and the best Fly Spray & Tick Control for Goats! We carry a large selection and the top brands like Elanco, Absorbine, and more. Find everything you need in one place. FREE shipping on orders $49+ and the BEST customer service!",253,,Fly Spray & Tick Control for Goats,1,fly-spray-and-tick-control-for-goats,True,True,False,False,True,False,False,False,14,333,2,,,,,,,,,,,,,,1.0
Browse,Schema,FAQ schema missing,https://www.chewy.com/b/goat-first-aid-kits-and-wound-care-389910,True,Add FAQ schema where available; this is a nice-to-have.,,Goat First Aid Kits & Wound Care | Chewy,40,"Shop Chewy for low prices and the best Goat First Aid Kits & Wound Care! We carry a large selection and the top brands like Durvet, Curicyn, and more. Find everything you need in one place. FREE shipping on orders $49+ and the BEST customer service!",249,,Goat First Aid Kits & Wound Care,1,goat-first-aid-kits-and-wound-care,True,True,False,False,True,False,False,False,14,324,2,,,,,,,,,,,,,,1.0
Browse,Schema,FAQ schema missing,https://www.chewy.com/b/dewormer-goats-769670,True,Add FAQ schema where available; this is a nice-to-have.,,Dewormer for Goats - Free shipping | Chewy,42,"Shop Chewy for low prices and the best Dewormer for Goats! We carry a large selection and the top brands like Safe-Guard, Elanco, and more. Find everything you need in one place. FREE shipping on orders $49+ and the BEST customer service!",238,,Dewormer for Goats,1,dewormer-goats,True,True,False,False,True,False,False,False,14,320,2,,,,,,,,,,,,,,1.0
Browse,Schema,FAQ schema missing,https://www.chewy.com/b/livestock-dewormer-medicine-166942,True,Add FAQ schema where available; this is a nice-to-have.,,Livestock Dewormers | Chewy,27,"Shop Chewy for low prices and the best Livestock Dewormers! We carry a large selection and the top brands like Durvet, Norbrook, and more. Find everything you need in one place. FREE shipping on orders $49+ and the BEST customer service!",237,,Livestock Dewormers,1,livestock-dewormer-medicine,True,True,False,False,True,False,False,False,188,345,2,,,,,,,,,,,,,,1.0
Browse,Schema,FAQ schema missing,https://www.chewy.com/b/stick-vacuums-164942,True,Add FAQ schema where available; this is a nice-to-have.,,Stick Vacuums - Free shipping | Chewy,37,"Shop Chewy for low prices and the best Stick Vacuums! We carry a large selection and the top brands like Shark, MOVA, and more. Find everything you need in one place. FREE shipping on orders $49+ and the BEST customer service!",226,,Stick Vacuums,1,stick-vacuums,True,True,False,False,True,False,False,False,77,350,2,,,,,,,,,,,,,,1.0
Browse,Schema,FAQ schema missing,https://www.chewy.com/b/upright-vacuums-164950,True,Add FAQ schema where available; this is a nice-to-have.,,Upright Vacuums - Free shipping | Chewy,39,"Shop Chewy for low prices and the best Upright Vacuums! We carry a large selection and the top brands like Shark, Bissell, and more. Find everything you need in one place. FREE shipping on orders $49+ and the BEST customer service!",231,,Upright Vacuums,1,upright-vacuums,True,True,False,False,True,False,False,False,12,351,2,,,,,,,,,,,,,,6.0
Browse,Schema,FAQ schema missing,https://www.chewy.com/b/handheld-vacuums-164958,True,Add FAQ schema where available; this is a nice-to-have.,,Handheld Vacuums - Free shipping | Chewy,40,"Shop Chewy for low prices and the best Handheld Vacuums! We carry a large selection and the top brands like LFC PETS, Shark, and more. Find everything you need in one place. FREE shipping on orders $49+ and the BEST customer service!",233,,Handheld Vacuums,1,handheld-vacuums,True,True,False,False,True,False,False,False,25,337,2,,,,,,,,,,,,,,1.0
Browse,Schema,FAQ schema missing,https://www.chewy.com/b/robotic-vacuums-164966,True,Add FAQ schema where available; this is a nice-to-have.,,Robotic Vacuums - Free shipping | Chewy,39,"Shop Chewy for low prices and the best Robotic Vacuums! We carry a large selection and the top brands like iRobot, bObsweep, and more. Find everything you need in one place. FREE shipping on orders $49+ and the BEST customer service!",233,,Robotic Vacuums,1,robotic-vacuums,True,True,False,False,True,False,False,False,21,348,2,,,,,,,,,,,,,,2.0
Browse,Schema,FAQ schema missing,https://www.chewy.com/b/carpet-cleaners-164974,True,Add FAQ schema where available; this is a nice-to-have.,,Carpet Cleaners - Free shipping | Chewy,39,"Shop Chewy for low prices and the best Carpet Cleaners! We carry a large selection and the top brands like Bissell, Roborock, and more. Find everything you need in one place. FREE shipping on orders $49+ and the BEST customer service!",234,,Carpet Cleaners,1,carpet-cleaners,True,True,False,False,True,False,False,False,68,336,2,,,,,,,,,,,,,,1.0
Browse,Schema,FAQ schema missing,https://www.chewy.com/b/canister-vacuums-164982,True,Add FAQ schema where available; this is a nice-to-have.,,Canister Vacuums - Free shipping | Chewy,40,"Shop Chewy for low prices and the best Canister Vacuums! We carry a large selection and the top brands like Miele, Atrix, and more. Find everything you need in one place. FREE shipping on orders $49+ and the BEST customer service!",230,,Canister Vacuums,1,canister-vacuums,True,True,False,False,True,False,False,False,54,335,2,,,,,,,,,,,,,,1.0
Browse,Schema,FAQ schema missing,https://www.chewy.com/b/vacuum-accessories-164990,True,Add FAQ schema where available; this is a nice-to-have.,,Vacuum Accessories - Free shipping | Chewy,42,"Shop Chewy for low prices and the best Vacuum Accessories! We carry a large selection and the top brands like Dyson, Dupray, and more. Find everything you need in one place. FREE shipping on orders $49+ and the BEST customer service!",233,,Vacuum Accessories,1,vacuum-accessories,True,True,False,False,True,False,False,False,28,318,2,,,,,,,,,,,,,,1.0
Browse,Schema,FAQ schema missing,https://www.chewy.com/b/summer-dog-clothing-102550,True,Add FAQ schema where available; this is a nice-to-have.,,Summer Dog Clothing - Free shipping | Chewy,43,"Shop Chewy for low prices and the best Summer Dog Clothing! We carry a large selection and the top brands like Frisco, Doggie Design, and more. Find everything you need in one place. FREE shipping on orders $49+ and the BEST customer service!",242,summer dog clothing,Summer Dog Clothing,1,summer-dog-clothing,True,True,False,False,True,False,False,False,117,345,2,,,,,,,1,1,13.0,0,1,0,0,1.0
Browse,Schema,FAQ schema missing,https://www.chewy.com/b/grooming-supplies-169446,True,Add FAQ schema where available; this is a nice-to-have.,,Grooming Supplies - Free shipping | Chewy,41,"Shop Chewy for low prices and the best Grooming Supplies! We carry a large selection and the top brands like TropiClean, Wahl, and more. Find everything you need in one place. FREE shipping on orders $49+ and the BEST customer service!",235,chewy dog grooming,Grooming Supplies,1,grooming-supplies,True,True,False,False,True,False,False,False,359,355,2,,,,,,,1,1,8.0,1,0,0,0,1.0
Browse,Schema,FAQ schema missing,https://www.chewy.com/b/fly-spray-and-tick-control-for-pigs-389918,True,Add FAQ schema where available; this is a nice-to-have.,,Fly Spray & Tick Control for Pigs | Chewy,41,"Shop Chewy for low prices and the best Fly Spray & Tick Control for Pigs! We carry a large selection and the top brands like Elanco, Durvet, and more. Find everything you need in one place. FREE shipping on orders $49+ and the BEST customer service!",249,,Fly Spray & Tick Control for Pigs,1,fly-spray-and-tick-control-for-pigs,True,True,False,False,True,False,False,False,11,326,2,,,,,,,,,,,,,,1.0
Browse,Schema,FAQ schema missing,https://www.chewy.com/b/pig-wound-treatment-and-first-aid-389926,True,Add FAQ schema where available; this is a nice-to-have.,,Pig Wound Treatment & First Aid | Chewy,39,Shop Chewy for low prices and the best Pig Wound Treatment & First Aid! We carry a large selection and the top brands like Durvet and more. Find everything you need in one place. FREE shipping on orders $49+ and the BEST customer service!,238,,Pig Wound Treatment & First Aid,1,pig-wound-treatment-and-first-aid,True,True,False,False,True,False,False,False,11,315,2,,,,,,,,,,,,,,1.0
Browse,Schema,FAQ schema missing,https://www.chewy.com/b/dewormer-pigs-769678,True,Add FAQ schema where available; this is a nice-to-have.,,Dewormer for Pigs - Free shipping | Chewy,41,"Shop Chewy for low prices and the best Dewormer for pigs! We carry a large selection and the top brands like Norbrook, Durvet, and more. Find everything you need in one place. FREE shipping on orders $49+ and the BEST customer service!",235,,Dewormer for Pigs,1,dewormer-pigs,True,True,False,False,True,False,False,False,11,317,2,,,,,,,,,,,,,,1.0
Browse,Schema,FAQ schema missing,https://www.chewy.com/b/peanut-butter-dog-treats-11493,True,Add FAQ schema where available; this is a nice-to-have.,,Peanut Butter Dog Treats - Free Shipping | Chewy,48,"Shop Chewy for low prices and the best Peanut Butter Flavored! We carry a large selection and the top brands like Woof, Bark Bistro Company, and more. Find everything you need in one place. FREE shipping on orders $49+ and the BEST customer service!",249,peanut butter soft dog treats,Peanut Butter Dog Treats,1,peanut-butter-dog-treats,True,True,False,False,True,False,False,False,173,354,2,,,,,,,1,1,8.0,1,0,0,0,1.0
Browse,Schema,FAQ schema missing,https://www.chewy.com/b/chicken-flavored-11494,True,Add FAQ schema where available; this is a nice-to-have.,,Chicken Dog Treats - Free Shipping | Chewy,42,"Shop Chewy for low prices and the best Chicken Flavored! We carry a large selection and the top brands like Blue Buffalo, Inaba, and more. Find everything you need in one place. FREE shipping on orders $49+ and the BEST customer service!",237,chicken dog treats,Chicken Flavored Soft & Chewy Treats For Dogs,1,chicken-flavored,True,True,False,False,True,False,False,False,167,357,2,,,,,,,2,2,,0,0,0,2,1.0
Browse,Schema,FAQ schema missing,https://www.chewy.com/b/combs-166334,True,Add FAQ schema where available; this is a nice-to-have.,,Dog Combs - Free shipping | Chewy,33,"Shop Chewy for low prices and the best Combs products! We carry a large selection and the top brands like Safari, Bass Brushes, and more. Find everything you need in one place. FREE shipping on orders $49+ and the BEST customer service!",236,,Dog Combs,1,combs,True,True,False,False,True,False,False,False,125,354,2,,,,,,,,,,,,,,2.0
Browse,Schema,FAQ schema missing,https://www.chewy.com/b/flea-tick-supplements-3950550,True,Add FAQ schema where available; this is a nice-to-have.,,Flea & Tick Supplements - Free shipping | Chewy,47,"Shop Chewy for low prices and the best Flea & Tick Supplements! We carry a large selection and the top brands like Earth Animal, ADORE Pet, and more. Find everything you need in one place. FREE shipping on orders $49+ and the BEST customer service!",248,,Flea & Tick Supplements,1,flea-tick-supplements,True,True,False,False,True,False,False,False,23,320,2,,,,,,,,,,,,,,1.0
Browse,Schema,FAQ schema missing,https://www.chewy.com/b/cat-flea-and-tick-treatment-bundles-107246,True,Add FAQ schema where available; this is a nice-to-have.,,Cat Flea & Tick Treatment Bundles - Free shipping | Chewy,57,"Shop Chewy for low prices and the best Treatment Bundles! We carry a large selection and the top brands like Advantage, Advantage II, and more. Find everything you need in one place. FREE shipping on orders $49+ and the BEST customer service!",242,dog tick treatment bundles,Cat Flea & Tick Treatment Bundles,1,cat-flea-and-tick-treatment-bundles,True,True,False,False,True,False,False,False,25,315,2,,,,,,,4,4,27.0,0,0,1,3,1.0
Browse,Schema,FAQ schema missing,https://www.chewy.com/b/plant-based-flea-and-tick-treatment-for-cats-143806,True,Add FAQ schema where available; this is a nice-to-have.,,Plant Based Flea & Tick Treatment For Cats - Free shipping | Chewy,66,"Shop Chewy for low prices and the best Plant-based Flea & Tick Treatments! We carry a large selection and the top brands like Wondercide, Cedarcide, and more. Find everything you need in one place. FREE shipping on orders $49+ and the BEST customer service!",257,plant based flea and tick treatment for cats,Plant Based Flea & Tick Treatment For Cats,1,plant-based-flea-and-tick-treatment-for-cats,True,True,False,False,True,False,False,False,28,350,2,,,,,,,1,1,,0,0,0,1,1.0
Browse,Schema,FAQ schema missing,https://www.chewy.com/b/topical-flea-tick-treatments-405,True,Add FAQ schema where available; this is a nice-to-have.,,Topical Flea & Tick Treatments for Cats (Free Shipping) | Chewy,63,"Looking for a way to get rid of fleas and ticks? Shop Chewy's wide selection of flea & tick topical treatments to get rid of infestations on your cat. Get started with our top brands of spot treatments from Frontline, Advantage II and more. *FAST and FREE* shipping on orders $49+ and the BEST customer service!",311,flea medicine for cats,Topical Flea & Tick Treatment For Cats,1,topical-flea-tick-treatments,True,True,False,False,True,False,False,False,122,358,2,good,2135.0,needs,0.125,,,15,15,7.33,12,2,1,0,56.0
Browse,Schema,FAQ schema missing,https://www.chewy.com/b/flea-and-tick-yard-and-home-treatment-1418,True,Add FAQ schema where available; this is a nice-to-have.,,Best Home & Yard Flea & Tick Treatments for Cats (Free Shipping) | Chewy,72,"Shop Chewy for low prices and the best flea and tick treatments for your home and yard! Fleas and ticks can easily infect your cat as she's lounging around her yard. We have a wide selection of sprays, foggers and concentrates for you to rid your yard of these pests. *FREE* shipping on orders $49+ and the BEST customer service!",329,,Flea & Tick Home & Yard Treatments (Cat Safe),1,flea-and-tick-yard-and-home-treatment,True,True,False,False,True,False,False,False,25,365,2,,,,,,,,,,,,,,1.0
Browse,Schema,FAQ schema missing,https://www.chewy.com/b/egg-candlers-128886,True,Add FAQ schema where available; this is a nice-to-have.,,Egg Candler | Chewy,19,"Shop Chewy for low prices and the best Egg Candlers! We carry a large selection and the top brands like Brinsea, Farm Innovators, and more. Find everything you need in one place. FREE shipping on orders $49+ and the BEST customer service!",238,,Egg Candlers,1,egg-candlers,True,True,False,False,True,False,False,False,15,318,2,,,,,,,,,,,,,,1.0
Browse,Schema,FAQ schema missing,https://www.chewy.com/b/flakes-crisps-159502,True,Add FAQ schema where available; this is a nice-to-have.,,Fish Food Flakes | Chewy,24,"Shop Chewy for low prices and the best Flakes & Crisps! We carry a large selection and the top brands like Tetra, Ocean Nutrition, and more. Find everything you need in one place. FREE shipping on orders $49+ and the BEST customer service!",239,,Fish Food Flakes & Crisps,1,flakes-crisps,True,True,False,False,True,False,False,False,40,353,2,,,,,,,,,,,,,,1.0
Browse,Schema,FAQ schema missing,https://www.chewy.com/b/floating-pellets-sticks-159510,True,Add FAQ schema where available; this is a nice-to-have.,,Fish Food Pellets | Chewy,25,"Shop Chewy for low prices and the best Floating Pellets & Sticks! We carry a large selection and the top brands like Tetra, NorthFin, and more. Find everything you need in one place. FREE shipping on orders $49+ and the BEST customer service!",242,,Fish Floating Pellets & Sticks,1,floating-pellets-sticks,True,True,False,False,True,False,False,False,35,350,2,,,,,,,,,,,,,,1.0
Browse,Schema,FAQ schema missing,https://www.chewy.com/b/sinking-pellets-159518,True,Add FAQ schema where available; this is a nice-to-have.,,Sinking Fish Pellets | Chewy,28,"Shop Chewy for low prices and the best Sinking Pellets! We carry a large selection and the top brands like NorthFin, Aquaculture-One, and more. Find everything you need in one place. FREE shipping on orders $49+ and the BEST customer service!",242,,Fish Food Sinking Pellets,1,sinking-pellets,True,True,False,False,True,False,False,False,27,353,2,,,,,,,,,,,,,,1.0
Browse,Schema,FAQ schema missing,https://www.chewy.com/b/live-foods-3916886,True,Add FAQ schema where available; this is a nice-to-have.,,Live Foods - Live Fish Food | Chewy,35,"Shop Chewy for low prices and the best Live Food! We carry a large selection and the top brands like Dinkins Aquatic Gardens, San Francisco Bay Brand, and more. Find everything you need in one place. FREE shipping on orders $49+ and the BEST customer service!",259,live fish food,Live Foods,1,live-foods,True,True,False,False,True,False,False,False,67,326,2,,,,,,,1,1,23.0,0,0,1,0,1.0
Browse,Schema,FAQ schema missing,https://www.chewy.com/b/freeze-dried-159534,True,Add FAQ schema where available; this is a nice-to-have.,,Freeze Dried Fish Food | Chewy,30,"Shop Chewy for low prices and the best Freeze-Dried products! We carry a large selection and the top brands like DrTim's Aquatics, Omega One, and more. Find everything you need in one place. FREE shipping on orders $49+ and the BEST customer service!",250,,Freeze-Dried Fish Food,1,freeze-dried,True,True,False,False,True,False,False,False,48,352,2,,,,,,,,,,,,,,
Browse,Schema,FAQ schema missing,https://www.chewy.com/b/tablets-wafers-159558,True,Add FAQ schema where available; this is a nice-to-have.,,Fish Food Tablets | Chewy,25,"Shop Chewy for low prices and the best Tablets & Wafers! We carry a large selection and the top brands like NorthFin, Aquaculture-One, and more. Find everything you need in one place. FREE shipping on orders $49+ and the BEST customer service!",243,,Tablets & Wafers,1,tablets-wafers,True,True,False,False,True,False,False,False,35,344,2,,,,,,,,,,,,,,1.0
Browse,Schema,FAQ schema missing,https://www.chewy.com/b/frozen-fish-food-3916894,True,Add FAQ schema where available; this is a nice-to-have.,,Frozen Fish Food | Chewy,24,Shop Chewy for low prices and the best Frozen Food! We carry a large selection and the top brands like Gamma and more. Find everything you need in one place. FREE shipping on orders $49+ and the BEST customer service!,217,,Frozen Food,1,frozen-fish-food,True,True,False,False,True,False,False,False,61,332,2,,,,,,,,,,,,,,1.0
Browse,Schema,FAQ schema missing,https://www.chewy.com/b/slow-release-fish-food-166974,True,Add FAQ schema where available; this is a nice-to-have.,,Slow-Release Fish Food - Free shipping | Chewy,46,"Shop Chewy for low prices and the best Slow-Release Fish Food! We carry a large selection and the top brands like Zoo Med, Aqueon, and more. Find everything you need in one place. FREE shipping on orders $49+ and the BEST customer service!",239,,Slow-Release Fish Food,1,slow-release-fish-food,True,True,False,False,True,False,False,False,18,322,2,,,,,,,,,,,,,,1.0
Browse,Schema,FAQ schema missing,https://www.chewy.com/b/diuretics-fluid-management-165478,True,Add FAQ schema where available; this is a nice-to-have.,,Prescription Diuretics & Fluid Management Medications for Dogs - Free shipping | Chewy,86,"Shop Chewy for low prices and the best Diuretics & Fluid Management! We carry a large selection and the top brands like Furosemide Compounded, Spironolactone Compounded, and more. Find everything you need in one place. FREE shipping on orders $49+ and the BEST customer service!",278,,Prescription Diuretics & Fluid Management Medications for Dogs,1,diuretics-fluid-management,True,True,False,False,True,False,False,False,59,328,2,,,,,,,,,,,,,,1.0
Browse,Schema,FAQ schema missing,https://www.chewy.com/b/adrenal-health-165430,True,Add FAQ schema where available; this is a nice-to-have.,,Prescription Medications for Dog Adrenal Health & Hormonal Balance - Free shipping | Chewy,90,"Shop Chewy for low prices and the best Adrenal Health! We carry a large selection and the top brands like Trilostane Compounded, Ketoconazole Compounded, and more. Find everything you need in one place. FREE shipping on orders $49+ and the BEST customer service!",262,,Prescription Medications for Dog Adrenal Health & Hormonal Balance,1,adrenal-health,True,True,False,False,True,False,False,False,32,334,2,,,,,,,,,,,,,,1.0
Browse,Schema,FAQ schema missing,https://www.chewy.com/b/thyroid-support-165422,True,Add FAQ schema where available; this is a nice-to-have.,,Prescription Thyroid Support Medications for Dogs - Free shipping | Chewy,73,"Shop Chewy for low prices and the best Thyroid Support! We carry a large selection and the top brands like Thyro-Tabs, Methimazole, and more. Find everything you need in one place. FREE shipping on orders $49+ and the BEST customer service!",240,,Prescription Thyroid Support Medications for Dogs,1,thyroid-support,True,True,False,False,True,False,False,False,23,313,2,,,,,,,,,,,,,,1.0
Browse,Schema,FAQ schema missing,https://www.chewy.com/b/pancreatic-liver-support-165470,True,Add FAQ schema where available; this is a nice-to-have.,,Prescription Pancreatic & Liver Support Medications for Dogs - Free shipping | Chewy,84,"Shop Chewy for low prices and the best Pancreatic & Liver Support! We carry a large selection and the top brands like Ursodiol Compounded, Milk Thistle Compounded, and more. Find everything you need in one place. FREE shipping on orders $49+ and the BEST customer service!",272,,Prescription Pancreatic & Liver Support Medications for Dogs,1,pancreatic-liver-support,True,True,False,False,True,False,False,False,10,332,2,,,,,,,,,,,,,,1.0
Browse,Schema,FAQ schema missing,https://www.chewy.com/b/bird-seed-container-2944670,True,Add FAQ schema where available; this is a nice-to-have.,,Bird Seed Container - Free shipping | Chewy,43,"Shop Chewy for low prices and the best Bird Seed Container! We carry a large selection and the top brands like Gamma2, Buddeez, and more. Find everything you need in one place. FREE shipping on orders $49+ and the BEST customer service!",236,,Bird Seed Container,1,bird-seed-container,True,True,False,False,True,False,False,False,5,330,2,,,,,,,,,,,,,,1.0
Browse,Schema,FAQ schema missing,https://www.chewy.com/b/horse-fly-deterrent-supplement-and-horse-dewormers-153294,True,Add FAQ schema where available; this is a nice-to-have.,,Horse Fly Deterrent Supplement & Horse Dewormers | Chewy,56,"Shop Chewy for low prices and the best Fly Deterrant & Dewormer! We carry a large selection and the top brands like The Natural Vet, UltraCruz, and more. Find everything you need in one place. FREE shipping on orders $49+ and the BEST customer service!",252,,Horse Fly Deterrent Supplements & Dewormers,1,horse-fly-deterrent-supplement-and-horse-dewormers,False,False,False,False,True,False,False,False,103,324,2,,,,,,,,,,,,,,1.0
Browse,Schema,FAQ schema missing,https://www.chewy.com/b/horse-weight-gain-supplements-and-horse-muscle-gain-supplements-153278,True,Add FAQ schema where available; this is a nice-to-have.,,Horse Weight Gain Supplements & Horse Muscle Gain Supplements | Chewy,69,"Shop Chewy for low prices and the best Weight & Muscle Gain! We carry a large selection and the top brands like Mad Barn, Buckeye Nutrition, and more. Find everything you need in one place. FREE shipping on orders $49+ and the BEST customer service!",249,,Horse Weight Gain Supplements and Horse Muscle Gain Supplements,1,horse-weight-gain-supplements-and-horse-muscle-gain-supplements,False,False,False,False,True,False,False,False,103,352,2,,,,,,,,,,,,,,1.0
Browse,Schema,FAQ schema missing,https://www.chewy.com/b/horse-electrolytes-129270,True,Add FAQ schema where available; this is a nice-to-have.,,Horse Electrolytes | Chewy,26,"Shop Chewy for low prices and the best Electrolytes & Hydration! We carry a large selection and the top brands like Finish Line, Horse Quencher, and more. Find everything you need in one place. FREE shipping on orders $49+ and the BEST customer service!",253,,Horse Electrolytes,1,horse-electrolytes,True,True,False,False,True,False,False,False,116,352,2,,,,,,,,,,,,,,1.0
Browse,Schema,FAQ schema missing,https://www.chewy.com/b/horse-skin-and-coat-supplements-11297,True,Add FAQ schema where available; this is a nice-to-have.,,Horse Coat Supplement | Chewy,29,"Shop Chewy for low prices and the best Skin & Coat! We carry a large selection and the top brands like Mad Barn, SmartPak, and more. Find everything you need in one place. FREE shipping on orders $49+ and the BEST customer service!",231,horse skin supplements,Horse Skin & Coat Supplements,1,horse-skin-and-coat-supplements,True,True,False,False,True,False,False,False,298,353,2,,,,,,,4,4,17.25,0,2,2,0,1.0
Browse,Schema,FAQ schema missing,https://www.chewy.com/b/horse-hoof-health-supplements-153270,True,Add FAQ schema where available; this is a nice-to-have.,,Horse Hoof Health Supplements | Chewy,37,"Shop Chewy for low prices and the best Hoof Health! We carry a large selection and the top brands like Mad Barn, Farnam, and more. Find everything you need in one place. FREE shipping on orders $49+ and the BEST customer service!",229,,Horse Hoof Health Supplements,1,horse-hoof-health-supplements,False,False,False,False,True,False,False,False,131,352,2,,,,,,,,,,,,,,1.0
Browse,Schema,FAQ schema missing,https://www.chewy.com/b/horse-immune-and-seasonal-allergy-supplements-153302,True,Add FAQ schema where available; this is a nice-to-have.,,Horse Immune & Seasonal Allergy Supplements | Chewy,51,"Shop Chewy for low prices and the best Immune & Seasonal Allergy! We carry a large selection and the top brands like Mad Barn, UltraCruz, and more. Find everything you need in one place. FREE shipping on orders $49+ and the BEST customer service!",246,horse allergy supplements,Horse Immune & Seasonal Allergy Supplements,1,horse-immune-and-seasonal-allergy-supplements,True,True,False,False,True,False,False,False,110,351,2,,,,,,,8,8,20.0,0,4,3,1,1.0
Browse,Schema,FAQ schema missing,https://www.chewy.com/b/broodmare-supplements-153286,True,Add FAQ schema where available; this is a nice-to-have.,,Equine Reproduction Supplements | Chewy,39,"Shop Chewy for low prices and the best Reproduction & Foal! We carry a large selection and the top brands like Farnam, Buckeye Nutrition, and more. Find everything you need in one place. FREE shipping on orders $49+ and the BEST customer service!",246,,Horse Reproduction Supplements,1,broodmare-supplements,True,True,False,False,True,False,False,False,108,338,2,,,,,,,,,,,,,,1.0
Browse,Schema,FAQ schema missing,https://www.chewy.com/b/horse-calming-supplements-11295,True,Add FAQ schema where available; this is a nice-to-have.,,Calming Supplements For Horses | Chewy,38,"Shop Chewy for low prices and the best Behavior & Calming! We carry a large selection and the top brands like SmartPak, Perfect Products, and more. Find everything you need in one place. FREE shipping on orders $49+ and the BEST customer service!",246,,Horse Calming Supplements,1,horse-calming-supplements,True,True,False,False,True,False,False,False,179,357,2,,,,,,,,,,,,,,1.0
Browse,Schema,FAQ schema missing,https://www.chewy.com/b/horse-muscle-recovery-and-weight-gain-supplements-11296,True,Add FAQ schema where available; this is a nice-to-have.,,"Horse Performance, Recovery & Weight Gain Supplements | Chewy",61,"Shop Chewy for low prices and the best Performance & Recovery! We carry a large selection and the top brands like UltraCruz, Finish Line, and more. Find everything you need in one place. FREE shipping on orders $49+ and the BEST customer service!",246,horse weight gain supplements,Horse Muscle Recovery & Weight Gain Supplements,1,horse-muscle-recovery-and-weight-gain-supplements,False,False,False,False,True,False,False,False,582,356,2,,,,,,,2,2,18.5,0,1,1,0,1.0
Browse,Schema,FAQ schema missing,https://www.chewy.com/b/horse-muscle-mass-builder-supplements-156038,True,Add FAQ schema where available; this is a nice-to-have.,,Equine Muscle Building Supplements | Chewy,42,"Shop Chewy for low prices and the best Muscle Gain! We carry a large selection and the top brands like Mad Barn, UltraCruz, and more. Find everything you need in one place. FREE shipping on orders $49+ and the BEST customer service!",232,horse muscle mass builder supplements,Horse Muscle Mass Builder Supplements,1,horse-muscle-mass-builder-supplements,True,True,False,False,True,False,False,False,91,351,2,,,,,,,2,2,28.0,0,0,1,1,1.0
Browse,Schema,FAQ schema missing,https://www.chewy.com/b/wellness-158134,True,Add FAQ schema where available; this is a nice-to-have.,,Horse Wellness Supplement | Chewy,33,"Shop Chewy for low prices and the best Wellness products! We carry a large selection and the top brands like UltraCruz, Nature's Helper, and more. Find everything you need in one place. FREE shipping on orders $49+ and the BEST customer service!",245,,Horse Wellness Vitamins,1,wellness,True,True,False,False,True,False,False,False,93,350,2,,,,,,,,,,,,,,1.0
Browse,Schema,FAQ schema missing,https://www.chewy.com/b/horse-metabolic-support-supplements-153310,True,Add FAQ schema where available; this is a nice-to-have.,,Equine Metabolic Supplements | Chewy,36,"Shop Chewy for low prices and the best Metabolic Support! We carry a large selection and the top brands like Mad Barn, SmartPak, and more. Find everything you need in one place. FREE shipping on orders $49+ and the BEST customer service!",237,,Horse Metabolic Support Supplements,1,horse-metabolic-support-supplements,False,False,False,False,True,False,False,False,79,352,2,,,,,,,,,,,,,,
Browse,Schema,FAQ schema missing,https://www.chewy.com/b/senior-horse-supplements-153326,True,Add FAQ schema where available; this is a nice-to-have.,,Senior Horse Supplements | Chewy,32,"Shop Chewy for low prices and the best Senior products! We carry a large selection and the top brands like Mad Barn, SmartPak, and more. Find everything you need in one place. FREE shipping on orders $49+ and the BEST customer service!",235,,Senior Horse Supplements,1,senior-horse-supplements,True,True,False,False,True,False,False,False,55,350,2,,,,,,,,,,,,,,1.0
Browse,Schema,FAQ schema missing,https://www.chewy.com/b/food-treats-141598,True,Add FAQ schema where available; this is a nice-to-have.,,Food & Treats for New Dogs - Free shipping | Chewy,50,"Shop Chewy for low prices and the best Food & Treats! We carry a large selection and the top brands like Blue Buffalo, Stella & Chewy's, and more. Find everything you need in one place. FREE shipping on orders $49+ and the BEST customer service!",245,,Food & Treats for New Dogs,1,food-treats,,False,False,False,True,False,False,False,872,359,2,,,,,,,,,,,,,,
Browse,Schema,FAQ schema missing,https://www.chewy.com/b/essentials-141590,True,Add FAQ schema where available; this is a nice-to-have.,,New Dog Essentials - Free shipping | Chewy,42,"Shop Chewy for low prices and the best Essentials products! We carry a large selection and the top brands like Frisco, Red Dingo, and more. Find everything you need in one place. FREE shipping on orders $49+ and the BEST customer service!",238,,New Dog Essentials,1,essentials,,False,False,False,True,False,False,False,607,362,2,,,,,,,,,,,,,,
Browse,Schema,FAQ schema missing,https://www.chewy.com/b/potty-training-9961,True,Add FAQ schema where available; this is a nice-to-have.,,Potty & Training Supplies for New Dogs - Free shipping | Chewy,62,"Shop Chewy for low prices and the best Potty & Training! We carry a large selection and the top brands like Buckle-Down, Country Brook Petz, and more. Find everything you need in one place. FREE shipping on orders $49+ and the BEST customer service!",249,,Potty & Training Supplies for New Dogs,1,potty-training,,False,False,False,True,False,False,False,643,360,2,,,,,,,,,,,,,,
Browse,Schema,FAQ schema missing,https://www.chewy.com/b/healthcare-9963,True,Add FAQ schema where available; this is a nice-to-have.,,Healthcare for New Dogs - Free shipping | Chewy,47,"Shop Chewy for low prices and the best Healthcare products! We carry a large selection and the top brands like Healthy Breeds, Zesty Paws, and more. Find everything you need in one place. FREE shipping on orders $49+ and the BEST customer service!",247,,Healthcare for New Dogs,1,healthcare,,False,False,False,True,False,False,False,565,351,2,,,,,,,,,,,,,,
Browse,Schema,FAQ schema missing,https://www.chewy.com/b/fun-trendy-165182,True,Add FAQ schema where available; this is a nice-to-have.,,Fun & Trendy Dog Beds - Free shipping | Chewy,45,"Shop Chewy for low prices and the best Fun & Trendy! We carry a large selection and the top brands like NonoPets, Happy & Polly, and more. Find everything you need in one place. FREE shipping on orders $49+ and the BEST customer service!",237,,Fun & Trendy Dog Beds,1,fun-trendy,True,True,False,False,True,False,False,False,501,336,2,good,1379.0,good,0.06,,,,,,,,,,9.0
Browse,Schema,FAQ schema missing,https://www.chewy.com/b/adrenal-health-165710,True,Add FAQ schema where available; this is a nice-to-have.,,Prescription Medications For Cat Adrenal Health & Hormonal Balance - Free shipping | Chewy,90,"Shop Chewy for low prices and the best Adrenal Health! We carry a large selection and the top brands like Trilostane Compounded, Ketoconazole Compounded, and more. Find everything you need in one place. FREE shipping on orders $49+ and the BEST customer service!",262,,Prescription Medications For Cat Adrenal Health & Hormonal Balance,1,adrenal-health,True,True,False,False,True,False,False,False,22,330,2,,,,,,,,,,,,,,
Browse,Schema,FAQ schema missing,https://www.chewy.com/b/cardiovascular-health-165558,True,Add FAQ schema where available; this is a nice-to-have.,,Prescription Cardiovascular Medications For Cats - Free shipping | Chewy,72,"Shop Chewy for low prices and the best Cardiovascular Health! We carry a large selection and the top brands like Pimobendan Compounded, Enalapril Maleate Compounded, and more. Find everything you need in one place. FREE shipping on orders $49+ and the BEST customer service!",274,,Prescription Cardiovascular Medications For Cats,1,cardiovascular-health,True,True,False,False,True,False,False,False,70,350,2,,,,,,,,,,,,,,1.0
Browse,Schema,FAQ schema missing,https://www.chewy.com/b/pancreatic-liver-support-165750,True,Add FAQ schema where available; this is a nice-to-have.,,Prescription Pancreatic & Liver Support Medications For Cats - Free shipping | Chewy,84,"Shop Chewy for low prices and the best Pancreatic & Liver Support! We carry a large selection and the top brands like Ursodiol Compounded, Milk Thistle Compounded, and more. Find everything you need in one place. FREE shipping on orders $49+ and the BEST customer service!",272,,Prescription Pancreatic & Liver Support Medications For Cats,1,pancreatic-liver-support,True,True,False,False,True,False,False,False,11,332,2,,,,,,,,,,,,,,1.0
Browse,Schema,FAQ schema missing,https://www.chewy.com/b/antidiarrheal-gi-support-165734,True,Add FAQ schema where available; this is a nice-to-have.,,Prescription Antidiarrheal & Gi Support Medications For Cats - Free shipping | Chewy,84,"Shop Chewy for low prices and the best Antidiarrheal & GI Support! We carry a large selection and the top brands like Clonidine, Metronidazole, and more. Find everything you need in one place. FREE shipping on orders $49+ and the BEST customer service!",252,,Prescription Antidiarrheal & Gi Support Medications For Cats,1,antidiarrheal-gi-support,True,True,False,False,True,False,False,False,31,315,2,,,,,,,,,,,,,,1.0
Browse,Schema,FAQ schema missing,https://www.chewy.com/b/insulin-165566,True,Add FAQ schema where available; this is a nice-to-have.,,Prescription Injectable Insulin For Cats - Free shipping | Chewy,64,"Shop Chewy for low prices and the best Insulin products! We carry a large selection and the top brands like Vetsulin, Lantus, and more. Find everything you need in one place. FREE shipping on orders $49+ and the BEST customer service!",234,,Prescription Injectable Insulin For Cats,1,insulin,True,True,False,False,True,False,False,False,6,320,2,,,,,,,,,,,,,,1.0
Browse,Schema,FAQ schema missing,https://www.chewy.com/b/syringes-supplies-165574,True,Add FAQ schema where available; this is a nice-to-have.,,Insulin Syringes & Diabetic Care Supplies For Cats - Free shipping | Chewy,74,"Shop Chewy for low prices and the best Syringes & Supplies! We carry a large selection and the top brands like UltiCare VetRx, Vial Safe For Pets, and more. Find everything you need in one place. FREE shipping on orders $49+ and the BEST customer service!",255,,Insulin Syringes & Diabetic Care Supplies For Cats,1,syringes-supplies,True,True,False,False,True,False,False,False,11,340,2,,,,,,,,,,,,,,3.0
Browse,Schema,FAQ schema missing,https://www.chewy.com/b/glucose-monitors-test-strips-165582,True,Add FAQ schema where available; this is a nice-to-have.,,Glucose Monitors & Strips For Cats With Diabetes - Free shipping | Chewy,72,"Shop Chewy for low prices and the best Glucose Monitors & Test Strips! We carry a large selection and the top brands like PetTest, AlphaTRAK, and more. Find everything you need in one place. FREE shipping on orders $49+ and the BEST customer service!",250,cat blood glucose monitoring,Glucose Monitors & Strips For Cats With Diabetes,1,glucose-monitors-test-strips,True,True,False,False,True,False,False,False,3,330,2,,,,,,,1,1,19.0,0,1,0,0,10.0
Browse,Schema,FAQ schema missing,https://www.chewy.com/b/flea-tick-supplements-3950542,True,Add FAQ schema where available; this is a nice-to-have.,,Flea & Tick Supplements - Free shipping | Chewy,47,"Shop Chewy for low prices and the best Flea & Tick Supplements! We carry a large selection and the top brands like Beloved Pets, Earth Animal, and more. Find everything you need in one place. FREE shipping on orders $49+ and the BEST customer service!",251,,Flea & Tick Supplements,1,flea-tick-supplements,True,True,False,False,True,False,False,False,80,341,2,,,,,,,,,,,,,,1.0
Browse,Schema,FAQ schema missing,https://www.chewy.com/b/freshwater-aquarium-water-test-kits-166758,True,Add FAQ schema where available; this is a nice-to-have.,,Freshwater Aquarium Water Test Kits and Strips - Free shipping | Chewy,70,"Shop Chewy for low prices and the best Freshwater Aquarium Water Test Kits and Strips! We carry a large selection and the top brands like API, ASF, and more. Find everything you need in one place. FREE shipping on orders $49+ and the BEST customer service!",256,fish tank test kits,Freshwater Aquarium Water Test Kits and Strips,1,freshwater-aquarium-water-test-kits,True,True,False,False,True,False,False,False,63,342,2,,,,,,,2,2,28.5,0,0,2,0,1.0
Browse,Schema,FAQ schema missing,https://www.chewy.com/b/rocks-165222,True,Add FAQ schema where available; this is a nice-to-have.,,Aquarium & Fish Tank Rocks | Chewy,34,"Shop Chewy for low prices and the best Rocks products! We carry a large selection and the top brands like CaribSea, Ecoscape, and more. Find everything you need in one place. FREE shipping on orders $49+ and the BEST customer service!",234,,Aquarium Rocks,1,rocks,False,False,False,False,True,False,False,False,56,352,2,,,,,,,,,,,,,,
Browse,Schema,FAQ schema missing,https://www.chewy.com/b/planted-aquarium-substrate-2944710,True,Add FAQ schema where available; this is a nice-to-have.,,Planted Aquarium & Fish Tank Substrate | Chewy,46,"Shop Chewy for low prices and the best Planted Aquarium Substrate! We carry a large selection and the top brands like Activ-Betta, AquaZen, and more. Find everything you need in one place. FREE shipping on orders $49+ and the BEST customer service!",248,,Planted Aquarium & Fish Tank Substrate,1,planted-aquarium-substrate,True,True,False,False,True,False,False,False,84,330,2,,,,,,,,,,,,,,1.0
Browse,Schema,FAQ schema missing,https://www.chewy.com/b/training-tech-collars-127598,True,Add FAQ schema where available; this is a nice-to-have.,,Dog Training & Tech Collars - Free shipping | Chewy,51,"Shop Chewy for low prices and the best Training & Tech Collars! We carry a large selection and the top brands like PATPET, LvLrister, and more. Find everything you need in one place. FREE shipping on orders $49+ and the BEST customer service!",242,,Dog Training & Tech Collars,1,training-tech-collars,True,True,False,False,True,False,False,False,156,356,2,,,,,,,,,,,,,,1.0
Browse,Schema,FAQ schema missing,https://www.chewy.com/b/water-fountains-127606,True,Add FAQ schema where available; this is a nice-to-have.,,Pet Water Fountains - Free shipping | Chewy,43,"Shop Chewy for low prices and the best Water Fountains! We carry a large selection and the top brands like PetSafe, Casfuy, and more. Find everything you need in one place. FREE shipping on orders $49+ and the BEST customer service!",232,chewy cat water fountain,Pet Water Fountains,1,water-fountains,True,True,False,False,True,False,False,False,60,355,2,,,,,,,1,1,9.0,1,0,0,0,2.0
Browse,Schema,FAQ schema missing,https://www.chewy.com/b/vacuums-steam-cleaners-127622,True,Add FAQ schema where available; this is a nice-to-have.,,Vacuum Cleaners - Free shipping | Chewy,39,"Shop Chewy for low prices and the best Vacuums & Steam Cleaners! We carry a large selection and the top brands like Shark, Bissell, and more. Find everything you need in one place. FREE shipping on orders $49+ and the BEST customer service!",240,,Vacuum Cleaners,1,vacuums-steam-cleaners,True,True,False,False,True,False,False,False,56,363,2,,,,,,,,,,,,,,1.0
Browse,Schema,FAQ schema missing,https://www.chewy.com/b/air-purifiers-filters-127630,True,Add FAQ schema where available; this is a nice-to-have.,,Air Purifiers - Free shipping | Chewy,37,"Shop Chewy for low prices and the best Air Purifiers & Filters! We carry a large selection and the top brands like Nordic Pure, Breathe Naturally, and more. Find everything you need in one place. FREE shipping on orders $49+ and the BEST customer service!",255,,Air Purifiers,1,air-purifiers-filters,True,True,False,False,True,False,False,False,47,355,2,,,,,,,,,,,,,,1.0
Browse,Schema,FAQ schema missing,https://www.chewy.com/b/in-ground-fence-systems-157150,True,Add FAQ schema where available; this is a nice-to-have.,,In-Ground Electric Fence Systems - Free shipping | Chewy,56,"Shop Chewy for low prices and the best In-Ground Fence Systems! We carry a large selection and the top brands like PetSafe, SportDOG, and more. Find everything you need in one place. FREE shipping on orders $49+ and the BEST customer service!",242,,In-Ground Electric Fence Systems,1,in-ground-fence-systems,False,False,False,False,True,False,False,False,42,335,2,,,,,,,,,,,,,,
Browse,Schema,FAQ schema missing,https://www.chewy.com/b/alternative-fly-control-164934,True,Add FAQ schema where available; this is a nice-to-have.,,Natural Horse Fly Sprays and Alternative Repellents | Chewy,59,"Shop Chewy for low prices and the best Alternative Fly Control! We carry a large selection and the top brands like Espree, The Blissful Dog, and more. Find everything you need in one place. FREE shipping on orders $49+ and the BEST customer service!",249,hosre fly repellent,Natural Horse Fly Sprays & Alternative Repellents,1,alternative-fly-control,True,True,False,False,True,False,False,False,20,342,2,,,,,,,1,1,,0,0,0,1,1.0
Browse,Schema,FAQ schema missing,https://www.chewy.com/b/fly-masks-101214,True,Add FAQ schema where available; this is a nice-to-have.,,Horse Fly Masks | Chewy,23,"Shop Chewy for low prices and the best Fly Masks! We carry a large selection and the top brands like Kensington Protective Products, Shires Equestrian Products, and more. Find everything you need in one place. FREE shipping on orders $49+ and the BEST customer service!",269,,Horse Fly Masks,1,fly-masks,False,False,False,False,True,False,False,False,466,353,2,good,1634.0,needs,0.13,,,,,,,,,,2.0
Browse,Schema,FAQ schema missing,https://www.chewy.com/b/fly-sheets-101230,True,Add FAQ schema where available; this is a nice-to-have.,,Fly Sheets for Horses | Chewy,29,"Shop Chewy for low prices and the best Fly Sheets! We carry a large selection and the top brands like TuffRider, Horseware, and more. Find everything you need in one place. FREE shipping on orders $49+ and the BEST customer service!",232,,Fly Sheets for Horses,1,fly-sheets,False,False,False,False,True,False,False,False,387,352,2,,,,,,,,,,,,,,2.0
Browse,Schema,FAQ schema missing,https://www.chewy.com/b/fly-supplement-for-horses-101174,True,Add FAQ schema where available; this is a nice-to-have.,,Feed-Through Fly Control for Horses | Chewy,43,"Shop Chewy for low prices and the best Fly Control Supplements! We carry a large selection and the top brands like SmartPak, Nature's Helper, and more. Find everything you need in one place. FREE shipping on orders $49+ and the BEST customer service!",250,,Feed-Through Fly Control for Horses,1,fly-supplement-for-horses,True,True,False,False,True,False,False,False,15,330,2,,,,,,,,,,,,,,1.0
Browse,Schema,FAQ schema missing,https://www.chewy.com/b/ear-nets-101374,True,Add FAQ schema where available; this is a nice-to-have.,,Horse Ear Bonnets | Chewy,25,"Shop Chewy for low prices and the best Ear Nets! We carry a large selection and the top brands like Equine Couture, LeMieux, and more. Find everything you need in one place. FREE shipping on orders $49+ and the BEST customer service!",233,,Horse Ear Bonnets,1,ear-nets,False,False,False,False,True,False,False,False,52,350,2,,,,,,,,,,,,,,1.0
Browse,Schema,FAQ schema missing,https://www.chewy.com/b/barn-fly-pest-control-164870,True,Add FAQ schema where available; this is a nice-to-have.,,Barn Fly Spray and Pest Control | Chewy,39,"Shop Chewy for low prices and the best Barn Fly & Pest Control! We carry a large selection and the top brands like Farnam, Pyranha, and more. Find everything you need in one place. FREE shipping on orders $49+ and the BEST customer service!",240,,Barn Fly Spray and Pest Control,1,barn-fly-pest-control,True,True,False,False,True,False,False,False,91,350,2,,,,,,,,,,,,,,1.0
Browse,Schema,FAQ schema missing,https://www.chewy.com/b/fly-repellent-roll-ons-166558,True,Add FAQ schema where available; this is a nice-to-have.,,Roll-On Fly Repellent for Horses | Chewy,40,"Shop Chewy for low prices and the best Fly Repellent Roll-Ons! We carry a large selection and the top brands like Farnam, Guaranteed Horse Products, and more. Find everything you need in one place. FREE shipping on orders $49+ and the BEST customer service!",257,,Horse Fly Repellent Roll-Ons,1,fly-repellent-roll-ons,True,True,False,False,True,False,False,False,35,319,2,,,,,,,,,,,,,,1.0
Browse,Schema,FAQ schema missing,https://www.chewy.com/b/fly-repellent-wipes-166550,True,Add FAQ schema where available; this is a nice-to-have.,,Fly Wipes for Horses | Chewy,28,"Shop Chewy for low prices and the best Fly Repellent Wipes! We carry a large selection and the top brands like Farnam, Care Free Enzymes, and more. Find everything you need in one place. FREE shipping on orders $49+ and the BEST customer service!",246,,Fly Wipes for Horses,1,fly-repellent-wipes,True,True,False,False,True,False,False,False,21,315,2,,,,,,,,,,,,,,1.0
Browse,Schema,FAQ schema missing,https://www.chewy.com/b/insect-growth-regulators-164438,True,Add FAQ schema where available; this is a nice-to-have.,,Horse Fly Deterrent Supplement Insect Growth Regulator | Chewy,62,"Shop Chewy for low prices and the best Insect Growth Regulators! We carry a large selection and the top brands like Formula 707, Tribute Equine Nutrition, and more. Find everything you need in one place. FREE shipping on orders $49+ and the BEST customer service!",263,,Horse Fly Deterrent Supplement Insect Growth Regulator,1,insect-growth-regulators,False,False,False,False,True,False,False,False,17,316,2,,,,,,,,,,,,,,
Browse,Schema,FAQ schema missing,https://www.chewy.com/b/fly-gear-riding-3428494,True,Add FAQ schema where available; this is a nice-to-have.,,Fly Gear for Riding - Free shipping | Chewy,43,Shop Chewy for low prices and the best Fly Gear for Riding! We carry a large selection and the top brands like Cashel and more. Find everything you need in one place. FREE shipping on orders $49+ and the BEST customer service!,226,,Fly Gear for Riding,1,fly-gear-riding,True,True,False,False,True,False,False,False,15,326,2,,,,,,,,,,,,,,1.0
Browse,Schema,FAQ schema missing,https://www.chewy.com/b/situational-calming-165694,True,Add FAQ schema where available; this is a nice-to-have.,,Prescription Calming Medications for Situational Stress in Cats - Free shipping | Chewy,87,"Shop Chewy for low prices and the best Situational Calming! We carry a large selection and the top brands like Gabapentin Compounded, Trazodone HCl Compounded, and more. Find everything you need in one place. FREE shipping on orders $49+ and the BEST customer service!",268,,Prescription Calming Medications for Situational Stress in Cats,1,situational-calming,True,True,False,False,True,False,False,False,14,327,2,,,,,,,,,,,,,,1.0
Browse,Schema,FAQ schema missing,https://www.chewy.com/b/pet-digestive-medicine-12237,True,Add FAQ schema where available; this is a nice-to-have.,,Compound Pet Digestive Medicine - Free shipping | Chewy,55,Shop Chewy for low prices and the best Digestive Tract & Ulcers! We carry a large selection and the top brands like American Journey and more. Find everything you need in one place. FREE shipping on orders $49+ and the BEST customer service!,241,,Compound Pet Digestive Medicine,1,pet-digestive-medicine,True,True,False,False,True,False,False,False,103,349,2,,,,,,,,,,,,,,1.0
Browse,Schema,FAQ schema missing,https://www.chewy.com/b/pet-antibiotics-12234,True,Add FAQ schema where available; this is a nice-to-have.,,Compound Pet Antibiotics - Free shipping | Chewy,48,Shop Chewy for low prices and the best Antibiotics products! We carry a large selection and the top brands like American Journey and more. Find everything you need in one place. FREE shipping on orders $49+ and the BEST customer service!,237,,Compound Pet Antibiotics,1,pet-antibiotics,True,True,False,False,True,False,False,False,58,347,2,,,,,,,,,,,,,,1.0
Browse,Schema,FAQ schema missing,https://www.chewy.com/b/pet-asthma-medication-12241,True,Add FAQ schema where available; this is a nice-to-have.,,Compound Pet Asthma & Respiratory Care Medication - Free shipping | Chewy,73,Shop Chewy for low prices and the best Respiratory Care & Asthma! We carry a large selection and the top brands like American Journey and more. Find everything you need in one place. FREE shipping on orders $49+ and the BEST customer service!,242,,Compound Pet Asthma & Respiratory Care Medication,1,pet-asthma-medication,True,True,False,False,True,False,False,False,218,342,2,,,,,,,,,,,,,,1.0
Browse,Schema,FAQ schema missing,https://www.chewy.com/b/pet-heart-medication-12238,True,Add FAQ schema where available; this is a nice-to-have.,,Compound Pet Heart Medication - Free shipping | Chewy,53,Shop Chewy for low prices and the best Heart & Blood Pressure! We carry a large selection and the top brands like American Journey and more. Find everything you need in one place. FREE shipping on orders $49+ and the BEST customer service!,239,pet heart medication,Compound Pet Heart Medication,1,pet-heart-medication,True,True,False,False,True,False,False,False,104,349,2,,,,,,,2,2,29.5,0,0,2,0,1.0
Browse,Schema,FAQ schema missing,https://www.chewy.com/b/immune-support-medication-for-pets-12239,True,Add FAQ schema where available; this is a nice-to-have.,,Compound Immune Support Medication For Pets - Free shipping | Chewy,67,Shop Chewy for low prices and the best Immune Support! We carry a large selection and the top brands like American Journey and more. Find everything you need in one place. FREE shipping on orders $49+ and the BEST customer service!,231,immune support medication for pets,Compound Immune Support Medication For Pets,1,immune-support-medication-for-pets,True,True,False,False,True,False,False,False,53,337,2,,,,,,,1,1,22.0,0,0,1,0,1.0
Browse,Schema,FAQ schema missing,https://www.chewy.com/b/pet-urinary-tract-medicine-12244,True,Add FAQ schema where available; this is a nice-to-have.,,Compound Urinary Tract & Kidney Medication for Pets - Free shipping | Chewy,75,Shop Chewy for low prices and the best Urinary Tract & Kidneys! We carry a large selection and the top brands like American Journey and more. Find everything you need in one place. FREE shipping on orders $49+ and the BEST customer service!,240,,Compound Urinary Tract & Kidney Medication for Pets,1,pet-urinary-tract-medicine,True,True,False,False,True,False,False,False,47,343,2,,,,,,,,,,,,,,1.0
Browse,Schema,FAQ schema missing,https://www.chewy.com/b/pet-thyroid-hormone-medications-12243,True,Add FAQ schema where available; this is a nice-to-have.,,Compound Hormone & Thyroid Medications For Pets - Free shipping | Chewy,71,Shop Chewy for low prices and the best Thyroid & Hormone! We carry a large selection and the top brands like American Journey and more. Find everything you need in one place. FREE shipping on orders $49+ and the BEST customer service!,234,,Compound Hormone & Thyroid Medications For Pets,1,pet-thyroid-hormone-medications,True,True,False,False,True,False,False,False,216,333,2,,,,,,,,,,,,,,1.0
Browse,Schema,FAQ schema missing,https://www.chewy.com/b/pet-anxiety-medication-12236,True,Add FAQ schema where available; this is a nice-to-have.,,Compound Pet Anxiety Medication - Free shipping | Chewy,55,"Shop Chewy for low prices and the best Behavior & Anxiety! We carry a large selection and the top brands like Fluoxetine HCl Compounded, Amitriptyline HCl Compounded, and more. Find everything you need in one place. FREE shipping on orders $49+ and the BEST customer service!",275,,Compound Pet Anxiety Medication,1,pet-anxiety-medication,True,True,False,False,True,False,False,False,16,338,2,,,,,,,,,,,,,,1.0
Browse,Schema,FAQ schema missing,https://www.chewy.com/b/pet-antifungal-medicine-12235,True,Add FAQ schema where available; this is a nice-to-have.,,Compound Pet Antifungal Medicine - Free shipping | Chewy,56,Shop Chewy for low prices and the best Antifungal products! We carry a large selection and the top brands like American Journey and more. Find everything you need in one place. FREE shipping on orders $49+ and the BEST customer service!,236,pet antifungal medicine,Compound Pet Antifungal Medicine,1,pet-antifungal-medicine,True,True,False,False,True,False,False,False,13,329,2,,,,,,,1,1,24.0,0,0,1,0,1.0
Browse,Schema,FAQ schema missing,https://www.chewy.com/b/pet-seizure-medication-12242,True,Add FAQ schema where available; this is a nice-to-have.,,Compound Pet Seizure Medication - Free shipping | Chewy,55,Shop Chewy for low prices and the best Seizures & Epilepsy! We carry a large selection and the top brands like American Journey and more. Find everything you need in one place. FREE shipping on orders $49+ and the BEST customer service!,236,,Compound Pet Seizure Medication,1,pet-seizure-medication,True,True,False,False,True,False,False,False,12,322,2,,,,,,,,,,,,,,1.0
Browse,Schema,FAQ schema missing,https://www.chewy.com/b/toys-2288,True,Add FAQ schema where available; this is a nice-to-have.,,"Puppy Toys: Teething, Interactive & More (Free Shipping) | Chewy",64,"Shop Chewy for low prices on puppy toys and entertainers. We have a wide selection of puppy toys and entertainers including teething rings, plush toys, rope toys, chew toys and more to keep your pup happy and entertained. FREE shipping on orders $49+ and the BEST customer service!",281,puppy toys,Puppy Toys,1,toys,True,True,False,False,True,False,False,False,410,361,2,good,1547.0,needs,0.185,,,34,33,9.59,20,5,4,5,71.0
Browse,Schema,FAQ schema missing,https://www.chewy.com/b/shop-everyday-favorites-153038,True,Add FAQ schema where available; this is a nice-to-have.,,Shop Everyday Favorite Cat Food - Free shipping | Chewy,55,"Shop Chewy for low prices and the best Shop Everyday Favorites! We carry a large selection and the top brands like Fancy Feast, Friskies, and more. Find everything you need in one place. FREE shipping on orders $49+ and the BEST customer service!",246,cat food chewy,Shop Everyday Favorite Cat Food,1,shop-everyday-favorites,False,False,False,False,True,False,False,False,1080,357,2,,,,,,,3,3,,0,0,0,3,1.0
Browse,Schema,FAQ schema missing,https://www.chewy.com/b/oral-antibiotics-165630,True,Add FAQ schema where available; this is a nice-to-have.,,Prescription Oral Antibiotics For Cats - Free shipping | Chewy,62,"Shop Chewy for low prices and the best Oral Antibiotics! We carry a large selection and the top brands like Tylosin Compounded, Metronidazole Compounded, and more. Find everything you need in one place. FREE shipping on orders $49+ and the BEST customer service!",262,,Prescription Oral Antibiotics For Cats,1,oral-antibiotics,True,True,False,False,True,False,False,False,54,349,2,,,,,,,,,,,,,,5.0
Browse,Schema,FAQ schema missing,https://www.chewy.com/b/live-pond-plants-159542,True,Add FAQ schema where available; this is a nice-to-have.,,Live Pond Plants | Chewy,24,"Shop Chewy for low prices and the best Live Pond Plants! We carry a large selection and the top brands like Quinn's Fins, HydrOasis, and more. Find everything you need in one place. FREE shipping on orders $49+ and the BEST customer service!",241,,Live Pond Plants,1,live-pond-plants,True,True,False,False,True,False,False,False,25,352,2,,,,,,,,,,,,,,1.0
Browse,Schema,FAQ schema missing,https://www.chewy.com/b/liners-159630,True,Add FAQ schema where available; this is a nice-to-have.,,Pond Liner | Chewy,18,"Shop Chewy for low prices and the best Liners products! We carry a large selection and the top brands like Aquascape, Tetra, and more. Find everything you need in one place. FREE shipping on orders $49+ and the BEST customer service!",233,pond and aquarium liners,Pond Liners,1,liners,True,True,False,False,True,False,False,False,39,318,2,,,,,,,1,1,28.0,0,0,1,0,1.0
Browse,Schema,FAQ schema missing,https://www.chewy.com/b/pond-cleaning-supplies-168078,True,Add FAQ schema where available; this is a nice-to-have.,,Pond Cleaning Supplies - Free shipping | Chewy,46,Shop Chewy for low prices and the best Pond Cleaning Supplies! We carry a large selection and the top brands like American Journey and more. Find everything you need in one place. FREE shipping on orders $49+ and the BEST customer service!,239,,Pond Cleaning Supplies,1,pond-cleaning-supplies,True,True,False,False,True,False,False,False,27,351,2,,,,,,,,,,,,,,1.0
Browse,Schema,FAQ schema missing,https://www.chewy.com/b/kennels-9954,True,Add FAQ schema where available; this is a nice-to-have.,,Cat Kennels - Free shipping | Chewy,35,"Shop Chewy for low prices and the best Kennels products! We carry a large selection and the top brands like Petmate, Aspen Pet, and more. Find everything you need in one place. FREE shipping on orders $49+ and the BEST customer service!",236,,Cat Kennels,1,kennels,False,False,False,False,True,False,False,False,85,333,2,,,,,,,,,,,,,,
Browse,Schema,FAQ schema missing,https://www.chewy.com/b/car-accessories-1622,True,Add FAQ schema where available; this is a nice-to-have.,,"Cat Car Accessories: Belts, Barriers & Car Seats (Free Shipping) | Chewy",72,"Shop Chewy for low prices and the best cat car accessories! Whether you visit the vet down the street or you're traveling on a road trip, find all the car essentials you need to make your cat comfortable and safe. You'll find cat seat belts, seat covers, cat booster seats, car barriers and more for every cat at Chewy.com. *FREE* shipping on orders $49+ and the BEST customer service.",385,cat car accessories,Cat Car Accessories,1,car-accessories,True,True,False,False,True,False,False,False,55,353,2,good,1582.0,good,0.055,,,5,5,4.8,5,0,0,0,11.0
Browse,Schema,FAQ schema missing,https://www.chewy.com/b/cat-travel-bowls-1624,True,Add FAQ schema where available; this is a nice-to-have.,,Cat Travel Bowls & Bags: Collapsible & Portable (Free Shipping) | Chewy,71,"Shop Chewy for low prices and the best cat travel bowls and bags! Feeding your cat on the go is easy with cat travel bowls and bags. Be prepared for any trip with easily pack-able collapsible bowls, water bottle bowls, travel feeders and more. *FAST and FREE* shipping on orders $49+ and the BEST customer service.",314,cat travel bowls,Cat Travel Bowls & Water Bottles,1,cat-travel-bowls,True,True,False,False,True,False,False,False,40,351,2,,,,,,,7,7,1.57,7,0,0,0,2.0
Browse,Schema,FAQ schema missing,https://www.chewy.com/b/dresses-166270,True,Add FAQ schema where available; this is a nice-to-have.,,Dresses for Cats - Free shipping | Chewy,40,Shop Chewy for low prices and the best Dresses products! We carry a large selection and the top brands like American Journey and more. Find everything you need in one place. FREE shipping on orders $49+ and the BEST customer service!,233,dresses for cats,Dresses for Cats,1,dresses,True,False,False,False,True,False,False,False,94,334,2,,,,,,,1,1,6.0,1,0,0,0,5.0
Browse,Schema,FAQ schema missing,https://www.chewy.com/b/hoodies-166190,True,Add FAQ schema where available; this is a nice-to-have.,,Hoodies for Cats - Free shipping | Chewy,40,Shop Chewy for low prices and the best Hoodies products! We carry a large selection and the top brands like American Journey and more. Find everything you need in one place. FREE shipping on orders $49+ and the BEST customer service!,233,cat hoodie,Hoodies for Cats,1,hoodies,True,False,False,False,True,False,False,False,97,337,2,,,,,,,3,3,8.67,2,0,1,0,7.0
Browse,Schema,FAQ schema missing,https://www.chewy.com/b/u-40-insulin-syringes-165518,True,Add FAQ schema where available; this is a nice-to-have.,,U-40 Insulin Syringes for Dogs - Free shipping | Chewy,54,"Shop Chewy for low prices and the best U-40 Insulin Syringes! We carry a large selection and the top brands like UltiCare VetRx, VetOne, and more. Find everything you need in one place. FREE shipping on orders $49+ and the BEST customer service!",245,,U-40 Insulin Syringes for Dogs,1,u-40-insulin-syringes,True,True,False,False,True,False,False,False,23,322,2,,,,,,,,,,,,,,1.0
Browse,Schema,FAQ schema missing,https://www.chewy.com/b/paw-care-2398,True,Add FAQ schema where available; this is a nice-to-have.,,"Dog Paw Care: Wax, Balm, Lotion, Cream, Wipes (Free Shipping) | Chewy",69,"Shop Chewy for low prices on dog paw care products. We carry a wide selection of products to help heal and protect your dogs paws and pads like dog paw waxes, balms, lotions, creams and wipes. *FREE* shipping on orders $49+ and the BEST customer service!",254,dog paw care,Dog Paw Care,1,paw-care,True,True,False,False,True,False,False,False,70,363,2,good,1841.0,good,0.085,,,32,30,10.0,21,8,1,2,24.0
Browse,Schema,FAQ schema missing,https://www.chewy.com/b/itch-relief-166414,True,Add FAQ schema where available; this is a nice-to-have.,,Dog Itch Relief and Treatment - Free shipping | Chewy,53,"Shop Chewy for low prices and the best Itch Relief! We carry a large selection and the top brands like TropiClean, Zymox, and more. Find everything you need in one place. FREE shipping on orders $49+ and the BEST customer service!",230,,Dog Itch Relief and Treatment,1,itch-relief,True,True,False,False,True,False,False,False,50,351,2,,,,,,,,,,,,,,1.0
Browse,Schema,FAQ schema missing,https://www.chewy.com/b/powder-and-gel-food-for-reptiles-168798,True,Add FAQ schema where available; this is a nice-to-have.,,Powder and Gel Food for Reptiles - Free shipping | Chewy,56,"Shop Chewy for low prices and the best Powder and Gel! We carry a large selection and the top brands like Gargeer, Pangea, and more. Find everything you need in one place. FREE shipping on orders $49+ and the BEST customer service!",231,,Powder and Gel Food for Reptiles,1,powder-and-gel-food-for-reptiles,False,False,False,False,True,False,False,False,24,353,2,,,,,,,,,,,,,,1.0
Browse,Schema,FAQ schema missing,https://www.chewy.com/b/dog-ball-launcher-2331,True,Add FAQ schema where available; this is a nice-to-have.,,Dog Ball Launchers & Throwers: Automatic & More (Free Shipping) | Chewy,71,"Shop Chewy for low prices on dog launchers. We have a wide selection of dog launchers including automatic ball launchers, classic hand launchers, cannons, toy launchers from top brands like Nerf, iFetch and Chuckit that your pup will love. *FREE* shipping on orders $49+ and the BEST customer service!",301,dog ball launchers,Dog Ball Launchers,1,dog-ball-launcher,True,True,False,False,True,False,False,False,261,350,2,good,1903.0,good,0.015,,,16,15,11.0,11,3,2,0,46.0
Browse,Schema,FAQ schema missing,https://www.chewy.com/b/english-tack-169334,True,Add FAQ schema where available; this is a nice-to-have.,,English Tack | Chewy,20,"Shop Chewy for low prices and the best English Tack! We carry a large selection and the top brands like Horze, Equinavia, and more. Find everything you need in one place. FREE shipping on orders $49+ and the BEST customer service!",230,,English Tack,1,english-tack,True,True,False,False,True,False,False,False,1148,360,2,,,,,,,,,,,,,,1.0
Browse,Schema,FAQ schema missing,https://www.chewy.com/b/western-tack-and-saddlery-169206,True,Add FAQ schema where available; this is a nice-to-have.,,Western Tack & Saddlery | Chewy,31,"Shop Chewy for low prices and the best Western Tack! We carry a large selection and the top brands like Weaver Equine, Professional's Choice, and more. Find everything you need in one place. FREE shipping on orders $49+ and the BEST customer service!",250,,Western Tack,1,western-tack-and-saddlery,True,True,False,False,True,False,False,False,352,360,2,,,,,,,,,,,,,,1.0
Browse,Schema,FAQ schema missing,https://www.chewy.com/b/horse-girth-and-cinches-11468,True,Add FAQ schema where available; this is a nice-to-have.,,Horse Girth | Chewy,19,"Shop Chewy for low prices and the best Girths & Cinches! We carry a large selection and the top brands like Professional's Choice, Stubben, and more. Find everything you need in one place. FREE shipping on orders $49+ and the BEST customer service!",248,best horse girths and cinches,Horse Girths & Cinches,1,horse-girth-and-cinches,True,True,False,False,True,False,False,False,574,358,2,,,,,,,6,6,28.5,0,0,2,4,3.0
Browse,Schema,FAQ schema missing,https://www.chewy.com/b/horse-boots-and-wraps-11458,True,Add FAQ schema where available; this is a nice-to-have.,,Horse Boots & Wraps | Chewy,27,"Shop Chewy for low prices and the best Horse Boots & Wraps! We carry a large selection and the top brands like Equinavia, Scootboot, and more. Find everything you need in one place. FREE shipping on orders $49+ and the BEST customer service!",241,boots for horses,Horse Boots & Wraps,1,horse-boots-and-wraps,True,True,False,False,True,False,False,False,2370,367,2,,,,,,,1,1,24.0,0,0,1,0,1.0
Browse,Schema,FAQ schema missing,https://www.chewy.com/b/reins-382270,True,Add FAQ schema where available; this is a nice-to-have.,,Horse Reins | Chewy,19,"Shop Chewy for low prices and the best Reins products! We carry a large selection and the top brands like Weaver Equine, Shires Equestrian Products, and more. Find everything you need in one place. FREE shipping on orders $49+ and the BEST customer service!",257,,Horse Reins,1,reins,True,True,False,False,True,False,False,False,199,351,2,,,,,,,,,,,,,,1.0
Browse,Schema,FAQ schema missing,https://www.chewy.com/b/horse-tack-storage-and-cleaning-supplies-11466,True,Add FAQ schema where available; this is a nice-to-have.,,Horse Tack Storage | Chewy,26,"Shop Chewy for low prices and the best Tack Care & Storage! We carry a large selection and the top brands like Tough1, Horze, and more. Find everything you need in one place. FREE shipping on orders $49+ and the BEST customer service!",234,horse tack storage and cleaning supplies,Horse Tack Storage & Cleaning Supplies,1,horse-tack-storage-and-cleaning-supplies,False,False,False,False,True,False,False,False,124,356,2,,,,,,,2,1,1.0,1,0,0,1,1.0
Browse,Schema,FAQ schema missing,https://www.chewy.com/b/horse-saddlery-11445,True,Add FAQ schema where available; this is a nice-to-have.,,Saddlery | Chewy,16,"Shop Chewy for low prices and the best Saddle Pads! We carry a large selection and the top brands like Equinavia, TuffRider, and more. Find everything you need in one place. FREE shipping on orders $49+ and the BEST customer service!",233,horse saddles and saddle pads | chewy,Saddle Pads,1,horse-saddlery,True,True,False,False,True,False,False,False,472,357,2,,,,,,,1,1,,0,0,0,1,1.0
Browse,Schema,FAQ schema missing,https://www.chewy.com/b/english-bits-169366,True,Add FAQ schema where available; this is a nice-to-have.,,English Bits | Chewy,20,"Shop Chewy for low prices and the best English Bits! We carry a large selection and the top brands like Horze, Stubben, and more. Find everything you need in one place. FREE shipping on orders $49+ and the BEST customer service!",228,,English Bits,1,english-bits,True,True,False,False,True,False,False,False,107,352,2,,,,,,,,,,,,,,
Browse,Schema,FAQ schema missing,https://www.chewy.com/b/hoof-boots-3873846,True,Add FAQ schema where available; this is a nice-to-have.,,Hoof Boots | Chewy,18,"Shop Chewy for low prices and the best Hoof Boots! We carry a large selection and the top brands like Scootboot, EasyCare, and more. Find everything you need in one place. FREE shipping on orders $49+ and the BEST customer service!",231,,Hoof Boots,1,hoof-boots,False,False,False,False,True,False,False,False,68,351,2,,,,,,,,,,,,,,
Browse,Schema,FAQ schema missing,https://www.chewy.com/b/trail-riding-gear-171110,True,Add FAQ schema where available; this is a nice-to-have.,,Trail Riding Gear | Chewy,25,"Shop Chewy for low prices and the best Trail Riding Gear! We carry a large selection and the top brands like Weaver Equine, Kensington Protective Products, and more. Find everything you need in one place. FREE shipping on orders $49+ and the BEST customer service!",264,,Trail Riding Gear,1,trail-riding-gear,True,True,False,False,True,False,False,False,98,327,2,,,,,,,,,,,,,,1.0
Browse,Schema,FAQ schema missing,https://www.chewy.com/b/costumes-389894,True,Add FAQ schema where available; this is a nice-to-have.,,Costumes for Horses - Free shipping | Chewy,43,"Shop Chewy for low prices and the best Costumes products! We carry a large selection and the top brands like Tough1, Horze, and more. Find everything you need in one place. FREE shipping on orders $49+ and the BEST customer service!",232,,Costumes for Horses,1,costumes,True,True,False,False,True,False,False,False,62,331,2,,,,,,,,,,,,,,5.0
Browse,Schema,FAQ schema missing,https://www.chewy.com/b/horse-tack-accessories-3448438,True,Add FAQ schema where available; this is a nice-to-have.,,Horse Tack Accessories | Chewy,30,"Shop Chewy for low prices and the best Tack Accessories! We carry a large selection and the top brands like Tough1, Horze, and more. Find everything you need in one place. FREE shipping on orders $49+ and the BEST customer service!",231,horse tack accessories,Horse Tack Accessories,1,horse-tack-accessories,True,True,False,False,True,False,False,False,239,351,2,,,,,,,1,1,,0,0,0,1,1.0
Browse,Schema,FAQ schema missing,https://www.chewy.com/b/guinea-pig-carriers-2932102,True,Add FAQ schema where available; this is a nice-to-have.,,Guinea Pig Carriers - Free shipping | Chewy,43,"Shop Chewy for low prices and the best Carriers products! We carry a large selection and the top brands like Pet Gear, jansno, and more. Find everything you need in one place. FREE shipping on orders $49+ and the BEST customer service!",235,texel guinea pig carriers,Guinea Pig Carriers,1,guinea-pig-carriers,True,True,False,False,True,False,False,False,33,348,2,,,,,,,6,6,12.0,1,3,0,2,1.0
Browse,Schema,FAQ schema missing,https://www.chewy.com/b/guinea-pig-feeding-accessories-10913,True,Add FAQ schema where available; this is a nice-to-have.,,Guinea Pig Feeding Accessories | Chewy,38,"Shop Chewy for low prices and the best Feeders & Waterers! We carry a large selection and the top brands like Waggo, Lixit, and more. Find everything you need in one place. FREE shipping on orders $49+ and the BEST customer service!",232,feeders and waterers for your new pet guinea pig,Guinea Pig Water Bottles & Feeders,1,guinea-pig-feeding-accessories,False,False,False,False,True,False,False,False,66,357,2,,,,,,,3,3,10.0,1,0,0,2,1.0
Browse,Schema,FAQ schema missing,https://www.chewy.com/b/antidiarrheal-gi-support-165454,True,Add FAQ schema where available; this is a nice-to-have.,,Prescription Antidiarrheal & GI Support Medications for Dogs - Free shipping | Chewy,84,"Shop Chewy for low prices and the best Antidiarrheal & GI Support! We carry a large selection and the top brands like Metronidazole Compounded, Cisapride Compounded, and more. Find everything you need in one place. FREE shipping on orders $49+ and the BEST customer service!",274,,Prescription Antidiarrheal & GI Support Medications for Dogs,1,antidiarrheal-gi-support,True,True,False,False,True,False,False,False,36,339,2,,,,,,,,,,,,,,1.0
Browse,Schema,FAQ schema missing,https://www.chewy.com/b/oral-antifungals-165366,True,Add FAQ schema where available; this is a nice-to-have.,,Prescription Oral Antifungal & Ringworm Medications for Dogs - Free shipping | Chewy,84,"Shop Chewy for low prices and the best Oral Antifungals! We carry a large selection and the top brands like Fluconazole Compounded, Prednisolone Compounded, and more. Find everything you need in one place. FREE shipping on orders $49+ and the BEST customer service!",265,,Prescription Oral Antifungal & Ringworm Medications for Dogs,1,oral-antifungals,True,True,False,False,True,False,False,False,23,349,2,,,,,,,,,,,,,,1.0
Browse,Schema,FAQ schema missing,https://www.chewy.com/b/topical-antifungals-165374,True,Add FAQ schema where available; this is a nice-to-have.,,Prescription Antifungal Creams & Ointments for Dogs with Ringworm & Other Fungal Skin Conditions - Free shipping | Chewy,120,"Shop Chewy for low prices and the best Topical Antifungals! We carry a large selection and the top brands like Otomax, Animax, and more. Find everything you need in one place. FREE shipping on orders $49+ and the BEST customer service!",235,,Prescription Antifungal Creams & Ointments for Dogs with Ringworm & Other Fungal Skin Conditions,1,topical-antifungals,True,True,False,False,True,False,False,False,21,317,2,,,,,,,,,,,,,,1.0
Browse,Schema,FAQ schema missing,https://www.chewy.com/b/automatic-litter-box-8316,True,Add FAQ schema where available; this is a nice-to-have.,,Cat Automatic Litter Boxes - Free shipping | Chewy,50,"Shop Chewy for low prices and the best Automatic Litter Boxes! We carry a large selection and the top brands like PetSafe, PETKIT, and more. Find everything you need in one place. FREE shipping on orders $49+ and the BEST customer service!",239,chewy litter box,Cat Automatic Litter Boxes,1,automatic-litter-box,False,True,False,False,True,False,False,False,32,358,2,,,,,,,3,3,,0,0,0,3,3.0
Browse,Schema,FAQ schema missing,https://www.chewy.com/b/vacuums-steam-cleaners-127646,True,Add FAQ schema where available; this is a nice-to-have.,,Vacuum Cleaners - Free shipping | Chewy,39,"Shop Chewy for low prices and the best Vacuums & Steam Cleaners! We carry a large selection and the top brands like Shark, Bissell, and more. Find everything you need in one place. FREE shipping on orders $49+ and the BEST customer service!",240,,Vacuum Cleaners,1,vacuums-steam-cleaners,True,True,False,False,True,False,False,False,61,364,2,,,,,,,,,,,,,,1.0
Browse,Schema,FAQ schema missing,https://www.chewy.com/b/thyroid-support-165702,True,Add FAQ schema where available; this is a nice-to-have.,,Prescription Thyroid Support Medications For Cats - Free shipping | Chewy,73,"Shop Chewy for low prices and the best Thyroid Support! We carry a large selection and the top brands like Methimazole Compounded, Methimazole, and more. Find everything you need in one place. FREE shipping on orders $49+ and the BEST customer service!",252,,Prescription Thyroid Support Medications For Cats,1,thyroid-support,True,True,False,False,True,False,False,False,21,319,2,,,,,,,,,,,,,,1.0
Browse,Schema,FAQ schema missing,https://www.chewy.com/b/cat-skin-care-131718,True,Add FAQ schema where available; this is a nice-to-have.,,Cat Skin Care Supplies - Free shipping | Chewy,46,"Shop Chewy for low prices and the best Skin Care! We carry a large selection and the top brands like The Blissful Dog, Musher's Secret, and more. Find everything you need in one place. FREE shipping on orders $49+ and the BEST customer service!",244,best cat paw balm,Cat Skin Care Supplies,1,cat-skin-care,True,True,False,False,True,False,False,False,71,332,2,,,,,,,1,1,10.0,1,0,0,0,1.0
Browse,Schema,FAQ schema missing,https://www.chewy.com/b/dryers-166286,True,Add FAQ schema where available; this is a nice-to-have.,,Cat Dryers - Free shipping | Chewy,34,"Shop Chewy for low prices and the best Dryers products! We carry a large selection and the top brands like XPOWER, MetroVac, and more. Find everything you need in one place. FREE shipping on orders $49+ and the BEST customer service!",233,cat dryer,Cat Dryers,1,dryers,True,True,False,False,True,False,False,False,147,347,2,,,,,,,2,2,8.0,1,1,0,0,4.0
Browse,Schema,FAQ schema missing,https://www.chewy.com/b/brushes-166342,True,Add FAQ schema where available; this is a nice-to-have.,,Cat Brushes - Free shipping | Chewy,35,"Shop Chewy for low prices and the best Brushes products! We carry a large selection and the top brands like Bass Brushes, Pet Life, and more. Find everything you need in one place. FREE shipping on orders $49+ and the BEST customer service!",240,,Cat Brushes,1,brushes,True,True,False,False,True,False,False,False,165,354,2,,,,,,,,,,,,,,8.0
Browse,Schema,FAQ schema missing,https://www.chewy.com/b/ferret-litter-bedding-and-accessories-10923,True,Add FAQ schema where available; this is a nice-to-have.,,"Ferret Litter, Bedding & Accessories | Chewy",44,"Shop Chewy for low prices and the best Bedding, Litter & Accessories! We carry a large selection and the top brands like Pet House, Kaytee, and more. Find everything you need in one place. FREE shipping on orders $49+ and the BEST customer service!",248,ferret litter bedding and accessories,"Ferret Bedding, Litter & Accessories",1,ferret-litter-bedding-and-accessories,False,False,False,False,True,False,False,False,55,366,2,,,,,,,2,2,,0,0,0,2,1.0
Browse,Schema,FAQ schema missing,https://www.chewy.com/b/ferret-grooming-and-cleaning-10943,True,Add FAQ schema where available; this is a nice-to-have.,,Ferret Grooming & Cleaning | Chewy,34,"Shop Chewy for low prices and the best Grooming & Cleaning! We carry a large selection and the top brands like Master Grooming Tools, Resco, and more. Find everything you need in one place. FREE shipping on orders $49+ and the BEST customer service!",249,ferret grooming,Ferret Grooming & Cleaning,1,ferret-grooming-and-cleaning,True,True,False,False,True,False,False,False,16,354,2,,,,,,,3,3,9.0,2,1,0,0,1.0
Browse,Schema,FAQ schema missing,https://www.chewy.com/b/ferret-water-bottles-and-feeders-10935,True,Add FAQ schema where available; this is a nice-to-have.,,Ferret Water Bottles & Feeders | Chewy,38,"Shop Chewy for low prices and the best Water Bottles & Feeders! We carry a large selection and the top brands like Waggo, Lixit, and more. Find everything you need in one place. FREE shipping on orders $49+ and the BEST customer service!",237,ferret water bottles,Ferret Water Bottles & Feeders,1,ferret-water-bottles-and-feeders,True,True,False,False,True,False,False,False,23,358,2,,,,,,,4,4,3.25,4,0,0,0,3.0
Browse,Schema,FAQ schema missing,https://www.chewy.com/b/ferret-cage-accessories-3408302,True,Add FAQ schema where available; this is a nice-to-have.,,Ferret Cage Accessories & Extensions - Free shipping | Chewy,60,"Shop Chewy for low prices and the best Cage Accessories & Extensions! We carry a large selection and the top brands like MidWest, CrazyCritterThings, and more. Find everything you need in one place. FREE shipping on orders $49+ and the BEST customer service!",258,ferret cage extensions,Ferret Cage Accessories & Extensions,1,ferret-cage-accessories,True,True,False,False,True,False,False,False,20,330,2,,,,,,,1,1,4.0,1,0,0,0,1.0
Browse,Schema,FAQ schema missing,https://www.chewy.com/b/small-animal-enrichment-3949006,True,Add FAQ schema where available; this is a nice-to-have.,,Small Animal Enrichment | Chewy,31,"Shop Chewy for low prices and the best Enrichment products! We carry a large selection and the top brands like Piggy Poo and Crew, Oxbow, and more. Find everything you need in one place. FREE shipping on orders $49+ and the BEST customer service!",246,,Small Animal Enrichment,1,small-animal-enrichment,True,True,False,False,True,False,False,False,164,351,2,,,,,,,,,,,,,,
Browse,Schema,FAQ schema missing,https://www.chewy.com/b/exercise-wheels-balls-2385,True,Add FAQ schema where available; this is a nice-to-have.,,Small Animal Exercise Wheel | Chewy,35,Shop Chewy for low prices on the best small pet exercise wheels and balls. We carry a wide selection of exercise wheels and balls for hamsters and other small pets. Give your small pet a place to exercise and stay entertained. *FREE* shipping on orders $49+ and the BEST customer service!,288,small animal exercise wheels and balls,Small Animal Exercise Wheels & Balls,1,exercise-wheels-balls,True,True,False,False,True,False,False,False,109,349,2,,,,,,,2,2,16.5,1,0,1,0,1.0
Browse,Schema,FAQ schema missing,https://www.chewy.com/b/small-pet-beds-hideouts-and-mats-1005,True,Add FAQ schema where available; this is a nice-to-have.,,"Small Pet Beds, Hideouts & Mats | Chewy",39,"Shop Chewy for low prices and a wide selection of the best small pet beds, hideouts and toys that are perfect for your chinchilla, rabbit, guinea pig, ferret, rat, gerbil or any other small pet. Chewy has everything you need to care for your small pet.*FREE* shipping on orders $49+ and the BEST customer service.",313,small animal bed,"Small Animal Beds, Hideouts & Mats",1,small-pet-beds-hideouts-and-mats,True,True,False,False,True,False,False,False,277,381,2,,,,,,,5,5,2.5,4,0,0,1,2.0
Browse,Schema,FAQ schema missing,https://www.chewy.com/b/kidney-care-cat-food-12259,True,Add FAQ schema where available; this is a nice-to-have.,,Kidney Care Cat Food - Free Shipping | Chewy,44,"Shop Chewy for low prices and the best Kidney Care! We carry a large selection and the top brands like Hill's Prescription Diet, Royal Canin Veterinary Diet, and more. Find everything you need in one place. FREE shipping on orders $49+ and the BEST customer service!",266,chewy prescription cat food,Veterinary Diet Cat Food for Kidney Care,1,kidney-care-cat-food,False,False,False,False,True,False,False,False,48,361,2,good,2002.0,good,0.07,,,1,1,,0,0,0,1,9.0
Browse,Schema,FAQ schema missing,https://www.chewy.com/b/gastrointestinal-cat-food-12267,True,Add FAQ schema where available; this is a nice-to-have.,,Gastrointestinal Cat Food - Free Shipping | Chewy,49,"Shop Chewy for low prices and the best Digestive Health! We carry a large selection and the top brands like Purina Pro Plan Veterinary Diets, Hill's Prescription Diet, and more. Find everything you need in one place. FREE shipping on orders $49+ and the BEST customer service!",276,gastrointestinal cat food,Veterinary Diet Cat Food for Digestive Health,1,gastrointestinal-cat-food,True,True,False,False,True,False,False,False,52,354,2,good,2195.0,good,0.045,,,8,8,11.75,4,3,1,0,7.0
Browse,Schema,FAQ schema missing,https://www.chewy.com/b/weight-management-cat-food-12274,True,Add FAQ schema where available; this is a nice-to-have.,,Weight Management Cat Food - Free Shipping | Chewy,50,"Shop Chewy for low prices and the best Weight Management! We carry a large selection and the top brands like Hill's Prescription Diet, Royal Canin Veterinary Diet, and more. Find everything you need in one place. FREE shipping on orders $49+ and the BEST customer service!",272,veterinary diet cat food for weight management on sale,Veterinary Diet Cat Food for Weight Management,1,weight-management-cat-food,True,True,False,False,True,False,False,False,83,354,2,,,,,,,14,13,14.6,5,2,3,4,4.0
Browse,Schema,FAQ schema missing,https://www.chewy.com/b/skin-and-coat-cat-food-12262,True,Add FAQ schema where available; this is a nice-to-have.,,Skin And Coat Cat Food - Free Shipping | Chewy,46,"Shop Chewy for low prices and the best Skin & Coat Health! We carry a large selection and the top brands like Royal Canin Veterinary Diet, Hill's Prescription Diet, and more. Find everything you need in one place. FREE shipping on orders $49+ and the BEST customer service!",273,veterinary diet wet cat food for skin and coat health,Veterinary Diet Cat Food for Skin & Coat Health,1,skin-and-coat-cat-food,True,True,False,False,True,False,False,False,23,333,2,,,,,,,4,3,11.0,1,2,0,1,1.0
Browse,Schema,FAQ schema missing,https://www.chewy.com/b/chew-toys-116518,True,Add FAQ schema where available; this is a nice-to-have.,,Chew Toys for Puppies (Free Shipping) | Chewy,45,"Shop Chewy for low prices and the best Chew Toys! We carry a large selection and the top brands like Nylabone, KONG, and more. Find everything you need in one place. FREE shipping on orders $49+ and the BEST customer service!",225,,Puppy Chew Toys,1,chew-toys,True,True,False,False,True,False,False,False,273,344,2,,,,,,,,,,,,,,1.0
Browse,Schema,FAQ schema missing,https://www.chewy.com/b/tech-gps-tracker-tags-125822,True,Add FAQ schema where available; this is a nice-to-have.,,Cat Tech & GPS Tracker Tags - Free shipping | Chewy,51,Shop Chewy for low prices and the best Tech & GPS Tracker Tags! We carry a large selection and the top brands like American Journey and more. Find everything you need in one place. FREE shipping on orders $49+ and the BEST customer service!,240,top rated cat leashes collars bowls and id tags by chewy,Cat Tech & GPS Tracker Tags,1,tech-gps-tracker-tags,True,True,False,False,True,False,False,False,119,342,2,,,,,,,1,1,26.0,0,0,1,0,1.0
Browse,Schema,FAQ schema missing,https://www.chewy.com/b/harnesses-166422,True,Add FAQ schema where available; this is a nice-to-have.,,Cat Harnesses - Free shipping | Chewy,37,"Shop Chewy for low prices and the best Harnesses products! We carry a large selection and the top brands like LupinePet, Picket Protector, and more. Find everything you need in one place. FREE shipping on orders $49+ and the BEST customer service!",247,,Cat Harnesses,1,harnesses,True,True,False,False,True,False,False,False,424,352,2,,,,,,,,,,,,,,6.0
Browse,Schema,FAQ schema missing,https://www.chewy.com/b/weight-management-dog-food-11241,True,Add FAQ schema where available; this is a nice-to-have.,,Best Weight Management Dog Food: Vet Approved (Free Shipping) | Chewy,69,"Shop Chewy for low prices and the best Weight Management! We carry a large selection and the top brands like Hill's Prescription Diet, Royal Canin Veterinary Diet, and more. Find everything you need in one place. FREE shipping on orders $49+ and the BEST customer service!",272,deals on veterinary diet dog treats for weight management,Veterinary Diet Weight Management Dog Food,1,weight-management-dog-food,False,False,False,False,True,False,False,False,46,353,2,,,,,,,1,1,27.0,0,0,1,0,3.0
Browse,Schema,FAQ schema missing,https://www.chewy.com/b/skin-and-coat-dog-food-10769,True,Add FAQ schema where available; this is a nice-to-have.,,Best Skin & Coat Health Dog Food: Vet Approved (Free Shipping) | Chewy,70,"Shop Chewy for low prices and the best Skin & Coat Health! We carry a large selection and the top brands like Royal Canin Veterinary Diet, Hill's Prescription Diet, and more. Find everything you need in one place. FREE shipping on orders $49+ and the BEST customer service!",273,veterinary diet wet dog food for skin and coat health,Veterinary Diet Dog Food for Skin & Coat Health,1,skin-and-coat-dog-food,True,True,False,False,True,False,False,False,164,351,2,,,,,,,2,2,8.0,1,0,0,1,1.0
Browse,Schema,FAQ schema missing,https://www.chewy.com/b/liver-care-dog-food-10774,True,Add FAQ schema where available; this is a nice-to-have.,,Best Heart & Liver Health Dog Food: Vet Approved (Free Shipping) | Chewy,72,"Shop Chewy for low prices and the best Heart & Liver Care! We carry a large selection and the top brands like Hill's Prescription Diet, Royal Canin Veterinary Diet, and more. Find everything you need in one place. FREE shipping on orders $49+ and the BEST customer service!",273,veterinary diet fresh and prepared dog food for heart and liver care,Veterinary Diet Dog Food for Heart & Liver Care,1,liver-care-dog-food,True,True,False,False,True,False,False,False,33,340,2,,,,,,,4,4,1.5,4,0,0,0,1.0
Browse,Schema,FAQ schema missing,https://www.chewy.com/b/diabetic-support-10771,True,Add FAQ schema where available; this is a nice-to-have.,,Best Diabetic Support Dog Food: Vet Recommended (Free Shipping) | Chewy,71,"Shop Chewy for low prices and the best Diabetic Support! We carry a large selection and the top brands like Hill's Prescription Diet, Royal Canin Veterinary Diet, and more. Find everything you need in one place. FREE shipping on orders $49+ and the BEST customer service!",271,veterinary diet dog food for diabetes,Veterinary Diet Dog Food for Diabetes,1,diabetic-support,True,True,False,False,True,False,False,False,29,323,2,,,,,,,12,11,6.2,8,2,0,2,12.0
Browse,Schema,FAQ schema missing,https://www.chewy.com/b/aging-care-dog-food-11429,True,Add FAQ schema where available; this is a nice-to-have.,,Vet Recommended Senior Dog Food - Free Shipping | Chewy,55,Shop Chewy for low prices and the best Aging Care! We carry a large selection and the top brands like Royal Canin Veterinary Diet and more. Find everything you need in one place. FREE shipping on orders $49+ and the BEST customer service!,238,deals on veterinary diet dog food for aging care,Veterinary Diet Dog Food for Aging Care,1,aging-care-dog-food,False,False,False,False,True,False,False,False,33,321,2,,,,,,,4,3,9.0,1,0,0,3,1.0
Browse,Schema,FAQ schema missing,https://www.chewy.com/b/calming-dog-food-10778,True,Add FAQ schema where available; this is a nice-to-have.,,Best Calming Dog Food: Vet Approved Calming Food (Free Shipping) | Chewy,72,Shop Chewy for low prices and the best Calming Care! We carry a large selection and the top brands like Royal Canin Veterinary Diet and more. Find everything you need in one place. FREE shipping on orders $49+ and the BEST customer service!,240,,Veterinary Diet Dog Food for Calming Care,1,calming-dog-food,True,True,False,False,True,False,False,False,22,315,2,,,,,,,,,,,,,,1.0
Browse,Schema,FAQ schema missing,https://www.chewy.com/b/dog-food-for-brain-health-10777,True,Add FAQ schema where available; this is a nice-to-have.,,Best Brain & Aging Health Dog Food: Vet Approved (Free Shipping) | Chewy,72,"Shop Chewy for low prices and the best Brain Health! We carry a large selection and the top brands like Purina Pro Plan Veterinary Diets, Hill's Prescription Diet, and more. Find everything you need in one place. FREE shipping on orders $49+ and the BEST customer service!",272,deals on veterinary diet dog food for brain health,Veterinary Diet Dog Food for Brain Health,1,dog-food-for-brain-health,True,True,False,False,True,False,False,False,28,317,2,,,,,,,2,2,,0,0,0,2,1.0
Browse,Schema,FAQ schema missing,https://www.chewy.com/b/recovery-10776,True,Add FAQ schema where available; this is a nice-to-have.,,Best Recovery Dog Food: Vet Approved Recovery Food (Free Shipping) | Chewy,74,"Shop Chewy for low prices and the best Recovery products! We carry a large selection and the top brands like Farmina Vet Life, Hill's Prescription Diet, and more. Find everything you need in one place. FREE shipping on orders $49+ and the BEST customer service!",261,veterinary diet dog food for recovery,Veterinary Diet Dog Food for Recovery,1,recovery,True,True,False,False,True,False,False,False,29,318,2,,,,,,,6,5,2.5,2,0,0,4,4.0
Browse,Schema,FAQ schema missing,https://www.chewy.com/b/limited-ingredient-diet-11492,True,Add FAQ schema where available; this is a nice-to-have.,,Limited Ingredient Diet Soft & Chewy Treats For Dogs - Free shipping | Chewy,76,"Shop Chewy for low prices and the best Limited Ingredient Diet! We carry a large selection and the top brands like Bocce's Bakery, EcoKind, and more. Find everything you need in one place. FREE shipping on orders $49+ and the BEST customer service!",248,limited ingredient diet soft and chewy treats for dogs,Limited Ingredient Diet Soft & Chewy Treats For Dogs,1,limited-ingredient-diet,False,False,False,False,True,False,False,False,269,357,2,,,,,,,2,2,1.0,1,0,0,1,1.0
Browse,Schema,FAQ schema missing,https://www.chewy.com/b/feeder-insect-supplies-3859614,True,Add FAQ schema where available; this is a nice-to-have.,,Feeder Insect Supplies - Free shipping | Chewy,46,"Shop Chewy for low prices and the best Feeder Insect Supplies! We carry a large selection and the top brands like Fluker's, ABDragons, and more. Find everything you need in one place. FREE shipping on orders $49+ and the BEST customer service!",243,,Feeder Insect Supplies,1,feeder-insect-supplies,True,True,False,False,True,False,False,False,6,348,2,,,,,,,,,,,,,,1.0
Browse,Schema,FAQ schema missing,https://www.chewy.com/b/reptile-feeder-insect-bundles-4322870,True,Add FAQ schema where available; this is a nice-to-have.,,Live Feeder Insect Meal Plans & Bundles - Free shipping | Chewy,63,"Shop Chewy for low prices and the best Feeder Insect Meal Plans & Bundles! We carry a large selection and the top brands like Fluker's, ABDragons, and more. Find everything you need in one place. FREE shipping on orders $49+ and the BEST customer service!",255,,Live Feeder Insect Meal Plans & Bundles,1,reptile-feeder-insect-bundles,True,True,False,False,True,False,False,False,10,347,2,,,,,,,,,,,,,,1.0
Browse,Schema,FAQ schema missing,https://www.chewy.com/b/insect-gutloaders-4320142,True,Add FAQ schema where available; this is a nice-to-have.,,Insect Gutloaders - Free shipping | Chewy,41,"Shop Chewy for low prices and the best Insect Gutloaders! We carry a large selection and the top brands like Fluker's, ABDragons, and more. Find everything you need in one place. FREE shipping on orders $49+ and the BEST customer service!",238,,Insect Gutloaders,1,insect-gutloaders,True,True,False,False,True,False,False,False,12,319,2,,,,,,,,,,,,,,1.0
Browse,Schema,FAQ schema missing,https://www.chewy.com/b/highest-quality-kitten-food-583350,True,Add FAQ schema where available; this is a nice-to-have.,,Highest Quality Kitten Food - Free shipping | Chewy,51,"Shop Chewy for low prices and the best Highest Quality Kitten Food! We carry a large selection and the top brands like Nulo, Tiki Cat, and more. Find everything you need in one place. FREE shipping on orders $49+ and the BEST customer service!",243,best kitten food brands,Highest Quality Kitten Food,1,highest-quality-kitten-food,True,True,False,False,True,False,False,False,15,353,2,,,,,,,1,1,,0,0,0,1,2.0
Browse,Schema,FAQ schema missing,https://www.chewy.com/b/fly-spray-and-tick-control-for-sheep-389934,True,Add FAQ schema where available; this is a nice-to-have.,,Fly Spray & Tick Control for Sheep | Chewy,42,"Shop Chewy for low prices and the best Fly Spray & Tick Control for Sheep! We carry a large selection and the top brands like Absorbine, UltraCruz, and more. Find everything you need in one place. FREE shipping on orders $49+ and the BEST customer service!",256,,Fly Spray & Tick Control for Sheep,1,fly-spray-and-tick-control-for-sheep,True,True,False,False,True,False,False,False,7,321,2,,,,,,,,,,,,,,1.0
Browse,Schema,FAQ schema missing,https://www.chewy.com/b/sheep-first-aid-kits-and-wound-care-389942,True,Add FAQ schema where available; this is a nice-to-have.,,Sheep First Aid Kits & Wound Care | Chewy,41,"Shop Chewy for low prices and the best Sheep First Aid Kits & Wound Care! We carry a large selection and the top brands like Curicyn, Dr. Naylor, and more. Find everything you need in one place. FREE shipping on orders $49+ and the BEST customer service!",254,,Sheep First Aid Kits & Wound Care,1,sheep-first-aid-kits-and-wound-care,True,True,False,False,True,False,False,False,7,321,2,,,,,,,,,,,,,,1.0
Browse,Schema,FAQ schema missing,https://www.chewy.com/b/dewormer-sheep-769686,True,Add FAQ schema where available; this is a nice-to-have.,,Dewormer for Sheep - Free shipping | Chewy,42,Shop Chewy for low prices and the best Dewormer for Sheep! We carry a large selection and the top brands like Durvet and more. Find everything you need in one place. FREE shipping on orders $49+ and the BEST customer service!,225,,Dewormer for Sheep,1,dewormer-sheep,True,True,False,False,True,False,False,False,7,314,2,,,,,,,,,,,,,,1.0
Browse,Schema,FAQ schema missing,https://www.chewy.com/b/hamster-feeders-bowls-and-water-bottles-10957,True,Add FAQ schema where available; this is a nice-to-have.,,"Hamster Feeders, Bowls & Water Bottles | Chewy",46,"Shop Chewy for low prices and the best Water Bottles & Feeders! We carry a large selection and the top brands like Lixit, Choco Nose, and more. Find everything you need in one place. FREE shipping on orders $49+ and the BEST customer service!",242,hamster feeders bowls and water bottles,Hamster Water Bottles & Feeders,1,hamster-feeders-bowls-and-water-bottles,True,True,False,False,True,False,False,False,58,343,2,,,,,,,1,1,3.0,1,0,0,0,1.0
Browse,Schema,FAQ schema missing,https://www.chewy.com/b/science-backed-formulas-132982,True,Add FAQ schema where available; this is a nice-to-have.,,Shop by Health Condition - Free shipping | Chewy,48,"Shop Chewy for low prices and the best Health Condition! We carry a large selection and the top brands like Hill's Science Diet, Purina Pro Plan, and more. Find everything you need in one place. FREE shipping on orders $49+ and the BEST customer service!",254,,Shop by Health Condition,1,science-backed-formulas,True,True,False,False,True,False,False,False,327,358,2,,,,,,,,,,,,,,
Browse,Schema,FAQ schema missing,https://www.chewy.com/b/shop-everyday-favorites-139742,True,Add FAQ schema where available; this is a nice-to-have.,,Everyday Favorites - Free shipping | Chewy,42,"Shop Chewy for low prices and the best Shop Everyday Favorites! We carry a large selection and the top brands like Pedigree, Cesar, and more. Find everything you need in one place. FREE shipping on orders $49+ and the BEST customer service!",240,,Everyday Favorites,1,shop-everyday-favorites,False,False,False,False,True,False,False,False,329,363,2,,,,,,,,,,,,,,1.0
Browse,Schema,FAQ schema missing,https://www.chewy.com/b/seeds-127486,True,Add FAQ schema where available; this is a nice-to-have.,,Seeds & Seed Blends for Birds - Free shipping | Chewy,53,"Shop Chewy for low prices and the best Seeds & Seed Blends! We carry a large selection and the top brands like Higgins, Brown's, and more. Find everything you need in one place. FREE shipping on orders $49+ and the BEST customer service!",237,chewy bird food,Seeds & Seed Blends for Birds,1,seeds,True,True,False,False,True,False,False,False,47,358,2,,,,,,,1,1,25.0,0,0,1,0,1.0
Browse,Schema,FAQ schema missing,https://www.chewy.com/b/pellets-127478,True,Add FAQ schema where available; this is a nice-to-have.,,Food Pellets for Pet Birds - Free shipping | Chewy,50,"Shop Chewy for low prices and the best Pellets products! We carry a large selection and the top brands like Lafeber, ZuPreem, and more. Find everything you need in one place. FREE shipping on orders $49+ and the BEST customer service!",234,,Food Pellets for Pet Birds,1,pellets,True,True,False,False,True,False,False,False,37,344,2,,,,,,,,,,,,,,
Browse,Schema,FAQ schema missing,https://www.chewy.com/b/hand-feeding-formula-3859622,True,Add FAQ schema where available; this is a nice-to-have.,,Hand Feeding Formula for Birds - Free shipping | Chewy,54,"Shop Chewy for low prices and the best Hand Feeding Formula! We carry a large selection and the top brands like Kaytee, Harrison's Bird Foods, and more. Find everything you need in one place. FREE shipping on orders $49+ and the BEST customer service!",251,,Hand Feeding Formula for Birds,1,hand-feeding-formula,True,True,False,False,True,False,False,False,46,334,2,,,,,,,,,,,,,,1.0
Browse,Schema,FAQ schema missing,https://www.chewy.com/b/foraging-treats-389854,True,Add FAQ schema where available; this is a nice-to-have.,,Foraging Treats for Birds - Free shipping | Chewy,49,"Shop Chewy for low prices and the best Foraging Treats! We carry a large selection and the top brands like Kaytee, Caitec, and more. Find everything you need in one place. FREE shipping on orders $49+ and the BEST customer service!",231,,Foraging Treats for Birds,1,foraging-treats,True,True,False,False,True,False,False,False,58,346,2,,,,,,,,,,,,,,
Browse,Schema,FAQ schema missing,https://www.chewy.com/b/air-dried-treats-164766,True,Add FAQ schema where available; this is a nice-to-have.,,Air Dried Dog Treats - Free Shipping | Chewy,44,"Shop Chewy for low prices and the best Air-Dried Treats! We carry a large selection and the top brands like Earth Animal, Great Jack's, and more. Find everything you need in one place. FREE shipping on orders $49+ and the BEST customer service!",244,,Air-Dried Dog Treats,1,air-dried-treats,True,True,False,False,True,False,False,False,76,330,2,,,,,,,,,,,,,,1.0
Browse,Schema,FAQ schema missing,https://www.chewy.com/b/window-bird-feeders-137990,True,Add FAQ schema where available; this is a nice-to-have.,,Window Bird Feeders - Free shipping | Chewy,43,"Shop Chewy for low prices and the best Window products! We carry a large selection and the top brands like Sweet Feeders, North States, and more. Find everything you need in one place. FREE shipping on orders $49+ and the BEST customer service!",244,,Window Bird Feeders,1,window-bird-feeders,True,True,False,False,True,False,False,False,15,331,2,,,,,,,,,,,,,,4.0
Browse,Schema,FAQ schema missing,https://www.chewy.com/b/rat-hideouts-beds-and-mats-10971,True,Add FAQ schema where available; this is a nice-to-have.,,"Rat Hideouts, Beds & Mats | Chewy",33,"Shop Chewy for low prices and the best Rat Hideouts, Beds & Mats! We carry a large selection and the top brands like Frisco, NonoPets, and more. Find everything you need in one place. FREE shipping on orders $49+ and the BEST customer service!",243,rat hideouts beds and mats,"Rat Hideouts, Beds & Mats",1,rat-hideouts-beds-and-mats,True,True,False,False,True,False,False,False,57,364,2,,,,,,,6,6,4.0,5,1,0,0,1.0
Browse,Schema,FAQ schema missing,https://www.chewy.com/b/rat-health-and-wellness-4322846,True,Add FAQ schema where available; this is a nice-to-have.,,Rat Health & Wellness - Free shipping | Chewy,45,"Shop Chewy for low prices and the best Health & Wellness! We carry a large selection and the top brands like Botanical Animal Flower Essences, Oxbow, and more. Find everything you need in one place. FREE shipping on orders $49+ and the BEST customer service!",258,,Rat Health & Wellness,1,rat-health-and-wellness,True,True,False,False,True,False,False,False,26,350,2,,,,,,,,,,,,,,1.0
Browse,Schema,FAQ schema missing,https://www.chewy.com/b/plush-toys-116526,True,Add FAQ schema where available; this is a nice-to-have.,,Plush Toys & Stuffed Animals for Puppies (Free Shipping) | Chewy,64,"Shop Chewy for low prices and the best Plush Toys! We carry a large selection and the top brands like Snuggle Puppy, Atomic Bubbles, and more. Find everything you need in one place. FREE shipping on orders $49+ and the BEST customer service!",241,,Plush Toys for Puppies,1,plush-toys,True,True,False,False,True,False,False,False,267,343,2,,,,,,,,,,,,,,2.0
Browse,Schema,FAQ schema missing,https://www.chewy.com/b/dog-vet-verified-vs-606302,True,Add FAQ schema where available; this is a nice-to-have.,,Dog Vet Verified Vitamins & Supplements - Free shipping | Chewy,63,"Shop Chewy for low prices and the best Vet Verified! We carry a large selection and the top brands like Nutramax, VetriScience, and more. Find everything you need in one place. FREE shipping on orders $49+ and the BEST customer service!",236,,Dog Vet Verified Vitamins & Supplements,1,dog-vet-verified-vs,,False,False,False,True,False,False,False,476,336,2,,,,,,,,,,,,,,
Browse,Schema,FAQ schema missing,https://www.chewy.com/b/lawn-protection-121334,True,Add FAQ schema where available; this is a nice-to-have.,,Lawn Protection Supplements for Dogs - Free shipping | Chewy,60,"Shop Chewy for low prices and the best Lawn Protection! We carry a large selection and the top brands like NaturVet, Pet Honesty, and more. Find everything you need in one place. FREE shipping on orders $49+ and the BEST customer service!",238,deals on lawn protection supplements for dogs,Lawn Protection Supplements for Dogs,1,lawn-protection,True,True,False,False,True,False,False,False,400,332,2,,,,,,,2,2,2.0,2,0,0,0,1.0
Browse,Schema,FAQ schema missing,https://www.chewy.com/b/trial-size-dog-food-145046,True,Add FAQ schema where available; this is a nice-to-have.,,Trial Size Dry Dog Food - Free Shipping | Chewy,47,"Shop Chewy for low prices and the best Trial Size! We carry a large selection and the top brands like Royal Canin, Blue Buffalo, and more. Find everything you need in one place. FREE shipping on orders $49+ and the BEST customer service!",237,trial size dry dog food on sale,Trial Size Dry Dog Food,1,trial-size-dog-food,True,True,False,False,True,False,False,False,610,355,2,,,needs,0.22000000000000003,,,4,4,1.5,2,0,0,2,19.0
Browse,Schema,FAQ schema missing,https://www.chewy.com/b/science-backed-formulas-132958,True,Add FAQ schema where available; this is a nice-to-have.,,Shop by Health Condition - Free shipping | Chewy,48,"Shop Chewy for low prices and the best Health Condition! We carry a large selection and the top brands like Royal Canin, Hill's Science Diet, and more. Find everything you need in one place. FREE shipping on orders $49+ and the BEST customer service!",250,,Shop by Health Condition,1,science-backed-formulas,True,True,False,False,True,False,False,False,374,359,2,,,,,,,,,,,,,,1.0
Browse,Schema,FAQ schema missing,https://www.chewy.com/b/shop-everyday-favorites-139726,True,Add FAQ schema where available; this is a nice-to-have.,,Everyday Favorites - Free shipping | Chewy,42,"Shop Chewy for low prices and the best Shop Everyday Favorites! We carry a large selection and the top brands like VICTOR, Blue Buffalo, and more. Find everything you need in one place. FREE shipping on orders $49+ and the BEST customer service!",245,,Everyday Favorites,1,shop-everyday-favorites,False,True,False,False,True,False,False,False,369,356,2,,,,,,,,,,,,,,1.0
Browse,Schema,FAQ schema missing,https://www.chewy.com/b/aquarium-and-fish-tank-sumps-168030,True,Add FAQ schema where available; this is a nice-to-have.,,Aquarium & Fish Tank Sumps & Refugium | Chewy,45,"Shop Chewy for low prices and the best Sumps and Refugiums! We carry a large selection and the top brands like Fiji Cube, Pro Clear Aquatic Systems, and more. Find everything you need in one place. FREE shipping on orders $49+ and the BEST customer service!",257,,Aquarium & Fish Tank Sumps & Refugium,1,aquarium-and-fish-tank-sumps,True,True,False,False,True,False,False,False,65,339,2,,,,,,,,,,,,,,1.0
Browse,Schema,FAQ schema missing,https://www.chewy.com/b/aquarium-circulation-pump-2947102,True,Add FAQ schema where available; this is a nice-to-have.,,Aquarium & Fish Tank Circulation Pump | Chewy,45,"Shop Chewy for low prices and the best Circulating Pumps! We carry a large selection and the top brands like Hydor, Jebao, and more. Find everything you need in one place. FREE shipping on orders $49+ and the BEST customer service!",231,,Aquarium & Fish Tank Circulation Pumps,1,aquarium-circulation-pump,True,True,False,False,True,False,False,False,72,352,2,,,,,,,,,,,,,,1.0
Browse,Schema,FAQ schema missing,https://www.chewy.com/b/saltwater-fish-filters-and-media-116070,True,Add FAQ schema where available; this is a nice-to-have.,,Saltwater Aquarium & Fish Tank Filtration | Chewy,49,"Shop Chewy for low prices and the best Saltwater Fish Filters & Media! We carry a large selection and the top brands like Fluval, Marineland, and more. Find everything you need in one place. FREE shipping on orders $49+ and the BEST customer service!",250,,Saltwater Fish Filters & Media,1,saltwater-fish-filters-and-media,True,True,False,False,True,False,False,False,180,359,2,,,,,,,,,,,,,,1.0
Browse,Schema,FAQ schema missing,https://www.chewy.com/b/saltwater-aquarium-water-test-kits-166766,True,Add FAQ schema where available; this is a nice-to-have.,,Saltwater Aquarium Water Test Kits | Chewy,42,"Shop Chewy for low prices and the best Saltwater Aquarium Water Test Kit! We carry a large selection and the top brands like Milwaukee Instruments, API, and more. Find everything you need in one place. FREE shipping on orders $49+ and the BEST customer service!",261,,Saltwater Aquarium Water Test Kits,1,saltwater-aquarium-water-test-kits,True,True,False,False,True,False,False,False,49,351,2,,,,,,,,,,,,,,1.0
Browse,Schema,FAQ schema missing,https://www.chewy.com/b/bladder-care-uti-treatments-15574,True,Add FAQ schema where available; this is a nice-to-have.,,Cat UTI Treatments & Bladder Care - Free shipping | Chewy,57,"Shop Chewy for low prices and the best Bladder Care & UTI Treatments! We carry a large selection and the top brands like HomeoPet, Natura Petz Organics, and more. Find everything you need in one place. FREE shipping on orders $49+ and the BEST customer service!",261,,Cat UTI Treatments & Bladder Care,1,bladder-care-uti-treatments,True,True,False,False,True,False,False,False,13,322,2,,,,,,,,,,,,,,1.0
Browse,Schema,FAQ schema missing,https://www.chewy.com/b/beekeeping-supplies-14276,True,Add FAQ schema where available; this is a nice-to-have.,,Beekeeping Supplies | Chewy,27,"Shop Chewy for low prices and the best Beekeeping products! We carry a large selection and the top brands like Bird Houses by Mark, Ware, and more. Find everything you need in one place. FREE shipping on orders $49+ and the BEST customer service!",246,,Beekeeping Supplies,1,beekeeping-supplies,True,True,False,False,True,False,False,False,68,317,2,,,,,,,,,,,,,,1.0
Browse,Schema,FAQ schema missing,https://www.chewy.com/b/duck-and-goose-feed-164558,True,Add FAQ schema where available; this is a nice-to-have.,,Duck & Goose Food | Chewy,25,"Shop Chewy for low prices and the best Feed products! We carry a large selection and the top brands like Mazuri, Brown's, and more. Find everything you need in one place. FREE shipping on orders $49+ and the BEST customer service!",230,,"Feed for Ducks, Ducklings, Geese and Swans",1,duck-and-goose-feed,True,True,False,False,True,False,False,False,1,316,2,,,,,,,,,,,,,,2.0
Browse,Schema,FAQ schema missing,https://www.chewy.com/b/nail-caps-166462,True,Add FAQ schema where available; this is a nice-to-have.,,Dog Nail Caps - Free shipping | Chewy,37,"Shop Chewy for low prices and the best Nail Caps! We carry a large selection and the top brands like Purrdy Paws, Soft Claws, and more. Find everything you need in one place. FREE shipping on orders $49+ and the BEST customer service!",234,dog nail caps,Dog Nail Caps,1,nail-caps,True,True,False,False,True,False,False,False,29,319,2,,,,,,,2,2,15.0,0,2,0,0,3.0
Browse,Schema,FAQ schema missing,https://www.chewy.com/b/high-quality-puppy-food-583342,True,Add FAQ schema where available; this is a nice-to-have.,,High Quality Puppy Food - Free shipping | Chewy,47,"Shop Chewy for low prices and the best High Quality Puppy Food! We carry a large selection and the top brands like Nulo, Farmina, and more. Find everything you need in one place. FREE shipping on orders $49+ and the BEST customer service!",238,,High Quality Puppy Food,1,high-quality-puppy-food,True,True,False,False,True,False,False,False,59,352,2,,,,,,,,,,,,,,1.0
Browse,Schema,FAQ schema missing,https://www.chewy.com/b/pain-nerve-sensitivity-165670,True,Add FAQ schema where available; this is a nice-to-have.,,Prescription Pain Relief & Neuropathy Medications For Cats With Arthritis & Chronic Pain - Free shipping | Chewy,112,"Shop Chewy for low prices and the best Pain & Nerve Sensitivity! We carry a large selection and the top brands like Gabapentin Compounded, Amitriptyline HCl Compounded, and more. Find everything you need in one place. FREE shipping on orders $49+ and the BEST customer service!",277,,Prescription Pain Relief & Neuropathy Medications For Cats With Arthritis & Chronic Pain,1,pain-nerve-sensitivity,True,True,False,False,True,False,False,False,28,336,2,,,,,,,,,,,,,,1.0
Browse,Schema,FAQ schema missing,https://www.chewy.com/b/anti-inflammatories-nsaids-165662,True,Add FAQ schema where available; this is a nice-to-have.,,Prescription NSAIDs to Support Joint Comfort & Inflammation in Cats - Free shipping | Chewy,91,"Shop Chewy for low prices and the best Anti-Inflammatories & NSAIDs! We carry a large selection and the top brands like Carprofen Compounded, Aspirin Compounded, and more. Find everything you need in one place. FREE shipping on orders $49+ and the BEST customer service!",270,,Prescription NSAIDs to Support Joint Comfort & Inflammation in Cats,1,anti-inflammatories-nsaids,True,True,False,False,True,False,False,False,7,315,2,,,,,,,,,,,,,,1.0
Browse,Schema,FAQ schema missing,https://www.chewy.com/b/muscle-relaxers-165678,True,Add FAQ schema where available; this is a nice-to-have.,,Prescription Muscle Relaxers For Cats - Free shipping | Chewy,61,"Shop Chewy for low prices and the best Muscle Relaxers! We carry a large selection and the top brands like Dantrolene Sodium Compounded, Buspirone, and more. Find everything you need in one place. FREE shipping on orders $49+ and the BEST customer service!",256,,Prescription Muscle Relaxers For Cats,1,muscle-relaxers,True,True,False,False,True,False,False,False,7,318,2,,,,,,,,,,,,,,1.0
Browse,Schema,FAQ schema missing,https://www.chewy.com/b/hang-on-back-filters-167998,True,Add FAQ schema where available; this is a nice-to-have.,,Hang-On-Back Aquarium Filters | Chewy,37,"Shop Chewy for low prices and the best Hang-On-Back Filters! We carry a large selection and the top brands like Marineland, Aqueon, and more. Find everything you need in one place. FREE shipping on orders $49+ and the BEST customer service!",240,,Hang-On-Back Filters,1,hang-on-back-filters,True,True,False,False,True,False,False,False,56,351,2,,,,,,,,,,,,,,1.0
Browse,Schema,FAQ schema missing,https://www.chewy.com/b/water-pumps-power-heads-168054,True,Add FAQ schema where available; this is a nice-to-have.,,Water Pumps & Power Heads - Free shipping | Chewy,49,"Shop Chewy for low prices and the best Water Pumps & Power Heads! We carry a large selection and the top brands like Lifegard, Hydor, and more. Find everything you need in one place. FREE shipping on orders $49+ and the BEST customer service!",242,,Water Pumps & Power Heads,1,water-pumps-power-heads,False,False,False,False,True,False,False,False,112,355,2,,,,,,,,,,,,,,1.0
Browse,Schema,FAQ schema missing,https://www.chewy.com/b/pond-filters-168070,True,Add FAQ schema where available; this is a nice-to-have.,,Pond Filters | Chewy,20,"Shop Chewy for low prices and the best Pond Filters! We carry a large selection and the top brands like Savio, Tetra, and more. Find everything you need in one place. FREE shipping on orders $49+ and the BEST customer service!",226,fish pond filter,Pond Filters,1,pond-filters,True,True,False,False,True,False,False,False,113,347,2,,,,,,,1,1,,0,0,0,1,1.0
Browse,Schema,FAQ schema missing,https://www.chewy.com/b/protein-skimmers-168038,True,Add FAQ schema where available; this is a nice-to-have.,,Protein Skimmers for Saltwater Tanks | Chewy,44,"Shop Chewy for low prices and the best Protein Skimmers! We carry a large selection and the top brands like AquaReady, TMC, and more. Find everything you need in one place. FREE shipping on orders $49+ and the BEST customer service!",232,,Protein Skimmers,1,protein-skimmers,True,True,False,False,True,False,False,False,55,326,2,,,,,,,,,,,,,,1.0
Browse,Schema,FAQ schema missing,https://www.chewy.com/b/media-reactors-168062,True,Add FAQ schema where available; this is a nice-to-have.,,Aquarium Media Reactors | Chewy,31,"Shop Chewy for low prices and the best Media Reactors! We carry a large selection and the top brands like Lifegard, Aquatop, and more. Find everything you need in one place. FREE shipping on orders $49+ and the BEST customer service!",233,,Media Reactors,1,media-reactors,True,True,False,False,True,False,False,False,46,319,2,,,,,,,,,,,,,,1.0
Browse,Schema,FAQ schema missing,https://www.chewy.com/b/cooling-beds-2362,True,Add FAQ schema where available; this is a nice-to-have.,,Dog & Cat Cooling Beds - Free shipping | Chewy,46,"Shop Chewy for low prices and the best Cooling Beds! We carry a large selection and the top brands like Veehoo, FurHaven, and more. Find everything you need in one place. FREE shipping on orders $49+ and the BEST customer service!",230,,Dog & Cat Cooling Beds,1,cooling-beds,True,True,False,False,True,False,False,False,7,345,2,good,1907.0,good,0.035,,,,,,,,,,2.0
Browse,Schema,FAQ schema missing,https://www.chewy.com/b/water-fountains-101694,True,Add FAQ schema where available; this is a nice-to-have.,,Dog & Cat Water Fountains - Free shipping | Chewy,49,"Shop Chewy for low prices and the best Water Fountains! We carry a large selection and the top brands like Casfuy, PetSafe, and more. Find everything you need in one place. FREE shipping on orders $49+ and the BEST customer service!",232,dog and cat water fountains,Dog & Cat Water Fountains,1,water-fountains,True,True,False,False,True,False,False,False,12,344,2,,,,,,,3,3,11.33,2,0,1,0,11.0
Browse,Schema,FAQ schema missing,https://www.chewy.com/b/swimming-130334,True,Add FAQ schema where available; this is a nice-to-have.,,Dog Life Vests & Gear for Swimming - Free shipping | Chewy,58,"Shop Chewy for low prices and the best Swimming products! We carry a large selection and the top brands like Kuoser, Body Glove, and more. Find everything you need in one place. FREE shipping on orders $49+ and the BEST customer service!",237,,Dog Life Vests & Gear for Swimming,1,swimming,True,True,False,False,True,False,False,False,208,341,2,,,,,,,,,,,,,,1.0
Browse,Schema,FAQ schema missing,https://www.chewy.com/b/hiking-130270,True,Add FAQ schema where available; this is a nice-to-have.,,Hiking Supplies for Dogs - Free shipping | Chewy,48,"Shop Chewy for low prices and the best Hiking products! We carry a large selection and the top brands like Chai's Choice, Chilly Dog, and more. Find everything you need in one place. FREE shipping on orders $49+ and the BEST customer service!",242,walking supplies for new dogs on sale,Hiking Supplies for Dogs,1,hiking,True,True,False,False,True,False,False,False,234,346,2,,,,,,,2,2,22.5,0,1,1,0,1.0
Browse,Schema,FAQ schema missing,https://www.chewy.com/b/fetch-sport-130286,True,Add FAQ schema where available; this is a nice-to-have.,,"Fetch, Water & Sport Supplies for Dogs - Free shipping | Chewy",62,"Shop Chewy for low prices and the best Fetch, Water & Sport! We carry a large selection and the top brands like Littlearth, Chuckit!, and more. Find everything you need in one place. FREE shipping on orders $49+ and the BEST customer service!",242,fetch and sport,"Fetch, Water & Sport Supplies for Dogs",1,fetch-sport,True,True,False,False,True,False,False,False,240,346,2,,,,,,,1,1,11.0,0,1,0,0,1.0
Browse,Schema,FAQ schema missing,https://www.chewy.com/b/running-130278,True,Add FAQ schema where available; this is a nice-to-have.,,Running Supplies for Dogs - Free shipping | Chewy,49,"Shop Chewy for low prices and the best Running products! We carry a large selection and the top brands like Chai's Choice, Mendota Products, and more. Find everything you need in one place. FREE shipping on orders $49+ and the BEST customer service!",249,running supplies for dogs on sale,Running Supplies for Dogs,1,running,True,True,False,False,True,False,False,False,215,346,2,,,,,,,2,2,15.5,0,2,0,0,1.0
Browse,Schema,FAQ schema missing,https://www.chewy.com/b/pet-anxiety-calming-care-16686,True,Add FAQ schema where available; this is a nice-to-have.,,Pet Anxiety & Calming Care Essentials - Free shipping | Chewy,61,"Shop Chewy for low prices and the best Pet Anxiety & Calming Care! We carry a large selection and the top brands like Fluoxetine HCl Compounded, The Treat Shack, and more. Find everything you need in one place. FREE shipping on orders $49+ and the BEST customer service!",270,,Pet Anxiety & Calming Care Essentials,1,pet-anxiety-calming-care,False,False,False,False,True,False,False,False,78,344,2,good,1834.0,needs,0.12,,,,,,,,,,2.0
Browse,Schema,FAQ schema missing,https://www.chewy.com/b/pet-allergy-itch-relief-16386,True,Add FAQ schema where available; this is a nice-to-have.,,Pet Allergy & Itch Relief - Free shipping | Chewy,49,"Shop Chewy for low prices and the best Pet Allergy & Itch Relief! We carry a large selection and the top brands like Prednisolone Compounded, Healthy Breeds, and more. Find everything you need in one place. FREE shipping on orders $49+ and the BEST customer service!",266,dog itch relief,Pet Allergy & Itch Relief,1,pet-allergy-itch-relief,True,True,False,False,True,False,False,False,65,345,2,,,,,,,2,2,21.5,0,1,1,0,2.0
Browse,Schema,FAQ schema missing,https://www.chewy.com/b/diuretics-fluid-management-165758,True,Add FAQ schema where available; this is a nice-to-have.,,Prescription Diuretics & Fluid Management Medications For Cats - Free shipping | Chewy,86,"Shop Chewy for low prices and the best Diuretics & Fluid Management! We carry a large selection and the top brands like Furosemide Compounded, Spironolactone Compounded, and more. Find everything you need in one place. FREE shipping on orders $49+ and the BEST customer service!",278,,Prescription Diuretics & Fluid Management Medications For Cats,1,diuretics-fluid-management,True,True,False,False,True,False,False,False,12,327,2,,,,,,,,,,,,,,1.0
Browse,Schema,FAQ schema missing,https://www.chewy.com/b/hummingbird-feeder-139998,True,Add FAQ schema where available; this is a nice-to-have.,,Hummingbird Feeders - Free shipping | Chewy,43,"Shop Chewy for low prices and the best Hummingbird Feeder! We carry a large selection and the top brands like Hummer's Galore, Mosaic Birds, and more. Find everything you need in one place. FREE shipping on orders $49+ and the BEST customer service!",249,,Hummingbird Feeders,1,hummingbird-feeder,False,False,False,False,True,False,False,False,7,352,2,,,,,,,,,,,,,,1.0
Browse,Schema,FAQ schema missing,https://www.chewy.com/b/hoof-boots-164446,True,Add FAQ schema where available; this is a nice-to-have.,,Hoof Boots | Chewy,18,"Shop Chewy for low prices and the best Hoof Boots! We carry a large selection and the top brands like Scootboot, EasyCare, and more. Find everything you need in one place. FREE shipping on orders $49+ and the BEST customer service!",231,hoof boots,Horse Hoof Boots,1,hoof-boots,True,True,False,False,True,False,False,False,39,350,2,,,,,,,1,1,,0,0,0,1,1.0
Browse,Schema,FAQ schema missing,https://www.chewy.com/b/horse-feed-hay-9007,True,Add FAQ schema where available; this is a nice-to-have.,,Alfalfa Pellets For Horses | Chewy,34,"Shop Chewy for low prices and the best Hay & Forage Pellets! We carry a large selection and the top brands like Blue Mountain Hay, Standlee, and more. Find everything you need in one place. FREE shipping on orders $49+ and the BEST customer service!",249,alfalfa pellets for horses,Hay & Alfalfa Pellets for Horses,1,horse-feed-hay,True,True,False,False,True,False,False,False,80,356,2,good,1733.0,good,0.07,,,7,7,14.0,4,0,3,0,3.0
Browse,Schema,FAQ schema missing,https://www.chewy.com/b/complete-horse-feed-9815,True,Add FAQ schema where available; this is a nice-to-have.,,Complete Horse Feed | Chewy,27,"Shop Chewy for low prices and the best Complete Feed! We carry a large selection and the top brands like Cavalor, Nutrena, and more. Find everything you need in one place. FREE shipping on orders $49+ and the BEST customer service!",231,complete horse feed,Complete Horse Feed,1,complete-horse-feed,True,True,False,False,True,False,False,False,179,353,2,,,,,,,5,5,11.25,1,3,0,1,1.0
Browse,Schema,FAQ schema missing,https://www.chewy.com/b/concentrate-horse-feed-132558,True,Add FAQ schema where available; this is a nice-to-have.,,Concentrate Horse Feed | Chewy,30,"Shop Chewy for low prices and the best Fortified Grains! We carry a large selection and the top brands like Buckeye Nutrition, Purina Animal Nutrition, and more. Find everything you need in one place. FREE shipping on orders $49+ and the BEST customer service!",260,concentrate horse feed,Concentrate Horse Feed,1,concentrate-horse-feed,True,True,False,False,True,False,False,False,64,352,2,,,,,,,3,3,10.33,2,0,1,0,1.0
Browse,Schema,FAQ schema missing,https://www.chewy.com/b/livestock-show-and-grooming-supplies-157414,True,Add FAQ schema where available; this is a nice-to-have.,,"Livestock Show and Grooming Supplies - Brushes, Combs and More | Chewy",70,"Shop Chewy for low prices and the best Livestock Show & Grooming Supplies! We carry a large selection and the top brands like Weaver Livestock, Sullivan Supply, and more. Find everything you need in one place. FREE shipping on orders $49+ and the BEST customer service!",269,,Livestock Show and Grooming Supplies,1,livestock-show-and-grooming-supplies,True,True,False,False,True,False,False,False,191,353,2,,,,,,,,,,,,,,1.0
Browse,Schema,FAQ schema missing,https://www.chewy.com/b/livestock-handling-equipment-157582,True,Add FAQ schema where available; this is a nice-to-have.,,Livestock Handling Equipment | Chewy,36,"Shop Chewy for low prices and the best Livestock Handling Equipment! We carry a large selection and the top brands like Weaver Livestock, Derby Originals, and more. Find everything you need in one place. FREE shipping on orders $49+ and the BEST customer service!",263,,Livestock Handling Equipment,1,livestock-handling-equipment,True,True,False,False,True,False,False,False,125,349,2,,,,,,,,,,,,,,1.0
Browse,Schema,FAQ schema missing,https://www.chewy.com/b/training-tech-collars-106774,True,Add FAQ schema where available; this is a nice-to-have.,,Training & Tech Collars - Free shipping | Chewy,47,"Shop Chewy for low prices and the best Training & Tech Collars! We carry a large selection and the top brands like PATPET, LvLrister, and more. Find everything you need in one place. FREE shipping on orders $49+ and the BEST customer service!",242,puppy training and tech collars,Training & Tech Collars,1,training-tech-collars,False,False,False,False,True,False,False,False,1521,360,2,,,,,,,1,1,,0,0,0,1,1.0
Browse,Schema,FAQ schema missing,https://www.chewy.com/b/spot-treatments-1867,True,Add FAQ schema where available; this is a nice-to-have.,,Flea & Tick Spot Treatments for Dogs & Cats - Free shipping | Chewy,67,"Shop Chewy for low prices and the best Spot Treatments! We carry a large selection and the top brands like K9 Advantix II, Revolution, and more. Find everything you need in one place. FREE shipping on orders $49+ and the BEST customer service!",243,,Flea & Tick Spot Treatments for Dogs & Cats,1,spot-treatments,True,True,False,False,True,False,False,False,34,347,2,,,,,,,,,,,,,,1.0
Browse,Schema,FAQ schema missing,https://www.chewy.com/b/collars-1868,True,Add FAQ schema where available; this is a nice-to-have.,,Flea & Tick Collars for Dogs & Cats - Free shipping | Chewy,59,"Shop Chewy for low prices and the best Collars products! We carry a large selection and the top brands like SecureAway, Seresto, and more. Find everything you need in one place. FREE shipping on orders $49+ and the BEST customer service!",237,,Flea & Tick Collars for Dogs & Cats,1,collars,True,True,False,False,True,False,False,False,24,342,2,good,1963.0,good,0.01,,,,,,,,,,3.0
Browse,Schema,FAQ schema missing,https://www.chewy.com/b/oral-treatments-1869,True,Add FAQ schema where available; this is a nice-to-have.,,Flea & Tick Oral Treatments for Dogs & Cats - Free shipping | Chewy,67,"Shop Chewy for low prices and the best Oral Treatments! We carry a large selection and the top brands like Credelio, Interceptor Plus, and more. Find everything you need in one place. FREE shipping on orders $49+ and the BEST customer service!",243,,Flea & Tick Oral Treatments for Dogs & Cats,1,oral-treatments,True,True,False,False,True,False,False,False,27,343,2,,,,,,,,,,,,,,1.0
Browse,Schema,FAQ schema missing,https://www.chewy.com/b/home-yard-treatments-1870,True,Add FAQ schema where available; this is a nice-to-have.,,Flea & Tick Treatments for Home & Yard - Free shipping | Chewy,62,"Shop Chewy for low prices and the best Home & Yard Treatments! We carry a large selection and the top brands like Wondercide, EcoSMART, and more. Find everything you need in one place. FREE shipping on orders $49+ and the BEST customer service!",244,,Flea & Tick Treatments for Home & Yard,1,home-yard-treatments,True,True,False,False,True,False,False,False,25,342,2,,,,,,,,,,,,,,1.0
Browse,Schema,FAQ schema missing,https://www.chewy.com/b/sprays-wipes-1871,True,Add FAQ schema where available; this is a nice-to-have.,,Flea & Tick Sprays & Wipes for Dogs & Cats - Free shipping | Chewy,66,"Shop Chewy for low prices and the best Sprays & Wipes! We carry a large selection and the top brands like Wondercide, Cedarcide, and more. Find everything you need in one place. FREE shipping on orders $49+ and the BEST customer service!",237,,Flea & Tick Sprays & Wipes for Dogs & Cats,1,sprays-wipes,True,True,False,False,True,False,False,False,23,341,2,,,,,,,,,,,,,,4.0
Browse,Schema,FAQ schema missing,https://www.chewy.com/b/flea-tick-shampoos-1872,True,Add FAQ schema where available; this is a nice-to-have.,,Flea & Tick Shampoos for Dogs & Cats - Free shipping | Chewy,60,"Shop Chewy for low prices and the best Flea & Tick Shampoos! We carry a large selection and the top brands like TropiClean, ADAMS, and more. Find everything you need in one place. FREE shipping on orders $49+ and the BEST customer service!",239,,Flea & Tick Shampoos for Dogs & Cats,1,flea-tick-shampoos,False,False,False,False,True,False,False,False,24,342,2,,,,,,,,,,,,,,1.0
Browse,Schema,FAQ schema missing,https://www.chewy.com/b/flea-tick-combs-brushes-1873,True,Add FAQ schema where available; this is a nice-to-have.,,Flea & Tick Combs & Brushes for Dogs & Cats - Free shipping | Chewy,67,"Shop Chewy for low prices and the best Flea & Tick Combs & Brushes! We carry a large selection and the top brands like Safari, TiCK MiTT, and more. Find everything you need in one place. FREE shipping on orders $49+ and the BEST customer service!",246,,Flea & Tick Combs & Brushes for Dogs & Cats,1,flea-tick-combs-brushes,True,True,False,False,True,False,False,False,23,341,2,,,,,,,,,,,,,,1.0
Browse,Schema,FAQ schema missing,https://www.chewy.com/b/prevention-bundles-14461,True,Add FAQ schema where available; this is a nice-to-have.,,"Flea, Tick, & Heartworm Prevention Bundles for Dogs & Cats - Free shipping | Chewy",82,"Shop Chewy for low prices and the best Prevention Bundles! We carry a large selection and the top brands like Credelio, Interceptor Plus, and more. Find everything you need in one place. FREE shipping on orders $49+ and the BEST customer service!",246,flea tick and heartworm prevention bundles for dogs and cats,"Flea, Tick, & Heartworm Prevention Bundles for Dogs & Cats",1,prevention-bundles,True,True,False,False,True,False,False,False,21,311,2,,,,,,,2,2,8.5,1,1,0,0,2.0
Browse,Schema,FAQ schema missing,https://www.chewy.com/b/flea-tick-preventatives-4325886,True,Add FAQ schema where available; this is a nice-to-have.,,Flea & Tick Preventatives - Free shipping | Chewy,49,"Shop Chewy for low prices and the best Flea & Tick Preventatives! We carry a large selection and the top brands like Credelio, Interceptor Plus, and more. Find everything you need in one place. FREE shipping on orders $49+ and the BEST customer service!",253,,Flea & Tick Preventatives,1,flea-tick-preventatives,True,True,False,False,True,False,False,False,31,344,2,,,,,,,,,,,,,,1.0
Browse,Schema,FAQ schema missing,https://www.chewy.com/b/air-purifiers-filters-13498,True,Add FAQ schema where available; this is a nice-to-have.,,Air Purifiers - Free shipping | Chewy,37,"Shop Chewy for low prices and the best Air Purifiers & Filters! We carry a large selection and the top brands like Nordic Pure, Breathe Naturally, and more. Find everything you need in one place. FREE shipping on orders $49+ and the BEST customer service!",255,,Air Purifiers,1,air-purifiers-filters,True,True,False,False,True,False,False,False,115,354,2,,,,,,,,,,,,,,1.0
Browse,Schema,FAQ schema missing,https://www.chewy.com/b/top-rated-11489,True,Add FAQ schema where available; this is a nice-to-have.,,Top-Rated Soft & Chewy Treats - Free shipping | Chewy,53,"Shop Chewy for low prices and the best Top-Rated products! We carry a large selection and the top brands like Blue Buffalo, Bocce's Bakery, and more. Find everything you need in one place. FREE shipping on orders $49+ and the BEST customer service!",248,top rated dog treats by chewy,Top-Rated Soft & Chewy Treats,1,top-rated,False,False,False,False,True,False,False,False,1154,359,2,,,,,,,1,1,5.0,1,0,0,0,1.0
Browse,Schema,FAQ schema missing,https://www.chewy.com/b/supplements-2556,True,Add FAQ schema where available; this is a nice-to-have.,,"Dog Calming Supplements: Drops, Chews & More (Free Shipping) | Chewy",68,"Shop Chewy for low prices and the best Supplements products! We carry a large selection and the top brands like Zesty Paws, NaturVet, and more. Find everything you need in one place. FREE shipping on orders $49+ and the BEST customer service!",242,,Dog Calming Supplements,1,supplements,False,False,False,False,True,False,False,False,104,358,2,,,,,,,,,,,,,,1.0
Browse,Schema,FAQ schema missing,https://www.chewy.com/b/treats-2558,True,Add FAQ schema where available; this is a nice-to-have.,,Dog Calming Treats: For Puppies & Adult Dogs (Free Shipping) | Chewy,68,Shop Chewy for low prices on calming treats for dogs. We carry a wide selection of calming treats for dogs that come in different flavors and forms like biscuits and chews to help keep them calm in stressful situations. *FREE* shipping on orders $49+ and the BEST customer service!,281,calming dog treats​,Calming Dog Treats & Chews,1,treats,True,True,False,False,True,False,False,False,140,362,2,,,,,,,2,2,21.0,0,0,2,0,7.0
Browse,Schema,FAQ schema missing,https://www.chewy.com/b/oral-antifungals-165646,True,Add FAQ schema where available; this is a nice-to-have.,,Prescription Oral Antifungal & Ringworm Medications For Cats - Free shipping | Chewy,84,"Shop Chewy for low prices and the best Oral Antifungals! We carry a large selection and the top brands like Fluconazole Compounded, Sildenafil Compounded, and more. Find everything you need in one place. FREE shipping on orders $49+ and the BEST customer service!",263,,Prescription Oral Antifungal & Ringworm Medications For Cats,1,oral-antifungals,True,True,False,False,True,False,False,False,12,331,2,,,,,,,,,,,,,,1.0
Browse,Schema,FAQ schema missing,https://www.chewy.com/b/topical-antifungals-165654,True,Add FAQ schema where available; this is a nice-to-have.,,Prescription Antifungal Creams & Ointments For Cats With Ringworm & Other Fungal Skin Conditions - Free shipping | Chewy,120,"Shop Chewy for low prices and the best Topical Antifungals! We carry a large selection and the top brands like Animax, KetoChlor, and more. Find everything you need in one place. FREE shipping on orders $49+ and the BEST customer service!",238,,Prescription Antifungal Creams & Ointments For Cats With Ringworm & Other Fungal Skin Conditions,1,topical-antifungals,True,True,False,False,True,False,False,False,7,316,2,,,,,,,,,,,,,,1.0
Browse,Schema,FAQ schema missing,https://www.chewy.com/b/cardinal-supplies-and-accessories-139870,True,Add FAQ schema where available; this is a nice-to-have.,,Cardinal Supplies & Accessories | Chewy,39,"Shop Chewy for low prices and the best Cardinal products! We carry a large selection and the top brands like Sunnydaze Decor, Ashman, and more. Find everything you need in one place. FREE shipping on orders $49+ and the BEST customer service!",242,,Cardinal Supplies & Accessories,1,cardinal-supplies-and-accessories,True,True,False,False,True,False,False,False,119,358,2,,,,,,,,,,,,,,1.0
Browse,Schema,FAQ schema missing,https://www.chewy.com/b/oriole-supplies-and-accessories-140006,True,Add FAQ schema where available; this is a nice-to-have.,,Oriole Supplies & Accessories | Chewy,37,"Shop Chewy for low prices and the best Oriole products! We carry a large selection and the top brands like Sunnydaze Decor, Birdfy, and more. Find everything you need in one place. FREE shipping on orders $49+ and the BEST customer service!",240,oriole supplies,Oriole Supplies & Accessories,1,oriole-supplies-and-accessories,True,True,False,False,True,False,False,False,90,354,2,,,,,,,3,2,4.67,2,1,0,0,1.0
Browse,Schema,FAQ schema missing,https://www.chewy.com/b/mealworms-for-birds-11901,True,Add FAQ schema where available; this is a nice-to-have.,,Dried Mealworms for Birds | Chewy,33,"Shop Chewy for low prices and the best Mealworms & Insects! We carry a large selection and the top brands like ABDragons, Brown's, and more. Find everything you need in one place. FREE shipping on orders $49+ and the BEST customer service!",239,mealworms for birds,Dried Mealworms for Birds,1,mealworms-for-birds,True,True,False,False,True,False,False,False,136,350,2,good,1707.0,poor,0.28,,,1,1,8.0,1,0,0,0,2.0
Browse,Schema,FAQ schema missing,https://www.chewy.com/b/thistle-nyjer-159054,True,Add FAQ schema where available; this is a nice-to-have.,,Nyjer Seed and Thistle Seed | Chewy,35,"Shop Chewy for low prices and the best Thistle & Nyjer! We carry a large selection and the top brands like Happy Wings, Audubon Park, and more. Find everything you need in one place. FREE shipping on orders $49+ and the BEST customer service!",242,,Nyjer & Thistle Seed,1,thistle-nyjer,True,True,False,False,True,False,False,False,120,327,2,,,,,,,,,,,,,,1.0
Browse,Schema,FAQ schema missing,https://www.chewy.com/b/wild-bird-gifts-and-books-144214,True,Add FAQ schema where available; this is a nice-to-have.,,Wild Bird Gifts | Chewy,23,"Shop Chewy for low prices and the best Wild Bird Gifts & Books! We carry a large selection and the top brands like Hi-Line Gift, BrownTrout Publishers, and more. Find everything you need in one place. FREE shipping on orders $49+ and the BEST customer service!",260,,Wild Bird Gifts & Books,1,wild-bird-gifts-and-books,True,True,False,False,True,False,False,False,63,340,2,,,,,,,,,,,,,,1.0
Browse,Schema,FAQ schema missing,https://www.chewy.com/b/cat-vet-verified-vs-606294,True,Add FAQ schema where available; this is a nice-to-have.,,Cat Vet Verified Vitamins & Supplements - Free shipping | Chewy,63,"Shop Chewy for low prices and the best Vet Verified! We carry a large selection and the top brands like Nutramax, Vetnique Labs, and more. Find everything you need in one place. FREE shipping on orders $49+ and the BEST customer service!",237,,Cat Vet Verified Vitamins & Supplements,1,cat-vet-verified-vs,True,True,False,False,True,False,False,False,115,328,2,,,,,,,,,,,,,,
Browse,Schema,FAQ schema missing,https://www.chewy.com/b/trial-size-supplements-3915510,True,Add FAQ schema where available; this is a nice-to-have.,,Trial Size Cat Supplements - Free shipping | Chewy,50,"Shop Chewy for low prices and the best Trial Size Supplements! We carry a large selection and the top brands like VetriScience, Licks, and more. Find everything you need in one place. FREE shipping on orders $49+ and the BEST customer service!",243,,Trial Size Cat Supplements,1,trial-size-supplements,True,True,False,False,True,False,False,False,167,333,2,,,,,,,,,,,,,,1.0
Browse,Schema,FAQ schema missing,https://www.chewy.com/b/insulin-165286,True,Add FAQ schema where available; this is a nice-to-have.,,Prescription Injectable Insulin for Dogs - Free shipping | Chewy,64,"Shop Chewy for low prices and the best Insulin products! We carry a large selection and the top brands like Vetsulin, Lantus, and more. Find everything you need in one place. FREE shipping on orders $49+ and the BEST customer service!",234,,Prescription Injectable Insulin for Dogs,1,insulin,True,True,False,False,True,False,False,False,6,319,2,,,,,,,,,,,,,,1.0
Browse,Schema,FAQ schema missing,https://www.chewy.com/b/syringes-supplies-165294,True,Add FAQ schema where available; this is a nice-to-have.,,Insulin Syringes & Diabetic Care Supplies for Dogs - Free shipping | Chewy,74,"Shop Chewy for low prices and the best Syringes & Supplies! We carry a large selection and the top brands like UltiCare VetRx, Vial Safe For Pets, and more. Find everything you need in one place. FREE shipping on orders $49+ and the BEST customer service!",255,,Insulin Syringes & Diabetic Care Supplies for Dogs,1,syringes-supplies,True,True,False,False,True,False,False,False,14,338,2,,,,,,,,,,,,,,2.0
Browse,Schema,FAQ schema missing,https://www.chewy.com/b/glucose-monitors-test-strips-165302,True,Add FAQ schema where available; this is a nice-to-have.,,Glucose Monitors & Strips for Dogs with Diabetes - Free shipping | Chewy,72,"Shop Chewy for low prices and the best Glucose Monitors & Test Strips! We carry a large selection and the top brands like PetTest, AlphaTRAK, and more. Find everything you need in one place. FREE shipping on orders $49+ and the BEST customer service!",250,dog blood glucose monitoring,Glucose Monitors & Strips for Dogs with Diabetes,1,glucose-monitors-test-strips,True,True,False,False,True,False,False,False,5,330,2,,,,,,,3,3,13.0,1,2,0,0,8.0
Browse,Schema,FAQ schema missing,https://www.chewy.com/b/medicated-shampoos-conditioners-120550,True,Add FAQ schema where available; this is a nice-to-have.,,Dog Medicated Shampoos & Conditioners - Free shipping | Chewy,61,"Shop Chewy for low prices and the best Medicated Shampoos & Conditioners! We carry a large selection and the top brands like Davis, Veterinary Formula Clinical Care, and more. Find everything you need in one place. FREE shipping on orders $49+ and the BEST customer service!",274,,Dog Medicated Shampoos & Conditioners,1,medicated-shampoos-conditioners,False,False,False,False,True,False,False,False,187,351,2,,,,,,,,,,,,,,
Browse,Schema,FAQ schema missing,https://www.chewy.com/b/small-animal-health-and-wellness-4322646,True,Add FAQ schema where available; this is a nice-to-have.,,Small Animal Health & Wellness - Free shipping | Chewy,54,"Shop Chewy for low prices and the best Health & Wellness! We carry a large selection and the top brands like Oxbow, Botanical Animal Flower Essences, and more. Find everything you need in one place. FREE shipping on orders $49+ and the BEST customer service!",258,,Small Animal Health & Wellness,1,small-animal-health-and-wellness,True,True,False,False,True,False,False,False,201,359,2,,,,,,,,,,,,,,1.0
Browse,Schema,FAQ schema missing,https://www.chewy.com/b/chinchilla-supplies-and-accessories-10857,True,Add FAQ schema where available; this is a nice-to-have.,,Chinchilla Supplies & Accessories | Chewy,41,"Shop Chewy for low prices and the best Chinchilla products! We carry a large selection and the top brands like Oxbow, Kaytee, and more. Find everything you need in one place. FREE shipping on orders $49+ and the BEST customer service!",234,chinchilla accessories,Chinchilla Supplies & Accessories,1,chinchilla-supplies-and-accessories,True,True,False,False,True,False,False,False,444,376,2,,,,,,,5,5,12.0,1,3,0,1,3.0
Browse,Schema,FAQ schema missing,https://www.chewy.com/b/top-rated-dog-technology-must-haves-13537,True,Add FAQ schema where available; this is a nice-to-have.,,Top-Rated Dog Technology Must-Haves - Free shipping | Chewy,59,"Shop Chewy for low prices and the best Top-Rated Dog Technology Must-Haves! We carry a large selection and the top brands like PetSafe, Casfuy, and more. Find everything you need in one place. FREE shipping on orders $49+ and the BEST customer service!",252,,Top-Rated Dog Technology Must-Haves,1,top-rated-dog-technology-must-haves,,False,False,False,True,False,False,False,64,344,3,,,,,,,,,,,,,,
Browse,Schema,FAQ schema missing,https://www.chewy.com/b/grooming-wipes-166182,True,Add FAQ schema where available; this is a nice-to-have.,,Dog Wipes - Free shipping | Chewy,33,"Shop Chewy for low prices and the best Grooming Wipes! We carry a large selection and the top brands like Petkin, Precious Tails, and more. Find everything you need in one place. FREE shipping on orders $49+ and the BEST customer service!",238,,Dog Wipes,1,grooming-wipes,True,True,False,False,True,False,False,False,165,356,3,,,,,,,,,,,,,,1.0
Browse,Schema,FAQ schema missing,https://www.chewy.com/b/bird-feather-care-molt-support-2947734,True,Add FAQ schema where available; this is a nice-to-have.,,Bird Feather Care & Molt Support - Free shipping | Chewy,56,"Shop Chewy for low prices and the best Bird Feather Care & Molt Support! We carry a large selection and the top brands like Morning Bird, Crown Pet Supplies, and more. Find everything you need in one place. FREE shipping on orders $49+ and the BEST customer service!",266,,Bird Feather Care & Molt Support,1,bird-feather-care-molt-support,True,True,False,False,True,False,False,False,11,351,3,,,,,,,,,,,,,,1.0
Browse,Schema,FAQ schema missing,https://www.chewy.com/b/aquarium-sponge-filters-167734,True,Add FAQ schema where available; this is a nice-to-have.,,Aquarium Sponge Filters & Box Filters | Chewy,45,"Shop Chewy for low prices and the best Sponges & Box Filters! We carry a large selection and the top brands like Aquael, Underwater Treasures, and more. Find everything you need in one place. FREE shipping on orders $49+ and the BEST customer service!",251,,Aquarium Sponge Filters & Box Filters,1,aquarium-sponge-filters,True,True,False,False,True,False,False,False,52,323,3,,,,,,,,,,,,,,1.0
Browse,Schema,FAQ schema missing,https://www.chewy.com/b/aquarium-uv-sterilizer-167726,True,Add FAQ schema where available; this is a nice-to-have.,,Aquarium UV Sterilizer | Chewy,30,"Shop Chewy for low prices and the best UV Sterilizer! We carry a large selection and the top brands like Lifegard, Aquatop, and more. Find everything you need in one place. FREE shipping on orders $49+ and the BEST customer service!",232,best uv sterilizer for 75 gallon aquarium,Aquarium UV Sterilizers,1,aquarium-uv-sterilizer,True,True,False,False,True,False,False,False,25,330,3,,,,,,,1,1,30.0,0,0,1,0,1.0
Browse,Schema,FAQ schema missing,https://www.chewy.com/b/internal-fish-tank-filters-168006,True,Add FAQ schema where available; this is a nice-to-have.,,Internal Fish Tank & Aquarium Filters | Chewy,45,"Shop Chewy for low prices and the best Internal Canister Filters! We carry a large selection and the top brands like OASE Indoor Aquatics, Fluval, and more. Find everything you need in one place. FREE shipping on orders $49+ and the BEST customer service!",255,,Internal Fish Tank Filters,1,internal-fish-tank-filters,True,True,False,False,True,False,False,False,28,332,3,,,,,,,,,,,,,,1.0
Browse,Schema,FAQ schema missing,https://www.chewy.com/b/external-aquarium-filters-168022,True,Add FAQ schema where available; this is a nice-to-have.,,External Aquarium Canister Filters | Chewy,42,"Shop Chewy for low prices and the best External Canister Filters! We carry a large selection and the top brands like Aquatop, SunSun, and more. Find everything you need in one place. FREE shipping on orders $49+ and the BEST customer service!",242,,External Aquarium Filters,1,external-aquarium-filters,True,True,False,False,True,False,False,False,29,335,3,,,,,,,,,,,,,,1.0
Browse,Schema,FAQ schema missing,https://www.chewy.com/b/aquarium-filter-socks-168046,True,Add FAQ schema where available; this is a nice-to-have.,,Aquarium Filter Socks & Rollers | Chewy,39,"Shop Chewy for low prices and the best Roller and Sock Filters! We carry a large selection and the top brands like Fiji Cube, AquaReady, and more. Find everything you need in one place. FREE shipping on orders $49+ and the BEST customer service!",245,,Aquarium Filter Socks & Rollers,1,aquarium-filter-socks,True,True,False,False,True,False,False,False,23,315,3,,,,,,,,,,,,,,1.0
Browse,Schema,FAQ schema missing,https://www.chewy.com/b/air-fresheners-deodorizers-4329990,True,Add FAQ schema where available; this is a nice-to-have.,,Air Fresheners & Deodorizers - Free shipping | Chewy,52,"Shop Chewy for low prices and the best Air Fresheners & Deodorizers! We carry a large selection and the top brands like Pet Odor Exterminator, Pet House, and more. Find everything you need in one place. FREE shipping on orders $49+ and the BEST customer service!",262,,Air Fresheners & Deodorizers,1,air-fresheners-deodorizers,True,False,False,False,True,False,False,False,199,346,3,,,,,,,,,,,,,,
Browse,Schema,FAQ schema missing,https://www.chewy.com/b/metabolic-support-for-horses-170910,True,Add FAQ schema where available; this is a nice-to-have.,,Metabolic Support for Horses | Chewy,36,"Shop Chewy for low prices and the best Metabolic Support! We carry a large selection and the top brands like Trilostane Compounded, EasyCare, and more. Find everything you need in one place. FREE shipping on orders $49+ and the BEST customer service!",250,,Metabolic Support for Horses,1,metabolic-support-for-horses,True,True,False,False,True,False,False,False,29,358,3,,,,,,,,,,,,,,1.0
Browse,Schema,FAQ schema missing,https://www.chewy.com/b/low-nsc-feeds-171030,True,Add FAQ schema where available; this is a nice-to-have.,,Low NSC Feeds for Metabolic Horses - Free shipping | Chewy,58,"Shop Chewy for low prices and the best Low NSC Feeds! We carry a large selection and the top brands like Tribute Equine Nutrition, Bluebonnet Feeds, and more. Find everything you need in one place. FREE shipping on orders $49+ and the BEST customer service!",257,,Low NSC Feeds for Metabolic Horses,1,low-nsc-feeds,False,False,False,False,True,False,False,False,24,352,3,,,,,,,,,,,,,,1.0
Browse,Schema,FAQ schema missing,https://www.chewy.com/b/anti-nausea-vomiting-165438,True,Add FAQ schema where available; this is a nice-to-have.,,Prescription Anti-Nausea & Vomiting Medications for Dogs - Free shipping | Chewy,80,"Shop Chewy for low prices and the best Anti-Nausea & Vomiting! We carry a large selection and the top brands like Metoclopramide Compounded, Mirtazapine Compounded, and more. Find everything you need in one place. FREE shipping on orders $49+ and the BEST customer service!",273,,Prescription Anti-Nausea & Vomiting Medications for Dogs,1,anti-nausea-vomiting,True,True,False,False,True,False,False,False,13,326,3,good,1610.0,good,0.04,,,,,,,,,,21.0
Browse,Schema,FAQ schema missing,https://www.chewy.com/b/aquarium-bubblers-and-air-stones-437526,True,Add FAQ schema where available; this is a nice-to-have.,,Aquarium Bubblers & Air Stones | Chewy,38,"Shop Chewy for low prices and the best Aquarium Bubblers and Air Stones! We carry a large selection and the top brands like Underwater Treasures, Penn-Plax, and more. Find everything you need in one place. FREE shipping on orders $49+ and the BEST customer service!",265,,Aquarium Bubblers & Air Stones,1,aquarium-bubblers-and-air-stones,True,True,False,False,True,False,False,False,15,337,3,,,,,,,,,,,,,,1.0
Browse,Schema,FAQ schema missing,https://www.chewy.com/b/eye-creams-rinses-wipes-15543,True,Add FAQ schema where available; this is a nice-to-have.,,"Dog Eye Creams, Rinses & Wipes - Free shipping | Chewy",54,"Shop Chewy for low prices and the best Eye Creams, Rinses & Wipes! We carry a large selection and the top brands like Optixcare, Vetericyn, and more. Find everything you need in one place. FREE shipping on orders $49+ and the BEST customer service!",248,dog eye creams rinses and wipes,"Dog Eye Creams, Rinses & Wipes",1,eye-creams-rinses-wipes,True,True,False,False,True,False,False,False,27,352,3,,,,,,,1,1,1.0,1,0,0,0,1.0
Browse,Schema,FAQ schema missing,https://www.chewy.com/b/urinary-care-dry-cat-food-142086,True,Add FAQ schema where available; this is a nice-to-have.,,Urinary Care Dry Cat Food - Free Shipping | Chewy,49,"Shop Chewy for low prices and the best Urinary Care! We carry a large selection and the top brands like Wellness, Blackwood, and more. Find everything you need in one place. FREE shipping on orders $49+ and the BEST customer service!",233,,Urinary Care Dry Cat Food,1,urinary-care-dry-cat-food,False,False,False,False,True,False,False,False,25,347,3,,,,,,,,,,,,,,
Browse,Schema,FAQ schema missing,https://www.chewy.com/b/wet-cat-food-for-urinary-health-142350,True,Add FAQ schema where available; this is a nice-to-have.,,Urinary Wet Cat Food - Free Shipping | Chewy,44,"Shop Chewy for urinary cat food from top brands! We carry a large selection of products from Purina Pro Plan, Hills Science Diet and more. FREE shipping on orders $49+!",168,chewy urinary cat food,Wet Cat Food For Urinary Health,1,wet-cat-food-for-urinary-health,False,False,False,False,True,False,False,False,32,351,3,,,,,,,1,1,30.0,0,0,1,0,1.0
Browse,Schema,FAQ schema missing,https://www.chewy.com/b/cat-kidney-wet-food-142358,True,Add FAQ schema where available; this is a nice-to-have.,,Cat Kidney Wet Food - Free Shipping | Chewy,43,"Shop Chewy for the best Kidney Care cat food! We offer a large selection from top brands like Weruva, Hills, Purina and more. FREE shipping on orders $49+!",155,,Cat Kidney Wet Food,1,cat-kidney-wet-food,True,True,False,False,True,False,False,False,32,329,3,,,,,,,,,,,,,,1.0
Browse,Schema,FAQ schema missing,https://www.chewy.com/b/dry-cat-food-for-kidney-disease-142094,True,Add FAQ schema where available; this is a nice-to-have.,,Dry Cat Food For Kidney Disease - Free Shipping | Chewy,55,"Shop Chewy for low prices and the best Kidney Care! We carry a large selection and the top brands like Blue Buffalo, Forza10, and more. Find everything you need in one place. FREE shipping on orders $49+ and the BEST customer service!",234,,Dry Cat Food For Kidney Disease,1,dry-cat-food-for-kidney-disease,False,False,False,False,True,False,False,False,22,318,3,,,,,,,,,,,,,,1.0
Browse,Schema,FAQ schema missing,https://www.chewy.com/b/west-coast-migratory-birds-2947214,True,Add FAQ schema where available; this is a nice-to-have.,,West Coast Migratory Birds - Free shipping | Chewy,50,"Shop Chewy for low prices and the best West Coast Migratory Birds! We carry a large selection and the top brands like Sunnydaze Decor, Trailmark Naturals, and more. Find everything you need in one place. FREE shipping on orders $49+ and the BEST customer service!",263,,West Coast Migratory Birds,1,west-coast-migratory-birds,True,True,False,False,True,False,False,False,659,369,3,,,,,,,,,,,,,,1.0
Browse,Schema,FAQ schema missing,https://www.chewy.com/b/heart-health-2946966,True,Add FAQ schema where available; this is a nice-to-have.,,Heart Health for Pets - Free shipping | Chewy,45,"Shop Chewy for low prices and the best Heart Health! We carry a large selection and the top brands like Pimobendan Compounded, Enalapril Maleate Compounded, and more. Find everything you need in one place. FREE shipping on orders $49+ and the BEST customer service!",265,,Heart Health for Pets Everyday ways to support their heart Regular vet visits Heartworm preventives Daily activity,5,heart-health,True,True,False,False,True,False,False,False,10,361,3,,,,,,,,,,,,,,1.0
Browse,Schema,FAQ schema missing,https://www.chewy.com/b/gps-activity-trackers-11544,True,Add FAQ schema where available; this is a nice-to-have.,,Dog GPS & Activity Trackers - Free shipping | Chewy,51,"Shop Chewy for low prices and the best GPS & Activity Trackers! We carry a large selection and the top brands like Fi, Pawfit, and more. Find everything you need in one place. FREE shipping on orders $49+ and the BEST customer service!",235,,Dog GPS & Activity Trackers,1,gps-activity-trackers,False,False,False,False,True,False,False,False,14,352,3,,,,,,,,,,,,,,
Browse,Schema,FAQ schema missing,https://www.chewy.com/b/cat-treat-jars-6364,True,Add FAQ schema where available; this is a nice-to-have.,,"Treat Jars for Cats: Top Brands, Low Prices (Free Shipping) | Chewy",67,"Shop Chewy for low prices and the best Treat Jars! We carry a large selection and the top brands like Signature Housewares, Frisco, and more. Find everything you need in one place. FREE shipping on orders $49+ and the BEST customer service!",240,cat treat jars,Cat Treat Jars & Containers,1,cat-treat-jars,True,True,False,False,True,False,False,False,98,339,3,,,,,,,5,5,2.2,5,0,0,0,5.0
Browse,Schema,FAQ schema missing,https://www.chewy.com/b/hamster-enrichment-4320190,True,Add FAQ schema where available; this is a nice-to-have.,,Hamster Enrichment - Free shipping | Chewy,42,"Shop Chewy for low prices and the best Enrichment products! We carry a large selection and the top brands like Oxbow, Rabbit Hole Hay, and more. Find everything you need in one place. FREE shipping on orders $49+ and the BEST customer service!",243,,Hamster Enrichment,1,hamster-enrichment,True,True,False,False,True,False,False,False,29,338,3,,,,,,,,,,,,,,1.0
Browse,Schema,FAQ schema missing,https://www.chewy.com/b/hamster-chew-toys-4320182,True,Add FAQ schema where available; this is a nice-to-have.,,Hamster Chew Toys - Free shipping | Chewy,41,"Shop Chewy for low prices and the best Chew Toys! We carry a large selection and the top brands like Nibbles by A&E Cage Company, A&E Cage Company, and more. Find everything you need in one place. FREE shipping on orders $49+ and the BEST customer service!",256,,Hamster Chew Toys,1,hamster-chew-toys,True,True,False,False,True,False,False,False,35,354,3,,,,,,,,,,,,,,1.0
Browse,Schema,FAQ schema missing,https://www.chewy.com/b/dog-dental-cleaning-kits-2599,True,Add FAQ schema where available; this is a nice-to-have.,,Dog Dental Kits: Dog Toothpaste & Toothbrush Kits (Free Shipping) | Chewy,73,Shop Chewy for low prices on dog dental care cleaning kits. We carry a wide selection of dog toothpaste and toothbrush kits to help keep your pups teeth clean and improve oral hygiene. *FREE* shipping on orders $49+ and the BEST customer service!,246,dog dental cleaning kit,Dog Dental Cleaning Kits,1,dog-dental-cleaning-kits,True,True,False,False,True,False,False,False,171,365,3,,,,,,,5,5,2.0,4,0,0,1,5.0
Browse,Schema,FAQ schema missing,https://www.chewy.com/b/gels-powders-2449,True,Add FAQ schema where available; this is a nice-to-have.,,"Dog Eye Lubricants, Gels & Powders (Free Shipping) | Chewy",58,"Shop Chewy for low prices and the best Gels & Powders! We carry a large selection and the top brands like Optixcare, Domes Pharma, and more. Find everything you need in one place. FREE shipping on orders $49+ and the BEST customer service!",239,dog eye gels and powders,Dog Eye Gels & Powders,1,gels-powders,True,True,False,False,True,False,False,False,6,324,3,,,,,,,1,1,2.0,1,0,0,0,17.0
Browse,Schema,FAQ schema missing,https://www.chewy.com/b/western-stirrups-169246,True,Add FAQ schema where available; this is a nice-to-have.,,Western Stirrups | Chewy,24,"Shop Chewy for low prices and the best Western Stirrups! We carry a large selection and the top brands like Weaver Equine, Circle Y, and more. Find everything you need in one place. FREE shipping on orders $49+ and the BEST customer service!",241,,Western Stirrups,1,western-stirrups,True,True,False,False,True,False,False,False,21,324,3,,,,,,,,,,,,,,1.0
Browse,Schema,FAQ schema missing,https://www.chewy.com/b/english-girths-169374,True,Add FAQ schema where available; this is a nice-to-have.,,English Girths | Chewy,22,"Shop Chewy for low prices and the best English Girths! We carry a large selection and the top brands like Professional's Choice, Stubben, and more. Find everything you need in one place. FREE shipping on orders $49+ and the BEST customer service!",246,,English Girths,1,english-girths,True,True,False,False,True,False,False,False,123,352,3,,,,,,,,,,,,,,1.0
Browse,Schema,FAQ schema missing,https://www.chewy.com/b/english-stirrups-and-stirrup-leathers-169390,True,Add FAQ schema where available; this is a nice-to-have.,,English Stirrups & Stirrup Leathers - Free shipping | Chewy,59,"Shop Chewy for low prices and the best English Stirrups and Stirrup Leathers! We carry a large selection and the top brands like M. Toulouse, Paris Tack, and more. Find everything you need in one place. FREE shipping on orders $49+ and the BEST customer service!",262,,English Stirrups & Stirrup Leathers,1,english-stirrups-and-stirrup-leathers,True,True,False,False,True,False,False,False,32,351,3,,,,,,,,,,,,,,
Browse,Schema,FAQ schema missing,https://www.chewy.com/b/new-arrivals-1940,True,Add FAQ schema where available; this is a nice-to-have.,,New Product Arrivals to Chewy: Dog & Cat - Free Shipping | Chewy,64,Shop Chewy for low prices on the newest dog and cat products. At Chewy we constantly update our cat and dog products offered to make sure we're offering the best products from top brands so check here for our newest offerings. *FREE* shipping on orders $49+ and the BEST customer service!,288,,New Arrivals,1,new-arrivals,,False,False,False,True,False,False,False,11913,358,3,,,,,,,,,,,,,,
Browse,Schema,FAQ schema missing,https://www.chewy.com/b/dog-2669,True,Add FAQ schema where available; this is a nice-to-have.,,New Arrivals for Dogs - Free shipping | Chewy,45,"Shop Chewy for low prices and the best Dog products! We carry a large selection and the top brands like Parisian Pet, Kseroo, and more. Find everything you need in one place. FREE shipping on orders $49+ and the BEST customer service!",234,new arrivals for dogs,New Arrivals for Dogs,1,dog,True,True,False,False,True,False,False,False,6603,350,3,,,,,,,1,1,,0,0,0,1,1.0
Browse,Schema,FAQ schema missing,https://www.chewy.com/b/toys-6241,True,Add FAQ schema where available; this is a nice-to-have.,,New Arrivals in Dog Toys - Free shipping | Chewy,48,"Shop Chewy for low prices and the best Toys products! We carry a large selection and the top brands like Kseroo, ZippyPaws, and more. Find everything you need in one place. FREE shipping on orders $49+ and the BEST customer service!",232,new arrivals in dog toys,New Arrivals in Dog Toys,1,toys,True,True,False,False,True,False,False,False,1942,346,3,,,,,,,4,4,7.33,3,0,0,1,4.0
Browse,Schema,FAQ schema missing,https://www.chewy.com/b/refresh-your-nest-159246,True,Add FAQ schema where available; this is a nice-to-have.,,Refresh your nest - Free shipping | Chewy,41,"Shop Chewy for low prices and the best Refresh your nest! We carry a large selection and the top brands like Frisco, Snoozer Pet Products, and more. Find everything you need in one place. FREE shipping on orders $49+ and the BEST customer service!",247,,Refresh your nest,1,refresh-your-nest,True,True,False,False,True,False,False,False,4348,355,3,,,,,,,,,,,,,,1.0
Browse,Schema,FAQ schema missing,https://www.chewy.com/b/indoor-cat-food-167886,True,Add FAQ schema where available; this is a nice-to-have.,,Indoor Cat Food - Free shipping | Chewy,39,"Shop Chewy for low prices and the best Indoor Cat! We carry a large selection and the top brands like Blue Buffalo, Iams, and more. Find everything you need in one place. FREE shipping on orders $49+ and the BEST customer service!",230,,Indoor Cat Food,1,indoor-cat-food,False,False,False,False,True,False,False,False,35,351,3,,,,,,,,,,,,,,1.0
Browse,Schema,FAQ schema missing,https://www.chewy.com/b/supplies-6243,True,Add FAQ schema where available; this is a nice-to-have.,,New Arrivals in Dog Supplies - Free shipping | Chewy,52,"Shop Chewy for low prices and the best Supplies products! We carry a large selection and the top brands like Parisian Pet, Up Country, and more. Find everything you need in one place. FREE shipping on orders $49+ and the BEST customer service!",243,,New Arrivals in Dog Supplies,1,supplies,True,True,False,False,True,False,False,False,3976,346,3,,,,,,,,,,,,,,1.0
Browse,Schema,FAQ schema missing,https://www.chewy.com/b/cat-2670,True,Add FAQ schema where available; this is a nice-to-have.,,New Arrivals for Cats - Free shipping | Chewy,45,"Shop Chewy for low prices and the best Cat products! We carry a large selection and the top brands like NonoPets, Kseroo, and more. Find everything you need in one place. FREE shipping on orders $49+ and the BEST customer service!",230,chewy for cats,New Arrivals for Cats,1,cat,True,True,False,False,True,False,False,False,1030,354,3,,,,,,,5,5,24.0,0,0,2,3,1.0
Browse,Schema,FAQ schema missing,https://www.chewy.com/b/litter-accessories-11828,True,Add FAQ schema where available; this is a nice-to-have.,,New Arrivals in Cat Litter & Accessories - Free shipping | Chewy,64,"Shop Chewy for low prices and the best Litter & Accessories! We carry a large selection and the top brands like furrybaby, Bartuke, and more. Find everything you need in one place. FREE shipping on orders $49+ and the BEST customer service!",240,new arrivals in cat litter and accessories,New Arrivals in Cat Litter & Accessories,1,litter-accessories,True,True,False,False,True,False,False,False,142,345,3,,,,,,,1,1,4.0,1,0,0,0,1.0
Browse,Schema,FAQ schema missing,https://www.chewy.com/b/pet-healthcare-15742,True,Add FAQ schema where available; this is a nice-to-have.,,Pet Healthcare - Free shipping | Chewy,38,"Shop Chewy for low prices and the best Pet Healthcare! We carry a large selection and the top brands like Healthy Breeds, Trilostane Compounded, and more. Find everything you need in one place. FREE shipping on orders $49+ and the BEST customer service!",253,chewy telephone number,Pet Healthcare,1,pet-healthcare,True,True,False,False,True,False,False,False,6107,349,3,,,,,,,2,2,27.0,0,0,2,0,2.0
