page_type,category,issue,normalized_url,matched_botify,recommendation,evidence_value,title,title_length,meta_description,meta_description_length,main_keyword,h1,h1_count,url_slug,canonical_points_to_self,in_sitemaps,noindex,nofollow,breadcrumb_exists,product_exists,offer_exists,faq_exists,unique_inlinks,unique_outlinks,depth,lcp_status,lcp_value,cls_status,cls_value,inp_status,inp_value,ranking_keyword_rows,distinct_keywords,avg_current_rank,top10_keywords,quick_win_11_20_keywords,striking_distance_21_50_keywords,lost_or_unranked_keywords,botify_audience_keywords_to_90pct
Browse,Ranking Keywords,No top-10 ranking keywords,https://www.chewy.com/b/pet-tech-dna-tests-16160,False,"Prioritize content, metadata, linking, and relevance improvements for this template cohort.",0,,,,,cyber week deals on dog technology,,,,,,,,,,,,,,,,,,,,,4,4,17.0,0,1,0,3,
Browse,Ranking Keywords,No top-10 ranking keywords,https://www.chewy.com/b/small-animal-bedding-and-litter-13513,True,"Prioritize content, metadata, linking, and relevance improvements for this template cohort.",0,Small Animal Bedding & Litter | Chewy,37,"Shop Chewy for small pet bedding and litter, liners pans and accessories from all the top brands. We carry products for rabbits, guinea pigs, ferrets, hamsters, gerbils and more. Having a clean, cozy habitat is extremely important for small critters. *FREE* shipping on orders $49+ and the BEST customer service.",312,deals on small animal litter,Small Animal Bedding & Litter,1,small-animal-bedding-and-litter,True,True,False,False,True,False,False,True,209,377,2,,,,,,,3,3,27.0,0,0,1,2,1.0
Browse,Ranking Keywords,No top-10 ranking keywords,https://www.chewy.com/b/cyber-monday-bird-food-treats-13253,True,"Prioritize content, metadata, linking, and relevance improvements for this template cohort.",0,Cyber Week 2023 Deals on Bird Food & Treats | Chewy,51,"Shop Chewy for low prices and the best Food & Treats! We carry a large selection and the top brands like Kaytee, Brown's, and more. Find everything you need in one place. FREE shipping on orders $49+ and the BEST customer service!",230,cyber week deals on bird food and treats,Cyber Week Deals on Bird Food & Treats,1,cyber-monday-bird-food-treats,True,True,False,False,True,False,False,False,60,344,7,,,,,,,1,1,,0,0,0,1,
Browse,Ranking Keywords,No top-10 ranking keywords,https://www.chewy.com/b/black-friday-dog-vitamins-supplements-8538,False,"Prioritize content, metadata, linking, and relevance improvements for this template cohort.",0,,,,,black friday deals on dog vitamins and supplements,,,,,,,,,,,,,,,,,,,,,1,1,,0,0,0,1,
Browse,Ranking Keywords,No top-10 ranking keywords,https://www.chewy.com/b/trending-cat-costumes-12470,True,"Prioritize content, metadata, linking, and relevance improvements for this template cohort.",0,Trending Cat Costumes - Free shipping | Chewy,45,Shop Chewy for low prices and the best Trending products! We carry a large selection and the top brands like Frisco and more. Find everything you need in one place. FREE shipping on orders $49+ and the BEST customer service!,224,trending cat costumes,Trending Cat Costumes,1,trending-cat-costumes,True,True,False,False,True,False,False,True,13,328,4,,,,,,,1,1,,0,0,0,1,1.0
Browse,Ranking Keywords,No top-10 ranking keywords,https://www.chewy.com/b/career-costumes-12334,False,"Prioritize content, metadata, linking, and relevance improvements for this template cohort.",0,,,,,career cat costumes,,,,,,,,,,,,,,,,,,,,,1,1,28.0,0,0,1,0,
Browse,Ranking Keywords,No top-10 ranking keywords,https://www.chewy.com/b/black-friday-dog-beds-crates-containment-5243,False,"Prioritize content, metadata, linking, and relevance improvements for this template cohort.",0,,,,,black friday deals on dog beds crates and containment,,,,,,,,,,,,,,,,,,,,,2,1,16.0,0,1,0,1,
Browse,Ranking Keywords,No top-10 ranking keywords,https://www.chewy.com/b/cyber-monday-cat-scratcher-toys-8587,True,"Prioritize content, metadata, linking, and relevance improvements for this template cohort.",0,Cyber Week 2025 Deals on Cat Scratcher Toys | Chewy,51,"Shop Chewy for low prices and the best Scratchers products! We carry a large selection and the top brands like Frisco, Necoichi, and more. Find everything you need in one place. FREE shipping on orders $49+ and the BEST customer service!",237,cyber week deals on cat scratcher toys,Cyber Week Deals on Cat Scratcher Toys,1,cyber-monday-cat-scratcher-toys,True,True,False,False,True,False,False,False,88,347,7,,,,,,,1,1,,0,0,0,1,1.0
Browse,Ranking Keywords,No top-10 ranking keywords,https://www.chewy.com/b/dog-2669,True,"Prioritize content, metadata, linking, and relevance improvements for this template cohort.",0,New Arrivals for Dogs - Free shipping | Chewy,45,"Shop Chewy for low prices and the best Dog products! We carry a large selection and the top brands like Parisian Pet, Kseroo, and more. Find everything you need in one place. FREE shipping on orders $49+ and the BEST customer service!",234,new arrivals for dogs,New Arrivals for Dogs,1,dog,True,True,False,False,True,False,False,False,6603,350,3,,,,,,,1,1,,0,0,0,1,1.0
Browse,Ranking Keywords,No top-10 ranking keywords,https://www.chewy.com/b/black-friday-dog-collars-leashes-clothing-13439,False,"Prioritize content, metadata, linking, and relevance improvements for this template cohort.",0,,,,,black friday deals on dog collars and leashes,,,,,,,,,,,,,,,,,,,,,1,1,16.0,0,1,0,0,
Browse,Ranking Keywords,No top-10 ranking keywords,https://www.chewy.com/b/dog-14340,False,"Prioritize content, metadata, linking, and relevance improvements for this template cohort.",0,,,,,top rated dog toys treats and more by chewy,,,,,,,,,,,,,,,,,,,,,2,2,22.5,0,1,1,0,
Browse,Ranking Keywords,No top-10 ranking keywords,https://www.chewy.com/b/toys-127238,False,"Prioritize content, metadata, linking, and relevance improvements for this template cohort.",0,,,,,add once to your next autoship dog toys,,,,,,,,,,,,,,,,,,,,,2,2,,0,0,0,2,
Browse,Ranking Keywords,No top-10 ranking keywords,https://www.chewy.com/b/toys-14364,False,"Prioritize content, metadata, linking, and relevance improvements for this template cohort.",0,,,,,chewy com cat toys,,,,,,,,,,,,,,,,,,,,,3,3,25.0,0,0,1,2,
Browse,Ranking Keywords,No top-10 ranking keywords,https://www.chewy.com/b/black-friday-dog-freeze-dried-dehydrated-treats-3256,False,"Prioritize content, metadata, linking, and relevance improvements for this template cohort.",0,,,,,black friday deals on freeze-dried and dehydrated dog treats,,,,,,,,,,,,,,,,,,,,,2,2,,0,0,0,2,
Browse,Ranking Keywords,No top-10 ranking keywords,https://www.chewy.com/b/rugs-home-goods-4322814,True,"Prioritize content, metadata, linking, and relevance improvements for this template cohort.",0,Rugs & Home Goods - Free shipping | Chewy,41,"Shop Chewy for low prices and the best Rugs & Home Goods! We carry a large selection and the top brands like Hi-Line Gift, Nuloom, and more. Find everything you need in one place. FREE shipping on orders $49+ and the BEST customer service!",239,chewy home collection,Rugs & Home Goods,1,rugs-home-goods,True,True,False,False,True,False,False,False,3825,348,3,,,,,,,1,1,18.0,0,1,0,0,1.0
Browse,Ranking Keywords,No top-10 ranking keywords,https://www.chewy.com/b/cat-home-goods-12438,True,"Prioritize content, metadata, linking, and relevance improvements for this template cohort.",0,Cat Birthday Home Goods - Free shipping | Chewy,47,"Shop Chewy for low prices and the best Cat Home Goods! We carry a large selection and the top brands like Majestic Pet, Frisco, and more. Find everything you need in one place. FREE shipping on orders $49+ and the BEST customer service!",236,chewy home collection,Cat Birthday Home Goods,1,cat-home-goods,True,True,False,False,True,False,False,False,10,341,5,,,,,,,1,1,26.0,0,0,1,0,1.0
Browse,Ranking Keywords,No top-10 ranking keywords,https://www.chewy.com/b/fun-trendy-165174,True,"Prioritize content, metadata, linking, and relevance improvements for this template cohort.",0,Fun & Trendy Cat Furniture - Free shipping | Chewy,50,"Shop Chewy for low prices and the best Fun & Trendy! We carry a large selection and the top brands like THE LICKER STORE, Happy & Polly, and more. Find everything you need in one place. FREE shipping on orders $49+ and the BEST customer service!",245,chewy home collection,Fun & Trendy Cat Furniture,1,fun-trendy,True,True,False,False,True,False,False,False,230,355,2,,,,,,,1,1,27.0,0,0,1,0,1.0
Browse,Ranking Keywords,No top-10 ranking keywords,https://www.chewy.com/b/dog-11501,True,"Prioritize content, metadata, linking, and relevance improvements for this template cohort.",0,"Dog Halloween Collars, Bandanas & Harnesses - Free shipping | Chewy",67,"Shop Chewy for low prices and the best Dog products! We carry a large selection and the top brands like Buckle-Down, The Worthy Dog, and more. Find everything you need in one place. FREE shipping on orders $49+ and the BEST customer service!",241,cat and dog halloween collars bandanas and harnesses,"Dog Halloween Collars, Bandanas & Harnesses",1,dog,True,True,False,False,True,False,False,False,14,350,5,,,,,,,2,2,,0,0,0,2,8.0
Browse,Ranking Keywords,No top-10 ranking keywords,https://www.chewy.com/b/shop-by-dog-8940,False,"Prioritize content, metadata, linking, and relevance improvements for this template cohort.",0,,,,,dog food chewy,,,,,,,,,,,,,,,,,,,,,2,2,,0,0,0,2,
Browse,Ranking Keywords,No top-10 ranking keywords,https://www.chewy.com/b/cyber-monday-natural-dog-chews-5226,True,"Prioritize content, metadata, linking, and relevance improvements for this template cohort.",0,Cyber Week 2025 Deals on Natural Dog Chews | Chewy,50,"Shop Chewy for low prices and the best Natural Chews! We carry a large selection and the top brands like HDP, Fantastic Dog Chews, and more. Find everything you need in one place. FREE shipping on orders $49+ and the BEST customer service!",239,cyber week deals on dog hard chews,Cyber Week Deals on Natural Dog Chews,1,cyber-monday-natural-dog-chews,True,True,False,False,True,False,False,False,14,345,8,,,,,,,2,2,21.0,0,0,1,1,1.0
Browse,Ranking Keywords,No top-10 ranking keywords,https://www.chewy.com/b/black-friday-cat-flea-tick-3308,False,"Prioritize content, metadata, linking, and relevance improvements for this template cohort.",0,,,,,cyber week deals on cat flea and tick supplies,,,,,,,,,,,,,,,,,,,,,1,1,,0,0,0,1,
Browse,Ranking Keywords,No top-10 ranking keywords,https://www.chewy.com/b/black-friday-soft-dog-chewy-treats-3252,False,"Prioritize content, metadata, linking, and relevance improvements for this template cohort.",0,,,,,black friday deals on soft and chewy dog treats,,,,,,,,,,,,,,,,,,,,,1,1,18.0,0,1,0,0,
Browse,Ranking Keywords,No top-10 ranking keywords,https://www.chewy.com/b/dog-127374,False,"Prioritize content, metadata, linking, and relevance improvements for this template cohort.",0,,,,,add once to your next autoship dog crates and gear,,,,,,,,,,,,,,,,,,,,,1,1,,0,0,0,1,
Browse,Ranking Keywords,No top-10 ranking keywords,https://www.chewy.com/b/clothing-14369,False,"Prioritize content, metadata, linking, and relevance improvements for this template cohort.",0,,,,,top rated dog clothing by chewy,,,,,,,,,,,,,,,,,,,,,1,1,,0,0,0,1,
Browse,Ranking Keywords,No top-10 ranking keywords,https://www.chewy.com/b/soft-chewy-treats-14326,False,"Prioritize content, metadata, linking, and relevance improvements for this template cohort.",0,,,,,chewy exclusive treats,,,,,,,,,,,,,,,,,,,,,1,1,17.0,0,1,0,0,
Browse,Ranking Keywords,No top-10 ranking keywords,https://www.chewy.com/b/black-friday-dog-flea-tick-8534,False,"Prioritize content, metadata, linking, and relevance improvements for this template cohort.",0,,,,,cyber week deals on dog flea and tick supplies,,,,,,,,,,,,,,,,,,,,,1,1,15.0,0,1,0,0,
Browse,Ranking Keywords,No top-10 ranking keywords,https://www.chewy.com/b/black-friday-dog-fetch-toys-3280,False,"Prioritize content, metadata, linking, and relevance improvements for this template cohort.",0,,,,,black friday deals on dog fetch toys,,,,,,,,,,,,,,,,,,,,,2,1,12.0,0,1,0,1,
Browse,Ranking Keywords,No top-10 ranking keywords,https://www.chewy.com/b/cyber-monday-dog-carriers-travel-5245,True,"Prioritize content, metadata, linking, and relevance improvements for this template cohort.",0,Cyber Week 2025 Deals on Dog Carriers & Travel Gear | Chewy,59,"Shop Chewy for low prices and the best Carriers & Travel! We carry a large selection and the top brands like PetAmi, EliteField, and more. Find everything you need in one place. FREE shipping on orders $49+ and the BEST customer service!",237,cyber week deals on dog carriers and travel gear,Cyber Week Deals on Dog Carriers & Travel Gear,1,cyber-monday-dog-carriers-travel,True,True,False,False,True,False,False,False,56,347,7,,,,,,,3,2,13.0,0,1,0,2,1.0
Browse,Ranking Keywords,No top-10 ranking keywords,https://www.chewy.com/b/id-tags-collars-3244,True,"Prioritize content, metadata, linking, and relevance improvements for this template cohort.",0,Personalized & Custom Cat ID Tags & Collars - Free shipping | Chewy,67,"Shop Chewy for low prices and the best ID Tags & Collars! We carry a large selection and the top brands like GoTags, Red Dingo, and more. Find everything you need in one place. FREE shipping on orders $49+ and the BEST customer service!",236,top rated cat leashes collars bowls and id tags by chewy,Personalized & Custom Cat ID Tags & Collars,1,id-tags-collars,False,False,False,False,True,False,False,False,98,348,4,,,,,,,1,1,23.0,0,0,1,0,1.0
Browse,Ranking Keywords,No top-10 ranking keywords,https://www.chewy.com/b/tech-gps-tracker-tags-125822,True,"Prioritize content, metadata, linking, and relevance improvements for this template cohort.",0,Cat Tech & GPS Tracker Tags - Free shipping | Chewy,51,Shop Chewy for low prices and the best Tech & GPS Tracker Tags! We carry a large selection and the top brands like American Journey and more. Find everything you need in one place. FREE shipping on orders $49+ and the BEST customer service!,240,top rated cat leashes collars bowls and id tags by chewy,Cat Tech & GPS Tracker Tags,1,tech-gps-tracker-tags,True,True,False,False,True,False,False,False,119,342,2,,,,,,,1,1,26.0,0,0,1,0,1.0
Browse,Ranking Keywords,No top-10 ranking keywords,https://www.chewy.com/b/training-treats-14330,False,"Prioritize content, metadata, linking, and relevance improvements for this template cohort.",0,,,,,chewy exclusive dog training treats,,,,,,,,,,,,,,,,,,,,,1,1,23.0,0,0,1,0,
Browse,Ranking Keywords,No top-10 ranking keywords,https://www.chewy.com/b/cyber-monday-dog-pens-gates-8559,True,"Prioritize content, metadata, linking, and relevance improvements for this template cohort.",0,Cyber Week 2025 Deals on Dog Pens & Gates | Chewy,49,"Shop Chewy for low prices and the best Pens & Gates! We carry a large selection and the top brands like EliteField, Frisco, and more. Find everything you need in one place. FREE shipping on orders $49+ and the BEST customer service!",232,cyber week deals on dog pens and gates,Cyber Week Deals on Dog Pens & Gates,1,cyber-monday-dog-pens-gates,True,True,False,False,True,False,False,False,51,344,7,,,,,,,1,1,,0,0,0,1,
Browse,Ranking Keywords,No top-10 ranking keywords,https://www.chewy.com/b/cyber-monday-natural-dog-bones-5228,True,"Prioritize content, metadata, linking, and relevance improvements for this template cohort.",0,Cyber Week 2025 Deals on Natural Dog Bones | Chewy,50,"Shop Chewy for low prices and the best Bones products! We carry a large selection and the top brands like Redbarn, The Country Butcher, and more. Find everything you need in one place. FREE shipping on orders $49+ and the BEST customer service!",244,cyber week deals on natural dog chews,Cyber Week Deals on Natural Dog Bones,1,cyber-monday-natural-dog-bones,True,True,False,False,True,False,False,False,12,337,8,,,,,,,1,1,,0,0,0,1,1.0
Browse,Ranking Keywords,No top-10 ranking keywords,https://www.chewy.com/b/cyber-monday-fish-deals-2967,True,"Prioritize content, metadata, linking, and relevance improvements for this template cohort.",0,Cyber Week 2025 Deals on Fish Supplies | Chewy,46,"Shop Chewy for low prices and the best Fish products! We carry a large selection and the top brands like API, Penn-Plax, and more. Find everything you need in one place. FREE shipping on orders $49+ and the BEST customer service!",229,cyber week deals on water care and fish health supplies,Cyber Week Deals on Fish Supplies,1,cyber-monday-fish-deals,True,True,False,False,True,False,False,False,226,351,6,,,,,,,4,2,,0,0,0,4,1.0
Browse,Ranking Keywords,No top-10 ranking keywords,https://www.chewy.com/b/cyber-monday-small-pet-food-13415,True,"Prioritize content, metadata, linking, and relevance improvements for this template cohort.",0,Cyber Week 2025 Deals on Small Pet Food | Chewy,47,"Shop Chewy for low prices and the best Food products! We carry a large selection and the top brands like Kaytee, Brown's, and more. Find everything you need in one place. FREE shipping on orders $49+ and the BEST customer service!",230,cyber week deals on small pet food,Cyber Week Deals on Small Pet Food,1,cyber-monday-small-pet-food,True,True,False,False,True,False,False,False,41,344,7,,,,,,,1,1,11.0,0,1,0,0,
Browse,Ranking Keywords,No top-10 ranking keywords,https://www.chewy.com/b/cyber-monday-small-pet-deals-2969,True,"Prioritize content, metadata, linking, and relevance improvements for this template cohort.",0,Cyber Week 2025 Deals on Small Pet Supplies | Chewy,51,"Shop Chewy for low prices and the best Small Pet! We carry a large selection and the top brands like PawHut, PGS, and more. Find everything you need in one place. FREE shipping on orders $49+ and the BEST customer service!",222,cyber week deals on small pet treats,Cyber Week Deals on Small Pet Supplies,1,cyber-monday-small-pet-deals,True,True,False,False,True,False,False,False,253,353,6,,,,,,,2,2,19.5,0,1,1,0,1.0
Browse,Ranking Keywords,No top-10 ranking keywords,https://www.chewy.com/b/black-friday-dog-rope-tug-toys-8520,False,"Prioritize content, metadata, linking, and relevance improvements for this template cohort.",0,,,,,black friday deals on rope and tug dog toys,,,,,,,,,,,,,,,,,,,,,3,1,15.0,0,1,0,2,
Browse,Ranking Keywords,No top-10 ranking keywords,https://www.chewy.com/b/cyber-monday-dog-dna-tests-2922,True,"Prioritize content, metadata, linking, and relevance improvements for this template cohort.",0,"Cyber Week 2025 Deals on Dog Cameras, GPS & Tech Supplies | Chewy",65,"Shop Chewy for low prices and the best Technology & DNA Tests! We carry a large selection and the top brands like Littlearth, LvLrister, and more. Find everything you need in one place. FREE shipping on orders $49+ and the BEST customer service!",245,cyber week deals on cat tech and dna tests,Cyber Week Deals on Dog Tech & DNA Tests,1,cyber-monday-dog-dna-tests,True,True,False,False,True,False,False,False,199,346,6,,,,,,,2,2,27.0,0,0,1,1,1.0
Browse,Ranking Keywords,No top-10 ranking keywords,https://www.chewy.com/b/training-6128,True,"Prioritize content, metadata, linking, and relevance improvements for this template cohort.",0,"Puppy Training Aids: Sprays, Pads & Books - Free Shipping | Chewy",65,"Shop Chewy for low prices on puppy training aids. We have a wide selection of puppy training aids including sprays, potty trainer pads, training books and much more to help train your pup to be house broken and well-behaved. FREE shipping on orders $49+ and the BEST customer service!",284,best labrador retriever puppy training aids,Puppy Training Supplies,1,training,True,True,False,False,True,False,False,False,266,372,3,,,,,,,6,6,25.5,0,1,1,4,1.0
Browse,Ranking Keywords,No top-10 ranking keywords,https://www.chewy.com/b/dog-116278,True,"Prioritize content, metadata, linking, and relevance improvements for this template cohort.",0,Interactive Dog Toys for Mental Stimulation - Free shipping | Chewy,67,"Shop Chewy for low prices and the best Dog products! We carry a large selection and the top brands like Kseroo, Pets First, and more. Find everything you need in one place. FREE shipping on orders $49+ and the BEST customer service!",232,top rated dog toys treats and more by chewy,Interactive Dog Toys for Mental Stimulation,1,dog,True,True,False,False,True,False,False,False,194,350,4,,,,,,,1,1,,0,0,0,1,2.0
Browse,Ranking Keywords,No top-10 ranking keywords,https://www.chewy.com/b/rat-cage-accessories-10977,True,"Prioritize content, metadata, linking, and relevance improvements for this template cohort.",0,Rat Habitats | Chewy,20,"Shop Chewy for low prices and the best Cage Accessories & Extensions! We carry a large selection and the top brands like CrazyCritterThings, Nibbles by A&E Cage Company, and more. Find everything you need in one place. FREE shipping on orders $49+ and the BEST customer service!",278,rat habitats and cage extensions,Rat Cage Accessories & Extensions,1,rat-cage-accessories,True,True,False,False,True,False,False,True,14,325,3,,,,,,,1,1,26.0,0,0,1,0,1.0
Browse,Ranking Keywords,No top-10 ranking keywords,https://www.chewy.com/b/shop-by-cat-14333,False,"Prioritize content, metadata, linking, and relevance improvements for this template cohort.",0,,,,,chewy exclusive cat treats,,,,,,,,,,,,,,,,,,,,,1,1,17.0,0,1,0,0,
Browse,Ranking Keywords,No top-10 ranking keywords,https://www.chewy.com/b/cat-treats-168750,True,"Prioritize content, metadata, linking, and relevance improvements for this template cohort.",0,Cat Treats - Free shipping | Chewy,34,Shop Chewy for low prices and the best Cat Treats! We carry a large selection and the top brands like American Journey and more. Find everything you need in one place. FREE shipping on orders $49+ and the BEST customer service!,227,chewy exclusive cat treats,Cat Treats,1,cat-treats,True,False,False,False,True,False,False,False,15,307,3,,,,,,,1,1,20.0,0,1,0,0,1.0
Browse,Ranking Keywords,No top-10 ranking keywords,https://www.chewy.com/b/black-friday-dog-dental-treats-3254,False,"Prioritize content, metadata, linking, and relevance improvements for this template cohort.",0,,,,,black friday deals on dog hard chews,,,,,,,,,,,,,,,,,,,,,1,1,11.0,0,1,0,0,
Browse,Ranking Keywords,No top-10 ranking keywords,https://www.chewy.com/b/shop-by-dog-13725,False,"Prioritize content, metadata, linking, and relevance improvements for this template cohort.",0,,,,,zoomies and chill dog shop,,,,,,,,,,,,,,,,,,,,,1,1,,0,0,0,1,
Browse,Ranking Keywords,No top-10 ranking keywords,https://www.chewy.com/b/cat-127318,False,"Prioritize content, metadata, linking, and relevance improvements for this template cohort.",0,,,,,top rated cat toys by chewy,,,,,,,,,,,,,,,,,,,,,1,1,20.0,0,1,0,0,
Browse,Ranking Keywords,No top-10 ranking keywords,https://www.chewy.com/b/dehydrated-dog-treats-11876,True,"Prioritize content, metadata, linking, and relevance improvements for this template cohort.",0,Dehydrated Dog Treats - Free Shipping | Chewy,45,"Shop Chewy for low prices and the best Dehydrated Treats! We carry a large selection and the top brands like this and that Canine Company, Polkadog, and more. Find everything you need in one place. FREE shipping on orders $49+ and the BEST customer service!",257,chewy exclusive freeze-dried and dehydrated dog treats,Dehydrated Dog Treats,1,dehydrated-dog-treats,True,True,False,False,True,False,False,True,534,353,2,,,,,,,1,1,17.0,0,1,0,0,1.0
Browse,Ranking Keywords,No top-10 ranking keywords,https://www.chewy.com/b/black-friday-dog-carriers-travel-5244,False,"Prioritize content, metadata, linking, and relevance improvements for this template cohort.",0,,,,,black friday deals on dog carriers and travel gear,,,,,,,,,,,,,,,,,,,,,1,1,,0,0,0,1,
Browse,Ranking Keywords,No top-10 ranking keywords,https://www.chewy.com/b/dog-127406,False,"Prioritize content, metadata, linking, and relevance improvements for this template cohort.",0,,,,,add once to your next autoship dog grooming,,,,,,,,,,,,,,,,,,,,,1,1,29.0,0,0,1,0,
Browse,Ranking Keywords,No top-10 ranking keywords,https://www.chewy.com/b/beds-crates-more-2290,True,"Prioritize content, metadata, linking, and relevance improvements for this template cohort.",0,"Puppy Home Essentials: Crates, Beds, Feeders & More - Free Ship | Chewy",71,"Shop Chewy for low prices on home essentials for your new puppy. We have a wide selection of puppy home essentials including puppy crates, beds, bowls, feeders, travel gear, and other accessories to make owning your new puppy easy. FREE shipping on orders $49+ and the BEST customer service!",291,puppy beds crates and more,"Puppy Beds, Crates & More",1,beds-crates-more,True,True,False,False,True,False,False,False,280,356,4,,,,,,,2,2,17.0,0,1,0,1,1.0
Browse,Ranking Keywords,No top-10 ranking keywords,https://www.chewy.com/b/cyber-monday-soft-dog-chewy-treats-3263,True,"Prioritize content, metadata, linking, and relevance improvements for this template cohort.",0,Cyber Week 2025 Deals on Soft & Chewy Dog Treats | Chewy,56,"Shop Chewy for low prices and the best Soft & Chewy Treats! We carry a large selection and the top brands like Zuke's, Beggin', and more. Find everything you need in one place. FREE shipping on orders $49+ and the BEST customer service!",236,cyber week deals on soft and chewy dog treats,Cyber Week Deals on Soft & Chewy Dog Treats,1,cyber-monday-soft-dog-chewy-treats,True,True,False,False,True,False,False,False,40,346,7,,,,,,,1,1,,0,0,0,1,1.0
Browse,Ranking Keywords,No top-10 ranking keywords,https://www.chewy.com/b/technology-products-for-cats-8311,True,"Prioritize content, metadata, linking, and relevance improvements for this template cohort.",0,Cat Technology Products: Cameras & GPS (Free Shipping) | Chewy,62,"Shop Chewy for low prices and the best Cat Tech & Smart Home! We carry a large selection and the top brands like Nordic Pure, PetSafe, and more. Find everything you need in one place. FREE shipping on orders $49+ and the BEST customer service!",243,best cat tech gadgets,Cat Tech & Smart Home Devices,1,technology-products-for-cats,True,True,False,False,True,False,False,True,318253,362,1,,,,,,,2,2,17.5,0,1,1,0,1.0
Browse,Ranking Keywords,No top-10 ranking keywords,https://www.chewy.com/b/trees-condos-furniture-14366,False,"Prioritize content, metadata, linking, and relevance improvements for this template cohort.",0,,,,,top rated cat trees condos and furniture by chewy,,,,,,,,,,,,,,,,,,,,,1,1,,0,0,0,1,
Browse,Ranking Keywords,No top-10 ranking keywords,https://www.chewy.com/b/shop-by-cat-8332,False,"Prioritize content, metadata, linking, and relevance improvements for this template cohort.",0,,,,,cat favorites by chewy,,,,,,,,,,,,,,,,,,,,,1,1,,0,0,0,1,
Browse,Ranking Keywords,No top-10 ranking keywords,https://www.chewy.com/b/cyber-monday-dog-rope-tug-toys-8554,True,"Prioritize content, metadata, linking, and relevance improvements for this template cohort.",0,Cyber Week 2025 Deals on Dog Rope & Tug Toys | Chewy,52,"Shop Chewy for low prices and the best Rope & Tug Toys! We carry a large selection and the top brands like Mammoth, KONG, and more. Find everything you need in one place. FREE shipping on orders $49+ and the BEST customer service!",230,cyber week deals on rope and tug dog toys,Cyber Week Deals on Rope & Tug Dog Toys,1,cyber-monday-dog-rope-tug-toys,True,True,False,False,True,False,False,False,203,347,7,,,,,,,1,1,,0,0,0,1,1.0
Browse,Ranking Keywords,No top-10 ranking keywords,https://www.chewy.com/b/grooming-127286,False,"Prioritize content, metadata, linking, and relevance improvements for this template cohort.",0,,,,,add once to your next autoship cat grooming,,,,,,,,,,,,,,,,,,,,,1,1,,0,0,0,1,
Browse,Ranking Keywords,No top-10 ranking keywords,https://www.chewy.com/b/pet-parent-gifts_c5249_p6,False,"Prioritize content, metadata, linking, and relevance improvements for this template cohort.",0,,,,,cyber week deals on cat-themed drinkware,,,,,,,,,,,,,,,,,,,,,1,1,,0,0,0,1,
Browse,Ranking Keywords,No top-10 ranking keywords,https://www.chewy.com/b/pet-parent-accessories-15473,True,"Prioritize content, metadata, linking, and relevance improvements for this template cohort.",0,Accessories for Pet Parents - Free shipping | Chewy,51,"Shop Chewy for low prices and the best Accessories products! We carry a large selection and the top brands like ISlide, E&S PETS, and more. Find everything you need in one place. FREE shipping on orders $49+ and the BEST customer service!",238,pet themed accessories,Accessories for Pet Parents,1,pet-parent-accessories,True,True,False,False,True,False,False,True,1891,346,4,,,,,,,2,2,27.0,0,0,1,1,1.0
Browse,Ranking Keywords,No top-10 ranking keywords,https://www.chewy.com/b/cyber-monday-dog-dental-treats-3265,True,"Prioritize content, metadata, linking, and relevance improvements for this template cohort.",0,Cyber Week 2025 Deals on Dental & Hard Chew Dog Treats | Chewy,62,"Shop Chewy for low prices and the best Dental Treats! We carry a large selection and the top brands like DentaLife, Merrick, and more. Find everything you need in one place. FREE shipping on orders $49+ and the BEST customer service!",233,cyber week deals on dog dental treats,Cyber Week Deals on Dog Dental Treats,1,cyber-monday-dog-dental-treats,True,True,False,False,True,False,False,False,38,344,7,,,,,,,3,3,,0,0,0,3,1.0
Browse,Ranking Keywords,No top-10 ranking keywords,https://www.chewy.com/b/black-friday-plush-dog-toys-3279,False,"Prioritize content, metadata, linking, and relevance improvements for this template cohort.",0,,,,,black friday deals on plush dog toys,,,,,,,,,,,,,,,,,,,,,1,1,18.0,0,1,0,0,
Browse,Ranking Keywords,No top-10 ranking keywords,https://www.chewy.com/b/cyber-monday-freeze-dried-dog-food-3270,True,"Prioritize content, metadata, linking, and relevance improvements for this template cohort.",0,Cyber Week 2025 Deals on Freeze-Dried Dog Food | Chewy,54,"Shop Chewy for low prices and the best Freeze-Dried Food! We carry a large selection and the top brands like Muenster, Caledon Farms, and more. Find everything you need in one place. FREE shipping on orders $49+ and the BEST customer service!",242,cyber week deals on freeze-dried and dehydrated dog food,Cyber Week Deals on Freeze-Dried Dog Food,1,cyber-monday-freeze-dried-dog-food,True,True,False,False,True,False,False,False,1,332,8,,,,,,,1,1,,0,0,0,1,1.0
Browse,Ranking Keywords,No top-10 ranking keywords,https://www.chewy.com/b/frog-food-1028,True,"Prioritize content, metadata, linking, and relevance improvements for this template cohort.",0,Frog Food | Chewy,17,"Shop Chewy for low prices and a wide selection of pet frog & newt food & treats to keep them happy and healthy. From pellets to powder, dehydrated to freeze-dried and more, Chewy has the best products from top-rated brands. *FREE* shipping on orders $49+ and the BEST customer service!",285,live frog food,Frog Food,1,frog-food,False,False,False,False,True,False,False,True,5,363,3,,,,,,,1,1,,0,0,0,1,
Browse,Ranking Keywords,No top-10 ranking keywords,https://www.chewy.com/b/pet-healthcare-15742,True,"Prioritize content, metadata, linking, and relevance improvements for this template cohort.",0,Pet Healthcare - Free shipping | Chewy,38,"Shop Chewy for low prices and the best Pet Healthcare! We carry a large selection and the top brands like Healthy Breeds, Trilostane Compounded, and more. Find everything you need in one place. FREE shipping on orders $49+ and the BEST customer service!",253,chewy telephone number,Pet Healthcare,1,pet-healthcare,False,False,False,False,True,False,False,False,198,348,4,,,,,,,2,2,27.0,0,0,2,0,
Browse,Ranking Keywords,No top-10 ranking keywords,https://www.chewy.com/b/chinchilla-feeding-accessories-11040,True,"Prioritize content, metadata, linking, and relevance improvements for this template cohort.",0,Chinchilla Feeding Accessories | Chewy,38,"Shop Chewy for low prices and the best Water Bottles & Feeders! We carry a large selection and the top brands like Waggo, Lixit, and more. Find everything you need in one place. FREE shipping on orders $49+ and the BEST customer service!",237,chinchilla feeding accessories,Chinchilla Water Bottles & Feeders,1,chinchilla-feeding-accessories,True,True,False,False,True,False,False,True,38,357,3,,,,,,,2,2,14.5,0,2,0,0,1.0
Browse,Ranking Keywords,No top-10 ranking keywords,https://www.chewy.com/b/limited-ingredient-dog-treats-11850,True,"Prioritize content, metadata, linking, and relevance improvements for this template cohort.",0,Limited Ingredient Dog Treats - Free Shipping | Chewy,53,"Shop Chewy for low prices and the best Limited Ingredient Diet! We carry a large selection and the top brands like Bonne et Filou, Bocce's Bakery, and more. Find everything you need in one place. FREE shipping on orders $49+ and the BEST customer service!",255,deals on limited ingredient biscuits and crunchy treats for dogs,Limited Ingredient Biscuits and Crunchy Treats for Dogs,1,limited-ingredient-dog-treats,True,True,False,False,True,False,False,True,153,358,2,,,,,,,4,3,,0,0,0,4,1.0
Browse,Ranking Keywords,No top-10 ranking keywords,https://www.chewy.com/b/cat-allergy-medicine-11596,True,"Prioritize content, metadata, linking, and relevance improvements for this template cohort.",0,Allergy Medicine for Cats: Cat Allergy Meds (Ships Free) | Chewy RX,67,Shop Chewy Pharmacy for the best prices on Prescription Cat Allergy Meds. We have top brands and generics like Atopica & Prednisolone. FREE shipping on $49+ orders!,164,deals on over-the-counter allergy and respiratory care for cats,Prescription Allergy & Immune Support For Cats,1,cat-allergy-medicine,True,True,False,False,True,False,False,True,318253,352,1,good,1701.0,good,0.035,,,3,3,,0,0,0,3,2.0
Browse,Ranking Keywords,No top-10 ranking keywords,https://www.chewy.com/b/trending-12464,True,"Prioritize content, metadata, linking, and relevance improvements for this template cohort.",0,Trending Dog Costumes - Free shipping | Chewy,45,"Shop Chewy for low prices and the best Trending products! We carry a large selection and the top brands like Frisco, Buckle-Down, and more. Find everything you need in one place. FREE shipping on orders $49+ and the BEST customer service!",238,chewy exclusive dog costumes on sale,Trending Dog Costumes,1,trending,True,True,False,False,True,False,False,False,94,343,3,,,,,,,1,1,22.0,0,0,1,0,
Browse,Ranking Keywords,No top-10 ranking keywords,https://www.chewy.com/b/new-dog-costumes-129006,True,"Prioritize content, metadata, linking, and relevance improvements for this template cohort.",0,New Dog Costumes - Free shipping | Chewy,40,"Shop Chewy for low prices and the best New Dog Costumes! We carry a large selection and the top brands like Rubie's Costume Company, Frisco, and more. Find everything you need in one place. FREE shipping on orders $49+ and the BEST customer service!",249,chewy exclusive dog costumes on sale,New Dog Costumes,1,new-dog-costumes,True,True,False,False,True,False,False,False,20,342,4,,,,,,,1,1,25.0,0,0,1,0,
Browse,Ranking Keywords,No top-10 ranking keywords,https://www.chewy.com/b/kidney-care-12259,False,"Prioritize content, metadata, linking, and relevance improvements for this template cohort.",0,,,,,kidney care dry cat food on sale,,,,,,,,,,,,,,,,,,,,,4,4,24.0,0,1,3,0,
Browse,Ranking Keywords,No top-10 ranking keywords,https://www.chewy.com/b/allergies-respiratory-care-157734,True,"Prioritize content, metadata, linking, and relevance improvements for this template cohort.",0,Over-the-counter allergy & respiratory remedies for dogs - Free shipping | Chewy,80,"Shop Chewy for low prices and the best Allergies & Respiratory Care! We carry a large selection and the top brands like PetAlive, Prana Pets, and more. Find everything you need in one place. FREE shipping on orders $49+ and the BEST customer service!",250,over-the-counter allergy and respiratory care for cats on sale,Over-the-counter allergy & respiratory remedies for dogs,1,allergies-respiratory-care,True,True,False,False,True,False,False,False,47,321,4,,,,,,,1,1,27.0,0,0,1,0,1.0
Browse,Ranking Keywords,No top-10 ranking keywords,https://www.chewy.com/b/aquarium-and-fish-tank-powerheads-and-pumps-1741,True,"Prioritize content, metadata, linking, and relevance improvements for this template cohort.",0,Aquarium & Fish Tank Water Pump | Chewy,39,"Shop Chewy for low prices on the best water pumps and powerheads for fish tanks, aquariums and ponds. We carry a wide selection for freshwater, saltwater tanks and ponds to improve water quality and circulation. *FREE* shipping on orders $49+ and the BEST customer service!",273,aquarium pumps,Aquarium & Fish Tank Powerheads & Pumps,1,aquarium-and-fish-tank-powerheads-and-pumps,True,True,False,False,True,False,False,True,83,361,3,,,,,,,12,12,19.4,0,6,4,2,1.0
Browse,Ranking Keywords,No top-10 ranking keywords,https://www.chewy.com/b/cat-flea-and-tick-treatment-bundles-107246,True,"Prioritize content, metadata, linking, and relevance improvements for this template cohort.",0,Cat Flea & Tick Treatment Bundles - Free shipping | Chewy,57,"Shop Chewy for low prices and the best Treatment Bundles! We carry a large selection and the top brands like Advantage, Advantage II, and more. Find everything you need in one place. FREE shipping on orders $49+ and the BEST customer service!",242,dog tick treatment bundles,Cat Flea & Tick Treatment Bundles,1,cat-flea-and-tick-treatment-bundles,True,True,False,False,True,False,False,False,25,315,2,,,,,,,4,4,27.0,0,0,1,3,1.0
Browse,Ranking Keywords,No top-10 ranking keywords,https://www.chewy.com/b/cat-toys-12409,True,"Prioritize content, metadata, linking, and relevance improvements for this template cohort.",0,Cat Birthday Toys - Free shipping | Chewy,41,"Shop Chewy for low prices and the best Cat Toys! We carry a large selection and the top brands like Frisco, KONG, and more. Find everything you need in one place. FREE shipping on orders $49+ and the BEST customer service!",222,chewy cat,Cat Birthday Toys,1,cat-toys,True,True,False,False,True,False,False,False,12,344,5,,,,,,,5,5,26.33,0,0,3,2,1.0
Browse,Ranking Keywords,No top-10 ranking keywords,https://www.chewy.com/b/cat-2670,True,"Prioritize content, metadata, linking, and relevance improvements for this template cohort.",0,New Arrivals for Cats - Free shipping | Chewy,45,"Shop Chewy for low prices and the best Cat products! We carry a large selection and the top brands like NonoPets, Kseroo, and more. Find everything you need in one place. FREE shipping on orders $49+ and the BEST customer service!",230,chewy for cats,New Arrivals for Cats,1,cat,True,True,False,False,True,False,False,False,1030,354,3,,,,,,,5,5,24.0,0,0,2,3,1.0
Browse,Ranking Keywords,No top-10 ranking keywords,https://www.chewy.com/b/cat-166070,False,"Prioritize content, metadata, linking, and relevance improvements for this template cohort.",0,,,,,chewy cat toys,,,,,,,,,,,,,,,,,,,,,1,1,16.0,0,1,0,0,
Browse,Ranking Keywords,No top-10 ranking keywords,https://www.chewy.com/b/prescription-flea-tick-for-pets-159382,True,"Prioritize content, metadata, linking, and relevance improvements for this template cohort.",0,Prescription Pet Flea Meds & Treatment for Cats & Dogs (Free Shipping) | Chewy,78,Shop Chewy Pharmacy for low prices on prescription flea & tick treatment for dogs and cats. Chewy Pharmacy has oral and topical flea treatments and is your one-stop-shop for all of your pet's prescriptions. *FREE* shipping on orders $49+ and the BEST customer service!,268,chewy pet meds,Prescription Flea & Tick for Pets,1,prescription-flea-tick-for-pets,True,True,False,False,True,False,False,False,21,357,2,good,2148.0,good,0.01,,,4,4,25.0,0,1,1,2,3.0
Browse,Ranking Keywords,No top-10 ranking keywords,https://www.chewy.com/b/bird-6800,False,"Prioritize content, metadata, linking, and relevance improvements for this template cohort.",0,,,,,chewy box,,,,,,,,,,,,,,,,,,,,,1,1,,0,0,0,1,
Browse,Ranking Keywords,No top-10 ranking keywords,https://www.chewy.com/b/black-friday-dry-dog-food-3257,False,"Prioritize content, metadata, linking, and relevance improvements for this template cohort.",0,,,,,chewy black friday,,,,,,,,,,,,,,,,,,,,,2,2,25.0,0,0,1,1,
Browse,Ranking Keywords,No top-10 ranking keywords,https://www.chewy.com/b/puppy-flea-tick-2807,True,"Prioritize content, metadata, linking, and relevance improvements for this template cohort.",0,"Flea, Tick & Heartworm Prevention for Puppies - Free shipping | Chewy",69,"Shop Chewy for low prices on flea, tick and heartworm prevention medication for puppies. We have a wide selection of flea, tick and heartworm prevention treatments for puppies to keep your pup happy, healthy and free of fleas and ticks FREE shipping on orders $49+ and the BEST customer service!",295,chewy flea and tick,"Heartworm, Flea & Tick Prevention for Puppies",1,puppy-flea-tick,True,True,False,False,True,False,False,True,4,320,3,,,,,,,1,1,21.0,0,0,1,0,3.0
Browse,Ranking Keywords,No top-10 ranking keywords,https://www.chewy.com/b/flea-and-tick-yard-and-home-treatments-1416,True,"Prioritize content, metadata, linking, and relevance improvements for this template cohort.",0,Dog Safe Flea & Tick Treatments For Home & Yard (Free Shipping) | Chewy,71,"Treat and prevent pesky pest infestations with Chewy's dog flea and tick treatments for your home and yard. We carry flea & tick sprays, foggers, repellents & more - all safe for your precious pup. FREE shipping on orders $49+ and the BEST customer service!",257,flea and tick yard and home treatments,Flea & Tick Home & Yard Treatments (Dog Safe),1,flea-and-tick-yard-and-home-treatments,True,True,False,False,True,False,False,True,120,355,2,good,2181.0,good,0.05,,,9,8,23.33,0,1,2,6,12.0
Browse,Ranking Keywords,No top-10 ranking keywords,https://www.chewy.com/b/plant-based-flea-and-tick-treatment-for-dogs-143782,True,"Prioritize content, metadata, linking, and relevance improvements for this template cohort.",0,Plant Based Flea & Tick Treatment For Dogs - Free shipping | Chewy,66,"Shop Chewy for low prices and the best Plant-based Flea & Tick Treatments! We carry a large selection and the top brands like Wondercide, EcoSMART, and more. Find everything you need in one place. FREE shipping on orders $49+ and the BEST customer service!",256,plant based flea and tick treatment for dogs,Plant Based Flea & Tick Treatment For Dogs,1,plant-based-flea-and-tick-treatment-for-dogs,True,True,False,False,True,False,False,True,89,352,2,,,,,,,2,2,18.0,0,1,0,1,1.0
Browse,Ranking Keywords,No top-10 ranking keywords,https://www.chewy.com/b/raw-cat-food-8434,True,"Prioritize content, metadata, linking, and relevance improvements for this template cohort.",0,"Raw Cat Food - Raw Inspired Cat Food, Mixers & More | Chewy",59,"Shop raw cat food made with meat first recipes so you can add minimally processed options, treats and toppers to help tailor your cat food routine.",147,best raw cat food diet,Raw Cat Food,1,raw-cat-food,True,True,False,False,True,False,False,True,1314,370,2,good,2188.0,good,0.03,,,25,22,20.74,0,11,12,2,3.0
Browse,Ranking Keywords,No top-10 ranking keywords,https://www.chewy.com/b/adult-wet-cat-food-14254,True,"Prioritize content, metadata, linking, and relevance improvements for this template cohort.",0,Wet Cat Food for Adult Cats - Free shipping | Chewy,51,"Shop Chewy for the best wet cat food for adult cats! We carry a large selection and the top brands like Weruva, Wellness, and more. FREE shipping on orders $49+!",161,chewy canned cat food,Adult Wet Cat Food,1,adult-wet-cat-food,True,True,False,False,True,False,False,True,718,357,2,,,,,,,3,3,19.0,0,1,0,2,1.0
Browse,Ranking Keywords,No top-10 ranking keywords,https://www.chewy.com/b/wet-cat-food-153054,True,"Prioritize content, metadata, linking, and relevance improvements for this template cohort.",0,Shop Everyday Favorite Wet Cat Food - Free shipping | Chewy,59,"Shop Chewy for low prices and the best Wet Cat Food! We carry a large selection and the top brands like Fancy Feast, Friskies, and more. Find everything you need in one place. FREE shipping on orders $49+ and the BEST customer service!",235,chewy com cat food,Shop Everyday Favorite Wet Cat Food,1,wet-cat-food,False,False,False,False,True,False,False,False,38,356,3,,,,,,,1,1,,0,0,0,1,1.0
Browse,Ranking Keywords,No top-10 ranking keywords,https://www.chewy.com/b/shop-everyday-favorites-142462,True,"Prioritize content, metadata, linking, and relevance improvements for this template cohort.",0,Shop Everyday Favorite Dry Cat Food - Free shipping | Chewy,59,"Shop Chewy for low prices and the best Shop Everyday Favorites! We carry a large selection and the top brands like Purina ONE, Iams, and more. Find everything you need in one place. FREE shipping on orders $49+ and the BEST customer service!",241,chewy com cat food,Shop Everyday Favorite Dry Cat Food,1,shop-everyday-favorites,False,False,False,False,True,False,False,False,125,351,2,,,,,,,1,1,,0,0,0,1,1.0
Browse,Ranking Keywords,No top-10 ranking keywords,https://www.chewy.com/b/indoor-cat-food-11666,True,"Prioritize content, metadata, linking, and relevance improvements for this template cohort.",0,Indoor Cat Food - Free Shipping | Chewy,39,"Shop Chewy for low prices and the best Indoor Cat Food! We carry a large selection and the top brands like Blue Buffalo, Purina ONE, and more. Find everything you need in one place. FREE shipping on orders $49+ and the BEST customer service!",241,chewy dry cat food,Indoor Cat Food,1,indoor-cat-food,False,False,False,False,True,False,False,False,508,356,2,,,,,,,3,3,15.67,0,3,0,0,1.0
Browse,Ranking Keywords,No top-10 ranking keywords,https://www.chewy.com/b/high-quality-dry-dog-food-11729,True,"Prioritize content, metadata, linking, and relevance improvements for this template cohort.",0,"High Quality Dry Dog Food - Low Prices, Top Brands | Chewy",58,"Shop Chewy for low prices and the best Shop Highest Quality! We carry a large selection and the top brands like Royal Canin, Purina Pro Plan, and more. Find everything you need in one place. FREE shipping on orders $49+ and the BEST customer service!",250,chewy dog foods,Highest Quality Dry Dog Food,1,high-quality-dry-dog-food,True,True,False,False,True,False,False,True,854,358,2,good,2363.0,good,0.05,,,9,9,25.25,0,0,4,5,13.0
Browse,Ranking Keywords,No top-10 ranking keywords,https://www.chewy.com/b/dog-chain-collar-2583,True,"Prioritize content, metadata, linking, and relevance improvements for this template cohort.",0,"Prong Collars for Dogs: Chain, Pinch Dog Collars (Free Shipping) | Chewy",72,"Shop Chewy for low prices on dog prong, chain and slip training collars for dogs. We have a wide selection of dog prong collars and slip training collars that can help train your dog to walk better on the leash and reduce pulling. *FREE* shipping on orders $49+ and the BEST customer service!",292,prong dog collar,Dog Training Prong & Chain Collars,1,dog-chain-collar,True,True,False,False,True,False,False,True,709,352,3,good,1492.0,good,0.045,,,12,12,17.2,0,8,2,2,6.0
Browse,Ranking Keywords,No top-10 ranking keywords,https://www.chewy.com/b/automatic-litter-box-8316,True,"Prioritize content, metadata, linking, and relevance improvements for this template cohort.",0,Cat Automatic Litter Boxes - Free shipping | Chewy,50,"Shop Chewy for low prices and the best Automatic Litter Boxes! We carry a large selection and the top brands like PetSafe, PETKIT, and more. Find everything you need in one place. FREE shipping on orders $49+ and the BEST customer service!",239,chewy litter box,Cat Automatic Litter Boxes,1,automatic-litter-box,False,True,False,False,True,False,False,False,32,358,2,,,,,,,3,3,,0,0,0,3,3.0
Browse,Ranking Keywords,No top-10 ranking keywords,https://www.chewy.com/b/puppy-crates-6100,True,"Prioritize content, metadata, linking, and relevance improvements for this template cohort.",0,"Puppy Crates: Wire, Soft-Sided & More - Free Shipping | Chewy",61,"Shop Chewy for low prices on puppy crates. We have a wide selection of puppy crates in different sizes and styles like wire crates, soft-sided crates, furniture crates and more. FREE shipping on orders $49+ and the BEST customer service!",237,chewy dog cage,Puppy Crates & Kennels,1,puppy-crates,True,True,False,False,True,False,False,False,62,358,3,,,,,,,1,1,,0,0,0,1,1.0
Browse,Ranking Keywords,No top-10 ranking keywords,https://www.chewy.com/b/horse-pharmacy-11617,True,"Prioritize content, metadata, linking, and relevance improvements for this template cohort.",0,Horse Medicine: Prescription Horse Pharmacy & Medication (Ships Free) | Chewy,77,Shop Chewy Pharmacy for the best prices on Prescription Horse Medicine. We have top Equine brands and the best generic drugs available. FREE shipping on $49+ orders!,165,horse medicine,Horse Medicine,1,horse-pharmacy,True,True,False,False,True,False,False,True,327550,371,1,good,2196.0,good,0.0,,,2,2,20.0,0,1,0,1,4.0
Browse,Ranking Keywords,No top-10 ranking keywords,https://www.chewy.com/b/tapeworm-dewormers-165606,True,"Prioritize content, metadata, linking, and relevance improvements for this template cohort.",0,Prescription Tapeworm Dewormers For Cats - Free shipping | Chewy,64,"Shop Chewy for low prices and the best Tapeworm Dewormers! We carry a large selection and the top brands like Praziquantel Compounded, Profender, and more. Find everything you need in one place. FREE shipping on orders $49+ and the BEST customer service!",254,chewy cat dewormer,Prescription Tapeworm Dewormers For Cats,1,tapeworm-dewormers,True,True,False,False,True,False,False,False,38,321,2,,,,,,,1,1,26.0,0,0,1,0,1.0
Browse,Ranking Keywords,No top-10 ranking keywords,https://www.chewy.com/b/multi-parasite-dewormers-165598,True,"Prioritize content, metadata, linking, and relevance improvements for this template cohort.",0,Prescription Multi-Parasite Dewormers For Cats - Free shipping | Chewy,70,"Shop Chewy for low prices and the best Multi-Parasite Dewormers! We carry a large selection and the top brands like Fenbendazole Compounded, Profender, and more. Find everything you need in one place. FREE shipping on orders $49+ and the BEST customer service!",260,chewy cat dewormer,Prescription Multi-Parasite Dewormers For Cats,1,multi-parasite-dewormers,True,True,False,False,True,False,False,False,38,323,2,,,,,,,1,1,28.0,0,0,1,0,1.0
Browse,Ranking Keywords,No top-10 ranking keywords,https://www.chewy.com/b/cat-carrier-bags-10032,True,"Prioritize content, metadata, linking, and relevance improvements for this template cohort.",0,Cat Travel Bags: Best Cat Carrier Bags for Travel (Free Shipping) | Chewy,73,"Shop Chewy for low prices and the best Bags products! We carry a large selection and the top brands like Littlearth, EliteField, and more. Find everything you need in one place. FREE shipping on orders $49+ and the BEST customer service!",237,chewy cat carrier,Cat Carrier Bags,1,cat-carrier-bags,True,True,False,False,True,False,False,True,85,355,3,,,,,,,2,2,19.5,0,1,1,0,1.0
Browse,Ranking Keywords,No top-10 ranking keywords,https://www.chewy.com/b/cat-11826,True,"Prioritize content, metadata, linking, and relevance improvements for this template cohort.",0,Halloween Cat Toys - Free shipping | Chewy,42,"Shop Chewy for low prices and the best Cat products! We carry a large selection and the top brands like Frisco, P.L.A.Y. Pet Lifestyle and You, and more. Find everything you need in one place. FREE shipping on orders $49+ and the BEST customer service!",252,cat chewy,Halloween Cat Toys,1,cat,True,True,False,False,True,False,False,False,8,341,5,,,,,,,1,1,25.0,0,0,1,0,4.0
Browse,Ranking Keywords,No top-10 ranking keywords,https://www.chewy.com/b/dog-toys-12408,True,"Prioritize content, metadata, linking, and relevance improvements for this template cohort.",0,Dog Birthday Toys - Free shipping | Chewy,41,"Shop Chewy for low prices and the best Dog Toys! We carry a large selection and the top brands like Nylabone, Frisco, and more. Find everything you need in one place. FREE shipping on orders $49+ and the BEST customer service!",226,chewy dog toy,Dog Birthday Toys,1,dog-toys,True,True,False,False,True,False,False,False,29,347,5,good,1624.0,poor,0.84,,,1,1,18.0,0,1,0,0,5.0
Browse,Ranking Keywords,No top-10 ranking keywords,https://www.chewy.com/b/flea-and-tick-pills-for-cats-11592,True,"Prioritize content, metadata, linking, and relevance improvements for this template cohort.",0,Prescription Flea & Tick Pills for Cats (Ships Free) | Chewy RX,63,"Shop Chewy Pharmacy for the best prices on Oral Flea & Tick Medicine for Cats. We have top brands like Bravecto, Advantage Multi & Revolution. FREE shipping on $49+ orders!",172,chewy flea and tick for cats,Flea & Tick Pills For Cats,1,flea-and-tick-pills-for-cats,True,True,False,False,True,False,False,True,17,315,2,,,,,,,1,1,23.0,0,0,1,0,1.0
Browse,Ranking Keywords,No top-10 ranking keywords,https://www.chewy.com/b/flea-and-tick-topical-for-cats-11593,True,"Prioritize content, metadata, linking, and relevance improvements for this template cohort.",0,Prescription Cat Flea & Tick Topical Treatment (Ships Free) | Chewy RX,70,"Shop Chewy Pharmacy for the best prices on Topical Flea & Tick Medicine for Cats. We have top brands like Bravecto, Advantage Multi & Revolution. FREE shipping on $49+ orders!",175,chewy flea and tick for cats,Flea & Tick Topicals For Cats,1,flea-and-tick-topical-for-cats,True,True,False,False,True,False,False,True,21,339,2,,,,,,,1,1,29.0,0,0,1,0,1.0
Browse,Ranking Keywords,No top-10 ranking keywords,https://www.chewy.com/b/scratching-posts-2367,True,"Prioritize content, metadata, linking, and relevance improvements for this template cohort.",0,Cat Window & Wall Scratchers: Low Prices (Free Shipping) | Chewy,64,"Shop Chewy for low prices and the best Scratching Posts! We carry a large selection and the top brands like THE LICKER STORE, Happy & Polly, and more. Find everything you need in one place. FREE shipping on orders $49+ and the BEST customer service!",249,chewy cat scratcher,Cat Scratching Posts,1,scratching-posts,True,True,False,False,True,False,False,True,87,356,2,,,,,,,2,2,14.5,0,2,0,0,1.0
Browse,Ranking Keywords,No top-10 ranking keywords,https://www.chewy.com/b/outdoor-beds-137918,True,"Prioritize content, metadata, linking, and relevance improvements for this template cohort.",0,Outdoor Dog Beds - Free shipping | Chewy,40,"Shop Chewy for low prices and the best Outdoor Beds! We carry a large selection and the top brands like Snoozer Pet Products, FurHaven, and more. Find everything you need in one place. FREE shipping on orders $49+ and the BEST customer service!",244,dog bed chewy,Outdoor Dog Beds,1,outdoor-beds,True,True,False,False,True,False,False,False,143,341,4,,,,,,,1,1,16.0,0,1,0,0,1.0
Browse,Ranking Keywords,No top-10 ranking keywords,https://www.chewy.com/b/pet-water-fountains-127638,True,"Prioritize content, metadata, linking, and relevance improvements for this template cohort.",0,Pet Water Fountains - Free shipping | Chewy,43,"Shop Chewy for low prices and the best Water Fountains! We carry a large selection and the top brands like PetSafe, PEKTACO, and more. Find everything you need in one place. FREE shipping on orders $49+ and the BEST customer service!",233,chewy cat water fountain,Pet Water Fountains,1,pet-water-fountains,True,True,False,False,True,False,False,True,39,357,2,,,,,,,1,1,30.0,0,0,1,0,1.0
Browse,Ranking Keywords,No top-10 ranking keywords,https://www.chewy.com/b/shop-everyday-favorites-153038,True,"Prioritize content, metadata, linking, and relevance improvements for this template cohort.",0,Shop Everyday Favorite Cat Food - Free shipping | Chewy,55,"Shop Chewy for low prices and the best Shop Everyday Favorites! We carry a large selection and the top brands like Fancy Feast, Friskies, and more. Find everything you need in one place. FREE shipping on orders $49+ and the BEST customer service!",246,cat food chewy,Shop Everyday Favorite Cat Food,1,shop-everyday-favorites,False,False,False,False,True,False,False,False,1080,357,2,,,,,,,3,3,,0,0,0,3,1.0
Browse,Ranking Keywords,No top-10 ranking keywords,https://www.chewy.com/b/personalized-and-custom-cat-collars-3234,True,"Prioritize content, metadata, linking, and relevance improvements for this template cohort.",0,"Personalized Cat Collars: Breakaway, Reflective (Free Shipping) | Chewy",71,"Shop Chewy for low prices and the best Personalized products! We carry a large selection and the top brands like GoTags, Buckle-Down, and more. Find everything you need in one place. FREE shipping on orders $49+ and the BEST customer service!",242,personalized cat collars,Personalized & Custom Cat Collars,1,personalized-and-custom-cat-collars,True,True,False,False,True,False,False,True,388,352,3,,,,,,,3,3,14.5,0,2,0,1,7.0
Browse,Ranking Keywords,No top-10 ranking keywords,https://www.chewy.com/b/dust-free-cat-litter-10663,True,"Prioritize content, metadata, linking, and relevance improvements for this template cohort.",0,"Best Dust Free Cat Litter: Low Dust, Dustless Kitty Litter | Chewy",66,"Shop Chewy for Dust Free, Low Dust and Dustless Cat Litter, with odor-control, clumping, unscented options and more. Free shipping now on orders $49+!",150,best dust free cat litter,Dust Free Cat Litter,1,dust-free-cat-litter,True,True,False,False,True,False,False,True,75,358,2,,,,,,,2,2,20.0,0,1,1,0,5.0
Browse,Ranking Keywords,No top-10 ranking keywords,https://www.chewy.com/b/wet-cat-food-for-urinary-health-142350,True,"Prioritize content, metadata, linking, and relevance improvements for this template cohort.",0,Urinary Wet Cat Food - Free Shipping | Chewy,44,"Shop Chewy for urinary cat food from top brands! We carry a large selection of products from Purina Pro Plan, Hills Science Diet and more. FREE shipping on orders $49+!",168,chewy urinary cat food,Wet Cat Food For Urinary Health,1,wet-cat-food-for-urinary-health,False,False,False,False,True,False,False,False,32,351,3,,,,,,,1,1,30.0,0,0,1,0,1.0
Browse,Ranking Keywords,No top-10 ranking keywords,https://www.chewy.com/b/cat-116286,True,"Prioritize content, metadata, linking, and relevance improvements for this template cohort.",0,Interactive Cat Toys for Mental Stimulation - Free shipping | Chewy,67,"Shop Chewy for low prices and the best Cat products! We carry a large selection and the top brands like Frisco, PAWZ Road, and more. Find everything you need in one place. FREE shipping on orders $49+ and the BEST customer service!",231,chewy com cat toys,Interactive Cat Toys for Mental Stimulation,1,cat,True,True,False,False,True,False,False,False,379,350,3,,,,,,,2,2,,0,0,0,2,1.0
Browse,Ranking Keywords,No top-10 ranking keywords,https://www.chewy.com/b/cat-toys-168758,False,"Prioritize content, metadata, linking, and relevance improvements for this template cohort.",0,,,,,chewy com cat toys,,,,,,,,,,,,,,,,,,,,,2,2,,0,0,0,2,
Browse,Ranking Keywords,No top-10 ranking keywords,https://www.chewy.com/b/kidney-care-cat-food-12259,True,"Prioritize content, metadata, linking, and relevance improvements for this template cohort.",0,Kidney Care Cat Food - Free Shipping | Chewy,44,"Shop Chewy for low prices and the best Kidney Care! We carry a large selection and the top brands like Hill's Prescription Diet, Royal Canin Veterinary Diet, and more. Find everything you need in one place. FREE shipping on orders $49+ and the BEST customer service!",266,chewy prescription cat food,Veterinary Diet Cat Food for Kidney Care,1,kidney-care-cat-food,False,False,False,False,True,False,False,False,48,361,2,good,2002.0,good,0.07,,,1,1,,0,0,0,1,9.0
Browse,Ranking Keywords,No top-10 ranking keywords,https://www.chewy.com/b/shop-by-dog-16000,False,"Prioritize content, metadata, linking, and relevance improvements for this template cohort.",0,,,,,chewy .com dog food,,,,,,,,,,,,,,,,,,,,,1,1,,0,0,0,1,
Browse,Ranking Keywords,No top-10 ranking keywords,https://www.chewy.com/b/premium-food-15705,False,"Prioritize content, metadata, linking, and relevance improvements for this template cohort.",0,,,,,dog and cat premium food,,,,,,,,,,,,,,,,,,,,,3,3,28.0,0,0,1,2,
Browse,Ranking Keywords,No top-10 ranking keywords,https://www.chewy.com/b/dry-dog-food-with-grain-132606,True,"Prioritize content, metadata, linking, and relevance improvements for this template cohort.",0,Dog Food with Grain - Grain Inclusive Dry Dog Food | Chewy,58,"Shop Chewy for low prices and the best Grain Inclusive! We carry a large selection and the top brands like Blue Buffalo, Wellness, and more. Find everything you need in one place. FREE shipping on orders $49+ and the BEST customer service!",239,dog food with grain,Dry Dog Food With Grain,1,dry-dog-food-with-grain,True,True,False,False,True,False,False,True,375,353,2,,,,,,,7,7,19.83,0,3,3,1,4.0
Browse,Ranking Keywords,No top-10 ranking keywords,https://www.chewy.com/b/dry-dog-food-toppers-2675,True,"Prioritize content, metadata, linking, and relevance improvements for this template cohort.",0,"Dry Dog Food Toppings: Freeze-Dried, Dehydrated (Free Shipping) | Chewy",71,Shop Chewy for low prices on dry dog food toppings. We have a wide selection of dry dog food toppings and meal boosters that add additional nutritional value and flavor your pup will love. *FREE* shipping on orders $49+ and the BEST customer service.,250,freeze dried dog food toppers,Dry Dog Food Toppers,1,dry-dog-food-toppers,True,True,False,False,True,False,False,True,371,359,3,,,,,,,6,6,19.5,0,2,2,2,1.0
Browse,Ranking Keywords,No top-10 ranking keywords,https://www.chewy.com/b/greenies-6812,False,"Prioritize content, metadata, linking, and relevance improvements for this template cohort.",0,,,,,greenies soft chewy cat treats,,,,,,,,,,,,,,,,,,,,,3,2,,0,0,0,3,
Browse,Ranking Keywords,No top-10 ranking keywords,https://www.chewy.com/b/liver-supplements-for-dogs-1567,True,"Prioritize content, metadata, linking, and relevance improvements for this template cohort.",0,Dog Heart & Liver Supplements: Best Brands (Free Shipping) | Chewy,66,"Shop Chewy if you're looking for the best of dog heart & liver care products. These supplements are made to keep everything on the inside working properly, so your dog can live life to the fullest. We carry a wide range to keep your dog the picture of good health. *FREE* shipping on orders $49+ and the BEST customer service.",326,best heart and liver supplements for dogs,Heart & Liver Supplements for Dogs,1,liver-supplements-for-dogs,True,True,False,False,True,False,False,True,644,370,2,,,,,,,2,2,16.0,0,1,0,1,1.0
Browse,Ranking Keywords,No top-10 ranking keywords,https://www.chewy.com/b/dry-cat-food-toppers-2677,True,"Prioritize content, metadata, linking, and relevance improvements for this template cohort.",0,"Dry Cat Food Toppers: Top Brands, Low Prices (Free Shipping) | Chewy",68,"Shop Chewy for low prices and the best Dry Food Toppings! We carry a large selection and the top brands like Instinct, Smallbatch Pets, and more. Find everything you need in one place. FREE shipping on orders $49+ and the BEST customer service!",244,dry cat food toppers,Dry Cat Food Toppers,1,dry-cat-food-toppers,True,True,False,False,True,False,False,True,41,350,2,,,,,,,2,2,25.0,0,0,1,1,1.0
Browse,Ranking Keywords,No top-10 ranking keywords,https://www.chewy.com/b/personalized-pet-memorials-15444,True,"Prioritize content, metadata, linking, and relevance improvements for this template cohort.",0,Personalized Pet Memorials & Keepsakes - Free Shipping | Chewy,62,"Shop Chewy for low prices and the best Memorials & Keepsakes! We carry a large selection and the top brands like A Pet's Life, Frisco, and more. Find everything you need in one place. FREE shipping on orders $49+ and the BEST customer service!",243,what does chewy do when your pet dies,Personalized Pet Memorials & Keepsakes,1,personalized-pet-memorials,True,True,False,False,True,False,False,True,57,342,3,,,,,,,1,1,31.0,0,0,1,0,2.0
Browse,Ranking Keywords,No top-10 ranking keywords,https://www.chewy.com/b/heartworm-prevention-14208,False,"Prioritize content, metadata, linking, and relevance improvements for this template cohort.",0,,,,,chewy heartworm,,,,,,,,,,,,,,,,,,,,,1,1,,0,0,0,1,
Browse,Ranking Keywords,No top-10 ranking keywords,https://www.chewy.com/b/dog-carrier-bag-10029,True,"Prioritize content, metadata, linking, and relevance improvements for this template cohort.",0,Dog Purses: Dog Carrier Purses for Travel (Free Shipping) | Chewy,65,"Shop Chewy for low prices and the best Bags products! We carry a large selection and the top brands like Littlearth, PetAmi, and more. Find everything you need in one place. FREE shipping on orders $49+ and the BEST customer service!",233,dog carrier bags on sale,Dog Carrier Bags,1,dog-carrier-bag,True,True,False,False,True,False,False,True,347,359,3,,,,,,,4,3,18.25,0,2,2,0,12.0
Browse,Ranking Keywords,No top-10 ranking keywords,https://www.chewy.com/b/dog-door-replacement-flap-2686,True,"Prioritize content, metadata, linking, and relevance improvements for this template cohort.",0,Dog Door Replacement Flaps & Accessories (Free Shipping) | Chewy,64,"Shop Chewy for low prices and the best Replacement Flaps & Accessories! We carry a large selection and the top brands like PetSafe, NonoPets, and more. Find everything you need in one place. FREE shipping on orders $49+ and the BEST customer service!",250,dog door replacement flap,Dog Door Replacement Flaps & Accessories,1,dog-door-replacement-flap,True,True,False,False,True,False,False,True,35,344,3,,,,,,,4,4,25.5,0,1,3,0,1.0
Browse,Ranking Keywords,No top-10 ranking keywords,https://www.chewy.com/b/automatic-and-electronic-dog-doors-157190,True,"Prioritize content, metadata, linking, and relevance improvements for this template cohort.",0,Automatic & Electronic Dog Doors - Free shipping | Chewy,56,"Shop Chewy for low prices and the best Electronic Doors! We carry a large selection and the top brands like High Tech Pet Products, PetSafe, and more. Find everything you need in one place. FREE shipping on orders $49+ and the BEST customer service!",249,chewy dog door,Automatic & Electronic Dog Doors,1,automatic-and-electronic-dog-doors,True,True,False,False,True,False,False,True,29,339,3,,,,,,,1,1,,0,0,0,1,1.0
Browse,Ranking Keywords,No top-10 ranking keywords,https://www.chewy.com/b/crested-gecko-tanks-and-habitats-141230,True,"Prioritize content, metadata, linking, and relevance improvements for this template cohort.",0,Crested Gecko Tanks & Habitats | Chewy,38,"Shop Chewy for low prices and the best Tanks & Terrariums! We carry a large selection and the top brands like New Age Pet, Zilla, and more. Find everything you need in one place. FREE shipping on orders $49+ and the BEST customer service!",238,crested gecko enclosure,Crested Gecko Tanks & Habitats,1,crested-gecko-tanks-and-habitats,True,True,False,False,True,False,False,True,28,343,2,,,,,,,10,9,19.12,0,6,2,2,8.0
Browse,Ranking Keywords,No top-10 ranking keywords,https://www.chewy.com/b/cat-allergy-learn-159646,False,"Prioritize content, metadata, linking, and relevance improvements for this template cohort.",0,,,,,signs of allergies cats chewy,,,,,,,,,,,,,,,,,,,,,2,1,,0,0,0,2,
Browse,Ranking Keywords,No top-10 ranking keywords,https://www.chewy.com/b/connect-vet-nutrition-137462,False,"Prioritize content, metadata, linking, and relevance improvements for this template cohort.",0,,,,,chewy vet chat,,,,,,,,,,,,,,,,,,,,,3,3,19.0,0,1,2,0,
Browse,Ranking Keywords,No top-10 ranking keywords,https://www.chewy.com/b/rabbit-hay-140486,True,"Prioritize content, metadata, linking, and relevance improvements for this template cohort.",0,Rabbit Hay | Chewy,18,"Shop Chewy for low prices and the best Hay products! We carry a large selection and the top brands like Rabbit Hole Hay, Oxbow, and more. Find everything you need in one place. FREE shipping on orders $49+ and the BEST customer service!",236,chewy rabbit,Rabbit Hay,1,rabbit-hay,True,True,False,False,True,False,False,True,57,364,3,,,,,,,1,1,,0,0,0,1,1.0
Browse,Ranking Keywords,No top-10 ranking keywords,https://www.chewy.com/b/home-goods-114998,False,"Prioritize content, metadata, linking, and relevance improvements for this template cohort.",0,,,,,chewybox,,,,,,,,,,,,,,,,,,,,,1,1,,0,0,0,1,
Browse,Ranking Keywords,No top-10 ranking keywords,https://www.chewy.com/b/wildlife-supplies-139606,True,"Prioritize content, metadata, linking, and relevance improvements for this template cohort.",0,Wildlife Supplies | Chewy,25,"Shop Chewy for low prices and the best Wild Bird and Wildlife Supplies! We carry a large selection and the top brands like Polly's Pet Products, Kingsyard, and more. Find everything you need in one place. FREE shipping on orders $49+ and the BEST customer service!",264,wildlife supplies birdseed beekeeping squirrel food and more,Wild Bird and Wildlife Supplies,1,wildlife-supplies,True,True,False,False,True,False,False,True,318253,367,1,,,,,,,3,3,16.5,0,2,0,1,1.0
Browse,Ranking Keywords,No top-10 ranking keywords,https://www.chewy.com/b/wild-bird-shop-139854,True,"Prioritize content, metadata, linking, and relevance improvements for this template cohort.",0,Wild Bird Shop | Chewy,22,"Shop Chewy for low prices and the best Shop by Wild Bird! We carry a large selection and the top brands like Sunnydaze Decor, Kingsyard, and more. Find everything you need in one place. FREE shipping on orders $49+ and the BEST customer service!",245,chewy bird food,Wild Bird Shop,1,wild-bird-shop,False,False,False,False,True,False,False,False,378,361,2,,,,,,,1,1,18.0,0,1,0,0,1.0
Browse,Ranking Keywords,No top-10 ranking keywords,https://www.chewy.com/b/seeds-127486,True,"Prioritize content, metadata, linking, and relevance improvements for this template cohort.",0,Seeds & Seed Blends for Birds - Free shipping | Chewy,53,"Shop Chewy for low prices and the best Seeds & Seed Blends! We carry a large selection and the top brands like Higgins, Brown's, and more. Find everything you need in one place. FREE shipping on orders $49+ and the BEST customer service!",237,chewy bird food,Seeds & Seed Blends for Birds,1,seeds,True,True,False,False,True,False,False,False,47,358,2,,,,,,,1,1,25.0,0,0,1,0,1.0
Browse,Ranking Keywords,No top-10 ranking keywords,https://www.chewy.com/b/toys-135390,False,"Prioritize content, metadata, linking, and relevance improvements for this template cohort.",0,,,,,cattoyschewy,,,,,,,,,,,,,,,,,,,,,1,1,,0,0,0,1,
Browse,Ranking Keywords,No top-10 ranking keywords,https://www.chewy.com/b/guinea-pig-cage-accessories-10910,True,"Prioritize content, metadata, linking, and relevance improvements for this template cohort.",0,Guinea Pig Habitats | Chewy,27,"Shop Chewy for low prices and the best Cage Accessories & Extensions! We carry a large selection and the top brands like Critter Colony Club, MidWest, and more. Find everything you need in one place. FREE shipping on orders $49+ and the BEST customer service!",259,chewy guinea pig cage,Guinea Pig Cage Accessories & Extensions,1,guinea-pig-cage-accessories,True,True,False,False,True,False,False,True,18,337,3,,,,,,,1,1,14.0,0,1,0,0,1.0
Browse,Ranking Keywords,No top-10 ranking keywords,https://www.chewy.com/b/small-animal-cages-990,True,"Prioritize content, metadata, linking, and relevance improvements for this template cohort.",0,Small Animal Cages | Chewy,26,"Shop Chewy for low prices on the best small animal cages. We carry a wide selection of metal and plastic small animal cages that are perfect for hamsters, rabbits, gerbils, mice, guinea pigs and other small pets. *FREE* shipping on orders $49+ and the BEST customer service!",274,chewy guinea pig cage,Small Animal Cages & Habitats,1,small-animal-cages,True,True,False,False,True,False,False,True,70,364,2,,,,,,,1,1,18.0,0,1,0,0,3.0
Browse,Ranking Keywords,No top-10 ranking keywords,https://www.chewy.com/b/toys-6368,True,"Prioritize content, metadata, linking, and relevance improvements for this template cohort.",0,Birthday Toys - Free shipping | Chewy,37,"Shop Chewy for low prices and the best Toys products! We carry a large selection and the top brands like Frisco, Nylabone, and more. Find everything you need in one place. FREE shipping on orders $49+ and the BEST customer service!",231,chewy celebrate,Birthday Toys,1,toys,True,True,False,False,True,False,False,False,41,342,4,,,,,,,1,1,,0,0,0,1,1.0
Browse,Ranking Keywords,No top-10 ranking keywords,https://www.chewy.com/b/reptile-substrate-and-bedding-1057,True,"Prioritize content, metadata, linking, and relevance improvements for this template cohort.",0,Reptile Substrate & Bedding | Chewy,35,"Shop Chewy for low prices and a wide selection of reptile substrate and bedding. Chewy has a variety of choices from sand & gravel, to mulch, moss & soil, carpets & liners from top-rated brands. *FREE* shipping on orders $49+ and the BEST customer service!",256,reptile substrate,Reptile Substrate & Bedding,1,reptile-substrate-and-bedding,True,True,False,False,True,False,False,True,113,376,3,,,,,,,6,6,20.6,0,2,3,1,1.0
Browse,Ranking Keywords,No top-10 ranking keywords,https://www.chewy.com/b/lizard-tank-and-cages-14006,True,"Prioritize content, metadata, linking, and relevance improvements for this template cohort.",0,Lizard Tank & Cages | Chewy,27,"Shop Chewy for low prices and the best Tanks & Terrariums! We carry a large selection and the top brands like New Age Pet, REPTI ZOO, and more. Find everything you need in one place. FREE shipping on orders $49+ and the BEST customer service!",242,lizard cages,Lizard Tank & Cages,1,lizard-tank-and-cages,True,True,False,False,True,False,False,True,43,357,3,,,,,,,3,3,15.67,0,3,0,0,1.0
Browse,Ranking Keywords,No top-10 ranking keywords,https://www.chewy.com/b/reptile-shop-13993,True,"Prioritize content, metadata, linking, and relevance improvements for this template cohort.",0,Reptile Shop | Chewy,20,"Shop Chewy for low prices and the best Shop All Categories! We carry a large selection and the top brands like Zoo Med, Fluker's, and more. Find everything you need in one place. FREE shipping on orders $49+ and the BEST customer service!",238,chewy reptile,Reptile Shop,1,reptile-shop,False,False,False,False,True,False,False,False,1183,368,2,,,,,,,1,1,,0,0,0,1,1.0
Browse,Ranking Keywords,No top-10 ranking keywords,https://www.chewy.com/b/lizard-supplies-and-accessories-14004,True,"Prioritize content, metadata, linking, and relevance improvements for this template cohort.",0,Lizard Supplies & Accessories | Chewy,37,"Shop Chewy for low prices and the best Lizard products! We carry a large selection and the top brands like Zoo Med, Fluker's, and more. Find everything you need in one place. FREE shipping on orders $49+ and the BEST customer service!",234,chewy reptile,Lizard Supplies & Accessories,1,lizard-supplies-and-accessories,True,True,False,False,True,False,False,True,189,365,2,,,,,,,1,1,,0,0,0,1,1.0
Browse,Ranking Keywords,No top-10 ranking keywords,https://www.chewy.com/b/prescription-flea-and-tick-pills-for-dogs-11564,True,"Prioritize content, metadata, linking, and relevance improvements for this template cohort.",0,Prescription Flea & Tick Pills for Dogs (Ships Free) | Chewy RX,63,"Shop Chewy Pharmacy for the best prices on Oral Flea & Tick Medicine for Dogs. We have top brands like Nexgard, Simparica Trio & Bravecto. FREE shipping on $49+ orders!",168,dog flea,Prescription Flea & Tick Pills For Dogs,1,prescription-flea-and-tick-pills-for-dogs,True,True,False,False,True,False,False,True,17,352,2,,,,,,,3,3,19.67,0,2,1,0,3.0
Browse,Ranking Keywords,No top-10 ranking keywords,https://www.chewy.com/b/flea-and-tick-sprays-for-dogs-384,True,"Prioritize content, metadata, linking, and relevance improvements for this template cohort.",0,Flea & Tick Spray for Dogs (Free Shipping) | Chewy,50,"Shop Chewy for low prices and the best Sprays & Wipes! We carry a large selection and the top brands like Wondercide, Vet's Best, and more. Find everything you need in one place. FREE shipping on orders $49+ and the BEST customer service!",238,best tick repellent spray for dogs,Flea & Tick Spray For Dogs,1,flea-and-tick-sprays-for-dogs,True,True,False,False,True,False,False,True,278,357,2,good,2402.0,good,0.01,,,7,7,19.75,0,2,2,3,10.0
Browse,Ranking Keywords,No top-10 ranking keywords,https://www.chewy.com/b/dog-grooming-table-2405,True,"Prioritize content, metadata, linking, and relevance improvements for this template cohort.",0,Dog Grooming Tables: Low Prices (Free Shipping) | Chewy,55,Shop Chewy for low prices on dog grooming tables. We have a wide selection of dog grooming tables for all size dogs from mini portable tables to larger elevated tables for larger breeds. *FREE* shipping on orders $49+ and the BEST customer service!,248,dog grooming table,Dog Grooming Tables,1,dog-grooming-table,True,True,False,False,True,False,False,True,367,342,2,,,good,0.039999999999999994,,,7,7,20.29,0,4,3,0,14.0
Browse,Ranking Keywords,No top-10 ranking keywords,https://www.chewy.com/b/dog-121190,True,"Prioritize content, metadata, linking, and relevance improvements for this template cohort.",0,Dog Grooming Essentials - Free shipping | Chewy,47,"Shop Chewy for low prices and the best Dog products! We carry a large selection and the top brands like TropiClean, Earthbath, and more. Find everything you need in one place. FREE shipping on orders $49+ and the BEST customer service!",235,chewy dog grooming,Dog Grooming Essentials,1,dog,True,True,False,False,True,False,False,False,18,346,6,,,,,,,1,1,26.0,0,0,1,0,1.0
Browse,Ranking Keywords,No top-10 ranking keywords,https://www.chewy.com/b/flea-and-tick-home-treatments-10480,True,"Prioritize content, metadata, linking, and relevance improvements for this template cohort.",0,Best Home Flea & Tick Treatments for Cats (Free Shipping) | Chewy,65,"Shop Chewy for low prices and the best Home Treatments! We carry a large selection and the top brands like Wondercide, Advantage, and more. Find everything you need in one place. FREE shipping on orders $49+ and the BEST customer service!",238,chewy cat flea treatment,Flea & Tick Home Treatments (Cat Safe),1,flea-and-tick-home-treatments,True,True,False,False,True,False,False,True,18,351,3,,,,,,,1,1,27.0,0,0,1,0,6.0
Browse,Ranking Keywords,No top-10 ranking keywords,https://www.chewy.com/b/health-wellness-130118,True,"Prioritize content, metadata, linking, and relevance improvements for this template cohort.",0,Horse Health & Wellness for Fall & Winter - Free shipping | Chewy,65,"Shop Chewy for low prices and the best Health & Wellness! We carry a large selection and the top brands like QUEST, Back on Track, and more. Find everything you need in one place. FREE shipping on orders $49+ and the BEST customer service!",239,chewy horse wormer,Horse Health & Wellness for Fall & Winter,1,health-wellness,True,True,False,False,True,False,False,False,11,341,6,,,,,,,1,1,13.0,0,1,0,0,1.0
Browse,Ranking Keywords,No top-10 ranking keywords,https://www.chewy.com/b/dog-ear-care-378,True,"Prioritize content, metadata, linking, and relevance improvements for this template cohort.",0,Best Dog Ear Care Products: Low Prices (Free Shipping) | Chewy,62,"Shop Chewy for the best dog ear care products! We carry a large selection of products for every dog ear of shape and size. Whether you're looking for a liquid solution for wax build up, deal with dog mites, or wipes for a quick clean, we make dog ear care easy at Chewy.com. *FREE* shipping on orders $49+ and the BEST customer service!",336,chewy dog ear infection,Dog Ear Care,1,dog-ear-care,True,True,False,False,True,False,False,True,311,379,2,,,,,,,1,1,23.0,0,0,1,0,1.0
Browse,Ranking Keywords,No top-10 ranking keywords,https://www.chewy.com/b/dog-ear-cleaners-15548,True,"Prioritize content, metadata, linking, and relevance improvements for this template cohort.",0,Dog Ear Cleaners - Free shipping | Chewy,40,"Shop Chewy for low prices and the best Ear Cleaners & Wipes! We carry a large selection and the top brands like Zymox, Nootie, and more. Find everything you need in one place. FREE shipping on orders $49+ and the BEST customer service!",235,chewy dog ear infection,Dog Ear Cleaners,1,dog-ear-cleaners,True,True,False,False,True,False,False,False,85,356,3,,,,,,,1,1,26.0,0,0,1,0,1.0
Browse,Ranking Keywords,No top-10 ranking keywords,https://www.chewy.com/b/bird-chew-toys-125414,True,"Prioritize content, metadata, linking, and relevance improvements for this template cohort.",0,Bird Chew Toys | Chewy,22,"Shop Chewy for low prices and the best Chew Toys! We carry a large selection and the top brands like Super Bird Creations, Caitec, and more. Find everything you need in one place. FREE shipping on orders $49+ and the BEST customer service!",239,chewy parrot toys,Bird Chew Toys,1,bird-chew-toys,True,True,False,False,True,False,False,True,96,358,2,,,,,,,1,1,19.0,0,1,0,0,1.0
Browse,Ranking Keywords,No top-10 ranking keywords,https://www.chewy.com/b/cyber-monday-dry-dog-food-3268,True,"Prioritize content, metadata, linking, and relevance improvements for this template cohort.",0,Cyber Week 2025 Deals on Dry Dog Food | Chewy,45,"Shop Chewy for low prices and the best Dry Food! We carry a large selection and the top brands like Merrick, Purina ONE, and more. Find everything you need in one place. FREE shipping on orders $49+ and the BEST customer service!",229,chewy cyber monday deals,Cyber Week Deals on Dry Dog Food,1,cyber-monday-dry-dog-food,True,True,False,False,True,False,False,False,19,347,7,,,,,,,1,1,29.0,0,0,1,0,1.0
Browse,Ranking Keywords,No top-10 ranking keywords,https://www.chewy.com/b/pet-vacuums-steam-cleaners-15518,True,"Prioritize content, metadata, linking, and relevance improvements for this template cohort.",0,Vacuums & Steam Cleaners - Free shipping | Chewy,48,"Shop Chewy for low prices and the best Vacuums & Steam Cleaners! We carry a large selection and the top brands like Shark, Bissell, and more. Find everything you need in one place. FREE shipping on orders $49+ and the BEST customer service!",240,vacuums and steam cleaners,Vacuums & Steam Cleaners,1,pet-vacuums-steam-cleaners,True,True,False,False,True,False,False,False,35,354,3,good,1886.0,good,0.01,,,4,4,22.0,0,1,3,0,2.0
Browse,Ranking Keywords,No top-10 ranking keywords,https://www.chewy.com/b/ferret-litter-bedding-and-accessories-10923,True,"Prioritize content, metadata, linking, and relevance improvements for this template cohort.",0,"Ferret Litter, Bedding & Accessories | Chewy",44,"Shop Chewy for low prices and the best Bedding, Litter & Accessories! We carry a large selection and the top brands like Pet House, Kaytee, and more. Find everything you need in one place. FREE shipping on orders $49+ and the BEST customer service!",248,ferret litter bedding and accessories,"Ferret Bedding, Litter & Accessories",1,ferret-litter-bedding-and-accessories,False,False,False,False,True,False,False,False,55,366,2,,,,,,,2,2,,0,0,0,2,1.0
Browse,Ranking Keywords,No top-10 ranking keywords,https://www.chewy.com/b/deodorizers_c116614_p3,False,"Prioritize content, metadata, linking, and relevance improvements for this template cohort.",0,,,,,kitten litter box cleaners and deodorizers,,,,,,,,,,,,,,,,,,,,,2,2,24.0,0,1,1,0,
Browse,Ranking Keywords,No top-10 ranking keywords,https://www.chewy.com/b/dog-autoship-supplies-105958,True,"Prioritize content, metadata, linking, and relevance improvements for this template cohort.",0,Dog Autoship Treats and Supplies - Free shipping | Chewy,56,"Shop Chewy for low prices and the best Dog-Autoship-Supplies products! We carry a large selection and the top brands like Blue Buffalo, Chewy Made, and more. Find everything you need in one place. FREE shipping on orders $49+ and the BEST customer service!",256,dog autoship treats and supplies,Dog Autoship Treats and Supplies,1,dog-autoship-supplies,True,True,False,False,True,False,False,False,546,344,3,,,,,,,4,3,22.67,0,1,2,1,1.0
Browse,Ranking Keywords,No top-10 ranking keywords,https://www.chewy.com/b/chicken-flavored-11494,True,"Prioritize content, metadata, linking, and relevance improvements for this template cohort.",0,Chicken Dog Treats - Free Shipping | Chewy,42,"Shop Chewy for low prices and the best Chicken Flavored! We carry a large selection and the top brands like Blue Buffalo, Inaba, and more. Find everything you need in one place. FREE shipping on orders $49+ and the BEST customer service!",237,chicken dog treats,Chicken Flavored Soft & Chewy Treats For Dogs,1,chicken-flavored,True,True,False,False,True,False,False,False,167,357,2,,,,,,,2,2,,0,0,0,2,1.0
Browse,Ranking Keywords,No top-10 ranking keywords,https://www.chewy.com/b/christmas-holiday-dog-beds-crates-12644,True,"Prioritize content, metadata, linking, and relevance improvements for this template cohort.",0,Dog Christmas Beds & Crates (Free Shipping) | Chewy,51,"Shop Chewy for the best Christmas & Holiday-themed dog beds and crates. Get your pup in the Holiday spirit with festive and comfy beds, bed sets and more!",154,christmas pet beds,Holiday Dog Beds & Crates,1,christmas-holiday-dog-beds-crates,True,True,False,False,True,False,False,False,68,329,5,,,,,,,1,1,,0,0,0,1,1.0
Browse,Ranking Keywords,No top-10 ranking keywords,https://www.chewy.com/b/hiking-clothing-outdoor-gear-for-122246,True,"Prioritize content, metadata, linking, and relevance improvements for this template cohort.",0,Hiking Clothing & Outdoor Gear for Active Dogs - Free shipping | Chewy,70,"Shop Chewy for low prices and the best Hiking Clothing & Outdoor Gear for Active Dogs! We carry a large selection and the top brands like Chilly Dog, Non-stop Dogwear, and more. Find everything you need in one place. FREE shipping on orders $49+ and the BEST customer service!",276,hiking clothing and outdoor gear for active dogs,Hiking Clothing & Outdoor Gear for Active Dogs,1,hiking-clothing-outdoor-gear-for,True,True,False,False,True,False,False,False,152,345,4,,,,,,,3,3,13.0,0,1,0,2,1.0
Browse,Ranking Keywords,No top-10 ranking keywords,https://www.chewy.com/b/dog-food-for-brain-health-10777,True,"Prioritize content, metadata, linking, and relevance improvements for this template cohort.",0,Best Brain & Aging Health Dog Food: Vet Approved (Free Shipping) | Chewy,72,"Shop Chewy for low prices and the best Brain Health! We carry a large selection and the top brands like Purina Pro Plan Veterinary Diets, Hill's Prescription Diet, and more. Find everything you need in one place. FREE shipping on orders $49+ and the BEST customer service!",272,deals on veterinary diet dog food for brain health,Veterinary Diet Dog Food for Brain Health,1,dog-food-for-brain-health,True,True,False,False,True,False,False,False,28,317,2,,,,,,,2,2,,0,0,0,2,1.0
Browse,Ranking Keywords,No top-10 ranking keywords,https://www.chewy.com/b/weight-management-dog-food-11241,True,"Prioritize content, metadata, linking, and relevance improvements for this template cohort.",0,Best Weight Management Dog Food: Vet Approved (Free Shipping) | Chewy,69,"Shop Chewy for low prices and the best Weight Management! We carry a large selection and the top brands like Hill's Prescription Diet, Royal Canin Veterinary Diet, and more. Find everything you need in one place. FREE shipping on orders $49+ and the BEST customer service!",272,deals on veterinary diet dog treats for weight management,Veterinary Diet Weight Management Dog Food,1,weight-management-dog-food,False,False,False,False,True,False,False,False,46,353,2,,,,,,,1,1,27.0,0,0,1,0,3.0
Browse,Ranking Keywords,No top-10 ranking keywords,https://www.chewy.com/b/cat-157678,True,"Prioritize content, metadata, linking, and relevance improvements for this template cohort.",0,Over-the-counter remedies for cats - Free shipping | Chewy,58,"Shop Chewy for low prices and the best Cat products! We carry a large selection and the top brands like WALKABOUT, Supet, and more. Find everything you need in one place. FREE shipping on orders $49+ and the BEST customer service!",230,deals on over-the-counter remedies for cats,Over-the-counter remedies for cats,1,cat,True,True,False,False,True,False,False,False,90,353,4,,,,,,,2,2,,0,0,0,2,1.0
Browse,Ranking Keywords,No top-10 ranking keywords,https://www.chewy.com/b/wound-care-157798,True,"Prioritize content, metadata, linking, and relevance improvements for this template cohort.",0,Over-the-counter wound care for dogs - Free shipping | Chewy,60,"Shop Chewy for low prices and the best Wound Care! We carry a large selection and the top brands like Balto, FifthPulse, and more. Find everything you need in one place. FREE shipping on orders $49+ and the BEST customer service!",229,deals on over-the-counter wound care for dogs,Over-the-counter wound care for dogs,1,wound-care,True,True,False,False,True,False,False,False,53,347,4,,,,,,,1,1,18.0,0,1,0,0,1.0
Browse,Ranking Keywords,No top-10 ranking keywords,https://www.chewy.com/b/puppy-leash-training-supplies-141382,True,"Prioritize content, metadata, linking, and relevance improvements for this template cohort.",0,Puppy Leash Training Supplies - Free shipping | Chewy,53,"Shop Chewy for low prices and the best Puppy Leash Training Supplies! We carry a large selection and the top brands like Puppia, BARKBAY, and more. Find everything you need in one place. FREE shipping on orders $49+ and the BEST customer service!",246,deals on puppy leash training supplies,Puppy Leash Training Supplies,1,puppy-leash-training-supplies,True,True,False,False,True,False,False,False,38,347,4,,,,,,,2,2,20.0,0,1,0,1,1.0
Browse,Ranking Keywords,No top-10 ranking keywords,https://www.chewy.com/b/cat-favorites-105926,False,"Prioritize content, metadata, linking, and relevance improvements for this template cohort.",0,,,,,deals on cat favorites by chewy,,,,,,,,,,,,,,,,,,,,,2,2,12.5,0,2,0,0,
Browse,Ranking Keywords,No top-10 ranking keywords,https://www.chewy.com/b/cat-eye-care-and-wipes-438,True,"Prioritize content, metadata, linking, and relevance improvements for this template cohort.",0,Cat Eye Care - Free shipping | Chewy,36,"Shop Chewy for low prices and the best Eye Care! We carry a large selection and the top brands like TropiClean, Optixcare, and more. Find everything you need in one place. FREE shipping on orders $49+ and the BEST customer service!",231,cat eye care and wipes,Cat Eye Care,1,cat-eye-care-and-wipes,False,False,False,False,True,False,False,True,70,350,2,,,,,,,1,1,,0,0,0,1,1.0
Browse,Ranking Keywords,No top-10 ranking keywords,https://www.chewy.com/b/cat-food-without-corn-soy-or-wheat-142046,True,"Prioritize content, metadata, linking, and relevance improvements for this template cohort.",0,Cat Food Without Corn Soy Or Wheat - Free Shipping | Chewy,58,"Shop Chewy for low prices and the best Corn, Wheat & Soy-Free! We carry a large selection and the top brands like Blue Buffalo, Weruva, and more. Find everything you need in one place. FREE shipping on orders $49+ and the BEST customer service!",244,cat food without corn soy wheat,"Cat Food Without Corn, Soy or Wheat",1,cat-food-without-corn-soy-or-wheat,True,True,False,False,True,False,False,True,98,357,3,,,,,,,1,1,27.0,0,0,1,0,1.0
Browse,Ranking Keywords,No top-10 ranking keywords,https://www.chewy.com/b/dry-cat-food-no-corn-wheat-or-soy-142278,True,"Prioritize content, metadata, linking, and relevance improvements for this template cohort.",0,Dry Cat Food No Corn Wheat Or Soy - Free Shipping | Chewy,57,"Shop Chewy for low prices and the best Corn, Wheat & Soy-Free! We carry a large selection and the top brands like Blue Buffalo, Wellness, and more. Find everything you need in one place. FREE shipping on orders $49+ and the BEST customer service!",246,cat food without corn soy or wheat,"Corn, Wheat & Soy-Free Dry Cat Food",1,dry-cat-food-no-corn-wheat-or-soy,True,True,False,False,True,False,False,True,72,358,3,,,,,,,3,3,,0,0,0,3,1.0
Browse,Ranking Keywords,No top-10 ranking keywords,https://www.chewy.com/b/food-treats-for-active-dogs-130206,True,"Prioritize content, metadata, linking, and relevance improvements for this template cohort.",0,Food & Treats for Active Dogs - Free shipping | Chewy,53,"Shop Chewy for low prices and the best Food & Treats for Active Dogs! We carry a large selection and the top brands like Healthy Breeds, Hill's Science Diet, and more. Find everything you need in one place. FREE shipping on orders $49+ and the BEST customer service!",266,deals on treats for active dogs,Food & Treats for Active Dogs,1,food-treats-for-active-dogs,True,True,False,False,True,False,False,False,280,349,4,,,,,,,3,3,28.0,0,0,2,1,1.0
Browse,Ranking Keywords,No top-10 ranking keywords,https://www.chewy.com/b/cleaning-potty-127302,False,"Prioritize content, metadata, linking, and relevance improvements for this template cohort.",0,,,,,autoship potty supplies,,,,,,,,,,,,,,,,,,,,,1,1,,0,0,0,1,
Browse,Ranking Keywords,No top-10 ranking keywords,https://www.chewy.com/b/pig-feeding-supplies-12737,True,"Prioritize content, metadata, linking, and relevance improvements for this template cohort.",0,Pig Feeding Supplies | Chewy,28,"Shop Chewy for low prices and the best Feeding Supplies! We carry a large selection and the top brands like Tuff Stuff Products, Indipets, and more. Find everything you need in one place. FREE shipping on orders $49+ and the BEST customer service!",247,pig feeding supplies,Pig Feeding Supplies,1,pig-feeding-supplies,True,True,False,False,True,False,False,True,23,351,2,,,,,,,1,1,,0,0,0,1,1.0
Browse,Ranking Keywords,No top-10 ranking keywords,https://www.chewy.com/b/betta-fish-filters-cartridges-and-media-118166,True,"Prioritize content, metadata, linking, and relevance improvements for this template cohort.",0,Betta Filtration | Chewy,24,"Shop Chewy for low prices and the best Filters, Cartridges & Media! We carry a large selection and the top brands like API, Lee's Aquarium & Pets, and more. Find everything you need in one place. FREE shipping on orders $49+ and the BEST customer service!",255,betta fish filters cartridges and media,"Betta Fish Filters, Cartridges & Media",1,betta-fish-filters-cartridges-and-media,True,True,False,False,True,False,False,True,25,347,3,,,,,,,1,1,,0,0,0,1,1.0
Browse,Ranking Keywords,No top-10 ranking keywords,https://www.chewy.com/b/black-friday-cat-trees-beds-furniture-13449,False,"Prioritize content, metadata, linking, and relevance improvements for this template cohort.",0,,,,,black friday deals on cat trees beds and furniture,,,,,,,,,,,,,,,,,,,,,1,1,,0,0,0,1,
Browse,Ranking Keywords,No top-10 ranking keywords,https://www.chewy.com/b/deals-13947,True,"Prioritize content, metadata, linking, and relevance improvements for this template cohort.",0,Valentine's Day Cat Deals - Free shipping | Chewy,49,"Shop Chewy for low prices and the best Deals products! We carry a large selection and the top brands like Frisco, Travel Cat, and more. Find everything you need in one place. FREE shipping on orders $49+ and the BEST customer service!",234,valentines day cat deals,Valentine's Day Cat Deals,1,deals,True,True,False,False,True,False,False,False,6,342,6,,,,,,,3,3,,0,0,0,3,1.0
Browse,Ranking Keywords,No top-10 ranking keywords,https://www.chewy.com/b/automatic-cat-feeders-8314,True,"Prioritize content, metadata, linking, and relevance improvements for this template cohort.",0,Electronic Cat Treat Dispensers & Feeders (Free Shipping) | Chewy,65,"Shop Chewy for low prices and the best Automatic Cat Feeders! We carry a large selection and the top brands like Petlibro, IMIPAW, and more. Find everything you need in one place. FREE shipping on orders $49+ and the BEST customer service!",239,automatic cat feeders and treat dispensers,Automatic Cat Feeders,1,automatic-cat-feeders,True,True,False,False,True,False,False,True,36,355,2,needs,2566.0,good,0.01,,,1,1,,0,0,0,1,7.0
Browse,Ranking Keywords,No top-10 ranking keywords,https://www.chewy.com/b/aquarium-and-fish-tank-cleaners-929,True,"Prioritize content, metadata, linking, and relevance improvements for this template cohort.",0,Fish Tank & Aquarium Cleaner | Chewy,36,"Shop Chewy for low prices and the best fish tank cleaning and maintenance products! Check out our wide selection of air pumps, brushes and cleaners, fish tank vacuums, water pumps and more. With the proper tools, you can clean your fish tank properly so your tank dwellers will thrive. FREE* shipping on orders $49+ and the BEST customer service!",346,freshwater fish tank cleaner,Aquarium & Fish Tank Cleaners,1,aquarium-and-fish-tank-cleaners,True,True,False,False,True,False,False,True,390,360,2,,,,,,,8,8,15.75,0,4,0,4,1.0
Browse,Ranking Keywords,No top-10 ranking keywords,https://www.chewy.com/b/rat-water-bottles-3405398,True,"Prioritize content, metadata, linking, and relevance improvements for this template cohort.",0,Rat Water Bottles - Free shipping | Chewy,41,"Shop Chewy for low prices and the best Water Bottles! We carry a large selection and the top brands like Lixit, Choco Nose, and more. Find everything you need in one place. FREE shipping on orders $49+ and the BEST customer service!",232,rat water bottles and feeders,Rat Water Bottles,1,rat-water-bottles,True,True,False,False,True,False,False,False,1,333,3,,,,,,,2,2,21.0,0,0,1,1,1.0
Browse,Ranking Keywords,No top-10 ranking keywords,https://www.chewy.com/b/black-friday-cat-veterinary-diet-food-pharmacy-8541,False,"Prioritize content, metadata, linking, and relevance improvements for this template cohort.",0,,,,,black friday deals on dry cat food,,,,,,,,,,,,,,,,,,,,,1,1,,0,0,0,1,
Browse,Ranking Keywords,No top-10 ranking keywords,https://www.chewy.com/b/friskies-11922,False,"Prioritize content, metadata, linking, and relevance improvements for this template cohort.",0,,,,,friskies crunchy treats for cats,,,,,,,,,,,,,,,,,,,,,3,3,,0,0,0,3,
Browse,Ranking Keywords,No top-10 ranking keywords,https://www.chewy.com/b/cat-memorial-keepsakes-6218,True,"Prioritize content, metadata, linking, and relevance improvements for this template cohort.",0,Cat Memorial Keepsakes: Memorial Stones & More (Free Shipping) | Chewy,70,"Shop Chewy for low prices and the best Keepsakes products! We carry a large selection and the top brands like Frisco, Kay Berry, and more. Find everything you need in one place. FREE shipping on orders $49+ and the BEST customer service!",237,deals on cat memorial keepsakes,Cat Memorials & Keepsakes,1,cat-memorial-keepsakes,True,True,False,False,True,False,False,True,5,343,5,,,,,,,1,1,,0,0,0,1,9.0
Browse,Ranking Keywords,No top-10 ranking keywords,https://www.chewy.com/b/treat-dispensers-130086,True,"Prioritize content, metadata, linking, and relevance improvements for this template cohort.",0,Treat Dispensers - Free shipping | Chewy,40,"Shop Chewy for low prices and the best Treat Dispensers! We carry a large selection and the top brands like Piggy Poo and Crew, allforpaws, and more. Find everything you need in one place. FREE shipping on orders $49+ and the BEST customer service!",248,deals on treat dispensers,Treat Dispensers,1,treat-dispensers,True,True,False,False,True,False,False,False,38,341,4,,,,,,,1,1,,0,0,0,1,1.0
Browse,Ranking Keywords,No top-10 ranking keywords,https://www.chewy.com/b/wound-care-157806,True,"Prioritize content, metadata, linking, and relevance improvements for this template cohort.",0,Over-the-counter wound care for cats - Free shipping | Chewy,60,"Shop Chewy for low prices and the best Wound Care! We carry a large selection and the top brands like WALKABOUT, NeoAlly, and more. Find everything you need in one place. FREE shipping on orders $49+ and the BEST customer service!",230,deals on over-the-counter wound care for cats,Over-the-counter wound care for cats,1,wound-care,True,True,False,False,True,False,False,False,25,342,5,,,,,,,3,2,21.0,0,0,1,2,1.0
Browse,Ranking Keywords,No top-10 ranking keywords,https://www.chewy.com/b/tough-chewer-130038,True,"Prioritize content, metadata, linking, and relevance improvements for this template cohort.",0,Tough Chewer Toys - Free shipping | Chewy,41,"Shop Chewy for low prices and the best Tough Chewer! We carry a large selection and the top brands like Kseroo, Playology, and more. Find everything you need in one place. FREE shipping on orders $49+ and the BEST customer service!",231,deals on tough chewer toys,Tough Chewer Toys,1,tough-chewer,True,True,False,False,True,False,False,False,90,346,5,,,,,,,1,1,20.0,0,1,0,0,1.0
Browse,Ranking Keywords,No top-10 ranking keywords,https://www.chewy.com/b/cameras-158598,True,"Prioritize content, metadata, linking, and relevance improvements for this template cohort.",0,Dog Cameras & Monitors - Free shipping | Chewy,46,"Shop Chewy for low prices and the best Cameras products! We carry a large selection and the top brands like Arlo, Ring, and more. Find everything you need in one place. FREE shipping on orders $49+ and the BEST customer service!",228,dog cameras on sale,Dog Cameras & Monitors,1,cameras,True,True,False,False,True,False,False,False,15,352,3,,,,,,,1,1,30.0,0,0,1,0,1.0
Browse,Ranking Keywords,No top-10 ranking keywords,https://www.chewy.com/b/dog-crate-bowls-123590,False,"Prioritize content, metadata, linking, and relevance improvements for this template cohort.",0,,,,,crate dog bowls feeders,,,,,,,,,,,,,,,,,,,,,1,1,24.0,0,0,1,0,
Browse,Ranking Keywords,No top-10 ranking keywords,https://www.chewy.com/b/lizard-bedding-and-substrate-14009,True,"Prioritize content, metadata, linking, and relevance improvements for this template cohort.",0,Lizard Bedding & Substrate | Chewy,34,"Shop Chewy for low prices and the best Bedding & Substrate! We carry a large selection and the top brands like Zoo Med, Galapagos, and more. Find everything you need in one place. FREE shipping on orders $49+ and the BEST customer service!",239,lizard bedding,Lizard Bedding & Substrate,1,lizard-bedding-and-substrate,True,True,False,False,True,False,False,True,43,357,3,,,,,,,6,4,19.25,0,2,2,2,1.0
Browse,Ranking Keywords,No top-10 ranking keywords,https://www.chewy.com/b/tapeworm-dewormers-165334,True,"Prioritize content, metadata, linking, and relevance improvements for this template cohort.",0,Prescription Tapeworm Dewormers for Dogs - Free shipping | Chewy,64,"Shop Chewy for low prices and the best Tapeworm Dewormers! We carry a large selection and the top brands like Praziquantel Compounded, Drontal, and more. Find everything you need in one place. FREE shipping on orders $49+ and the BEST customer service!",252,tapeworms pet pharmacy medications,Prescription Tapeworm Dewormers for Dogs,1,tapeworm-dewormers,True,True,False,False,True,False,False,False,38,334,2,,,,,,,1,1,,0,0,0,1,1.0
Browse,Ranking Keywords,No top-10 ranking keywords,https://www.chewy.com/b/dog-chicken-and-rice-recipe-137894,True,"Prioritize content, metadata, linking, and relevance improvements for this template cohort.",0,Chicken and rice recipe for dogs - Free shipping | Chewy,56,Shop Chewy for low prices and the best Dog chicken and rice recipe! We carry a large selection and the top brands like American Journey and more. Find everything you need in one place. FREE shipping on orders $49+ and the BEST customer service!,244,deals on chicken and rice recipe for dogs,Chicken and rice recipe for dogs,1,dog-chicken-and-rice-recipe,True,False,False,False,True,False,False,False,0,304,5,,,,,,,4,4,26.0,0,0,3,1,16.0
Browse,Ranking Keywords,No top-10 ranking keywords,https://www.chewy.com/b/small-animal-starter-kit-116102,True,"Prioritize content, metadata, linking, and relevance improvements for this template cohort.",0,Small Animal Starter Kit | Chewy,32,"Shop Chewy for low prices and the best Starter Kits! We carry a large selection and the top brands like Carefresh, MidWest, and more. Find everything you need in one place. FREE shipping on orders $49+ and the BEST customer service!",232,starter kits for your new pet guinea pig,Small Animal Starter Kits,1,small-animal-starter-kit,True,True,False,False,True,False,False,True,43,325,2,,,,,,,2,2,20.0,0,1,0,1,1.0
Browse,Ranking Keywords,No top-10 ranking keywords,https://www.chewy.com/b/degu-cages-11059,True,"Prioritize content, metadata, linking, and relevance improvements for this template cohort.",0,Degu Cages | Chewy,18,"Shop Chewy for low prices and the best Cages & Playpens! We carry a large selection and the top brands like Prevue Pet Products, Zylina, and more. Find everything you need in one place. FREE shipping on orders $49+ and the BEST customer service!",245,best degu cages,Degu Cages,1,degu-cages,True,True,False,False,True,False,False,True,7,335,4,,,,,,,1,1,,0,0,0,1,1.0
Browse,Ranking Keywords,No top-10 ranking keywords,https://www.chewy.com/b/hanukkah-gifts-2874,True,"Prioritize content, metadata, linking, and relevance improvements for this template cohort.",0,"Hanukkah Pet Shop: Hanukkah Dog Toys, Sweaters, Bandanas & More | Chewy",71,"Shop Chewy’s Hanukkah Pet Shop. Browse festive dog & cat toys, sweaters, bandanas, treats and more to make your pet’s Hanukkah extra special. Free shipping and the BEST customer service!",186,hanukkah pet shop,Hanukkah Pet Shop,1,hanukkah-gifts,True,True,False,False,True,False,False,True,6,342,5,,,,,,,1,1,,0,0,0,1,1.0
Browse,Ranking Keywords,No top-10 ranking keywords,https://www.chewy.com/b/dog-waste-disposal-system-157222,True,"Prioritize content, metadata, linking, and relevance improvements for this template cohort.",0,Dog Waste Disposal Systems - Free shipping | Chewy,50,"Shop Chewy for low prices and the best Waste Disposal Systems! We carry a large selection and the top brands like NineStars, Red Rocket, and more. Find everything you need in one place. FREE shipping on orders $49+ and the BEST customer service!",245,deals on dog waste disposal systems,Dog Waste Disposal Systems,1,dog-waste-disposal-system,True,True,False,False,True,False,False,True,113,347,2,,,,,,,1,1,25.0,0,0,1,0,22.0
Browse,Ranking Keywords,No top-10 ranking keywords,https://www.chewy.com/b/dog-brushless-teeth-cleaning-2600,True,"Prioritize content, metadata, linking, and relevance improvements for this template cohort.",0,"Dog Dental Sprays, Tooth and Gum Wipes & Foams (Free Shipping) | Chewy",70,"Shop Chewy for low prices on dog dental sprays, wipes and foams. We carry a wide selection of dog dental sprays, plaque tooth wipes and foams to clean your pups teeth and help improve oral hygiene. *FREE* shipping on orders $49+ and the BEST customer service!",259,dog brushless teeth cleaning on sale,Dog Brushless Teeth Cleaning,1,dog-brushless-teeth-cleaning,True,True,False,False,True,False,False,True,320,364,2,,,,,,,1,1,,0,0,0,1,7.0
Browse,Ranking Keywords,No top-10 ranking keywords,https://www.chewy.com/b/eye-supplements-for-dogs-15546,True,"Prioritize content, metadata, linking, and relevance improvements for this template cohort.",0,Eye Supplements For Dogs - Free shipping | Chewy,48,"Shop Chewy for low prices and the best Vision Supplements! We carry a large selection and the top brands like Animal Necessity, Chew + Heal, and more. Find everything you need in one place. FREE shipping on orders $49+ and the BEST customer service!",249,eye care powder supplements for dogs on sale,Eye Supplements For Dogs,1,eye-supplements-for-dogs,False,False,False,False,True,False,False,True,11,344,3,,,,,,,1,1,,0,0,0,1,3.0
Browse,Ranking Keywords,No top-10 ranking keywords,https://www.chewy.com/b/wet-food-for-active-dogs-130222,True,"Prioritize content, metadata, linking, and relevance improvements for this template cohort.",0,Wet Food for Active Dogs - Free shipping | Chewy,48,"Shop Chewy for low prices and the best Wet Food for Active Dogs! We carry a large selection and the top brands like Hill's Science Diet, Purina Pro Plan, and more. Find everything you need in one place. FREE shipping on orders $49+ and the BEST customer service!",262,wet food for active dogs on sale,Wet Food for Active Dogs,1,wet-food-for-active-dogs,True,True,False,False,True,False,False,False,59,345,5,,,,,,,1,1,,0,0,0,1,1.0
Browse,Ranking Keywords,No top-10 ranking keywords,https://www.chewy.com/b/aquarium-and-fish-tank-parts-1742,True,"Prioritize content, metadata, linking, and relevance improvements for this template cohort.",0,Aquarium & Fish Tank Parts | Chewy,34,Shop Chewy for low prices on the best aquarium and fish tank maintenance accessories. Chewy has a wide selection of maintenance products to help maintain your aquarium or fish tank and keep it in good working order. *FREE* shipping on orders $49+ and the BEST customer service!,277,aquarium parts,Aquarium & Fish Tank Parts,1,aquarium-and-fish-tank-parts,True,True,False,False,True,False,False,True,8,319,3,,,,,,,2,2,25.0,0,0,1,1,1.0
Browse,Ranking Keywords,No top-10 ranking keywords,https://www.chewy.com/b/aquarium-and-fish-tank-filter-parts-928,True,"Prioritize content, metadata, linking, and relevance improvements for this template cohort.",0,Fish Tank & Aquarium Filter Parts | Chewy,41,"Shop Chewy for low prices on the best aquarium and fish tank filter parts and accessories. We carry a wide selection of parts and accessories for fish tank filters like tubing, pump holders, filter bags and more. *FREE* shipping on orders $49+ and the BEST customer service!",274,aquarium filter parts,Aquarium & Fish Tank Filter Parts,1,aquarium-and-fish-tank-filter-parts,True,True,False,False,True,False,False,True,157,355,2,,,,,,,2,2,12.0,0,1,0,1,1.0
Browse,Ranking Keywords,No top-10 ranking keywords,https://www.chewy.com/b/personalized-cat-bowls-and-placemats-12892,True,"Prioritize content, metadata, linking, and relevance improvements for this template cohort.",0,"Personalized Cat Bowls, Placemats, & Storage - Free shipping | Chewy",68,"Shop Chewy for low prices and the best Personalized Bowls! We carry a large selection and the top brands like KibbleScoop, Drymate, and more. Find everything you need in one place. FREE shipping on orders $49+ and the BEST customer service!",240,personalized cat bowls and placemats,"Personalized Cat Bowls, Placemats, & Storage",1,personalized-cat-bowls-and-placemats,True,True,False,False,True,False,False,True,121,350,2,,,,,,,1,1,,0,0,0,1,1.0
Browse,Ranking Keywords,No top-10 ranking keywords,https://www.chewy.com/b/roundworm-hookworm-dewormers-165342,True,"Prioritize content, metadata, linking, and relevance improvements for this template cohort.",0,Prescription Roundworm & Hookworm Dewormers for Dogs - Free shipping | Chewy,76,"Shop Chewy for low prices and the best Roundworm & Hookworm Dewormers! We carry a large selection and the top brands like Fenbendazole Compounded, Levamisole Compounded, and more. Find everything you need in one place. FREE shipping on orders $49+ and the BEST customer service!",278,roundworms pet pharmacy medications,Prescription Roundworm & Hookworm Dewormers for Dogs,1,roundworm-hookworm-dewormers,True,True,False,False,True,False,False,False,38,327,2,,,,,,,1,1,,0,0,0,1,1.0
Browse,Ranking Keywords,No top-10 ranking keywords,https://www.chewy.com/b/horse-saddles-and-saddle-pads-11449,True,"Prioritize content, metadata, linking, and relevance improvements for this template cohort.",0,Saddle Pads | Chewy,19,"Shop Chewy for low prices and the best Saddle Pads! We carry a large selection and the top brands like Equinavia, TuffRider, and more. Find everything you need in one place. FREE shipping on orders $49+ and the BEST customer service!",233,horse saddle pads,Horse Saddle Pads,1,horse-saddles-and-saddle-pads,True,True,False,False,True,False,False,True,331,359,3,,,,,,,2,2,28.0,0,0,1,1,1.0
Browse,Ranking Keywords,No top-10 ranking keywords,https://www.chewy.com/b/horse-saddlery-11445,True,"Prioritize content, metadata, linking, and relevance improvements for this template cohort.",0,Saddlery | Chewy,16,"Shop Chewy for low prices and the best Saddle Pads! We carry a large selection and the top brands like Equinavia, TuffRider, and more. Find everything you need in one place. FREE shipping on orders $49+ and the BEST customer service!",233,horse saddles and saddle pads | chewy,Saddle Pads,1,horse-saddlery,True,True,False,False,True,False,False,False,472,357,2,,,,,,,1,1,,0,0,0,1,1.0
Browse,Ranking Keywords,No top-10 ranking keywords,https://www.chewy.com/b/chicken-treats-12995,True,"Prioritize content, metadata, linking, and relevance improvements for this template cohort.",0,Chicken Treats | Chewy,22,"Shop Chewy for low prices and the best Treats products! We carry a large selection and the top brands like ABDragons, Happy Hen Treats, and more. Find everything you need in one place. FREE shipping on orders $49+ and the BEST customer service!",244,fowl treats,Chicken Treats,1,chicken-treats,True,True,False,False,True,False,False,True,318253,358,1,good,1817.0,poor,0.4,,,7,6,16.25,0,3,1,3,4.0
Browse,Ranking Keywords,No top-10 ranking keywords,https://www.chewy.com/b/eye-care-377,True,"Prioritize content, metadata, linking, and relevance improvements for this template cohort.",0,Best Dog Eye Care Products: Low Prices - Free Shipping | Chewy,62,"Shop Chewy for the best dog eye care products! Shop our wide selection of tear stain removers, eye wipes, eye supplements and more. We carry solutions for keeping your dog’s eyes free from dirt, grime and bacteria from top brands like Angel Eyes, NaturVet, Optixcare and more. *FREE* shipping on orders $49+ and the BEST customer service!",338,deals on dog eye care,Dog Eye Care,1,eye-care,False,False,False,False,True,False,False,False,255,381,2,,,,,,,1,1,,0,0,0,1,3.0
Browse,Ranking Keywords,No top-10 ranking keywords,https://www.chewy.com/b/chicken-coop-cleaner-16632,True,"Prioritize content, metadata, linking, and relevance improvements for this template cohort.",0,Chicken Coop Cleaner | Chewy,28,"Shop Chewy for low prices and the best Coop Cleaners & Accessories! We carry a large selection and the top brands like Little Giant, RentACoop, and more. Find everything you need in one place. FREE shipping on orders $49+ and the BEST customer service!",252,chicken coops cleaners and accessories,Chicken Coop Cleaner,1,chicken-coop-cleaner,True,True,False,False,True,False,False,True,116,356,2,,,,,,,2,2,,0,0,0,2,1.0
Browse,Ranking Keywords,No top-10 ranking keywords,https://www.chewy.com/b/conure-grooming-supplies-12962,True,"Prioritize content, metadata, linking, and relevance improvements for this template cohort.",0,Conure Grooming Supplies | Chewy,32,"Shop Chewy for low prices and the best Conure Grooming! We carry a large selection and the top brands like Zoo Med, Polly's Pet Products, and more. Find everything you need in one place. FREE shipping on orders $49+ and the BEST customer service!",246,conure grooming supplies,Conure Grooming Supplies,1,conure-grooming-supplies,True,True,False,False,True,False,False,True,17,323,3,,,,,,,2,2,,0,0,0,2,1.0
Browse,Ranking Keywords,No top-10 ranking keywords,https://www.chewy.com/b/hedgehog-enclosures-and-accessories-11065,True,"Prioritize content, metadata, linking, and relevance improvements for this template cohort.",0,Hedgehog Enclosures & Accessories | Chewy,41,"Shop Chewy for low prices and the best Enclosures & Habitat Accessories! We carry a large selection and the top brands like PawHut, FXW, and more. Find everything you need in one place. FREE shipping on orders $49+ and the BEST customer service!",245,best hedgehog habitats and enclosures,Hedgehog Enclosures & Habitat Accessories,1,hedgehog-enclosures-and-accessories,True,True,False,False,True,False,False,True,70,361,2,,,,,,,3,2,,0,0,0,3,1.0
Browse,Ranking Keywords,No top-10 ranking keywords,https://www.chewy.com/b/grain-free-11490,True,"Prioritize content, metadata, linking, and relevance improvements for this template cohort.",0,Grain Free Soft Dog Treats - Free shipping | Chewy,50,"Shop Chewy for low prices and the best Grain-Free products! We carry a large selection and the top brands like Woof, Inaba, and more. Find everything you need in one place. FREE shipping on orders $49+ and the BEST customer service!",232,grain-free soft and chewy treats for dogs,Grain Free Soft Dog Treats,1,grain-free,False,False,False,False,True,False,False,True,463,357,2,,,,,,,2,2,,0,0,0,2,1.0
Browse,Ranking Keywords,No top-10 ranking keywords,https://www.chewy.com/b/shop-by-cat-126862,False,"Prioritize content, metadata, linking, and relevance improvements for this template cohort.",0,,,,,by chewy cat-top rated and trending,,,,,,,,,,,,,,,,,,,,,1,1,25.0,0,0,1,0,
Browse,Ranking Keywords,No top-10 ranking keywords,https://www.chewy.com/b/llama-and-alpaca-feeding-supplies-12746,True,"Prioritize content, metadata, linking, and relevance improvements for this template cohort.",0,Llama & Alpaca Feeding Supplies | Chewy,39,"Shop Chewy for low prices and the best Feeding Supplies! We carry a large selection and the top brands like Indipets, K&H Pet Products, and more. Find everything you need in one place. FREE shipping on orders $49+ and the BEST customer service!",244,llama and alpaca feeding supplies,Llama & Alpaca Feeding Supplies,1,llama-and-alpaca-feeding-supplies,True,True,False,False,True,False,False,True,68,321,2,,,,,,,1,1,25.0,0,0,1,0,1.0
Browse,Ranking Keywords,No top-10 ranking keywords,https://www.chewy.com/b/dog-tie-out-cable-2591,True,"Prioritize content, metadata, linking, and relevance improvements for this template cohort.",0,Dog Tie Out Cables: 20 ft up to 100 ft - Low Prices (Free Shipping) | Chewy,75,Shop Chewy for low prices on dog tie out cables. We have a wide selection of dog tie out cables that come in a variety of different lengths from 20 feet all the way up to 100 feet to give your pup the freedom to run around. *FREE* shipping on orders $49+ and the BEST customer service!,285,black dog tie out cables,Dog Tie Outs,1,dog-tie-out-cable,True,True,False,False,True,False,False,True,16,349,3,,,,,,,1,1,,0,0,0,1,1.0
Browse,Ranking Keywords,No top-10 ranking keywords,https://www.chewy.com/b/parakeet-food-944,True,"Prioritize content, metadata, linking, and relevance improvements for this template cohort.",0,Parakeet Food | Chewy,21,"Buy the most trusted Parakeet Food at Chewy. We have a variety of healthy seeds, pellets and crumble all tailored for your Parakeet's nutrition!",144,parakeet food,Parakeet Food,1,parakeet-food,True,True,False,False,True,False,False,True,150,359,2,good,1848.0,poor,0.79,,,14,13,16.88,0,5,3,6,2.0
Browse,Ranking Keywords,No top-10 ranking keywords,https://www.chewy.com/b/mythical-creatures-shop-10565,False,"Prioritize content, metadata, linking, and relevance improvements for this template cohort.",0,,,,,deals on mythical creatures dog shop,,,,,,,,,,,,,,,,,,,,,1,1,,0,0,0,1,
Browse,Ranking Keywords,No top-10 ranking keywords,https://www.chewy.com/b/betta-fish-tank-filter-cartridges-118382,True,"Prioritize content, metadata, linking, and relevance improvements for this template cohort.",0,Betta Fish Tank Filter Cartridges | Chewy,41,"Shop Chewy for low prices and the best Filter Cartridges! We carry a large selection and the top brands like Aqueon, API, and more. Find everything you need in one place. FREE shipping on orders $49+ and the BEST customer service!",230,betta fish filters cartridges,Betta Fish Tank Filter Cartridges,1,betta-fish-tank-filter-cartridges,True,True,False,False,True,False,False,True,1,318,4,,,,,,,3,3,,0,0,0,3,1.0
Browse,Ranking Keywords,No top-10 ranking keywords,https://www.chewy.com/b/tech-gps-tracker-tags-124718,True,"Prioritize content, metadata, linking, and relevance improvements for this template cohort.",0,Tech & GPS Tracker Tags - Free shipping | Chewy,47,Shop Chewy for low prices and the best Tech & GPS Tracker Tags! We carry a large selection and the top brands like American Journey and more. Find everything you need in one place. FREE shipping on orders $49+ and the BEST customer service!,240,cat tech and gps tracker tags,Tech & GPS Tracker Tags,1,tech-gps-tracker-tags,True,True,False,False,True,False,False,False,209,351,3,,,,,,,1,1,19.0,0,1,0,0,1.0
Browse,Ranking Keywords,No top-10 ranking keywords,https://www.chewy.com/b/training-tech-collars-141398,True,"Prioritize content, metadata, linking, and relevance improvements for this template cohort.",0,Puppy Training & Tech Collars - Free shipping | Chewy,53,"Shop Chewy for low prices and the best Training & Tech Collars! We carry a large selection and the top brands like PATPET, LvLrister, and more. Find everything you need in one place. FREE shipping on orders $49+ and the BEST customer service!",242,puppy training and tech collars,Puppy Training & Tech Collars,1,training-tech-collars,True,True,False,False,True,False,False,False,44,347,4,,,,,,,2,1,31.0,0,0,1,1,1.0
Browse,Ranking Keywords,No top-10 ranking keywords,https://www.chewy.com/b/training-tech-collars-106774,True,"Prioritize content, metadata, linking, and relevance improvements for this template cohort.",0,Training & Tech Collars - Free shipping | Chewy,47,"Shop Chewy for low prices and the best Training & Tech Collars! We carry a large selection and the top brands like PATPET, LvLrister, and more. Find everything you need in one place. FREE shipping on orders $49+ and the BEST customer service!",242,puppy training and tech collars,Training & Tech Collars,1,training-tech-collars,False,False,False,False,True,False,False,False,1521,360,2,,,,,,,1,1,,0,0,0,1,1.0
Browse,Ranking Keywords,No top-10 ranking keywords,https://www.chewy.com/b/horse-riding-muck-boots-13128,True,"Prioritize content, metadata, linking, and relevance improvements for this template cohort.",0,Equestrian Muck Boots | Chewy,29,"Shop Chewy for low prices and the best Muck Boots! We carry a large selection and the top brands like Dublin, Horze, and more. Find everything you need in one place. FREE shipping on orders $49+ and the BEST customer service!",225,horse riding country and muck boots,Horse Riding Muck Boots,1,horse-riding-muck-boots,True,True,False,False,True,False,False,False,18,323,4,,,,,,,3,3,17.0,0,1,0,2,1.0
Browse,Ranking Keywords,No top-10 ranking keywords,https://www.chewy.com/b/calming-aids-1420,True,"Prioritize content, metadata, linking, and relevance improvements for this template cohort.",0,"Cat Calming Aids: Calming Chews, Sprays & More (Free Shipping) | Chewy",70,"Shop Chewy for low prices and the best cat calming aids! Cat stress can come from her environment, physical issues, or emotions such as fear. Check out our wide selection of products to keep your kitty calm with aids like calming chews, diffusers, collars and supplements. *FREE* shipping on orders $49+ and the BEST customer service.",334,cat calming powders,Cat Calming Aids,1,calming-aids,False,False,False,False,True,False,False,False,75,360,2,,,,,,,6,6,25.0,0,0,1,5,3.0
Browse,Ranking Keywords,No top-10 ranking keywords,https://www.chewy.com/b/raw-cat-food-toppers-8437,True,"Prioritize content, metadata, linking, and relevance improvements for this template cohort.",0,Raw Cat Food Toppers & Mixers - Low Prices (Free Shipping) | Chewy,66,"Shop Chewy for low prices and the best Mixers & Toppers! We carry a large selection and the top brands like Smallbatch Pets, Instinct, and more. Find everything you need in one place. FREE shipping on orders $49+ and the BEST customer service!",243,raw cat food toppers,Raw Cat Food Toppers,1,raw-cat-food-toppers,True,True,False,False,True,False,False,True,32,331,3,,,,,,,3,3,,0,0,0,3,1.0
Browse,Ranking Keywords,No top-10 ranking keywords,https://www.chewy.com/b/small-animal-vitamins-and-supplements-1021,True,"Prioritize content, metadata, linking, and relevance improvements for this template cohort.",0,Small Animal Vitamins & Supplements | Chewy,43,"Shop Chewy for low prices on the best small pet health and wellness products. Chewy has a wide selection of health and wellness products for small pets like flea treatment, digestive supplements, anxiety and pain relief supplements and more. *FREE* shipping on orders $49+ and the BEST customer service!",303,small animal supplements,Small Animal Vitamins & Supplements,1,small-animal-vitamins-and-supplements,True,True,False,False,True,False,False,True,90,355,2,,,,,,,3,3,,0,0,0,3,1.0
Browse,Ranking Keywords,No top-10 ranking keywords,https://www.chewy.com/b/modern-cat-tree-and-furniture-9098,True,"Prioritize content, metadata, linking, and relevance improvements for this template cohort.",0,Modern Cat Furniture: Modern Cat Trees & More (Free Shipping) | Chewy,69,"Shop Chewy for low prices and the best Modern Furniture! We carry a large selection and the top brands like Yaheetech, Frisco, and more. Find everything you need in one place. FREE shipping on orders $49+ and the BEST customer service!",235,modern cat tree,Modern Cat Furniture & Trees,1,modern-cat-tree-and-furniture,True,True,False,False,True,False,False,True,218,354,2,good,1495.0,good,0.09,,,7,7,15.0,0,5,0,2,7.0
Browse,Ranking Keywords,No top-10 ranking keywords,https://www.chewy.com/b/horse-feed-bags-and-hay-nets-11488,True,"Prioritize content, metadata, linking, and relevance improvements for this template cohort.",0,Horse Feed Bags & Hay Nets | Chewy,34,"Shop Chewy for low prices and the best Hay Nets & Bags! We carry a large selection and the top brands like Kensington Protective Products, Derby Originals, and more. Find everything you need in one place. FREE shipping on orders $49+ and the BEST customer service!",264,horse feed bag,Horse Feed Bags & Hay Nets,1,horse-feed-bags-and-hay-nets,True,True,False,False,True,False,False,True,364,352,2,,,,,,,3,3,25.0,0,0,1,2,1.0
Browse,Ranking Keywords,No top-10 ranking keywords,https://www.chewy.com/b/worm-medicine-for-dogs-11581,True,"Prioritize content, metadata, linking, and relevance improvements for this template cohort.",0,Worm Medicine for Dogs: Prescription Dog Dewormer (Ships Free) | Chewy RX,73,"Shop Chewy Pharmacy for the best prices on Prescription Dog Worm Medication. We have top brands like Bravecto, Heartgard & Nexgard. FREE shipping on $49+ orders!",161,deals on prescription worm medicine for dogs,Worm Medicine For Dogs,1,worm-medicine-for-dogs,True,True,False,False,True,False,False,True,33,362,2,,,,,,,1,1,,0,0,0,1,1.0
Browse,Ranking Keywords,No top-10 ranking keywords,https://www.chewy.com/b/dog-odor-eliminator-352,True,"Prioritize content, metadata, linking, and relevance improvements for this template cohort.",0,Dog Deodorizer Sprays: Best Brands & Prices (Free Shipping) | Chewy,67,"Shop Chewy for low prices and the best dog deodorizers & dog stain removing products. With our wide selection of sprays, candles and powders, you'll have a clean scent for every room in the house whether it's for carpet, floors or furniture. *FAST and FREE* shipping on orders $49+ and the BEST customer service. Shop for all DOG DEODORIZERS at Chewy.com.",355,dog kennel deodorizers,Dog Odor Removers,1,dog-odor-eliminator,True,True,False,False,True,False,False,True,474,353,2,,,,,,,4,3,18.33,0,3,0,1,2.0
Browse,Ranking Keywords,No top-10 ranking keywords,https://www.chewy.com/b/dog-hair-remover-2444,True,"Prioritize content, metadata, linking, and relevance improvements for this template cohort.",0,Best Dog Hair Remover & Lint Rollers: Low Prices (Free Shipping) | Chewy,72,"Shop Chewy for low prices and the best Hair Removal & Lint Rollers! We carry a large selection and the top brands like ACE2ACE, Delomo, and more. Find everything you need in one place. FREE shipping on orders $49+ and the BEST customer service!",244,dog hair remover,Dog Hair Removers & Pet Lint Rollers,1,dog-hair-remover,True,True,False,False,True,False,False,True,156,350,2,,,,,,,8,7,16.86,0,5,2,1,7.0
Browse,Ranking Keywords,No top-10 ranking keywords,https://www.chewy.com/b/tortoise-supplies-and-accessories-140982,True,"Prioritize content, metadata, linking, and relevance improvements for this template cohort.",0,Tortoise Supplies & Accessories | Chewy,39,"Shop Chewy for low prices and the best Tortoise products! We carry a large selection and the top brands like Zoo Med, Exo Terra, and more. Find everything you need in one place. FREE shipping on orders $49+ and the BEST customer service!",237,tortoise supplies,Tortoise Supplies & Accessories,1,tortoise-supplies-and-accessories,True,True,False,False,True,False,False,True,119,368,2,,,,,,,3,3,11.0,0,1,0,2,1.0
Browse,Ranking Keywords,No top-10 ranking keywords,https://www.chewy.com/b/poop-bags-bag-holders-116494,True,"Prioritize content, metadata, linking, and relevance improvements for this template cohort.",0,New Puppy Poop Bags & Bag Holders - Free shipping | Chewy,57,"Shop Chewy for low prices and the best Poop Bags & Bag Holders! We carry a large selection and the top brands like Lucy & Co., Puppington, and more. Find everything you need in one place. FREE shipping on orders $49+ and the BEST customer service!",247,new puppy poop bags and bag holders,New Puppy Poop Bags & Bag Holders,1,poop-bags-bag-holders,True,True,False,False,True,False,False,False,119,348,4,,,,,,,2,2,,0,0,0,2,1.0
Browse,Ranking Keywords,No top-10 ranking keywords,https://www.chewy.com/b/eye-infection-treatment-for-dogs-15547,True,"Prioritize content, metadata, linking, and relevance improvements for this template cohort.",0,Eye Infection Treatment For Dogs - Free shipping | Chewy,56,"Shop Chewy for low prices and the best Eye Infection Treatments! We carry a large selection and the top brands like COMFURT COLLAR, Neomycin Sulfate Compounded, and more. Find everything you need in one place. FREE shipping on orders $49+ and the BEST customer service!",269,deals on dog eye infection treatments,Eye Infection Treatment For Dogs,1,eye-infection-treatment-for-dogs,True,True,False,False,True,False,False,True,13,351,3,,,,,,,1,1,,0,0,0,1,3.0
Browse,Ranking Keywords,No top-10 ranking keywords,https://www.chewy.com/b/pet-memorial-frame-15477,True,"Prioritize content, metadata, linking, and relevance improvements for this template cohort.",0,Pet Memorial Picture Frames & Prints - Free shipping | Chewy,60,"Shop Chewy for low prices and the best Picture Frames & Prints! We carry a large selection and the top brands like Pawprints Left by You, Frisco, and more. Find everything you need in one place. FREE shipping on orders $49+ and the BEST customer service!",254,dog memorial frames,Pet Memorial Picture Frames & Prints,1,pet-memorial-frame,True,True,False,False,True,False,False,True,5,315,4,,,,,,,2,2,13.0,0,1,0,1,2.0
Browse,Ranking Keywords,No top-10 ranking keywords,https://www.chewy.com/b/hamster-cages-10954,True,"Prioritize content, metadata, linking, and relevance improvements for this template cohort.",0,Hamster Cages | Chewy,21,"Shop Chewy for low prices and the best Cages & Habitats! We carry a large selection and the top brands like PawHut, Prevue Pet Products, and more. Find everything you need in one place. FREE shipping on orders $49+ and the BEST customer service!",245,cheapest hamster cages,Hamster Cages & Habitats,1,hamster-cages,True,True,False,False,True,False,False,True,27,360,3,,,,,,,5,5,15.33,0,3,0,2,9.0
Browse,Ranking Keywords,No top-10 ranking keywords,https://www.chewy.com/b/cat-meowsicle-recipe-137886,True,"Prioritize content, metadata, linking, and relevance improvements for this template cohort.",0,‘Meowsicle’ Recipe: Cool Kitty Off With a Berry Cat Popsicle - Free shipping | Chewy,84,Shop Chewy for low prices and the best Cat meowsicle recipe! We carry a large selection and the top brands like American Journey and more. Find everything you need in one place. FREE shipping on orders $49+ and the BEST customer service!,237,can cats have popsicles,‘Meowsicle’ Recipe: Cool Kitty Off With a Berry Cat Popsicle,1,cat-meowsicle-recipe,True,False,False,False,True,False,False,False,2,311,3,,,,,,,1,1,,0,0,0,1,2.0
Browse,Ranking Keywords,No top-10 ranking keywords,https://www.chewy.com/b/snake-heat-lamp-and-bulbs-124606,True,"Prioritize content, metadata, linking, and relevance improvements for this template cohort.",0,Snake Heat Lamp & Bulbs | Chewy,31,"Shop Chewy for low prices and the best Heaters & Bulbs! We carry a large selection and the top brands like Arcadia Reptile, Zoo Med, and more. Find everything you need in one place. FREE shipping on orders $49+ and the BEST customer service!",241,snake heat bulbs,Snake Heat Lamps & Bulbs,1,snake-heat-lamp-and-bulbs,True,True,False,False,True,False,False,True,8,354,3,,,,,,,9,8,21.38,0,3,5,1,1.0
Browse,Ranking Keywords,No top-10 ranking keywords,https://www.chewy.com/b/electronic-doors-101102,True,"Prioritize content, metadata, linking, and relevance improvements for this template cohort.",0,Automatic & Electronic Cat Doors - Free shipping | Chewy,56,"Shop Chewy for low prices and the best Electronic Doors! We carry a large selection and the top brands like High Tech Pet Products, PetSafe, and more. Find everything you need in one place. FREE shipping on orders $49+ and the BEST customer service!",249,automatic and electronic cat doors,Automatic & Electronic Cat Doors,1,electronic-doors,True,True,False,False,True,False,False,False,10,335,5,,,,,,,3,3,14.33,0,3,0,0,2.0
Browse,Ranking Keywords,No top-10 ranking keywords,https://www.chewy.com/b/hermit-crab-heat-lamp-and-lighting-14035,True,"Prioritize content, metadata, linking, and relevance improvements for this template cohort.",0,Hermit Crab Heat Lamp & Lighting | Chewy,40,"Shop Chewy for low prices and the best Heating & Lighting! We carry a large selection and the top brands like Zoo Med, Exo Terra, and more. Find everything you need in one place. FREE shipping on orders $49+ and the BEST customer service!",238,hermit crab infrared light heat,Hermit Crab Heat Lamps & Lighting,1,hermit-crab-heat-lamp-and-lighting,True,True,False,False,True,False,False,True,32,356,2,,,,,,,3,3,18.5,0,1,1,1,3.0
Browse,Ranking Keywords,No top-10 ranking keywords,https://www.chewy.com/b/hermit-crab-supplies-and-accessories-14032,True,"Prioritize content, metadata, linking, and relevance improvements for this template cohort.",0,Hermit Crab Supplies & Accessories | Chewy,42,"Shop Chewy for low prices and the best Hermit Crab! We carry a large selection and the top brands like Zoo Med, Fluker's, and more. Find everything you need in one place. FREE shipping on orders $49+ and the BEST customer service!",230,best supplies for hermit crabs,Hermit Crab Supplies & Accessories,1,hermit-crab-supplies-and-accessories,True,True,False,False,True,False,False,True,364,364,2,,,,,,,1,1,,0,0,0,1,3.0
Browse,Ranking Keywords,No top-10 ranking keywords,https://www.chewy.com/b/service-dog-patches-2587,True,"Prioritize content, metadata, linking, and relevance improvements for this template cohort.",0,"Service Dog Patches: K9, Support, Therapy & More (Free Shipping) | Chewy",72,"Shop Chewy for low prices on service dog patches. We have a wide selection of patches for service dogs and therapy dogs with messages like ""do not pet"", ""in training"", ""esa support k-9"", ""therapy dog"" and more. *FREE* shipping on orders $49+ and the BEST customer service!",272,service dog patches,Service Dog Patches,1,service-dog-patches,True,True,False,False,True,False,False,True,250,336,3,,,,,,,4,4,19.5,0,1,1,2,1.0
Browse,Ranking Keywords,No top-10 ranking keywords,https://www.chewy.com/b/reptile-thermometer-and-hygrometers-106982,True,"Prioritize content, metadata, linking, and relevance improvements for this template cohort.",0,Reptile Thermometer & Hygrometers | Chewy,41,"Shop Chewy for low prices and the best Thermometers & Accessories! We carry a large selection and the top brands like Exo Terra, Zoo Med, and more. Find everything you need in one place. FREE shipping on orders $49+ and the BEST customer service!",246,reptile thermometer,Reptile Thermometer & Hygrometers,1,reptile-thermometer-and-hygrometers,True,True,False,False,True,False,False,True,45,342,2,,,,,,,7,7,15.75,0,4,0,3,1.0
Browse,Ranking Keywords,No top-10 ranking keywords,https://www.chewy.com/b/plant-based-flea-and-tick-treatment-for-cats-143806,True,"Prioritize content, metadata, linking, and relevance improvements for this template cohort.",0,Plant Based Flea & Tick Treatment For Cats - Free shipping | Chewy,66,"Shop Chewy for low prices and the best Plant-based Flea & Tick Treatments! We carry a large selection and the top brands like Wondercide, Cedarcide, and more. Find everything you need in one place. FREE shipping on orders $49+ and the BEST customer service!",257,plant based flea and tick treatment for cats,Plant Based Flea & Tick Treatment For Cats,1,plant-based-flea-and-tick-treatment-for-cats,True,True,False,False,True,False,False,False,28,350,2,,,,,,,1,1,,0,0,0,1,1.0
Browse,Ranking Keywords,No top-10 ranking keywords,https://www.chewy.com/b/sweaters-hoodies-130014,False,"Prioritize content, metadata, linking, and relevance improvements for this template cohort.",0,,,,,fall sweaters and hoodies,,,,,,,,,,,,,,,,,,,,,1,1,11.0,0,1,0,0,
Browse,Ranking Keywords,No top-10 ranking keywords,https://www.chewy.com/b/polo-shirts-10836,True,"Prioritize content, metadata, linking, and relevance improvements for this template cohort.",0,Dog Polo Shirts: Low Prices (Free Shipping) | Chewy,51,"Shop Chewy for low prices and the best Polo Shirts! We carry a large selection and the top brands like The Worthy Dog, Doggie Design, and more. Find everything you need in one place. FREE shipping on orders $49+ and the BEST customer service!",242,dog polo shirts,Dog Polo Shirts,1,polo-shirts,True,True,False,False,True,False,False,False,156,353,3,,,,,,,1,1,11.0,0,1,0,0,3.0
Browse,Ranking Keywords,No top-10 ranking keywords,https://www.chewy.com/b/retractable-dog-leash-2578,True,"Prioritize content, metadata, linking, and relevance improvements for this template cohort.",0,Best Retractable Dog Leashes: Large & Small (Free Shipping) | Chewy,67,Shop Chewy for low prices on the best retractable dog leashes. We have a wide selection of retractable dog leashes that come in different lengths and work for all size breeds of dogs from small toy breeds to extra large breeds. *FREE* shipping on orders $49+ and the BEST customer service!,289,best retractable dog leashes,Retractable Dog Leashes,1,retractable-dog-leash,True,True,False,False,True,False,False,True,466,366,2,good,1424.0,good,0.06,,,1,1,11.0,0,1,0,0,12.0
Browse,Ranking Keywords,No top-10 ranking keywords,https://www.chewy.com/b/pig-supplements-and-vitamins-12738,True,"Prioritize content, metadata, linking, and relevance improvements for this template cohort.",0,Pig Supplements & Vitamins | Chewy,34,"Shop Chewy for low prices and the best Supplements products! We carry a large selection and the top brands like Nature's Helper, Purina Animal Nutrition, and more. Find everything you need in one place. FREE shipping on orders $49+ and the BEST customer service!",262,best vitamins and supplements for pigs,Pig Supplements & Vitamins,1,pig-supplements-and-vitamins,True,True,False,False,True,False,False,True,14,351,2,,,,,,,5,4,14.4,0,5,0,0,1.0
Browse,Ranking Keywords,No top-10 ranking keywords,https://www.chewy.com/b/cattle-supplements-12729,True,"Prioritize content, metadata, linking, and relevance improvements for this template cohort.",0,Cattle Supplements | Chewy,26,"Shop Chewy for low prices and the best Supplements products! We carry a large selection and the top brands like Durvet, UltraCruz, and more. Find everything you need in one place. FREE shipping on orders $49+ and the BEST customer service!",239,cattle supplements,Cattle Vitamins & Supplements,1,cattle-supplements,True,True,False,False,True,False,False,True,19,355,2,,,,,,,5,5,12.8,0,5,0,0,1.0
Browse,Ranking Keywords,No top-10 ranking keywords,https://www.chewy.com/b/horse-ball-toys-1684,True,"Prioritize content, metadata, linking, and relevance improvements for this template cohort.",0,Horse Balls | Chewy,19,"Shop Chewy for low prices on horse ball toys. We have a wide selection of horse ball toys including jolly balls, mega balls, beachballs, soccer balls and more. Give your equine friend something to keep them entertained and to play with. *FREE* shipping on orders $49+ and the BEST customer service!",298,horses and balls,Horse Ball Toys,1,horse-ball-toys,True,True,False,False,True,False,False,True,33,329,3,,,,,,,2,2,14.5,0,2,0,0,2.0
Browse,Ranking Keywords,No top-10 ranking keywords,https://www.chewy.com/b/aquarium-and-fish-tank-air-pumps-and-air-stones-1738,True,"Prioritize content, metadata, linking, and relevance improvements for this template cohort.",0,Aquarium & Fish Tank Air Pump | Chewy,37,Shop Chewy for low prices on the best fish tank and pond air pumps and air stones for your freshwater or saltwater tank or pond. We carry a wide selection that will help keep the right oxygen level to keep your fish healthy. *FREE* shipping on orders $49+ and the BEST customer service!,286,best fish tank air pump,Aquarium Air Pumps,1,aquarium-and-fish-tank-air-pumps-and-air-stones,True,True,False,False,True,False,False,True,53,354,3,,,,,,,7,7,18.8,0,2,3,2,4.0
Browse,Ranking Keywords,No top-10 ranking keywords,https://www.chewy.com/b/fetch-sport-130286,True,"Prioritize content, metadata, linking, and relevance improvements for this template cohort.",0,"Fetch, Water & Sport Supplies for Dogs - Free shipping | Chewy",62,"Shop Chewy for low prices and the best Fetch, Water & Sport! We carry a large selection and the top brands like Littlearth, Chuckit!, and more. Find everything you need in one place. FREE shipping on orders $49+ and the BEST customer service!",242,fetch and sport,"Fetch, Water & Sport Supplies for Dogs",1,fetch-sport,True,True,False,False,True,False,False,False,240,346,2,,,,,,,1,1,11.0,0,1,0,0,1.0
Browse,Ranking Keywords,No top-10 ranking keywords,https://www.chewy.com/b/pet-odor-candles-15525,True,"Prioritize content, metadata, linking, and relevance improvements for this template cohort.",0,Pet Candles - Free shipping | Chewy,35,"Shop Chewy for low prices and the best Candles products! We carry a large selection and the top brands like Pet House, Vanilla Joe & Co., and more. Find everything you need in one place. FREE shipping on orders $49+ and the BEST customer service!",246,pet candles,Pet Candles,1,pet-odor-candles,True,True,False,False,True,False,False,True,300,346,4,,,,,,,1,1,,0,0,0,1,4.0
Browse,Ranking Keywords,No top-10 ranking keywords,https://www.chewy.com/b/cat-litter-mats-1440,True,"Prioritize content, metadata, linking, and relevance improvements for this template cohort.",0,Cat Litter Mats: Kitty Litter Box Mats - Low Prices (Free Shipping) | Chewy,75,"Shop Chewy for low prices and the best Litter Mats! We carry a large selection and the top brands like Bartuke, furrybaby, and more. Find everything you need in one place. FREE shipping on orders $49+ and the BEST customer service!",231,cat litter mats,Cat Litter Mats,1,cat-litter-mats,True,True,False,False,True,False,False,True,344,363,2,good,1575.0,needs,0.13,,,6,5,15.83,0,6,0,0,30.0
Browse,Ranking Keywords,No top-10 ranking keywords,https://www.chewy.com/b/cichlid-food-888,True,"Prioritize content, metadata, linking, and relevance improvements for this template cohort.",0,Cichlid Food | Chewy,20,"Shop Chewy for low prices and the best cichlid fish food! It is important that you understand what group your fish belongs to, and then to feed them accordingly. We carry a wide selection of pellets, freeze dried blood worms, flakes and more to satisfy their cravings be they carnivorous or herbivorous. *FREE* shipping on orders $49+ and the BEST customer service!",365,cichlid pellets,Cichlid Food,1,cichlid-food,True,True,False,False,True,False,False,True,96,349,2,,,,,,,8,7,19.33,0,3,3,2,1.0
Browse,Ranking Keywords,No top-10 ranking keywords,https://www.chewy.com/b/lizard-humidity-control-14008,True,"Prioritize content, metadata, linking, and relevance improvements for this template cohort.",0,Lizard Humidity Control | Chewy,31,"Shop Chewy for low prices and the best Humidity Control & Cleaners! We carry a large selection and the top brands like Zoo Med, Exo Terra, and more. Find everything you need in one place. FREE shipping on orders $49+ and the BEST customer service!",247,lizard humidity control,Lizard Humidity Control,1,lizard-humidity-control,True,True,False,False,True,False,False,True,43,355,3,,,,,,,1,1,11.0,0,1,0,0,1.0
Browse,Ranking Keywords,No top-10 ranking keywords,https://www.chewy.com/b/high-protein-chicken-feed-128966,True,"Prioritize content, metadata, linking, and relevance improvements for this template cohort.",0,High-Protein Chicken Feed | Chewy,33,"Shop Chewy for low prices and the best High-Protein Feed! We carry a large selection and the top brands like Kalmbach Feeds, Modesto Milling, and more. Find everything you need in one place. FREE shipping on orders $49+ and the BEST customer service!",250,high protein chicken food,High-Protein Chicken & Poultry Feed,1,high-protein-chicken-feed,True,True,False,False,True,False,False,True,81,349,2,,,,,,,5,4,13.0,0,2,0,3,4.0
Browse,Ranking Keywords,No top-10 ranking keywords,https://www.chewy.com/b/dog-winter-coat-2486,True,"Prioritize content, metadata, linking, and relevance improvements for this template cohort.",0,Dog Winter Coats: Snow Jackets & Parkas (Free Shipping) | Chewy,63,"Shop Chewy for the best winter coats! We have you covered with a large selection of dog coats from sleek to fashionable to minimalist to waterproof, insulated yet functional. Chewy’s dog coat selection keeps your dog warm with all-weather solutions. *FREE* shipping on orders $49+ and the BEST customer service!",311,dog winter coats,Dog Winter Coats,1,dog-winter-coat,True,True,False,False,True,False,False,True,1346,357,3,,,,,,,14,13,17.7,0,7,3,4,1.0
Browse,Ranking Keywords,No top-10 ranking keywords,https://www.chewy.com/b/horse-fly-and-insect-control-1694,True,"Prioritize content, metadata, linking, and relevance improvements for this template cohort.",0,Horse Fly Control | Chewy,25,"Shop Chewy for low prices and the horse pest and insect control supplies. Chewy has top-rated products from the best brands including tick removal, horse fly-repellent sprays & traps and more. *FREE* shipping on orders $49+ and the BEST customer service!",254,spray for flies on horses,Horse Fly & Insect Control,1,horse-fly-and-insect-control,True,True,False,False,True,False,False,True,318253,369,1,good,2010.0,good,0.025,,,18,17,21.78,0,6,12,0,6.0
Browse,Ranking Keywords,No top-10 ranking keywords,https://www.chewy.com/b/rabbit-hutches-10888,True,"Prioritize content, metadata, linking, and relevance improvements for this template cohort.",0,Rabbit Hutches | Chewy,22,"Shop Chewy for low prices and the best Hutches & Pens! We carry a large selection and the top brands like PawHut, Aivituvin, and more. Find everything you need in one place. FREE shipping on orders $49+ and the BEST customer service!",233,indoor rabbit hutch cage,Rabbit Hutches & Pens,1,rabbit-hutches,True,True,False,False,True,False,False,True,46,367,3,good,1472.0,good,0.095,,,22,20,22.5,0,7,9,6,14.0
Browse,Ranking Keywords,No top-10 ranking keywords,https://www.chewy.com/b/millet-spray-for-birds-16524,True,"Prioritize content, metadata, linking, and relevance improvements for this template cohort.",0,Millet Spray For Birds | Chewy,30,"Shop Chewy for low prices and the best Millet products! We carry a large selection and the top brands like Birds LOVE, Brown's, and more. Find everything you need in one place. FREE shipping on orders $49+ and the BEST customer service!",236,millet spray for birds,Millet Spray For Birds,1,millet-spray-for-birds,True,True,False,False,True,False,False,True,64,342,2,,,,,,,2,2,12.5,0,2,0,0,3.0
Browse,Ranking Keywords,No top-10 ranking keywords,https://www.chewy.com/b/personalized-pet-socks-16217,True,"Prioritize content, metadata, linking, and relevance improvements for this template cohort.",0,Personalized & Custom Apparel - Free shipping | Chewy,53,"Shop Chewy for low prices and the best Apparel products! We carry a large selection and the top brands like ISlide, PGS, and more. Find everything you need in one place. FREE shipping on orders $49+ and the BEST customer service!",229,custom cat socks,Personalized & Custom Apparel,1,personalized-pet-socks,True,True,False,False,True,False,False,True,16,342,3,,,,,,,8,8,12.75,0,8,0,0,1.0
Browse,Ranking Keywords,No top-10 ranking keywords,https://www.chewy.com/b/seizure-medicine-for-cats-11614,True,"Prioritize content, metadata, linking, and relevance improvements for this template cohort.",0,Cat Seizure Medication: Epilepsy Medication for Cats (Ships Free) | Chewy RX,76,"Shop Chewy Pharmacy for the best prices on Prescription Cat Seizure & Epilepsy Meds. We have top brands, generics, and compounded medication. FREE shipping on $49+ orders!",171,seizure medication for cats,Epilepsy & Seizure Medicine for Cats,1,seizure-medicine-for-cats,True,True,False,False,True,False,False,True,27,328,2,,,,,,,2,2,12.0,0,2,0,0,3.0
Browse,Ranking Keywords,No top-10 ranking keywords,https://www.chewy.com/b/thyroid-medication-for-cats-11615,True,"Prioritize content, metadata, linking, and relevance improvements for this template cohort.",0,Thyroid Medicine for Cats: Hormone & Thyroid Meds (Ships Free) | Chewy RX,73,"Shop Chewy Pharmacy for the best prices on Prescription Cat Hormone & Thyroid Meds. We have top brands like Vetsulin, UltiCare & ProZinc. FREE shipping on $49+ orders!",167,thyroid medication for cats,Hormone & Thyroid Medications For Cats,1,thyroid-medication-for-cats,True,True,False,False,True,False,False,True,318253,351,1,good,1649.0,good,0.03,,,1,1,11.0,0,1,0,0,9.0
Browse,Ranking Keywords,No top-10 ranking keywords,https://www.chewy.com/b/dog-leash-with-traffic-handle-141390,True,"Prioritize content, metadata, linking, and relevance improvements for this template cohort.",0,Traffic Handle Leashes - Free shipping | Chewy,46,"Shop Chewy for low prices and the best Traffic Handle Leashes! We carry a large selection and the top brands like Pawtitas, Sleepypod, and more. Find everything you need in one place. FREE shipping on orders $49+ and the BEST customer service!",243,deals on traffic handle leashes,Traffic Handle Leashes,1,dog-leash-with-traffic-handle,True,True,False,False,True,False,False,True,1441,348,2,,,,,,,4,4,21.5,0,1,3,0,1.0
Browse,Ranking Keywords,No top-10 ranking keywords,https://www.chewy.com/b/shop-by-cat-15492,False,"Prioritize content, metadata, linking, and relevance improvements for this template cohort.",0,,,,,deals on camping cat toys,,,,,,,,,,,,,,,,,,,,,1,1,,0,0,0,1,
Browse,Ranking Keywords,No top-10 ranking keywords,https://www.chewy.com/b/sport-dog-training-accessories-1456,True,"Prioritize content, metadata, linking, and relevance improvements for this template cohort.",0,"Dog Sport Training: Dummies, Clickers & More (Free Shipping) | Chewy",68,"Shop Chewy for dog sport and agility training equipment. We have a wide selection of dog sport and agility training equipment including leashes, whistles, tunnels, slalom poles, dummies, clickers, launchers and more. *FREE* shipping on orders $49+ and the BEST customer service!",278,dog sport gear,Dog Sport Training Accessories,1,sport-dog-training-accessories,True,True,False,False,True,False,False,True,495,357,2,,,,,,,5,5,18.6,0,4,1,0,1.0
Browse,Ranking Keywords,No top-10 ranking keywords,https://www.chewy.com/b/hemp-supplements-for-dogs-143678,True,"Prioritize content, metadata, linking, and relevance improvements for this template cohort.",0,Full & Broad-Spectrum Hemp Extract Supplements for Dogs - Free shipping | Chewy,79,"Shop Chewy for low prices and the best Hemp Supplements! We carry a large selection and the top brands like Pet Releaf, Kradle, and more. Find everything you need in one place. FREE shipping on orders $49+ and the BEST customer service!",236,hemp supplements for dogs on sale,Full & Broad-Spectrum Hemp Extract Supplements for Dogs,1,hemp-supplements-for-dogs,True,True,False,False,True,False,False,True,675,352,2,good,1744.0,good,0.075,,,2,2,12.0,0,2,0,0,8.0
Browse,Ranking Keywords,No top-10 ranking keywords,https://www.chewy.com/b/saltwater-aquarium-supplies-115958,True,"Prioritize content, metadata, linking, and relevance improvements for this template cohort.",0,Saltwater Aquarium & Fish Tank Supplies | Chewy,47,"Shop Chewy for low prices and the best Saltwater Fish Shop! We carry a large selection and the top brands like Underwater Treasures, Penn-Plax, and more. Find everything you need in one place. FREE shipping on orders $49+ and the BEST customer service!",252,saltwater fish media,Saltwater Aquarium Supplies,1,saltwater-aquarium-supplies,True,True,False,False,True,False,False,False,318253,373,1,,,,,,,2,2,11.0,0,1,0,1,1.0
Browse,Ranking Keywords,No top-10 ranking keywords,https://www.chewy.com/b/reptile-wood-13505,True,"Prioritize content, metadata, linking, and relevance improvements for this template cohort.",0,Reptile Wood | Chewy,20,"Shop Chewy for low prices and the best Terrarium Wood! We carry a large selection and the top brands like Galapagos, Zoo Med, and more. Find everything you need in one place. FREE shipping on orders $49+ and the BEST customer service!",234,reptile wood,Terrarium Wood,1,reptile-wood,True,True,False,False,True,False,False,True,118,354,3,good,1418.0,needs,0.11,,,2,2,11.0,0,1,0,1,3.0
Browse,Ranking Keywords,No top-10 ranking keywords,https://www.chewy.com/b/fresh-dog-food-trial-152622,True,"Prioritize content, metadata, linking, and relevance improvements for this template cohort.",0,Fresh Dog Food Trial - Trial Size Fresh Food & Toppers | Chewy,62,"Shop Chewy for low prices and the best Trial Size! We carry a large selection and the top brands like Stella & Chewy's, Instinct, and more. Find everything you need in one place. FREE shipping on orders $49+ and the BEST customer service!",238,fresh dog food trial,Trial Size Fresh Dog Food & Toppers,1,fresh-dog-food-trial,True,True,False,False,True,False,False,True,74,356,3,,,,,,,1,1,11.0,0,1,0,0,1.0
Browse,Ranking Keywords,No top-10 ranking keywords,https://www.chewy.com/b/neurologic-medicine-for-horses-136076,True,"Prioritize content, metadata, linking, and relevance improvements for this template cohort.",0,Neurologic Medicine For Horses | Chewy,38,"Shop Chewy for low prices and the best Neurologic Care! We carry a large selection and the top brands like Dantrolene Sodium Compounded, Levetiracetam Compounded, and more. Find everything you need in one place. FREE shipping on orders $49+ and the BEST customer service!",271,neurologic medicine for horses,Neurologic Medicine For Horses,1,neurologic-medicine-for-horses,False,False,False,False,True,False,False,False,21,347,2,,,,,,,1,1,11.0,0,1,0,0,1.0
Browse,Ranking Keywords,No top-10 ranking keywords,https://www.chewy.com/b/bird-medicine-136222,True,"Prioritize content, metadata, linking, and relevance improvements for this template cohort.",0,Bird Medicine | Chewy,21,"Shop Chewy for low prices and the best Bird Pharmacy! We carry a large selection and the top brands like Fluconazole Compounded, Metronidazole Compounded, and more. Find everything you need in one place. FREE shipping on orders $49+ and the BEST customer service!",263,bird medicine,Bird Medicine,1,bird-medicine,True,True,False,False,True,False,False,True,583,345,2,,,,,,,1,1,11.0,0,1,0,0,2.0
Browse,Ranking Keywords,No top-10 ranking keywords,https://www.chewy.com/b/dog-car-harness-11554,True,"Prioritize content, metadata, linking, and relevance improvements for this template cohort.",0,Dog Car Harnesses - Free shipping | Chewy,41,"Shop Chewy for low prices and the best Car Safety! We carry a large selection and the top brands like Canada Pooch, Chai's Choice, and more. Find everything you need in one place. FREE shipping on orders $49+ and the BEST customer service!",239,best rated dog car harness,Dog Car Harnesses,1,dog-car-harness,True,True,False,False,True,False,False,True,241,324,3,,,,,,,7,7,16.0,0,5,1,1,1.0
Browse,Ranking Keywords,No top-10 ranking keywords,https://www.chewy.com/b/dog-allergy-relief-129950,True,"Prioritize content, metadata, linking, and relevance improvements for this template cohort.",0,Dog Allergy Relief - Free shipping | Chewy,42,"Shop Chewy for low prices and the best Dog Allergy Relief! We carry a large selection and the top brands like Healthy Breeds, Prednisolone Compounded, and more. Find everything you need in one place. FREE shipping on orders $49+ and the BEST customer service!",259,pet allergy and itch relief,Dog Allergy Relief,1,dog-allergy-relief,True,True,False,False,True,False,False,True,318253,357,1,good,2489.0,good,0.09,,,2,2,21.5,0,1,1,0,9.0
Browse,Ranking Keywords,No top-10 ranking keywords,https://www.chewy.com/b/small-animal-litter-1002,True,"Prioritize content, metadata, linking, and relevance improvements for this template cohort.",0,Small Animal Litter | Chewy,27,"Shop Chewy for low prices on the best small pet litter. Chewy has a wide selection of small pet litter that help control odor, are biodegradable and non-clumping so cleaning up after your ferret, gerbil, rabbit, guinea pig or other small pet is easy. *FREE* shipping on orders $49+ and the BEST customer service!",312,small animal litter,Small Animal Litter,1,small-animal-litter,True,True,False,False,True,False,False,True,45,323,3,,,,,,,3,3,,0,0,0,3,1.0
Browse,Ranking Keywords,No top-10 ranking keywords,https://www.chewy.com/b/live-crickets-165854,True,"Prioritize content, metadata, linking, and relevance improvements for this template cohort.",0,Live Crickets for Sale | Chewy,30,Live crickets are a protein-rich feeder insect for reptiles and amphibians. Shop now at Chewy for fast delivery and live arrival.,129,live crickets,Live Crickets,1,live-crickets,True,True,False,False,True,False,False,True,93,331,2,good,1708.0,good,0.015,,,2,2,14.0,0,2,0,0,5.0
Browse,Ranking Keywords,No top-10 ranking keywords,https://www.chewy.com/b/dog-deodorizer-supplies-2389,True,"Prioritize content, metadata, linking, and relevance improvements for this template cohort.",0,"Dog Odor Candles, Air Fresheners & Odor Absorbers (Free Shipping) | Chewy",73,"Shop Chewy for low prices on dog odor eliminating candles, air fresheners and odor absorbers to mask dog odors and help keep your home or car smelling fresh. *FREE* shipping on orders $49+ and the BEST customer service.",219,best air fresheners for pet odor,Dog Odor Candles & Air Fresheners,1,dog-deodorizer-supplies,True,True,False,False,True,False,False,True,137,355,2,,,,,,,9,9,21.5,0,3,5,1,1.0
Browse,Ranking Keywords,No top-10 ranking keywords,https://www.chewy.com/b/candles-air-fresheners-2393,True,"Prioritize content, metadata, linking, and relevance improvements for this template cohort.",0,"Cat Odor Candles, Air Fresheners & Odor Absorbers (Free Shipping) | Chewy",73,"Shop Chewy for low prices on cat odor candles, air fresheners and odor absorbers. We have a wide selection of cat odor candles, air fresheners and odor absorbers to mask cat odors and keep your home smelling fresh. *FREE* shipping on orders $49+ and the BEST customer service.",276,cat odor candles and air fresheners,Cat Odor Candles & Air Fresheners,1,candles-air-fresheners,True,True,False,False,True,False,False,False,63,369,3,,,,,,,3,3,11.0,0,1,0,2,1.0
Browse,Ranking Keywords,No top-10 ranking keywords,https://www.chewy.com/b/oriole-food-140014,True,"Prioritize content, metadata, linking, and relevance improvements for this template cohort.",0,Oriole Food - Oriole Bird Seed | Chewy,38,"Shop Chewy for low prices and the best Oriole Food! We carry a large selection and the top brands like Sweet-Nectar, Audubon Park, and more. Find everything you need in one place. FREE shipping on orders $49+ and the BEST customer service!",239,oriole food,Oriole Food,1,oriole-food,True,True,False,False,True,False,False,True,2,331,3,,,,,,,3,2,14.0,0,3,0,0,1.0
Browse,Ranking Keywords,No top-10 ranking keywords,https://www.chewy.com/b/american-robin-2947278,True,"Prioritize content, metadata, linking, and relevance improvements for this template cohort.",0,American Robin Supplies & Accessories - Free shipping | Chewy,61,"Shop Chewy for low prices and the best American Robin! We carry a large selection and the top brands like Sunnydaze Decor, Trailmark Naturals, and more. Find everything you need in one place. FREE shipping on orders $49+ and the BEST customer service!",251,american robin supplies,American Robin Supplies & Accessories,1,american-robin,True,True,False,False,True,False,False,False,23,347,4,,,,,,,1,1,11.0,0,1,0,0,1.0
Browse,Ranking Keywords,No top-10 ranking keywords,https://www.chewy.com/b/dog-treat-pouch-and-bag-2786,True,"Prioritize content, metadata, linking, and relevance improvements for this template cohort.",0,Dog Travel Treat Pouches: Portable Dog Treat Pouches (Free Shipping) | Chewy,76,"Shop Chewy for low prices and the best Treat Pouches! We carry a large selection and the top brands like Sunny Tails, Cleverpup, and more. Find everything you need in one place. FREE shipping on orders $49+ and the BEST customer service!",237,best dog treat pouch,Dog Treat Pouches & Bags,1,dog-treat-pouch-and-bag,True,True,False,False,True,False,False,True,84,355,3,,,,,,,6,6,19.5,0,3,3,0,10.0
Browse,Ranking Keywords,No top-10 ranking keywords,https://www.chewy.com/b/small-animal-treats-988,True,"Prioritize content, metadata, linking, and relevance improvements for this template cohort.",0,Small Animal Treats | Chewy,27,"Shop Chewy for low prices and a wide selection of the best small pet treats. Whether you have a rabbit, guinea pig, hamster, mouse, rat or another small pet Chewy has the best treats from top-rated brands to keep them happy and healthy. *FREE* shipping on orders $49+ and the BEST customer service!",298,small animal treats,Small Animal Treats,1,small-animal-treats,False,False,False,False,True,False,False,True,8,371,3,,,,,,,1,1,12.0,0,1,0,0,
Browse,Ranking Keywords,No top-10 ranking keywords,https://www.chewy.com/b/cat-brushes-433,True,"Prioritize content, metadata, linking, and relevance improvements for this template cohort.",0,Best Cat Brushes & Combs: De-shedding & More (Free Shipping) | Chewy,68,"Shop Chewy for the best cat brushes and combs! We carry a wide selection for deshedding, slicker brushes, combs and more. Keep your kitty's coat shiny and healthy. *FREE* shipping on orders $49+ and the BEST customer service!",225,best cat brush,Cat Brushes & Combs,1,cat-brushes,True,True,False,False,True,False,False,True,109,371,2,good,1619.0,needs,0.125,,,3,3,12.33,0,3,0,0,29.0
Browse,Ranking Keywords,No top-10 ranking keywords,https://www.chewy.com/b/tortoise-heat-lamps-and-lights-141054,True,"Prioritize content, metadata, linking, and relevance improvements for this template cohort.",0,Tortoise Heat Lamps & Lights | Chewy,36,"Shop Chewy for low prices and the best Heating & Lighting! We carry a large selection and the top brands like Arcadia Reptile, Zoo Med, and more. Find everything you need in one place. FREE shipping on orders $49+ and the BEST customer service!",244,tortoise heat lamps,Tortoise Lights & Heat Lamps,1,tortoise-heat-lamps-and-lights,True,True,False,False,True,False,False,True,36,357,2,,,,,,,10,9,18.78,0,6,3,1,1.0
Browse,Ranking Keywords,No top-10 ranking keywords,https://www.chewy.com/b/drinkware-13482,False,"Prioritize content, metadata, linking, and relevance improvements for this template cohort.",0,,,,,black friday deals on drinkware,,,,,,,,,,,,,,,,,,,,,2,1,12.0,0,1,0,1,
Browse,Ranking Keywords,No top-10 ranking keywords,https://www.chewy.com/b/bluebird-houses-and-feeders-139934,True,"Prioritize content, metadata, linking, and relevance improvements for this template cohort.",0,Bluebird Houses - Bluebird Feeders | Chewy,42,"Shop Chewy for low prices and the best Bluebird Feeders & Houses! We carry a large selection and the top brands like Kingsyard, MIXXIDEA, and more. Find everything you need in one place. FREE shipping on orders $49+ and the BEST customer service!",246,bluebird feeders and houses,Bluebird Houses & Feeders,1,bluebird-houses-and-feeders,True,True,False,False,True,False,False,True,21,352,3,,,,,,,2,2,15.5,0,2,0,0,1.0
Browse,Ranking Keywords,No top-10 ranking keywords,https://www.chewy.com/b/pig-grooming-supplies-12739,True,"Prioritize content, metadata, linking, and relevance improvements for this template cohort.",0,Pig Grooming Supplies | Chewy,29,"Shop Chewy for low prices and the best Show & Grooming Supplies for Pigs! We carry a large selection and the top brands like Weaver Livestock, Sullivan Supply, and more. Find everything you need in one place. FREE shipping on orders $49+ and the BEST customer service!",268,pig grooming supplies,Pig Grooming Supplies,1,pig-grooming-supplies,True,True,False,False,True,False,False,True,16,350,2,,,,,,,1,1,12.0,0,1,0,0,1.0
Browse,Ranking Keywords,No top-10 ranking keywords,https://www.chewy.com/b/fish-tank-pumps-accessories-166982,True,"Prioritize content, metadata, linking, and relevance improvements for this template cohort.",0,Fish Tank Pumps and Accessories - Free shipping | Chewy,55,"Shop Chewy for low prices and the best Fish Tank Pumps and Accessories! We carry a large selection and the top brands like Lifegard, Penn-Plax, and more. Find everything you need in one place. FREE shipping on orders $49+ and the BEST customer service!",252,best aquarium pumps,Fish Tank Pumps and Accessories,1,fish-tank-pumps-accessories,True,True,False,False,True,False,False,False,479,362,2,,,,,,,6,6,24.67,0,1,5,0,2.0
Browse,Ranking Keywords,No top-10 ranking keywords,https://www.chewy.com/b/aquarium-and-fish-tank-sand-117726,True,"Prioritize content, metadata, linking, and relevance improvements for this template cohort.",0,Aquarium & Fish Tank Sand | Chewy,33,"Shop Chewy for low prices and the best Sand products! We carry a large selection and the top brands like CaribSea, Aqua Natural, and more. Find everything you need in one place. FREE shipping on orders $49+ and the BEST customer service!",237,aquarium sand,Aquarium & Fish Tank Sand,1,aquarium-and-fish-tank-sand,True,True,False,False,True,False,False,True,43,354,3,,,,,,,8,7,21.33,0,3,3,2,2.0
Browse,Ranking Keywords,No top-10 ranking keywords,https://www.chewy.com/b/treats-food-8019,True,"Prioritize content, metadata, linking, and relevance improvements for this template cohort.",0,Valentine's Day Dog Treats & Food - Free shipping | Chewy,57,"Shop Chewy for low prices and the best Treats & Food! We carry a large selection and the top brands like Bonne et Filou, American Journey, and more. Find everything you need in one place. FREE shipping on orders $49+ and the BEST customer service!",247,valentines day dog treats and food,Valentine's Day Dog Treats & Food,1,treats-food,True,True,False,False,True,False,False,False,19,322,6,,,,,,,3,3,13.33,0,3,0,0,1.0
Browse,Ranking Keywords,No top-10 ranking keywords,https://www.chewy.com/b/personalized-3238,True,"Prioritize content, metadata, linking, and relevance improvements for this template cohort.",0,Custom Pet Gifts: Best Personalized Pet Products (Free Shipping) | Chewy,72,"Shop Chewy for personalized pet gifts & products, including custom cat ID tags, personalized dog collars and more. Low prices, free shipping and the BEST customer service!",171,personalized dog gifts,Personalized & Custom Pet Gifts,1,personalized,True,True,False,False,True,False,False,True,229,373,4,,,,,,,5,5,19.0,0,2,2,1,4.0
Browse,Ranking Keywords,No top-10 ranking keywords,https://www.chewy.com/b/dog-3239,True,"Prioritize content, metadata, linking, and relevance improvements for this template cohort.",0,Personalized Dog Products: Custom Dog Accessories (Free Shipping) | Chewy,73,"Shop Chewy for low prices and the best Dog products! We carry a large selection and the top brands like GoTags, Mimi Green, and more. Find everything you need in one place. FREE shipping on orders $49+ and the BEST customer service!",232,custom and personalized dog items,Custom & Personalized Dog Items,1,dog,True,True,False,False,True,False,False,False,150,360,3,,,,,,,1,1,,0,0,0,1,4.0
Browse,Ranking Keywords,No top-10 ranking keywords,https://www.chewy.com/b/cyber-monday-chicken-supplements-healthcare-13306,True,"Prioritize content, metadata, linking, and relevance improvements for this template cohort.",0,Cyber Week 2025 Deals on Farm Animal Supplements & Healthcare | Chewy,69,"Shop Chewy for low prices and the best Supplements & Healthcare! We carry a large selection and the top brands like Durvet, Sav-A-Caf, and more. Find everything you need in one place. FREE shipping on orders $49+ and the BEST customer service!",243,cyber week deals on supplements and healthcare,Cyber Week Deals on Supplements & Healthcare,1,cyber-monday-chicken-supplements-healthcare,True,True,False,False,True,False,False,False,19,343,7,,,,,,,2,1,18.5,0,1,1,0,1.0
Browse,Ranking Keywords,No top-10 ranking keywords,https://www.chewy.com/b/canary-food-945,True,"Prioritize content, metadata, linking, and relevance improvements for this template cohort.",0,Canary Food | Chewy,19,"Shop Chewy for a wide selection of all of the best finch & canary food from all of the top-rated brands for a healthy diet. Chewy has finch & canary seed, crumble, pellets, powder and suet in small 11 oz packs up to bulk +25 lb bags. *FREE* shipping on orders $49+ and the BEST customer service!",295,gloster canary feed,Canary Food,1,canary-food,True,True,False,False,True,False,False,True,65,353,2,,,,,,,2,2,20.0,0,1,0,1,1.0
Browse,Ranking Keywords,No top-10 ranking keywords,https://www.chewy.com/b/pet-urns-15476,True,"Prioritize content, metadata, linking, and relevance improvements for this template cohort.",0,Pet Urns - Free shipping | Chewy,32,"Shop Chewy for low prices and the best Urns products! We carry a large selection and the top brands like A Pet's Life, The Key Chain Urn Company, and more. Find everything you need in one place. FREE shipping on orders $49+ and the BEST customer service!",254,pet urns,Pet Urns,1,pet-urns,True,True,False,False,True,False,False,True,24,340,4,,,,,,,5,5,20.0,0,2,3,0,11.0
Browse,Ranking Keywords,No top-10 ranking keywords,https://www.chewy.com/b/brands-related-to-your-search-for-138782,True,"Prioritize content, metadata, linking, and relevance improvements for this template cohort.",0,Farmer's Dog dog food - Free shipping | Chewy,45,"Shop Chewy for low prices and the best Brands related to your search for ""Farmer's Dog""! We carry a large selection and the top brands like American Journey and more. Find everything you need in one place. FREE shipping on orders $49+ and the BEST customer service!",265,farmer's dog dog food on sale,Farmer's Dog dog food,1,brands-related-to-your-search-for,True,True,False,False,True,False,False,False,0,335,6,,,,,,,2,2,12.0,0,1,0,1,6.0
Browse,Ranking Keywords,No top-10 ranking keywords,https://www.chewy.com/b/dog-poop-bags-1443,True,"Prioritize content, metadata, linking, and relevance improvements for this template cohort.",0,"Dog Poop Bags: Best Brands, Low Prices (Free Shipping) | Chewy",62,"Shop Chewy for low prices and the best Poop Bags! We carry a large selection and the top brands like Puppington, Earth Rated, and more. Find everything you need in one place. FREE shipping on orders $49+ and the BEST customer service!",234,best dog poop bags,Dog Poop Bags,1,dog-poop-bags,True,True,False,False,True,False,False,True,624,361,2,good,1668.0,poor,0.32,,,10,9,14.33,0,3,0,7,9.0
Browse,Ranking Keywords,No top-10 ranking keywords,https://www.chewy.com/b/crested-gecko-substrate-and-bedding-141254,True,"Prioritize content, metadata, linking, and relevance improvements for this template cohort.",0,Crested Gecko Substrate & Bedding | Chewy,41,"Shop Chewy for low prices and the best Bedding & Substrate! We carry a large selection and the top brands like Galapagos, Zoo Med, and more. Find everything you need in one place. FREE shipping on orders $49+ and the BEST customer service!",239,crested gecko substrate,Crested Gecko Bedding & Substrate,1,crested-gecko-substrate-and-bedding,True,True,False,False,True,False,False,True,27,347,3,,,,,,,5,3,16.0,0,4,1,0,1.0
Browse,Ranking Keywords,No top-10 ranking keywords,https://www.chewy.com/b/snake-bedding-and-substrate-14023,True,"Prioritize content, metadata, linking, and relevance improvements for this template cohort.",0,Snake Bedding & Substrate | Chewy,33,"Shop Chewy for low prices and the best Bedding & Substrate! We carry a large selection and the top brands like Galapagos, Zoo Med, and more. Find everything you need in one place. FREE shipping on orders $49+ and the BEST customer service!",239,corn snake substrate,Snake Bedding & Substrate,1,snake-bedding-and-substrate,True,True,False,False,True,False,False,True,40,363,2,,,,,,,10,9,25.25,0,1,3,6,1.0
Browse,Ranking Keywords,No top-10 ranking keywords,https://www.chewy.com/b/horse-tack-and-saddlery-supplies-11439,True,"Prioritize content, metadata, linking, and relevance improvements for this template cohort.",0,Horse Tack | Chewy,18,"Shop Chewy for low prices and the best Tack & Saddlery! We carry a large selection and the top brands like Equinavia, Horze, and more. Find everything you need in one place. FREE shipping on orders $49+ and the BEST customer service!",233,saddles and horse tack,Horse Tack & Saddlery Supplies,1,horse-tack-and-saddlery-supplies,True,True,False,False,True,False,False,True,318253,369,1,,,,,,,12,11,20.5,0,4,6,2,4.0
Browse,Ranking Keywords,No top-10 ranking keywords,https://www.chewy.com/b/horse-skin-and-coat-supplements-11297,True,"Prioritize content, metadata, linking, and relevance improvements for this template cohort.",0,Horse Coat Supplement | Chewy,29,"Shop Chewy for low prices and the best Skin & Coat! We carry a large selection and the top brands like Mad Barn, SmartPak, and more. Find everything you need in one place. FREE shipping on orders $49+ and the BEST customer service!",231,horse skin supplements,Horse Skin & Coat Supplements,1,horse-skin-and-coat-supplements,True,True,False,False,True,False,False,False,298,353,2,,,,,,,4,4,17.25,0,2,2,0,1.0
Browse,Ranking Keywords,No top-10 ranking keywords,https://www.chewy.com/b/caskets-166198,True,"Prioritize content, metadata, linking, and relevance improvements for this template cohort.",0,Cat Caskets - Free shipping | Chewy,35,Shop Chewy for low prices and the best Caskets products! We carry a large selection and the top brands like American Journey and more. Find everything you need in one place. FREE shipping on orders $49+ and the BEST customer service!,233,cat caskets,Cat Caskets,1,caskets,True,False,False,False,True,False,False,False,42,321,5,,,,,,,1,1,12.0,0,1,0,0,1.0
Browse,Ranking Keywords,No top-10 ranking keywords,https://www.chewy.com/b/pet-rugs-15461,True,"Prioritize content, metadata, linking, and relevance improvements for this template cohort.",0,Pet Rugs & Doormats - Free shipping | Chewy,43,"Shop Chewy for low prices and the best Rugs & Doormats! We carry a large selection and the top brands like Nuloom, JONATHAN Y, and more. Find everything you need in one place. FREE shipping on orders $49+ and the BEST customer service!",235,pet doormat,Pet Rugs & Doormats,1,pet-rugs,True,True,False,False,True,False,False,True,1301,348,3,good,1680.0,good,0.045000000000000005,,,8,8,18.5,0,6,2,0,13.0
Browse,Ranking Keywords,No top-10 ranking keywords,https://www.chewy.com/b/dog-cooling-vests-2465,True,"Prioritize content, metadata, linking, and relevance improvements for this template cohort.",0,Dog Cooling Vests & Coats (Free Shipping) | Chewy,49,"Shop Chewy for the best dog cooling apparel! We carry a variety of dog cooling vests, cooling boots, cooling bandanas and more. Getting your dog cooling apparel is a great way to keep your pooch cool in the summer. *FREE* shipping on orders $49+ and the BEST customer service! Shop for all DOG COOLING APPAREL at Chewy.com.",323,dog cooling vests,Dog Cooling Vests & Gear,1,dog-cooling-vests,True,True,False,False,True,False,False,True,352,336,2,,,,,,,4,3,17.0,0,4,0,0,8.0
Browse,Ranking Keywords,No top-10 ranking keywords,https://www.chewy.com/b/freeze-dried-food-11744,True,"Prioritize content, metadata, linking, and relevance improvements for this template cohort.",0,Freeze Dried Cat Food - Free Shipping | Chewy,45,"Shop Chewy for low prices and the best Freeze-Dried Food! We carry a large selection and the top brands like Vital Essentials, Stella & Chewy's, and more. Find everything you need in one place. FREE shipping on orders $49+ and the BEST customer service!",253,deals on premium freeze-dried cat food,Premium Freeze-Dried Cat Food,1,freeze-dried-food,False,False,False,False,True,False,False,True,343,352,2,,,,,,,3,3,23.0,0,0,1,2,2.0
Browse,Ranking Keywords,No top-10 ranking keywords,https://www.chewy.com/b/dog-couch-covers-1964,True,"Prioritize content, metadata, linking, and relevance improvements for this template cohort.",0,Dog Furniture Covers & Couch Covers (Free Shipping) | Chewy,59,"Shop Chewy for the best dog furniture and sofa covers! Protect your furniture with a comfy dog couch cover that your pup will love cuddling up to. Low prices, free shipping and the BEST customer service!",203,dog couch covers,Dog Sofa & Furniture Covers,1,dog-couch-covers,False,False,False,False,True,False,False,True,0,357,5,,,,,,,7,7,16.17,0,6,0,1,
Browse,Ranking Keywords,No top-10 ranking keywords,https://www.chewy.com/b/frozen-mice-and-rats-for-reptiles-129086,True,"Prioritize content, metadata, linking, and relevance improvements for this template cohort.",0,Frozen Mice & Rats For Reptiles | Chewy,39,"Shop Chewy for low prices and the best Frozen Rodents! We carry a large selection and the top brands like MiceDirect, Strike, and more. Find everything you need in one place. FREE shipping on orders $49+ and the BEST customer service!",234,frozen mice for reptiles,Frozen Mice & Rats For Reptiles,1,frozen-mice-and-rats-for-reptiles,True,True,False,False,True,False,False,True,29,362,2,,,,,,,8,8,17.29,0,6,1,1,3.0
Browse,Ranking Keywords,No top-10 ranking keywords,https://www.chewy.com/b/eye-drops-for-dogs-15544,True,"Prioritize content, metadata, linking, and relevance improvements for this template cohort.",0,Eye Drops For Dogs - Free shipping | Chewy,42,"Shop Chewy for low prices and the best Eye Drops! We carry a large selection and the top brands like Domes Pharma, Pet Drops, and more. Find everything you need in one place. FREE shipping on orders $49+ and the BEST customer service!",234,clear eyes for dogs,Eye Drops For Dogs,1,eye-drops-for-dogs,True,True,False,False,True,False,False,True,18,325,3,,,,,,,2,2,16.5,0,1,1,0,13.0
Browse,Ranking Keywords,No top-10 ranking keywords,https://www.chewy.com/b/cockatoo-toys-12973,True,"Prioritize content, metadata, linking, and relevance improvements for this template cohort.",0,Cockatoo Toys | Chewy,21,"Shop Chewy for low prices and the best Cockatoo Toys! We carry a large selection and the top brands like Planet Pleasures, Beaktivity, and more. Find everything you need in one place. FREE shipping on orders $49+ and the BEST customer service!",243,best cockatoo toys,Cockatoo Toys,1,cockatoo-toys,True,True,False,False,True,False,False,True,12,350,3,,,,,,,8,8,16.8,0,4,1,3,1.0
Browse,Ranking Keywords,No top-10 ranking keywords,https://www.chewy.com/b/dog-agility-equipment-2569,True,"Prioritize content, metadata, linking, and relevance improvements for this template cohort.",0,Dog Agility Training Equipment: Tunnels & More (Free Shipping) | Chewy,70,"Shop Chewy for low prices on dog agility training equipment. We have a wide selection of dog agility training equipment including collapsible tunnels, slalom poles, hurdles and more so you can create an agility course and improve your dogs agility. *FREE* shipping on orders $49+ and the BEST customer service!",310,dog agility equipment,Dog Agility Training Equipment,1,dog-agility-equipment,True,True,False,False,True,False,False,True,120,355,2,good,1561.0,good,0.02,,,7,7,16.33,0,6,0,1,10.0
Browse,Ranking Keywords,No top-10 ranking keywords,https://www.chewy.com/b/chicken-nesting-supplies-13024,True,"Prioritize content, metadata, linking, and relevance improvements for this template cohort.",0,Chicken Nesting Supplies | Chewy,32,"Shop Chewy for low prices and the best Nesting & Egg Supplies! We carry a large selection and the top brands like Hatching Time, Pampered Chicken Mama, and more. Find everything you need in one place. FREE shipping on orders $49+ and the BEST customer service!",260,chicken nesting box mats,Chicken Nesting Supplies,1,chicken-nesting-supplies,True,True,False,False,True,False,False,False,318253,359,1,,,,,,,5,5,16.6,0,4,1,0,1.0
Browse,Ranking Keywords,No top-10 ranking keywords,https://www.chewy.com/b/small-animal-litter-boxes-1004,True,"Prioritize content, metadata, linking, and relevance improvements for this template cohort.",0,Small Animal Litter Boxes | Chewy,33,"Shop Chewy for low prices on the best small pet litter pans, boxes and accessories. Chewy has a wide selection of litter pans, boxes and accessories for ferrets, rabbits, chinchillas, guinea pigs, hamsters, gerbils and more.*FREE* shipping on orders $49+ and the BEST customer service!",285,small animal litter,Small Animal Litter Boxes,1,small-animal-litter-boxes,True,True,False,False,True,False,False,True,179,329,2,,,,,,,2,2,14.5,0,2,0,0,1.0
Browse,Ranking Keywords,No top-10 ranking keywords,https://www.chewy.com/b/live-terrarium-plants-168822,True,"Prioritize content, metadata, linking, and relevance improvements for this template cohort.",0,Live Terrarium Plants for Reptiles - Free shipping | Chewy,58,"Shop Chewy for low prices and the best Live Terrarium Plants! We carry a large selection and the top brands like ReptiFauna, Josh's Frogs, and more. Find everything you need in one place. FREE shipping on orders $49+ and the BEST customer service!",247,day gecko vivarium plants,Live Terrarium Plants for Reptiles,1,live-terrarium-plants,True,True,False,False,True,False,False,False,22,355,3,,,,,,,2,2,28.0,0,0,1,1,1.0
Browse,Ranking Keywords,No top-10 ranking keywords,https://www.chewy.com/b/horse-blankets-sheets-and-masks-11452,True,"Prioritize content, metadata, linking, and relevance improvements for this template cohort.",0,Horse Blanket | Chewy,21,"Shop Chewy for low prices and the best Blankets products! We carry a large selection and the top brands like Horseware, Tough1, and more. Find everything you need in one place. FREE shipping on orders $49+ and the BEST customer service!",236,horse blankets,Horse Blankets & Sheets,1,horse-blankets-sheets-and-masks,True,True,False,False,True,False,False,True,5636,360,2,needs,2710.0,needs,0.105,,,5,5,,0,0,0,5,2.0
Browse,Ranking Keywords,No top-10 ranking keywords,https://www.chewy.com/b/summer-dog-clothing-102550,True,"Prioritize content, metadata, linking, and relevance improvements for this template cohort.",0,Summer Dog Clothing - Free shipping | Chewy,43,"Shop Chewy for low prices and the best Summer Dog Clothing! We carry a large selection and the top brands like Frisco, Doggie Design, and more. Find everything you need in one place. FREE shipping on orders $49+ and the BEST customer service!",242,summer dog clothing,Summer Dog Clothing,1,summer-dog-clothing,True,True,False,False,True,False,False,False,117,345,2,,,,,,,1,1,13.0,0,1,0,0,1.0
Browse,Ranking Keywords,No top-10 ranking keywords,https://www.chewy.com/b/chicken-waterer-deicer-120526,True,"Prioritize content, metadata, linking, and relevance improvements for this template cohort.",0,Chicken Waterer Deicer | Chewy,30,"Shop Chewy for low prices and the best Heaters & Deicers! We carry a large selection and the top brands like Farm Innovators, K&H Pet Products, and more. Find everything you need in one place. FREE shipping on orders $49+ and the BEST customer service!",252,chicken waterer deicer,Chicken & Poultry Waterer Deicer,1,chicken-waterer-deicer,True,True,False,False,True,False,False,True,124,336,2,,,,,,,2,2,18.0,0,1,1,0,1.0
Browse,Ranking Keywords,No top-10 ranking keywords,https://www.chewy.com/b/cat-131590,False,"Prioritize content, metadata, linking, and relevance improvements for this template cohort.",0,,,,,cat holiday gifts under $10,,,,,,,,,,,,,,,,,,,,,4,2,14.0,0,2,0,2,
Browse,Ranking Keywords,No top-10 ranking keywords,https://www.chewy.com/b/horse-toys-1683,True,"Prioritize content, metadata, linking, and relevance improvements for this template cohort.",0,Horse Toys | Chewy,18,"Shop Chewy for low prices and wide selection on horse toys. Help your horse relieve stress and anxiety and have fun with a jolly ball, chew toy, salt snacks & more. *FREE* shipping on orders $49+ and the BEST customer service!",226,horse toys,Horse Toys,1,horse-toys,True,True,False,False,True,False,False,False,508,362,2,good,1930.0,good,0.05,,,1,1,13.0,0,1,0,0,2.0
Browse,Ranking Keywords,No top-10 ranking keywords,https://www.chewy.com/b/hermit-crab-food-1031,True,"Prioritize content, metadata, linking, and relevance improvements for this template cohort.",0,Hermit Crab Food | Chewy,24,"Shop Chewy for low prices and a wide selection of food for your pet hermit crab. From dehydrated and freeze-dried to pellets, powder and more, Chewy has the best products from top-rated brands to keep your pet happy and healthy. *FREE* shipping on orders $49+ and the BEST customer service!",290,hermit crab food pellets,Hermit Crab Food,1,hermit-crab-food,True,True,False,False,True,False,False,True,41,355,2,,,,,,,2,2,20.0,0,1,0,1,1.0
Browse,Ranking Keywords,No top-10 ranking keywords,https://www.chewy.com/b/dog-digestive-medicine-11582,True,"Prioritize content, metadata, linking, and relevance improvements for this template cohort.",0,Dog Digestive Medicine: GI Meds & Digestive Enzymes (Ships Free) | Chewy RX,75,Shop Chewy Pharmacy for the best prices on Prescription Dog Digestive Meds & Enzymes. We have top brands and generics like Cerenia & Tylan. FREE shipping on $49+ orders!,169,dog digestive medicine,Prescription Gastrointestinal Care & Digestive Enzymes for Dogs,1,dog-digestive-medicine,True,True,False,False,True,False,False,True,127,363,2,,,,,,,2,2,13.0,0,1,0,1,1.0
Browse,Ranking Keywords,No top-10 ranking keywords,https://www.chewy.com/b/sheep-supplies-and-accessories-12740,True,"Prioritize content, metadata, linking, and relevance improvements for this template cohort.",0,Sheep Supplies & Accessories | Chewy,36,"Shop Chewy for low prices and the best Sheep products! We carry a large selection and the top brands like Weaver Livestock, Sullivan Supply, and more. Find everything you need in one place. FREE shipping on orders $49+ and the BEST customer service!",249,sheep supplies,Sheep Supplies & Accessories,1,sheep-supplies-and-accessories,True,True,False,False,True,False,False,True,318253,363,1,,,,,,,5,5,16.75,0,3,1,1,1.0
Browse,Ranking Keywords,No top-10 ranking keywords,https://www.chewy.com/b/hemp-supplements-for-cats-143742,True,"Prioritize content, metadata, linking, and relevance improvements for this template cohort.",0,Full & Broad-Spectrum Hemp Extract Supplements for Cats - Free shipping | Chewy,79,"Shop Chewy for low prices and the best Hemp Supplements! We carry a large selection and the top brands like Pet Releaf, Treatibles, and more. Find everything you need in one place. FREE shipping on orders $49+ and the BEST customer service!",240,deals on hemp supplements for cats,Full & Broad-Spectrum Hemp Extract Supplements for Cats,1,hemp-supplements-for-cats,True,True,False,False,True,False,False,True,92,334,2,,,,,,,2,2,13.0,0,2,0,0,3.0
Browse,Ranking Keywords,No top-10 ranking keywords,https://www.chewy.com/b/star-wars-dog-costume-12469,True,"Prioritize content, metadata, linking, and relevance improvements for this template cohort.",0,Star Wars Dog Costumes - Free shipping | Chewy,46,Shop Chewy for low prices and the best Star Wars! We carry a large selection and the top brands like Fetch For Pets and more. Find everything you need in one place. FREE shipping on orders $49+ and the BEST customer service!,224,star wars dog costumes,Star Wars Dog Costumes,1,star-wars-dog-costume,True,True,False,False,True,False,False,True,10,315,3,,,,,,,4,4,18.67,0,2,1,1,1.0
Browse,Ranking Keywords,No top-10 ranking keywords,https://www.chewy.com/b/dog-camera-treat-dispenser-158590,True,"Prioritize content, metadata, linking, and relevance improvements for this template cohort.",0,Treat Dispensing Dog Cameras - Free shipping | Chewy,52,"Shop Chewy for low prices and the best Treat Dispensers! We carry a large selection and the top brands like Petcube, Closer Pets, and more. Find everything you need in one place. FREE shipping on orders $49+ and the BEST customer service!",238,dog camera treat dispenser,Treat Dispensing Dog Cameras,1,dog-camera-treat-dispenser,True,True,False,False,True,False,False,True,6,317,3,,,,,,,4,4,14.25,0,4,0,0,4.0
Browse,Ranking Keywords,No top-10 ranking keywords,https://www.chewy.com/b/cat-spring-toy-159446,False,"Prioritize content, metadata, linking, and relevance improvements for this template cohort.",0,,,,,cat spring toy,,,,,,,,,,,,,,,,,,,,,4,4,16.0,0,4,0,0,
Browse,Ranking Keywords,No top-10 ranking keywords,https://www.chewy.com/b/pain-relief-for-cats-15572,True,"Prioritize content, metadata, linking, and relevance improvements for this template cohort.",0,Pain Relief For Cats - Free shipping | Chewy,44,"Shop Chewy for low prices and the best Pain Relief! We carry a large selection and the top brands like MediNatura, PetAlive, and more. Find everything you need in one place. FREE shipping on orders $49+ and the BEST customer service!",233,over the counter pain meds for cats,Pain Relief For Cats,1,pain-relief-for-cats,True,True,False,False,True,False,False,False,7,320,3,,,,,,,1,1,13.0,0,1,0,0,1.0
Browse,Ranking Keywords,No top-10 ranking keywords,https://www.chewy.com/b/live-dubia-roaches-165862,True,"Prioritize content, metadata, linking, and relevance improvements for this template cohort.",0,Live Dubia Roaches for Sale | Chewy,35,"Live Dubia roaches are protein-packed feeder insects for reptiles and amphibians. Shop now at Chewy for various sizes, fast shipping & live arrival.",148,live dubia roaches,Live Dubia Roaches,1,live-dubia-roaches,True,True,False,False,True,False,False,True,13,322,2,good,1597.0,good,0.005,,,3,3,14.33,0,3,0,0,4.0
Browse,Ranking Keywords,No top-10 ranking keywords,https://www.chewy.com/b/cat-door-replacement-flaps-157214,True,"Prioritize content, metadata, linking, and relevance improvements for this template cohort.",0,Cat Door Replacement Flaps & Accessories - Free shipping | Chewy,64,"Shop Chewy for low prices and the best Replacement Flaps & Accessories! We carry a large selection and the top brands like PetSafe, NonoPets, and more. Find everything you need in one place. FREE shipping on orders $49+ and the BEST customer service!",250,cat flaps,Cat Door Replacement Flaps & Accessories,1,cat-door-replacement-flaps,True,True,False,False,True,False,False,True,26,343,3,,,,,,,3,3,19.0,0,2,1,0,1.0
Browse,Ranking Keywords,No top-10 ranking keywords,https://www.chewy.com/b/horse-vitamins-and-supplements-1692,True,"Prioritize content, metadata, linking, and relevance improvements for this template cohort.",0,Horse Supplements | Chewy,25,"Shop Chewy for low prices and the best Vitamins & Supplements! We carry a large selection and the top brands like SmartPak, UltraCruz, and more. Find everything you need in one place. FREE shipping on orders $49+ and the BEST customer service!",243,horse supplement,Horse Vitamins & Supplements,1,horse-vitamins-and-supplements,True,True,False,False,True,False,False,True,318253,387,1,good,2271.0,good,0.03,,,10,10,22.14,0,4,3,3,1.0
Browse,Ranking Keywords,No top-10 ranking keywords,https://www.chewy.com/b/horse-vitamins-and-minerals-10436,True,"Prioritize content, metadata, linking, and relevance improvements for this template cohort.",0,Horse Vitamins | Chewy,22,"Shop Chewy for low prices and the best Vitamins & Wellness! We carry a large selection and the top brands like SmartPak, UltraCruz, and more. Find everything you need in one place. FREE shipping on orders $49+ and the BEST customer service!",240,horse vitamins,Horse Vitamins & Minerals,1,horse-vitamins-and-minerals,True,True,False,False,True,False,False,False,478,360,2,,,,,,,7,7,20.4,0,2,3,2,1.0
Browse,Ranking Keywords,No top-10 ranking keywords,https://www.chewy.com/b/cardinal-food-139942,True,"Prioritize content, metadata, linking, and relevance improvements for this template cohort.",0,Cardinal Food - Cardinal Bird Seed and Feeding Essentials | Chewy,65,"Shop cardinal food and cardinal bird seed focused on balanced nutrition, with varied textures and shapes made to fit how cardinals like to eat.",143,cardinal food,Cardinal Food,1,cardinal-food,True,True,False,False,True,False,False,True,30,355,3,,,,,,,7,7,21.67,0,1,2,4,2.0
Browse,Ranking Keywords,No top-10 ranking keywords,https://www.chewy.com/b/bearded-dragon-heat-lamp-and-lighting-124582,True,"Prioritize content, metadata, linking, and relevance improvements for this template cohort.",0,Bearded Dragon Heat Lamp & Lighting | Chewy,43,"Shop Chewy for low prices and the best Heaters & Bulbs! We carry a large selection and the top brands like Arcadia Reptile, Zoo Med, and more. Find everything you need in one place. FREE shipping on orders $49+ and the BEST customer service!",241,best heat lamp bulb for bearded dragon,Heaters & Bulbs for Bearded Dragons,1,bearded-dragon-heat-lamp-and-lighting,True,True,False,False,True,False,False,True,31,354,2,,,,,,,2,2,,0,0,0,2,1.0
Browse,Ranking Keywords,No top-10 ranking keywords,https://www.chewy.com/b/hay-feeders-138118,True,"Prioritize content, metadata, linking, and relevance improvements for this template cohort.",0,Hay Feeders for Rabbits - Free shipping | Chewy,47,"Shop Chewy for low prices and the best Hay Feeders! We carry a large selection and the top brands like CuteNfuzzy, Kaytee, and more. Find everything you need in one place. FREE shipping on orders $49+ and the BEST customer service!",231,best hay feeder for rabbits,Hay Feeders for Rabbits,1,hay-feeders,True,True,False,False,True,False,False,False,3,321,3,,,,,,,1,1,13.0,0,1,0,0,3.0
Browse,Ranking Keywords,No top-10 ranking keywords,https://www.chewy.com/b/cat-grass-167950,True,"Prioritize content, metadata, linking, and relevance improvements for this template cohort.",0,Cat Grass - Free Shipping | Chewy,33,"Shop Chewy for low prices and the best Cat Grass! We carry a large selection and the top brands like The Cat Ladies, K&H Pet Products, and more. Find everything you need in one place. FREE shipping on orders $49+ and the BEST customer service!",243,grass for cats,Cat Grass,1,cat-grass,False,False,False,False,True,False,False,False,1,336,4,,,,,,,2,2,14.5,0,2,0,0,
Browse,Ranking Keywords,No top-10 ranking keywords,https://www.chewy.com/b/guinea-pig-bedding-and-litter-10906,True,"Prioritize content, metadata, linking, and relevance improvements for this template cohort.",0,Guinea Pig Bedding & Litter | Chewy,35,"Shop Chewy for low prices and the best Bedding & Litter! We carry a large selection and the top brands like Kaytee, Carefresh, and more. Find everything you need in one place. FREE shipping on orders $49+ and the BEST customer service!",235,what is best bedding for guinea pigs,Guinea Pig Bedding & Litter,1,guinea-pig-bedding-and-litter,False,False,False,False,True,False,False,True,13,353,3,,,,,,,10,9,,0,0,0,10,1.0
Browse,Ranking Keywords,No top-10 ranking keywords,https://www.chewy.com/b/saltwater-tank-cleaner-118246,True,"Prioritize content, metadata, linking, and relevance improvements for this template cohort.",0,Saltwater Tank Cleaners | Chewy,31,"Shop Chewy for low prices and the best Tank Cleaners! We carry a large selection and the top brands like Python, Underwater Treasures, and more. Find everything you need in one place. FREE shipping on orders $49+ and the BEST customer service!",243,saltwater tank cleaners and accessories,Saltwater Tank Cleaners,1,saltwater-tank-cleaner,True,True,False,False,True,False,False,True,133,351,2,,,,,,,3,2,14.0,0,1,0,2,1.0
Browse,Ranking Keywords,No top-10 ranking keywords,https://www.chewy.com/b/game-day-essentials-8485,True,"Prioritize content, metadata, linking, and relevance improvements for this template cohort.",0,Dog Sports Team Gear: Pet Gear For Sports Fans | Chewy,54,"Shop Chewy for low prices and the best Game Day Essentials! We carry a large selection and the top brands like Littlearth, Pets First, and more. Find everything you need in one place. FREE shipping on orders $49+ and the BEST customer service!",243,pet sports gear,Pet Sports Gear,1,game-day-essentials,True,True,False,False,True,False,False,False,255,358,5,,,,,,,2,2,14.0,0,1,0,1,1.0
Browse,Ranking Keywords,No top-10 ranking keywords,https://www.chewy.com/b/horse-stable-sheets-129734,True,"Prioritize content, metadata, linking, and relevance improvements for this template cohort.",0,Horse Stable Sheet | Chewy,26,"Shop Chewy for low prices and the best Stable Sheets! We carry a large selection and the top brands like Equinavia, Kensington Protective Products, and more. Find everything you need in one place. FREE shipping on orders $49+ and the BEST customer service!",256,horse stable sheets,Horse Stable Sheets,1,horse-stable-sheets,True,True,False,False,True,False,False,True,275,338,4,,,,,,,2,2,14.0,0,1,0,1,1.0
Browse,Ranking Keywords,No top-10 ranking keywords,https://www.chewy.com/b/blue-buffalo-11955,False,"Prioritize content, metadata, linking, and relevance improvements for this template cohort.",0,,,,,blue buffalo crunchy treats for cats,,,,,,,,,,,,,,,,,,,,,2,2,,0,0,0,2,
Browse,Ranking Keywords,No top-10 ranking keywords,https://www.chewy.com/b/horse-leg-wraps-13046,True,"Prioritize content, metadata, linking, and relevance improvements for this template cohort.",0,Horse Leg Wraps | Chewy,23,"Shop Chewy for low prices and the best Horse Wraps! We carry a large selection and the top brands like Tough1, Equinavia, and more. Find everything you need in one place. FREE shipping on orders $49+ and the BEST customer service!",230,horse wraps,Horse Leg Wraps,1,horse-leg-wraps,False,False,False,False,True,False,False,True,1,354,3,,,,,,,5,5,19.5,0,1,1,3,
Browse,Ranking Keywords,No top-10 ranking keywords,https://www.chewy.com/b/candles-2394,True,"Prioritize content, metadata, linking, and relevance improvements for this template cohort.",0,Cat Candles & Wax Melts: Odor Eliminator (Free Shipping) | Chewy,64,"Shop Chewy for low prices on cat candles and wax melts. We have a wide selection of cat candles and wax melts to help eliminate cat odors and keep your house smelling fresh. Choose from lavender, vanilla, cinnamon apple, orange, pumpkin spice and much, much more. *FREE* shipping on orders $49+ and the BEST customer service.",325,cat odor candles and wax melts,Cat Odor Candles & Wax Melts,1,candles,True,True,False,False,True,False,False,False,32,356,3,,,,,,,1,1,,0,0,0,1,4.0
Browse,Ranking Keywords,No top-10 ranking keywords,https://www.chewy.com/b/black-friday-small-pet-food-13466,False,"Prioritize content, metadata, linking, and relevance improvements for this template cohort.",0,,,,,black friday deals on small pet food,,,,,,,,,,,,,,,,,,,,,1,1,28.0,0,0,1,0,
Browse,Ranking Keywords,No top-10 ranking keywords,https://www.chewy.com/b/tortoise-tank-141046,True,"Prioritize content, metadata, linking, and relevance improvements for this template cohort.",0,Tortoise Tank | Chewy,21,"Shop Chewy for low prices and the best Tanks & Terrariums! We carry a large selection and the top brands like REPTI ZOO, Exo Terra, and more. Find everything you need in one place. FREE shipping on orders $49+ and the BEST customer service!",240,tortoise tanks and aquariums,Tortoise Tanks,1,tortoise-tank,True,True,False,False,True,False,False,True,29,354,2,,,,,,,2,2,17.0,0,2,0,0,3.0
Browse,Ranking Keywords,No top-10 ranking keywords,https://www.chewy.com/b/clothing-accessories-2716,True,"Prioritize content, metadata, linking, and relevance improvements for this template cohort.",0,Halloween Pet Accessories: Collars & More - Free Shipping | Chewy,65,"Shop Chewy for low prices on dog and cat Halloween costume apparel and accessories. Check out our fun selection of festive Halloween dog and cat collars, shirts, and bandanas that are a great alternative to a bulky costume.*FREE* shipping on orders $49+ and the BEST customer service!",284,halloween dog clothing and accessories,Cat & Dog Halloween Clothing & Accessories,1,clothing-accessories,True,True,False,False,True,False,False,False,52,358,4,,,,,,,1,1,,0,0,0,1,1.0
Browse,Ranking Keywords,No top-10 ranking keywords,https://www.chewy.com/b/personalized-mugs-11797,True,"Prioritize content, metadata, linking, and relevance improvements for this template cohort.",0,Custom Pet Mugs: Personalized Pet Coffee Mugs (Free Shipping) | Chewy,69,"Shop Chewy for custom pet mugs. Start your day right with a sip of morning coffee from a cute personalized pet coffee mug. Low prices, free shipping and the BEST customer service!",179,personalized and custom pet mugs,Personalized & Custom Pet Mugs,1,personalized-mugs,True,True,False,False,True,False,False,True,79,346,4,,,,,,,8,8,21.33,0,3,3,2,1.0
Browse,Ranking Keywords,No top-10 ranking keywords,https://www.chewy.com/b/horse-clippers-and-blades-1689,True,"Prioritize content, metadata, linking, and relevance improvements for this template cohort.",0,Horse Clippers | Chewy,22,"Shop Chewy for low prices and the best Clippers and Blades! We carry a large selection and the top brands like Andis, Wahl, and more. Find everything you need in one place. FREE shipping on orders $49+ and the BEST customer service!",232,horse clippers,Horse Clippers & Blades,1,horse-clippers-and-blades,True,True,False,False,True,False,False,False,81,359,3,,,,,,,3,3,18.0,0,2,1,0,1.0
Browse,Ranking Keywords,No top-10 ranking keywords,https://www.chewy.com/b/lovebird-food-947,True,"Prioritize content, metadata, linking, and relevance improvements for this template cohort.",0,Lovebird Food | Chewy,21,"Buy healthy Lovebird Food at Chewy. We offer seed, grains, pellets, and all types of feed your Lovebird loves to eat. Great prices and brands!",142,best food for love birds,Lovebird Food,1,lovebird-food,True,True,False,False,True,False,False,True,29,357,2,,,,,,,4,3,20.75,0,2,2,0,1.0
Browse,Ranking Keywords,No top-10 ranking keywords,https://www.chewy.com/b/flea-collars-385,True,"Prioritize content, metadata, linking, and relevance improvements for this template cohort.",0,Best Flea Collars for Dogs: Dog Flea & Tick Collars (Free Shipping) | Chewy,75,"Shop Chewy's wide selection of flea and tick dog collars for an easy way to protect your pup from these pesky pests. All you have to do is put it on like a regular collar and then you're set. We carry top brands like Seresto, Hartz, Zodiac and more. *FREE* shipping on orders $49+ and the BEST customer service.",311,dog flea collars,Flea & Tick Collars For Dogs,1,flea-collars,False,False,False,False,True,False,False,True,0,353,4,,,,,,,3,3,14.33,0,3,0,0,
Browse,Ranking Keywords,No top-10 ranking keywords,https://www.chewy.com/b/catnip-1555,True,"Prioritize content, metadata, linking, and relevance improvements for this template cohort.",0,Catnip - Catnip Cat Treats & More | Chewy,41,"Shop Catnip and Cat Treats with Catnip at Chewy. We offer a wide selection from top brands like Temptations, Meowijuana, Frisco & more for playful feline fun.",158,catnip,Catnip,1,catnip,True,True,False,False,True,False,False,True,318253,348,1,good,1628.0,poor,0.495,,,4,4,22.67,0,1,2,1,8.0
Browse,Ranking Keywords,No top-10 ranking keywords,https://www.chewy.com/b/chameleon-habitats-and-tanks-141326,True,"Prioritize content, metadata, linking, and relevance improvements for this template cohort.",0,Chameleon Habitats & Tanks | Chewy,34,"Shop Chewy for low prices and the best Tanks & Terrariums! We carry a large selection and the top brands like Zoo Med, Caitec, and more. Find everything you need in one place. FREE shipping on orders $49+ and the BEST customer service!",235,chameleon habitats,Chameleon Tanks & Habitats,1,chameleon-habitats-and-tanks,True,True,False,False,True,False,False,True,24,324,2,,,,,,,7,7,17.83,0,5,1,1,4.0
Browse,Ranking Keywords,No top-10 ranking keywords,https://www.chewy.com/b/personalized-blankets-12653,True,"Prioritize content, metadata, linking, and relevance improvements for this template cohort.",0,Custom Personalized Pet Blankets: Dogs & Cats (Free Shipping) | Chewy,69,"Shop Chewy for low prices and the best Personalized Blankets! We carry a large selection and the top brands like Frisco, GoTags, and more. Find everything you need in one place. FREE shipping on orders $49+ and the BEST customer service!",237,personalized and custom pet blankets,Personalized & Custom Pet Blankets,1,personalized-blankets,True,True,False,False,True,False,False,False,20,313,4,,,,,,,4,4,18.5,0,3,1,0,4.0
Browse,Ranking Keywords,No top-10 ranking keywords,https://www.chewy.com/b/personalized-and-custom-pet-picture-frames-15442,True,"Prioritize content, metadata, linking, and relevance improvements for this template cohort.",0,Personalized & Custom Pet Picture Frames - Free shipping | Chewy,64,"Shop Chewy for low prices and the best Picture Frames! We carry a large selection and the top brands like Frisco, Karisma Decor, and more. Find everything you need in one place. FREE shipping on orders $49+ and the BEST customer service!",237,custom dog picture frame,Personalized & Custom Pet Picture Frames,1,personalized-and-custom-pet-picture-frames,True,True,False,False,True,False,False,True,19,315,3,,,,,,,6,6,17.0,0,5,0,1,1.0
Browse,Ranking Keywords,No top-10 ranking keywords,https://www.chewy.com/b/black-friday-small-pet-treats-13467,False,"Prioritize content, metadata, linking, and relevance improvements for this template cohort.",0,,,,,deals on small animal treats,,,,,,,,,,,,,,,,,,,,,1,1,14.0,0,1,0,0,
Browse,Ranking Keywords,No top-10 ranking keywords,https://www.chewy.com/b/cyber-monday-small-pet-treats-13416,True,"Prioritize content, metadata, linking, and relevance improvements for this template cohort.",0,Cyber Week 2025 Deals on Small Pet Treats | Chewy,49,"Shop Chewy for low prices and the best Treats products! We carry a large selection and the top brands like Exotic Nutrition, Kaytee, and more. Find everything you need in one place. FREE shipping on orders $49+ and the BEST customer service!",241,deals on small animal treats,Cyber Week Deals on Small Pet Treats,1,cyber-monday-small-pet-treats,True,True,False,False,True,False,False,False,39,342,7,,,,,,,1,1,,0,0,0,1,1.0
Browse,Ranking Keywords,No top-10 ranking keywords,https://www.chewy.com/b/in-ground-elecric-dog-fence-157126,True,"Prioritize content, metadata, linking, and relevance improvements for this template cohort.",0,In-Ground Electric Fence Systems - Free shipping | Chewy,56,"Shop Chewy for low prices and the best In-Ground Fence Systems! We carry a large selection and the top brands like PetSafe, SportDOG, and more. Find everything you need in one place. FREE shipping on orders $49+ and the BEST customer service!",242,deals on in-ground electric fence systems,In-Ground Electric Fence Systems,1,in-ground-elecric-dog-fence,True,True,False,False,True,False,False,True,8,337,3,,,,,,,1,1,,0,0,0,1,1.0
Browse,Ranking Keywords,No top-10 ranking keywords,https://www.chewy.com/b/dog-shampoo-2445,True,"Prioritize content, metadata, linking, and relevance improvements for this template cohort.",0,Dog Shampoos: Low Prices (Free Shipping) | Chewy,48,"Shop Chewy for low prices and the best Shampoos products! We carry a large selection and the top brands like TropiClean, Bio-Groom, and more. Find everything you need in one place. FREE shipping on orders $49+ and the BEST customer service!",240,dog shampoos on sale,Dog Shampoos,1,dog-shampoo,True,True,False,False,True,False,False,True,219,372,2,good,1765.0,needs,0.215,,,3,3,18.0,0,1,1,1,5.0
Browse,Ranking Keywords,No top-10 ranking keywords,https://www.chewy.com/b/dehydrated-cat-food-11745,True,"Prioritize content, metadata, linking, and relevance improvements for this template cohort.",0,Dehydrated Cat Food - Free Shipping | Chewy,43,"Shop Chewy for low prices and the best Dehydrated Food! We carry a large selection and the top brands like ZIWI, Canisource, and more. Find everything you need in one place. FREE shipping on orders $49+ and the BEST customer service!",233,premium dehydrated cat food on sale,Dehydrated Cat Food,1,dehydrated-cat-food,True,True,False,False,True,False,False,True,188,337,2,,,,,,,2,2,15.5,0,2,0,0,1.0
Browse,Ranking Keywords,No top-10 ranking keywords,https://www.chewy.com/b/dog-sweaters-10837,True,"Prioritize content, metadata, linking, and relevance improvements for this template cohort.",0,Crochet Dog Sweaters: Low Prices (Free Shipping) | Chewy,56,"Shop Chewy for the best crochet dog sweaters and keep your pup comfy and warm. We carry a large selection of both crochet dog sweaters in multiple styles, colors and sizes for the perfect fit. FREE shipping on orders $49+ and the BEST customer service!",252,best dog sweater,Dog Sweaters,1,dog-sweaters,True,True,False,False,True,False,False,True,817,357,3,,,,,,,1,1,14.0,0,1,0,0,1.0
Browse,Ranking Keywords,No top-10 ranking keywords,https://www.chewy.com/b/horse-fly-boots-139438,True,"Prioritize content, metadata, linking, and relevance improvements for this template cohort.",0,Fly Boots for Horses | Chewy,28,"Shop Chewy for low prices and the best Fly Boots! We carry a large selection and the top brands like Horseware, Shoofly Leggins, and more. Find everything you need in one place. FREE shipping on orders $49+ and the BEST customer service!",237,horse fly boots,Fly Boots for Horses,1,horse-fly-boots,True,True,False,False,True,False,False,True,46,330,2,,,,,,,5,5,19.8,0,3,2,0,4.0
Browse,Ranking Keywords,No top-10 ranking keywords,https://www.chewy.com/b/aquarium-and-fish-tank-filters-925,True,"Prioritize content, metadata, linking, and relevance improvements for this template cohort.",0,Fish Tank & Aquarium Filter | Chewy,35,Shop Chewy for low prices on the best the best fish tank and aquarium filters. Chewy has a wide selection of filters for small and large tanks and aquariums. *FREE* shipping on orders $49+ and the BEST customer service!,219,best rated aquarium filter,Aquarium & Fish Tank Filters,1,aquarium-and-fish-tank-filters,True,True,False,False,True,False,False,True,179,376,2,,,,,,,17,16,22.36,0,5,9,3,2.0
Browse,Ranking Keywords,No top-10 ranking keywords,https://www.chewy.com/b/horse-salt-lick-135502,True,"Prioritize content, metadata, linking, and relevance improvements for this template cohort.",0,"Horse Licks: Salt Licks, Salt Blocks & Mineral Licks | Chewy",60,"Shop Chewy for low prices and the best Licks products! We carry a large selection and the top brands like Tough1, Horsemen's Pride, and more. Find everything you need in one place. FREE shipping on orders $49+ and the BEST customer service!",240,horse salt lick,Horse Salt Licks & Toys,1,horse-salt-lick,True,True,False,False,True,False,False,True,35,330,2,,,,,,,4,4,19.0,0,2,1,1,4.0
Browse,Ranking Keywords,No top-10 ranking keywords,https://www.chewy.com/b/leopard-gecko-climate-control-100290,True,"Prioritize content, metadata, linking, and relevance improvements for this template cohort.",0,Leopard Gecko Climate Control | Chewy,37,"Shop Chewy for low prices and the best Leopard Gecko Climate Control! We carry a large selection and the top brands like Zoo Med, Exo Terra, and more. Find everything you need in one place. FREE shipping on orders $49+ and the BEST customer service!",249,leopard gecko climate control,Leopard Gecko Climate Control,1,leopard-gecko-climate-control,True,True,False,False,True,False,False,True,46,335,3,,,,,,,2,2,18.5,0,1,1,0,1.0
Browse,Ranking Keywords,No top-10 ranking keywords,https://www.chewy.com/b/chicken-bedding-and-nesting-pads-120494,True,"Prioritize content, metadata, linking, and relevance improvements for this template cohort.",0,Chicken Bedding & Nesting Pads | Chewy,38,"Shop Chewy for low prices and the best Bedding & Nest Pads! We carry a large selection and the top brands like Pampered Chicken Mama, My Favorite Chicken, and more. Find everything you need in one place. FREE shipping on orders $49+ and the BEST customer service!",263,best nesting pads and bedding for chickens,Chicken Bedding & Nesting Pads,1,chicken-bedding-and-nesting-pads,True,True,False,False,True,False,False,True,42,351,2,,,,,,,2,2,15.0,0,1,0,1,3.0
Browse,Ranking Keywords,No top-10 ranking keywords,https://www.chewy.com/b/freshwater-aquarium-health-and-water-care-118302,True,"Prioritize content, metadata, linking, and relevance improvements for this template cohort.",0,Freshwater Aquarium & Fish Tank Maintenance | Chewy,51,"Shop Chewy for low prices and the best Water Care & Fish Health! We carry a large selection and the top brands like API, DrTim's Aquatics, and more. Find everything you need in one place. FREE shipping on orders $49+ and the BEST customer service!",247,aquarium water care,Tropical Fish Tank Health & Water Care,1,freshwater-aquarium-health-and-water-care,False,False,False,False,True,False,False,True,5,351,3,,,,,,,7,7,16.4,0,5,0,2,
Browse,Ranking Keywords,No top-10 ranking keywords,https://www.chewy.com/b/horse-muscle-recovery-and-weight-gain-supplements-11296,True,"Prioritize content, metadata, linking, and relevance improvements for this template cohort.",0,"Horse Performance, Recovery & Weight Gain Supplements | Chewy",61,"Shop Chewy for low prices and the best Performance & Recovery! We carry a large selection and the top brands like UltraCruz, Finish Line, and more. Find everything you need in one place. FREE shipping on orders $49+ and the BEST customer service!",246,horse weight gain supplements,Horse Muscle Recovery & Weight Gain Supplements,1,horse-muscle-recovery-and-weight-gain-supplements,False,False,False,False,True,False,False,False,582,356,2,,,,,,,2,2,18.5,0,1,1,0,1.0
Browse,Ranking Keywords,No top-10 ranking keywords,https://www.chewy.com/b/nail-caps-166462,True,"Prioritize content, metadata, linking, and relevance improvements for this template cohort.",0,Dog Nail Caps - Free shipping | Chewy,37,"Shop Chewy for low prices and the best Nail Caps! We carry a large selection and the top brands like Purrdy Paws, Soft Claws, and more. Find everything you need in one place. FREE shipping on orders $49+ and the BEST customer service!",234,dog nail caps,Dog Nail Caps,1,nail-caps,True,True,False,False,True,False,False,False,29,319,2,,,,,,,2,2,15.0,0,2,0,0,3.0
Browse,Ranking Keywords,No top-10 ranking keywords,https://www.chewy.com/b/freshwater-tank-cleaner-118310,True,"Prioritize content, metadata, linking, and relevance improvements for this template cohort.",0,Freshwater Tank Cleaner | Chewy,31,"Shop Chewy for low prices and the best Tank Cleaners! We carry a large selection and the top brands like Python, Penn-Plax, and more. Find everything you need in one place. FREE shipping on orders $49+ and the BEST customer service!",232,tropical freshwater tank cleaners and accessories,Tropical Fish Tank Cleaners,1,freshwater-tank-cleaner,True,True,False,False,True,False,False,True,75,343,2,,,,,,,1,1,,0,0,0,1,1.0
Browse,Ranking Keywords,No top-10 ranking keywords,https://www.chewy.com/b/chicken-coops-12997,True,"Prioritize content, metadata, linking, and relevance improvements for this template cohort.",0,Chicken Coops | Chewy,21,"Shop Chewy for low prices and the best Chicken Coops! We carry a large selection and the top brands like PawHut, Aivituvin, and more. Find everything you need in one place. FREE shipping on orders $49+ and the BEST customer service!",232,chicken coops and pens,Chicken Coops,1,chicken-coops,True,True,False,False,True,False,False,True,220,357,2,good,1514.0,good,0.085,,,8,8,20.62,0,5,3,0,9.0
Browse,Ranking Keywords,No top-10 ranking keywords,https://www.chewy.com/b/goldfish-tank-and-aquariums-118422,True,"Prioritize content, metadata, linking, and relevance improvements for this template cohort.",0,Goldfish Tank | Chewy,21,"Shop Chewy for low prices and the best Goldfish Tanks & Aquarium Kits! We carry a large selection and the top brands like Tetra, Lifegard, and more. Find everything you need in one place. FREE shipping on orders $49+ and the BEST customer service!",247,goldfish tank,Goldfish Tank & Aquariums,1,goldfish-tank-and-aquariums,True,True,False,False,True,False,False,True,24,333,3,,,,,,,3,2,,0,0,0,3,3.0
Browse,Ranking Keywords,No top-10 ranking keywords,https://www.chewy.com/b/immune-support-for-dogs-11584,True,"Prioritize content, metadata, linking, and relevance improvements for this template cohort.",0,Dog Immune Support Medicine: Dog Immunity Boosters (Ships Free) | Chewy RX,74,Shop Chewy Pharmacy for the best prices on Prescription Dog Immune Support. We have top brands and generics like Prednisolone & Piroxicam. FREE shipping on $49+ orders!,168,deals on prescription immune support for dogs,Immune Support For Dogs,1,immune-support-for-dogs,True,True,False,False,True,False,False,True,1000,358,2,,,,,,,3,2,15.0,0,1,0,2,1.0
Browse,Ranking Keywords,No top-10 ranking keywords,https://www.chewy.com/b/cat-ear-cleaner-437,True,"Prioritize content, metadata, linking, and relevance improvements for this template cohort.",0,Cat Ear Cleaning Solutions & Wipes | Chewy,42,"Shop Chewy for low prices on cat ear cleaning products. We have a wide selection of cat ear cleaning products in different forms including liquid, cleansers and wipes. *FREE* shipping on orders $49+ and the BEST customer service!",229,deals on cat ear care,Cat Ear Care,1,cat-ear-cleaner,False,False,False,False,True,False,False,True,68,359,2,,,,,,,2,2,17.5,0,2,0,0,1.0
Browse,Ranking Keywords,No top-10 ranking keywords,https://www.chewy.com/b/dog-ear-mite-remedies-15550,True,"Prioritize content, metadata, linking, and relevance improvements for this template cohort.",0,Remedies For Ear Mites In Dogs - Free shipping | Chewy,54,"Shop Chewy for low prices and the best Ear Mite Remedies! We carry a large selection and the top brands like Revolution, Revolt, and more. Find everything you need in one place. FREE shipping on orders $49+ and the BEST customer service!",237,deals on remedies for ear mites in dogs,Remedies For Ear Mites In Dogs,1,dog-ear-mite-remedies,True,True,False,False,True,False,False,True,20,351,3,,,,,,,1,1,15.0,0,1,0,0,3.0
Browse,Ranking Keywords,No top-10 ranking keywords,https://www.chewy.com/b/dog-life-jackets-2462,True,"Prioritize content, metadata, linking, and relevance improvements for this template cohort.",0,"Dog Life Jackets, Flotation Vests & More (Free Shipping) | Chewy",64,"Shop Chewy for the best dog life jackets! Keep your water-loving hound safe on the boat or around the pool and buy from our wide selection dog life jackets, flotation vests and dog pillow preservers. Choose from a variety of colors and sizes. *FREE* shipping on orders $49+ and the BEST customer service!",304,dog life jackets,Dog Life Jackets,1,dog-life-jackets,True,True,False,False,True,False,False,True,577,355,2,good,1562.0,good,0.06,,,5,5,19.0,0,2,2,1,20.0
Browse,Ranking Keywords,No top-10 ranking keywords,https://www.chewy.com/b/running-130278,True,"Prioritize content, metadata, linking, and relevance improvements for this template cohort.",0,Running Supplies for Dogs - Free shipping | Chewy,49,"Shop Chewy for low prices and the best Running products! We carry a large selection and the top brands like Chai's Choice, Mendota Products, and more. Find everything you need in one place. FREE shipping on orders $49+ and the BEST customer service!",249,running supplies for dogs on sale,Running Supplies for Dogs,1,running,True,True,False,False,True,False,False,False,215,346,2,,,,,,,2,2,15.5,0,2,0,0,1.0
Browse,Ranking Keywords,No top-10 ranking keywords,https://www.chewy.com/b/dog-rain-gear-2472,True,"Prioritize content, metadata, linking, and relevance improvements for this template cohort.",0,"Dog Rain Gear: Boots, Umbrellas & Coats (Free Shipping) | Chewy",63,"Shop Chewy for the best dog rain gear! Check out our wide variety of dog rain boots, ponchos, umbrellas, vests and coats to protect your pooch from the rainy weather. No matter what your dog’s personal style may be, we’re sure you’ll find just the right fit. *FREE* shipping on orders $49+ and the BEST customer service!",320,dog rain gear,Dog Rain Gear,1,dog-rain-gear,True,True,False,False,True,False,False,True,42,358,3,,,,,,,7,7,18.0,0,4,3,0,2.0
Browse,Ranking Keywords,No top-10 ranking keywords,https://www.chewy.com/b/aquarium-fish-tank-led-lights-166990,True,"Prioritize content, metadata, linking, and relevance improvements for this template cohort.",0,Aquarium and Fish Tank LED Lights - Free shipping | Chewy,57,"Shop Chewy for low prices and the best Aquarium and Fish Tank LED Lights! We carry a large selection and the top brands like Aquael, ASF, and more. Find everything you need in one place. FREE shipping on orders $49+ and the BEST customer service!",246,aquarium light fixtures for new fish,Aquarium and Fish Tank LED Lights,1,aquarium-fish-tank-led-lights,True,True,False,False,True,False,False,False,6,354,3,,,,,,,5,5,23.5,0,0,4,1,1.0
Browse,Ranking Keywords,No top-10 ranking keywords,https://www.chewy.com/b/hummingbird-supplies-and-accessories-139902,True,"Prioritize content, metadata, linking, and relevance improvements for this template cohort.",0,Hummingbird Supplies & Accessories | Chewy,42,"Shop Chewy for low prices and the best Hummingbird products! We carry a large selection and the top brands like Sunnydaze Decor, Ashman, and more. Find everything you need in one place. FREE shipping on orders $49+ and the BEST customer service!",245,hummingbird supplies,Hummingbird Supplies & Accessories,1,hummingbird-supplies-and-accessories,True,True,False,False,True,False,False,True,318253,357,1,,,,,,,3,3,19.5,0,1,1,1,1.0
Browse,Ranking Keywords,No top-10 ranking keywords,https://www.chewy.com/b/horse-needle-and-syringes-138518,True,"Prioritize content, metadata, linking, and relevance improvements for this template cohort.",0,Horse Syringe | Chewy,21,"Shop Chewy for low prices and the best Needles & Syringes! We carry a large selection and the top brands like UltiCare VetRx, Terumo, and more. Find everything you need in one place. FREE shipping on orders $49+ and the BEST customer service!",242,horse needle,Horse Needles & Syringes,1,horse-needle-and-syringes,True,True,False,False,True,False,False,False,13,331,2,,,,,,,3,3,16.67,0,3,0,0,2.0
Browse,Ranking Keywords,No top-10 ranking keywords,https://www.chewy.com/b/horse-immune-and-seasonal-allergy-supplements-153302,True,"Prioritize content, metadata, linking, and relevance improvements for this template cohort.",0,Horse Immune & Seasonal Allergy Supplements | Chewy,51,"Shop Chewy for low prices and the best Immune & Seasonal Allergy! We carry a large selection and the top brands like Mad Barn, UltraCruz, and more. Find everything you need in one place. FREE shipping on orders $49+ and the BEST customer service!",246,horse allergy supplements,Horse Immune & Seasonal Allergy Supplements,1,horse-immune-and-seasonal-allergy-supplements,True,True,False,False,True,False,False,False,110,351,2,,,,,,,8,8,20.0,0,4,3,1,1.0
Browse,Ranking Keywords,No top-10 ranking keywords,https://www.chewy.com/b/freshwater-aquarium-substrate-and-gravel-118278,True,"Prioritize content, metadata, linking, and relevance improvements for this template cohort.",0,Freshwater Tank Substrate | Chewy,33,"Shop Chewy for low prices and the best Substrate products! We carry a large selection and the top brands like CaribSea, Aqua Natural, and more. Find everything you need in one place. FREE shipping on orders $49+ and the BEST customer service!",242,freshwater aquarium substrate,Tropical Fish Tank Substrate & Gravel,1,freshwater-aquarium-substrate-and-gravel,True,True,False,False,True,False,False,True,79,349,2,,,,,,,2,2,18.0,0,1,1,0,1.0
Browse,Ranking Keywords,No top-10 ranking keywords,https://www.chewy.com/b/anti-itch-166406,True,"Prioritize content, metadata, linking, and relevance improvements for this template cohort.",0,Anti-itch Spray for Cats - Free shipping | Chewy,48,"Shop Chewy for low prices and the best Anti-itch products! We carry a large selection and the top brands like Zymox, TropiClean, and more. Find everything you need in one place. FREE shipping on orders $49+ and the BEST customer service!",237,anti itch spray for cats,Anti-itch Spray for Cats,1,anti-itch,True,True,False,False,True,False,False,False,17,353,3,,,,,,,1,1,15.0,0,1,0,0,1.0
Browse,Ranking Keywords,No top-10 ranking keywords,https://www.chewy.com/b/pet-stain-removers-100026,True,"Prioritize content, metadata, linking, and relevance improvements for this template cohort.",0,Cleaners & Stain Removers - Free shipping | Chewy,49,"Shop Chewy for low prices and the best Cleaning & Stain Removers! We carry a large selection and the top brands like Nature's Miracle, Mrs. Meyer's, and more. Find everything you need in one place. FREE shipping on orders $49+ and the BEST customer service!",257,pet stain remover,Cleaners & Stain Removers,1,pet-stain-removers,True,True,False,False,True,False,False,True,654,348,2,,,,,,,1,1,15.0,0,1,0,0,1.0
Browse,Ranking Keywords,No top-10 ranking keywords,https://www.chewy.com/b/small-fish-tanks-nano-tanks-166670,True,"Prioritize content, metadata, linking, and relevance improvements for this template cohort.",0,Small Fish Tanks and Nano Tanks - Free shipping | Chewy,55,"Shop Chewy for low prices and the best Small Fish Tanks and Nano Tanks! We carry a large selection and the top brands like biOrb, Lifegard, and more. Find everything you need in one place. FREE shipping on orders $49+ and the BEST customer service!",248,fish tank,Small Fish Tanks and Nano Tanks,1,small-fish-tanks-nano-tanks,True,True,False,False,True,False,False,True,116,353,2,,,,,,,1,1,,0,0,0,1,4.0
Browse,Ranking Keywords,No top-10 ranking keywords,https://www.chewy.com/b/aquarium-and-fish-tank-water-clarifiers-169846,True,"Prioritize content, metadata, linking, and relevance improvements for this template cohort.",0,Aquarium & Fish Tank Water Clarifiers | Chewy,45,"Shop Chewy for low prices and the best Water Clarifiers! We carry a large selection and the top brands like DrTim's Aquatics, API, and more. Find everything you need in one place. FREE shipping on orders $49+ and the BEST customer service!",239,aquarium water clarifiers,Aquarium & Fish Tank Water Clarifiers,1,aquarium-and-fish-tank-water-clarifiers,True,True,False,False,True,False,False,False,46,342,3,,,,,,,1,1,,0,0,0,1,1.0
Browse,Ranking Keywords,No top-10 ranking keywords,https://www.chewy.com/b/live-hornworms-165886,True,"Prioritize content, metadata, linking, and relevance improvements for this template cohort.",0,Live Hornworms for Sale | Chewy,31,"Buy hornworms at Chewy, nutritious, soft-bodied feeders for reptiles and amphibians. Order online and keep your pet hydrated and happy.",135,live hornworms,Live Hornworms,1,live-hornworms,True,True,False,False,True,False,False,True,13,333,2,,,,,,,1,1,15.0,0,1,0,0,2.0
Browse,Ranking Keywords,No top-10 ranking keywords,https://www.chewy.com/b/turtle-heat-lamps-and-lighting-14014,True,"Prioritize content, metadata, linking, and relevance improvements for this template cohort.",0,Turtle Heat Lamps & Lighting | Chewy,36,"Shop Chewy for low prices and the best Heating & Lighting! We carry a large selection and the top brands like Arcadia Reptile, Zoo Med, and more. Find everything you need in one place. FREE shipping on orders $49+ and the BEST customer service!",244,aquatic turtle infrared light heat,Turtle Lights & Heat Lamps,1,turtle-heat-lamps-and-lighting,True,True,False,False,True,False,False,True,37,357,2,,,,,,,7,7,20.75,0,2,2,3,4.0
Browse,Ranking Keywords,No top-10 ranking keywords,https://www.chewy.com/b/dog-diarrhea-treatments-15551,True,"Prioritize content, metadata, linking, and relevance improvements for this template cohort.",0,Dog Anti Diarrhea Treatment & Digestion Relief - Free Shipping | Chewy,70,"Shop Chewy for low prices and the best Diarrhea Treatments & Digestive Relief! We carry a large selection and the top brands like Innovative Pet Lab, Vetoquinol, and more. Find everything you need in one place. FREE shipping on orders $49+ and the BEST customer service!",270,dog diarrhea treatments,Dog Diarrhea Treatments & Digestive Relief,1,dog-diarrhea-treatments,True,True,False,False,True,False,False,False,29,348,3,,,,,,,3,3,18.33,0,2,1,0,4.0
Browse,Ranking Keywords,No top-10 ranking keywords,https://www.chewy.com/b/canary-perches-12952,True,"Prioritize content, metadata, linking, and relevance improvements for this template cohort.",0,Canary Perches | Chewy,22,"Shop Chewy for low prices and the best Perches products! We carry a large selection and the top brands like Polly's Pet Products, NonoPets, and more. Find everything you need in one place. FREE shipping on orders $49+ and the BEST customer service!",248,gloster canary perches,Canary Perches,1,canary-perches,True,True,False,False,True,False,False,True,15,350,3,,,,,,,3,3,16.5,0,2,0,1,1.0
Browse,Ranking Keywords,No top-10 ranking keywords,https://www.chewy.com/b/personalized-holiday-christmas-gifts-for-dogs-2254,True,"Prioritize content, metadata, linking, and relevance improvements for this template cohort.",0,Personalized Christmas & Holiday Gifts for Dogs (Free Shipping) | Chewy,71,"Shop Chewy for low prices on holiday dog supplies. We carry a wide selection of holiday dog supplies like dog beds, toys, collars, tech products and more. *FREE* shipping on orders $49+ and the BEST customer service!",216,personalized holiday gifts for dogs,Personalized Holiday Gifts for Dogs,1,personalized-holiday-christmas-gifts-for-dogs,True,True,False,False,True,False,False,False,74,356,5,,,,,,,1,1,,0,0,0,1,1.0
Browse,Ranking Keywords,No top-10 ranking keywords,https://www.chewy.com/b/goat-grooming-supplies-12735,True,"Prioritize content, metadata, linking, and relevance improvements for this template cohort.",0,Goat Grooming Supplies | Chewy,30,"Shop Chewy for low prices and the best Goat Show & Grooming Supplies! We carry a large selection and the top brands like Sullivan Supply, Weaver Livestock, and more. Find everything you need in one place. FREE shipping on orders $49+ and the BEST customer service!",264,goat grooming supplies,Goat Grooming Supplies,1,goat-grooming-supplies,True,True,False,False,True,False,False,True,18,350,2,,,,,,,1,1,16.0,0,1,0,0,1.0
Browse,Ranking Keywords,No top-10 ranking keywords,https://www.chewy.com/b/aquarium-and-fish-tank-salt-910,True,"Prioritize content, metadata, linking, and relevance improvements for this template cohort.",0,Aquarium & Fish Tank Salt | Chewy,33,Shop Chewy for aquarium salt and mineral supplements. Chewy has a wide selection of aquarium salt and mineral supplements to stave off parasites and create healthy conditions for your fish. *FREE* shipping on orders $49+ and the BEST customer service!,251,fish aquarium salt,Aquarium & Fish Tank Salt,1,aquarium-and-fish-tank-salt,True,True,False,False,True,False,False,True,31,335,3,,,,,,,4,4,21.25,0,2,2,0,2.0
Browse,Ranking Keywords,No top-10 ranking keywords,https://www.chewy.com/b/sheep-grooming-supplies-12744,True,"Prioritize content, metadata, linking, and relevance improvements for this template cohort.",0,Sheep Grooming Supplies | Chewy,31,"Shop Chewy for low prices and the best Sheep Showing & Grooming Supplies! We carry a large selection and the top brands like Weaver Livestock, Sullivan Supply, and more. Find everything you need in one place. FREE shipping on orders $49+ and the BEST customer service!",268,sheep grooming supplies,Sheep Grooming Supplies,1,sheep-grooming-supplies,True,True,False,False,True,False,False,True,13,352,2,,,,,,,2,1,16.0,0,1,0,1,1.0
Browse,Ranking Keywords,No top-10 ranking keywords,https://www.chewy.com/b/barbiecore-for-pets-128134,False,"Prioritize content, metadata, linking, and relevance improvements for this template cohort.",0,,,,,barbiecore for pets our favorite pink must-haves,,,,,,,,,,,,,,,,,,,,,1,1,,0,0,0,1,
Browse,Ranking Keywords,No top-10 ranking keywords,https://www.chewy.com/b/bird-foraging-toys-125438,True,"Prioritize content, metadata, linking, and relevance improvements for this template cohort.",0,Bird Foraging Toys | Chewy,26,"Shop Chewy for low prices and the best Foraging & Preening Toys! We carry a large selection and the top brands like A&E Cage Company, Planet Pleasures, and more. Find everything you need in one place. FREE shipping on orders $49+ and the BEST customer service!",260,bird foraging toys,Bird Foraging Toys,1,bird-foraging-toys,True,True,False,False,True,False,False,True,76,355,2,,,,,,,5,5,17.0,0,4,0,1,1.0
Browse,Ranking Keywords,No top-10 ranking keywords,https://www.chewy.com/b/bird-treats-952,True,"Prioritize content, metadata, linking, and relevance improvements for this template cohort.",0,Bird Treats | Chewy,19,"Shop Chewy for low prices on the best bird treats. Chewy has a wide selection of bird treats including bird seed, dried fruits, mealworms, spray millet and more for all types of birds including parrots, parakeets, cockatiels and many more. *FREE* shipping on orders $49+ and the BEST customer service!",301,best bird treats,Bird Treats,1,bird-treats,True,True,False,False,True,False,False,True,175,369,2,,,,,,,2,2,16.0,0,1,0,1,3.0
Browse,Ranking Keywords,No top-10 ranking keywords,https://www.chewy.com/b/crates-106758,False,"Prioritize content, metadata, linking, and relevance improvements for this template cohort.",0,,,,,dog crate furniture,,,,,,,,,,,,,,,,,,,,,1,1,16.0,0,1,0,0,
Browse,Ranking Keywords,No top-10 ranking keywords,https://www.chewy.com/b/aquarium-and-fish-tank-water-test-kits-912,True,"Prioritize content, metadata, linking, and relevance improvements for this template cohort.",0,Aquarium & Fish Tank Water Test Kit | Chewy,43,Shop Chewy for low prices on the best fish tank and aquarium water test kits. Chewy has a wide variety of both freshwater and saltwater aquarium water test kits from top brands. *FREE* shipping on orders $49+ and the BEST customer service!,239,aquarium water test kits,Aquarium & Fish Tank Water Test Kits,1,aquarium-and-fish-tank-water-test-kits,False,False,False,False,True,False,False,True,2,357,4,,,,,,,8,8,22.5,0,1,5,2,
Browse,Ranking Keywords,No top-10 ranking keywords,https://www.chewy.com/b/aquarium-and-fish-tank-stands-105318,True,"Prioritize content, metadata, linking, and relevance improvements for this template cohort.",0,Fish Tank & Aquarium Stand | Chewy,34,"Shop Chewy for low prices and the best Aquarium Stands! We carry a large selection and the top brands like Caitec, Tetra, and more. Find everything you need in one place. FREE shipping on orders $49+ and the BEST customer service!",230,fish aquarium stand,Aquarium & Fish Tank Stands,1,aquarium-and-fish-tank-stands,True,True,False,False,True,False,False,True,36,327,2,good,1295.0,good,0.025,,,7,7,24.5,0,1,3,3,8.0
Browse,Ranking Keywords,No top-10 ranking keywords,https://www.chewy.com/b/freeze-dried-cat-food-11737,True,"Prioritize content, metadata, linking, and relevance improvements for this template cohort.",0,Freeze Dried Cat Food - Free Shipping | Chewy,45,"Shop Chewy for low prices and the best Freeze-Dried & Dehydrated Food! We carry a large selection and the top brands like Instinct, Vital Essentials, and more. Find everything you need in one place. FREE shipping on orders $49+ and the BEST customer service!",258,freeze dried cat food,Freeze-Dried & Dehydrated Cat Food,1,freeze-dried-cat-food,True,True,False,False,True,False,False,True,1094,359,2,good,1738.0,good,0.07500000000000001,,,16,15,22.44,0,5,11,0,7.0
Browse,Ranking Keywords,No top-10 ranking keywords,https://www.chewy.com/b/horse-feeding-supplies-2630,True,"Prioritize content, metadata, linking, and relevance improvements for this template cohort.",0,Horse Feed Bucket | Chewy,25,"Shop Chewy for horse storage containers, horse slow feeders, salt block holders and more. Keep your horse feed safe and fresh with our horse feeding supplies including hay nets and hay bale covers. FREE shipping on orders $49+ and the BEST customer service!",257,horse feeding buckets,Horse Feeding Supplies,1,horse-feeding-supplies,True,True,False,False,True,False,False,True,314,351,2,good,2040.0,good,0.02,,,3,3,20.67,0,1,2,0,1.0
Browse,Ranking Keywords,No top-10 ranking keywords,https://www.chewy.com/b/mix-11096,False,"Prioritize content, metadata, linking, and relevance improvements for this template cohort.",0,,,,,small animal food mix,,,,,,,,,,,,,,,,,,,,,1,1,,0,0,0,1,
Browse,Ranking Keywords,No top-10 ranking keywords,https://www.chewy.com/b/dog-potty-training-spray-2553,True,"Prioritize content, metadata, linking, and relevance improvements for this template cohort.",0,"Best Dog Potty Sprays: Top Brands, Low Prices (Free Shipping) | Chewy",69,"Shop Chewy for low prices and the best Sprays products! We carry a large selection and the top brands like Dog Whisperer, Dr. Pol, and more. Find everything you need in one place. FREE shipping on orders $49+ and the BEST customer service!",239,dog potty training spray,Potty Training Sprays for Dogs,1,dog-potty-training-spray,True,True,False,False,True,False,False,True,145,330,3,,,,,,,10,8,21.0,0,4,3,3,4.0
Browse,Ranking Keywords,No top-10 ranking keywords,https://www.chewy.com/b/dog-wine-glasses-6219,True,"Prioritize content, metadata, linking, and relevance improvements for this template cohort.",0,Dog-Themed Wine Glasses: Best Dog Wine Glasses (Free Shipping) | Chewy,70,"Shop Chewy for low prices and the best Wine Glasses! We carry a large selection and the top brands like E&S PETS, The Memory Company, and more. Find everything you need in one place. FREE shipping on orders $49+ and the BEST customer service!",242,dog wine glasses,Dog Wine Glasses,1,dog-wine-glasses,True,True,False,False,True,False,False,True,99,351,4,,,,,,,3,3,22.0,0,1,2,0,1.0
Browse,Ranking Keywords,No top-10 ranking keywords,https://www.chewy.com/b/dog-clicker-2566,True,"Prioritize content, metadata, linking, and relevance improvements for this template cohort.",0,Best Dog Training Clickers: Low Prices (Free Shipping) | Chewy,62,Shop Chewy for low prices on dog training clickers. We have a wide selection of dog training clickers that makes training your pup faster and easier. *FREE* shipping on orders $49+ and the BEST customer service!,211,dog training clickers on sale,Dog Training Clickers,1,dog-clicker,True,True,False,False,True,False,False,False,38,348,3,,,,,,,3,3,17.5,0,2,0,1,5.0
Browse,Ranking Keywords,No top-10 ranking keywords,https://www.chewy.com/b/hiking-130270,True,"Prioritize content, metadata, linking, and relevance improvements for this template cohort.",0,Hiking Supplies for Dogs - Free shipping | Chewy,48,"Shop Chewy for low prices and the best Hiking products! We carry a large selection and the top brands like Chai's Choice, Chilly Dog, and more. Find everything you need in one place. FREE shipping on orders $49+ and the BEST customer service!",242,walking supplies for new dogs on sale,Hiking Supplies for Dogs,1,hiking,True,True,False,False,True,False,False,False,234,346,2,,,,,,,2,2,22.5,0,1,1,0,1.0
Browse,Ranking Keywords,No top-10 ranking keywords,https://www.chewy.com/b/walking-supplies-2289,True,"Prioritize content, metadata, linking, and relevance improvements for this template cohort.",0,"Puppy Walking Supplies: Leashes, Poop Bags, Tags & More - Free Shipping",71,"Shop Chewy for low prices on puppy walking supplies. We have a wide selection of leashes, collars, ID tags, poop bags and more to help make walking your puppy easy. FREE shipping on orders $49+ and the BEST customer service!",224,walking supplies for new dogs on sale,"Puppy Collars, Leashes and Harnesses",1,walking-supplies,False,False,False,False,True,False,False,False,510,357,3,,,,,,,2,2,,0,0,0,2,1.0
Browse,Ranking Keywords,No top-10 ranking keywords,https://www.chewy.com/b/aquarium-and-fish-tank-cleaning-supplies-1739,True,"Prioritize content, metadata, linking, and relevance improvements for this template cohort.",0,Aquarium & Fish Tank Cleaning Tools | Chewy,43,Shop Chewy for low prices on the best brushes and cleaning products for aquariums and fish tanks. Chewy has a wide selection of brushes and cleaning products to help remove algae buildup and keep your fish healthy. *FREE* shipping on orders $49+ and the BEST customer service!,276,aquarium cleaning supplies,Aquarium & Fish Tank Cleaning Supplies,1,aquarium-and-fish-tank-cleaning-supplies,True,True,False,False,True,False,False,True,19,355,3,,,,,,,6,6,20.4,0,3,2,1,4.0
Browse,Ranking Keywords,No top-10 ranking keywords,https://www.chewy.com/b/aquarium-and-fish-tank-ph-water-treatment-908,True,"Prioritize content, metadata, linking, and relevance improvements for this template cohort.",0,Aquarium & Fish Tank Water Treatments | Chewy,45,Shop Chewy for low prices on the best fish tank pH treatment products. Chewy has a wide selection of aquarium and fish tank pH treatment products for freshwater and saltwater tanks to help keep the pH levels at a healthy level. *FREE* shipping on orders $49+ and the BEST customer service!,289,aquarium water treatments,Aquarium & Fish Tank Water Treatments,1,aquarium-and-fish-tank-ph-water-treatment,True,True,False,False,True,False,False,True,74,329,3,,,,,,,6,5,18.0,0,2,1,3,1.0
Browse,Ranking Keywords,No top-10 ranking keywords,https://www.chewy.com/b/horse-lunge-line-13052,True,"Prioritize content, metadata, linking, and relevance improvements for this template cohort.",0,Horse Lunge Line | Chewy,24,"Shop Chewy for low prices and the best Lunging & Training Equipment! We carry a large selection and the top brands like Horze, Shires Equestrian Products, and more. Find everything you need in one place. FREE shipping on orders $49+ and the BEST customer service!",263,horse lunge line,Horse Lunge Lines,1,horse-lunge-line,True,True,False,False,True,False,False,True,103,352,3,,,,,,,2,2,18.0,0,2,0,0,1.0
Browse,Ranking Keywords,No top-10 ranking keywords,https://www.chewy.com/b/multi-purpose-horse-supplements-153318,True,"Prioritize content, metadata, linking, and relevance improvements for this template cohort.",0,Multi-Purpose Horse Supplements | Chewy,39,"Shop Chewy for low prices and the best Multi-Purpose products! We carry a large selection and the top brands like Mad Barn, Med-Vet Pharmaceuticals (MVP), and more. Find everything you need in one place. FREE shipping on orders $49+ and the BEST customer service!",263,multi purpose horse supplements,Multi-Purpose Horse Supplements,1,multi-purpose-horse-supplements,True,True,False,False,True,False,False,False,123,350,2,,,,,,,2,2,,0,0,0,2,1.0
Browse,Ranking Keywords,No top-10 ranking keywords,https://www.chewy.com/b/horse-leg-wraps-and-bandages-10471,True,"Prioritize content, metadata, linking, and relevance improvements for this template cohort.",0,Horse Wrap | Chewy,18,"Shop Chewy for low prices and the best Bandages & Wraps! We carry a large selection and the top brands like Andover Healthcare, Vetrap, and more. Find everything you need in one place. FREE shipping on orders $49+ and the BEST customer service!",244,horse bandage,Horse Leg Wraps & Bandages,1,horse-leg-wraps-and-bandages,True,True,False,False,True,False,False,False,95,344,3,,,,,,,2,2,23.5,0,1,1,0,1.0
Browse,Ranking Keywords,No top-10 ranking keywords,https://www.chewy.com/b/stain-removers-121038,True,"Prioritize content, metadata, linking, and relevance improvements for this template cohort.",0,Stain Removers - Free shipping | Chewy,38,"Shop Chewy for low prices and the best Stain Removers! We carry a large selection and the top brands like Nature's Miracle, OdoBan, and more. Find everything you need in one place. FREE shipping on orders $49+ and the BEST customer service!",240,pet stain removers,Stain Removers,1,stain-removers,True,True,False,False,True,False,False,False,19,341,6,,,,,,,1,1,,0,0,0,1,1.0
Browse,Ranking Keywords,No top-10 ranking keywords,https://www.chewy.com/b/saltwater-filter-media-116094,True,"Prioritize content, metadata, linking, and relevance improvements for this template cohort.",0,Saltwater Filter Media | Chewy,30,"Shop Chewy for low prices and the best Saltwater Fish Media! We carry a large selection and the top brands like Fluval, DrTim's Aquatics, and more. Find everything you need in one place. FREE shipping on orders $49+ and the BEST customer service!",246,saltwater fish tank filters media,Saltwater Filter Media,1,saltwater-filter-media,True,True,False,False,True,False,False,True,124,353,3,,,,,,,1,1,,0,0,0,1,1.0
Browse,Ranking Keywords,No top-10 ranking keywords,https://www.chewy.com/b/turtle-food-1027,True,"Prioritize content, metadata, linking, and relevance improvements for this template cohort.",0,Turtle Food | Chewy,19,"Shop Chewy for low prices and a wide selection of turtle food & treats. Whether you have a tortoise, aquatic turtle or something else, Chewy has different food options for your pet including canned food, pellets, dehydrated and more. *FREE* shipping on orders $49+ and the BEST customer service!",295,turtle food pellets,Turtle Food,1,turtle-food,False,False,False,False,True,False,False,True,0,375,5,,,,,,,5,5,21.5,0,1,1,3,
Browse,Ranking Keywords,No top-10 ranking keywords,https://www.chewy.com/b/aquarium-and-fish-tank-lights-2246,True,"Prioritize content, metadata, linking, and relevance improvements for this template cohort.",0,Aquarium & Fish Tank Lights | Chewy,35,Shop Chewy for low prices on the best LED lights for aquariums and fish tanks. Chewy has a wide selection of LED lights that work in both freshwater and saltwater aquariums and fish tanks from top brands. *FREE* shipping on orders $49+ and the BEST customer service!,266,best fish tank lights,Aquarium & Fish Tank Lights,1,aquarium-and-fish-tank-lights,True,True,False,False,True,False,False,False,111,360,3,,,,,,,4,4,24.33,0,1,2,1,3.0
Browse,Ranking Keywords,No top-10 ranking keywords,https://www.chewy.com/b/wild-bird-suet-11896,True,"Prioritize content, metadata, linking, and relevance improvements for this template cohort.",0,Suet for Birds | Suet Cakes & Blocks for Wild Birds | Chewy,59,"Shop Suet for Birds, including suet cakes and suet blocks, to help wild birds enjoy high energy nutrition and keep your backyard feeders busy.",142,suet cakes for wild birds,Suet for Birds,1,wild-bird-suet,True,True,False,False,True,False,False,True,318253,354,1,good,1713.0,poor,0.29000000000000004,,,8,7,22.6,0,1,4,3,10.0
Browse,Ranking Keywords,No top-10 ranking keywords,https://www.chewy.com/b/hummingbird-nectar-139990,True,"Prioritize content, metadata, linking, and relevance improvements for this template cohort.",0,Hummingbird Nectar - Hummingbird Food for Sale | Chewy,54,"Shop Chewy for low prices and the best Hummingbird Nectar! We carry a large selection and the top brands like Perky-Pet, Sweet-Nectar, and more. Find everything you need in one place. FREE shipping on orders $49+ and the BEST customer service!",243,hummingbird food,Hummingbird Nectar,1,hummingbird-nectar,True,True,False,False,True,False,False,True,117,347,2,good,1522.0,poor,0.77,,,3,2,21.33,0,1,2,0,2.0
Browse,Ranking Keywords,No top-10 ranking keywords,https://www.chewy.com/b/finch-food-139958,True,"Prioritize content, metadata, linking, and relevance improvements for this template cohort.",0,Finch Food - Finch Bird Seed | Chewy,36,"Shop Chewy for low prices and the best Finch Food! We carry a large selection and the top brands like Meadow Ridge Farms, Audubon Park, and more. Find everything you need in one place. FREE shipping on orders $49+ and the BEST customer service!",244,finch food,Finch Food,1,finch-food,True,True,False,False,True,False,False,True,34,356,3,,,,,,,3,2,22.0,0,1,2,0,1.0
Browse,Ranking Keywords,No top-10 ranking keywords,https://www.chewy.com/b/tropical-freshwater-aquarium-decor-118286,True,"Prioritize content, metadata, linking, and relevance improvements for this template cohort.",0,Freshwater Fish Tank & Aquarium Decorations | Chewy,51,"Shop Chewy for low prices and the best Décor products! We carry a large selection and the top brands like Underwater Treasures, Penn-Plax, and more. Find everything you need in one place. FREE shipping on orders $49+ and the BEST customer service!",247,tropical freshwater aquarium décor,Tropical Fish Tank Decor,1,tropical-freshwater-aquarium-decor,True,True,False,False,True,False,False,True,74,354,2,,,,,,,2,2,17.0,0,2,0,0,1.0
Browse,Ranking Keywords,No top-10 ranking keywords,https://www.chewy.com/b/personalized-puzzles-12772,True,"Prioritize content, metadata, linking, and relevance improvements for this template cohort.",0,Custom Pet Puzzles: Personalized Pet Photo Puzzles (Free Shipping) | Chewy,74,Shop Chewy for low prices and the best Personalized Puzzles! We carry a large selection and the top brands like Frisco and more. Find everything you need in one place. FREE shipping on orders $49+ and the BEST customer service!,227,personalized and custom pet puzzles,Personalized & Custom Pet Puzzles,1,personalized-puzzles,True,True,False,False,True,False,False,False,20,306,5,,,,,,,6,6,21.33,0,3,3,0,1.0
Browse,Ranking Keywords,No top-10 ranking keywords,https://www.chewy.com/b/cattle-supplies-and-accessories-12725,True,"Prioritize content, metadata, linking, and relevance improvements for this template cohort.",0,Cattle Supplies & Accessories | Chewy,37,"Shop Chewy for low prices and the best Cattle products! We carry a large selection and the top brands like Sullivan Supply, Tuff Stuff Products, and more. Find everything you need in one place. FREE shipping on orders $49+ and the BEST customer service!",253,cattle accessories,Cattle Supplies & Accessories,1,cattle-supplies-and-accessories,True,True,False,False,True,False,False,True,318253,373,1,,,,,,,5,5,21.5,0,2,2,1,1.0
Browse,Ranking Keywords,No top-10 ranking keywords,https://www.chewy.com/b/bird-carriers-141790,True,"Prioritize content, metadata, linking, and relevance improvements for this template cohort.",0,Bird Carriers | Chewy,21,"Shop Chewy for low prices and the best Carriers products! We carry a large selection and the top brands like Halinfer, LAIRIES, and more. Find everything you need in one place. FREE shipping on orders $49+ and the BEST customer service!",236,bird carriers,Bird Carriers,1,bird-carriers,True,True,False,False,True,False,False,True,24,352,2,,,,,,,2,2,17.0,0,1,0,1,7.0
Browse,Ranking Keywords,No top-10 ranking keywords,https://www.chewy.com/b/winter-poultry-waterers-heaters-15751,True,"Prioritize content, metadata, linking, and relevance improvements for this template cohort.",0,Winter Poultry Waterers & Heaters - Free shipping | Chewy,57,"Shop Chewy for low prices and the best Winter Poultry Waterers & Heaters! We carry a large selection and the top brands like Little Giant, RentACoop, and more. Find everything you need in one place. FREE shipping on orders $49+ and the BEST customer service!",258,winter poultry waterers and heaters,Winter Poultry Waterers & Heaters,1,winter-poultry-waterers-heaters,False,False,False,False,True,False,False,False,4,342,5,,,,,,,4,3,19.75,0,3,1,0,2.0
Browse,Ranking Keywords,No top-10 ranking keywords,https://www.chewy.com/b/cat-eye-drops-15564,True,"Prioritize content, metadata, linking, and relevance improvements for this template cohort.",0,Cat Eye Drops - Free shipping | Chewy,37,"Shop Chewy for low prices and the best Eye Drops! We carry a large selection and the top brands like Domes Pharma, Vetericyn, and more. Find everything you need in one place. FREE shipping on orders $49+ and the BEST customer service!",234,cat eye drops,Cat Eye Drops,1,cat-eye-drops,True,True,False,False,True,False,False,False,11,322,3,,,,,,,2,1,17.5,0,2,0,0,1.0
Browse,Ranking Keywords,No top-10 ranking keywords,https://www.chewy.com/b/sheep-supplements-12743,True,"Prioritize content, metadata, linking, and relevance improvements for this template cohort.",0,Sheep Supplements | Chewy,25,"Shop Chewy for low prices and the best Supplements products! We carry a large selection and the top brands like UltraCruz, Nature's Helper, and more. Find everything you need in one place. FREE shipping on orders $49+ and the BEST customer service!",248,sheep supplements,Sheep Supplements,1,sheep-supplements,True,True,False,False,True,False,False,True,8,350,2,,,,,,,2,2,17.5,0,2,0,0,1.0
Browse,Ranking Keywords,No top-10 ranking keywords,https://www.chewy.com/b/horse-riding-boots-11482,True,"Prioritize content, metadata, linking, and relevance improvements for this template cohort.",0,Riding Boots | Chewy,20,"Shop Chewy for low prices and the best Riding Boots! We carry a large selection and the top brands like TuffRider, Dublin, and more. Find everything you need in one place. FREE shipping on orders $49+ and the BEST customer service!",231,horse riding boots,Horse Riding Boots,1,horse-riding-boots,True,True,False,False,True,False,False,True,40,356,4,,,,,,,1,1,17.0,0,1,0,0,1.0
Browse,Ranking Keywords,No top-10 ranking keywords,https://www.chewy.com/b/horse-blanket-storage-13116,True,"Prioritize content, metadata, linking, and relevance improvements for this template cohort.",0,Horse Blanket Rack | Chewy,26,"Shop Chewy for low prices and the best Blanket Accessories & Storage! We carry a large selection and the top brands like Blanket Safe, Horze, and more. Find everything you need in one place. FREE shipping on orders $49+ and the BEST customer service!",250,horse blanket storage and cleaning,Horse Blanket Storage,1,horse-blanket-storage,True,True,False,False,True,False,False,False,72,335,3,,,,,,,2,2,17.0,0,1,0,1,1.0
Browse,Ranking Keywords,No top-10 ranking keywords,https://www.chewy.com/b/small-animal-toys-1066,True,"Prioritize content, metadata, linking, and relevance improvements for this template cohort.",0,Small Animal Toys | Chewy,25,"Shop Chewy for low prices on the best small pet toys. Chewy has a wide selection of small pet toys like exercise wheels and balls, chew toys and tunnels that your rabbit, hamster, gerbil, ferret, mouse or other small pet will love. *FREE* shipping on orders $49+ and the BEST customer service!",293,small animal toys,Small Animal Toys,1,small-animal-toys,True,True,False,False,True,False,False,True,318253,364,1,,,,,,,3,3,17.0,0,2,0,1,1.0
Browse,Ranking Keywords,No top-10 ranking keywords,https://www.chewy.com/b/saltwater-fish-tank-filters-116078,True,"Prioritize content, metadata, linking, and relevance improvements for this template cohort.",0,Saltwater Aquarium & Fish Tank Filter | Chewy,45,"Shop Chewy for low prices and the best Saltwater Fish Filters! We carry a large selection and the top brands like Fiji Cube, Marineland, and more. Find everything you need in one place. FREE shipping on orders $49+ and the BEST customer service!",245,saltwater fish filters,Saltwater Fish Tank Filters,1,saltwater-fish-tank-filters,True,True,False,False,True,False,False,True,170,363,2,,,,,,,1,1,,0,0,0,1,1.0
Browse,Ranking Keywords,No top-10 ranking keywords,https://www.chewy.com/b/bird-baths-and-fountains-12933,True,"Prioritize content, metadata, linking, and relevance improvements for this template cohort.",0,Bird Baths & Fountains | Chewy,30,"Shop Chewy for low prices and the best Bird Baths! We carry a large selection and the top brands like Sunnydaze Decor, Oakland Living, and more. Find everything you need in one place. FREE shipping on orders $49+ and the BEST customer service!",243,bird baths,Bird Baths & Fountains,1,bird-baths-and-fountains,True,True,False,False,True,False,False,True,263,358,2,good,1730.0,good,0.035,,,8,8,21.0,0,4,4,0,4.0
Browse,Ranking Keywords,No top-10 ranking keywords,https://www.chewy.com/b/aquarium-and-fish-tank-gravel-117718,True,"Prioritize content, metadata, linking, and relevance improvements for this template cohort.",0,Aquarium & Fish Tank Gravel | Chewy,35,"Shop Chewy for low prices and the best Gravel products! We carry a large selection and the top brands like CaribSea, Aqua Natural, and more. Find everything you need in one place. FREE shipping on orders $49+ and the BEST customer service!",239,white aquarium gravel,Aquarium & Fish Tank Gravel,1,aquarium-and-fish-tank-gravel,True,True,False,False,True,False,False,True,54,355,3,,,,,,,3,3,24.0,0,1,1,1,2.0
Browse,Ranking Keywords,No top-10 ranking keywords,https://www.chewy.com/b/leopard-gecko-food-100254,True,"Prioritize content, metadata, linking, and relevance improvements for this template cohort.",0,Leopard Gecko Food | Chewy,26,"Shop Chewy for low prices and the best Leopard Gecko Food! We carry a large selection and the top brands like Fluker's, ABDragons, and more. Find everything you need in one place. FREE shipping on orders $49+ and the BEST customer service!",239,leopard gecko food,Leopard Gecko Food,1,leopard-gecko-food,False,False,False,False,True,False,False,True,3,356,3,,,,,,,3,2,17.0,0,1,0,2,
Browse,Ranking Keywords,No top-10 ranking keywords,https://www.chewy.com/b/pet-couch-covers-15527,True,"Prioritize content, metadata, linking, and relevance improvements for this template cohort.",0,Pet Couch & Furniture Protectors - Free shipping | Chewy,56,"Shop Chewy for low prices and the best Couch Covers! We carry a large selection and the top brands like Allisandro, FunnyFuzzy, and more. Find everything you need in one place. FREE shipping on orders $49+ and the BEST customer service!",236,best couch cover for dogs,Pet Couch & Furniture Protectors,1,pet-couch-covers,True,True,False,False,True,False,False,True,629,342,3,good,1671.0,needs,0.10500000000000001,,,5,5,23.6,0,2,3,0,16.0
Browse,Ranking Keywords,No top-10 ranking keywords,https://www.chewy.com/b/rabbit-water-bottles-10892,True,"Prioritize content, metadata, linking, and relevance improvements for this template cohort.",0,Rabbit Water Bottles | Chewy,28,"Shop Chewy for low prices and the best Water Bottles! We carry a large selection and the top brands like RAC Paws by RentACoop, Lixit, and more. Find everything you need in one place. FREE shipping on orders $49+ and the BEST customer service!",243,bunny water bottles,Rabbit Water Bottles,1,rabbit-water-bottles,False,False,False,False,True,False,False,True,1,347,3,,,,,,,2,2,17.0,0,2,0,0,
Browse,Ranking Keywords,No top-10 ranking keywords,https://www.chewy.com/b/hands-free-dog-leash-2579,True,"Prioritize content, metadata, linking, and relevance improvements for this template cohort.",0,"Hands-Free Dog Leash: Running Belts, Bike Leash (Free Shipping) | Chewy",71,Shop Chewy for low prices on hands-free dog leashes. We have a wide selection of hands-free dog leashes that can go around your waist like a belt or attach to your bicycle so you can multitask while running or biking with your dog. *FREE* shipping on orders $49+ and the BEST customer service!,293,hands free dog leash,Hands-Free Dog Leashes,1,hands-free-dog-leash,True,True,False,False,True,False,False,True,487,351,3,good,1431.0,good,0.07,,,8,8,24.29,0,1,6,1,14.0
Browse,Ranking Keywords,No top-10 ranking keywords,https://www.chewy.com/b/dog-bandanas-2634,True,"Prioritize content, metadata, linking, and relevance improvements for this template cohort.",0,"Dog Bandanas & Scarves: Fashionable, Fun & More (Free Shipping) | Chewy",71,"Shop Chewy for low prices on dog bandanas and scarves. We carry a wide selection of dog bandanas and scarves that come in all different colors and patterns, to look great for holidays, birthdays or anytime. *FREE* shipping on orders $49+ and the BEST customer service!",268,best dog bandanas,Dog Bandanas,1,dog-bandanas,True,True,False,False,True,False,False,True,951,388,2,good,1558.0,needs,0.145,,,3,3,17.33,0,3,0,0,9.0
Browse,Ranking Keywords,No top-10 ranking keywords,https://www.chewy.com/b/cat-urns-6216,True,"Prioritize content, metadata, linking, and relevance improvements for this template cohort.",0,Cat Urns & Caskets: Best Cat Urns for Remembering (Free Shipping) | Chewy,73,"Shop Chewy for low prices and the best Urns products! We carry a large selection and the top brands like A Pet's Life, Best Friend Services, and more. Find everything you need in one place. FREE shipping on orders $49+ and the BEST customer service!",249,cat urns on sale,Cat Urns,1,cat-urns,True,True,False,False,True,False,False,True,3,333,5,,,,,,,1,1,17.0,0,1,0,0,10.0
Browse,Ranking Keywords,No top-10 ranking keywords,https://www.chewy.com/b/aquarium-and-fish-tank-light-bulbs-2247,True,"Prioritize content, metadata, linking, and relevance improvements for this template cohort.",0,Aquarium & Fish Tank Light Bulbs | Chewy,40,"Shop Chewy for replacement light bulbs for your fish tank and aquarium. Chewy has a wide selection of replacement bulbs for T8 lamps, UV and LED lights of different watts to keep your tank or aquarium beautifully lit. *FREE* shipping on orders $49+ and the BEST customer service!",279,aquarium light bulbs,Aquarium & Fish Tank Light Bulbs,1,aquarium-and-fish-tank-light-bulbs,True,True,False,False,True,False,False,True,26,347,3,,,,,,,1,1,17.0,0,1,0,0,1.0
Browse,Ranking Keywords,No top-10 ranking keywords,https://www.chewy.com/b/caskets-166254,True,"Prioritize content, metadata, linking, and relevance improvements for this template cohort.",0,Dog Caskets - Free shipping | Chewy,35,Shop Chewy for low prices and the best Caskets products! We carry a large selection and the top brands like American Journey and more. Find everything you need in one place. FREE shipping on orders $49+ and the BEST customer service!,233,dog caskets,Dog Caskets,1,caskets,True,False,False,False,True,False,False,False,7,327,5,,,,,,,3,2,18.33,0,3,0,0,4.0
Browse,Ranking Keywords,No top-10 ranking keywords,https://www.chewy.com/b/finch-feeders-139982,True,"Prioritize content, metadata, linking, and relevance improvements for this template cohort.",0,Finch Bird Feeders - Finch Bird Houses | Chewy,46,"Shop Chewy for low prices and the best Finch Feeders & Houses! We carry a large selection and the top brands like Brown's, C&S, and more. Find everything you need in one place. FREE shipping on orders $49+ and the BEST customer service!",236,zebra finch feeder,Finch Bird Feeders,1,finch-feeders,True,True,False,False,True,False,False,True,42,320,2,,,,,,,4,4,23.25,0,1,3,0,1.0
Browse,Ranking Keywords,No top-10 ranking keywords,https://www.chewy.com/b/horse-liniments-10438,True,"Prioritize content, metadata, linking, and relevance improvements for this template cohort.",0,Horse Liniment | Chewy,22,"Shop Chewy for low prices and the best Liniments products! We carry a large selection and the top brands like Absorbine, UltraCruz, and more. Find everything you need in one place. FREE shipping on orders $49+ and the BEST customer service!",240,horse liniments,Horse Liniments,1,horse-liniments,True,True,False,False,True,False,False,True,121,357,2,,,,,,,3,3,23.0,0,1,1,1,4.0
Browse,Ranking Keywords,No top-10 ranking keywords,https://www.chewy.com/b/dog-8431,True,"Prioritize content, metadata, linking, and relevance improvements for this template cohort.",0,Halloween Dog Toys - Free shipping | Chewy,42,"Shop Chewy for low prices and the best Dog products! We carry a large selection and the top brands like Frisco, Bow-Wow Pet, and more. Find everything you need in one place. FREE shipping on orders $49+ and the BEST customer service!",233,pumpkin dog toys,Halloween Dog Toys,1,dog,True,True,False,False,True,False,False,False,11,350,5,,,,,,,2,2,20.0,0,1,1,0,2.0
Browse,Ranking Keywords,No top-10 ranking keywords,https://www.chewy.com/b/grooming-first-aid-insect-control-12730,True,"Prioritize content, metadata, linking, and relevance improvements for this template cohort.",0,Cattle Grooming Supplies | Chewy,32,"Shop Chewy for low prices and the best Cattle Show & Grooming Supplies! We carry a large selection and the top brands like Sullivan Supply, Weaver Livestock, and more. Find everything you need in one place. FREE shipping on orders $49+ and the BEST customer service!",266,cattle grooming supplies,Cattle Grooming Supplies,1,grooming-first-aid-insect-control,True,True,False,False,True,False,False,False,21,352,2,,,,,,,3,3,22.33,0,1,2,0,1.0
Browse,Ranking Keywords,No top-10 ranking keywords,https://www.chewy.com/b/peanuts-for-birds-140950,True,"Prioritize content, metadata, linking, and relevance improvements for this template cohort.",0,"Peanuts for Birds - Shelled, Unshelled and More | Chewy",55,"Shop Chewy for low prices and the best Peanuts products! We carry a large selection and the top brands like Trailmark Naturals, Old Potters Co., and more. Find everything you need in one place. FREE shipping on orders $49+ and the BEST customer service!",253,peanuts for birds,Peanuts For Birds,1,peanuts-for-birds,True,True,False,False,True,False,False,True,128,351,2,,,,,,,2,2,21.0,0,1,1,0,6.0
Browse,Ranking Keywords,No top-10 ranking keywords,https://www.chewy.com/b/horse-coat-supplements-158094,True,"Prioritize content, metadata, linking, and relevance improvements for this template cohort.",0,Horse Coat Supplements | Chewy,30,"Shop Chewy for low prices and the best Coat Color! We carry a large selection and the top brands like Farnam, Grand Meadows, and more. Find everything you need in one place. FREE shipping on orders $49+ and the BEST customer service!",233,horse skin and coat supplements,Horse Coat Supplements,1,horse-coat-supplements,False,False,False,False,True,False,False,False,10,317,3,,,,,,,2,2,18.0,0,1,0,1,1.0
Browse,Ranking Keywords,No top-10 ranking keywords,https://www.chewy.com/b/sugar-glider-food-987,True,"Prioritize content, metadata, linking, and relevance improvements for this template cohort.",0,Sugar Glider Food | Chewy,25,"Shop Chewy for low prices and a wide selection of the best sugar glider food & treats. We carry top-rated brands like Vitakraft, Marshall and Peter's that will keep your sugar glider happy and healthy. *FREE* shipping on orders $49+ and the BEST customer service!",263,sugar glider food,Sugar Glider Food,1,sugar-glider-food,True,True,False,False,True,False,False,True,27,358,3,,,,,,,3,3,22.67,0,1,2,0,1.0
Browse,Ranking Keywords,No top-10 ranking keywords,https://www.chewy.com/b/dietary-supplements-for-dogs-1569,True,"Prioritize content, metadata, linking, and relevance improvements for this template cohort.",0,Dog Nutrition Supplements: Best Brands & Prices (Free Shipping) | Chewy,71,"Shop Chewy for low prices on nutritional supplements for dogs. We carry a wide selection of dog nutrition products for puppies up to senior dogs to help with energy, joints, appetite stimulation, immune support, coat health and more. *FREE* shipping on orders $49+ and the BEST customer service!",295,supplements for dogs,Dietary Supplements For Dogs,1,dietary-supplements-for-dogs,True,True,False,False,True,False,False,True,636,367,2,,,,,,,1,1,18.0,0,1,0,0,1.0
Browse,Ranking Keywords,No top-10 ranking keywords,https://www.chewy.com/b/aquarium-gravel-and-sand-2252,True,"Prioritize content, metadata, linking, and relevance improvements for this template cohort.",0,Aquarium & Fish Tank Substrate | Chewy,38,"Shop Chewy for low prices on the best aquarium gravel, sand and pebbles. We carry a wide selection of gravel, sand and pebbles for fish tanks that come in a variety of colors and sizes. *FREE* shipping on orders $49+ and the BEST customer service!",247,tropical fish tank substrate,Aquarium & Fish Tank Substrate,1,aquarium-gravel-and-sand,True,True,False,False,True,False,False,True,450,371,2,good,1750.0,good,0.03,,,5,5,29.5,0,0,2,3,4.0
Browse,Ranking Keywords,No top-10 ranking keywords,https://www.chewy.com/b/bird-swings-3916878,True,"Prioritize content, metadata, linking, and relevance improvements for this template cohort.",0,Bird Swings | Chewy,19,"Shop Chewy for low prices and the best Bird Swings! We carry a large selection and the top brands like Polly's Pet Products, Penn-Plax, and more. Find everything you need in one place. FREE shipping on orders $49+ and the BEST customer service!",244,bird swings,Bird Swings,1,bird-swings,True,True,False,False,True,False,False,False,110,324,2,,,,,,,2,2,18.5,0,2,0,0,1.0
Browse,Ranking Keywords,No top-10 ranking keywords,https://www.chewy.com/b/pet-memorial-stones-15478,True,"Prioritize content, metadata, linking, and relevance improvements for this template cohort.",0,Pet Memorial Stones - Free shipping | Chewy,43,"Shop Chewy for low prices and the best Stones products! We carry a large selection and the top brands like Kay Berry, Frisco, and more. Find everything you need in one place. FREE shipping on orders $49+ and the BEST customer service!",234,pet memorial stones,Pet Memorial Stones,1,pet-memorial-stones,True,True,False,False,True,False,False,True,8,330,4,,,,,,,6,6,21.4,0,3,2,1,10.0
Browse,Ranking Keywords,No top-10 ranking keywords,https://www.chewy.com/b/chicken-vitamins-and-supplements-128910,True,"Prioritize content, metadata, linking, and relevance improvements for this template cohort.",0,Chicken Vitamins & Supplements | Chewy,38,"Shop Chewy for low prices and the best Vitamins & Supplements! We carry a large selection and the top brands like Durvet, Hatching Time, and more. Find everything you need in one place. FREE shipping on orders $49+ and the BEST customer service!",245,chicken vitamins,Chicken & Poultry Vitamins & Supplements,1,chicken-vitamins-and-supplements,True,True,False,False,True,False,False,True,64,352,2,,,,,,,7,4,20.75,0,1,3,3,2.0
Browse,Ranking Keywords,No top-10 ranking keywords,https://www.chewy.com/b/fly-deterrant-supplements-164430,True,"Prioritize content, metadata, linking, and relevance improvements for this template cohort.",0,Garlic For Horse Fly Control | Chewy,36,"Shop Chewy for low prices and the best Fly Deterrant Supplements! We carry a large selection and the top brands like The Natural Vet, UltraCruz, and more. Find everything you need in one place. FREE shipping on orders $49+ and the BEST customer service!",253,horse fly deterrent supplement and horse dewormers,Horse Fly Deterrent Supplements,1,fly-deterrant-supplements,True,True,False,False,True,False,False,False,11,319,3,,,,,,,1,1,,0,0,0,1,1.0
Browse,Ranking Keywords,No top-10 ranking keywords,https://www.chewy.com/b/aquarium-and-fish-tank-water-care-906,True,"Prioritize content, metadata, linking, and relevance improvements for this template cohort.",0,Aquarium & Fish Tank Maintenance | Chewy,40,"Shop Chewy for low prices and the best fish water care! We have pH treatments, algaecides, plant care, water test kits and more. Aquarium water conditioners will help ensure that your fish can breathe properly, that the water stays at the right temperature, and that their surrounding ecosystem is balanced. *FREE* shipping on orders $49+ and the BEST customer service!",369,freshwater aquarium water care,Aquarium & Fish Tank Water Care,1,aquarium-and-fish-tank-water-care,True,True,False,False,True,False,False,True,728,367,2,,,,,,,3,3,18.0,0,1,0,2,1.0
Browse,Ranking Keywords,No top-10 ranking keywords,https://www.chewy.com/b/fish-pond-pumps-13943,True,"Prioritize content, metadata, linking, and relevance improvements for this template cohort.",0,Pond Pump | Chewy,17,"Shop Chewy for low prices and the best Filters & Pumps! We carry a large selection and the top brands like Lifegard, Tetra, and more. Find everything you need in one place. FREE shipping on orders $49+ and the BEST customer service!",232,fish pond pumps,Fish Pond Pumps,1,fish-pond-pumps,False,False,False,False,True,False,False,True,4,357,3,,,,,,,4,4,18.0,0,1,0,3,
Browse,Ranking Keywords,No top-10 ranking keywords,https://www.chewy.com/b/horse-metabolic-support-supplements-for-pituitary-support-158294,True,"Prioritize content, metadata, linking, and relevance improvements for this template cohort.",0,Horse Metabolic Support Supplements for Pituitary Support - Free shipping | Chewy,81,Shop Chewy for low prices and the best Pituitary Support! We carry a large selection and the top brands like SmartPak and more. Find everything you need in one place. FREE shipping on orders $49+ and the BEST customer service!,226,horse metabolic support supplements for pituitary support,Horse Metabolic Support Supplements for Pituitary Support,1,horse-metabolic-support-supplements-for-pituitary-support,True,True,False,False,True,False,False,False,5,315,3,,,,,,,1,1,18.0,0,1,0,0,1.0
Browse,Ranking Keywords,No top-10 ranking keywords,https://www.chewy.com/b/horse-metabolic-support-supplements-for-lamina-health-158086,True,"Prioritize content, metadata, linking, and relevance improvements for this template cohort.",0,Horse Metabolic Support Supplements For Lamina Health | Chewy,61,"Shop Chewy for low prices and the best Lamina Health! We carry a large selection and the top brands like AniMed, Med-Vet Pharmaceuticals (MVP), and more. Find everything you need in one place. FREE shipping on orders $49+ and the BEST customer service!",252,horse metabolic support supplements for lamina health,Horse Lamina Health Supplements,1,horse-metabolic-support-supplements-for-lamina-health,True,True,False,False,True,False,False,False,3,317,3,,,,,,,1,1,18.0,0,1,0,0,1.0
Browse,Ranking Keywords,No top-10 ranking keywords,https://www.chewy.com/b/showers-166126,True,"Prioritize content, metadata, linking, and relevance improvements for this template cohort.",0,Dog Showers - Free shipping | Chewy,35,"Shop Chewy for low prices and the best Showers products! We carry a large selection and the top brands like Petajoy, Wondurdog, and more. Find everything you need in one place. FREE shipping on orders $49+ and the BEST customer service!",236,dog shower,Dog Showers,1,showers,True,True,False,False,True,False,False,False,19,331,3,,,,,,,1,1,18.0,0,1,0,0,1.0
Browse,Ranking Keywords,No top-10 ranking keywords,https://www.chewy.com/b/polo-wraps-170830,True,"Prioritize content, metadata, linking, and relevance improvements for this template cohort.",0,Polo Wraps | Chewy,18,"Shop Chewy for low prices and the best Polo Wraps! We carry a large selection and the top brands like Lettia, Tough1, and more. Find everything you need in one place. FREE shipping on orders $49+ and the BEST customer service!",226,polo wraps,Polo Wraps,1,polo-wraps,True,True,False,False,True,False,False,False,31,329,3,,,,,,,1,1,18.0,0,1,0,0,1.0
Browse,Ranking Keywords,No top-10 ranking keywords,https://www.chewy.com/b/flea-and-tick-yard-treatments-10479,True,"Prioritize content, metadata, linking, and relevance improvements for this template cohort.",0,Dog Safe Flea Treatments for Yard: Best Brands (Free Shipping) | Chewy,70,"Shop Chewy for the best dog flea treatments for your yard. We carry flea and tick sprays, concentrates & foggers to treat and prevent pest infestations in your yard - all safe for dogs and pups. FREE shipping on orders $49+ and the BEST customer service!",254,flea yard treatment,Flea & Tick Yard Treatments (Dog Safe),1,flea-and-tick-yard-treatments,True,True,False,False,True,False,False,True,38,351,3,,,,,,,12,12,25.0,0,1,7,4,10.0
Browse,Ranking Keywords,No top-10 ranking keywords,https://www.chewy.com/b/pet-allergy-itch-relief-16386,True,"Prioritize content, metadata, linking, and relevance improvements for this template cohort.",0,Pet Allergy & Itch Relief - Free shipping | Chewy,49,"Shop Chewy for low prices and the best Pet Allergy & Itch Relief! We carry a large selection and the top brands like Prednisolone Compounded, Healthy Breeds, and more. Find everything you need in one place. FREE shipping on orders $49+ and the BEST customer service!",266,dog itch relief,Pet Allergy & Itch Relief,1,pet-allergy-itch-relief,True,True,False,False,True,False,False,False,65,345,2,,,,,,,2,2,21.5,0,1,1,0,2.0
Browse,Ranking Keywords,No top-10 ranking keywords,https://www.chewy.com/b/pigeon-food-141862,True,"Prioritize content, metadata, linking, and relevance improvements for this template cohort.",0,Pigeon Food | Chewy,19,"Shop Chewy for low prices and the best Pigeon Food! We carry a large selection and the top brands like Brown's, Versele-Laga, and more. Find everything you need in one place. FREE shipping on orders $49+ and the BEST customer service!",234,pigeon feed,Pigeon Food,1,pigeon-food,True,True,False,False,True,False,False,True,56,346,2,,,,,,,4,4,20.0,0,1,1,2,2.0
Browse,Ranking Keywords,No top-10 ranking keywords,https://www.chewy.com/b/thanksgiving-2783,True,"Prioritize content, metadata, linking, and relevance improvements for this template cohort.",0,"Thanksgiving Pet Products: Food, Costumes, Treats - Free Ship | Chewy",69,"Shop Chewy for low prices on Thanksgiving pet products. We carry a wide selection of Thanksgiving pet products like Thanksgiving dog and cat food, treats, costumes and more to help your pet get into the Thanksgiving spirit. *FREE* shipping on orders $49+ and the BEST customer service!",285,thanksgiving dog costume,Thanksgiving Shop,1,thanksgiving,True,True,False,False,True,False,False,False,16,349,6,,,,,,,1,1,18.0,0,1,0,0,1.0
Browse,Ranking Keywords,No top-10 ranking keywords,https://www.chewy.com/b/dog-jackets-2489,True,"Prioritize content, metadata, linking, and relevance improvements for this template cohort.",0,"Dog Jackets: Lightweight, Fashionable & Warm (Free Shipping) | Chewy",68,"Shop Chewy for the best dog jackets! No matter what your dog’s personal style may be, we’re sure you’ll find just the right fit when you search Chewy. From practical to seasonal to trendy, we have you covered with a wide selection of dog jackets. *FREE* shipping on orders $49+ and the BEST customer service!",308,dog coats,Dog Jackets,1,dog-jackets,True,True,False,False,True,False,False,True,156,354,3,,,,,,,3,3,21.67,0,2,1,0,1.0
Browse,Ranking Keywords,No top-10 ranking keywords,https://www.chewy.com/b/chick-brooders-120486,True,"Prioritize content, metadata, linking, and relevance improvements for this template cohort.",0,Chick Brooders | Chewy,22,"Shop Chewy for low prices and the best Chick Brooders & Accessories! We carry a large selection and the top brands like Hatching Time, Brinsea, and more. Find everything you need in one place. FREE shipping on orders $49+ and the BEST customer service!",252,chick brooders,Chick Brooders & Accessories,1,chick-brooders,True,True,False,False,True,False,False,True,143,344,2,,,,,,,2,2,23.5,0,1,1,0,3.0
Browse,Ranking Keywords,No top-10 ranking keywords,https://www.chewy.com/b/aquarium-and-fish-tank-plant-fertilizers-909,True,"Prioritize content, metadata, linking, and relevance improvements for this template cohort.",0,Aquarium & Fish Tank Plant Fertilizer | Chewy,45,"Shop Chewy for low prices on the best aquarium plant care products. We carry a wide variety of aquarium plant care products like fertilizer, plant food, supplements and more from top brands. *FREE* shipping on orders $49+ and the BEST customer service!",252,aquarium plant fertilizer and care,Aquarium & Fish Tank Plant Fertilizers,1,aquarium-and-fish-tank-plant-fertilizers,True,True,False,False,True,False,False,True,166,355,2,,,,,,,4,4,24.5,0,2,2,0,1.0
Browse,Ranking Keywords,No top-10 ranking keywords,https://www.chewy.com/b/deer-feed-139638,True,"Prioritize content, metadata, linking, and relevance improvements for this template cohort.",0,Deer Feed | Chewy,17,"Shop Chewy for low prices and the best Deer products! We carry a large selection and the top brands like Andover Healthcare, Tough1, and more. Find everything you need in one place. FREE shipping on orders $49+ and the BEST customer service!",241,deer feed treats and supplies,Deer Feed,1,deer-feed,True,True,False,False,True,False,False,True,66,339,2,,,,,,,1,1,19.0,0,1,0,0,4.0
Browse,Ranking Keywords,No top-10 ranking keywords,https://www.chewy.com/b/reptile-light-fixtures-1748,True,"Prioritize content, metadata, linking, and relevance improvements for this template cohort.",0,Reptile Light Fixtures | Chewy,30,"Shop Chewy for low prices and the best Light Fixtures! We carry a large selection and the top brands like Arcadia Reptile, Zoo Med, and more. Find everything you need in one place. FREE shipping on orders $49+ and the BEST customer service!",240,reptile light fixtures,Reptile Light Fixtures,1,reptile-light-fixtures,True,True,False,False,True,False,False,True,46,356,2,,,,,,,5,5,20.67,0,1,2,2,1.0
Browse,Ranking Keywords,No top-10 ranking keywords,https://www.chewy.com/b/saltwater-aquarium-and-fish-tanks-116062,True,"Prioritize content, metadata, linking, and relevance improvements for this template cohort.",0,Saltwater Aquariums & Fish Tanks | Chewy,40,"Shop Chewy for low prices and the best Saltwater Fish Tanks & Aquarium Kits! We carry a large selection and the top brands like Lifegard, Aquatop, and more. Find everything you need in one place. FREE shipping on orders $49+ and the BEST customer service!",255,saltwater fish tanks,Saltwater Fish Tanks,1,saltwater-aquarium-and-fish-tanks,False,False,False,False,True,False,False,True,43,351,2,,,,,,,5,5,25.0,0,1,3,1,
Browse,Ranking Keywords,No top-10 ranking keywords,https://www.chewy.com/b/small-animal-hay-feeders-3405350,True,"Prioritize content, metadata, linking, and relevance improvements for this template cohort.",0,Small Animal Hay Feeders - Free shipping | Chewy,48,"Shop Chewy for low prices and the best Hay Feeders! We carry a large selection and the top brands like CuteNfuzzy, Kaytee, and more. Find everything you need in one place. FREE shipping on orders $49+ and the BEST customer service!",231,small animal hay,Small Animal Hay Feeders,1,small-animal-hay-feeders,True,True,False,False,True,False,False,False,3,322,3,,,,,,,2,2,19.0,0,2,0,0,1.0
Browse,Ranking Keywords,No top-10 ranking keywords,https://www.chewy.com/b/cardinal-bird-house-and-feeders-139950,True,"Prioritize content, metadata, linking, and relevance improvements for this template cohort.",0,Cardinal Bird Feeder - Cardinal Bird Houses | Chewy,51,"Shop Chewy for low prices and the best Cardinal Feeders & Houses! We carry a large selection and the top brands like Kingsyard, Birdfy, and more. Find everything you need in one place. FREE shipping on orders $49+ and the BEST customer service!",244,cardinal bird feeders,Cardinal Bird House & Feeders,1,cardinal-bird-house-and-feeders,True,True,False,False,True,False,False,True,10,352,3,,,,,,,6,4,21.33,0,5,1,0,1.0
Browse,Ranking Keywords,No top-10 ranking keywords,https://www.chewy.com/b/horse-riding-clothes-and-apparel-10762,True,"Prioritize content, metadata, linking, and relevance improvements for this template cohort.",0,Equestrian Clothing | Chewy,27,"Shop Chewy for low prices and the best Riding Gear! We carry a large selection and the top brands like TuffRider, Equinavia, and more. Find everything you need in one place. FREE shipping on orders $49+ and the BEST customer service!",233,horse riding gear,Horse Riding Clothes & Apparel,1,horse-riding-clothes-and-apparel,True,True,False,False,True,False,False,True,3618,361,2,,,,,,,1,1,,0,0,0,1,1.0
Browse,Ranking Keywords,No top-10 ranking keywords,https://www.chewy.com/b/freeze-dried-raw-cat-food-8436,True,"Prioritize content, metadata, linking, and relevance improvements for this template cohort.",0,Freeze-Dried Raw Cat Food - Low Prices (Free Shipping) | Chewy,62,"Shop Chewy for low prices and the best Freeze-Dried Food! We carry a large selection and the top brands like Vital Essentials, Stella & Chewy's, and more. Find everything you need in one place. FREE shipping on orders $49+ and the BEST customer service!",253,freeze-dried raw cat food on sale,Freeze-Dried Raw Cat Food,1,freeze-dried-raw-cat-food,True,True,False,False,True,False,False,True,56,353,3,,,,,,,3,3,20.0,0,1,1,1,1.0
Browse,Ranking Keywords,No top-10 ranking keywords,https://www.chewy.com/b/glucose-monitors-test-strips-165582,True,"Prioritize content, metadata, linking, and relevance improvements for this template cohort.",0,Glucose Monitors & Strips For Cats With Diabetes - Free shipping | Chewy,72,"Shop Chewy for low prices and the best Glucose Monitors & Test Strips! We carry a large selection and the top brands like PetTest, AlphaTRAK, and more. Find everything you need in one place. FREE shipping on orders $49+ and the BEST customer service!",250,cat blood glucose monitoring,Glucose Monitors & Strips For Cats With Diabetes,1,glucose-monitors-test-strips,True,True,False,False,True,False,False,False,3,330,2,,,,,,,1,1,19.0,0,1,0,0,10.0
Browse,Ranking Keywords,No top-10 ranking keywords,https://www.chewy.com/b/cat-litter-deodorizer-430,False,"Prioritize content, metadata, linking, and relevance improvements for this template cohort.",0,,,,,best deodorizing cat litter,,,,,,,,,,,,,,,,,,,,,4,4,,0,0,0,4,
Browse,Ranking Keywords,No top-10 ranking keywords,https://www.chewy.com/b/chicken-egg-incubator-120502,True,"Prioritize content, metadata, linking, and relevance improvements for this template cohort.",0,Chicken Egg Incubator | Chewy,29,"Shop Chewy for low prices and the best Egg Incubators & Heat Pads! We carry a large selection and the top brands like Hatching Time, Brinsea, and more. Find everything you need in one place. FREE shipping on orders $49+ and the BEST customer service!",250,chicken egg incubator,Chicken & Poultry Egg Incubators,1,chicken-egg-incubator,True,True,False,False,True,False,False,True,22,352,2,,,,,,,3,3,22.33,0,1,2,0,3.0
Browse,Ranking Keywords,No top-10 ranking keywords,https://www.chewy.com/b/paddock-boots-13126,True,"Prioritize content, metadata, linking, and relevance improvements for this template cohort.",0,Paddock Boots | Chewy,21,"Shop Chewy for low prices and the best Paddock Boots! We carry a large selection and the top brands like Dublin, TuffRider, and more. Find everything you need in one place. FREE shipping on orders $49+ and the BEST customer service!",232,paddock boots,Paddock Boots,1,paddock-boots,True,True,False,False,True,False,False,True,25,337,4,,,,,,,3,3,20.0,0,1,0,2,1.0
Browse,Ranking Keywords,No top-10 ranking keywords,https://www.chewy.com/b/clothing-159254,True,"Prioritize content, metadata, linking, and relevance improvements for this template cohort.",0,Clothing for Pet Parents - Free shipping | Chewy,48,"Shop Chewy for low prices and the best Clothing products! We carry a large selection and the top brands like Hoop Dogs, E&S PETS, and more. Find everything you need in one place. FREE shipping on orders $49+ and the BEST customer service!",238,shirts for pet parents,Clothing for Pet Parents,1,clothing,True,True,False,False,True,False,False,False,2568,346,4,,,,,,,1,1,20.0,0,1,0,0,1.0
Browse,Ranking Keywords,No top-10 ranking keywords,https://www.chewy.com/b/chicken-pest-control-128926,True,"Prioritize content, metadata, linking, and relevance improvements for this template cohort.",0,Chicken Pest Control | Chewy,28,"Shop Chewy for low prices and the best Pest Control! We carry a large selection and the top brands like Pampered Chicken Mama, UltraCruz, and more. Find everything you need in one place. FREE shipping on orders $49+ and the BEST customer service!",246,chicken pest control,Chicken & Poultry Pest Control,1,chicken-pest-control,True,True,False,False,True,False,False,True,23,331,2,,,,,,,2,2,23.0,0,1,1,0,2.0
Browse,Ranking Keywords,No top-10 ranking keywords,https://www.chewy.com/b/peanut-butter-dog-biscuits-11851,True,"Prioritize content, metadata, linking, and relevance improvements for this template cohort.",0,Peanut Butter Dog Biscuits and Treats | Chewy,45,"Shop Peanut Butter Dog Biscuits at Chewy and discover high quality, delicious tasting peanut butter dog biscuit recipes from top brands with ingredients like pumpkin and banana. Get free shipping on $49+!",204,peanut butter biscuits and crunchy treats for dogs,Peanut Butter Dog Biscuits,1,peanut-butter-dog-biscuits,True,True,False,False,True,False,False,True,236,358,2,,,,,,,1,1,20.0,0,1,0,0,1.0
Browse,Ranking Keywords,No top-10 ranking keywords,https://www.chewy.com/b/smart-bird-feeder-with-camera-141782,True,"Prioritize content, metadata, linking, and relevance improvements for this template cohort.",0,Bird Feeder with Camera - Smart Bird Feeder | Chewy,51,"Shop Chewy for low prices and the best Smart Feeder! We carry a large selection and the top brands like Birdfy, PerchMe, and more. Find everything you need in one place. FREE shipping on orders $49+ and the BEST customer service!",229,smart bird feeder with camera,Smart Bird Feeder With Camera,1,smart-bird-feeder-with-camera,True,True,False,False,True,False,False,True,182,350,2,,,,,,,3,2,20.5,0,1,1,1,6.0
Browse,Ranking Keywords,No top-10 ranking keywords,https://www.chewy.com/b/mesh-and-thistle-bird-feeder-11866,True,"Prioritize content, metadata, linking, and relevance improvements for this template cohort.",0,Thistle Bird Feeders - Mesh Feeders | Chewy,43,"Shop Chewy for low prices and the best Thistle & Mesh! We carry a large selection and the top brands like Birds Choice, C&S, and more. Find everything you need in one place. FREE shipping on orders $49+ and the BEST customer service!",233,mesh bird feeder,Thistle Bird Feeders,1,mesh-and-thistle-bird-feeder,True,True,False,False,True,False,False,True,151,325,2,,,,,,,6,6,24.83,0,1,5,0,3.0
Browse,Ranking Keywords,No top-10 ranking keywords,https://www.chewy.com/b/cat-ear-cleaners-421,True,"Prioritize content, metadata, linking, and relevance improvements for this template cohort.",0,Best Cat Ear Care Products: Low Prices (Free Shipping) | Chewy,62,"Shop Chewy for the best cat ear care products! We carry a large selection of products for every cat ear of shape and size. Whether you're looking for a liquid solution for wax build up, deal with cat mites, or wipes for a quick clean, we make cat ear care easy at Chewy.com. *FREE* shipping on orders $49+ and the BEST customer service!",336,cat ear cleaners,Cat Ear Cleaners,1,cat-ear-cleaners,True,True,False,False,True,False,False,True,154,359,2,,,,,,,2,2,,0,0,0,2,2.0
Browse,Ranking Keywords,No top-10 ranking keywords,https://www.chewy.com/b/betta-fish-food-891,True,"Prioritize content, metadata, linking, and relevance improvements for this template cohort.",0,Betta Fish Food | Chewy,23,"Shop Chewy for low prices and the best betta fish food! Since betta fish are carnivores, you need food for them made primarily from fish or other meat. We carry a wide selection of pellets, freeze dried blood worms, flakes and more to satisfy their cravings for meat. *FREE* shipping on orders $49+ and the BEST customer service!",329,betta fish food,Betta Fish Food,1,betta-fish-food,True,True,False,False,True,False,False,True,33,345,2,,,,,,,7,6,22.57,0,2,5,0,2.0
Browse,Ranking Keywords,No top-10 ranking keywords,https://www.chewy.com/b/woodpecker-feeders-139974,True,"Prioritize content, metadata, linking, and relevance improvements for this template cohort.",0,Woodpecker Feeders - Woodpecker Houses | Chewy,46,"Shop Chewy for low prices and the best Woodpecker Feeders & Houses! We carry a large selection and the top brands like North States, Birdfy, and more. Find everything you need in one place. FREE shipping on orders $49+ and the BEST customer service!",249,woodpecker cage,Woodpecker Feeders,1,woodpecker-feeders,True,True,False,False,True,False,False,True,6,344,3,,,,,,,1,1,20.0,0,1,0,0,1.0
Browse,Ranking Keywords,No top-10 ranking keywords,https://www.chewy.com/b/horse-halters-11441,True,"Prioritize content, metadata, linking, and relevance improvements for this template cohort.",0,Horse Halter | Chewy,20,"Shop Chewy for low prices and the best Halters products! We carry a large selection and the top brands like Weaver Equine, Perri's Leather, and more. Find everything you need in one place. FREE shipping on orders $49+ and the BEST customer service!",248,horse halters,Horse Halters,1,horse-halters,True,True,False,False,True,False,False,True,746,357,3,,,,,,,1,1,21.0,0,0,1,0,1.0
Browse,Ranking Keywords,No top-10 ranking keywords,https://www.chewy.com/b/conditioners-129286,True,"Prioritize content, metadata, linking, and relevance improvements for this template cohort.",0,Hoof Conditioner | Chewy,24,"Shop Chewy for low prices and the best Conditioners products! We carry a large selection and the top brands like Absorbine, Leovet, and more. Find everything you need in one place. FREE shipping on orders $49+ and the BEST customer service!",240,hoof conditioners,Hoof Conditioners,1,conditioners,False,True,False,False,True,False,False,False,20,337,3,,,,,,,1,1,21.0,0,0,1,0,1.0
Browse,Ranking Keywords,No top-10 ranking keywords,https://www.chewy.com/b/cattle-feed-9889,True,"Prioritize content, metadata, linking, and relevance improvements for this template cohort.",0,Cattle Feed | Chewy,19,"Shop Chewy for low prices and the best Feed products! We carry a large selection and the top brands like LIFELINE, Formula of Champions, and more. Find everything you need in one place. FREE shipping on orders $49+ and the BEST customer service!",245,cattle feed,Cattle Feed,1,cattle-feed,True,True,False,False,True,False,False,True,21,351,2,,,,,,,5,5,21.75,0,0,4,1,2.0
Browse,Ranking Keywords,No top-10 ranking keywords,https://www.chewy.com/b/pet-parents-11762,True,"Prioritize content, metadata, linking, and relevance improvements for this template cohort.",0,Custom Pet Gifts: Personalized Pet Gifts for Owners (Free Shipping) | Chewy,75,"Shop Chewy for low prices and the best Pet Parents! We carry a large selection and the top brands like ISlide, PGS, and more. Find everything you need in one place. FREE shipping on orders $49+ and the BEST customer service!",224,personalized pet gifts for owners,Personalized Pet Gifts for Owners,1,pet-parents,True,True,False,False,True,False,False,False,87,357,4,,,,,,,1,1,21.0,0,0,1,0,1.0
Browse,Ranking Keywords,No top-10 ranking keywords,https://www.chewy.com/b/mixers-toppers-for-active-dogs-130238,True,"Prioritize content, metadata, linking, and relevance improvements for this template cohort.",0,Mixers & Toppers for Active Dogs - Free shipping | Chewy,56,"Shop Chewy for low prices and the best Mixers & Toppers for Active Dogs! We carry a large selection and the top brands like Wellness, Furvor, and more. Find everything you need in one place. FREE shipping on orders $49+ and the BEST customer service!",250,mixers and toppers for active dogs,Mixers & Toppers for Active Dogs,1,mixers-toppers-for-active-dogs,True,True,False,False,True,False,False,False,34,345,6,,,,,,,1,1,,0,0,0,1,1.0
Browse,Ranking Keywords,No top-10 ranking keywords,https://www.chewy.com/b/chick-starter-feed-128950,True,"Prioritize content, metadata, linking, and relevance improvements for this template cohort.",0,Chick Starter Feed | Chewy,26,"Shop Chewy for low prices and the best Chick Feed! We carry a large selection and the top brands like Kalmbach Feeds, Purina Animal Nutrition, and more. Find everything you need in one place. FREE shipping on orders $49+ and the BEST customer service!",251,chick starter feed,Chick Starter Feed,1,chick-starter-feed,True,True,False,False,True,False,False,True,318253,349,1,,,,,,,4,4,23.5,0,0,2,2,1.0
Browse,Ranking Keywords,No top-10 ranking keywords,https://www.chewy.com/b/pajamas-11509,False,"Prioritize content, metadata, linking, and relevance improvements for this template cohort.",0,,,,,halloween cat pajamas,,,,,,,,,,,,,,,,,,,,,1,1,,0,0,0,1,
Browse,Ranking Keywords,No top-10 ranking keywords,https://www.chewy.com/b/ceramic-heaters-124622,True,"Prioritize content, metadata, linking, and relevance improvements for this template cohort.",0,Ceramic Heat Emitters for Reptiles - Free shipping | Chewy,58,"Shop Chewy for low prices and the best Ceramic Heaters! We carry a large selection and the top brands like Arcadia Reptile, Zoo Med, and more. Find everything you need in one place. FREE shipping on orders $49+ and the BEST customer service!",241,ceramic reptile heaters,Ceramic Heat Emitters for Reptiles,1,ceramic-heaters,True,True,False,False,True,False,False,False,55,321,2,,,,,,,1,1,21.0,0,0,1,0,1.0
Browse,Ranking Keywords,No top-10 ranking keywords,https://www.chewy.com/b/personalized-gifts-for-cats-130430,True,"Prioritize content, metadata, linking, and relevance improvements for this template cohort.",0,Personalized Gifts for Cats - Free shipping | Chewy,51,"Shop Chewy for low prices and the best Personalized Gifts for Cats! We carry a large selection and the top brands like ISlide, Pet Gifts USA, and more. Find everything you need in one place. FREE shipping on orders $49+ and the BEST customer service!",250,cat photo gifts,Personalized Gifts for Cats,1,personalized-gifts-for-cats,True,True,False,False,True,False,False,False,12,342,6,,,,,,,1,1,21.0,0,0,1,0,1.0
Browse,Ranking Keywords,No top-10 ranking keywords,https://www.chewy.com/b/treats-2558,True,"Prioritize content, metadata, linking, and relevance improvements for this template cohort.",0,Dog Calming Treats: For Puppies & Adult Dogs (Free Shipping) | Chewy,68,Shop Chewy for low prices on calming treats for dogs. We carry a wide selection of calming treats for dogs that come in different flavors and forms like biscuits and chews to help keep them calm in stressful situations. *FREE* shipping on orders $49+ and the BEST customer service!,281,calming dog treats​,Calming Dog Treats & Chews,1,treats,True,True,False,False,True,False,False,False,140,362,2,,,,,,,2,2,21.0,0,0,2,0,7.0
Browse,Ranking Keywords,No top-10 ranking keywords,https://www.chewy.com/b/itch-relief-for-dogs-15556,True,"Prioritize content, metadata, linking, and relevance improvements for this template cohort.",0,Itch Relief For Dogs - Free shipping | Chewy,44,"Shop Chewy for low prices and the best Itch Relief! We carry a large selection and the top brands like TropiClean, Zymox, and more. Find everything you need in one place. FREE shipping on orders $49+ and the BEST customer service!",230,itch relief for dogs,Itch Relief For Dogs,1,itch-relief-for-dogs,True,True,False,False,True,False,False,False,69,353,3,good,2363.0,good,0.01,,,2,2,23.0,0,0,2,0,7.0
Browse,Ranking Keywords,No top-10 ranking keywords,https://www.chewy.com/b/dog-urns-2611,True,"Prioritize content, metadata, linking, and relevance improvements for this template cohort.",0,Dog Urns – Memorials for Ashes of Your Beloved Dog (Free Shipping) | Chewy,74,"Shop Chewy for low prices and the best Urns products! We carry a large selection and the top brands like A Pet's Life, The Key Chain Urn Company, and more. Find everything you need in one place. FREE shipping on orders $49+ and the BEST customer service!",254,deals on dog urns,Dog Urns,1,dog-urns,True,True,False,False,True,False,False,True,127,340,5,,,,,,,2,2,24.5,0,0,2,0,3.0
Browse,Ranking Keywords,No top-10 ranking keywords,https://www.chewy.com/b/travel-litter-boxes-supplies-157182,True,"Prioritize content, metadata, linking, and relevance improvements for this template cohort.",0,Travel Litter Boxes & Supplies - Free shipping | Chewy,54,"Shop Chewy for low prices and the best Travel Litter Boxes & Supplies! We carry a large selection and the top brands like Covfresh, LAQU, and more. Find everything you need in one place. FREE shipping on orders $49+ and the BEST customer service!",246,travel litter box for cats,Travel Litter Boxes & Supplies,1,travel-litter-boxes-supplies,True,True,False,False,True,False,False,False,44,340,3,,,,,,,1,1,21.0,0,0,1,0,3.0
Browse,Ranking Keywords,No top-10 ranking keywords,https://www.chewy.com/b/crested-gecko-food-141214,True,"Prioritize content, metadata, linking, and relevance improvements for this template cohort.",0,Crested Gecko Food | Chewy,26,"Shop Chewy for low prices and the best Food products! We carry a large selection and the top brands like Fluker's, ABDragons, and more. Find everything you need in one place. FREE shipping on orders $49+ and the BEST customer service!",234,crested gecko food,Crested Gecko Food,1,crested-gecko-food,False,False,False,False,True,False,False,True,4,359,3,,,,,,,3,3,24.5,0,0,2,1,
Browse,Ranking Keywords,No top-10 ranking keywords,https://www.chewy.com/b/gps-activity-100966,True,"Prioritize content, metadata, linking, and relevance improvements for this template cohort.",0,Dog GPS Trackers - Free shipping | Chewy,40,"Shop Chewy for low prices and the best GPS & Activity! We carry a large selection and the top brands like Fi, Pawfit, and more. Find everything you need in one place. FREE shipping on orders $49+ and the BEST customer service!",226,dog gps trackers,Dog GPS Trackers,1,gps-activity,True,True,False,False,True,False,False,False,8,342,5,,,,,,,1,1,22.0,0,0,1,0,3.0
Browse,Ranking Keywords,No top-10 ranking keywords,https://www.chewy.com/b/deodorizers-odor-eliminators-121054,True,"Prioritize content, metadata, linking, and relevance improvements for this template cohort.",0,Deodorizers & Odor Eliminators - Free shipping | Chewy,54,"Shop Chewy for low prices and the best Deodorizers & Odor Eliminators! We carry a large selection and the top brands like Odorcide, NaturVet, and more. Find everything you need in one place. FREE shipping on orders $49+ and the BEST customer service!",250,deodorizers and odor eliminators,Deodorizers & Odor Eliminators,1,deodorizers-odor-eliminators,True,True,False,False,True,False,False,False,19,341,6,,,,,,,1,1,22.0,0,0,1,0,1.0
Browse,Ranking Keywords,No top-10 ranking keywords,https://www.chewy.com/b/tube-bird-feeders-11865,True,"Prioritize content, metadata, linking, and relevance improvements for this template cohort.",0,Tube Bird Feeders - Tube Feeder | Chewy,39,"Shop Chewy for low prices and the best Tube products! We carry a large selection and the top brands like North States, Kingsyard, and more. Find everything you need in one place. FREE shipping on orders $49+ and the BEST customer service!",238,plastic tube finch feeders,Tube Bird Feeders,1,tube-bird-feeders,True,True,False,False,True,False,False,True,100,351,2,,,,,,,1,1,,0,0,0,1,1.0
Browse,Ranking Keywords,No top-10 ranking keywords,https://www.chewy.com/b/horse-lead-ropes-11443,True,"Prioritize content, metadata, linking, and relevance improvements for this template cohort.",0,Horse Lead Rope | Chewy,23,"Shop Chewy for low prices and the best Lead Ropes! We carry a large selection and the top brands like Weaver Equine, Kensington Protective Products, and more. Find everything you need in one place. FREE shipping on orders $49+ and the BEST customer service!",257,horse rope leads,Horse Lead Ropes,1,horse-lead-ropes,True,True,False,False,True,False,False,True,201,352,3,,,,,,,1,1,22.0,0,0,1,0,1.0
Browse,Ranking Keywords,No top-10 ranking keywords,https://www.chewy.com/b/small-animal-hay-11094,True,"Prioritize content, metadata, linking, and relevance improvements for this template cohort.",0,Small Animal Hay | Chewy,24,"Shop Chewy for low prices and the best Hay products! We carry a large selection and the top brands like Rabbit Hole Hay, Oxbow, and more. Find everything you need in one place. FREE shipping on orders $49+ and the BEST customer service!",236,rabbit hay,Small Animal Hay,1,small-animal-hay,False,False,False,False,True,False,False,True,9,366,3,,,,,,,2,2,,0,0,0,2,
Browse,Ranking Keywords,No top-10 ranking keywords,https://www.chewy.com/b/pet-medical-supplies-11578,True,"Prioritize content, metadata, linking, and relevance improvements for this template cohort.",0,Pet Medical Supplies & Equipment: Cat & Dog Medical Supplies | Chewy RX,71,"Shop Chewy Pharmacy for the best prices on Medical Supplies, Devices & Equipment. We have supplies for diabetes, eye infections & more. FREE shipping on $49+ orders!",165,pet medical supplies,Pet Medical Supplies,1,pet-medical-supplies,True,True,False,False,True,False,False,True,33,358,2,,,,,,,2,2,22.5,0,0,2,0,1.0
Browse,Ranking Keywords,No top-10 ranking keywords,https://www.chewy.com/b/spring-essentials-121006,True,"Prioritize content, metadata, linking, and relevance improvements for this template cohort.",0,Spring Essentials - Free shipping | Chewy,41,"Shop Chewy for low prices and the best Spring Essentials! We carry a large selection and the top brands like Frisco, Snoozer Pet Products, and more. Find everything you need in one place. FREE shipping on orders $49+ and the BEST customer service!",247,spring shop for dogs on sale,Spring Essentials,1,spring-essentials,True,True,False,False,True,False,False,False,387,351,4,,,,,,,1,1,22.0,0,0,1,0,1.0
Browse,Ranking Keywords,No top-10 ranking keywords,https://www.chewy.com/b/betta-fish-supplies-and-accessories-115942,True,"Prioritize content, metadata, linking, and relevance improvements for this template cohort.",0,Betta Fish Supplies | Chewy,27,"Shop Chewy for low prices and the best Betta Fish Shop! We carry a large selection and the top brands like Underwater Treasures, API, and more. Find everything you need in one place. FREE shipping on orders $49+ and the BEST customer service!",242,betta fish supplies and accessories,Betta Fish Supplies & Accessories,1,betta-fish-supplies-and-accessories,True,True,False,False,True,False,False,False,427,365,3,,,,,,,1,1,22.0,0,0,1,0,3.0
Browse,Ranking Keywords,No top-10 ranking keywords,https://www.chewy.com/b/aquarium-and-fish-tank-thermometers-166998,True,"Prioritize content, metadata, linking, and relevance improvements for this template cohort.",0,Aquarium & Fish Tank Thermometers | Chewy,41,"Shop Chewy for low prices and the best Aquarium and Fish Tank Thermometers! We carry a large selection and the top brands like Lifegard, Underwater Treasures, and more. Find everything you need in one place. FREE shipping on orders $49+ and the BEST customer service!",267,glass aquarium thermometer,Aquarium & Fish Tank Thermometers,1,aquarium-and-fish-tank-thermometers,True,True,False,False,True,False,False,False,14,335,3,,,,,,,2,2,24.0,0,0,2,0,1.0
Browse,Ranking Keywords,No top-10 ranking keywords,https://www.chewy.com/b/immune-support-medication-for-pets-12239,True,"Prioritize content, metadata, linking, and relevance improvements for this template cohort.",0,Compound Immune Support Medication For Pets - Free shipping | Chewy,67,Shop Chewy for low prices and the best Immune Support! We carry a large selection and the top brands like American Journey and more. Find everything you need in one place. FREE shipping on orders $49+ and the BEST customer service!,231,immune support medication for pets,Compound Immune Support Medication For Pets,1,immune-support-medication-for-pets,True,True,False,False,True,False,False,False,53,337,2,,,,,,,1,1,22.0,0,0,1,0,1.0
Browse,Ranking Keywords,No top-10 ranking keywords,https://www.chewy.com/b/pond-filters-168070,True,"Prioritize content, metadata, linking, and relevance improvements for this template cohort.",0,Pond Filters | Chewy,20,"Shop Chewy for low prices and the best Pond Filters! We carry a large selection and the top brands like Savio, Tetra, and more. Find everything you need in one place. FREE shipping on orders $49+ and the BEST customer service!",226,fish pond filter,Pond Filters,1,pond-filters,True,True,False,False,True,False,False,False,113,347,2,,,,,,,1,1,,0,0,0,1,1.0
Browse,Ranking Keywords,No top-10 ranking keywords,https://www.chewy.com/b/freshwater-fish-supplies-115950,True,"Prioritize content, metadata, linking, and relevance improvements for this template cohort.",0,Freshwater Fish Aquarium & Fish Tank Supplies | Chewy,53,"Shop Chewy for low prices and the best Tropical Freshwater Shop! We carry a large selection and the top brands like Underwater Treasures, Penn-Plax, and more. Find everything you need in one place. FREE shipping on orders $49+ and the BEST customer service!",257,tropical freshwater fish supplies,Tropical Fish Supplies,1,freshwater-fish-supplies,True,True,False,False,True,False,False,True,318253,368,1,,,,,,,1,1,22.0,0,0,1,0,1.0
Browse,Ranking Keywords,No top-10 ranking keywords,https://www.chewy.com/b/horse-antibiotics-11625,True,"Prioritize content, metadata, linking, and relevance improvements for this template cohort.",0,Horse Antibiotics | Chewy,25,"Shop Chewy for low prices and the best Antibiotics products! We carry a large selection and the top brands like Metronidazole Compounded, Doxycycline Compounded, and more. Find everything you need in one place. FREE shipping on orders $49+ and the BEST customer service!",270,horse antibiotics,Horse Antibiotics,1,horse-antibiotics,True,True,False,False,True,False,False,False,318253,349,1,,,,,,,2,2,22.5,0,0,2,0,1.0
