page_type,category,issue,normalized_url,matched_botify,recommendation,evidence_value,title,title_length,meta_description,meta_description_length,main_keyword,h1,h1_count,url_slug,canonical_points_to_self,in_sitemaps,noindex,nofollow,breadcrumb_exists,product_exists,offer_exists,faq_exists,unique_inlinks,unique_outlinks,depth,lcp_status,lcp_value,cls_status,cls_value,inp_status,inp_value,ranking_keyword_rows,distinct_keywords,avg_current_rank,top10_keywords,quick_win_11_20_keywords,striking_distance_21_50_keywords,lost_or_unranked_keywords,botify_audience_keywords_to_90pct
Editorial,Ranking Keywords,No top-10 ranking keywords,https://www.chewy.com/education/cat/general/cat-dog-christmas-sweaters,True,"Prioritize content, metadata, linking, and relevance improvements for this template cohort.",0,10 Cat and Dog Christmas Sweaters We're Loving | Chewy,54,"What is the best way to celebrate the holiday season? By wearing matching cat and dog Christmas sweaters, of course.",116,christmas sweater for cats,10 Matching Christmas Sweaters for Pets and Their Parents,1,cat-dog-christmas-sweaters,True,True,False,False,False,False,False,False,4,321,4,,,,,,,3,3,18.5,0,1,1,1,1.0
Editorial,Ranking Keywords,No top-10 ranking keywords,https://www.chewy.com/education/dog/training-and-behavior/best-puppy-toys,True,"Prioritize content, metadata, linking, and relevance improvements for this template cohort.",0,7 Best Puppy Toys for Your New Dog | Chewy,42,"From plush toys to puzzles, these top-rated puppy toys are the No.1 picks for pet parents who want to bond with their new dog.",126,puppy toys,7 Best Puppy Toys You Need for Your New Dog,1,best-puppy-toys,True,True,False,False,False,False,False,False,9,320,2,,,,,,,2,2,25.0,0,0,1,1,3.0
Editorial,Ranking Keywords,No top-10 ranking keywords,https://www.chewy.com/education/dog/food-and-nutrition/best-natural-dog-treats,True,"Prioritize content, metadata, linking, and relevance improvements for this template cohort.",0,"The Best Natural Dog Treats, According to Chewy Customers | Chewy",65,"Ditch the artificial additives and chemical fillers. These are the best natural dog treats, as rated by Chewy pet parents like you.",131,chewy exclusive soft and chewy dog treats,The Best Natural Dog Treats for a Nutritious Snack,1,best-natural-dog-treats,True,True,False,False,False,False,False,False,7,315,3,,,,,,,2,2,21.5,0,0,2,0,1.0
Editorial,Ranking Keywords,No top-10 ranking keywords,https://www.chewy.com/education/dog/training-and-behavior/clicker-training-for-dogs,True,"Prioritize content, metadata, linking, and relevance improvements for this template cohort.",0,Clicker Training for Dogs 101: Everything You Need To Know | Chewy,66,Using a clicker during dog training is a common positive reinforcement tactic. Get started with our guide to clicker training for dogs.,135,dog training clickers,Clicker Training for Dogs 101: Everything You Need To Know,1,clicker-training-for-dogs,True,True,False,False,False,False,False,False,31,315,2,,,,,,,7,7,17.83,0,6,0,1,20.0
Editorial,Ranking Keywords,No top-10 ranking keywords,https://www.chewy.com/education/cat/food-and-nutrition/valentines-day-cookie-grams-dogs-cats,True,"Prioritize content, metadata, linking, and relevance improvements for this template cohort.",0,Make These Valentine's Day Cookie Grams for Your Pet | Chewy,60,"This Valentine's Day, show your pet (and all their furry friends) you love them by treating them to a baggie full of tasty treats.",130,valentine's day cat treats and food,Make These Valentine’s Day Cookie Grams for Your Pet and All Their Furry Friends,1,valentines-day-cookie-grams-dogs-cats,True,True,False,False,False,False,False,False,5,319,3,,,,,,,4,4,18.0,0,2,0,2,1.0
Editorial,Ranking Keywords,No top-10 ranking keywords,https://www.chewy.com/education/dog/general/the-best-dog-sweaters-to-keep-your-pet-cozy-comfy-and-lookin-cute,True,"Prioritize content, metadata, linking, and relevance improvements for this template cohort.",0,10 Best Dog Sweaters for Dogs of All Sizes | Chewy,50,"Chewy editors have hand selected the best dog sweaters of the season, from knits to hoodies to fleeces.",103,best dog sweaters,"10 Best Dog Sweaters of 2024, According to Chewy Editors",1,the-best-dog-sweaters-to-keep-your-pet-cozy-comfy-and-lookin-cute,True,True,False,False,False,False,False,False,4,320,4,,,,,,,4,4,12.67,0,3,0,1,1.0
Editorial,Ranking Keywords,No top-10 ranking keywords,https://www.chewy.com/education/dog/training-and-behavior/the-best-dog-toys-for-every-playful-pup,True,"Prioritize content, metadata, linking, and relevance improvements for this template cohort.",0,"The Best Dog Toys, According to Chewy Shoppers | Chewy",54,We’ve rounded up the best dog toys—from the best dog fetch toy to the best plush toy to the best chew toy—to entertain every type of dog.,137,chewy dog toys,The Best Dog Toys for Every Playful Pup,1,the-best-dog-toys-for-every-playful-pup,True,True,False,False,False,False,False,False,2,320,3,,,,,,,4,4,17.33,0,2,1,1,1.0
Editorial,Ranking Keywords,No top-10 ranking keywords,https://www.chewy.com/education/reptile-and-amphibian/turtle-and-tortoise,True,"Prioritize content, metadata, linking, and relevance improvements for this template cohort.",0,"Turtle & Tortoise Care Tips and Information on Habitat, Diet & More | Chewy",75,"Learn turtle and tortoise care with expert tips and trusted information on feeding, lighting, hydration, and indoor habitat setup from Chewy Education.",151,new turtle and tortoise health and wellness,Turtle & Tortoise,1,turtle-and-tortoise,True,True,False,False,False,False,False,False,24,316,2,,,,,,,3,3,11.0,0,1,0,2,2.0
Editorial,Ranking Keywords,No top-10 ranking keywords,https://www.chewy.com/education/dog/general/dog-summer-bucket-list,True,"Prioritize content, metadata, linking, and relevance improvements for this template cohort.",0,The Ultimate Dog Summer Bucket List | Chewy,43,Looking for the best summer ever with your pup? Check out these dog-friendly bucket list activities and complete a dog summer bucket list.,138,dog favorites by chewy,The Ultimate Dog Summer Bucket List,1,dog-summer-bucket-list,True,True,False,False,False,False,False,False,3,342,4,,,,,,,1,1,26.0,0,0,1,0,1.0
Editorial,Ranking Keywords,No top-10 ranking keywords,https://www.chewy.com/education/reptile-and-amphibian/frog,True,"Prioritize content, metadata, linking, and relevance improvements for this template cohort.",0,"Frog Care Information, Feeding Tips, Habitat Setup & More | Chewy",65,"Learn how to care for frogs with trusted information on tank setup, feeding, humidity, and everything you need to support a healthy amphibian.",142,frog humidity control and cleaners,Frog,1,frog,True,True,False,False,False,False,False,False,13,306,2,,,,,,,1,1,25.0,0,0,1,0,1.0
Editorial,Ranking Keywords,No top-10 ranking keywords,https://www.chewy.com/education/horse/tack-and-stable/horse-blanket-guide,True,"Prioritize content, metadata, linking, and relevance improvements for this template cohort.",0,Horse Blanket Guide: How To Choose the Best Horse Blankets | Chewy,66,"Learn about the different types of horse blankets available for your horse, including how to determine which blankets your horse needs.",135,best horse blankets for winter,Horse Blanket Guide: How To Choose the Best Horse Blankets,1,horse-blanket-guide,True,True,False,False,False,False,False,False,9,323,2,,,,,,,7,7,18.0,0,3,1,3,1.0
Editorial,Ranking Keywords,No top-10 ranking keywords,https://www.chewy.com/education/small-pet/hedgehog/hedgehog-care-sheet,True,"Prioritize content, metadata, linking, and relevance improvements for this template cohort.",0,Hedgehog Care Sheet | Chewy,27,Thinking about getting a pet hedgehog? Learn everything you need to know to care for them properly.,99,hedgehog supplies,Hedgehog Care Sheet,1,hedgehog-care-sheet,True,True,False,False,False,False,False,False,20,328,3,,,,,,,7,7,24.29,0,2,5,0,2.0
Editorial,Ranking Keywords,No top-10 ranking keywords,https://www.chewy.com/education/holiday/feature,True,"Prioritize content, metadata, linking, and relevance improvements for this template cohort.",0,Holiday Features Archives | Chewy,33,,,chewy claus 2024,Holiday Features,1,feature,True,True,False,False,False,False,False,False,5,309,5,,,,,,,5,4,13.0,0,1,0,4,1.0
Editorial,Ranking Keywords,No top-10 ranking keywords,https://www.chewy.com/education/fresh-dog-food/how-to-feed,True,"Prioritize content, metadata, linking, and relevance improvements for this template cohort.",0,Feeding Fresh Archives | Chewy,30,,,can you return dog food to chewy,Feeding Fresh,1,how-to-feed,True,True,False,False,False,False,False,False,1,307,8,,,,,,,2,2,26.0,0,0,2,0,1.0
Editorial,Ranking Keywords,No top-10 ranking keywords,https://www.chewy.com/education/dog/health-and-wellness/pet-food-ingredient-glossary,True,"Prioritize content, metadata, linking, and relevance improvements for this template cohort.",0,Pet Food Ingredient Glossary | Chewy,36,"Explore Chewy’s vet-reviewed Pet Food Ingredient Glossary to understand key ingredients, their purposes, and how they contribute to your dog or cat’s nutrition.",160,how and where does chewy source the ingredients for compounding?,Pet Food Ingredient Glossary,1,pet-food-ingredient-glossary,True,True,False,False,False,False,False,False,3,358,3,,,,,,,1,1,20.0,0,1,0,0,1.0
Editorial,Ranking Keywords,No top-10 ranking keywords,https://www.chewy.com/education/dog/general/chewy-15-anniversary-senior-pets,True,"Prioritize content, metadata, linking, and relevance improvements for this template cohort.",0,"A Second Chance, On Chewy: Adoption Fees Covered for Senior Pets | Chewy",72,"To celebrate 15 years of serving pets and their parents, Chewy is helping senior pets find the homes they deserve.",114,can i select the shelter or rescue of my choice in the chewy cart?,"A Second Chance, On Chewy: Adoption Fees Covered for Senior Pets",1,chewy-15-anniversary-senior-pets,True,True,False,False,False,False,False,False,2,312,3,,,,,,,1,1,13.0,0,1,0,0,1.0
Editorial,Ranking Keywords,No top-10 ranking keywords,https://www.chewy.com/education/dog/general/pet-parenting-holidays-6-great-fall-activities-for-dogs,True,"Prioritize content, metadata, linking, and relevance improvements for this template cohort.",0,6 Great Fall Activities for Dogs | Chewy,40,Get ready to fall into the season with these eight fab dog-friendly autumn activities.,86,deals on fall favorites for dogs,6 Great Fall Activities for Dogs,1,pet-parenting-holidays-6-great-fall-activities-for-dogs,True,True,False,False,False,False,False,False,2,309,4,,,,,,,1,1,22.0,0,0,1,0,1.0
Editorial,Ranking Keywords,No top-10 ranking keywords,https://www.chewy.com/education/dog/general/dogsdateout,True,"Prioritize content, metadata, linking, and relevance improvements for this template cohort.",0,Dogs' Date Out: Take a Shelter Pup for a Date This Valentine's Day | Chewy,74,"Share the love with a shelter dog this Valentine's Day, and Chewy will provide all the essentials you need for the best date ever.",130,deals on valentine's day dog deals,Dogs’ Date Out: Take a Shelter Pup for a Date This Valentine’s Day,1,dogsdateout,True,True,False,False,False,False,False,False,2,321,5,,,,,,,4,4,17.0,0,1,0,3,1.0
Editorial,Ranking Keywords,No top-10 ranking keywords,https://www.chewy.com/education/dog/general/fall-to-do-list-for-pet-parents-checklist-dog-cat,True,"Prioritize content, metadata, linking, and relevance improvements for this template cohort.",0,The Ultimate Autumn Pet Parent To-Do List | Chewy,49,"How can you make the most of the autumn months with your pet? Follow our fall to-do list for pet parents for tips on Halloween, festivals, safety and more.",155,fall favorites for dogs on sale,The Ultimate Autumn Pet Parent To-Do List,1,fall-to-do-list-for-pet-parents-checklist-dog-cat,True,True,False,False,False,False,False,False,2,323,8,,,,,,,1,1,21.0,0,0,1,0,1.0
Editorial,Ranking Keywords,No top-10 ranking keywords,https://www.chewy.com/education/bird/general/cockatiel-care-sheet,True,"Prioritize content, metadata, linking, and relevance improvements for this template cohort.",0,Cockatiel Care Sheet | Chewy,28,"Learn how to properly care for a pet cockatiels, including habitat and diet requirements.",89,cockatiel supplies,Cockatiel Care Sheet,1,cockatiel-care-sheet,True,True,False,False,False,False,False,False,10,328,3,,,,,,,2,2,26.5,0,0,2,0,1.0
Editorial,Ranking Keywords,No top-10 ranking keywords,https://www.chewy.com/education/dog/health-and-wellness,True,"Prioritize content, metadata, linking, and relevance improvements for this template cohort.",0,"Dog Health: Symptoms, Causes, Treatment Options & More | Chewy",62,"Learn how to recognize dog health symptoms, understand their causes, and explore treatment options to support your dog’s long-term wellness.",140,chewy dog,Dog Health & Wellness,1,health-and-wellness,True,True,False,False,False,False,False,False,318249,328,1,good,2018.0,poor,0.94,,,3,3,12.0,0,1,0,2,6.0
Editorial,Ranking Keywords,No top-10 ranking keywords,https://www.chewy.com/education/dog/pet-parenting,True,"Prioritize content, metadata, linking, and relevance improvements for this template cohort.",0,"Dog Parenting: Emotional Wellbeing, Structure, Bonding & More | Chewy.com",73,"Discover dog parenting tips for building routines, supporting emotional needs, managing transitions, and creating a strong bond with your dog.",142,chewy for dog,Pet Parenting,1,pet-parenting,True,True,False,False,False,False,False,False,318249,325,1,,,,,,,9,9,20.11,0,5,4,0,1.0
Editorial,Ranking Keywords,No top-10 ranking keywords,https://www.chewy.com/education/dog/general,True,"Prioritize content, metadata, linking, and relevance improvements for this template cohort.",0,Dog General Information | Chewy.com,35,"Explore general dog information on breed traits, lifestyle fit, and long-term care expectations to help you prepare for successful dog ownership.",145,chewy dog,Dog General,1,general,True,True,False,False,False,False,False,False,372,329,2,,,,,,,5,4,18.2,0,3,2,0,1.0
Editorial,Ranking Keywords,No top-10 ranking keywords,https://www.chewy.com/education/cat/general,True,"Prioritize content, metadata, linking, and relevance improvements for this template cohort.",0,"General Cat Information: Breed Traits, Ownership Tips & More | Chewy.com",72,"Discover general cat information on breed differences, home preparation, and key insights for a successful cat–human relationship from Chewy Education.",151,chewy cats,Cat General,1,general,True,True,False,False,False,False,False,False,183,328,2,,,,,,,6,6,13.67,0,6,0,0,1.0
Editorial,Ranking Keywords,No top-10 ranking keywords,https://www.chewy.com/education/dog/health-and-wellness/what-does-pet-insurance-cover,True,"Prioritize content, metadata, linking, and relevance improvements for this template cohort.",0,What Does Pet Insurance Cover? | Chewy,38,Learn what pet insurance typically covers—from accidents and illnesses to wellness care—so you can confidently manage vet costs.,128,chewy pet insurance,What Does Pet Insurance Cover?,1,what-does-pet-insurance-cover,True,True,False,False,False,False,False,False,3,309,3,,,,,,,1,1,,0,0,0,1,1.0
Editorial,Ranking Keywords,No top-10 ranking keywords,https://www.chewy.com/education/cat/training-and-behavior/best-cat-toys,True,"Prioritize content, metadata, linking, and relevance improvements for this template cohort.",0,"10 Best Cat Toys of 2026, Reviewed by Experts | Chewy",53,"To help you find the best cat toys, cat behavior consultants and other experts tested Chewy's top-rated cat toys in real-world conditions.",138,cat toys chewy,"10 Best Cat Toys of 2026, Reviewed By Experts",1,best-cat-toys,True,True,False,False,False,False,False,False,19,325,2,,,,,,,5,5,17.25,0,3,1,1,3.0
Editorial,Ranking Keywords,No top-10 ranking keywords,https://www.chewy.com/education/dog/food-and-nutrition/best-dog-treats,True,"Prioritize content, metadata, linking, and relevance improvements for this template cohort.",0,"12 Best Dog Treats, According to Dog Parents | Chewy",52,"From crunchy treats to soft treats and everything in between, these are the best dog treats as rated by Chewy customers.",120,chewy dog treats,"12 Best Dog Treats, According to Dog Parents",1,best-dog-treats,True,True,False,False,False,False,False,False,7,324,3,,,,,,,2,2,26.0,0,0,1,1,1.0
Editorial,Ranking Keywords,No top-10 ranking keywords,https://www.chewy.com/education/dog/training-and-behavior/best-dog-harnesses,True,"Prioritize content, metadata, linking, and relevance improvements for this template cohort.",0,"The Best Dog Harnesses, According to Dog Parents | Chewy",56,"Give your pooch another reason to love their daily W-A-L-K with one of the best harnesses for dogs, as rated by Chewy dog parents.",130,chewy dog harness,The Best Dog Harnesses for Making Walks a Breeze,1,best-dog-harnesses,True,True,False,False,False,False,False,False,5,321,3,,,,,,,1,1,,0,0,0,1,1.0
Editorial,Ranking Keywords,No top-10 ranking keywords,https://www.chewy.com/education/dog/training-and-behavior/best-dog-crates,True,"Prioritize content, metadata, linking, and relevance improvements for this template cohort.",0,The Best Dog Crates of 2026 As Rated by Pup Parents Like You | Chewy,68,"Whether you have a big dog, little pooch, new puppy or elder pup pal, make your dog feel right at home with the best dog crate for them.",136,chewy dog crate,"The Best Dog Crates for Training, Travel and Treating Your Pup Like Royalty",1,best-dog-crates,True,True,False,False,False,False,False,False,2,316,4,,,,,,,3,3,21.5,0,1,1,1,1.0
Editorial,Ranking Keywords,No top-10 ranking keywords,https://www.chewy.com/education/cat/general/litter-boxes-for-every-cat,True,"Prioritize content, metadata, linking, and relevance improvements for this template cohort.",0,Best Cat Litter Box for Every Cat | Chewy,41,"Find the best cat litter box and cat litter for your favorite feline. Get the cat litter box that is perfect for exactly what your cat needs, no matter the type.",161,chewy litter box,Litter Boxes for Every Cat,1,litter-boxes-for-every-cat,True,True,False,False,False,False,False,False,3,313,5,,,,,,,3,3,12.33,0,3,0,0,3.0
Editorial,Ranking Keywords,No top-10 ranking keywords,https://www.chewy.com/education/cat/pet-parenting/your-guide-to-the-best-cat-litter-box-for-your-feline-friend,True,"Prioritize content, metadata, linking, and relevance improvements for this template cohort.",0,Buying Guide: How to Choose the Best Cat Litter Box for Your Pet | Chewy,72,"From self-cleaning to covered to ones that look like furniture, we’ll help you find the best cat litter box for your pet.",121,chewy cat litter box,Your Guide to the Best Cat Litter Box for Your Feline Friend,1,your-guide-to-the-best-cat-litter-box-for-your-feline-friend,True,True,False,False,False,False,False,False,18,312,3,,,,,,,1,1,,0,0,0,1,1.0
Editorial,Ranking Keywords,No top-10 ranking keywords,https://www.chewy.com/education/cat/general/cat-hacks,True,"Prioritize content, metadata, linking, and relevance improvements for this template cohort.",0,18 Cat Hacks Every Pet Parent Should Know | Chewy,49,"Discover 18 genius cat hacks that make life with your feline easier. From grooming to litter box tips, these smart solutions simplify care and keep your kitty happy.",165,litter box hacks,18 Cat Hacks Every Pet Parent Should Know,1,cat-hacks,True,True,False,False,False,False,False,False,5,352,3,,,,,,,3,3,28.5,0,0,2,1,1.0
Editorial,Ranking Keywords,No top-10 ranking keywords,https://www.chewy.com/education/dog/food-and-nutrition/pork-paw-t-roast-diy-dog-treat-recipe,True,"Prioritize content, metadata, linking, and relevance improvements for this template cohort.",0,DIY Dog Treat: Pork Pot Roast Homemade Dog Biscuit Recipe | Chewy,65,Try your hand at this easy pork pot roast homemade dog biscuit recipe for a tasty DIY dog treat that your dog will love.,120,dog treats with pork,Pork Paw-t Roast DIY Dog Treat Recipe,1,pork-paw-t-roast-diy-dog-treat-recipe,True,True,False,False,False,False,False,False,2,311,4,,,,,,,3,3,17.33,0,2,1,0,1.0
Editorial,Ranking Keywords,No top-10 ranking keywords,https://www.chewy.com/education/cat/grooming,True,"Prioritize content, metadata, linking, and relevance improvements for this template cohort.",0,"Cat Grooming Tips for Brushing, Nail Care, Bathing & More | Chewy.com",69,"Learn cat grooming tips for brushing, nail trimming, detangling, and bathing. Discover how to create a calm routine for cats of any coat type.",142,cat grooming,Cat Grooming,1,grooming,True,True,False,False,False,False,False,False,318249,317,1,,,,,,,3,3,16.0,0,3,0,0,1.0
Editorial,Ranking Keywords,No top-10 ranking keywords,https://www.chewy.com/education/calming/calming-cats,False,"Prioritize content, metadata, linking, and relevance improvements for this template cohort.",0,,,,,calm cat,,,,,,,,,,,,,,,,,,,,,2,2,24.0,0,0,2,0,
Editorial,Ranking Keywords,No top-10 ranking keywords,https://www.chewy.com/education/cat/food-and-nutrition/best-cat-food,True,"Prioritize content, metadata, linking, and relevance improvements for this template cohort.",0,"10 Best Cat Foods in 2026, Vet Recommended",42,"These are our veterinary experts’ picks for the best cat food, from wet food to dry food to therapeutic diets.",110,best kitten dry food vet recommended,"10 Best Cat Foods in 2026, Vet Recommended",1,best-cat-food,True,True,False,False,False,False,False,False,318249,322,1,,,,,,,4,4,20.0,0,2,2,0,1.0
Editorial,Ranking Keywords,No top-10 ranking keywords,https://www.chewy.com/education/cat/pet-parenting/chewy-box-cat-castle,True,"Prioritize content, metadata, linking, and relevance improvements for this template cohort.",0,Chewy Box Craft: DIY Cat House Cat Furniture Castle Craft | Chewy,65,Turn your Chew box into a cat furniture castle with this step-by-step cat craft project that will turn your pet supplies shipment into a box craft fit for a kitty king.,168,chewy cat house,Chewy Box Cat Castle,1,chewy-box-cat-castle,True,True,False,False,False,False,False,False,5,307,3,,,,,,,2,2,11.0,0,1,0,1,4.0
Editorial,Ranking Keywords,No top-10 ranking keywords,https://www.chewy.com/education/cat-/flea-and-tick,False,"Prioritize content, metadata, linking, and relevance improvements for this template cohort.",0,,,,,chewy flea and tick for cats,,,,,,,,,,,,,,,,,,,,,1,1,,0,0,0,1,
Editorial,Ranking Keywords,No top-10 ranking keywords,https://www.chewy.com/education/cat/flea-and-tick/best-flea-treatments-for-cats,True,"Prioritize content, metadata, linking, and relevance improvements for this template cohort.",0,9 Best Cat Flea and Tick Treatments | Chewy,43,"Flea and tick treatments are essential for cats. From topical treatments to flea collars, these are what cat parents like you recommend.",136,chewy flea medicine,9 Best Cat Flea and Tick Treatments,1,best-flea-treatments-for-cats,True,True,False,False,False,False,False,False,31,326,2,,,,,,,4,4,24.0,0,0,1,3,3.0
Editorial,Ranking Keywords,No top-10 ranking keywords,https://www.chewy.com/education/dog/health-and-wellness/dry-eye-in-dogs,True,"Prioritize content, metadata, linking, and relevance improvements for this template cohort.",0,"Dry Eye in Dogs: Symptoms, Diagnosis and Vet-Recommended Treatment | Chewy",74,"Curious about dry eye in dogs? Discover what you need to know about dry eye in dogs (also called keratoconjunctivitis sicca), from causes and symptoms to treatment.",164,dry eye treatment in dogs,Dry Eye in Dogs,1,dry-eye-in-dogs,True,True,False,False,False,False,False,False,8,309,3,,,,,,,2,2,23.0,0,0,1,1,1.0
Editorial,Ranking Keywords,No top-10 ranking keywords,https://www.chewy.com/education/dog/food-and-nutrition/what-is-the-best-dog-food-for-small-dogs,True,"Prioritize content, metadata, linking, and relevance improvements for this template cohort.",0,Small Dog Breeds: What is the Best Dog Food for Small Dogs? | Chewy,67,What is the best dog food for small dogs? Find out which dog food provides the best dog nutrition for small dog breeds.,119,best puppy food for small breeds,What Is the Best Dog Food for Small Dogs?,1,what-is-the-best-dog-food-for-small-dogs,True,True,False,False,False,False,False,False,2,316,4,,,,,,,39,36,,0,0,0,39,48.0
Editorial,Ranking Keywords,No top-10 ranking keywords,https://www.chewy.com/education/dog/food-and-nutrition/dog-food-allergies-vs-food-intolerances,True,"Prioritize content, metadata, linking, and relevance improvements for this template cohort.",0,"Food Intolerance in Dogs: Signs, Treatment, and How It Differs From Allergies | Chewy",85,"Food intolerance in dogs can cause vomiting, diarrhea, and gas. Learn the symptoms, common triggers, treatment, and how it differs from food allergies.",151,food intolerance dog,"Food Intolerance in Dogs: Signs, Treatment, and How It Differs From Allergies",1,dog-food-allergies-vs-food-intolerances,True,True,False,False,False,False,False,False,3,331,3,,,,,,,2,2,22.0,0,0,1,1,1.0
Editorial,Ranking Keywords,No top-10 ranking keywords,https://www.chewy.com/education/dog/food-and-nutrition,True,"Prioritize content, metadata, linking, and relevance improvements for this template cohort.",0,"Dog Food & Nutrition: Feeding Guidelines, Diet Types & More | Chewy",67,"Learn about dog food and nutrition, including feeding schedules, diet types, ingredients, and tips for building a healthy routine for your dog.",143,alkaline food for dogs,Dog Food & Nutrition,1,food-and-nutrition,True,True,False,False,False,False,False,False,318249,331,1,good,2072.0,poor,0.705,,,4,4,21.33,0,2,1,1,2.0
Editorial,Ranking Keywords,No top-10 ranking keywords,https://www.chewy.com/education/dog/general/behavior-breeds-11-french-dog-breeds,True,"Prioritize content, metadata, linking, and relevance improvements for this template cohort.",0,,,,,french dog,,0,behavior-breeds-11-french-dog-breeds,,False,False,False,False,False,False,False,2,0,3,needs,3083.0,needs,0.1,,,4,3,,0,0,0,4,96.0
Editorial,Ranking Keywords,No top-10 ranking keywords,https://www.chewy.com/education/small-pet/rabbit/what-to-do-when-you-see-red-in-your-rabbits-urine,True,"Prioritize content, metadata, linking, and relevance improvements for this template cohort.",0,,,,,rabbit peeing blood,,0,what-to-do-when-you-see-red-in-your-rabbits-urine,,True,False,False,False,False,False,False,1,0,3,,,,,,,3,3,,0,0,0,3,19.0
Editorial,Ranking Keywords,No top-10 ranking keywords,https://www.chewy.com/education/small-pet/guinea-pig/guinea-pig-stops-eating-or-moving,True,"Prioritize content, metadata, linking, and relevance improvements for this template cohort.",0,Guinea Pig Stops Eating or Moving | Chewy,41,What could cause a guinea pig to stop eating and/or moving? A veterinarian weighs in.,85,guinea pig not eating or drinking,Guinea Pig Stops Eating or Moving,1,guinea-pig-stops-eating-or-moving,True,True,False,False,False,False,False,False,4,307,3,,,,,,,3,3,24.67,0,1,2,0,3.0
Editorial,Ranking Keywords,No top-10 ranking keywords,https://www.chewy.com/education/cat/training-and-behavior/cat-moods-the-good-the-bad-and-the-hilarious,True,"Prioritize content, metadata, linking, and relevance improvements for this template cohort.",0,Funny Cat Video Clips: Cat Moods | Chewy,40,We've compiled funny cat clips showcasing the many moods our feline friends experience—for better or for worse!,111,cat moods,"Cat Moods: The Good, The Bad and The Hilarious",1,cat-moods-the-good-the-bad-and-the-hilarious,True,True,False,False,False,False,False,False,2,307,3,,,,,,,1,1,,0,0,0,1,1.0
Editorial,Ranking Keywords,No top-10 ranking keywords,https://www.chewy.com/education/dog/general/everything-you-need-to-know-about-pet-doors,True,"Prioritize content, metadata, linking, and relevance improvements for this template cohort.",0,Everything You Need to Know About Pet Doors | Chewy,51,"Find out the benefits of a pet door, the different types available and how best to get your pet to use the dog or cat door.",123,chewy dog door,Everything You Need to Know About Pet Doors,1,everything-you-need-to-know-about-pet-doors,True,True,False,False,False,False,False,False,4,318,5,,,,,,,2,2,,0,0,0,2,4.0
Editorial,Ranking Keywords,No top-10 ranking keywords,https://www.chewy.com/education/wildlife/wild-birds/best-smart-bird-feeders,True,"Prioritize content, metadata, linking, and relevance improvements for this template cohort.",0,Your Guide to Finding a Smart Bird Feeder That’s Right for Your Yard | Chewy,76,Smart bird feeders offer unique and up-close ways to bird watch. Learn about the best smart feeders and which is best for you.,126,smart bird feeders,Your Guide to Finding a Smart Bird Feeder That’s Right for Your Yard,1,best-smart-bird-feeders,True,True,False,False,False,False,False,False,48,324,3,,,,,,,3,3,18.0,0,2,1,0,1.0
Editorial,Ranking Keywords,No top-10 ranking keywords,https://www.chewy.com/education/bird/general/bird-watching-101-setting-up-your-backyard-bird-feeder,True,"Prioritize content, metadata, linking, and relevance improvements for this template cohort.",0,Bird Watching 101: Setting Up Your Backyard Bird Feeder | Chewy,63,"If you’re interested in bird watching, a bird feeder might be just what you need. Learn tips on where to place your feeder, how to attract birds and squirrel prevention.",169,chewy bird feeders,Bird Watching 101: Setting Up Your Backyard Bird Feeder,1,bird-watching-101-setting-up-your-backyard-bird-feeder,True,True,False,False,False,False,False,False,5,312,3,,,,,,,1,1,15.0,0,1,0,0,1.0
Editorial,Ranking Keywords,No top-10 ranking keywords,https://www.chewy.com/education/wildlife/wild-birds/attracting-birds-to-your-garden-with-bird-feeders,True,"Prioritize content, metadata, linking, and relevance improvements for this template cohort.",0,Attracting Birds to Your Garden with Bird Feeders | Chewy,57,Learn how to use bird feeders to attract local garden birds to your backyard so you can start a fun new hobby of bird watching.,127,how to attract birds to feeder,Attracting Birds to Your Garden With Bird Feeders,1,attracting-birds-to-your-garden-with-bird-feeders,True,True,False,False,False,False,False,False,8,311,3,,,,,,,2,2,26.0,0,0,2,0,1.0
Editorial,Ranking Keywords,No top-10 ranking keywords,https://www.chewy.com/education/dog/food-and-nutrition/winner-winner-turkey-dinner-diy-dog-treat-recipe,True,"Prioritize content, metadata, linking, and relevance improvements for this template cohort.",0,Thanksgiving Dog Treat Recipe for Your Pooch | Chewy,52,Check out this DIY turkey dog treat recipe so you can make a homemade dog biscuit with a Thanksgiving twist!,108,dog treats with turkey,"DIY Dog Treat Recipe: Winner, Winner Turkey Dinner",1,winner-winner-turkey-dinner-diy-dog-treat-recipe,True,True,False,False,False,False,False,False,3,310,4,,,,,,,6,6,23.2,0,2,3,1,1.0
Editorial,Ranking Keywords,No top-10 ranking keywords,https://www.chewy.com/education/dog/general/martha-stewart-holiday-dog-cookie-recipe,True,"Prioritize content, metadata, linking, and relevance improvements for this template cohort.",0,Martha Stewart’s Holiday Dog Cookie Recipe | Chewy,50,"Martha Stewart shares her vet-reviewed, dog-approved holiday dog cookie recipe exclusively with Chewy. Here's how to make it.",125,chewy dog cookies,Martha Stewart’s Holiday Dog Cookie Recipe,1,martha-stewart-holiday-dog-cookie-recipe,True,True,False,False,False,False,False,False,12,317,4,,,,,,,2,2,,0,0,0,2,1.0
Editorial,Ranking Keywords,No top-10 ranking keywords,https://www.chewy.com/education/cat/pet-parenting/how-to-travel-with-a-cat,True,"Prioritize content, metadata, linking, and relevance improvements for this template cohort.",0,How To Travel With a Cat | Chewy,32,"Learn how to travel with a cat safely by car, plane, or train with expert tips on carriers, paperwork, TSA rules, and reducing travel stress.",141,pet travel chewy,How To Travel With a Cat,1,how-to-travel-with-a-cat,True,True,False,False,False,False,False,False,128,341,2,,,,,,,2,1,19.0,0,2,0,0,1.0
Editorial,Ranking Keywords,No top-10 ranking keywords,https://www.chewy.com/education/dog/pet-parenting/traveling-with-knox-bear-tips-for-stress-free-dog-travel,True,"Prioritize content, metadata, linking, and relevance improvements for this template cohort.",0,Don’t Make These Dog Travel Mistakes | Chewy,44,Learn how to travel with a dog without making these common mistakes. Get ready for a stress-free vacation with these tips from our dog travel expert.,149,pet travel chewy,Tips for Stress-Free Dog Travel,1,traveling-with-knox-bear-tips-for-stress-free-dog-travel,True,True,False,False,False,False,False,False,3,309,4,,,,,,,1,1,21.0,0,0,1,0,1.0
Editorial,Ranking Keywords,No top-10 ranking keywords,https://www.chewy.com/education/horse/tack-and-stable,True,"Prioritize content, metadata, linking, and relevance improvements for this template cohort.",0,"Horse Tack & Stable: Tack Room Setup, Cleaning Tips & More | Chewy",66,"Learn how to choose, care for, and organize your tack and stable essentials in the Horse Tack & Stable Hub. Explore horse tack and stable tips for gear care, barn management, cleaning routines, and creating efficient, well-organized spaces.",240,chewy horse supplies,Tack & Stable,1,tack-and-stable,True,True,False,False,False,False,False,False,318249,319,1,,,,,,,1,1,,0,0,0,1,1.0
Editorial,Ranking Keywords,No top-10 ranking keywords,https://www.chewy.com/education/dog/health-and-wellness/fear-free-veterinary-clinics,True,"Prioritize content, metadata, linking, and relevance improvements for this template cohort.",0,Fear Free Veterinary Care Makes Vet Visits Less Stressful - BeChewy | Chewy,75,Fear Free veterinary visits can reduce the fear felt by dogs and cats at the veterinarian’s office helping them live longer and happier lives.,142,chewy free vet,Does Your Pet Hate the Vet? Try a Fear Free Veterinary Clinic,1,fear-free-veterinary-clinics,True,True,False,False,False,False,False,False,7,308,4,,,,,,,1,1,22.0,0,0,1,0,1.0
Editorial,Ranking Keywords,No top-10 ranking keywords,https://www.chewy.com/education/small-pet/rabbit/new-pet-rabbit-heres-care-bunny,True,"Prioritize content, metadata, linking, and relevance improvements for this template cohort.",0,How to Care for a Rabbit: A Guide to Your New Bunny | Chewy,59,Learn how to care for a rabbit and find out what to feed your new pet rabbit. Provide your new bunny with a high-quality rabbit diet with these products.,153,chewy rabbit,How to Care for a Rabbit: 6 Essential Tips to Know,1,new-pet-rabbit-heres-care-bunny,True,True,False,False,False,False,False,False,13,316,3,,,,,,,1,1,25.0,0,0,1,0,1.0
Editorial,Ranking Keywords,No top-10 ranking keywords,https://www.chewy.com/education/small-pet/rabbit/what-to-consider-when-adopting-a-rabbit,True,"Prioritize content, metadata, linking, and relevance improvements for this template cohort.",0,Adopting a Rabbit: What You Need to Know | Chewy,48,"If you’re thinking about adopting a rabbit, check out these care tips and a rundown of rabbit supplies to have on hand to maximize your new pet’s comfort.",154,chewy rabbit,Rabbit Adoption: Everything to Know About Adopting a Rabbit,1,what-to-consider-when-adopting-a-rabbit,True,True,False,False,False,False,False,False,10,317,3,,,,,,,1,1,,0,0,0,1,1.0
Editorial,Ranking Keywords,No top-10 ranking keywords,https://www.chewy.com/education/dog/health-and-wellness/does-pet-insurance-cover-vaccines,True,"Prioritize content, metadata, linking, and relevance improvements for this template cohort.",0,Does Pet Insurance Cover Vaccines? | Chewy,42,Does pet insurance cover vaccines? Find out how wellness plans add vaccine coverage and what pet parents should know to manage vet care expenses.,145,chewy vaccines,Does Pet Insurance Cover Vaccines?,1,does-pet-insurance-cover-vaccines,True,True,False,False,False,False,False,False,6,315,3,,,,,,,1,1,,0,0,0,1,2.0
Editorial,Ranking Keywords,No top-10 ranking keywords,https://www.chewy.com/education/wildlife/wild-birds/types-of-wild-bird-food,True,"Prioritize content, metadata, linking, and relevance improvements for this template cohort.",0,What to Know About the Different Types of Wild Bird Food | Chewy,64,"Learn the types of bird food, including bird seed, nectar, and thistle, so you can attract wild birds to your feeder.",117,chewy bird food,What to Know About the Different Types of Wild Bird Food,1,types-of-wild-bird-food,True,True,False,False,False,False,False,False,32,342,2,,,,,,,1,1,,0,0,0,1,1.0
Editorial,Ranking Keywords,No top-10 ranking keywords,https://www.chewy.com/education/small-pet/guinea-pig/guinea-pig-care-sheet,True,"Prioritize content, metadata, linking, and relevance improvements for this template cohort.",0,Guinea Pig Care Sheet | Chewy,29,Thinking about getting pet guinea pigs? Learn everything you need to know to care for them properly.,100,chewy guinea pig,Guinea Pig Care Sheet,1,guinea-pig-care-sheet,True,True,False,False,False,False,False,False,4,340,2,,,,,,,1,1,12.0,0,1,0,0,1.0
Editorial,Ranking Keywords,No top-10 ranking keywords,https://www.chewy.com/education/cat/general/national-cat-day,True,"Prioritize content, metadata, linking, and relevance improvements for this template cohort.",0,Happy National Cat Day! Here’s How to Join the Feline Festivities | Chewy,73,Every year on October 29th we celebrate here at Chewy. Learn more about this holiday and find a few fun ways for celebrating your favorite kitty this year.,155,national cat day,Happy National Cat Day! Here’s How to Join the Feline Festivities,1,national-cat-day,True,True,False,False,False,False,False,False,3,320,4,,,,,,,3,3,14.5,0,2,0,1,3.0
Editorial,Ranking Keywords,No top-10 ranking keywords,https://www.chewy.com/education/dog/general/love-your-pet-day-all-the-reasons-you-love-your-pet,True,"Prioritize content, metadata, linking, and relevance improvements for this template cohort.",0,Show Cat Love and Dog Love on Love Your Pet Day | Chewy,55,"Celebrate Love Your Pet Day with cat love and dog love. If you love cats or dogs, discover the best pet supplies to use that you can love your pet with.",152,chewy pet day,All the Reasons You Love Your Pet,1,love-your-pet-day-all-the-reasons-you-love-your-pet,True,True,False,False,False,False,False,False,4,315,5,,,,,,,1,1,,0,0,0,1,1.0
Editorial,Ranking Keywords,No top-10 ranking keywords,https://www.chewy.com/education/cat/pet-parenting/24-ways-to-celebrate-earth-day-with-your-pet,True,"Prioritize content, metadata, linking, and relevance improvements for this template cohort.",0,Celebrate the Planet With These 24 Earth Day Activities for Pet Parents | Chewy,79,"Whether you have five minutes or all day long, there’s plenty you can do to celebrate and sustain Mother Earth. Start with these 24 Earth Day activities for pet parents",168,chewy pet day,24 Ways to Celebrate Earth Day With Your Pet,1,24-ways-to-celebrate-earth-day-with-your-pet,True,True,False,False,False,False,False,False,4,319,3,,,,,,,1,1,,0,0,0,1,1.0
Editorial,Ranking Keywords,No top-10 ranking keywords,https://www.chewy.com/education/horse/training-and-behavior,True,"Prioritize content, metadata, linking, and relevance improvements for this template cohort.",0,"Horse Training & Behavior: Body Language, Consistency & More | Chewy",68,"Learn horse training and behavior techniques to improve groundwork, reduce unwanted habits, build trust, and better understand your horse’s signals.",148,equine behavior training,Horse Training & Behavior,1,training-and-behavior,True,True,False,False,False,False,False,False,318249,312,1,,,,,,,2,2,29.5,0,0,2,0,1.0
Editorial,Ranking Keywords,No top-10 ranking keywords,https://www.chewy.com/education/reptile-and-amphibian/bearded-dragon,True,"Prioritize content, metadata, linking, and relevance improvements for this template cohort.",0,"Bearded Dragon Care: Tips for Habitat, Diet, Heating, and More | Chewy",70,"Learn how to care for a bearded dragon with expert tips and reliable information on diet, lighting, habitat, and enrichment from Chewy Education.",145,can bearded dragons eat celery,Bearded Dragon,1,bearded-dragon,True,True,False,False,False,False,False,False,49,321,2,,,,,,,3,3,26.67,0,0,3,0,3.0
Editorial,Ranking Keywords,No top-10 ranking keywords,https://www.chewy.com/education/dog/grooming/how-to-groom-a-dog,True,"Prioritize content, metadata, linking, and relevance improvements for this template cohort.",0,How To Groom a Dog | Chewy,26,"Learn how to groom a dog at home with expert-backed, step-by-step dog grooming tips to keep your pup clean, healthy, and comfortable.",133,chewy dog grooming,How To Groom a Dog,1,how-to-groom-a-dog,True,True,False,False,False,False,False,False,119,352,2,,,,,,,1,1,16.0,0,1,0,0,1.0
Editorial,Ranking Keywords,No top-10 ranking keywords,https://www.chewy.com/education/dog/grooming/8-essential-dog-grooming-supplies-for-at-home-grooming,True,"Prioritize content, metadata, linking, and relevance improvements for this template cohort.",0,8 Essential Dog Grooming Supplies to Have at Home | Chewy,57,"Dog grooming is an essential part of taking care of your pup, and it helps increase your bond. If you’re new to grooming, check out eight dog grooming supplies to have on hand.",176,chewy dog grooming,8 Essential Dog Grooming Supplies for At-Home Grooming,1,8-essential-dog-grooming-supplies-for-at-home-grooming,True,True,False,False,False,False,False,False,6,321,3,,,,,,,1,1,18.0,0,1,0,0,2.0
Editorial,Ranking Keywords,No top-10 ranking keywords,https://www.chewy.com/education/dog/grooming/home-pet-grooming-cheat-sheet,True,"Prioritize content, metadata, linking, and relevance improvements for this template cohort.",0,Home Pet Grooming: A Cheat Sheet for Pet Parents | Chewy,56,This cheat sheet for home pet grooming will have your dog or cat looking and feeling like they just stepped out of the salon.,125,chewy dog grooming,Home Pet Grooming 101: A Cheat Sheet for When You Can’t Get to a Grooming Salon,1,home-pet-grooming-cheat-sheet,True,True,False,False,False,False,False,False,23,325,2,,,,,,,1,1,,0,0,0,1,1.0
Editorial,Ranking Keywords,No top-10 ranking keywords,https://www.chewy.com/education/bird/health-and-wellness/older-macaw-begins-to-lay-eggs,True,"Prioritize content, metadata, linking, and relevance improvements for this template cohort.",0,,,,,macaw eggs,,0,older-macaw-begins-to-lay-eggs,,True,False,False,False,False,False,False,1,0,3,,,,,,,3,2,,0,0,0,3,1.0
Editorial,Ranking Keywords,No top-10 ranking keywords,https://www.chewy.com/education/small-pet/hamster/how-to-feed-baby-hamsters,True,"Prioritize content, metadata, linking, and relevance improvements for this template cohort.",0,How To Feed Baby Hamsters | Chewy,33,"BeChewy walks you through the details of how to feed a baby hamster, including the Syrian baby hamster and the baby dwarf hamster.",130,hamster feeding schedule,How To Feed Baby Hamsters,1,how-to-feed-baby-hamsters,True,True,False,False,False,False,False,False,2,308,3,needs,3809.0,needs,0.1,,,3,3,17.67,0,2,1,0,32.0
Editorial,Ranking Keywords,No top-10 ranking keywords,https://www.chewy.com/education/fish/saltwater-fish,True,"Prioritize content, metadata, linking, and relevance improvements for this template cohort.",0,"Saltwater Fish Care: Tank Guides, Feeding Tips & More | Chewy",61,"Learn saltwater fish care with expert tank guides on setup, lighting, feeding, and maintenance to build a healthy marine environment from Chewy Education.",154,chewy fish tank,Saltwater Fish,1,saltwater-fish,True,True,False,False,False,False,False,False,318249,315,1,,,,,,,2,2,15.0,0,1,0,1,1.0
Editorial,Ranking Keywords,No top-10 ranking keywords,https://www.chewy.com/education/fish/general/how-to-set-up-a-freshwater-tank,True,"Prioritize content, metadata, linking, and relevance improvements for this template cohort.",0,How To Set Up a Freshwater Tank | Chewy,39,"Learn about how to add a colorful freshwater aquarium to your home, including supplies needed and what kinds of fish you can add.",129,chewy fish tank,How To Set Up a Freshwater Aquarium,1,how-to-set-up-a-freshwater-tank,True,True,False,False,False,False,False,False,47,333,3,,,,,,,1,1,,0,0,0,1,1.0
Editorial,Ranking Keywords,No top-10 ranking keywords,https://www.chewy.com/education/fish/general,True,"Prioritize content, metadata, linking, and relevance improvements for this template cohort.",0,"General Fish Information: Aquarium Basics, Tips & More | Chewy.com",66,"Explore general fish keeping info including choosing starter fish, setting up a tank, and creating a balanced aquatic environment.",130,chewy fish tank,Fish General,1,general,True,True,False,False,False,False,False,False,101,328,2,,,,,,,1,1,,0,0,0,1,1.0
Editorial,Ranking Keywords,No top-10 ranking keywords,https://www.chewy.com/education/cat/flea-and-tick,True,"Prioritize content, metadata, linking, and relevance improvements for this template cohort.",0,"Cat Flea & Tick: Spotting Signs, Life Cycle, Prevention & More | Chewy",70,Learn how to prevent and treat flea and tick issues in cats with our Cat Flea & Tick Hub.,89,chewy cat flea treatment,Cat Flea & Tick,1,flea-and-tick,True,True,False,False,False,False,False,False,318249,320,1,,,,,,,1,1,24.0,0,0,1,0,1.0
Editorial,Ranking Keywords,No top-10 ranking keywords,https://www.chewy.com/education/cat/general/best-cat-backpacks,True,"Prioritize content, metadata, linking, and relevance improvements for this template cohort.",0,"The Best Cat Backpacks, As Rated By Cat Owners | Chewy",54,"The best cat backpacks are machine washable, have breathable mesh and various safety features. These are Chewy customers’ top picks.",132,chewy cat backpack,The Best Cat Backpacks for Out-of-the-House Adventures,1,best-cat-backpacks,True,True,False,False,False,False,False,False,2,316,4,,,,,,,1,1,12.0,0,1,0,0,1.0
Editorial,Ranking Keywords,No top-10 ranking keywords,https://www.chewy.com/education/features/summer-wellness-guide,True,"Prioritize content, metadata, linking, and relevance improvements for this template cohort.",0,Summer Pet Wellness Guide | Chewy,33,"Keep your pet feeling their best all season with our summer wellness guide—heat-safety tips, pest prevention, travel tips, and more.",132,chewy pet health and wellness initiatives,Everything pets need this summer,1,summer-wellness-guide,True,False,False,False,False,False,False,False,0,365,4,,,,,,,1,1,25.0,0,0,1,0,2.0
Editorial,Ranking Keywords,No top-10 ranking keywords,https://www.chewy.com/education/bird/general/best-toys-for-lovebirds,True,"Prioritize content, metadata, linking, and relevance improvements for this template cohort.",0,Best Toys for Lovebirds | Chewy,31,"Discover the best toys for lovebirds, including foraging, shredding, and climbing options—plus safety tips to keep playtime worry-free.",135,love bird toys,Best Toys for Lovebirds,1,best-toys-for-lovebirds,True,True,False,False,False,False,False,False,6,321,2,,,,,,,6,6,22.0,0,1,1,4,3.0
Editorial,Ranking Keywords,No top-10 ranking keywords,https://www.chewy.com/education/dog/pet-parenting/6-dog-leash-styles-and-their-functions,True,"Prioritize content, metadata, linking, and relevance improvements for this template cohort.",0,6 Dog Leash Types and Their Uses | Chewy,40,"With so many dog leash options out there, shopping for one can be overwhelming. Use this guide to learn about six main styles of dog leashes and their uses.",156,types of dog leash,6 Dog Leash Styles and Their Functions,1,6-dog-leash-styles-and-their-functions,True,True,False,False,False,False,False,False,3,314,3,,,,,,,4,4,18.75,0,3,1,0,7.0
Editorial,Ranking Keywords,No top-10 ranking keywords,https://www.chewy.com/education/dog/health-and-wellness/what-can-i-give-my-dog-for-pain,True,"Prioritize content, metadata, linking, and relevance improvements for this template cohort.",0,What Can I Give My Dog for Pain? | Chewy,40,You may have wondered: What can I give my dog for pain? It’s essential to seek vet care for pain meds for dogs. Here’s all you need to know about canine pain control.,166,what can i give my dog for pain,What Can I Give My Dog for Pain?,1,what-can-i-give-my-dog-for-pain,True,True,False,False,False,False,False,False,47,347,3,needs,2625.0,good,0.08,,,5,5,22.75,0,2,2,1,156.0
Editorial,Ranking Keywords,No top-10 ranking keywords,https://www.chewy.com/education/dog/food-and-nutrition/diabetic-dog-food-guide-what-to-feed-a-dog-with-canine-diabetes,True,"Prioritize content, metadata, linking, and relevance improvements for this template cohort.",0,Best Diabetic Dog Food for Canine Diabetes | Chewy,50,"If your pup has canine diabetes, check out this handy guide for what to look for to find the best diabetic dog food.",116,best dog food for diabetic dogs,Diabetic Dog Food Guide: What To Feed a Dog With Canine Diabetes,1,diabetic-dog-food-guide-what-to-feed-a-dog-with-canine-diabetes,True,True,False,False,False,False,False,False,3,311,4,,,,,,,4,4,25.67,0,0,3,1,4.0
Editorial,Ranking Keywords,No top-10 ranking keywords,https://www.chewy.com/education/cat/training-and-behavior/cat-keeps-flipping-over-water-dish,True,"Prioritize content, metadata, linking, and relevance improvements for this template cohort.",0,Cat Keeps Flipping Over Water Dish | Chewy,42,BeChewy tackles the question of why your cat might be repeatedly flipping over its water bowl and what to do about it.,118,why does my cat knock over his water bowl,Cat Keeps Flipping Over Water Dish,1,cat-keeps-flipping-over-water-dish,True,True,False,False,False,False,False,False,2,307,3,,,,,,,2,2,28.0,0,0,1,1,1.0
Editorial,Ranking Keywords,No top-10 ranking keywords,https://www.chewy.com/education/cat/food-and-nutrition/how-to-feed-a-cat-a-rotational-diet,True,"Prioritize content, metadata, linking, and relevance improvements for this template cohort.",0,,,,,cat food rotation,,0,how-to-feed-a-cat-a-rotational-diet,,True,False,False,False,False,False,False,1,0,3,,,,,,,1,1,18.0,0,1,0,0,5.0
Editorial,Ranking Keywords,No top-10 ranking keywords,https://www.chewy.com/education/dog/health-and-wellness/household-items-toxic-to-dogs,True,"Prioritize content, metadata, linking, and relevance improvements for this template cohort.",0,40-Plus Things in Your House That Are Toxic to Your Dog | Chewy,63,"As a pet parent, it’s your job to keep your dog safe. But have you ever wondered if there might be toxic items in your house you need to hide from your pet? Here are some things your dog should definitely avoid.",211,chewy poison control,40-Plus Things in Your House That Are Toxic to Your Dog,1,household-items-toxic-to-dogs,True,True,False,False,False,False,False,False,7,328,3,needs,2814.0,good,0.03,,,1,1,24.0,0,0,1,0,1.0
Editorial,Ranking Keywords,No top-10 ranking keywords,https://www.chewy.com/education/dog/health-and-wellness/signs-of-dog-poisoning,True,"Prioritize content, metadata, linking, and relevance improvements for this template cohort.",0,,,,,chewy poison control,,0,signs-of-dog-poisoning,,False,False,False,False,False,False,False,15,0,4,needs,2525.0,good,0.09,,,1,1,,0,0,0,1,1.0
Editorial,Ranking Keywords,No top-10 ranking keywords,https://www.chewy.com/education/cat/food-and-nutrition/can-cats-eat-bacon,True,"Prioritize content, metadata, linking, and relevance improvements for this template cohort.",0,Can Cats Eat Bacon? | Chewy,27,"Can cats eat bacon? Learn why bacon is too salty and rich for cats, what signs to watch for, and when to call your vet.",119,bacon cat treats,Can Cats Eat Bacon?,1,can-cats-eat-bacon,True,True,False,False,False,False,False,False,5,322,3,,,,,,,2,2,24.5,0,0,2,0,12.0
Editorial,Ranking Keywords,No top-10 ranking keywords,https://www.chewy.com/education/small-pet/rat-and-mouse/pet-rat-care-sheet,True,"Prioritize content, metadata, linking, and relevance improvements for this template cohort.",0,Pet Rat Care Sheet | Chewy,26,"Pet rats make wonderful companions. Learn how to properly take care of pet rats, including diet and habitat needs.",114,rat bedding litter and accessories,Pet Rat Care Sheet,1,pet-rat-care-sheet,True,True,False,False,False,False,False,False,35,328,2,,,,,,,3,3,23.0,0,0,2,1,3.0
Editorial,Ranking Keywords,No top-10 ranking keywords,https://www.chewy.com/education/cat/health-and-wellness/how-to-dispose-of-cat-litter,True,"Prioritize content, metadata, linking, and relevance improvements for this template cohort.",0,How To Dispose of Cat Litter: Safe Options for Your Home and the Environment | Chewy,84,"Learn how to dispose of cat litter safely, including trash, flushing, composting, and eco-friendly tips for pet parents.",120,best cat litter disposal systems,How To Dispose of Cat Litter: Safe Options for Your Home and the Environment,1,how-to-dispose-of-cat-litter,True,True,False,False,False,False,False,False,5,319,3,needs,3202.0,good,0.08,,,4,4,26.0,0,0,4,0,128.0
Editorial,Ranking Keywords,No top-10 ranking keywords,https://www.chewy.com/education/cat/food-and-nutrition/slow-feeder-cat-bowls,True,"Prioritize content, metadata, linking, and relevance improvements for this template cohort.",0,"Slow Feeder Cat Bowls: Do They Work, and How Do You Choose One? | Chewy",71,,,cat slow feeders,"Slow Feeder Cat Bowls: Do They Work, and How Do You Choose One?",1,slow-feeder-cat-bowls,True,True,False,False,False,False,False,False,166,315,2,,,,,,,2,2,16.5,0,2,0,0,14.0
Editorial,Ranking Keywords,No top-10 ranking keywords,https://www.chewy.com/education/fish/betta-fish/betta-fish-water-temperature,True,"Prioritize content, metadata, linking, and relevance improvements for this template cohort.",0,Best Betta Fish Water Temperature Guide: Ideal Range and How To Maintain It | Chewy,83,Thinking about getting pet betta fish? Learn which temperatures are required to keep these fish healthy.,104,betta fish temperature,Best Betta Fish Water Temperature Guide: Ideal Range and How To Maintain It,1,betta-fish-water-temperature,True,True,False,False,False,False,False,False,22,318,2,,,,,,,3,3,21.0,0,0,1,2,30.0
Editorial,Ranking Keywords,No top-10 ranking keywords,https://www.chewy.com/education/horse/feed-and-nutrition/can-horses-eat-apples,True,"Prioritize content, metadata, linking, and relevance improvements for this template cohort.",0,Can Horses Eat Apples? l Chewy,30,"Can horses eat apples? Learn how many apples are safe, the benefits and risks, and the best way to feed apples to your horse.",125,can horses eat apples,Can Horses Eat Apples?,1,can-horses-eat-apples,True,True,False,False,False,False,False,False,4,322,2,,,,,,,1,1,22.0,0,0,1,0,4.0
Editorial,Ranking Keywords,No top-10 ranking keywords,https://www.chewy.com/education/cat/food-and-nutrition/5-best-cat-foods-for-multi-cat-households,True,"Prioritize content, metadata, linking, and relevance improvements for this template cohort.",0,5 Best Cat Foods for a Multi-Cat Household | Chewy,50,"If you have a house full of adult felines to feed and want to find a cat food that caters to them all, we’ve got you covered. Find out which are the best cat foods for a multi-cat household.",190,best cat food for multiple cats,5 Best Cat Foods for Multi-Cat Households,1,5-best-cat-foods-for-multi-cat-households,True,True,False,False,False,False,False,False,2,308,3,,,,,,,1,1,,0,0,0,1,3.0
Editorial,Ranking Keywords,No top-10 ranking keywords,https://www.chewy.com/education/cat/training-and-behavior/how-to-stop-kitten-biting,True,"Prioritize content, metadata, linking, and relevance improvements for this template cohort.",0,How To Stop a Kitten From Biting (And Why It Happens) | Chewy,61,Is your cute little kitten giving you (painful) love bites? Check out these tips for how to stop a kitten from biting.,118,how to stop kitten from biting,How To Stop a Kitten From Biting (And Why It Happens),1,how-to-stop-kitten-biting,True,True,False,False,False,False,False,False,3,316,3,,,,,,,6,6,21.0,0,2,3,1,39.0
Editorial,Ranking Keywords,No top-10 ranking keywords,https://www.chewy.com/education/reptile-and-amphibian/turtle-and-tortoise/how-long-do-turtles-live,True,"Prioritize content, metadata, linking, and relevance improvements for this template cohort.",0,How Long Do Turtles and Tortoises Live? | Chewy,47,"Do you know how long turtles live? Get the answer, plus tips on extending your pet turtle or tortoise's lifespan.",113,how long can turtles live,How Long Do Turtles and Tortoises Live?,1,how-long-do-turtles-live,False,False,False,False,False,False,False,False,1,317,3,,,,,,,5,4,19.33,0,2,1,2,
Editorial,Ranking Keywords,No top-10 ranking keywords,https://www.chewy.com/education/small-pet/ferret/ferret-body-language,True,"Prioritize content, metadata, linking, and relevance improvements for this template cohort.",0,,,,,ferret body language,,0,ferret-body-language,,True,False,False,False,False,False,False,1,0,3,,,,,,,2,2,,0,0,0,2,6.0
Editorial,Ranking Keywords,No top-10 ranking keywords,https://www.chewy.com/education/dog/pet-parenting/5-toys-that-will-help-ease-separation-anxiety-in-dogs,True,"Prioritize content, metadata, linking, and relevance improvements for this template cohort.",0,Toy Tips for Treating Separation Anxiety in Dogs | Chewy,56,Does your pup get the blues when you leave him home alone? Here are some great dog toys that can help to reduce separation anxiety in dogs.,139,toys for dogs with separation anxiety,5 Toys to Help Ease Separation Anxiety in Dogs,1,5-toys-that-will-help-ease-separation-anxiety-in-dogs,True,True,False,False,False,False,False,False,2,322,4,,,,,,,6,6,19.6,0,3,2,1,3.0
Editorial,Ranking Keywords,No top-10 ranking keywords,https://www.chewy.com/education/cat/new-cat/new-kitten-checklist,True,"Prioritize content, metadata, linking, and relevance improvements for this template cohort.",0,New Kitten Checklist: 11 Things Your New Kitten Needs | Chewy,61,"From basics, like food and kitty litter, to items that'll help make your cat feel at home, this New Kitten Checklist is a must-read.",132,new kitten checklist,New Kitten Checklist: 11 Must-Have Kitten Essentials,1,new-kitten-checklist,True,True,False,False,False,False,False,False,28,358,2,,,,,,,2,2,17.0,0,1,0,1,21.0
Editorial,Ranking Keywords,No top-10 ranking keywords,https://www.chewy.com/education/dog/food-and-nutrition/diy-dog-treats-for-easter,True,"Prioritize content, metadata, linking, and relevance improvements for this template cohort.",0,DIY Dog Treat Recipe: Decorative Easter Eggs | Chewy,52,Celebrate Easter and spring with your pup with DIY dog treats shaped like Easter eggs. Get the recipe here.,107,easter pet treats,These DIY Easter Egg Dog Treats Are the Cutest Way To Celebrate Spring,1,diy-dog-treats-for-easter,True,True,False,False,False,False,False,False,3,309,4,,,,,,,1,1,27.0,0,0,1,0,1.0
Editorial,Ranking Keywords,No top-10 ranking keywords,https://www.chewy.com/education/cat/food-and-nutrition/best-senior-cat-food,True,"Prioritize content, metadata, linking, and relevance improvements for this template cohort.",0,The Best Senior Cat Food: A Guide to Feeding Your Older Cat | Chewy,67,Mature cats have specific dietary requirements. Here’s what to look for when selecting the best senior cat food for your older feline.,134,how much to feed a senior cat,The Best Senior Cat Food: A Guide to Feeding Your Older Cat,1,best-senior-cat-food,True,True,False,False,False,False,False,False,8,316,3,,,,,,,8,8,25.0,0,0,2,6,8.0
Editorial,Ranking Keywords,No top-10 ranking keywords,https://www.chewy.com/education/dog/food-and-nutrition/can-dogs-eat-peanut-butter,True,"Prioritize content, metadata, linking, and relevance improvements for this template cohort.",0,Can Dogs Eat Peanut Butter? | Chewy,35,"Can dogs eat peanut butter? Learn which types, how much your pup can have, and the risks to avoid. Plus, get vet-approved tips and picks.",137,can dogs eat peanut butter,Can Dogs Eat Peanut Butter?,1,can-dogs-eat-peanut-butter,True,True,False,False,False,False,False,False,13,340,3,,,,,,,4,4,16.0,0,3,0,1,41.0
Editorial,Ranking Keywords,No top-10 ranking keywords,https://www.chewy.com/education/dog/food-and-nutrition/best-puppy-food,True,"Prioritize content, metadata, linking, and relevance improvements for this template cohort.",0,"7 Best Puppy Foods in 2026, Vet Recommended",43,"These are our veterinary experts’ picks for the best puppy food, from dry puppy food to wet puppy food, for pets and budgets of all sizes.",138,best large breed puppy food vet recommended,"7 Best Puppy Foods in 2026, Vet Recommended",1,best-puppy-food,True,True,False,False,False,False,False,False,4,320,2,,,,,,,2,2,29.0,0,0,2,0,16.0
Editorial,Ranking Keywords,No top-10 ranking keywords,https://www.chewy.com/education/dog/health-and-wellness/pet-health-insurance-what-every-pet-parent-needs-to-know,True,"Prioritize content, metadata, linking, and relevance improvements for this template cohort.",0,,,,,pumpkin vs chewy,,0,pet-health-insurance-what-every-pet-parent-needs-to-know,,False,False,False,False,False,False,False,23,0,3,,,,,,,1,1,,0,0,0,1,2.0
Editorial,Ranking Keywords,No top-10 ranking keywords,https://www.chewy.com/education/dog/general/love-inspired-dog-names,True,"Prioritize content, metadata, linking, and relevance improvements for this template cohort.",0,100 Valentine's Day Dog Names Inspired by Love | Chewy,54,These Valentine's Day dog names will show the world how much you love your pup. Check out our top picks for love-inspired dog names.,132,female dog names with meaning,100 Valentine’s Day Dog Names Inspired by Love,1,love-inspired-dog-names,True,True,False,False,False,False,False,False,3,320,4,needs,2904.0,good,0.09,,,1,1,,0,0,0,1,55.0
Editorial,Ranking Keywords,No top-10 ranking keywords,https://www.chewy.com/education/dog-breeds/greyhound,True,"Prioritize content, metadata, linking, and relevance improvements for this template cohort.",0,,,,,greyhound dog,,0,greyhound,,False,False,False,False,False,False,False,15,0,3,,,,,,,2,2,26.0,0,0,1,1,
Editorial,Ranking Keywords,No top-10 ranking keywords,https://www.chewy.com/education/dog/training-and-behavior/why-do-dogs-scratch-their-beds,True,"Prioritize content, metadata, linking, and relevance improvements for this template cohort.",0,Why Do Dogs Scratch Their Beds? Is This Normal? l Chewy,55,Ever wonder why your dog scratches their paws at their bed before lying down? Here’s the reason why and whether it’s normal.,124,why do dogs scratch the couch,Why Do Dogs Scratch Their Beds? Is This Normal?,1,why-do-dogs-scratch-their-beds,True,True,False,False,False,False,False,False,4,340,2,,,,,,,1,1,32.0,0,0,1,0,58.0
Editorial,Ranking Keywords,No top-10 ranking keywords,https://www.chewy.com/education/fish/general/what-is-swim-bladder-disease-and-how-is-it-treated,True,"Prioritize content, metadata, linking, and relevance improvements for this template cohort.",0,Swim Bladder Disease in Fish: What It Is and How To Treat It | Chewy,68,Have you noticed bloating and buoyancy issues in your fish? It could be swim bladder disease. Find out what it is and how to treat it.,134,swim bladder,Swim Bladder Disease in Fish: What It Is and How To Treat It,1,what-is-swim-bladder-disease-and-how-is-it-treated,True,True,False,False,False,False,False,False,7,318,3,needs,2708.0,good,0.09,,,8,7,21.67,0,1,2,5,202.0
Editorial,Ranking Keywords,No top-10 ranking keywords,https://www.chewy.com/education/small-pet/ferret/ferret-care-sheet,True,"Prioritize content, metadata, linking, and relevance improvements for this template cohort.",0,Ferret Care Sheet | Chewy,25,Thinking about getting pet ferret? Learn everything you need to know to care for them properly.,95,what do you need for a ferret,Ferret Care Sheet,1,ferret-care-sheet,True,True,False,False,False,False,False,False,5,326,2,,,,,,,5,5,22.0,0,2,3,0,2.0
Editorial,Ranking Keywords,No top-10 ranking keywords,https://www.chewy.com/education/cat/health-and-wellness/fish-oil-for-cats,True,"Prioritize content, metadata, linking, and relevance improvements for this template cohort.",0,Fish Oil for Cats | Chewy,25,"Learn what fish oil is, why it may be used in cats, possible side effects, and when your vet might recommend it.",112,omega 3 for cats,"Fish Oil for Cats: Uses, Safety Tips, and What You Need to Know",1,fish-oil-for-cats,True,True,False,False,False,False,False,False,6,312,2,,,,,,,3,3,16.5,0,1,1,1,27.0
Editorial,Ranking Keywords,No top-10 ranking keywords,https://www.chewy.com/education/fish/freshwater-fish/how-to-clean-a-fish-tank-freshwater-instructions,True,"Prioritize content, metadata, linking, and relevance improvements for this template cohort.",0,How to Clean a Fish Tank: Freshwater Tank Instructions | Chewy,62,How do you remove grime from your freshwater aquarium while keeping your fish healthy? We’ve got your guide to how to clean a fish tank.,136,how to clean a fish tank,The Essential Guide to Cleaning Your Freshwater Fish Tank,1,how-to-clean-a-fish-tank-freshwater-instructions,True,True,False,False,False,False,False,False,31,323,2,needs,3405.0,good,0.09,,,11,10,19.9,0,5,5,1,17.0
Editorial,Ranking Keywords,No top-10 ranking keywords,https://www.chewy.com/education/dog/general/popular-dog-names,True,"Prioritize content, metadata, linking, and relevance improvements for this template cohort.",0,The Most Popular Dog Names for 2026 | Chewy,43,"From Luna to Brisket, find out the most popular dog names of 2026. Explore puppy name trends, state-by-state favorites, and unique picks for your pet.",150,dog names,The Most Popular Dog Names for 2026,1,popular-dog-names,True,True,False,False,False,False,False,False,4,323,3,needs,2738.0,good,0.05,,,2,1,,0,0,0,2,127.0
Editorial,Ranking Keywords,No top-10 ranking keywords,https://www.chewy.com/education/cat/training-and-behavior,True,"Prioritize content, metadata, linking, and relevance improvements for this template cohort.",0,"Cat Training & Behavior: House Rules, Bonding Techniques & More | Chewy",71,"Discover cat training and behavior insights, including how to manage unwanted habits, encourage positive routines, and reduce stress.",133,why does my cat steal my socks,Cat Training & Behavior,1,training-and-behavior,True,True,False,False,False,False,False,False,318249,329,1,,,,,,,2,2,,0,0,0,2,1.0
Editorial,Ranking Keywords,No top-10 ranking keywords,https://www.chewy.com/education/small-pet/pet-parenting,True,"Prioritize content, metadata, linking, and relevance improvements for this template cohort.",0,Pet Parenting Hub | Chewy,25,Navigate the joys and responsibilities of animal ownership with the Pet Parenting Hub.,86,chewy dog models,Pet Parenting,1,pet-parenting,True,False,False,False,False,False,False,False,2,306,4,,,,,,,1,1,27.0,0,0,1,0,1.0
Editorial,Ranking Keywords,No top-10 ranking keywords,https://www.chewy.com/education/cat/general/popular-cat-names,True,"Prioritize content, metadata, linking, and relevance improvements for this template cohort.",0,The Most Popular Cat Names for 2026 | Chewy,43,"Discover the most popular cat names of 2026, plus trending, cute, and unique cat names for every personality. Find the perfect name for your kitten today.",154,by chewy cat-top rated and trending,The Most Popular Cat Names for 2026,1,popular-cat-names,True,True,False,False,False,False,False,False,4,325,3,,,,,,,1,1,,0,0,0,1,111.0
Editorial,Ranking Keywords,No top-10 ranking keywords,https://www.chewy.com/education/cat/grooming/4-flea-shampoos-cats-will-make-coats-shine,True,"Prioritize content, metadata, linking, and relevance improvements for this template cohort.",0,"8 Best Flea Shampoos for Cats, According to Reviews | Chewy",59,"When used properly, flea shampoo for cats can be one step in the process of eliminating fleas. Here are top-rated flea shampoos for cats.",137,flea shampoo for cats,"The 8 Best Flea Shampoos for Cats, According to Reviews",1,4-flea-shampoos-cats-will-make-coats-shine,True,True,False,False,False,False,False,False,4,316,2,,,,,,,3,3,20.5,0,1,1,1,9.0
Editorial,Ranking Keywords,No top-10 ranking keywords,https://www.chewy.com/education/cat/food-and-nutrition/natural-cat-food,True,"Prioritize content, metadata, linking, and relevance improvements for this template cohort.",0,What Is Natural Cat Food? And Should My Cat Eat It? | Chewy,59,"Some pet parents are turning to natural cat food, enticed by its promise of high-quality, wholesome ingredients. But what exactly is it?",136,natural cat food,What Is Natural Cat Food? And Should My Cat Eat It?,1,natural-cat-food,True,True,False,False,False,False,False,False,3,320,3,,,,,,,2,2,22.0,0,0,1,1,3.0
Editorial,Ranking Keywords,No top-10 ranking keywords,https://www.chewy.com/education/dog/general/whats-in-a-show-dog-name,True,"Prioritize content, metadata, linking, and relevance improvements for this template cohort.",0,What’s In A Show Dog Name? | Chewy,34,"Ever wonder how dogs get those long, fancy names in the show ring?",66,dog show names,What’s in a Show Dog Name?,1,whats-in-a-show-dog-name,True,True,False,False,False,False,False,False,2,307,4,,,,,,,2,2,18.0,0,1,0,1,4.0
Editorial,Ranking Keywords,No top-10 ranking keywords,https://www.chewy.com/education/cat/pet-parenting/do-cats-get-lonely-if-left-home-alone-all-day,True,"Prioritize content, metadata, linking, and relevance improvements for this template cohort.",0,,,,,do cats have a sense of time,,0,do-cats-get-lonely-if-left-home-alone-all-day,,False,False,False,False,False,False,False,1,0,3,,,,,,,2,2,,0,0,0,2,36.0
Editorial,Ranking Keywords,No top-10 ranking keywords,https://www.chewy.com/education/bird/conure/5-things-you-need-to-know-about-green-cheeked-conures,True,"Prioritize content, metadata, linking, and relevance improvements for this template cohort.",0,5 Things You Need To Know About Green-Cheeked Conures | Chewy,61,"BeChewy fills you in on 5 things you should know about green-cheeked Conures, from personality and socialization to noises they make.",133,green cheek conure,5 Things You Need To Know About Green-Cheeked Conures,1,5-things-you-need-to-know-about-green-cheeked-conures,True,True,False,False,False,False,False,False,6,307,3,,,,,,,9,9,18.14,0,3,4,2,47.0
Editorial,Ranking Keywords,No top-10 ranking keywords,https://www.chewy.com/education/cat/health-and-wellness/mange-in-cats,True,"Prioritize content, metadata, linking, and relevance improvements for this template cohort.",0,"Mange in Cats: Signs, Causes, and How To Treat | Chewy",54,"Everything you need to know about mange in cats, mites on cats, and mange treatment for cats.",93,cats with mange,"Mange in Cats: Signs, Causes, and How To Treat",1,mange-in-cats,True,True,False,False,False,False,False,False,3,334,3,needs,2844.0,good,0.09,,,4,4,22.5,0,1,3,0,78.0
Editorial,Ranking Keywords,No top-10 ranking keywords,https://www.chewy.com/education/cat/health-and-wellness/health-wellness-allergies-supplements-that-can-sooth-allergy-symptoms,True,"Prioritize content, metadata, linking, and relevance improvements for this template cohort.",0,Supplements That Can Soothe Pet Allergy Symptoms | Chewy,56,"When you pet seems overwhelmed and uncomfortable, you may be able to help him by addressing the symptoms with supplements.",122,dog supplements allergies,Supplements That Can Soothe Pet Allergy Symptoms,1,health-wellness-allergies-supplements-that-can-sooth-allergy-symptoms,True,True,False,False,False,False,False,False,4,311,4,,,,,,,4,4,21.0,0,1,1,2,1.0
Editorial,Ranking Keywords,No top-10 ranking keywords,https://www.chewy.com/education/dog/grooming/matted-dog-hair,True,"Prioritize content, metadata, linking, and relevance improvements for this template cohort.",0,How To Untangle Matted Dog Hair | Chewy,39,Need help dealing with mats in dog hair? Here’s a step-by-step guide on how to get mats out of dog hair and help your dog feel better.,134,best way to detangle matted dog hair,How To Safely Untangle Matted Dog Hair,1,matted-dog-hair,True,True,False,False,False,False,False,False,4,331,3,,,,,,,5,5,21.0,0,3,2,0,6.0
Editorial,Ranking Keywords,No top-10 ranking keywords,https://www.chewy.com/education/dog/food-and-nutrition/vitamin-b12-for-dogs,True,"Prioritize content, metadata, linking, and relevance improvements for this template cohort.",0,What Is Vitamin B12 for Dogs? | Chewy,37,Does your dog need added B12 in their diet? Find out the benefits of vitamin B12 for dogs and how to spot deficiency symptoms.,126,what is vitamin b12 used for in dogs,What Is Vitamin B12 for Dogs?,1,vitamin-b12-for-dogs,True,True,False,False,False,False,False,False,4,326,3,,,,,,,2,2,17.0,0,2,0,0,11.0
Editorial,Ranking Keywords,No top-10 ranking keywords,https://www.chewy.com/education/bird/cockatiel/should-i-expect-my-cockatiel-to-lay-an-egg,True,"Prioritize content, metadata, linking, and relevance improvements for this template cohort.",0,Should I Expect My Cockatiel To Lay An Egg? | Chewy,51,Six major conditions need to be met to prompt cockatiels to lay eggs.,69,cockatiel eggs,Should I Expect My Cockatiel To Lay An Egg?,1,should-i-expect-my-cockatiel-to-lay-an-egg,True,True,False,False,False,False,False,False,23,307,2,,,,,,,8,8,23.38,0,2,6,0,6.0
Editorial,Ranking Keywords,No top-10 ranking keywords,https://www.chewy.com/education/bird/cockatiel/my-cockatiel-laid-an-egg-so-now-what,True,"Prioritize content, metadata, linking, and relevance improvements for this template cohort.",0,,,,,cockatiel egg,,0,my-cockatiel-laid-an-egg-so-now-what,,True,False,False,False,False,False,False,2,0,3,,,,,,,10,8,,0,0,0,10,7.0
Editorial,Ranking Keywords,No top-10 ranking keywords,https://www.chewy.com/education/reptile-and-amphibian/bearded-dragon/bearded-dragon-lifespan,True,"Prioritize content, metadata, linking, and relevance improvements for this template cohort.",0,Bearded Dragon Lifespan: How Long Will Your Beardie Live? l Chewy Education,75,Curious about your bearded dragon’s life expectancy? Learn how long these reptiles live and how to keep them healthy.,117,bearded dragon lifespan,How Long Do Bearded Dragons Live?,1,bearded-dragon-lifespan,True,True,False,False,False,False,False,False,3,341,3,,,,,,,2,2,18.0,0,1,1,0,21.0
Editorial,Ranking Keywords,No top-10 ranking keywords,https://www.chewy.com/education/dog/food-and-nutrition/how-often-should-you-feed-a-dog,True,"Prioritize content, metadata, linking, and relevance improvements for this template cohort.",0,How Often Should You Feed a Dog? | Chewy,40,"Learn how often to feed a dog based on age, breed, and lifestyle. Get feeding schedules for puppies and adult dogs plus expert feeding tips.​ ​",143,how often should you feed a dog,How Often Should You Feed a Dog?,1,how-often-should-you-feed-a-dog,True,True,False,False,False,False,False,False,6,328,2,,,,,,,3,3,16.33,0,2,1,0,25.0
Editorial,Ranking Keywords,No top-10 ranking keywords,https://www.chewy.com/education/dog/general/share-the-love-with-the-best-valentines-day-gifts-for-dogs-and-dog-lovers,True,"Prioritize content, metadata, linking, and relevance improvements for this template cohort.",0,Best Valentine's Day Gifts for Dogs and Dog Lovers | Chewy,58,Give your sweetheart something special this Valentine's Day with these top Valentine gifts for dogs and gifts for dog lovers.,125,valentines day dog,Say ‘I Woof You’ with These Valentine’s Day Gifts for Dogs and Dog Lovers,1,share-the-love-with-the-best-valentines-day-gifts-for-dogs-and-dog-lovers,True,True,False,False,False,False,False,False,2,321,5,,,,,,,1,1,,0,0,0,1,1.0
Editorial,Ranking Keywords,No top-10 ranking keywords,https://www.chewy.com/education/fish/general/aquarium-fish-fungus,True,"Prioritize content, metadata, linking, and relevance improvements for this template cohort.",0,Aquarium Fish Fungus | Chewy,28,BeChewy looks at fungus in aquarium fish - usually caused by stress or hygiene issues in the aquarium - and how to alleviate it.,128,fish fungus medication,Aquarium Fish Fungus,1,aquarium-fish-fungus,True,True,False,False,False,False,False,False,7,310,3,,,,,,,2,2,,0,0,0,2,5.0
Editorial,Ranking Keywords,No top-10 ranking keywords,https://www.chewy.com/education/cat/health-and-wellness/heartworm-disease-in-cats-everything-you-need-to-know,True,"Prioritize content, metadata, linking, and relevance improvements for this template cohort.",0,,,,,cat heartworm medicine,,0,heartworm-disease-in-cats-everything-you-need-to-know,,False,False,False,False,False,False,False,16,0,3,,,,,,,1,1,,0,0,0,1,5.0
Editorial,Ranking Keywords,No top-10 ranking keywords,https://www.chewy.com/education/reptile-and-amphibian/general/best-substrate-for-bearded-dragons,True,"Prioritize content, metadata, linking, and relevance improvements for this template cohort.",0,What Is the Best Substrate for Bearded Dragons? | Chewy Education,65,Reptile enclosures can have various different substrates. Do you know which substrate is best for bearded dragons?,114,bearded dragon bedding,What Is the Best Substrate for Bearded Dragons?,1,best-substrate-for-bearded-dragons,True,True,False,False,False,False,False,False,5,326,3,,,,,,,7,7,25.71,0,1,6,0,6.0
Editorial,Ranking Keywords,No top-10 ranking keywords,https://www.chewy.com/education/wildlife,True,"Prioritize content, metadata, linking, and relevance improvements for this template cohort.",0,Wildlife Care Tips and Information for Common Backyard Animals | Chewy,70,"Explore guides on coexisting with backyard wildlife, supporting habitats, and seasonal care in the Wildlife Education Hub. From birds to deer, explore wildlife care tips and practical information for animals commonly found near your home by Chewy Education experts.",265,wildlife supplies birdseed beekeeping squirrel food and more,Wildlife,1,wildlife,True,True,False,False,False,False,False,False,32,324,2,,,,,,,1,1,11.0,0,1,0,0,1.0
Editorial,Ranking Keywords,No top-10 ranking keywords,https://www.chewy.com/education/dog/food-and-nutrition/raw-food-diet-for-dogs,True,"Prioritize content, metadata, linking, and relevance improvements for this template cohort.",0,What Is a Raw Food Diet for Dogs? | Chewy,41,"Here’s everything that pet parents should know raw food diets for dogs, including the risks, whether it’s right for their pup, and more.",136,best raw food diet for dogs,What Is a Raw Food Diet for Dogs?,1,raw-food-diet-for-dogs,True,True,False,False,False,False,False,False,7,313,3,,,,,,,2,2,18.0,0,1,0,1,7.0
Editorial,Ranking Keywords,No top-10 ranking keywords,https://www.chewy.com/education/dog/feed-and-nutrition/whats-the-best-fresh-food-for-a-cane-corso,True,"Prioritize content, metadata, linking, and relevance improvements for this template cohort.",0,What’s the Best Fresh Food for a Cane Corso? | Chewy,52,"Fresh dog food for a Cane Corso, such as Chewy’s Get Real Fresh Food, helps promote your pet’s health. Learn why fresh food benefits this breed.",144,best dog food for cane corsos,What’s the Best Fresh Food for a Cane Corso?,1,whats-the-best-fresh-food-for-a-cane-corso,True,True,False,False,False,False,False,False,2,322,8,,,,,,,34,30,18.45,0,21,10,3,6.0
Editorial,Ranking Keywords,No top-10 ranking keywords,https://www.chewy.com/education/small-pet/ferret/ferret-care-how-to-litter-train-your-ferret,True,"Prioritize content, metadata, linking, and relevance improvements for this template cohort.",0,Ferret Care: Litter Training Your Ferret | Chewy,48,Did you know ferrets can be trained to use the litter box? The right ferret supplies and a little patience will go a long way in ensuring litter training success.,162,best ferret litter,Ferret Care: How to Litter Train Your Ferret,1,ferret-care-how-to-litter-train-your-ferret,True,True,False,False,False,False,False,False,4,311,3,,,,,,,2,2,30.0,0,0,2,0,6.0
Editorial,Ranking Keywords,No top-10 ranking keywords,https://www.chewy.com/education/small-pet/sugar-glider/12-common-sugar-glider-behaviors,True,"Prioritize content, metadata, linking, and relevance improvements for this template cohort.",0,12 Common Sugar Glider Behaviors | Chewy,40,BeChewy looks at 12 of the most common behaviors of the adorable marsupial known as the Sugar Glider.,101,do sugar gliders bite,12 Common Sugar Glider Behaviors,1,12-common-sugar-glider-behaviors,True,True,False,False,False,False,False,False,22,307,2,needs,3517.0,needs,0.1,,,1,1,21.0,0,0,1,0,152.0
Editorial,Ranking Keywords,No top-10 ranking keywords,https://www.chewy.com/education/dog/training-and-behavior/how-to-teach-your-dog-to-be-calm-in-a-dog-crate,True,"Prioritize content, metadata, linking, and relevance improvements for this template cohort.",0,Teach Your Anxious Dog to Be Calm in a Dog Crate | Chewy,56,Does your pup get anxious in a dog crate? Learn how to easily calm your dog down if he gets nervous or rambunctious every time you put him in the dog crate,155,dog kennel anxiety,How to Teach Your Dog to Be Calm in a Dog Crate,1,how-to-teach-your-dog-to-be-calm-in-a-dog-crate,True,True,False,False,False,False,False,False,3,321,4,,,,,,,3,3,18.0,0,1,1,1,4.0
Editorial,Ranking Keywords,No top-10 ranking keywords,https://www.chewy.com/education/dog-breeds/pembroke-welsh-corgi,True,"Prioritize content, metadata, linking, and relevance improvements for this template cohort.",0,,,,,corgi dog,,0,pembroke-welsh-corgi,,False,False,False,False,False,False,False,10,0,3,,,,,,,2,2,,0,0,0,2,1.0
Editorial,Ranking Keywords,No top-10 ranking keywords,https://www.chewy.com/education/dog/new-dog/pet-parenting-holidays-puppys-first-christmas-what-you-need-to-know,True,"Prioritize content, metadata, linking, and relevance improvements for this template cohort.",0,Puppy’s First Christmas: 10 Tips for a Safe and Stress-Free Celebration | Chewy,79,Celebrating your puppy’s first Christmas? Congrats! Read on for safety tips and festive suggestions for making the most of this season.,135,puppys first christmas,Puppy’s First Christmas: 10 Tips for a Safe and Stress-Free Celebration,1,pet-parenting-holidays-puppys-first-christmas-what-you-need-to-know,True,True,False,False,False,False,False,False,3,330,3,,,,,,,3,2,12.0,0,1,0,2,1.0
Editorial,Ranking Keywords,No top-10 ranking keywords,https://www.chewy.com/education/farm-animal/llama-and-alpaca,True,"Prioritize content, metadata, linking, and relevance improvements for this template cohort.",0,Llama & Alpaca Education Hub | Chewy,36,"Explore animal care, social behavior, and feeding strategies in the Llama & Alpaca Education Hub.",97,llama supplies,Llama & Alpaca,1,llama-and-alpaca,True,True,False,False,False,False,False,False,7,304,2,,,,,,,1,1,27.0,0,0,1,0,1.0
Editorial,Ranking Keywords,No top-10 ranking keywords,https://www.chewy.com/education/dog/food-and-nutrition/dog-food-labels-and-dog-nutrition,True,"Prioritize content, metadata, linking, and relevance improvements for this template cohort.",0,How to Read a Dog Food Label | Chewy,36,"It can be downright confusing reading the dog food label on your pup’s dry or wet food. So, we asked vet experts to explain it all.",131,dog food nutrition label,How to Read a Dog Food Label,1,dog-food-labels-and-dog-nutrition,True,True,False,False,False,False,False,False,13,310,3,,,,,,,8,8,,0,0,0,8,2.0
Editorial,Ranking Keywords,No top-10 ranking keywords,https://www.chewy.com/education/cat/grooming/persian-cat-face-grooming-and-cleaning-tips,True,"Prioritize content, metadata, linking, and relevance improvements for this template cohort.",0,Persian Cat Face Grooming And Cleaning Tips | Chewy,51,See how you can keep your Persian cat’s fur from getting tear stains and what the perfect Persian cat face looks like to cat show judges.,137,persian cat grooming,Persian Cat Face Grooming And Cleaning Tips,1,persian-cat-face-grooming-and-cleaning-tips,True,True,False,False,False,False,False,False,2,310,2,,,,,,,2,2,17.0,0,1,0,1,6.0
Editorial,Ranking Keywords,No top-10 ranking keywords,https://www.chewy.com/education/cat/health-and-wellness/cat-spaying,True,"Prioritize content, metadata, linking, and relevance improvements for this template cohort.",0,"What Is Cat Spaying: Benefits, Cost, Recovery, and FAQs | Chewy",63,"Wondering what cat spaying involves? Learn the benefits, typical cost, best age to spay, what the procedure is like, and aftercare tips for a smooth recovery.",158,spaying a cat,"What Is Cat Spaying: Benefits, Cost, and More",1,cat-spaying,True,True,False,False,False,False,False,False,3,321,3,,,,,,,10,10,22.75,0,1,3,6,34.0
Editorial,Ranking Keywords,No top-10 ranking keywords,https://www.chewy.com/education/bird/canary-and-finch/5-things-you-gotta-know-about-finches,True,"Prioritize content, metadata, linking, and relevance improvements for this template cohort.",0,5 Things You Gotta Know About Finches | Chewy,45,"Although finches cannot be tamed quite like parrots, finches are plenty of fun to listen to and watch.",102,zebra finch behavior,5 Things You Gotta Know About Finches,1,5-things-you-gotta-know-about-finches,True,True,False,False,False,False,False,False,7,309,3,,,,,,,4,3,20.0,0,2,1,1,11.0
Editorial,Ranking Keywords,No top-10 ranking keywords,https://www.chewy.com/education/dog/health-and-wellness/natural-flea-remedies-for-pets,True,"Prioritize content, metadata, linking, and relevance improvements for this template cohort.",0,,,,,home remedy for fleas in the yard,,0,natural-flea-remedies-for-pets,,False,False,False,False,False,False,False,0,0,4,,,,,,,1,1,,0,0,0,1,
Editorial,Ranking Keywords,No top-10 ranking keywords,https://www.chewy.com/education/small-pet/general/sugar-glider-care-sheet,True,"Prioritize content, metadata, linking, and relevance improvements for this template cohort.",0,Sugar Glider Care Sheet | Chewy,31,Thinking about getting a pet sugar glider? Learn everything you need to know to care for them properly.,103,best bedding for sugar gliders,Sugar Glider Care Sheet,1,sugar-glider-care-sheet,True,True,False,False,False,False,False,False,9,331,3,,,,,,,1,1,29.0,0,0,1,0,1.0
Editorial,Ranking Keywords,No top-10 ranking keywords,https://www.chewy.com/education/wildlife/squirrel-and-chipmunk,True,"Prioritize content, metadata, linking, and relevance improvements for this template cohort.",0,"Squirrel & Chipmunk Care Tips, Guides, and Information | Chewy",62,"Discover how to peacefully coexist with squirrels and chipmunks in the Squirrel & Chipmunk Education Hub. Learn how to care for squirrels and chipmunks with expert tips, helpful guides, and trusted information for supporting backyard wildlife from Chewy Education.",264,supplies for squirrels chipmunks and raccoons,Squirrel & Chipmunk,1,squirrel-and-chipmunk,True,True,False,False,False,False,False,False,5,305,3,,,,,,,1,1,,0,0,0,1,1.0
Editorial,Ranking Keywords,No top-10 ranking keywords,https://www.chewy.com/education/cat/general/fall-candles-and-home-fragrances-for-pet-friendly-homes,True,"Prioritize content, metadata, linking, and relevance improvements for this template cohort.",0,Our Favorite Pet-Safe Candles For Fall and Winter | Chewy,57,"From pumpkin spice and apples to pine forest, these pet-safe candles for fall and winter will scent your space without harming your pet.",136,pet safe candles,The Pet-Safe Candles We’re Lighting This Fall and Winter,1,fall-candles-and-home-fragrances-for-pet-friendly-homes,True,True,False,False,False,False,False,False,6,318,4,,,,,,,4,4,13.75,0,4,0,0,5.0
Editorial,Ranking Keywords,No top-10 ranking keywords,https://www.chewy.com/education/dog/food-and-nutrition/boo-berry-bones-diy-dog-treat-recipe,True,"Prioritize content, metadata, linking, and relevance improvements for this template cohort.",0,Halloween “Boo-Berry Bones” DIY Dog Treat Recipe | Chewy,56,Celebrate Halloween with this easy DIY dog treat recipe. This homemade dog biscuit is the perfect healthy dog treat for four-legged trick-or-treaters.,150,pumpkin flavored dog bones,Halloween “Boo-Berry Bones” DIY Dog Treat Recipe,1,boo-berry-bones-diy-dog-treat-recipe,True,True,False,False,False,False,False,False,5,317,4,,,,,,,1,1,,0,0,0,1,1.0
Editorial,Ranking Keywords,No top-10 ranking keywords,https://www.chewy.com/education/cat/health-and-wellness/cat-spraying,True,"Prioritize content, metadata, linking, and relevance improvements for this template cohort.",0,How To Stop Cat Spraying (And Why Cats Do It in the First Place) | Chewy,72,Are you struggling with your cat’s spraying behavior? Find out what might be causing it—and what you can do about it.,117,do female cats spray,How To Stop Cat Spraying (And Why Cats Do It in the First Place),1,cat-spraying,True,True,False,False,False,False,False,False,13,320,3,needs,3484.0,good,0.09,,,8,8,20.14,0,4,3,1,43.0
Editorial,Ranking Keywords,No top-10 ranking keywords,https://www.chewy.com/education/cat/training-and-behavior/what-is-single-kitten-syndrome,True,"Prioritize content, metadata, linking, and relevance improvements for this template cohort.",0,What Is Single Kitten Syndrome? | Chewy,39,"Learn what single kitten syndrome is, whether it’s supported by science, and how to prevent behavior problems in solo kittens. Get expert tips before adopting.",159,single kitten litter,What Is Single Kitten Syndrome?,1,what-is-single-kitten-syndrome,True,True,False,False,False,False,False,False,5,320,2,,,,,,,1,1,11.0,0,1,0,0,45.0
Editorial,Ranking Keywords,No top-10 ranking keywords,https://www.chewy.com/education/cat/training-and-behavior/training-training-tips-genius-ways-to-keep-your-cat-off-the-counter,True,"Prioritize content, metadata, linking, and relevance improvements for this template cohort.",0,How To Keep Cats Off Counters | Chewy,37,"Want to know how to keep cats off counters? Discover TK expert-backed tips to stop your cat from jumping on countertops and tables, once and for all.",149,how to keep cats off countertops,How To Keep Cats off Counters,1,training-training-tips-genius-ways-to-keep-your-cat-off-the-counter,False,False,False,False,False,False,False,False,1,322,4,,,,,,,5,5,13.6,0,5,0,0,
Editorial,Ranking Keywords,No top-10 ranking keywords,https://www.chewy.com/education/horse/tack-and-stable/choosing-horse-tack,True,"Prioritize content, metadata, linking, and relevance improvements for this template cohort.",0,A Horse Owner’s Guide To Choosing the Right Horse Tack | Chewy,62,"Discover which kinds of tack are available for your horse, including tips on how to choose the best equipment.",110,what is horse tack,A Horse Owner’s Guide To Choosing the Right Horse Tack,1,choosing-horse-tack,True,True,False,False,False,False,False,False,6,338,2,,,,,,,2,2,18.0,0,1,1,0,1.0
Editorial,Ranking Keywords,No top-10 ranking keywords,https://www.chewy.com/education/dog/food-and-nutrition/can-dogs-eat-bananas,True,"Prioritize content, metadata, linking, and relevance improvements for this template cohort.",0,Can Dogs Eat Bananas? | Chewy,29,Bananas can be a safe and tasty treat for dogs. Learn how much banana your dog can eat and the best ways to serve it—plus what to avoid.,136,can dogs have bananas,Can Dogs Eat Bananas?,1,can-dogs-eat-bananas,True,True,False,False,False,False,False,False,23,325,3,,,,,,,3,3,15.67,0,3,0,0,24.0
Editorial,Ranking Keywords,No top-10 ranking keywords,https://www.chewy.com/education/dog/flea-and-tick/fleas-on-dogs,True,"Prioritize content, metadata, linking, and relevance improvements for this template cohort.",0,"Fleas on Dogs: Signs, Treatment, and Prevention | Chewy",55,Got an itchy dog? Fleas are the most likely culprit. Here are the most common signs of fleas on dogs and how to get rid of fleas for good.,138,fleas on dogs,How to Spot Fleas on Dogs and Get Rid of Them for Good,1,fleas-on-dogs,True,True,False,False,False,False,False,False,21,331,2,,,,,,,2,2,,0,0,0,2,24.0
Editorial,Ranking Keywords,No top-10 ranking keywords,https://www.chewy.com/education/dog/food-and-nutrition/nutrition-pet-diet-tips-can-dogs-eat-almonds,True,"Prioritize content, metadata, linking, and relevance improvements for this template cohort.",0,Can Dogs Eat Almonds? Everything You Need to Know| BeChewy,58,"Can dogs eat almonds? While almonds aren’t toxic to dogs, they can pose potential health problems and should be avoided. Find out why and what to do if your dog eats an almond.",176,can dogs eat almonds,Can Dogs Eat Almonds?,1,nutrition-pet-diet-tips-can-dogs-eat-almonds,True,True,False,False,False,False,False,False,4,306,3,,,,,,,3,3,15.0,0,3,0,0,8.0
Editorial,Ranking Keywords,No top-10 ranking keywords,https://www.chewy.com/education/dog-breeds/american-bulldog,True,"Prioritize content, metadata, linking, and relevance improvements for this template cohort.",0,,,,,bulldog,,0,american-bulldog,,False,False,False,False,False,False,False,2,0,3,,,,,,,4,4,17.67,0,2,1,1,
Editorial,Ranking Keywords,No top-10 ranking keywords,https://www.chewy.com/education/dog/grooming/grooming-a-dog-with-clippers,True,"Prioritize content, metadata, linking, and relevance improvements for this template cohort.",0,Grooming a Dog With Clippers: How to Give a Dog a Haircut at Home | Chewy,73,Grooming a dog with clippers is no easy feat. Follow this guide from a pro groomer to give your dog a haricut at home safely.,125,how to cut dogs hair,A Beginner’s Guide to Grooming a Dog With Clippers at Home,1,grooming-a-dog-with-clippers,True,True,False,False,False,False,False,False,14,317,3,,,,,,,3,3,13.67,0,3,0,0,8.0
Editorial,Ranking Keywords,No top-10 ranking keywords,https://www.chewy.com/education/dog/general/behavior-breeds-caucasian-ovcharka-dog-breed,True,"Prioritize content, metadata, linking, and relevance improvements for this template cohort.",0,Caucasian Ovcharka Dog Breed | Chewy,36,"With an interesting name, the Caucasian Ovcharka is sure to have a storied history, right? Find out more about this breed right here!",133,caucasian ovcharka,Caucasian Ovcharka Dog Breed,1,behavior-breeds-caucasian-ovcharka-dog-breed,True,True,False,False,False,False,False,False,2,307,4,,,,,,,2,2,11.0,0,2,0,0,6.0
Editorial,Ranking Keywords,No top-10 ranking keywords,https://www.chewy.com/education/cat/food-and-nutrition/can-cats-eat-chocolate,True,"Prioritize content, metadata, linking, and relevance improvements for this template cohort.",0,Can Cats Eat Chocolate?,23,"Can cats eat chocolate? No, and in severe cases, chocolate poisoning can actually be fatal. We speak to a vet all about chocolate and cats.",139,can cats have chocolate,Can Cats Eat Chocolate?,1,can-cats-eat-chocolate,True,True,False,False,False,False,False,False,18,309,3,,,,,,,4,3,16.25,0,4,0,0,3.0
Editorial,Ranking Keywords,No top-10 ranking keywords,https://www.chewy.com/education/dog/food-and-nutrition/can-dogs-eat-turkey,True,"Prioritize content, metadata, linking, and relevance improvements for this template cohort.",0,Can Dogs Eat Turkey? | Chewy,28,"Turkey can be a tasty treat for dogs but only if it's served safely. Learn which parts are OK, what to avoid, and how much to give.",131,can dogs eat ground turkey,Can Dogs Eat Turkey?,1,can-dogs-eat-turkey,True,True,False,False,False,False,False,False,15,328,3,,,,,,,4,4,14.5,0,2,0,2,11.0
Editorial,Ranking Keywords,No top-10 ranking keywords,https://www.chewy.com/education/bird/health-and-wellness/is-my-bird-susceptible-to-the-cold-or-the-flu,True,"Prioritize content, metadata, linking, and relevance improvements for this template cohort.",0,Is My Bird Susceptible To The Cold Or The Flu? | Chewy,54,Can a bird catch a virus from a human or from another source?,61,can birds get sick from humans,Is My Bird Susceptible To The Cold Or The Flu?,1,is-my-bird-susceptible-to-the-cold-or-the-flu,True,True,False,False,False,False,False,False,2,307,3,,,,,,,1,1,11.0,0,1,0,0,1.0
Editorial,Ranking Keywords,No top-10 ranking keywords,https://www.chewy.com/education/cat/health-and-wellness/gingivitis-in-cats,True,"Prioritize content, metadata, linking, and relevance improvements for this template cohort.",0,"Gingivitis in Cats: Symptoms, Treatment and Pictures | Chewy",60,"If left unchecked, gingivitis in cats can lead to more oral problems in your furry friend. (And no one wants that!) Here's how to prevent it.",141,how to treat gingivitis in cats at home,"What Does Gingivitis in Cats Look Like? Symptoms, Treatment and Pictures",1,gingivitis-in-cats,True,True,False,False,False,False,False,False,22,314,2,,,,,,,4,4,15.25,0,3,1,0,9.0
Editorial,Ranking Keywords,No top-10 ranking keywords,https://www.chewy.com/education/dog/training-and-behavior/dog-commands-shake-a-paw,True,"Prioritize content, metadata, linking, and relevance improvements for this template cohort.",0,How to Teach a Dog to Shake a Paw (Because Pup Handshakes Are the Cutest) | Chewy,81,Want to train your pup to give a proper handshake? Follow our guide to how to teach a dog to shake a paw.,105,how to teach a dog to shake,How to Teach a Dog to Shake a Paw (Because Pup Handshakes Are the Cutest),1,dog-commands-shake-a-paw,True,True,False,False,False,False,False,False,16,319,3,,,,,,,5,4,13.2,0,5,0,0,12.0
Editorial,Ranking Keywords,No top-10 ranking keywords,https://www.chewy.com/education/bird/parrot/what-do-parrots-eat,True,"Prioritize content, metadata, linking, and relevance improvements for this template cohort.",0,What Do Parrots Eat? | Chewy,28,What do parrots eat? Learn about parrot food and the healthy parrot diet here.,78,what do parrots eat,What Do Parrots Eat?,1,what-do-parrots-eat,True,True,False,False,False,False,False,False,30,323,2,,,,,,,5,5,20.6,0,2,3,0,5.0
Editorial,Ranking Keywords,No top-10 ranking keywords,https://www.chewy.com/education/bird/food-and-nutrition/bird-food-myths-and-facts,True,"Prioritize content, metadata, linking, and relevance improvements for this template cohort.",0,Bird Food Myths And Facts | Chewy,33,"Know the facts behind popular pet bird food myths regarding seeds, pellets, table foods and more.",97,are birds lactose intolerant,Bird Food Myths And Facts,1,bird-food-myths-and-facts,True,True,False,False,False,False,False,False,8,308,3,,,,,,,1,1,11.0,0,1,0,0,1.0
Editorial,Ranking Keywords,No top-10 ranking keywords,https://www.chewy.com/education/dog/grooming/muddy-dog-paws,True,"Prioritize content, metadata, linking, and relevance improvements for this template cohort.",0,8 Ways To Prevent Muddy Dog Paws This Winter | Chewy,52,Struggling with muddy dog paws? Explore our how-to guide for top tips on keeping your dog's paws clean and your home mess-free.,127,muddy dog in house,8 Ways To Prevent Muddy Dog Paws This Winter,1,muddy-dog-paws,True,True,False,False,False,False,False,False,8,329,2,,,,,,,2,2,11.5,0,2,0,0,1.0
Editorial,Ranking Keywords,No top-10 ranking keywords,https://www.chewy.com/education/dog/pet-parenting/redland-rock-pit-abandoned-dogs-project-miami,True,"Prioritize content, metadata, linking, and relevance improvements for this template cohort.",0,Redland Rock Pit Abandoned Dogs Project in Miami | Chewy,56,"Thanks to the help of the nonprofit organization Redland Rock Pit Abandoned Dogs Project, many dogs have found forever homes.",125,redland rock pit abandoned dogs project,Redland Rock Pit Abandoned Dogs Project in Miami,1,redland-rock-pit-abandoned-dogs-project-miami,True,True,False,False,False,False,False,False,2,306,4,,,,,,,1,1,11.0,0,1,0,0,1.0
Editorial,Ranking Keywords,No top-10 ranking keywords,https://www.chewy.com/education/dog/food-and-nutrition/can-dogs-eat-oranges,True,"Prioritize content, metadata, linking, and relevance improvements for this template cohort.",0,Can Dogs Eat Oranges?,21,Can dogs eat oranges? Yes! They can eat the fruit’s flesh in moderation—with caveats. Learn the do's and don'ts.,112,can dogs eat oranges,Can Dogs Eat Oranges?,1,can-dogs-eat-oranges,True,True,False,False,False,False,False,False,11,322,3,,,,,,,3,3,14.0,0,3,0,0,12.0
Editorial,Ranking Keywords,No top-10 ranking keywords,https://www.chewy.com/education/dog-breeds/clumber-spaniel,True,"Prioritize content, metadata, linking, and relevance improvements for this template cohort.",0,"Clumber Spaniel Breed: Characteristics, Care & Photos | Chewy",61,"Clumber Spaniels are mellow, outgoing dogs who love everyone they meet, including children and other dogs.",106,clumber spaniel,Clumber Spaniel,1,clumber-spaniel,True,True,False,False,True,False,False,True,7,319,2,,,,,,,3,3,22.67,0,1,2,0,29.0
Editorial,Ranking Keywords,No top-10 ranking keywords,https://www.chewy.com/education/dog-breeds/lagotto-romagnolo,True,"Prioritize content, metadata, linking, and relevance improvements for this template cohort.",0,,,,,lagotto romagnolo,,0,lagotto-romagnolo,,False,False,False,False,False,False,False,3,0,3,,,,,,,3,3,18.33,0,2,1,0,
Editorial,Ranking Keywords,No top-10 ranking keywords,https://www.chewy.com/education/fish/general/freshwater-velvet-disease,True,"Prioritize content, metadata, linking, and relevance improvements for this template cohort.",0,Freshwater Velvet Disease | Chewy,33,"Freshwater velvet disease, also known as gold dust disease, is one of the most common parasitic infections found in aquarium fish.",130,velvet disease,Freshwater Velvet Disease,1,freshwater-velvet-disease,True,True,False,False,False,False,False,False,5,309,3,,,,,,,2,2,15.5,0,2,0,0,6.0
Editorial,Ranking Keywords,No top-10 ranking keywords,https://www.chewy.com/education/dog-breeds/komondor,True,"Prioritize content, metadata, linking, and relevance improvements for this template cohort.",0,,,,,komondor,,0,komondor,,False,False,False,False,False,False,False,1,0,3,,,,,,,3,3,21.0,0,1,2,0,
Editorial,Ranking Keywords,No top-10 ranking keywords,https://www.chewy.com/education/bird/health-and-wellness/when-a-bird-goes-silent,True,"Prioritize content, metadata, linking, and relevance improvements for this template cohort.",0,Birth Health: When A Bird Goes Silent | Chewy,45,What does it mean when your bird makes no noise at all?,55,can birds lose their voice,When A Bird Goes Silent,1,when-a-bird-goes-silent,True,True,False,False,False,False,False,False,5,307,3,,,,,,,1,1,11.0,0,1,0,0,1.0
Editorial,Ranking Keywords,No top-10 ranking keywords,https://www.chewy.com/education/cat/food-and-nutrition/probiotic-prebiotic-treats-cats,True,"Prioritize content, metadata, linking, and relevance improvements for this template cohort.",0,What Are Prebiotics and Probiotics and How Can They Help Your Cat? | Chewy,74,Learn the benefits of prebiotics and probiotics for cats and how they can help with cat vomiting and upset stomachs. Find out how you can add them to your cat’s diet.,166,prebiotics for cats,Prebiotics vs. Probiotics: What They Are and How They Can Help Your Cat,1,probiotic-prebiotic-treats-cats,True,True,False,False,False,False,False,False,5,310,3,,,,,,,1,1,11.0,0,1,0,0,1.0
Editorial,Ranking Keywords,No top-10 ranking keywords,https://www.chewy.com/education/dog/pet-parenting/pet-friendly-things-to-do-in-charleston,True,"Prioritize content, metadata, linking, and relevance improvements for this template cohort.",0,Pet-Friendly Things to Do in Charleston | Chewy,47,Make some amazing memories with these tips for finding pet-friendly hotels and pet-friendly things to do in Charleston.,119,dog friendly things to do in charleston,Pet-Friendly Things to Do in Charleston,1,pet-friendly-things-to-do-in-charleston,True,True,False,False,False,False,False,False,2,306,4,,,,,,,2,2,16.0,0,1,1,0,1.0
Editorial,Ranking Keywords,No top-10 ranking keywords,https://www.chewy.com/education/dog/food-and-nutrition/can-dogs-eat-pork,True,"Prioritize content, metadata, linking, and relevance improvements for this template cohort.",0,Can Dogs Eat Pork?,18,Can dogs eat pork? The answer depends on the type of pork and how it’s cooked and served. Learn which types of pork are safe for your pup.,138,can dogs have pork,Can Dogs Eat Pork?,1,can-dogs-eat-pork,True,True,False,False,False,False,False,False,4,328,4,needs,2911.0,needs,0.1,,,4,3,13.5,0,4,0,0,15.0
Editorial,Ranking Keywords,No top-10 ranking keywords,https://www.chewy.com/education/dog/training-and-behavior/does-my-dog-love-me-signs,True,"Prioritize content, metadata, linking, and relevance improvements for this template cohort.",0,Does My Dog Love Me? 7 Signs That Your Pup’s a Fan | Chewy,58,Wondering if your dog loves you? Learn how to read their cues and which behaviors are signs of affection from your pup.,119,does my dog like me,Does My Dog Love Me? 7 Signs That Your Pup’s a Fan,1,does-my-dog-love-me-signs,True,True,False,False,False,False,False,False,3,331,3,,,,,,,4,3,12.25,0,4,0,0,11.0
Editorial,Ranking Keywords,No top-10 ranking keywords,https://www.chewy.com/education/dog/pet-parenting/tips-pet-parents-living-dogs-city,True,"Prioritize content, metadata, linking, and relevance improvements for this template cohort.",0,How to Care for Pets in the City | Chewy,40,Learn how to keep your pets in the city comfortable with these tips. Keep your city dogs healthy and happy by following this guide for pet parents.,147,how pets city,Tips for Pet Parents Living With Dogs in the City,1,tips-pet-parents-living-dogs-city,True,True,False,False,False,False,False,False,4,319,3,,,,,,,1,1,11.0,0,1,0,0,1.0
Editorial,Ranking Keywords,No top-10 ranking keywords,https://www.chewy.com/education/small-pet/guinea-pig/are-guinea-pigs-good-pets-for-kids,True,"Prioritize content, metadata, linking, and relevance improvements for this template cohort.",0,Are Guinea Pigs Good Pets for Kids? Here’s What Parents Should Know | Chewy,75,"Considering a guinea pig for your child? Learn the pros, responsibilities, and what every family should know before bringing home this lovable, kid-friendly pet.",161,are guinea pigs good pets for kids,Are Guinea Pigs Good Pets for Kids? Here’s What Parents Should Know,1,are-guinea-pigs-good-pets-for-kids,True,True,False,False,False,False,False,False,5,343,2,,,,,,,2,2,11.0,0,1,0,1,9.0
Editorial,Ranking Keywords,No top-10 ranking keywords,https://www.chewy.com/education/dog/food-and-nutrition/can-dogs-eat-cranberries,True,"Prioritize content, metadata, linking, and relevance improvements for this template cohort.",0,Can Dogs Eat Cranberries? | Chewy,33,"Can dogs eat cranberries? We spoke with a vet and pet nutritionist about dogs and cranberries, including how to safely feed them to your pup.",141,can dogs eat cranberries,Can Dogs Eat Cranberries?,1,can-dogs-eat-cranberries,True,True,False,False,False,False,False,False,16,322,3,needs,2764.0,needs,0.1,,,4,3,13.0,0,4,0,0,44.0
Editorial,Ranking Keywords,No top-10 ranking keywords,https://www.chewy.com/education/wildlife/wild-birds/what-do-hummingbirds-eat,True,"Prioritize content, metadata, linking, and relevance improvements for this template cohort.",0,What Do Hummingbirds Eat? | Chewy,33,"Wondering, “what do hummingbirds eat?” Learn about hummingbird feed and eating habits from expert ornithologists.",113,what do hummingbirds eat,What Do Hummingbirds Eat?,1,what-do-hummingbirds-eat,True,True,False,False,False,False,False,False,10,313,3,,,,,,,5,4,18.2,0,3,2,0,17.0
Editorial,Ranking Keywords,No top-10 ranking keywords,https://www.chewy.com/education/bird/parrot/how-long-do-parrots-live,True,"Prioritize content, metadata, linking, and relevance improvements for this template cohort.",0,How Long Do Parrots Live? | Chewy,33,Thinking of adding a pet parrot to your home and wonder—how long do parrots live? Learn everything you need to know about parrot lifespans.,139,how long do parrots live,How Long Do Parrots Live?,1,how-long-do-parrots-live,True,True,False,False,False,False,False,False,29,321,2,,,,,,,9,9,16.67,0,7,2,0,9.0
Editorial,Ranking Keywords,No top-10 ranking keywords,https://www.chewy.com/education/cat/pet-parenting/pet-parenting-diy-recipes-how-to-fix-cat-scratches-on-leather,True,"Prioritize content, metadata, linking, and relevance improvements for this template cohort.",0,How to Repair Cat Scratches on Leather Furniture | Chewy,56,Kitty nails and leather sofas don’t mix. Find out how to repair cat scratches on leather furniture yourself—and when it’s time to call a pro.,141,how to fix cat scratches on leather,How to Repair Cat Scratches on Leather Furniture,1,pet-parenting-diy-recipes-how-to-fix-cat-scratches-on-leather,True,True,False,False,False,False,False,False,6,311,2,,,,,,,3,3,13.0,0,2,0,1,17.0
Editorial,Ranking Keywords,No top-10 ranking keywords,https://www.chewy.com/education/dog/health-and-wellness/how-long-are-dogs-pregnant,True,"Prioritize content, metadata, linking, and relevance improvements for this template cohort.",0,How Long Are Dogs Pregnant? Dog Pregnancy Guide | Chewy,55,"Learn how long dogs are pregnant, early signs of dog pregnancy, what to expect week by week, and how to care for your dog before, during, and after labor.",154,how long are dogs pregnant,How Long Are Dogs Pregnant? Dog Pregnancy Guide,1,how-long-are-dogs-pregnant,True,True,False,False,False,False,False,False,7,319,3,needs,3545.0,good,0.09,,,3,3,13.5,0,2,0,1,161.0
Editorial,Ranking Keywords,No top-10 ranking keywords,https://www.chewy.com/education/dog/training-and-behavior/how-to-help-dog-lose-weight,True,"Prioritize content, metadata, linking, and relevance improvements for this template cohort.",0,How To Help Your Dog Lose Weight | Chewy,40,Wondering how to help your dog lose weight? Learn how to tell if your dog is overweight and get vet-approved tips for weight loss.,130,how to help my dog lose weight,How To Help Your Dog Lose Weight,1,how-to-help-dog-lose-weight,True,True,False,False,False,False,False,False,18,345,3,,,,,,,6,5,17.83,0,5,1,0,20.0
Editorial,Ranking Keywords,No top-10 ranking keywords,https://www.chewy.com/education/dog-breeds/mastiff,True,"Prioritize content, metadata, linking, and relevance improvements for this template cohort.",0,,,,,english mastiff,,0,mastiff,,False,False,False,False,False,False,False,13,0,3,,,,,,,1,1,11.0,0,1,0,0,
Editorial,Ranking Keywords,No top-10 ranking keywords,https://www.chewy.com/education/cat/food-and-nutrition/nutrition-pet-diet-tips-can-cats-drink-milk,True,"Prioritize content, metadata, linking, and relevance improvements for this template cohort.",0,Can Cats Drink Milk?,20,"Can cats drink milk? They can, but it’s not usually recommended. Here's what vets have to say about cats and milk consumption.",126,can cats have milk,Can Cats Drink Milk?,1,nutrition-pet-diet-tips-can-cats-drink-milk,True,True,False,False,False,False,False,False,12,317,3,,,,,,,3,3,17.0,0,2,1,0,18.0
Editorial,Ranking Keywords,No top-10 ranking keywords,https://www.chewy.com/education/dog/training-and-behavior/why-do-dogs-eat-poop,True,"Prioritize content, metadata, linking, and relevance improvements for this template cohort.",0,Why Do Dogs Eat Poop? How Do I Make It Stop? | Chewy,52,"This weird dog behavior is a little unsettling, at least to first-time dog parents, yet dogs eating poop is common. Here's why they do it.",138,why do dogs eat poop,Why Do Dogs Eat Poop? How Do I Make It Stop?,1,why-do-dogs-eat-poop,True,True,False,False,False,False,False,False,11,318,3,needs,3811.0,good,0.09,,,6,6,17.0,0,3,2,1,32.0
Editorial,Ranking Keywords,No top-10 ranking keywords,https://www.chewy.com/education/dog/training-and-behavior/why-do-my-dogs-eyes-look-weird-in-photos,True,"Prioritize content, metadata, linking, and relevance improvements for this template cohort.",0,Why Do My Dog’s Eyes Look Weird in Photos? Is This Normal? | Chewy,66,"Why do dogs’ eyes look weird in photos? Learn what causes that eerie glow, how it compares to human red-eye, and how to prevent it in your pet pics.",148,why do dog eyes glow,Why Do My Dog’s Eyes Look Weird in Photos? Is This Normal?,1,why-do-my-dogs-eyes-look-weird-in-photos,True,True,False,False,False,False,False,False,2,315,3,,,,,,,3,2,12.33,0,3,0,0,3.0
Editorial,Ranking Keywords,No top-10 ranking keywords,https://www.chewy.com/education/dog/training-and-behavior/what-to-do-if-your-dog-is-pulling-on-the-leash,True,"Prioritize content, metadata, linking, and relevance improvements for this template cohort.",0,Stop Your Dog From Pulling on the Leash | Chewy,47,Find out how you can stop your dog from pulling on a leash in no time.,70,how to stop dog from pulling on leash,What to Do if Your Dog Is Pulling on the Leash,1,what-to-do-if-your-dog-is-pulling-on-the-leash,True,True,False,False,False,False,False,False,8,314,4,,,,,,,3,3,17.33,0,2,1,0,13.0
Editorial,Ranking Keywords,No top-10 ranking keywords,https://www.chewy.com/education/cat/training-and-behavior/why-do-cats-eat-grass,True,"Prioritize content, metadata, linking, and relevance improvements for this template cohort.",0,Why Do Cats Eat Grass? Is This Normal? | Chewy,46,It’s not uncommon to catch your cat munching on grass—but why do cats eat grass? Learn what this behavior means and when to be concerned.,137,why do cats eat grass,Why Do Cats Eat Grass? Is This Normal?,1,why-do-cats-eat-grass,True,True,False,False,False,False,False,False,4,336,3,,,,,,,6,5,18.5,0,3,3,0,14.0
Editorial,Ranking Keywords,No top-10 ranking keywords,https://www.chewy.com/education/bird/general/dove-care-sheet,True,"Prioritize content, metadata, linking, and relevance improvements for this template cohort.",0,Dove Care Sheet | Chewy,23,Thinking about getting a pet dove? Learn everything you need to know to care for them properly.,95,pet doves,Dove Care Sheet,1,dove-care-sheet,True,True,False,False,False,False,False,False,2,335,3,,,,,,,10,10,16.67,0,7,2,1,9.0
Editorial,Ranking Keywords,No top-10 ranking keywords,https://www.chewy.com/education/reptile-and-amphibian/general/milk-snake-care-sheet,True,"Prioritize content, metadata, linking, and relevance improvements for this template cohort.",0,Milk Snake Care Sheet | Chewy,29,Thinking about getting a pet milk snake? Learn everything you need to know to care for them properly.,101,what do milk snake eat,Milk Snake Care Sheet,1,milk-snake-care-sheet,True,True,False,False,False,False,False,False,4,327,3,,,,,,,19,18,19.76,0,9,8,2,1.0
Editorial,Ranking Keywords,No top-10 ranking keywords,https://www.chewy.com/education/fish/general/clownfish-care-sheet,True,"Prioritize content, metadata, linking, and relevance improvements for this template cohort.",0,Clownfish Care Sheet | Chewy,28,Thinking about getting pet clownfish? Learn everything you need to know to care for them properly.,98,clownfish aquarium,Clownfish Care Sheet,1,clownfish-care-sheet,True,True,False,False,False,False,False,False,3,339,3,,,,,,,10,10,20.44,0,4,5,1,2.0
Editorial,Ranking Keywords,No top-10 ranking keywords,https://www.chewy.com/education/reptile-and-amphibian/snake/corn-snake-care-sheet,True,"Prioritize content, metadata, linking, and relevance improvements for this template cohort.",0,Corn Snake Care Sheet | Chewy,29,"Learn how to properly care for a pet corn snake, including habitat and diet requirements.",89,corn snake enclosure,Corn Snake Care Sheet,1,corn-snake-care-sheet,True,True,False,False,False,False,False,False,19,334,2,,,,,,,16,15,22.14,0,2,12,2,2.0
Editorial,Ranking Keywords,No top-10 ranking keywords,https://www.chewy.com/education/fish/pond-fish/koi-fish-care-sheet,True,"Prioritize content, metadata, linking, and relevance improvements for this template cohort.",0,Koi Fish Care Sheet | Chewy,27,Thinking about getting pet koi fish? Learn everything you need to know to care for these little fishes properly.,112,koi care,Koi Fish Care Sheet,1,koi-fish-care-sheet,True,True,False,False,False,False,False,False,42,337,3,,,,,,,1,1,11.0,0,1,0,0,2.0
Editorial,Ranking Keywords,No top-10 ranking keywords,https://www.chewy.com/education/bird/general/what-is-bird-molting,True,"Prioritize content, metadata, linking, and relevance improvements for this template cohort.",0,What Is Bird Molting? | Chewy,29,"Discover how bird molting can affect your pet, including how to tell if your bird is molting or if another problem is causing them to lose feathers.",148,amazon parrot molting,What Is Bird Molting?,1,what-is-bird-molting,True,True,False,False,False,False,False,False,7,319,2,,,,,,,13,12,14.3,0,10,0,3,1.0
Editorial,Ranking Keywords,No top-10 ranking keywords,https://www.chewy.com/education/fish/general/lionfish-care-sheet,True,"Prioritize content, metadata, linking, and relevance improvements for this template cohort.",0,Lionfish Care Sheet | Chewy,27,Thinking about getting a pet lionfish? Learn everything you need to know to care for them properly.,99,lionfish care,Lionfish Care Sheet,1,lionfish-care-sheet,True,True,False,False,False,False,False,False,6,323,2,,,,,,,4,4,15.67,0,3,0,1,1.0
Editorial,Ranking Keywords,No top-10 ranking keywords,https://www.chewy.com/education/bird/parrot/dos-and-donts-for-african-grey-parrots,True,"Prioritize content, metadata, linking, and relevance improvements for this template cohort.",0,Do's And Don'ts For African Grey Parrots | Chewy,48,BeChewy helps you understand do's and don'ts of owning a pet African Grey Parrot.,81,african grey parrot behavior,Do’s And Don’ts For African Grey Parrots,1,dos-and-donts-for-african-grey-parrots,True,True,False,False,False,False,False,False,6,309,3,,,,,,,9,9,16.62,0,6,2,1,4.0
Editorial,Ranking Keywords,No top-10 ranking keywords,https://www.chewy.com/education/reptile-and-amphibian/general/green-tree-frog-care-sheet,True,"Prioritize content, metadata, linking, and relevance improvements for this template cohort.",0,Green Tree Frog Care Sheet | Chewy,34,Thinking about getting a pet green tree frog? Learn everything you need to know to care for them properly.,106,what do tree frogs eat,Green Tree Frog Care Sheet,1,green-tree-frog-care-sheet,True,True,False,False,False,False,False,False,2,329,3,,,,,,,5,4,19.2,0,2,3,0,2.0
Editorial,Ranking Keywords,No top-10 ranking keywords,https://www.chewy.com/education/reptile-and-amphibian/bearded-dragon/can-bearded-dragons-eat-grapes,True,"Prioritize content, metadata, linking, and relevance improvements for this template cohort.",0,Can Bearded Dragons Eat Grapes? | Chewy,39,"Can bearded dragons eat grapes? Learn if bearded dragons can have grapes, how often they can eat them, and the safest way to serve this fruit.",142,can bearded dragons eat grapes,Can Bearded Dragons Eat Grapes?,1,can-bearded-dragons-eat-grapes,True,True,False,False,False,False,False,False,3,316,3,,,,,,,2,1,11.5,0,2,0,0,4.0
Editorial,Ranking Keywords,No top-10 ranking keywords,https://www.chewy.com/education/fish/betta-fish/betta-fish-bubble-nest,True,"Prioritize content, metadata, linking, and relevance improvements for this template cohort.",0,Betta Fish Bubble Nest: What It Means and How To Care for It | Chewy,68,"Thinking about getting pet betta fish? Learn what size fish tank they need to live a full, healthy life.",104,betta bubble nest,Betta Fish Bubble Nest: What It Means and How To Care for It,1,betta-fish-bubble-nest,True,True,False,False,False,False,False,False,23,321,2,needs,3144.0,good,0.09,,,1,1,11.0,0,1,0,0,73.0
Editorial,Ranking Keywords,No top-10 ranking keywords,https://www.chewy.com/education/horse/general/how-two-equestrians-overcame-their-horse-allergies,True,"Prioritize content, metadata, linking, and relevance improvements for this template cohort.",0,"Suffering From Horse Allergies, But Want to Ride? Follow These Tips | Chewy",75,"You love horses. Their dander, not so much. Find out how to control your horse allergies so you can get back in the saddle.",123,allergic to horses,"Suffering From Horse Allergies, But Want to Ride? Follow These Tips",1,how-two-equestrians-overcame-their-horse-allergies,True,True,False,False,False,False,False,False,4,310,3,,,,,,,4,4,,0,0,0,4,20.0
Editorial,Ranking Keywords,No top-10 ranking keywords,https://www.chewy.com/education/cat/training-and-behavior/cat-meowing-at-night,True,"Prioritize content, metadata, linking, and relevance improvements for this template cohort.",0,How To Stop Your Cat From Meowing at Night | Chewy,50,Are your kitty’s loud cries interrupting your sleep? Try these tips for how to stop your cat from meowing at night.,115,why does my cat meow at night,How To Stop Your Cat From Meowing at Night,1,cat-meowing-at-night,True,True,False,False,False,False,False,False,8,334,3,needs,2855.0,good,0.09,,,4,4,13.75,0,4,0,0,10.0
Editorial,Ranking Keywords,No top-10 ranking keywords,https://www.chewy.com/education/forever-loved/general/best-pets-for-kids,True,"Prioritize content, metadata, linking, and relevance improvements for this template cohort.",0,Best Pets for Kids: Family-Friendly Options | Chewy,51,"Best pets for kids depend on age and lifestyle. Explore family-friendly options, care needs, and tips to choose the right pet for your child.",141,best family pets,Best Pets for Kids: Family-Friendly Options,1,best-pets-for-kids,True,True,False,False,False,False,False,False,2,311,4,,,,,,,1,1,12.0,0,1,0,0,26.0
Editorial,Ranking Keywords,No top-10 ranking keywords,https://www.chewy.com/education/dog/feed-and-nutrition/whats-the-best-fresh-dog-food-for-german-shepherds,True,"Prioritize content, metadata, linking, and relevance improvements for this template cohort.",0,What’s the Best Fresh Dog Food for German Shepherds? | Chewy,60,Discover the best fresh dog food for German Shepherds. Learn how Chewy’s Get Real Fresh Food supports health for your loyal companion.,134,best food for german shepherds,What’s the Best Fresh Dog Food for German Shepherds?,1,whats-the-best-fresh-dog-food-for-german-shepherds,True,True,False,False,False,False,False,False,7,321,8,,,,,,,7,7,,0,0,0,7,1.0
Editorial,Ranking Keywords,No top-10 ranking keywords,https://www.chewy.com/education/dog/food-and-nutrition/can-dogs-eat-yogurt,True,"Prioritize content, metadata, linking, and relevance improvements for this template cohort.",0,Can Dogs Eat Yogurt? Safe Types & Serving Tips | Chewy,54,"Yogurt is just as tasty as it is healthy for us, but can dogs eat yogurt? Most dogs can safely eat plain, unsweetened yogurt in moderation.",139,can dogs eat greek yogurt,Can Dogs Eat Yogurt?,1,can-dogs-eat-yogurt,True,True,False,False,False,False,False,False,18,332,3,,,,,,,4,4,13.5,0,4,0,0,76.0
Editorial,Ranking Keywords,No top-10 ranking keywords,https://www.chewy.com/education/dog/pet-parenting/pet-parenting-pet-lovers-dog-adoption-fees-explained,True,"Prioritize content, metadata, linking, and relevance improvements for this template cohort.",0,How Much Does It Cost to Adopt a Dog from a Shelter? | Chewy,60,"How much does it cost to adopt a dog? We break down shelter and rescue adoption fees, what's included, and what other items to budget for.",138,how much does it cost to adopt a dog,How Much Does It Cost to Adopt a Dog from a Shelter?,1,pet-parenting-pet-lovers-dog-adoption-fees-explained,True,True,False,False,False,False,False,False,8,317,3,,,,,,,2,2,12.5,0,2,0,0,29.0
Editorial,Ranking Keywords,No top-10 ranking keywords,https://www.chewy.com/education/dog-breeds/shetland-sheepdog,True,"Prioritize content, metadata, linking, and relevance improvements for this template cohort.",0,"Shetland Sheepdog Breed: Characteristics, Care & Photos | Chewy",63,"The Shetland Sheepdog is a popular breed with unique traits. Learn all the facts about this playful, intelligent dog in our complete guide.",139,shetland sheepdog,Shetland Sheepdog,1,shetland-sheepdog,True,True,False,False,True,False,False,True,21,343,2,,,,,,,1,1,12.0,0,1,0,0,36.0
Editorial,Ranking Keywords,No top-10 ranking keywords,https://www.chewy.com/education/dog/food-and-nutrition/can-dogs-eat-grapes-raisins,True,"Prioritize content, metadata, linking, and relevance improvements for this template cohort.",0,Can Dogs Eat Grapes or Raisins?,31,"Can dogs eat grapes or raisins? While there are many fruits dogs can eat, grapes and raisins are not among them. Here's what to do if your dog eats some.",153,can dogs eat grapes,Can Dogs Eat Grapes or Raisins?,1,can-dogs-eat-grapes-raisins,True,True,False,False,False,False,False,False,37,321,3,,,,,,,3,3,20.67,0,1,2,0,9.0
Editorial,Ranking Keywords,No top-10 ranking keywords,https://www.chewy.com/education/dog-breeds/kuvasz,True,"Prioritize content, metadata, linking, and relevance improvements for this template cohort.",0,,,,,kuvasz,,0,kuvasz,,False,False,False,False,False,False,False,1,0,3,,,,,,,3,3,17.0,0,2,1,0,
Editorial,Ranking Keywords,No top-10 ranking keywords,https://www.chewy.com/education/cat/general/behavior-breeds-10-things-to-know-about-hairless-cats,True,"Prioritize content, metadata, linking, and relevance improvements for this template cohort.",0,The Top Hairless Cat Breeds | Chewy,35,"From their activity level to their special bathing requirements, here are 10 things to know about hairless cats:",112,hairless cat,"Hairless Cats: Breeds, Care Tips, FAQs, and More",1,behavior-breeds-10-things-to-know-about-hairless-cats,True,True,False,False,False,False,False,False,12,309,3,,,,,,,3,3,14.33,0,3,0,0,15.0
Editorial,Ranking Keywords,No top-10 ranking keywords,https://www.chewy.com/education/dog/new-dog/basic-puppy-training,True,"Prioritize content, metadata, linking, and relevance improvements for this template cohort.",0,Puppy Training 101: Your Guide to Training Your Puppy | Chewy,61,"Get started on the puppy training basics with this this guide on crate training, potty training and teaching sit from a certified trainer.",138,puppy training,Puppy Training 101: Your Guide to Mastering Basic Puppy Training,1,basic-puppy-training,True,True,False,False,False,False,False,False,23,339,2,good,2287.0,good,0.06,,,8,8,20.17,0,3,3,2,27.0
Editorial,Ranking Keywords,No top-10 ranking keywords,https://www.chewy.com/education/dog/training-and-behavior/vet-approved-pet-care-tricks-make-dog-take-medication,True,"Prioritize content, metadata, linking, and relevance improvements for this template cohort.",0,How to Give a Dog a Pill | Chewy,32,Need to medicate your dog? Follow these vet-approved tips for how to give a dog a pill.,87,dog wont take pill even with food,How to Give a Dog a Pill,1,vet-approved-pet-care-tricks-make-dog-take-medication,True,True,False,False,False,False,False,False,7,321,3,,,,,,,3,2,19.0,0,2,1,0,5.0
Editorial,Ranking Keywords,No top-10 ranking keywords,https://www.chewy.com/education/dog/general/fastest-dog-breeds,True,"Prioritize content, metadata, linking, and relevance improvements for this template cohort.",0,Fastest Dog Breeds | Chewy,26,"Discover the fastest dog breeds in the world, from Greyhounds to Border Collies, and learn what makes these speedy pups built for agility, endurance, and top running speeds.",173,fastest dog breed,Meet the 15 Fastest Dog Breeds Before They Zip By,1,fastest-dog-breeds,True,True,False,False,False,False,False,False,9,357,3,needs,3002.0,good,0.08,,,4,3,18.5,0,3,1,0,59.0
Editorial,Ranking Keywords,No top-10 ranking keywords,https://www.chewy.com/education/bird/parakeet/teach-your-budgie-parakeet-to-talk,True,"Prioritize content, metadata, linking, and relevance improvements for this template cohort.",0,Teach Your Parakeet To Talk | Chewy,35,Get expert advice on how to teach your parakeet to talk.,56,can parakeets talk,Teach Your Parakeet To Talk,1,teach-your-budgie-parakeet-to-talk,True,True,False,False,False,False,False,False,4,308,3,,,,,,,6,6,15.5,0,2,0,4,24.0
Editorial,Ranking Keywords,No top-10 ranking keywords,https://www.chewy.com/education/bird/parakeet/parakeet-sounds,True,"Prioritize content, metadata, linking, and relevance improvements for this template cohort.",0,Parakeet Sounds and What They Mean | Chewy,42,"Learn the difference between a happy tweet, a stressed scream, and other parakeet bird noises.",94,can parakeets talk,Parakeet Sounds and What They Mean,1,parakeet-sounds,True,False,False,False,False,False,False,False,25,317,2,,,,,,,1,1,23.0,0,0,1,0,5.0
Editorial,Ranking Keywords,No top-10 ranking keywords,https://www.chewy.com/education/dog-breeds/collie,True,"Prioritize content, metadata, linking, and relevance improvements for this template cohort.",0,,,,,collie,,0,collie,,False,False,False,False,False,False,False,4,0,3,,,,,,,2,2,13.0,0,2,0,0,
Editorial,Ranking Keywords,No top-10 ranking keywords,https://www.chewy.com/education/dog/health-and-wellness/puppy-is-sick,True,"Prioritize content, metadata, linking, and relevance improvements for this template cohort.",0,11 Signs Your Puppy Is Sick and How To Care for Them | Chewy,60,"Is your puppy sick? Here are common signs of a sick puppy, from behavioral changes to physical symptoms, and how to care for them.",130,signs of a sick puppy,11 Signs Your Puppy Is Sick,1,puppy-is-sick,True,True,False,False,False,False,False,False,5,313,4,,,,,,,3,3,14.33,0,3,0,0,2.0
Editorial,Ranking Keywords,No top-10 ranking keywords,https://www.chewy.com/education/cat/training-and-behavior/behavior-pet-body-language-does-my-cat-love-me,True,"Prioritize content, metadata, linking, and relevance improvements for this template cohort.",0,"Does My Cat Love Me? 13 Ways Your Cat Says, 'I Love You' | Chewy",64,"Feline fans, if you find yourself asking, “Does my cat love me?”, you've come to the right place. Here are some clear-cut signals.",130,signs your cat loves you,"Does My Cat Love Me? 13 Ways Your Cat Says, ‘I Love You’",1,behavior-pet-body-language-does-my-cat-love-me,True,True,False,False,False,False,False,False,17,317,2,good,2325.0,good,0.09,,,6,5,16.0,0,2,0,4,30.0
Editorial,Ranking Keywords,No top-10 ranking keywords,https://www.chewy.com/education/farm-animal/chicken/how-to-choose-chicken-coops-for-backyards,True,"Prioritize content, metadata, linking, and relevance improvements for this template cohort.",0,How Much Space Do Chickens Need? | Chewy,40,Do your backyard chickens have enough room to roam? Find out exactly how much space chickens need with tips from an expert.,123,how much space do chickens need,How Much Space Do Chickens Need?,1,how-to-choose-chicken-coops-for-backyards,True,True,False,False,False,False,False,False,8,329,3,,,,,,,2,2,17.5,0,1,1,0,1.0
Editorial,Ranking Keywords,No top-10 ranking keywords,https://www.chewy.com/education/dog/training-and-behavior/why-is-my-dog-staring-at-the-wall,True,"Prioritize content, metadata, linking, and relevance improvements for this template cohort.",0,Why Is My Dog Staring at the Wall? | Chewy,42,"He’s doing it again. Your dog is sitting in the middle of the hallway, staring right at a blank wall. Why do dogs stare at the wall?",132,dog staring at wall,Why Is My Dog Staring at the Wall? Is This Normal?,1,why-is-my-dog-staring-at-the-wall,True,True,False,False,False,False,False,False,3,318,4,,,,,,,3,3,14.67,0,3,0,0,6.0
Editorial,Ranking Keywords,No top-10 ranking keywords,https://www.chewy.com/education/fish/general/how-to-spot-signs-of-distress-in-your-fish-before-its-too-late,True,"Prioritize content, metadata, linking, and relevance improvements for this template cohort.",0,How To Spot Signs Of Distress In Your Fish Before It’s Too Late | Chewy,71,Learn about the signs of distress in your pet fish in order to treat it and prevent it in the future.,101,fish breathing heavy,How To Spot Signs Of Distress In Your Fish Before It’s Too Late,1,how-to-spot-signs-of-distress-in-your-fish-before-its-too-late,True,True,False,False,False,False,False,False,7,308,3,,,,,,,1,1,29.0,0,0,1,0,3.0
Editorial,Ranking Keywords,No top-10 ranking keywords,https://www.chewy.com/education/small-pet/hamster/12-strange-but-common-hamster-behaviors,True,"Prioritize content, metadata, linking, and relevance improvements for this template cohort.",0,12 Strange But Common Hamster Behaviors | Chewy,47,Hamsters have personality that transcends well beyond their diminutive size.,76,syrian hamster behavior,12 Strange But Common Hamster Behaviors,1,12-strange-but-common-hamster-behaviors,True,True,False,False,False,False,False,False,6,309,3,,,,,,,2,2,17.0,0,1,1,0,17.0
Editorial,Ranking Keywords,No top-10 ranking keywords,https://www.chewy.com/education/dog/health-and-wellness/steroids-for-dogs,True,"Prioritize content, metadata, linking, and relevance improvements for this template cohort.",0,Steroids for Dogs: What They Do and Common Side Effects | Chewy,63,"Learn what steroids do for dogs, how they’re used, potential side effects, whether they’re safe, and when your vet might prescribe them.",136,steroids for dogs,What Are Steroids for Dogs? What Are They Used For?,1,steroids-for-dogs,True,True,False,False,False,False,False,False,3,348,4,,,,,,,3,3,14.0,0,3,0,0,14.0
Editorial,Ranking Keywords,No top-10 ranking keywords,https://www.chewy.com/education/dog/pet-parenting/cat-friendly-apartments-making-the-most-of-a-small-space,True,"Prioritize content, metadata, linking, and relevance improvements for this template cohort.",0,Cat-Friendly Apartments: How to Make the Most of a Small Space | Chewy,70,Looking to make your kitty roomie more comfortable in your small city apartment? Check out some essential cat supplies to make your flat a cat-friendly apartment.,162,cat in studio apartment,Cat-Friendly Apartments: Making the Most of a Small Space,1,cat-friendly-apartments-making-the-most-of-a-small-space,True,True,False,False,False,False,False,False,2,318,3,,,,,,,2,2,17.5,0,1,1,0,4.0
Editorial,Ranking Keywords,No top-10 ranking keywords,https://www.chewy.com/education/cat/health-and-wellness/cat-in-heat,True,"Prioritize content, metadata, linking, and relevance improvements for this template cohort.",0,Cats in Heat: What To Expect and How To Help Your Cat | Chewy,61,"Is your cat in heat? Learn how long cats stay in heat, how often they go into heat, and what to expect during a cat’s heat cycle.",129,when do cats go into heat,Is Your Cat in Heat? What To Expect and How To Help,1,cat-in-heat,True,True,False,False,False,False,False,False,9,327,2,needs,2830.0,good,0.08,,,3,3,13.5,0,2,0,1,106.0
Editorial,Ranking Keywords,No top-10 ranking keywords,https://www.chewy.com/education/fish/general/when-to-use-sponge-filters-for-fish-tanks,True,"Prioritize content, metadata, linking, and relevance improvements for this template cohort.",0,When To Use Sponge Filters for Fish Tanks | Chewy,49,Ever wonder if a sponge filter could work for your aquarium? Discover the pros and cons of using this fish tank filtration system.,130,sponge filter,When To Use Sponge Filters for Fish Tanks,1,when-to-use-sponge-filters-for-fish-tanks,True,True,False,False,False,False,False,False,3,313,3,,,,,,,2,2,15.0,0,2,0,0,8.0
Editorial,Ranking Keywords,No top-10 ranking keywords,https://www.chewy.com/education/horse/general/how-fast-can-horses-run,True,"Prioritize content, metadata, linking, and relevance improvements for this template cohort.",0,How Fast Can Horses Run? | Chewy,32,"Discover exactly how fast horses can run, including different types of equines, from smaller ponies to the fastest racehorses.",126,how fast can a horse run,"From Ponies to Racehorses, How Fast Can Horses Run?",1,how-fast-can-horses-run,True,True,False,False,False,False,False,False,4,313,3,,,,,,,4,4,17.33,0,2,1,1,19.0
Editorial,Ranking Keywords,No top-10 ranking keywords,https://www.chewy.com/education/bird/parakeet/the-affectionate-canary-winged-parakeet,True,"Prioritize content, metadata, linking, and relevance improvements for this template cohort.",0,The Affectionate Canary-Winged Parakeet | Chewy,47,"This little parrot may be hard to find, but it's worth the wait.",64,canary winged parakeet,The Affectionate Canary-Winged Parakeet,1,the-affectionate-canary-winged-parakeet,True,True,False,False,False,False,False,False,6,310,3,,,,,,,3,3,13.33,0,3,0,0,3.0
Editorial,Ranking Keywords,No top-10 ranking keywords,https://www.chewy.com/education/bird/parrot/do-you-know-the-true-cost-of-your-parrot,True,"Prioritize content, metadata, linking, and relevance improvements for this template cohort.",0,Do You Know the True Cost of Your Parrot? | Chewy,49,All pets require costs for care but parrots come with their own special list of needs. See if you are ready for the upkeep.,123,how much do parrots cost,Do You Know The True Cost Of Your Parrot?,1,do-you-know-the-true-cost-of-your-parrot,True,True,False,False,False,False,False,False,4,310,3,,,,,,,3,3,15.33,0,3,0,0,3.0
Editorial,Ranking Keywords,No top-10 ranking keywords,https://www.chewy.com/education/dog/food-and-nutrition/pet-parenting-diy-recipes-how-to-make-your-own-dog-holiday-stocking,True,"Prioritize content, metadata, linking, and relevance improvements for this template cohort.",0,How to Make Your Own Dog Holiday Stocking | Chewy,49,"If your dog has been a good boy this holiday season, make him his own holiday stocking. Learn how to do this pet DIY project with these tips.",141,dogs stocking,How to Make Your Own Dog Holiday Stocking,1,pet-parenting-diy-recipes-how-to-make-your-own-dog-holiday-stocking,True,True,False,False,False,False,False,False,2,306,3,,,,,,,1,1,12.0,0,1,0,0,1.0
Editorial,Ranking Keywords,No top-10 ranking keywords,https://www.chewy.com/education/cat/pet-parenting/how-to-help-keep-cats-calm-during-fireworks,True,"Prioritize content, metadata, linking, and relevance improvements for this template cohort.",0,Cat Scared of Fireworks? Tips to Keep Your Cat Calm | Chewy,59,"Learn how to keep cats calm during fireworks with safe spaces, soothing sounds, ID tips, and Fourth of July safety advice for cat parents.",138,cats on 4th of july,Cat Scared of Fireworks? Tips to Keep Your Cat Calm and Safe,1,how-to-help-keep-cats-calm-during-fireworks,True,True,False,False,False,False,False,False,128,334,2,,,,,,,2,2,12.0,0,1,0,1,1.0
Editorial,Ranking Keywords,No top-10 ranking keywords,https://www.chewy.com/education/dog/health-and-wellness/how-to-treat-and-prevent-puppy-separation-anxiety,True,"Prioritize content, metadata, linking, and relevance improvements for this template cohort.",0,How to Treat and Prevent Puppy Separation Anxiety | Chewy,57,What causes puppy separation anxiety and how can you treat it? Take our experts’ advice to learn how to help an anxious puppy.,126,how to prevent and treat puppy separation anxiety,How to Treat and Prevent Puppy Separation Anxiety,1,how-to-treat-and-prevent-puppy-separation-anxiety,True,True,False,False,False,False,False,False,7,327,3,needs,3037.0,needs,0.1,,,5,4,19.0,0,1,0,4,2.0
Editorial,Ranking Keywords,No top-10 ranking keywords,https://www.chewy.com/education/cat/pet-parenting/cat-tenting-what-to-know-about-camping-with-cats,True,"Prioritize content, metadata, linking, and relevance improvements for this template cohort.",0,Cat Tenting: What To Know About Camping With Cats | Chewy,57,"Cat tenting, aka camping with cats, can be a fun experience for the right feline. Here’s what to know about tent camping with cats.",131,camping with cats,Cat Tenting: What To Know About Camping With Cats,1,cat-tenting-what-to-know-about-camping-with-cats,True,True,False,False,False,False,False,False,4,341,2,,,,,,,3,2,13.0,0,3,0,0,9.0
Editorial,Ranking Keywords,No top-10 ranking keywords,https://www.chewy.com/education/cat/pet-parenting/5-fun-things-to-do-with-your-cat-this-weekend,True,"Prioritize content, metadata, linking, and relevance improvements for this template cohort.",0,5 Fun Things to Do With Your Cat | Chewy,40,Spending more time at home with Kitty lately? Here are five fun things you can do with your cat this weekend.,109,fun things to do with your cat,5 Fun Things To Do With Your Cat This Weekend,1,5-fun-things-to-do-with-your-cat-this-weekend,True,True,False,False,False,False,False,False,2,312,3,,,,,,,2,2,15.0,0,2,0,0,1.0
Editorial,Ranking Keywords,No top-10 ranking keywords,https://www.chewy.com/education/dog/food-and-nutrition/pet-parenting-diy-recipes-pup-kin-spice-latte-dog-recipe,True,"Prioritize content, metadata, linking, and relevance improvements for this template cohort.",0,Pumpkin Spice Latte for Dogs Recipe | Chewy,43,Learn how to make a pumpkin spice latte for dogs with our vet-approved DIY recipe that's perfect for the fall season.,117,pumpkin spice latte dog toy,Pumpkin Spice Latte for Dogs Recipe,1,pet-parenting-diy-recipes-pup-kin-spice-latte-dog-recipe,True,True,False,False,False,False,False,False,10,315,4,,,,,,,2,2,15.0,0,1,0,1,1.0
Editorial,Ranking Keywords,No top-10 ranking keywords,https://www.chewy.com/education/cat/health-and-wellness/cat-sneezing,True,"Prioritize content, metadata, linking, and relevance improvements for this template cohort.",0,Why Is My Cat Sneezing a Lot? l Chewy,37,"Occasional cat sneezing is normal, but if your cat is sneezing a lot, you might wonder what else it could mean. Here are the causes of cat sneezes, along with how vets treat sneezing cats.",188,cat sneezing a lot,Why Is My Cat Sneezing a Lot?,1,cat-sneezing,True,True,False,False,False,False,False,False,10,344,3,needs,2527.0,good,0.09,,,4,4,21.25,0,1,3,0,26.0
Editorial,Ranking Keywords,No top-10 ranking keywords,https://www.chewy.com/education/farm-animal/chicken/can-chickens-eat-bananas,True,"Prioritize content, metadata, linking, and relevance improvements for this template cohort.",0,Can Chickens Eat Bananas? | Chewy,33,"Bananas are a potassium-rich snack for people, but can chickens eat bananas too? Learn the benefits, risks, and how to safely feed bananas.",139,can chickens eat bananas,Can Chickens Eat Bananas?,1,can-chickens-eat-bananas,True,True,False,False,False,False,False,False,7,314,3,,,,,,,3,3,14.33,0,3,0,0,7.0
Editorial,Ranking Keywords,No top-10 ranking keywords,https://www.chewy.com/education/dog-breeds/french-bulldog,True,"Prioritize content, metadata, linking, and relevance improvements for this template cohort.",0,,,,,french bull dog,,0,french-bulldog,,False,False,False,False,False,False,False,11,0,3,,,,,,,2,2,20.0,0,1,1,0,
Editorial,Ranking Keywords,No top-10 ranking keywords,https://www.chewy.com/education/horse/general/how-long-are-horses-pregnant,True,"Prioritize content, metadata, linking, and relevance improvements for this template cohort.",0,How Long Are Horses Pregnant? | Chewy,37,"Learn everything you need to know about pregnancy in horses, including how long equine gestation lasts, and tips to prepare for a new foal.",139,how long are horses pregnant,How Long Are Horses Pregnant? Your Guide to Horse Gestation,1,how-long-are-horses-pregnant,True,True,False,False,False,False,False,False,4,314,3,,,,,,,5,5,16.0,0,5,0,0,5.0
Editorial,Ranking Keywords,No top-10 ranking keywords,https://www.chewy.com/education/dog/health-and-wellness/what-is-a-pet-microchip,True,"Prioritize content, metadata, linking, and relevance improvements for this template cohort.",0,What Is a Pet Microchip? | Chewy,32,"A pet microchip can help bring lost pets home, but what is a pet microchip and what info do they store? Learn how microchipping works.",134,pet microchip,What Is a Pet Microchip?,1,what-is-a-pet-microchip,True,True,False,False,False,False,False,False,22,320,2,,,,,,,3,3,17.33,0,2,1,0,14.0
Editorial,Ranking Keywords,No top-10 ranking keywords,https://www.chewy.com/education/dog/food-and-nutrition/can-dogs-eat-acorns,True,"Prioritize content, metadata, linking, and relevance improvements for this template cohort.",0,Can Dogs Eat Acorns? Why They’re Toxic and What To Do | Chewy,61,"Acorns may seem harmless, but they can be toxic to dogs. Here’s what to know—and what to do if your pup eats one.",113,are acorns bad for dogs,Can Dogs Eat Acorns? Are Acorns Toxic to Dogs?,1,can-dogs-eat-acorns,True,True,False,False,False,False,False,False,3,328,3,,,,,,,3,3,14.0,0,2,0,1,34.0
Editorial,Ranking Keywords,No top-10 ranking keywords,https://www.chewy.com/education/cat/training-and-behavior/behavior-pet-facts-why-do-cats-like-boxes,True,"Prioritize content, metadata, linking, and relevance improvements for this template cohort.",0,Why Do Cats Love Boxes? | Chewy,31,"If your cat loves boxes, you’re not alone. We talked to experts to find out why cats seek out cardboard boxes.",110,why do cats sit in boxes,Why Do Cats Love Boxes? Is This Normal?,1,behavior-pet-facts-why-do-cats-like-boxes,True,True,False,False,False,False,False,False,12,318,2,,,,,,,2,2,12.0,0,1,0,1,2.0
Editorial,Ranking Keywords,No top-10 ranking keywords,https://www.chewy.com/education/dog/training-and-behavior/basic-dog-training-commands-stay,True,"Prioritize content, metadata, linking, and relevance improvements for this template cohort.",0,How to Teach a Dog to Stay: Step-by-Step | Chewy,48,"Learn how to teach a dog to stay with this simple, step-by-step guide from professional dog trainers. The stay command will come in handy in many scenarios.",156,how to teach a dog to stay,How To Teach a Dog to Stay: A Step-by-Step Guide,1,basic-dog-training-commands-stay,True,True,False,False,False,False,False,False,133,309,2,,,,,,,3,3,15.0,0,3,0,0,6.0
Editorial,Ranking Keywords,No top-10 ranking keywords,https://www.chewy.com/education/dog/health-and-wellness/how-much-should-puppies-sleep,True,"Prioritize content, metadata, linking, and relevance improvements for this template cohort.",0,How Much Sleep Do Puppies Need? | Chewy,39,How much should puppies sleep? Is it OK if they nap during the day? We're answering all your questions about how much sleep puppies need.,137,how much do puppies sleep,How Much Sleep Do Puppies Need?,1,how-much-should-puppies-sleep,True,True,False,False,False,False,False,False,5,312,3,good,2206.0,good,0.09,,,3,3,15.0,0,3,0,0,36.0
Editorial,Ranking Keywords,No top-10 ranking keywords,https://www.chewy.com/education/dog/general/rare-dog-breeds,True,"Prioritize content, metadata, linking, and relevance improvements for this template cohort.",0,10 of the Rarest Dog Breeds in the U.S. | Chewy,47,"Discover 10 of the rarest dog breeds in the world, from the Norwegian Lundehund to the Canaan Dog, and learn what makes these unique pups so special.",149,rare dog breeds,10 of the Rarest Dog Breeds in the U.S.,1,rare-dog-breeds,True,True,False,False,False,False,False,False,3,322,3,,,,,,,3,3,14.0,0,2,0,1,120.0
Editorial,Ranking Keywords,No top-10 ranking keywords,https://www.chewy.com/education/small-pet/hamster,True,"Prioritize content, metadata, linking, and relevance improvements for this template cohort.",0,Hamster Care and Habitat Tips with Key Information | Chewy,58,"Get expert advice on hamster care, cages, enrichment, and nutrition in our Hamster Education Hub. Learn hamster care with expert tips and reliable information on feeding, habitat setup, enrichment, and more from Chewy Education.",228,do hamsters smell,Hamster,1,hamster,True,True,False,False,False,False,False,False,318249,322,1,,,,,,,3,3,13.5,0,2,0,1,1.0
Editorial,Ranking Keywords,No top-10 ranking keywords,https://www.chewy.com/education/bird/health-and-wellness/ants-in-the-bird-cage-or-aviary,True,"Prioritize content, metadata, linking, and relevance improvements for this template cohort.",0,Ants In The Bird Cage Or Aviary | Chewy,39,Know your ant species and how to handle them if they invade your bird's cage.,77,can parakeets eat ants,Ants In The Bird Cage Or Aviary,1,ants-in-the-bird-cage-or-aviary,True,True,False,False,False,False,False,False,4,307,3,,,,,,,1,1,12.0,0,1,0,0,2.0
Editorial,Ranking Keywords,No top-10 ranking keywords,https://www.chewy.com/education/dog/pet-parenting/pet-parenting-travel-the-ultimate-guide-to-glamping-with-your-dog,True,"Prioritize content, metadata, linking, and relevance improvements for this template cohort.",0,The Ultimate Guide to Glamping With Your Dog | Chewy,52,Glamping with your dog offers you the opportunity to enjoy the outdoors without the hassle. Learn about how to glamp with your dogs and find top dog-friendly glamping spots.,173,glamping with a dog,The Ultimate Guide to Glamping With Your Dog,1,pet-parenting-travel-the-ultimate-guide-to-glamping-with-your-dog,True,True,False,False,False,False,False,False,3,306,3,,,,,,,2,2,13.5,0,2,0,0,1.0
Editorial,Ranking Keywords,No top-10 ranking keywords,https://www.chewy.com/education/dog/food-and-nutrition/pet-safe-holiday-cookie-recipes-for-dogs,True,"Prioritize content, metadata, linking, and relevance improvements for this template cohort.",0,Make These Pet-Safe Holiday Cookie Recipes For Dogs | Chewy,59,"Bake these quick and easy, beautiful, tasty, pet-safe, vet-approved holiday cookie recipes for dogs to celebrate the season.",124,sugar cookies for dogs,Pet-Safe Holiday Cookie Recipes For Dogs,1,pet-safe-holiday-cookie-recipes-for-dogs,True,True,False,False,False,False,False,False,3,315,5,,,,,,,1,1,12.0,0,1,0,0,1.0
Editorial,Ranking Keywords,No top-10 ranking keywords,https://www.chewy.com/education/cat/health-and-wellness/coconut-oil-for-cats,True,"Prioritize content, metadata, linking, and relevance improvements for this template cohort.",0,Coconut Oil for Cats | Chewy,28,Coconut oil is a food topper some cat parents ask about. It is not a must-have supplement for most cats and evidence of clear cat-specific benefits is limited.,159,is coconut oil safe for cats,Coconut Oil for Cats: What the Evidence Shows,1,coconut-oil-for-cats,True,True,False,False,False,False,False,False,4,312,2,,,,,,,3,3,15.33,0,3,0,0,5.0
Editorial,Ranking Keywords,No top-10 ranking keywords,https://www.chewy.com/education/cat/training-and-behavior/why-is-my-senior-cat-biting-me,True,"Prioritize content, metadata, linking, and relevance improvements for this template cohort.",0,Why Is My Senior Cat Biting Me? | Chewy,39,Learn why senior cats bite and what you should do if your senior kitty suddenly begins acting aggressively.,107,do older cats become aggressive,Why Is My Senior Cat Biting Me?,1,why-is-my-senior-cat-biting-me,True,True,False,False,False,False,False,False,3,326,3,,,,,,,1,1,12.0,0,1,0,0,2.0
Editorial,Ranking Keywords,No top-10 ranking keywords,https://www.chewy.com/education/fish/general/what-fish-can-live-with-goldfish,True,"Prioritize content, metadata, linking, and relevance improvements for this template cohort.",0,What Fish Can Live with Goldfish? How To Choose the Best Goldfish Tank Mates | Chewy,84,Thinking about getting pet goldfish? Learn if they can safely live with other fish.,83,what fishes can be kept with goldfish,What Fish Can Live with Goldfish? How To Choose the Best Goldfish Tank Mates,1,what-fish-can-live-with-goldfish,True,True,False,False,False,False,False,False,3,318,3,needs,2957.0,good,0.09,,,2,2,16.5,0,1,1,0,66.0
Editorial,Ranking Keywords,No top-10 ranking keywords,https://www.chewy.com/education/fish/general/how-long-do-koi-fish-live,True,"Prioritize content, metadata, linking, and relevance improvements for this template cohort.",0,How Long Do Koi Fish Live? | Chewy,34,Thinking about getting pet koi? Learn about their lifespan and how you can help them live longer.,97,koi lifespan,How Long Do Koi Fish Live?,1,how-long-do-koi-fish-live,True,True,False,False,False,False,False,False,2,318,3,,,,,,,1,1,12.0,0,1,0,0,12.0
Editorial,Ranking Keywords,No top-10 ranking keywords,https://www.chewy.com/education/horse/feed-and-nutrition/can-horses-eat-pumpkin,True,"Prioritize content, metadata, linking, and relevance improvements for this template cohort.",0,Can Horses Eat Pumpkin? | Chewy,31,"Pumpkin is a nutritious seasonal treat, but can horses eat pumpkin too? Learn the benefits, risks, and how much pumpkin is safe.",128,can horses eat pumpkins,Can Horses Eat Pumpkin?,1,can-horses-eat-pumpkin,True,True,False,False,False,False,False,False,9,327,2,,,,,,,1,1,12.0,0,1,0,0,1.0
Editorial,Ranking Keywords,No top-10 ranking keywords,https://www.chewy.com/education/reptile-and-amphibian/bearded-dragon/can-bearded-dragons-eat-green-beans,True,"Prioritize content, metadata, linking, and relevance improvements for this template cohort.",0,Can Bearded Dragons Eat Green Beans? | Chewy,44,"Can bearded dragons eat green beans? Learn when green beans are safe for bearded dragons, how much to offer, and how to serve them.",131,can bearded dragons eat green beans,Can Bearded Dragons Eat Green Beans?,1,can-bearded-dragons-eat-green-beans,True,True,False,False,False,False,False,False,6,314,2,,,,,,,2,1,12.5,0,2,0,0,1.0
Editorial,Ranking Keywords,No top-10 ranking keywords,https://www.chewy.com/education/reptile-and-amphibian/bearded-dragon/do-bearded-dragons-like-to-be-held,True,"Prioritize content, metadata, linking, and relevance improvements for this template cohort.",0,Do Bearded Dragons Like to Be Held? | Chewy,43,,,holding bearded dragon,Do Bearded Dragons Like to Be Held?,1,do-bearded-dragons-like-to-be-held,True,True,False,False,False,False,False,False,4,317,3,,,,,,,2,2,13.5,0,2,0,0,24.0
Editorial,Ranking Keywords,No top-10 ranking keywords,https://www.chewy.com/education/fish/freshwater-fish/which-fish-can-live-together-in-a-community-fish-tank,True,"Prioritize content, metadata, linking, and relevance improvements for this template cohort.",0,Which Fish Can Live Together in a Community Fish Tank? | Chewy,62,"Considering starting a community fish tank? Learn everything you need to know about compatible fish, including supplies you'll need.",132,community fish tank,Which Fish Can Live Together in a Community Fish Tank?,1,which-fish-can-live-together-in-a-community-fish-tank,True,True,False,False,False,False,False,False,39,328,2,needs,2603.0,good,0.09,,,2,2,12.5,0,2,0,0,38.0
Editorial,Ranking Keywords,No top-10 ranking keywords,https://www.chewy.com/education/horse/riding-and-management/your-complete-guide-to-horse-halters,True,"Prioritize content, metadata, linking, and relevance improvements for this template cohort.",0,Your Complete Guide to Horse Halters | Chewy,44,"Learn about the different types of horse halters, including how to measure your horse for a properly fitting halter.",116,best horse halters,Your Complete Guide to Horse Halters,1,your-complete-guide-to-horse-halters,True,True,False,False,False,False,False,False,3,314,2,,,,,,,2,2,15.5,0,2,0,0,2.0
Editorial,Ranking Keywords,No top-10 ranking keywords,https://www.chewy.com/education/cat/health-and-wellness/7-alternative-options-to-clay-cat-litter,True,"Prioritize content, metadata, linking, and relevance improvements for this template cohort.",0,7 Alternatives to Clay Cat Litter | Chewy,41,"Are you looking to switch your cat litter to a different option besides clay litter? Learn about seven cat litter alternatives to clay that currently are available, so you can choose the best one for your kitty.",211,cat litter alternatives,7 Alternative Options to Clay Cat Litter,1,7-alternative-options-to-clay-cat-litter,True,True,False,False,False,False,False,False,2,314,4,,,,,,,3,3,17.33,0,2,1,0,15.0
Editorial,Ranking Keywords,No top-10 ranking keywords,https://www.chewy.com/education/cat/food-and-nutrition/what-human-foods-can-cats-eat,True,"Prioritize content, metadata, linking, and relevance improvements for this template cohort.",0,What Human Foods Can Cats Eat? | Chewy,38,Searching for a tasty treat for your cat? Look no further than your own pantry. Here are 28 human foods safe for cats to enjoy in moderation.,141,what does cat eat,What Human Foods Can Cats Eat? 28 Human Foods Safe for Cats,1,what-human-foods-can-cats-eat,False,False,False,False,False,False,False,False,1,334,4,,,,,,,7,7,19.25,0,2,2,3,
Editorial,Ranking Keywords,No top-10 ranking keywords,https://www.chewy.com/education/fish/general/how-to-care-for-glofish,True,"Prioritize content, metadata, linking, and relevance improvements for this template cohort.",0,How To Care for GloFish: A Complete Beginner’s Guide | Chewy,60,Discover how GloFish get their “glo” and how you can add these bright fish to your aquarium.,92,glofish,How To Care for GloFish: A Complete Beginner’s Guide,1,how-to-care-for-glofish,True,True,False,False,False,False,False,False,4,338,3,needs,3233.0,good,0.09,,,1,1,13.0,0,1,0,0,23.0
Editorial,Ranking Keywords,No top-10 ranking keywords,https://www.chewy.com/education/dog/general/the-best-mothers-day-gifts-for-all-the-dogs-moms-in-your-life,True,"Prioritize content, metadata, linking, and relevance improvements for this template cohort.",0,The Best Mother’s Day Gifts for All the Dog Moms in Your Life | Chewy,69,We’ve rounded up the best gifts for dog moms—from personalized presents to dog-centric treats—to spoil the fur mom in your life.,128,best mothers day gifts for dogs,The Best Mother’s Day Gifts for All the Dogs Moms in Your Life,1,the-best-mothers-day-gifts-for-all-the-dogs-moms-in-your-life,True,True,False,False,False,False,False,False,2,336,7,,,,,,,2,2,21.0,0,1,1,0,2.0
Editorial,Ranking Keywords,No top-10 ranking keywords,https://www.chewy.com/education/cat/health-and-wellness/cat-eyes,True,"Prioritize content, metadata, linking, and relevance improvements for this template cohort.",0,Here’s How Cat Eyes Work and How to Care for Them | Chewy,57,"Dive into the fascinating world of feline vision: Explore how cat eyes work, common eye conditions and more.",108,cats eyes,Cat Eyes Are So Unique: Here’s How They Work and How to Care for Them,1,cat-eyes,True,True,False,False,False,False,False,False,7,332,4,,,,,,,4,4,15.0,0,3,0,1,18.0
Editorial,Ranking Keywords,No top-10 ranking keywords,https://www.chewy.com/education/cat/health-and-wellness/dealing-with-kitten-diarrhea,True,"Prioritize content, metadata, linking, and relevance improvements for this template cohort.",0,"Kitten Diarrhea 101: Causes, Symptoms, and Treatment | Chewy",60,"Kitten diarrhea has many causes, from diet changes to parasites. Learn how to deal with kitten diarrhea, its causes, and when to call a vet.",140,kitten diarrhea,"Dealing with Kitten Diarrhea: Causes, Symptoms, Treatment, and Prevention",1,dealing-with-kitten-diarrhea,True,True,False,False,False,False,False,False,7,335,4,needs,2616.0,good,0.07,,,5,4,18.67,0,2,1,2,34.0
Editorial,Ranking Keywords,No top-10 ranking keywords,https://www.chewy.com/education/dog-breeds/havanese,True,"Prioritize content, metadata, linking, and relevance improvements for this template cohort.",0,,,,,havanese,,0,havanese,,False,False,False,False,False,False,False,4,0,3,,,,,,,5,3,13.0,0,1,0,4,
Editorial,Ranking Keywords,No top-10 ranking keywords,https://www.chewy.com/education/dog/food-and-nutrition/can-dogs-eat-sweet-potatoes,True,"Prioritize content, metadata, linking, and relevance improvements for this template cohort.",0,Can Dogs Eat Sweet Potatoes? | Chewy,36,"Can dogs eat sweet potatoes? Learn the benefits, risks, and ways to prepare and serve them. Find out how much is safe and when to avoid them.",141,can dogs eat sweet potatoes,Can Dogs Eat Sweet Potato?,1,can-dogs-eat-sweet-potatoes,True,True,False,False,False,False,False,False,15,327,3,,,,,,,5,5,14.6,0,5,0,0,74.0
Editorial,Ranking Keywords,No top-10 ranking keywords,https://www.chewy.com/education/fish/saltwater-fish/figure-8-pufferfish-care-tips,True,"Prioritize content, metadata, linking, and relevance improvements for this template cohort.",0,Figure 8 Pufferfish Care Tips | Chewy,37,BeChewy gives you some tips on how to care for your Figure 8 Pufferfish.,72,figure 8 puffer,Figure 8 Pufferfish Care Tips,1,figure-8-pufferfish-care-tips,True,True,False,False,False,False,False,False,7,313,2,,,,,,,3,3,14.33,0,3,0,0,7.0
Editorial,Ranking Keywords,No top-10 ranking keywords,https://www.chewy.com/education/dog/food-and-nutrition/homemade-dog-food,True,"Prioritize content, metadata, linking, and relevance improvements for this template cohort.",0,What Is Homemade Dog Food? | Chewy,34,"Most veterinarians do not recommend homemade dog food, because it is difficult to prepare correctly and can lead to health problems.",132,homemade dog food,What Is Homemade Dog Food? And Do Vets Recommend It?,1,homemade-dog-food,True,True,False,False,False,False,False,False,9,324,3,,,,,,,3,3,13.0,0,1,0,2,27.0
Editorial,Ranking Keywords,No top-10 ranking keywords,https://www.chewy.com/education/dog/health-and-wellness/why-do-dogs-hump-and-how-to-stop-dog-humping,True,"Prioritize content, metadata, linking, and relevance improvements for this template cohort.",0,Why Do Dogs Hump and How To Stop Dog Humping | Chewy,52,"Dog humping is a normal behavior, and there are several reasons why both male and female dogs hump, including sexual arousal.",125,dog humping,Why Do Dogs Hump and How to Stop Dog Humping,1,why-do-dogs-hump-and-how-to-stop-dog-humping,True,True,False,False,False,False,False,False,5,311,3,needs,3939.0,needs,0.1,,,3,3,15.0,0,3,0,0,103.0
Editorial,Ranking Keywords,No top-10 ranking keywords,https://www.chewy.com/education/cat/general/can-cats-see-in-the-dark,True,"Prioritize content, metadata, linking, and relevance improvements for this template cohort.",0,Can Cats See in the Dark? | Chewy,33,Can cats see in the dark? Just how much can your cat see when the lights go out? We asked veterinary ophthalmologists about cats’ night vision.,143,can cats see in the dark,Can Cats See in the Dark?,1,can-cats-see-in-the-dark,True,True,False,False,False,False,False,False,5,316,4,,,,,,,3,3,19.67,0,2,1,0,2.0
Editorial,Ranking Keywords,No top-10 ranking keywords,https://www.chewy.com/education/dog-breeds/labrador-retriever,True,"Prioritize content, metadata, linking, and relevance improvements for this template cohort.",0,,,,,labrador retriever,,0,labrador-retriever,,False,False,False,False,False,False,False,52,0,3,,,,,,,1,1,,0,0,0,1,
Editorial,Ranking Keywords,No top-10 ranking keywords,https://www.chewy.com/education/fish/freshwater-fish/the-altum-angelfish,True,"Prioritize content, metadata, linking, and relevance improvements for this template cohort.",0,The Altum Angelfish | Chewy,27,These wild angelfish may be the challenge you've been looking for.,66,altum angelfish,The Altum Angelfish,1,the-altum-angelfish,True,True,False,False,False,False,False,False,4,306,2,,,,,,,1,1,13.0,0,1,0,0,7.0
Editorial,Ranking Keywords,No top-10 ranking keywords,https://www.chewy.com/education/dog/health-and-wellness/dog-sprayed-by-skunk,True,"Prioritize content, metadata, linking, and relevance improvements for this template cohort.",0,What To Do When Your Dog Is Sprayed by a Skunk | Chewy,54,"Ack, your dog was sprayed by a skunk—now what? Follow these tips to eliminate that foul odor and make sure your pup stays healthy.",130,dog sprayed by skunk,What To Do When Your Dog Is Sprayed by a Skunk,1,dog-sprayed-by-skunk,True,True,False,False,False,False,False,False,2,319,5,needs,2942.0,good,0.055,,,4,4,15.75,0,4,0,0,27.0
Editorial,Ranking Keywords,No top-10 ranking keywords,https://www.chewy.com/education/dog/training-and-behavior/how-to-stop-a-dog-from-stealing,True,"Prioritize content, metadata, linking, and relevance improvements for this template cohort.",0,How to Stop a Dog From Stealing | Chewy,39,Is your dog stealing everything in sight? Learn why dogs steal and how to stop them from stealing.,98,why do dogs steal shoes,How to Stop a Dog from Stealing Your Stuff,1,how-to-stop-a-dog-from-stealing,True,True,False,False,False,False,False,False,4,313,4,,,,,,,2,2,13.0,0,2,0,0,2.0
Editorial,Ranking Keywords,No top-10 ranking keywords,https://www.chewy.com/education/cat/health-and-wellness/how-old-can-cats-get-pregnant,True,"Prioritize content, metadata, linking, and relevance improvements for this template cohort.",0,How Old Can Cats Get Pregnant? | Chewy,38,"Learn how old cats can get pregnant, when kitten season happens, and why spaying your cat helps prevent unexpected litters and supports long-term health.",153,can cats get pregnant when not in heat,How Old Can Cats Get Pregnant?,1,how-old-can-cats-get-pregnant,True,True,False,False,False,False,False,False,5,324,2,,,,,,,3,3,14.33,0,3,0,0,68.0
Editorial,Ranking Keywords,No top-10 ranking keywords,https://www.chewy.com/education/farm-animal/chicken/chick-days-getting-started-backyard-chickens,True,"Prioritize content, metadata, linking, and relevance improvements for this template cohort.",0,Baby Chicks: Getting Started with Backyard Chickens | Chewy,59,Learn how to raise baby chicks at home! The annual Chick Days event is a great opportunity to get started on raising backyard chickens.,135,chick days,Baby Chicks: Getting Started with Backyard Chickens,1,chick-days-getting-started-backyard-chickens,True,True,False,False,False,False,False,False,7,315,3,,,,,,,2,2,13.0,0,2,0,0,1.0
Editorial,Ranking Keywords,No top-10 ranking keywords,https://www.chewy.com/education/dog/new-dog/mistakes-new-puppy-parents-make,True,"Prioritize content, metadata, linking, and relevance improvements for this template cohort.",0,10 Things New Puppy Parents Should Never Do | Chewy,51,"Adding a new puppy to your family? Avoid these 10 common new puppy parent mistakes. Plus, check out our new puppy checklist.",124,puppy tips,New Puppy Tips: 10 Things New Puppy Parents Should Never Do,1,mistakes-new-puppy-parents-make,True,True,False,False,False,False,False,False,7,349,2,,,,,,,2,2,14.0,0,2,0,0,1.0
Editorial,Ranking Keywords,No top-10 ranking keywords,https://www.chewy.com/education/dog-breeds/bullmastiff,True,"Prioritize content, metadata, linking, and relevance improvements for this template cohort.",0,,,,,bull mastiff,,0,bullmastiff,,False,False,False,False,False,False,False,4,0,3,,,,,,,2,2,14.0,0,2,0,0,
Editorial,Ranking Keywords,No top-10 ranking keywords,https://www.chewy.com/education/cat/food-and-nutrition/wet-vs-dry-cat-food,True,"Prioritize content, metadata, linking, and relevance improvements for this template cohort.",0,Wet vs. Dry Cat Food: What’s the Difference? l Chewy,52,"Do cats need wet food? Is dry food bad for cats? When it comes to wet cat food and dry cat food, here’s what to know.",117,is wet food better for cats,Wet vs. Dry Cat Food: What’s the Difference?,1,wet-vs-dry-cat-food,True,True,False,False,False,False,False,False,5,335,3,,,,,,,1,1,13.0,0,1,0,0,13.0
Editorial,Ranking Keywords,No top-10 ranking keywords,https://www.chewy.com/education/dog-breeds/cockapoo,True,"Prioritize content, metadata, linking, and relevance improvements for this template cohort.",0,"Cockapoo Breed: Characteristics, Care & Photos | Chewy",54,A Cockapoo is a friendly Cocker Spaniel-Poodle mix. Learn if a Cockapoo is the right fit for your family here.,110,cockapoo,Cockapoo,1,cockapoo,True,True,False,False,True,False,False,True,5,336,2,good,2043.0,good,0.0,,,3,3,19.0,0,2,1,0,221.0
Editorial,Ranking Keywords,No top-10 ranking keywords,https://www.chewy.com/education/dog/training-and-behavior/3-steps-potty-pad-training-dog,True,"Prioritize content, metadata, linking, and relevance improvements for this template cohort.",0,How To Potty Pad Train Your Dog | Chewy,39,Dog potty pads come in handy when your pup can’t get outside to potty. Follow these easy steps to pad training your dog.,120,how to train a puppy to use a pee pad,How To Potty Pad Train Your Dog,1,3-steps-potty-pad-training-dog,False,False,False,False,False,False,False,False,1,326,3,,,,,,,5,5,19.25,0,2,2,1,
Editorial,Ranking Keywords,No top-10 ranking keywords,https://www.chewy.com/education/dog/health-and-wellness/pancreatitis-in-dogs,True,"Prioritize content, metadata, linking, and relevance improvements for this template cohort.",0,Pancreatitis in Dogs: What To Know for Your Pup | Chewy,55,"Pancreatitis is a painful condition that requires veterinary care. Here are the signs of pancreatitis in dogs, what causes pancreatitis in dogs, and how to comfort a dog with pancreatitis.",188,pancreatitis in dogs,Pancreatitis in Dogs: What To Know for Your Pup,1,pancreatitis-in-dogs,True,True,False,False,False,False,False,False,41,339,3,,,,,,,3,3,15.33,0,3,0,0,6.0
Editorial,Ranking Keywords,No top-10 ranking keywords,https://www.chewy.com/education/dog/general/franken-dogs-9-freakishly-cute-mixed-breed-dogs,True,"Prioritize content, metadata, linking, and relevance improvements for this template cohort.",0,Franken-Dogs: 9 Wickedly Cute Mixed Breed Dogs | Chewy,54,"Into ridiculously cute dogs? Check out our list of the cutest mixed breed dogs ever, including Goldendoodles, Peekapoos, Pitskys and other designer dogs.",153,weird dog mixes,9 Impossibly Cute Mixed Breed Dogs,1,franken-dogs-9-freakishly-cute-mixed-breed-dogs,True,True,False,False,False,False,False,False,2,311,5,,,,,,,3,3,13.5,0,2,0,1,7.0
Editorial,Ranking Keywords,No top-10 ranking keywords,https://www.chewy.com/education/cat/general/kitten-age-chart,True,"Prioritize content, metadata, linking, and relevance improvements for this template cohort.",0,Kitten Age Chart: How to Tell How Old Your Kitten Is | Chewy,60,"How can you tell how old a kitten is? Our kitten age chart can help estimate a kitten's age by their eyes, teeth, coat, and other milestones.",141,how can you tell how old a kitten is,Kitten Age Chart: How To Tell How Old Your Kitten Is,1,kitten-age-chart,True,True,False,False,False,False,False,False,9,338,3,good,2381.0,good,0.05,,,4,4,16.5,0,3,1,0,116.0
Editorial,Ranking Keywords,No top-10 ranking keywords,https://www.chewy.com/education/dog/training-and-behavior/socializing-an-older-dog,True,"Prioritize content, metadata, linking, and relevance improvements for this template cohort.",0,How to Socialize an Older Dog: Expert Trainer Tips | Chewy,58,"Can you socialize an older dog? Yes, with the right help! Find out how to socialize an older dog with training tips from a dog expert.",134,how to socialize an adult dog,How to Socialize an Older Dog,1,socializing-an-older-dog,True,True,False,False,False,False,False,False,4,316,4,,,,,,,1,1,13.0,0,1,0,0,2.0
Editorial,Ranking Keywords,No top-10 ranking keywords,https://www.chewy.com/education/dog/grooming/giving-a-dog-a-sanitary-trim,True,"Prioritize content, metadata, linking, and relevance improvements for this template cohort.",0,Giving a Dog a Sanitary Trim | Chewy,36,BeChewy explains how to give your dog a sanitary trim around their genital area.,80,sani trim dog,Giving a Dog a Sanitary Trim,1,giving-a-dog-a-sanitary-trim,True,True,False,False,False,False,False,False,2,308,3,,,,,,,3,3,17.0,0,2,1,0,2.0
Editorial,Ranking Keywords,No top-10 ranking keywords,https://www.chewy.com/education/dog/food-and-nutrition/can-dogs-eat-cucumbers,True,"Prioritize content, metadata, linking, and relevance improvements for this template cohort.",0,Can Dogs Eat Cucumbers? | Chewy,31,"Cucumbers are cool and crunchy, but can dogs eat cucumbers safely? Learn the benefits, risks, and how much is OK for your pup to enjoy.",135,can dogs eat cucumbers,Can Dogs Eat Cucumbers?,1,can-dogs-eat-cucumbers,True,True,False,False,False,False,False,False,11,327,3,,,,,,,3,3,17.33,0,3,0,0,26.0
Editorial,Ranking Keywords,No top-10 ranking keywords,https://www.chewy.com/education/dog/food-and-nutrition/can-dogs-eat-ice,True,"Prioritize content, metadata, linking, and relevance improvements for this template cohort.",0,Can Dogs Eat Ice? Is Ice Water Dangerous? | Chewy,49,"Yes, ice and ice water are generally safe for dogs and even offer some benefits, but there are potential dangers to be aware of.",128,can dogs eat ice,Can Dogs Eat Ice? Are Ice Cubes And Ice Water Dangerous?,1,can-dogs-eat-ice,True,True,False,False,False,False,False,False,3,321,3,needs,2761.0,good,0.09,,,3,3,13.67,0,3,0,0,61.0
Editorial,Ranking Keywords,No top-10 ranking keywords,https://www.chewy.com/education/dog/general/when-do-dogs-stop-growing,True,"Prioritize content, metadata, linking, and relevance improvements for this template cohort.",0,When Do Dogs Stop Growing? | Chewy,34,"If you’re wondering when your puppy will stop growing and how big they will be, breed is the No. 1 factor. Learn when small, medium, and large dogs stop growing here.",166,when do dogs stop growing,When Do Dogs Stop Growing?,1,when-do-dogs-stop-growing,True,True,False,False,False,False,False,False,4,315,3,,,,,,,3,3,15.0,0,3,0,0,1.0
Editorial,Ranking Keywords,No top-10 ranking keywords,https://www.chewy.com/education/dog/general/boston-terrier-vs-french-bulldog,True,"Prioritize content, metadata, linking, and relevance improvements for this template cohort.",0,Boston Terrier vs. French Bulldog | Chewy,41,Learn the differences and similarities in Boston Terriers versus French Bulldogs to find the right dog for you.,111,french bulldog vs boston terrier,Boston Terrier vs. French Bulldog: How To Choose Between These Popular Pups,1,boston-terrier-vs-french-bulldog,True,True,False,False,False,False,False,False,3,334,3,,,,,,,2,2,13.5,0,2,0,0,25.0
Editorial,Ranking Keywords,No top-10 ranking keywords,https://www.chewy.com/education/dog/training-and-behavior/behavior-pet-facts-why-do-dogs-get-the-zoomies,True,"Prioritize content, metadata, linking, and relevance improvements for this template cohort.",0,Dog Zoomies: Why Do Dogs Get Them and What to Know | Chewy,58,"When dogs suddenly have wild bursts of energy, pet parents call these crazy antics the zoomies. But why do dogs get the zoomies? Read what experts say.",151,why do dogs get the zoomies,Dog Zoomies: Here’s Why Your Pup Gets Those Intense Bursts of Energy,1,behavior-pet-facts-why-do-dogs-get-the-zoomies,True,True,False,False,False,False,False,False,26,310,3,,,,,,,2,2,14.5,0,2,0,0,14.0
Editorial,Ranking Keywords,No top-10 ranking keywords,https://www.chewy.com/education/dog-breeds/welsh-springer-spaniel,True,"Prioritize content, metadata, linking, and relevance improvements for this template cohort.",0,"Welsh Springer Spaniel Breed: Characteristics, Care & Photos | Chewy",68,"Brains, good looks, and athleticism—this dog has all the traits you're looking for! Learn more in our complete Welsh Springer Spaniel guide.",140,welsh springer spaniel,Welsh Springer Spaniel,1,welsh-springer-spaniel,True,True,False,False,True,False,False,True,7,318,2,,,,,,,3,3,19.33,0,2,1,0,23.0
Editorial,Ranking Keywords,No top-10 ranking keywords,https://www.chewy.com/education/dog/pet-parenting/how-to-throw-a-dog-halloween-party,True,"Prioritize content, metadata, linking, and relevance improvements for this template cohort.",0,How to Host a Dog Halloween Party | Chewy,41,Ain't no party like a dog Halloween party! Find out what you need to do in order to throw spook-tastic party for all of the Halloween-loving dogs you know.,155,halloween dog party,How to Throw a Dog Halloween Party,1,how-to-throw-a-dog-halloween-party,True,True,False,False,False,False,False,False,8,315,4,,,,,,,1,1,13.0,0,1,0,0,1.0
Editorial,Ranking Keywords,No top-10 ranking keywords,https://www.chewy.com/education/dog/pet-parenting/how-to-meditate-with-your-dog,True,"Prioritize content, metadata, linking, and relevance improvements for this template cohort.",0,Canine Meditation: Stress Management for Dogs | Chewy,53,Learn how to meditate with your dog to induce a calm state that both you and your pet can benefit from.,103,dog meditation,Canine Mediation: How to Meditate With Your Dog,1,how-to-meditate-with-your-dog,True,True,False,False,False,False,False,False,3,311,4,,,,,,,2,2,13.0,0,1,0,1,1.0
Editorial,Ranking Keywords,No top-10 ranking keywords,https://www.chewy.com/education/dog/general/camping-with-dogs,True,"Prioritize content, metadata, linking, and relevance improvements for this template cohort.",0,Camping With Dogs: Expert Tips for Safety and Fun | Chewy,57,"Camping with dogs? Learn expert tips to keep your pup safe, comfortable, and happy on your next adventure. Get your dog camping checklist and plan your trip.",157,pet camping,Camping With Dogs: Expert Tips for Safety and Fun,1,camping-with-dogs,True,True,False,False,False,False,False,False,7,325,2,,,,,,,2,2,20.0,0,1,1,0,5.0
Editorial,Ranking Keywords,No top-10 ranking keywords,https://www.chewy.com/education/dog-breeds/english-cocker-spaniel,True,"Prioritize content, metadata, linking, and relevance improvements for this template cohort.",0,,,,,black english cocker spaniel,,0,english-cocker-spaniel,,False,False,False,False,False,False,False,1,0,6,,,,,,,2,2,13.0,0,1,0,1,
Editorial,Ranking Keywords,No top-10 ranking keywords,https://www.chewy.com/education/bird/general/the-unique-caique,True,"Prioritize content, metadata, linking, and relevance improvements for this template cohort.",0,The Unique Caique | Chewy,25,"Find out everything you wanted to know about caiques, including information about caique cages, caique toys, caique food and caique breeding.",141,caiques,The Unique Caique,1,the-unique-caique,True,True,False,False,False,False,False,False,3,309,3,,,,,,,5,5,29.0,0,0,5,0,1.0
Editorial,Ranking Keywords,No top-10 ranking keywords,https://www.chewy.com/education/reptile-and-amphibian/bearded-dragon/can-bearded-dragons-eat-bell-peppers,True,"Prioritize content, metadata, linking, and relevance improvements for this template cohort.",0,Can Bearded Dragons Eat Bell Peppers? Safety Tips and Serving Size | Chewy,74,"Can bearded dragons eat bell peppers? Learn when bell peppers are safe for bearded dragons, how much to offer, and how to serve them.",133,can bearded dragons eat peppers,Can Bearded Dragons Eat Bell Peppers?,1,can-bearded-dragons-eat-bell-peppers,True,True,False,False,False,False,False,False,6,316,2,,,,,,,2,2,14.0,0,2,0,0,1.0
Editorial,Ranking Keywords,No top-10 ranking keywords,https://www.chewy.com/education/cat/training-and-behavior/how-to-help-a-cat-lose-weight,True,"Prioritize content, metadata, linking, and relevance improvements for this template cohort.",0,How To Help Your Cat Lose Weight | Chewy,40,"Wondering how to help a cat lose weight? Learn how to tell if your cat is overweight, and how to maintain a healthy weight long-term.",133,cat weight loss food,How To Help Your Cat Lose Weight,1,how-to-help-a-cat-lose-weight,True,True,False,False,False,False,False,False,10,335,2,,,,,,,4,4,21.33,0,1,2,1,22.0
Editorial,Ranking Keywords,No top-10 ranking keywords,https://www.chewy.com/education/horse/tack-and-stable/how-to-choose-and-care-for-horse-clippers,True,"Prioritize content, metadata, linking, and relevance improvements for this template cohort.",0,How To Choose and Care For Horse Clippers | Chewy,49,Discover different types of horse clippers and how to choose the best kind for your horse’s body clipping needs.,112,best horse clippers and grooming tools,How To Choose and Care for Horse Clippers,1,how-to-choose-and-care-for-horse-clippers,True,True,False,False,False,False,False,False,3,323,2,,,,,,,1,1,,0,0,0,1,1.0
Editorial,Ranking Keywords,No top-10 ranking keywords,https://www.chewy.com/education/dog/general/matching-dog-sweaters,True,"Prioritize content, metadata, linking, and relevance improvements for this template cohort.",0,12 Designer-Inspired Matching Dog Sweaters For You and Pup | Chewy,66,These aren't your average matching dog sweaters. We're pairing designer sweaters for pet parents with equally as chic (yet affordable) dog sweaters.,148,matching dog owner sweaters,12 Designer-Inspired Matching Sweaters For You and Your Dog,1,matching-dog-sweaters,True,True,False,False,False,False,False,False,3,319,4,,,,,,,3,3,16.0,0,3,0,0,1.0
Editorial,Ranking Keywords,No top-10 ranking keywords,https://www.chewy.com/education/cat/food-and-nutrition/what-is-catnip,True,"Prioritize content, metadata, linking, and relevance improvements for this template cohort.",0,What Is Catnip? | Chewy,23,What is catnip? Learn why cats go crazy over nepeta cataria and discover the best catnip products to make your cat happy.,121,what is catnip,What Is Catnip? A Guide to Your Cat’s Favorite Treat,1,what-is-catnip,True,True,False,False,False,False,False,False,3,341,3,,,,,,,5,4,23.5,0,1,1,3,4.0
Editorial,Ranking Keywords,No top-10 ranking keywords,https://www.chewy.com/education/reptile-and-amphibian/turtle-and-tortoise/how-to-choose-the-best-tortoise-food,True,"Prioritize content, metadata, linking, and relevance improvements for this template cohort.",0,How To Choose the Best Tortoise Food | Chewy,44,Discover what tortoises eat and what you can feed your pet tortoise to keep them healthy.,89,tortoise food,How To Choose the Best Tortoise Food,1,how-to-choose-the-best-tortoise-food,True,True,False,False,False,False,False,False,24,320,2,,,,,,,4,3,17.25,0,3,1,0,10.0
Editorial,Ranking Keywords,No top-10 ranking keywords,https://www.chewy.com/education/dog-breeds/toy-poodle,True,"Prioritize content, metadata, linking, and relevance improvements for this template cohort.",0,"Toy Poodle Breed: Characteristics, Care & Photos | Chewy",56,"Learn to care for Toy Poodle puppies and dogs, the smallest type of Poodle breed.",81,poodle toy,Toy Poodle,1,toy-poodle,True,True,False,False,True,False,False,True,32,338,2,good,2260.0,good,0.03,,,3,2,20.0,0,1,1,1,150.0
Editorial,Ranking Keywords,No top-10 ranking keywords,https://www.chewy.com/education/cat/training-and-behavior/cat-tail-language-what-your-cats-tail-says-about-her-mood,True,"Prioritize content, metadata, linking, and relevance improvements for this template cohort.",0,Cat Tail Language: 10 Secret Messages Your Cat Is Sending You With Their Tail | Chewy,85,"What is your cat’s tail telling you? From signs of fear to loving signals, here’s how to decode your kitty’s cat tail language.",127,cat tail meanings,Cat Tail Language: 10 Secret Messages Your Cat Is Sending You With Their Tail,1,cat-tail-language-what-your-cats-tail-says-about-her-mood,True,True,False,False,False,False,False,False,16,318,2,needs,2780.0,good,0.09,,,4,4,15.25,0,4,0,0,47.0
Editorial,Ranking Keywords,No top-10 ranking keywords,https://www.chewy.com/education/bird/health-and-wellness/pet-bird-choking,True,"Prioritize content, metadata, linking, and relevance improvements for this template cohort.",0,Pet Bird Choking: Symptoms and Solutions | Chewy,48,Know the signs of choking in parrots and birds.,47,can birds choke,Pet Bird Choking,1,pet-bird-choking,True,True,False,False,False,False,False,False,3,309,3,,,,,,,3,3,20.67,0,1,2,0,12.0
Editorial,Ranking Keywords,No top-10 ranking keywords,https://www.chewy.com/education/horse/general/horse-face-markings,True,"Prioritize content, metadata, linking, and relevance improvements for this template cohort.",0,Horse Face Markings | Chewy,27,"Learn about all the different horse face markings our equine friends can have, including illustrations of each for easy reference.",130,horse face markings,Horse Face Markings,1,horse-face-markings,True,True,False,False,False,False,False,False,7,319,3,,,,,,,2,2,14.0,0,2,0,0,26.0
Editorial,Ranking Keywords,No top-10 ranking keywords,https://www.chewy.com/education/cat/health-and-wellness/what-is-pet-dander,True,"Prioritize content, metadata, linking, and relevance improvements for this template cohort.",0,What Is Pet Dander? And How Do I Get Rid of It? | Chewy,55,A veterinarian and an allergist explain what pet dander is and how to reduce its presence in your home—so you can breathe easier.,129,dander,What Is Pet Dander? And How Do I Get Rid of It?,1,what-is-pet-dander,True,True,False,False,False,False,False,False,6,325,3,needs,2687.0,good,0.09,,,3,3,19.67,0,1,2,0,13.0
Editorial,Ranking Keywords,No top-10 ranking keywords,https://www.chewy.com/education/dog/training-and-behavior/dogs-wag-tails,True,"Prioritize content, metadata, linking, and relevance improvements for this template cohort.",0,Why Do Dogs Wag Their Tail? | Chewy,35,Why do dogs wag their tail? Does it mean they’re happy? Learn how to decode a dog’s tail wagging meaning so you can interpret your pup’s needs.,143,why do dogs wag their tails,Why Do Dogs Wag Their Tail?,1,dogs-wag-tails,True,True,False,False,False,False,False,False,19,314,3,,,,,,,3,3,18.0,0,1,1,1,14.0
Editorial,Ranking Keywords,No top-10 ranking keywords,https://www.chewy.com/education/fish/health-and-wellness/algae-problem-in-your-fishtank-find-out-which-species-really-eat-algae,True,"Prioritize content, metadata, linking, and relevance improvements for this template cohort.",0,Algae In Your Fishtank? Find Out Which Species Really Eat Algae | Chewy,71,"BeChewy teaches you about the best algae eaters out there to beat back the slimy, green growth in your home aquarium.",117,algae eater fish,Algae Problem In Your Fish Tank? Find Out Which Species Really Eat Algae,1,algae-problem-in-your-fishtank-find-out-which-species-really-eat-algae,True,True,False,False,False,False,False,False,3,307,2,,,,,,,4,4,19.0,0,3,1,0,24.0
Editorial,Ranking Keywords,No top-10 ranking keywords,https://www.chewy.com/education/horse/feed-and-nutrition/horse-feeding,True,"Prioritize content, metadata, linking, and relevance improvements for this template cohort.",0,Horse Feeding: 8 Essential Things To Know + Equipment Checklist | Chewy,71,"How do you create a balanced diet for your equine companion? Read our guide to horse feeding—with tips, tricks, and the equipment you need.",139,horse feeding,Horse Feeding: 8 Essential Things To Know + Equipment Checklist,1,horse-feeding,True,True,False,False,False,False,False,False,25,321,2,,,,,,,1,1,14.0,0,1,0,0,1.0
Editorial,Ranking Keywords,No top-10 ranking keywords,https://www.chewy.com/education/cat/food-and-nutrition/bobby-flay-nacho-pet-pantry-tour,True,"Prioritize content, metadata, linking, and relevance improvements for this template cohort.",0,Watch Bobby Flay Give a Tour of His Cat Nacho's Pantry | Chewy,62,"With shelves expertly stacked full of his eponymous food, Nacho just might have the most impressive pantry of any celebrity pet.",128,bobby flay cats,In My Pet’s Pantry: Bobby Flay Gives a Tour of Nacho the Cat’s Pantry,1,bobby-flay-nacho-pet-pantry-tour,True,True,False,False,False,False,False,False,2,315,3,,,,,,,2,2,22.0,0,0,1,1,1.0
Editorial,Ranking Keywords,No top-10 ranking keywords,https://www.chewy.com/education/dog-breeds/irish-terrier,True,"Prioritize content, metadata, linking, and relevance improvements for this template cohort.",0,,,,,irish terrier,,0,irish-terrier,,False,False,False,False,False,False,False,5,0,3,,,,,,,2,2,20.0,0,1,1,0,
Editorial,Ranking Keywords,No top-10 ranking keywords,https://www.chewy.com/education/dog/food-and-nutrition/can-dogs-eat-cat-food,True,"Prioritize content, metadata, linking, and relevance improvements for this template cohort.",0,Can Dogs Eat Cat Food? | Chewy,30,Can dogs eat cat food? Does your dog occasionally steal from your cat’s bowl—and what are the risks? We asked veterinary experts.,129,dog eating cat food,Can Dogs Eat Cat Food?,1,can-dogs-eat-cat-food,True,True,False,False,False,False,False,False,3,327,4,,,,,,,3,3,18.0,0,2,1,0,10.0
Editorial,Ranking Keywords,No top-10 ranking keywords,https://www.chewy.com/education/dog/flea-and-tick/flea-bites-on-dogs,True,"Prioritize content, metadata, linking, and relevance improvements for this template cohort.",0,Flea Bites on Dogs: What They Look Like—and What to Do About Them | Chewy,73,"Are those flea bites on your dog? Here's how to tell if your dog has been bitten by fleas, and if so, how to help them.",119,what do flea bites look like on dogs,Flea Bites on Dogs: What They Look Like—and What to Do About Them,1,flea-bites-on-dogs,True,True,False,False,False,False,False,False,8,328,3,good,2478.0,good,0.07,,,1,1,14.0,0,1,0,0,34.0
Editorial,Ranking Keywords,No top-10 ranking keywords,https://www.chewy.com/education/dog-breeds/welsh-terrier,True,"Prioritize content, metadata, linking, and relevance improvements for this template cohort.",0,,,,,welsh terrier puppies,,0,welsh-terrier,,False,False,False,False,False,False,False,1,0,3,,,,,,,2,2,14.0,0,1,0,1,
Editorial,Ranking Keywords,No top-10 ranking keywords,https://www.chewy.com/education/dog/food-and-nutrition/can-dogs-eat-onions,True,"Prioritize content, metadata, linking, and relevance improvements for this template cohort.",0,Can Dogs Eat Onions?,20,"Can dogs eat onions? Or are onions poisonous to dogs? Unlike some other veggies, onions can be bad for canines. Here's what to know.",132,can dogs eat onions,Can Dogs Eat Onions?,1,can-dogs-eat-onions,True,True,False,False,False,False,False,False,32,319,3,,,,,,,3,3,20.67,0,1,2,0,8.0
Editorial,Ranking Keywords,No top-10 ranking keywords,https://www.chewy.com/education/cat/new-cat/7-things-to-do-when-raising-a-kitten,True,"Prioritize content, metadata, linking, and relevance improvements for this template cohort.",0,7 Things to Know When Raising a Kitten | Chewy,46,Bringing home a new kitten? Keep these seven tips in mind when raising a kitten.,80,how to raise a kitten,7 Things to Do When Raising a Kitten,1,7-things-to-do-when-raising-a-kitten,True,True,False,False,False,False,False,False,9,311,2,,,,,,,3,3,16.33,0,2,1,0,1.0
Editorial,Ranking Keywords,No top-10 ranking keywords,https://www.chewy.com/education/dog/health-and-wellness/common-eye-problems-dogs,True,"Prioritize content, metadata, linking, and relevance improvements for this template cohort.",0,Common Dog Eye Problems and Solutions | Chewy,45,Learn about common dog eye problems and their symptoms so you can keep your dog’s eyes clear and healthy.,105,dog eye issues,7 Common Eye Problems In Dogs,1,common-eye-problems-dogs,True,True,False,False,False,False,False,False,9,313,4,,,,,,,1,1,,0,0,0,1,2.0
Editorial,Ranking Keywords,No top-10 ranking keywords,https://www.chewy.com/education/cat/pet-parenting/pet-parenting-diy-recipes-diy-food-puzzles-for-cats,True,"Prioritize content, metadata, linking, and relevance improvements for this template cohort.",0,DIY Food Puzzles for Cats | Chewy,33,"Whether you’re challenging them to bat a bottle around or move a piece of cardboard to get their “prize,” here are two food puzzles for cats you can easily make at home.",169,diy cat food puzzle,DIY Food Puzzles for Cats,1,pet-parenting-diy-recipes-diy-food-puzzles-for-cats,True,True,False,False,False,False,False,False,2,306,3,,,,,,,2,2,18.0,0,1,1,0,1.0
Editorial,Ranking Keywords,No top-10 ranking keywords,https://www.chewy.com/education/dog/food-and-nutrition/diy-dog-treat-low-fat-green-machine-treats,True,"Prioritize content, metadata, linking, and relevance improvements for this template cohort.",0,DIY Dog Treat: Low-Fat Green Machine Treats | Chewy,51,"Looking for a healthy way to treat your dog? Try these Green Machine DIY dog treats, made with nutritious veggies and low-fat ingredients.",138,weight loss dog treats recipe,DIY Dog Treat: Low-Fat Green Machine Treats,1,diy-dog-treat-low-fat-green-machine-treats,True,True,False,False,False,False,False,False,5,308,4,,,,,,,1,1,14.0,0,1,0,0,2.0
Editorial,Ranking Keywords,No top-10 ranking keywords,https://www.chewy.com/education/cat,True,"Prioritize content, metadata, linking, and relevance improvements for this template cohort.",0,"Cat Care Tips, Guides, and Helpful Information | Chewy",54,"Your central hub for trusted tips on cat care, behavior, health, and more. Start here for all things feline. Learn cat care tips, health guides, and key information to help your feline live a happy, healthy life. Ideal for new and seasoned cat parents.",252,cat,Cat,1,cat,True,True,False,False,False,False,False,False,318249,346,1,good,2163.0,poor,0.6699999999999999,,,5,5,22.75,0,1,3,1,8.0
Editorial,Ranking Keywords,No top-10 ranking keywords,https://www.chewy.com/education/cat/training-and-behavior/converting-outdoor-cats-indoor-cats,True,"Prioritize content, metadata, linking, and relevance improvements for this template cohort.",0,How To Convert Your Outdoor Cat to an Indoor Cat | Chewy,56,Learn how to effectively convert your outdoor cat to an indoor cat with these tips. Maintain a happy cat with these cat toys for indoor cats and cat nutrition guidelines.,170,how to transition an outdoor cat into an indoor cat,How To Convert Your Outdoor Cat Into an Indoor Cat,1,converting-outdoor-cats-indoor-cats,True,True,False,False,False,False,False,False,4,313,3,,,,,,,1,1,14.0,0,1,0,0,1.0
Editorial,Ranking Keywords,No top-10 ranking keywords,https://www.chewy.com/education/small-pet/rabbit/rabbit-behavior-changes-after-neutering,True,"Prioritize content, metadata, linking, and relevance improvements for this template cohort.",0,Rabbit Behavior Changes After Neutering | Chewy,47,What behavior changes should be expected after a rabbit is neutered?,68,how long after neutering rabbit does behavior change,Rabbit Behavior Changes After Neutering,1,rabbit-behavior-changes-after-neutering,True,True,False,False,False,False,False,False,2,308,3,,,,,,,2,2,16.0,0,2,0,0,1.0
Editorial,Ranking Keywords,No top-10 ranking keywords,https://www.chewy.com/education/dog/food-and-nutrition/why-is-my-dog-not-eating,True,"Prioritize content, metadata, linking, and relevance improvements for this template cohort.",0,Why Is My Dog Not Eating? How Do I Get Them To Eat? | Chewy,59,"If your dog has ever gone 24 hours without eating, you might’ve asked yourself, ‘Why is my dog not eating?’ Here are a few possible reasons.",140,why is my dog not eating but acting normal,Why Is My Dog Not Eating? How Do I Get Them To Eat?,1,why-is-my-dog-not-eating,True,True,False,False,False,False,False,False,88,329,3,,,,,,,4,4,20.5,0,1,1,2,9.0
Editorial,Ranking Keywords,No top-10 ranking keywords,https://www.chewy.com/education/dog/general/how-to-clean-dog-beds,True,"Prioritize content, metadata, linking, and relevance improvements for this template cohort.",0,How To Clean Dog Beds | Chewy,29,"Your pup deserves a clean, comfy bed. Find out how to clean dog beds using machine or hand washing techniques that preserve durability.",135,how to clean a dog bed,How To Clean Dog Beds,1,how-to-clean-dog-beds,True,True,False,False,False,False,False,False,5,324,3,,,,,,,7,7,22.0,0,3,4,0,36.0
Editorial,Ranking Keywords,No top-10 ranking keywords,https://www.chewy.com/education/dog-breeds/american-foxhound,True,"Prioritize content, metadata, linking, and relevance improvements for this template cohort.",0,,,,,foxhound,,0,american-foxhound,,False,False,False,False,False,False,False,3,0,3,,,,,,,2,2,17.5,0,1,1,0,
Editorial,Ranking Keywords,No top-10 ranking keywords,https://www.chewy.com/education/dog/food-and-nutrition/can-dogs-eat-potatoes-everything-you-need-to-know,True,"Prioritize content, metadata, linking, and relevance improvements for this template cohort.",0,Can Dogs Eat Potatoes? | Chewy,30,"Can dogs eat potatoes? Yes! But while potatoes have lots of nutrients, serving to your dog comes with restrictions.",115,can dogs eat potatoes,Can Dogs Eat Potatoes?,1,can-dogs-eat-potatoes-everything-you-need-to-know,True,True,False,False,False,False,False,False,12,313,3,,,,,,,5,5,18.6,0,3,2,0,40.0
Editorial,Ranking Keywords,No top-10 ranking keywords,https://www.chewy.com/education/dog/pet-parenting/the-best-place-for-a-dogs-crate,True,"Prioritize content, metadata, linking, and relevance improvements for this template cohort.",0,The Best Place For A Dog’s Crate | Chewy,40,BeChewy looks at the best place to put your dog's crate in your home in order to keep your pup feeling their best.,114,best place for dog crate,The Best Place For A Dog’s Crate,1,the-best-place-for-a-dogs-crate,True,True,False,False,False,False,False,False,3,312,3,,,,,,,2,2,14.0,0,1,0,1,10.0
Editorial,Ranking Keywords,No top-10 ranking keywords,https://www.chewy.com/education/fish/general/10-best-pet-fish-for-beginners,True,"Prioritize content, metadata, linking, and relevance improvements for this template cohort.",0,The 10 Best Pet Fish for Beginners | Chewy,42,What’s the best pet fish for a first-time fishkeeper? Choose from these vet-approved species for your first fish tank.,118,pet fish,The 10 Best Pet Fish for Beginners,1,10-best-pet-fish-for-beginners,True,True,False,False,False,False,False,False,15,321,3,needs,2905.0,needs,0.1,,,4,4,14.67,0,3,0,1,44.0
Editorial,Ranking Keywords,No top-10 ranking keywords,https://www.chewy.com/education/dog/health-and-wellness/why-is-my-dogs-nose-turning-pink,True,"Prioritize content, metadata, linking, and relevance improvements for this template cohort.",0,Why Is My Dog’s Nose Turning Pink? | Chewy,42,Pink dog nose? Learn why it happens and when to call the vet.,61,dog brown nose,Why Is My Dog’s Nose Turning Pink?,1,why-is-my-dogs-nose-turning-pink,True,True,False,False,False,False,False,False,3,324,3,needs,3009.0,good,0.09,,,3,3,18.67,0,2,1,0,57.0
Editorial,Ranking Keywords,No top-10 ranking keywords,https://www.chewy.com/education/small-pet/rat-and-mouse,True,"Prioritize content, metadata, linking, and relevance improvements for this template cohort.",0,Pet Rat & Mouse Care Tips and Helpful Pet Information | Chewy,61,"Learn mouse and pet rat care with expert tips and trusted information on feeding, habitat setup, and enrichment. From the experts at Chewy Education.",149,rat rolling,Pet Rat & Mouse,1,rat-and-mouse,True,True,False,False,False,False,False,False,318249,320,1,,,,,,,3,3,,0,0,0,3,1.0
Editorial,Ranking Keywords,No top-10 ranking keywords,https://www.chewy.com/education/dog/training-and-behavior/training-training-tips-how-to-walk-multiple-dogs-without-losing-your-cool,True,"Prioritize content, metadata, linking, and relevance improvements for this template cohort.",0,How to Walk Multiple Dogs Without Losing Your Cool | Chewy,58,Walking multiple dogs can be a challenge with leash tangles and clean-up duty. Read our top tips for juggling more than one dog on walks.,137,how to walk two dogs at once,How to Walk Multiple Dogs Without Losing Your Cool,1,training-training-tips-how-to-walk-multiple-dogs-without-losing-your-cool,True,True,False,False,False,False,False,False,2,307,4,,,,,,,4,4,22.75,0,1,3,0,1.0
Editorial,Ranking Keywords,No top-10 ranking keywords,https://www.chewy.com/education/fish/general/how-to-set-up-a-nano-tank,True,"Prioritize content, metadata, linking, and relevance improvements for this template cohort.",0,How To Set Up a Nano Tank | Chewy,33,"Learn about how to add a colorful nano aquarium to your home, including supplies needed and what kinds of fish you can add.",123,nano tank,How To Set Up a Nano Fish Tank (Saltwater),1,how-to-set-up-a-nano-tank,True,True,False,False,False,False,False,False,3,337,3,,,,,,,1,1,14.0,0,1,0,0,1.0
Editorial,Ranking Keywords,No top-10 ranking keywords,https://www.chewy.com/education/farm-animal/llama-and-alpaca/what-do-llamas-eat,True,"Prioritize content, metadata, linking, and relevance improvements for this template cohort.",0,What Do Llamas Eat? | Chewy,27,"What do llamas eat? Learn about a llama's diet, including their favorite foods, nutritional needs, and how to keep them healthy.",128,llama and alpaca feed,What Do Llamas Eat?,1,what-do-llamas-eat,True,True,False,False,False,False,False,False,3,316,3,,,,,,,1,1,15.0,0,1,0,0,21.0
Editorial,Ranking Keywords,No top-10 ranking keywords,https://www.chewy.com/education/cat/training-and-behavior/best-cat-trees,True,"Prioritize content, metadata, linking, and relevance improvements for this template cohort.",0,"The Best Cat Trees of 2022, According to Pet Parents Like You | Chewy",69,We’ve rounded up the best cat trees as rated by Chewy cat parents and tested by their favorite felines.,103,cat tree,The Best Cat Trees to Help Your Feline Friend Climb to New Heights,1,best-cat-trees,True,True,False,False,False,False,False,False,2,319,3,,,,,,,1,1,15.0,0,1,0,0,1.0
Editorial,Ranking Keywords,No top-10 ranking keywords,https://www.chewy.com/education/dog/food-and-nutrition/what-to-feed-dog-with-diarrhea,True,"Prioritize content, metadata, linking, and relevance improvements for this template cohort.",0,What To Feed a Dog With Diarrhea: Foods & Tips | Chewy,54,"Learn what to feed a dog with diarrhea—from bland diets to vet-approved foods—plus, how and when to transition back to their regular diet.",138,what to feed dog with diarrhea,What Do You Feed a Dog With Diarrhea?,1,what-to-feed-dog-with-diarrhea,True,True,False,False,False,False,False,False,6,330,3,good,2252.0,good,0.055,,,5,5,20.2,0,3,2,0,102.0
Editorial,Ranking Keywords,No top-10 ranking keywords,https://www.chewy.com/education/dog/grooming/3-steps-untangle-matted-dog-hair,True,"Prioritize content, metadata, linking, and relevance improvements for this template cohort.",0,,,,,best way to detangle dog hair,,0,3-steps-untangle-matted-dog-hair,False,False,False,False,False,False,False,False,14,0,3,,,,,,,1,1,,0,0,0,1,1.0
Editorial,Ranking Keywords,No top-10 ranking keywords,https://www.chewy.com/education/dog/food-and-nutrition/can-dogs-eat-ham,True,"Prioritize content, metadata, linking, and relevance improvements for this template cohort.",0,Can dogs eat ham? Is ham toxic to dogs? | Chewy,47,"Can dogs eat ham? Ham isn’t toxic, but there are other foods that are more beneficial to your dog’s health. Here's what a vet had to say.",137,can dogs eat ham,Can dogs eat ham? Is ham toxic to dogs?,1,can-dogs-eat-ham,True,True,False,False,False,False,False,False,5,315,3,,,,,,,4,4,18.25,0,3,1,0,6.0
Editorial,Ranking Keywords,No top-10 ranking keywords,https://www.chewy.com/education/dog/food-and-nutrition/human-foods-dogs-can-eat,True,"Prioritize content, metadata, linking, and relevance improvements for this template cohort.",0,What Human Food Can Dogs Eat? | Chewy,37,"What human foods can dogs eat? If you’ve ever looked at a banana and wondered if your pup can have a tiny taste, good news! Here's more.",136,dog safe foods,What Human Foods Can Dogs Eat?,1,human-foods-dogs-can-eat,True,True,False,False,False,False,False,False,39,387,2,needs,2555.0,good,0.09,,,4,4,21.5,0,2,2,0,21.0
Editorial,Ranking Keywords,No top-10 ranking keywords,https://www.chewy.com/education/fish/freshwater-fish/tropical-fish,True,"Prioritize content, metadata, linking, and relevance improvements for this template cohort.",0,The 10 Best Tropical Fish for Beginners | Chewy,47,Dreaming of your first tropical fish tank? Stock it with these vet-recommended fish species for beginners.,106,tropical fish,The 10 Best Tropical Fish for Beginners,1,tropical-fish,True,True,False,False,False,False,False,False,11,316,2,needs,3565.0,needs,0.1,,,6,5,19.75,0,2,2,2,109.0
Editorial,Ranking Keywords,No top-10 ranking keywords,https://www.chewy.com/education/bird/health-and-wellness,True,"Prioritize content, metadata, linking, and relevance improvements for this template cohort.",0,"Bird Health: Illness Symptoms, Treatment Options & More | Chewy",63,"Learn how to recognize bird health symptoms, prevent illness, and support recovery with expert tips on treatment, and early warning signs.",138,bird cpr,Bird Health & Wellness,1,health-and-wellness,True,True,False,False,False,False,False,False,35,320,2,,,,,,,2,2,15.0,0,1,0,1,1.0
Editorial,Ranking Keywords,No top-10 ranking keywords,https://www.chewy.com/education/bird/training-and-behavior/how-to-teach-a-bird-to-talk,True,"Prioritize content, metadata, linking, and relevance improvements for this template cohort.",0,How To Teach a Bird to Talk | Chewy,35,"Learn which pet birds love to talk, including bird training tips on how to teach them different words and phrases.",114,how to teach a parrot to talk,How To Teach a Bird to Talk,1,how-to-teach-a-bird-to-talk,True,True,False,False,False,False,False,False,21,324,2,,,,,,,3,3,15.67,0,3,0,0,8.0
Editorial,Ranking Keywords,No top-10 ranking keywords,https://www.chewy.com/education/dog/pet-parenting/dognapping-how-to-prevent-dog-theft-2,True,"Prioritize content, metadata, linking, and relevance improvements for this template cohort.",0,Dognapping Is On the Rise—These 7 Tips Can Keep Your Dog Safe | Chewy,69,"Incidents of dognapping are up all across the U.S. Find out what puts a dog at risk, and how to prevent your dog being stolen.",126,dognapping,Dognapping Is On the Rise—These 7 Tips Can Keep Your Dog Safe,1,dognapping-how-to-prevent-dog-theft,True,True,False,False,False,False,False,False,4,320,3,,,,,,,2,2,17.5,0,2,0,0,3.0
Editorial,Ranking Keywords,No top-10 ranking keywords,https://www.chewy.com/education/cat/general/behavior-breeds-smartest-cat-breeds,True,"Prioritize content, metadata, linking, and relevance improvements for this template cohort.",0,Top 8 Smartest Cat Breeds | Chewy,33,"Joan Miller, chair of outreach and education at the Cat Fanciers’ Association (CFA), shares her picks for the world’s smartest cat breeds.",138,smartest cat breed,Top 8 Smartest Cat Breeds,1,behavior-breeds-smartest-cat-breeds,True,True,False,False,False,False,False,False,13,307,2,,,,,,,3,3,22.0,0,1,2,0,3.0
Editorial,Ranking Keywords,No top-10 ranking keywords,https://www.chewy.com/education/cat/training-and-behavior/why-do-cats-meow,True,"Prioritize content, metadata, linking, and relevance improvements for this template cohort.",0,Why Do Cats Meow? | Chewy,25,Why do cats meow? What are they trying to tell us? Learn the reasons for cat meowing with help from veterinarians.,114,why did my cats meow change,Why Do Cats Meow? Here’s What Your Kitty Might Be Saying,1,why-do-cats-meow,True,True,False,False,False,False,False,False,21,322,2,,,,,,,3,3,24.5,0,1,1,1,1.0
Editorial,Ranking Keywords,No top-10 ranking keywords,https://www.chewy.com/education/cat/health-and-wellness/how-long-are-cats-pregnant,True,"Prioritize content, metadata, linking, and relevance improvements for this template cohort.",0,How Long Are Cats Pregnant? l Chewy,35,Wondering how long cats are pregnant for and what to expect when your feline’s expecting? Here’s everything you need to know about your cat’s gestation period.,159,how long are cats pregnant,How Long Are Cats Pregnant?,1,how-long-are-cats-pregnant,True,True,False,False,False,False,False,False,4,318,3,,,,,,,3,2,18.33,0,2,1,0,23.0
Editorial,Ranking Keywords,No top-10 ranking keywords,https://www.chewy.com/education/dog/general/dog-actually-best-friend,True,"Prioritize content, metadata, linking, and relevance improvements for this template cohort.",0,Why Are Dogs A Man's Best Friend? | Chewy,41,Everyone knows that a dog is a man’s best friend. Learn what causes this bond beyond just companionship.,104,my dog is my best friend,Why Your Dog Is Actually Your Best Friend,1,dog-actually-best-friend,True,True,False,False,False,False,False,False,2,308,5,,,,,,,3,3,20.0,0,1,1,1,1.0
Editorial,Ranking Keywords,No top-10 ranking keywords,https://www.chewy.com/education/dog/pet-parenting/8-perfect-german-shepherd-gifts-for-dog-lovers,True,"Prioritize content, metadata, linking, and relevance improvements for this template cohort.",0,9 German Shepherd Gifts for the Dog Lovers in Your Life | Chewy,63,"What are the best gifts for dog lovers? If they love German Shepherds, take a look at these German Shepherd gifts for your two-legged friends.",142,german shepherd gifts,9 Perfect German Shepherd Gifts for Dog Lovers,1,8-perfect-german-shepherd-gifts-for-dog-lovers,True,True,False,False,False,False,False,False,2,318,4,,,,,,,3,3,17.33,0,2,1,0,1.0
Editorial,Ranking Keywords,No top-10 ranking keywords,https://www.chewy.com/education/cat/general/diy-cat-toys-make-a-lime-slice-double-catnip-toy-for-your-main-squeeze,True,"Prioritize content, metadata, linking, and relevance improvements for this template cohort.",0,DIY Cat Toys: Make a Felt Catnip Cat Toy | Chewy,48,Ready to try your hand at DIY cat toys? Follow these step-by-step instructions for making your kitty her very own lime slice cat toy that’s stuffed and sprayed with catnip!,172,diy catnip toy,DIY Cat Toys: Make a Lime Slice Double-Catnip Toy for Your Main Squeeze,1,diy-cat-toys-make-a-lime-slice-double-catnip-toy-for-your-main-squeeze,True,True,False,False,False,False,False,False,4,312,4,,,,,,,2,2,21.0,0,1,1,0,1.0
Editorial,Ranking Keywords,No top-10 ranking keywords,https://www.chewy.com/education/cat/training-and-behavior/petiquette-guide-pet-etiquette-for-dog-and-cat-parents,True,"Prioritize content, metadata, linking, and relevance improvements for this template cohort.",0,Petiquette Guide: Pet Etiquette for Dog and Cat Parents | Chewy,63,"Are you up to speed on the latest cat and dog pet etiquette? We've rounded up the ultimate petiquette guide, just for you.",122,petiquette,Petiquette Guide: Pet Etiquette for Dog and Cat Parents,1,petiquette-guide-pet-etiquette-for-dog-and-cat-parents,True,True,False,False,False,False,False,False,4,316,3,,,,,,,1,1,15.0,0,1,0,0,1.0
Editorial,Ranking Keywords,No top-10 ranking keywords,https://www.chewy.com/education/dog/pet-parenting/a-luxury-trip-to-dog-friendly-aspen,True,"Prioritize content, metadata, linking, and relevance improvements for this template cohort.",0,Luxury Ski Vacation: Dog-Friendly Aspen — Chewy.com | Chewy,59,"Are you planning on taking a luxury ski vacation, but don’t want to leave your pup behind? Read about one pet parent’s experience staying in dog-friendly Aspen.",160,pet friendly hotels in aspen colorado,A Luxury Trip to Dog-Friendly Aspen,1,a-luxury-trip-to-dog-friendly-aspen,True,True,False,False,False,False,False,False,2,308,4,,,,,,,3,3,17.67,0,2,1,0,1.0
Editorial,Ranking Keywords,No top-10 ranking keywords,https://www.chewy.com/education/dog/health-and-wellness/dog-stumbling,True,"Prioritize content, metadata, linking, and relevance improvements for this template cohort.",0,Why Is My Dog Losing Balance? | Chewy,37,Do you have a suddenly stumbling or wobbly dog? Here’s what might be going on and why it’s important to see a vet immediately.,126,stumbling dog,Why Is My Dog Losing Balance? How To Help a Wobbly Dog,1,dog-stumbling,True,True,False,False,False,False,False,False,6,338,3,,,,,,,1,1,15.0,0,1,0,0,17.0
Editorial,Ranking Keywords,No top-10 ranking keywords,https://www.chewy.com/education/dog/pet-parenting/taking-dog-to-beach-tips,True,"Prioritize content, metadata, linking, and relevance improvements for this template cohort.",0,Tips for Taking Your Dog to the Beach | Chewy,45,Get the top tips for taking your dog to the beach so you can have a fun and safe experience with your pup.,106,taking your dog to the beach for the first time,5 Tips for Taking Your Dog to the Beach,1,taking-dog-to-beach-tips,True,True,False,False,False,False,False,False,13,345,2,,,,,,,2,2,15.0,0,2,0,0,1.0
Editorial,Ranking Keywords,No top-10 ranking keywords,https://www.chewy.com/education/cat/general/behavior-breeds-bombay-cat-breed,True,"Prioritize content, metadata, linking, and relevance improvements for this template cohort.",0,Bombay Cat Breed | Chewy,24,"Learn about Bombay cats and read up on the breed's personality, size and history.",81,bombay cat,Bombay Cat Breed,1,behavior-breeds-bombay-cat-breed,True,True,False,False,False,False,False,False,3,308,3,,,,,,,2,2,19.5,0,1,1,0,11.0
Editorial,Ranking Keywords,No top-10 ranking keywords,https://www.chewy.com/education/small-pet/chinchilla/10-reasons-why-chinchillas-make-amazing-pets,True,"Prioritize content, metadata, linking, and relevance improvements for this template cohort.",0,10 Reasons Why a Chinchilla Makes an Amazing Pet | Chewy,56,Interested in adding these adorable small pets to your home? Check out the many reasons why chinchillas make pretty cool pets.,126,are chinchillas good pets,10 Reasons Why Chinchillas Make Amazing Pets,1,10-reasons-why-chinchillas-make-amazing-pets,True,True,False,False,False,False,False,False,24,313,3,,,,,,,2,2,15.0,0,1,0,1,33.0
Editorial,Ranking Keywords,No top-10 ranking keywords,https://www.chewy.com/education/dog/training-and-behavior/why-are-dogs-scared-of-fireworks,True,"Prioritize content, metadata, linking, and relevance improvements for this template cohort.",0,Why Are Dogs Scared of Fireworks? Is This Normal? | Chewy,57,"Wondering why dogs are scared of fireworks? Learn what causes the fear, how to help your pup stay calm, and when to talk to your vet.",133,what can i give my dog for fireworks,Why Are Dogs Scared of Fireworks? Is This Normal?,1,why-are-dogs-scared-of-fireworks,True,True,False,False,False,False,False,False,11,354,3,,,,,,,10,10,20.14,0,2,5,3,1.0
Editorial,Ranking Keywords,No top-10 ranking keywords,https://www.chewy.com/education/dog/general/behavior-breeds-8-curly-coated-dog-breeds,True,"Prioritize content, metadata, linking, and relevance improvements for this template cohort.",0,8 Curly-Coated Dog Breeds | Chewy,33,Learn more some popular curly-coated dog breeds in addition to some tips on how to properly care for wavy-haired coats.,119,curly haired dogs,8 Curly Coated Dog Breeds,1,behavior-breeds-8-curly-coated-dog-breeds,True,True,False,False,False,False,False,False,6,316,3,needs,2895.0,needs,0.1,,,3,3,16.67,0,3,0,0,88.0
Editorial,Ranking Keywords,No top-10 ranking keywords,https://www.chewy.com/education/dog-breeds/norfolk-terrier,True,"Prioritize content, metadata, linking, and relevance improvements for this template cohort.",0,,,,,norfolk terriers,,0,norfolk-terrier,,False,False,False,False,False,False,False,1,0,3,,,,,,,2,2,17.0,0,2,0,0,
Editorial,Ranking Keywords,No top-10 ranking keywords,https://www.chewy.com/education/fish/betta-fish/how-to-treat-erratic-betta-fish-behavior,True,"Prioritize content, metadata, linking, and relevance improvements for this template cohort.",0,How To Treat Erratic Betta Fish Behavior | Chewy,48,"Water testing should be undertaken first to rule out any abnormality associated with water parameters, including ammonia, nitrate, and pH.",138,betta fish behavior,How To Treat Erratic Betta Fish Behavior,1,how-to-treat-erratic-betta-fish-behavior,True,True,False,False,False,False,False,False,3,309,2,,,,,,,3,3,22.33,0,1,2,0,10.0
Editorial,Ranking Keywords,No top-10 ranking keywords,https://www.chewy.com/education/cat/general/behavior-breeds-10-most-dog-like-cat-breeds,True,"Prioritize content, metadata, linking, and relevance improvements for this template cohort.",0,10 Most Dog-Like Cat Breeds | Chewy,35,"Looking for a pet with all of the low-maintenance care of a cat but the affectionate personality of a pup? Consider one of these breeds that’ll be sure to please even the most devoted dog people with their playful, friendly personalities.",238,dog like cats,10 Most Dog-Like Cat Breeds,1,behavior-breeds-10-most-dog-like-cat-breeds,True,True,False,False,False,False,False,False,4,307,2,,,,,,,3,3,19.0,0,2,1,0,24.0
Editorial,Ranking Keywords,No top-10 ranking keywords,https://www.chewy.com/education/cat/health-and-wellness/what-to-expect-with-kitten-teething,True,"Prioritize content, metadata, linking, and relevance improvements for this template cohort.",0,Kitten Teething: What To Expect and How To Help | Chewy,55,"Is your kitten teething? Learn the typical kitten teething age range and symptoms, discover the best kitten teething toys and more.",131,kitten teething age chart,Is Your Kitten Teething? Here’s What To Expect and How To Help,1,what-to-expect-with-kitten-teething,True,True,False,False,False,False,False,False,7,317,3,needs,2526.0,good,0.09,,,2,2,19.5,0,1,1,0,16.0
Editorial,Ranking Keywords,No top-10 ranking keywords,https://www.chewy.com/education/dog/training-and-behavior/why-do-dogs-roll-in-the-grass,True,"Prioritize content, metadata, linking, and relevance improvements for this template cohort.",0,Why Do Dogs Roll in the Grass? Is This Normal? | Chewy,54,"Your pup is rolling around the yard, but why do dogs roll in the grass? It can be a sign of excitement or stress, or it just feels good.",136,why do dogs roll in the grass,Why Do Dogs Roll in the Grass? Is This Normal?,1,why-do-dogs-roll-in-the-grass,True,True,False,False,False,False,False,False,3,326,3,needs,3644.0,good,0.09,,,2,2,16.5,0,2,0,0,1.0
Editorial,Ranking Keywords,No top-10 ranking keywords,https://www.chewy.com/education/small-pet/rat-and-mouse/how-big-do-rats-get,True,"Prioritize content, metadata, linking, and relevance improvements for this template cohort.",0,How Big Do Rats Get? | Chewy,28,"How big do rats get? Before adopting a rat and gathering supplies for them, it's important to learn how large your new furry friend may get.",140,how big are rats,How Big Do Rats Get?,1,how-big-do-rats-get,True,True,False,False,False,False,False,False,5,314,2,,,,,,,1,1,15.0,0,1,0,0,28.0
Editorial,Ranking Keywords,No top-10 ranking keywords,https://www.chewy.com/education/dog/health-and-wellness/cancer-in-dogs,True,"Prioritize content, metadata, linking, and relevance improvements for this template cohort.",0,What Is Cancer in Dogs? And What Are the Signs? | Chewy,55,"Cancer in dogs is one of the most common health concerns pet parents face, especially as their canine companions get older.",123,how do dogs get cancer,What Is Cancer in Dogs? And What Are the Signs?,1,cancer-in-dogs,True,True,False,False,False,False,False,False,32,332,2,,,,,,,1,1,15.0,0,1,0,0,9.0
Editorial,Ranking Keywords,No top-10 ranking keywords,https://www.chewy.com/education/fish/general/aquarium-snails-what-to-keep-and-what-to-avoid,True,"Prioritize content, metadata, linking, and relevance improvements for this template cohort.",0,Aquarium Snails: What To Keep And What To Avoid | Chewy,55,Snails can seem to suddenly appear and overpopulate your home aquarium in no time. BeChewy helps you understand how and why this can happen and how to rectify it.,162,water snail,Aquarium Snails: What To Keep And What To Avoid,1,aquarium-snails-what-to-keep-and-what-to-avoid,True,True,False,False,False,False,False,False,3,310,3,,,,,,,3,3,17.33,0,3,0,0,11.0
Editorial,Ranking Keywords,No top-10 ranking keywords,https://www.chewy.com/education/dog/health-and-wellness/worms-in-dog-poop,True,"Prioritize content, metadata, linking, and relevance improvements for this template cohort.",0,"Worms in Dog Poop: Treatment, Prevention and More | Chewy",57,"Finding worms in dog poop isn’t fun. We spoke to vets to learn about how dogs get worms, how to identify them and what to do if you see them.",141,dog poop worms,What To Do If You Find Worms in Your Dog’s Poop,1,worms-in-dog-poop,True,True,False,False,False,False,False,False,6,311,3,needs,2782.0,good,0.09,,,3,3,19.67,0,2,1,0,41.0
Editorial,Ranking Keywords,No top-10 ranking keywords,https://www.chewy.com/education/small-pet/chinchilla,True,"Prioritize content, metadata, linking, and relevance improvements for this template cohort.",0,Chinchilla Care Information and Essential Maintenance Tips | Chewy,66,"Learn chinchilla care basics with expert maintenance tips and reliable information to keep your fluffy companion happy, clean, and healthy.",139,how to tell how old a chinchilla is,Chinchilla,1,chinchilla,True,True,False,False,False,False,False,False,25,310,3,,,,,,,2,2,15.0,0,1,0,1,1.0
Editorial,Ranking Keywords,No top-10 ranking keywords,https://www.chewy.com/education/dog/health-and-wellness/dog-nail-bleeding,True,"Prioritize content, metadata, linking, and relevance improvements for this template cohort.",0,Dog Nail Bleeding: What To Do and How To Stop It | Chewy,56,"Dog nail bleeding can look scary, but it's usually manageable at home. Learn how to treat, stop, and prevent it—and when to see your vet.",137,how to stop cat nail bleeding,Dog Nail Bleeding: What To Do and How To Stop It,1,dog-nail-bleeding,True,True,False,False,False,False,False,False,2,331,3,good,2277.0,good,0.09,,,2,2,15.5,0,2,0,0,189.0
Editorial,Ranking Keywords,No top-10 ranking keywords,https://www.chewy.com/education/dog-breeds/patterdale-terrier,True,"Prioritize content, metadata, linking, and relevance improvements for this template cohort.",0,"Patterdale Terrier Dog Breed: Characteristics, Care & Photos | Chewy",68,"Learn about the Patterdale Terrier, a rambunctious dog with lots of energy. Discover temperament, care needs, and tips to decide if this breed is right for you.",160,patterdale terrier,Patterdale Terrier,1,patterdale-terrier,True,True,False,False,True,False,False,True,1,340,2,,,,,,,2,2,16.5,0,2,0,0,6.0
Editorial,Ranking Keywords,No top-10 ranking keywords,https://www.chewy.com/education/dog/training-and-behavior/training-training-tips-how-to-teach-your-dog-to-share,True,"Prioritize content, metadata, linking, and relevance improvements for this template cohort.",0,How to Teach Your Dog to Share | Chewy,38,The following sharing tips are a great start for dogs who aren't already guarding from other dogs in an over-the-top fashion or guarding from people.,149,how to teach a dog to share toys,How to Teach Your Dog to Share,1,training-training-tips-how-to-teach-your-dog-to-share,True,True,False,False,False,False,False,False,3,308,4,,,,,,,3,3,19.33,0,2,1,0,4.0
Editorial,Ranking Keywords,No top-10 ranking keywords,https://www.chewy.com/education/dog-breeds/chow-chow,True,"Prioritize content, metadata, linking, and relevance improvements for this template cohort.",0,,,,,chow chow dog,,0,chow-chow,,False,False,False,False,False,False,False,7,0,3,,,,,,,2,2,18.0,0,1,1,0,
Editorial,Ranking Keywords,No top-10 ranking keywords,https://www.chewy.com/education/dog/health-and-wellness/get-dog-lepto-vaccine,True,"Prioritize content, metadata, linking, and relevance improvements for this template cohort.",0,"Leptospirosis Vaccine: What Is It, and Do Dogs Need It? | Chewy",63,Leptospirosis is a dangerous illness that can spread between dogs and humans. Find out how the leptospirosis vaccine can protect your pup.,138,lepto vaccine side effects,"Leptospirosis Vaccine: What Is It, and Do Dogs Need It?",1,get-dog-lepto-vaccine,True,True,False,False,False,False,False,False,6,312,4,good,2350.0,good,0.06,,,2,2,16.5,0,2,0,0,11.0
Editorial,Ranking Keywords,No top-10 ranking keywords,https://www.chewy.com/education/cat/health-and-wellness/cat-teeth-cleaning,True,"Prioritize content, metadata, linking, and relevance improvements for this template cohort.",0,Cat Teeth Cleaning: A Complete Guide to Cat Dental Care l Chewy,63,Curious about cat dental care and cat teeth cleaning? Wondering how much cat teeth cleaning costs? Here’s everything you need to know about caring for feline teeth.,164,do cats need their teeth cleaned,Cat Teeth Cleaning: A Complete Guide to Cat Dental Care,1,cat-teeth-cleaning,True,True,False,False,False,False,False,False,14,339,3,,,,,,,1,1,15.0,0,1,0,0,12.0
Editorial,Ranking Keywords,No top-10 ranking keywords,https://www.chewy.com/education/fish/fish-pond/filtering-a-pond,True,"Prioritize content, metadata, linking, and relevance improvements for this template cohort.",0,The Ultimate Guide To Filtering a Pond: Techniques and Products | Chewy,71,"How do you keep your pond water clean and safe for wildlife? Follow our guide to filtering a pond, with tips and tricks from pond experts.",138,pond filtration,The Ultimate Guide To Filtering a Pond: Techniques and Products,1,filtering-a-pond,True,True,False,False,False,False,False,False,22,318,2,,,,,,,3,3,20.0,0,1,2,0,1.0
Editorial,Ranking Keywords,No top-10 ranking keywords,https://www.chewy.com/education/bird/parrot/parrot-history-yesterday-today,True,"Prioritize content, metadata, linking, and relevance improvements for this template cohort.",0,Parrot History: Yesterday & Today | Chewy,41,"Find out the history from 40 million years ago to today, from the first parrots to the pet birds in our homes.",110,where do parrots come from,Parrot History: Yesterday & Today,1,parrot-history-yesterday-today,True,True,False,False,False,False,False,False,2,308,3,,,,,,,1,1,15.0,0,1,0,0,1.0
Editorial,Ranking Keywords,No top-10 ranking keywords,https://www.chewy.com/education/small-pet/rabbit/tips-for-cleaning-your-rabbits-litter-box,True,"Prioritize content, metadata, linking, and relevance improvements for this template cohort.",0,Tips For Cleaning Your Rabbit’s Litter Box | Chewy,50,"Follow these seven tips to keep your rabbit's litter box clean, promote good health and minimize odors.",103,how to clean bunny litter box,Tips For Cleaning Your Rabbit’s Litter Box,1,tips-for-cleaning-your-rabbits-litter-box,True,True,False,False,False,False,False,False,2,308,3,,,,,,,2,2,15.5,0,2,0,0,1.0
Editorial,Ranking Keywords,No top-10 ranking keywords,https://www.chewy.com/education/dog/training-and-behavior/territorial-aggression-in-dogs,True,"Prioritize content, metadata, linking, and relevance improvements for this template cohort.",0,How To Stop Territorial Aggression in Dogs | Chewy,50,"Learn what territorial aggression in dogs looks like, what causes it, and how to prevent or correct this behavior.",114,dog becoming territorial,How To Stop Territorial Aggression in Dogs,1,territorial-aggression-in-dogs,True,True,False,False,False,False,False,False,2,337,3,,,,,,,2,2,15.5,0,2,0,0,8.0
Editorial,Ranking Keywords,No top-10 ranking keywords,https://www.chewy.com/education/fish/general/breeding-the-dwarf-gourami,True,"Prioritize content, metadata, linking, and relevance improvements for this template cohort.",0,Breeding The Dwarf Gourami | Chewy,34,"Dwarf gouramis are beautiful, generally robust fish that are relatively easy to keep and can live for four years.",113,what do dwarf gourami eat,Breeding The Dwarf Gourami,1,breeding-the-dwarf-gourami,True,True,False,False,False,False,False,False,2,308,4,,,,,,,12,12,24.64,0,2,9,1,29.0
Editorial,Ranking Keywords,No top-10 ranking keywords,https://www.chewy.com/education/bird/training-and-behavior/5-basic-bird-training-tips-for-beginners,True,"Prioritize content, metadata, linking, and relevance improvements for this template cohort.",0,5 Basic Pet Bird Training Tips for Beginners | Chewy,52,Ready to train your pet bird? Check out these five bird training tips to make the process a breeze.,99,bird training,5 Basic Bird Training Tips for Beginners,1,5-basic-bird-training-tips-for-beginners,True,True,False,False,False,False,False,False,12,310,3,,,,,,,14,14,22.57,0,5,9,0,1.0
Editorial,Ranking Keywords,No top-10 ranking keywords,https://www.chewy.com/education/small-pet/guinea-pig/vitamin-c-deficiency-in-guinea-pigs,True,"Prioritize content, metadata, linking, and relevance improvements for this template cohort.",0,Vitamin C Deficiency in Guinea Pigs: What It Is and How To Prevent It | Chewy,77,"Vitamin C deficiency in guinea pigs can lead to serious health issues. Learn how to recognize the signs, treat the condition, and provide the best vitamin C for guinea pigs using trusted products available on Chewy.",215,vitamin c for guinea pigs,Vitamin C Deficiency in Guinea Pigs: What It Is and How To Prevent It,1,vitamin-c-deficiency-in-guinea-pigs,True,True,False,False,False,False,False,False,52,314,2,,,,,,,2,2,15.0,0,1,0,1,3.0
Editorial,Ranking Keywords,No top-10 ranking keywords,https://www.chewy.com/education/small-pet/hamster/how-to-stop-a-hamster-from-biting,True,"Prioritize content, metadata, linking, and relevance improvements for this template cohort.",0,How To Stop A Hamster From Biting | Chewy,41,BeChewy gives you advice on how to stop hamsters from biting.,61,does a hamster bite,How To Stop A Hamster From Biting,1,how-to-stop-a-hamster-from-biting,True,True,False,False,False,False,False,False,8,307,3,,,,,,,5,5,21.8,0,3,2,0,9.0
Editorial,Ranking Keywords,No top-10 ranking keywords,https://www.chewy.com/education/small-pet/hamster/gerbils-vs-hamsters-difference,True,"Prioritize content, metadata, linking, and relevance improvements for this template cohort.",0,Gerbils vs. Hamsters: What’s the Difference? | Chewy,52,"Although gerbils and hamsters may appear similar, these popular small pets have distinct personalities. Learn all about gerbils vs. hamsters.",141,gerbil vs hamster,Gerbils vs. Hamsters: What’s the Difference?,1,gerbils-vs-hamsters-difference,True,True,False,False,False,False,False,False,4,323,3,,,,,,,2,2,16.5,0,2,0,0,31.0
Editorial,Ranking Keywords,No top-10 ranking keywords,https://www.chewy.com/education/dog/general/pet-parenting-travel-packing-essentials-for-a-day-trip-with-your-dog,True,"Prioritize content, metadata, linking, and relevance improvements for this template cohort.",0,Packing Essentials for a Day Trip with Your Dog | Chewy,55,Learn how to pack the ultimate on-the-road bag for your dog.,60,while youre out essentials for dogs,Packing Essentials for a Day Trip with Your Dog,1,pet-parenting-travel-packing-essentials-for-a-day-trip-with-your-dog,True,True,False,False,False,False,False,False,2,314,4,,,,,,,2,1,19.5,0,1,1,0,1.0
Editorial,Ranking Keywords,No top-10 ranking keywords,https://www.chewy.com/education/dog/food-and-nutrition/diy-dog-treat-carob-mint-cookies,True,"Prioritize content, metadata, linking, and relevance improvements for this template cohort.",0,DIY Dog Treat: Carob-Mint Cookies | Chewy,41,"Inspired by your favorite cookies, these DIY dog treats let you enjoy a sweet moment with your pooch.",101,carob chip dog cookies,These Carob-Mint Cookies for Dogs Are Inspired By One of Your Favorite Treats,1,diy-dog-treat-carob-mint-cookies,True,True,False,False,False,False,False,False,7,316,4,,,,,,,2,2,16.0,0,2,0,0,1.0
Editorial,Ranking Keywords,No top-10 ranking keywords,https://www.chewy.com/education/dog/health-and-wellness/hot-spots-on-dogs,True,"Prioritize content, metadata, linking, and relevance improvements for this template cohort.",0,What Are Hot Spots on Dogs? How Do I Treat Them? | Chewy,56,"Hot spots are a pain—literally—but they’re usually pretty easy to handle and prevent. Here's how to treat hot spots on dogs, and more.",134,treatment hot spot dog,What Are Hot Spots on Dogs? And How Do I Treat Them?,1,hot-spots-on-dogs,False,False,False,False,False,False,False,False,1,330,5,,,,,,,9,7,27.5,0,0,4,5,
Editorial,Ranking Keywords,No top-10 ranking keywords,https://www.chewy.com/education/dog/training-and-behavior/dog-breeds-prone-to-anxiety,True,"Prioritize content, metadata, linking, and relevance improvements for this template cohort.",0,10 Dog Breeds Prone to Anxiety | Chewy,38,"Learn about the most anxious dog breeds, signs of a high-anxiety dog, and how to help dogs with high anxiety feel calmer and more secure.",137,giant dog stress anxiety,10 Dog Breeds Prone to Anxiety,1,dog-breeds-prone-to-anxiety,True,True,False,False,False,False,False,False,5,352,2,good,2299.0,good,0.05499999999999999,,,1,1,16.0,0,1,0,0,101.0
Editorial,Ranking Keywords,No top-10 ranking keywords,https://www.chewy.com/education/dog/food-and-nutrition/can-dogs-eat-watermelon,True,"Prioritize content, metadata, linking, and relevance improvements for this template cohort.",0,Can Dogs Eat Watermelon? | Chewy,32,"Watermelon is a delicious, hydrating treat for people, but can dogs eat watermelon too? They sure can—here’s how much you can feed them.",136,can dogs eat watermelon,Can Dogs Eat Watermelon?,1,can-dogs-eat-watermelon,True,True,False,False,False,False,False,False,19,327,3,needs,3078.0,good,0.065,,,3,3,18.0,0,3,0,0,37.0
Editorial,Ranking Keywords,No top-10 ranking keywords,https://www.chewy.com/education/dog/training-and-behavior/what-is-an-emotional-support-animal,True,"Prioritize content, metadata, linking, and relevance improvements for this template cohort.",0,Service Dogs Vs. Emotional Support Dogs | Chewy,47,"Learn what qualifies a dog for each title, the laws that govern them, travel restrictions, training requirements and registration.",130,emotional support dog,Service Dogs Vs. Emotional Support Dogs: What’s the Difference?,1,what-is-an-emotional-support-animal,True,True,False,False,False,False,False,False,8,308,3,,,,,,,2,2,18.5,0,1,1,0,3.0
Editorial,Ranking Keywords,No top-10 ranking keywords,https://www.chewy.com/education/dog/training-and-behavior/why-do-dogs-smell-crotch,True,"Prioritize content, metadata, linking, and relevance improvements for this template cohort.",0,Why Do Dogs Smell Your Crotch? | Chewy,38,"And more importantly, how can one stop their dog from sniffing crotches? You've got questions, we've got answers.",113,why do dogs sniff your crotch,Why Do Dogs Smell Your Crotch? (And How Do You Get Them to Stop?),1,why-do-dogs-smell-crotch,True,True,False,False,False,False,False,False,5,312,3,,,,,,,3,3,17.0,0,3,0,0,4.0
Editorial,Ranking Keywords,No top-10 ranking keywords,https://www.chewy.com/education/dog/training-and-behavior/why-do-dogs-eat-dirt,True,"Prioritize content, metadata, linking, and relevance improvements for this template cohort.",0,Why Do Dogs Eat Dirt? Is This Normal? | Chewy,45,"Dogs eat dirt for several reasons, ranging from boredom and curiosity to underlying medical conditions.",103,why do dogs eat dirt,Why Do Dogs Eat Dirt? Is This Normal?,1,why-do-dogs-eat-dirt,True,True,False,False,False,False,False,False,4,316,3,,,,,,,3,3,22.33,0,1,2,0,5.0
Editorial,Ranking Keywords,No top-10 ranking keywords,https://www.chewy.com/education/dog-breeds/redbone-coonhound,True,"Prioritize content, metadata, linking, and relevance improvements for this template cohort.",0,,,,,redbone coonhound,,0,redbone-coonhound,,False,False,False,False,False,False,False,1,0,4,,,,,,,2,2,19.5,0,1,1,0,
Editorial,Ranking Keywords,No top-10 ranking keywords,https://www.chewy.com/education/dog/health-and-wellness/dog-was-sprayed-by-skunk,True,"Prioritize content, metadata, linking, and relevance improvements for this template cohort.",0,Help! My Dog Was Sprayed by a Skunk–What Do I Do? | Chewy,57,"If your dog was sprayed by a skunk, your prompt action can make a big difference in how long and intensely they smell. Here’s what to do.",137,dog sprayed by skunk side effects,Help! My Dog Was Sprayed by a Skunk–What Do I Do?,1,dog-was-sprayed-by-skunk,True,True,False,False,False,False,False,False,2,311,5,,,,,,,1,1,16.0,0,1,0,0,9.0
Editorial,Ranking Keywords,No top-10 ranking keywords,https://www.chewy.com/education/fish/general/aquarium-fish-aggression,True,"Prioritize content, metadata, linking, and relevance improvements for this template cohort.",0,Aquarium Fish Aggression | Chewy,32,"Learn about what causes aggression in aquarium fish, what you can do to deal with it and prevent it.",100,aggressive fish,Aquarium Fish Aggression,1,aquarium-fish-aggression,True,True,False,False,False,False,False,False,17,309,3,,,,,,,4,3,19.25,0,2,2,0,2.0
Editorial,Ranking Keywords,No top-10 ranking keywords,https://www.chewy.com/education/dog/training-and-behavior/how-to-stop-dogs-from-digging,True,"Prioritize content, metadata, linking, and relevance improvements for this template cohort.",0,How To Stop Your Dog From Digging Up Your Yard | Chewy,54,"Learn how to stop a dog from digging with expert tips from vets and trainers, and discover the common reasons why dogs dig.",123,stop dog from digging home remedy,How To Stop Your Dog From Digging Up Your Yard,1,how-to-stop-dogs-from-digging,True,True,False,False,False,False,False,False,21,352,3,needs,3639.0,good,0.08,,,5,3,16.0,0,1,0,4,14.0
Editorial,Ranking Keywords,No top-10 ranking keywords,https://www.chewy.com/education/small-pet/rat-and-mouse/how-many-mice-can-live-together,True,"Prioritize content, metadata, linking, and relevance improvements for this template cohort.",0,How Many Mice Can Live Together? | Chewy,40,Mice are social animals and enjoy living with another mouse.,60,how many mice live together,How Many Mice Can Live Together?,1,how-many-mice-can-live-together,True,True,False,False,False,False,False,False,4,307,2,,,,,,,1,1,16.0,0,1,0,0,4.0
Editorial,Ranking Keywords,No top-10 ranking keywords,https://www.chewy.com/education/dog/health-and-wellness/reasons-to-adopt-senior-dog,True,"Prioritize content, metadata, linking, and relevance improvements for this template cohort.",0,Adopting a Senior Dog | Chewy,29,Adopting a senior dog comes with unique benefits from lower energy needs to deep companionship. Learn about older pups.,119,senior dogs,6 Reasons You Should Adopt a Senior Dog,1,reasons-to-adopt-senior-dog,True,True,False,False,False,False,False,False,4,322,3,,,,,,,2,2,22.5,0,1,1,0,2.0
Editorial,Ranking Keywords,No top-10 ranking keywords,https://www.chewy.com/education/cat/training-and-behavior/tips-adjusting-cat-sleep-schedules,True,"Prioritize content, metadata, linking, and relevance improvements for this template cohort.",0,Your Cat's Sleep Schedule: How to Get a Cat to Sleep at Night | Chewy,69,Sick of early-morning meows? Get your cat's sleep schedule to match yours with these tips on how to get a cat to sleep at night.,128,cat sleep schedule,Tips for Adjusting Your Cat’s Sleep Schedule,1,tips-adjusting-cat-sleep-schedules,True,True,False,False,False,False,False,False,7,315,3,,,,,,,1,1,16.0,0,1,0,0,1.0
Editorial,Ranking Keywords,No top-10 ranking keywords,https://www.chewy.com/education/dog/food-and-nutrition/3-holiday-dog-treat-recipes-for-your-pups-kong,True,"Prioritize content, metadata, linking, and relevance improvements for this template cohort.",0,Holiday Dog Treat Recipes for Your Pup’s KONG | Chewy,53,Give your favorite fur friends something special this year. Here are three homemade dog treat recipes to stuff you pup’s KONG with and keep him satisfied during the holiday season.,180,holiday pet treat recipes,3 Holiday Dog Treat Recipes for Your Pup’s KONG,1,3-holiday-dog-treat-recipes-for-your-pups-kong,True,True,False,False,False,False,False,False,2,309,4,,,,,,,2,2,16.0,0,1,0,1,1.0
Editorial,Ranking Keywords,No top-10 ranking keywords,https://www.chewy.com/education/dog/food-and-nutrition/dangerous-bbq-foods-for-dogs,True,"Prioritize content, metadata, linking, and relevance improvements for this template cohort.",0,Summer BBQ Foods You Should Never Feed Your Dog | Chewy,55,"Learn which cookout foods are safe for your dog to sample and why most burgers, hot dogs, corn on the cob, and others should be avoided.",136,can dogs eat bbq food,Summer BBQ Foods You Should Never Feed Your Dog,1,dangerous-bbq-foods-for-dogs,True,True,False,False,False,False,False,False,3,354,3,,,,,,,1,1,30.0,0,0,1,0,2.0
Editorial,Ranking Keywords,No top-10 ranking keywords,https://www.chewy.com/education/dog/general/pet-parenting-travel-top-10-pet-friendly-destinations-in-the-southwest,True,"Prioritize content, metadata, linking, and relevance improvements for this template cohort.",0,Top 10 Pet-Friendly Destinations in the Southwest | Chewy,57,"From Phoenix to Lake Tahoe, here are the Southwest’s best places to visit with your pet.",88,south west pet friendly accommodation,Top 10 Pet-Friendly Destinations in the Southwest,1,pet-parenting-travel-top-10-pet-friendly-destinations-in-the-southwest,True,True,False,False,False,False,False,False,2,308,5,,,,,,,1,1,16.0,0,1,0,0,1.0
Editorial,Ranking Keywords,No top-10 ranking keywords,https://www.chewy.com/education/dog-breeds/norwegian-elkhound,True,"Prioritize content, metadata, linking, and relevance improvements for this template cohort.",0,"Norwegian Elkhound Breed: Characteristics, Care & Photos | Chewy",64,"Norwegian Elkhounds are a friendly, exuberant breed. Learn more about this strong-willed dog and how best to care for them.",123,elkhound,Norwegian Elkhound,1,norwegian-elkhound,True,True,False,False,True,False,False,True,7,340,2,,,,,,,3,3,16.67,0,3,0,0,22.0
Editorial,Ranking Keywords,No top-10 ranking keywords,https://www.chewy.com/education/horse/health-and-wellness/horse-ology-beginners-guide-horse-care-terms,True,"Prioritize content, metadata, linking, and relevance improvements for this template cohort.",0,Horseback Riding101: A Guide to Horse Care and Terms | Chewy,60,Learn more about basic horse terms and horse breeds to help you with horseback riding and basic horse care.,107,horse care,Horse-ology: A Beginner’s Guide to Horse Care and Terms,1,horse-ology-beginners-guide-horse-care-terms,True,True,False,False,False,False,False,False,3,308,3,,,,,,,2,2,18.5,0,1,1,0,1.0
Editorial,Ranking Keywords,No top-10 ranking keywords,https://www.chewy.com/education/dog-breeds/coton-de-tulear,True,"Prioritize content, metadata, linking, and relevance improvements for this template cohort.",0,,,,,coton dog,,0,coton-de-tulear,,False,False,False,False,False,False,False,2,0,3,,,,,,,3,3,21.33,0,1,2,0,
Editorial,Ranking Keywords,No top-10 ranking keywords,https://www.chewy.com/education/dog/training-and-behavior/do-dogs-know-their-siblings-dog-family-reunions-reconnect-long-lost-littermates,True,"Prioritize content, metadata, linking, and relevance improvements for this template cohort.",0,Do Dogs Know Their Siblings? Dog Family Reunions Reconnect Long Lost Littermates | Chewy,88,"Stories of dog littermates reuniting often go viral. But do dogs know their siblings? Find out, and learn how to find your own dog’s siblings.",142,do dogs remember their siblings,Do Dogs Know Their Siblings? Dog Family Reunions Reconnect Long Lost Littermates,1,do-dogs-know-their-siblings-dog-family-reunions-reconnect-long-lost-littermates,True,True,False,False,False,False,False,False,2,307,4,,,,,,,3,3,20.0,0,2,1,0,2.0
Editorial,Ranking Keywords,No top-10 ranking keywords,https://www.chewy.com/education/dog/health-and-wellness/senior-dog-exercise,True,"Prioritize content, metadata, linking, and relevance improvements for this template cohort.",0,Senior Dog Exercise: What's Right For Your Pup? l Chewy,55,"Senior dogs need exercise, but it might depend on your dog’s individual preferences. Find the best fit for your pup in their golden years.",138,how long should i walk my senior dog,Senior Dog Exercise: Which Routine Is Right for Your Pup?,1,senior-dog-exercise,True,True,False,False,False,False,False,False,6,342,3,,,,,,,2,2,22.0,0,1,1,0,1.0
Editorial,Ranking Keywords,No top-10 ranking keywords,https://www.chewy.com/education/cat/health-and-wellness/which-plants-are-poisonous-to-cats-a-complete-guide,True,"Prioritize content, metadata, linking, and relevance improvements for this template cohort.",0,18 Common Plants and Flowers That Are Toxic to Cats | Chewy,59,"Find out which common plants are toxic to cats (indoors and outdoors), signs to watch for, and what to do if your cat eats a poisonous plant.",141,what flowers are toxic to cats,18 Common Plants That Are Toxic to Cats,1,which-plants-are-poisonous-to-cats-a-complete-guide,True,True,False,False,False,False,False,False,26,323,3,good,2252.0,good,0.060000000000000005,,,2,2,19.0,0,1,1,0,216.0
Editorial,Ranking Keywords,No top-10 ranking keywords,https://www.chewy.com/education/dog-breeds/barbet,True,"Prioritize content, metadata, linking, and relevance improvements for this template cohort.",0,"Barbet Breed: Characteristics, Care & Photos | Chewy",52,The sociable Barbet is the life of the party and loves to play in the water. Learn more about this rare French dog in our complete guide.,137,barbet,Barbet,1,barbet,True,True,False,False,True,False,False,True,10,330,2,,,,,,,3,3,16.5,0,2,0,1,17.0
Editorial,Ranking Keywords,No top-10 ranking keywords,https://www.chewy.com/education/dog/food-and-nutrition/can-dogs-eat-strawberries,True,"Prioritize content, metadata, linking, and relevance improvements for this template cohort.",0,Can Dogs Eat Strawberries? | Chewy,34,"Strawberries are a super-tasty treat for people, but can dogs eat strawberries too? Yes! And here’s how many you can feed them.",127,can dogs eat strawberries,Can Dogs Eat Strawberries?,1,can-dogs-eat-strawberries,True,True,False,False,False,False,False,False,11,329,3,,,,,,,3,3,19.67,0,1,2,0,21.0
Editorial,Ranking Keywords,No top-10 ranking keywords,https://www.chewy.com/education/dog/training-and-behavior/how-to-teach-dog-to-fetch,True,"Prioritize content, metadata, linking, and relevance improvements for this template cohort.",0,How To Teach a Dog to Fetch: Step-by-Step | BeChewy | Chewy,59,Learn how to teach a dog to fetch the right way with step-by-step instructions from dog training and behavior experts.,118,how to teach dog to fetch,How to Teach a Dog to Fetch: A Step-by-Step Guide,1,how-to-teach-dog-to-fetch,True,True,False,False,False,False,False,False,153,321,2,,,,,,,3,3,20.0,0,2,1,0,11.0
Editorial,Ranking Keywords,No top-10 ranking keywords,https://www.chewy.com/education/dog-breeds/alaskan-malamute,True,"Prioritize content, metadata, linking, and relevance improvements for this template cohort.",0,,,,,alaskan malamute,,0,alaskan-malamute,,False,False,False,False,False,False,False,4,0,4,,,,,,,3,3,22.0,0,1,2,0,
Editorial,Ranking Keywords,No top-10 ranking keywords,https://www.chewy.com/education/dog/food-and-nutrition/can-dogs-eat-mushrooms,True,"Prioritize content, metadata, linking, and relevance improvements for this template cohort.",0,Can Dogs Eat Mushrooms? It Depends | Chewy,42,"While mushrooms sold at grocery stores are typically safe for Fido in moderation, several types of wild mushrooms are highly toxic to dogs.",139,can dogs eat mushrooms,Can Dogs Eat Mushrooms? Are Mushrooms Bad for Dogs?,1,can-dogs-eat-mushrooms,True,True,False,False,False,False,False,False,4,318,3,,,,,,,2,2,21.0,0,1,1,0,5.0
Editorial,Ranking Keywords,No top-10 ranking keywords,https://www.chewy.com/education/dog/food-and-nutrition/fiber-for-dogs,True,"Prioritize content, metadata, linking, and relevance improvements for this template cohort.",0,Fiber for Dogs: Benefits and How To Add It to Your Dog’s Diet | Chewy,69,"Learn why fiber for dogs matters, plus the best high-fiber dog foods, supplements, and tips for constipation and digestive health.",130,fiber for dogs,Fiber for Dogs: Benefits and How To Add It to Your Dog’s Diet,1,fiber-for-dogs,True,True,False,False,False,False,False,False,10,326,2,,,,,,,2,2,17.5,0,2,0,0,37.0
Editorial,Ranking Keywords,No top-10 ranking keywords,https://www.chewy.com/education/dog/health-and-wellness/dog-cpr,True,"Prioritize content, metadata, linking, and relevance improvements for this template cohort.",0,How To Give Your Dog CPR: A Step-by-Step Guide | Chewy,54,Knowing dog CPR can mean the difference between life and death for your pup. Follow our step-by-step guide to administering CPR for your dog.,141,how do you perform dog cpr,How To Give Your Dog CPR: A Step-by-Step Guide,1,dog-cpr,True,True,False,False,False,False,False,False,6,310,4,,,,,,,2,2,16.0,0,1,0,1,1.0
Editorial,Ranking Keywords,No top-10 ranking keywords,https://www.chewy.com/education/farm-animal/chicken/feeds-for-chicks,True,"Prioritize content, metadata, linking, and relevance improvements for this template cohort.",0,What Do Baby Chicks Eat? All About Feeds for Chicks | Chewy,59,"Chicken experts explain everything you need to know about feeds for chicks, from chick starter to grower feed and beyond.",121,what to feed baby chicks,What Do Baby Chicks Eat? All About Feeds for Chicks,1,feeds-for-chicks,True,True,False,False,False,False,False,False,19,335,3,,,,,,,3,3,18.33,0,2,1,0,7.0
Editorial,Ranking Keywords,No top-10 ranking keywords,https://www.chewy.com/education/dog-breeds/beagle,True,"Prioritize content, metadata, linking, and relevance improvements for this template cohort.",0,,,,,beagle puppy,,0,beagle,,False,False,False,False,False,False,False,25,0,3,,,,,,,4,4,22.5,0,1,1,2,1.0
Editorial,Ranking Keywords,No top-10 ranking keywords,https://www.chewy.com/education/cat/health-and-wellness/best-practices-for-feral-cat-care-in-the-winter,True,"Prioritize content, metadata, linking, and relevance improvements for this template cohort.",0,5 Ways To Help Your Community’s Outdoor Cats This Winter,56,"When the temperature drops, community cats may need your help to survive. Consider these tips for caring for outdoor cats in winter.",132,how to keep outdoor cats warm in winter,5 Ways To Help Your Community’s Outdoor Cats This Winter,1,best-practices-for-feral-cat-care-in-the-winter,True,True,False,False,False,False,False,False,2,323,3,,,,,,,2,2,16.5,0,2,0,0,1.0
Editorial,Ranking Keywords,No top-10 ranking keywords,https://www.chewy.com/education/dog/health-and-wellness/choking-dog,True,"Prioritize content, metadata, linking, and relevance improvements for this template cohort.",0,6 Common Causes of Dog Choking—and What To Do | Chewy,53,"Find out what to do if your dog is choking, including signs to watch for and how to perform the Heimlich maneuver.",114,dog choking,6 Common Causes of Choking in Dogs—and What To Do,1,choking-dog,False,False,False,False,False,False,False,False,0,327,5,,,,,,,3,3,17.33,0,3,0,0,
Editorial,Ranking Keywords,No top-10 ranking keywords,https://www.chewy.com/education/cat/health-and-wellness/pancreatitis-in-cats,True,"Prioritize content, metadata, linking, and relevance improvements for this template cohort.",0,What Is Pancreatitis in Cats? What Are the Signs? | Chewy,57,"Pancreatitis in cats is a serious condition that can cause vomiting, lethargy, and loss of appetite. Learn the symptoms, causes, and more.",138,pancreatitis cats,What Is Pancreatitis in Cats? What Are the Signs?,1,pancreatitis-in-cats,False,False,False,False,False,False,False,False,1,330,5,,,,,,,5,4,19.67,0,1,2,2,
Editorial,Ranking Keywords,No top-10 ranking keywords,https://www.chewy.com/education/reptile-and-amphibian/general/water-dragon-care-sheet,True,"Prioritize content, metadata, linking, and relevance improvements for this template cohort.",0,Water Dragon Care Sheet | Chewy,31,Thinking about getting a pet water dragon? Learn everything you need to know to care for them properly.,103,water dragon terrarium size,Water Dragon Care Sheet,1,water-dragon-care-sheet,True,True,False,False,False,False,False,False,4,326,3,,,,,,,6,5,24.5,0,2,4,0,1.0
Editorial,Ranking Keywords,No top-10 ranking keywords,https://www.chewy.com/education/horse/health-and-wellness/canker-in-horses,True,"Prioritize content, metadata, linking, and relevance improvements for this template cohort.",0,What Is Canker in Horses? What Are the Signs? | Chewy,53,"Learn how to spot the signs of canker in horses, including treatment options and how to help your horse feel better.",116,canker in horses,What Is Canker in Horses? What Are the Signs?,1,canker-in-horses,True,True,False,False,False,False,False,False,37,317,2,,,,,,,2,2,17.5,0,2,0,0,3.0
Editorial,Ranking Keywords,No top-10 ranking keywords,https://www.chewy.com/education/dog/training-and-behavior/dog-agility-training-tips,True,"Prioritize content, metadata, linking, and relevance improvements for this template cohort.",0,Dog Agility Training: How To Start at Home | Chewy,50,"Learn how to start dog agility training at home with safe beginner tips, age guidelines, and expert advice. Build skills, confidence, and teamwork today.",153,dog agility training,How To Start Dog Agility Training at Home,1,dog-agility-training-tips,True,True,False,False,False,False,False,False,144,328,3,,,,,,,3,3,19.33,0,2,1,0,5.0
Editorial,Ranking Keywords,No top-10 ranking keywords,https://www.chewy.com/education/dog/training-and-behavior/training-training-tips-how-to-teach-your-dog-to-roll-over,True,"Prioritize content, metadata, linking, and relevance improvements for this template cohort.",0,How to Teach Your Dog to Roll Over in 7 Simple Steps | Chewy,60,"Learn how to teach a dog to roll over with this simple, step-by-step guide with pro-tips from an expert dog trainer.",116,how to teach a dog to roll over,How to Teach a Dog to Roll Over in 7 Simple Steps,1,training-training-tips-how-to-teach-your-dog-to-roll-over,True,True,False,False,False,False,False,False,14,313,3,,,,,,,3,3,18.5,0,2,0,1,4.0
Editorial,Ranking Keywords,No top-10 ranking keywords,https://www.chewy.com/education/dog-breeds/australian-kelpie,True,"Prioritize content, metadata, linking, and relevance improvements for this template cohort.",0,"Australian Kelpie Breed: Characteristics, Care & Photos | Chewy",63,The Australian Kelpie is an active working breed that needs lots of exercise. Learn to care for Australian Kelpie dogs and puppies here.,136,australian kelpie,Australian Kelpie,1,australian-kelpie,True,True,False,False,True,False,False,True,3,333,2,,,,,,,2,2,20.5,0,1,1,0,64.0
Editorial,Ranking Keywords,No top-10 ranking keywords,https://www.chewy.com/education/dog/general/military-working-dog-profiles,True,"Prioritize content, metadata, linking, and relevance improvements for this template cohort.",0,5 Military Working Dogs Worthy of Your Salute This Memorial Day | Chewy,71,Meet five of these patriotic pooches and learn all about the remarkable contributions military working dogs have made to their countries.,137,pictures of military working dogs,5 Military Working Dogs Worthy of Your Salute This Memorial Day,1,military-working-dog-profiles,True,True,False,False,False,False,False,False,2,311,6,,,,,,,1,1,17.0,0,1,0,0,1.0
Editorial,Ranking Keywords,No top-10 ranking keywords,https://www.chewy.com/education/cat/training-and-behavior/why-do-cats-lick-themselves,True,"Prioritize content, metadata, linking, and relevance improvements for this template cohort.",0,Why Do Cats Lick Themselves? | Chewy,36,Curious why your cat constantly licks itself? Learn about common grooming behaviors and possible health concerns in cats today.,127,why do cats lick themselves,Why Do Cats Lick Themselves?,1,why-do-cats-lick-themselves,True,True,False,False,False,False,False,False,10,350,3,,,,,,,4,4,18.67,0,3,0,1,6.0
Editorial,Ranking Keywords,No top-10 ranking keywords,https://www.chewy.com/education/dog/health-and-wellness/signs-your-dog-is-getting-old,True,"Prioritize content, metadata, linking, and relevance improvements for this template cohort.",0,10 Signs Your Dog Is Getting Old | Chewy,40,"Is your older dog slowing down or acting differently? Learn common signs of aging in senior dogs and how to help them stay comfortable, healthy, and happy.",155,signs of dog aging,How Do Dogs Age? 10 Signs Your Dog Is Getting Older,1,signs-your-dog-is-getting-old,True,True,False,False,False,False,False,False,5,361,3,needs,3376.0,good,0.055,,,2,2,17.0,0,1,0,1,14.0
Editorial,Ranking Keywords,No top-10 ranking keywords,https://www.chewy.com/education/cat/training-and-behavior/positively-trained-teaching-your-cat-to-be-comfortable-in-a-carrier,True,"Prioritize content, metadata, linking, and relevance improvements for this template cohort.",0,Teaching Your Cat To Be Comfortable in a Carrier | Chewy,56,Make your next trip as stress-free as possible with these pet travel tips for accustoming a cat to a carrier.,109,how to get a cat used to a carrier,Teaching Your Cat To Be Comfortable in a Carrier,1,positively-trained-teaching-your-cat-to-be-comfortable-in-a-carrier,True,True,False,False,False,False,False,False,9,314,3,,,,,,,1,1,17.0,0,1,0,0,1.0
Editorial,Ranking Keywords,No top-10 ranking keywords,https://www.chewy.com/education/dog/health-and-wellness/why-is-my-dogs-stomach-upset-12-possible-causes,True,"Prioritize content, metadata, linking, and relevance improvements for this template cohort.",0,"Upset Stomach in Dogs: Causes, Signs, and What to Do | Chewy",60,"Dogs with upset stomachs can experience gas, diarrhea, vomiting, and other symptoms. Learn about possible causes and how to treat it.",133,dog with upset stomach,"Upset Stomach in Dogs: Causes, Signs, and What to Do",1,why-is-my-dogs-stomach-upset-12-possible-causes,True,True,False,False,False,False,False,False,89,336,2,,,good,0.06,,,3,3,20.0,0,2,1,0,15.0
Editorial,Ranking Keywords,No top-10 ranking keywords,https://www.chewy.com/education/cat/health-and-wellness/are-poinsettias-poisonous-to-cats,True,"Prioritize content, metadata, linking, and relevance improvements for this template cohort.",0,Are Poinsettias Poisonous to Cats? | Chewy,42,"Are poinsettias poisonous to cats? Find out which parts of the poinsettia are toxic, symptoms to watch for, and immediate steps to take if your cat is exposed.",159,are poinsettias poisonous to cats,Are Poinsettias Poisonous to Cats?,1,are-poinsettias-poisonous-to-cats,True,True,False,False,False,False,False,False,7,312,3,,,,,,,1,1,17.0,0,1,0,0,3.0
Editorial,Ranking Keywords,No top-10 ranking keywords,https://www.chewy.com/education/cat/food-and-nutrition/bobby-flay-made-by-nacho-interview-cat,True,"Prioritize content, metadata, linking, and relevance improvements for this template cohort.",0,Chef Bobby Flay on Launching His Made by Nacho Cat Food | Chewy,63,"Celebrity chef Bobby Flay loves two things: food and cats. So of course he created his own brand of cat food, Made By Nacho, inspired by life as a cat dad.",155,bobby flay cat food,Chef and Pet Parent Bobby Flay Has Definitely Turned Down Plans to Stay at Home With His Cats,1,bobby-flay-made-by-nacho-interview-cat,True,True,False,False,False,False,False,False,3,313,3,,,,,,,1,1,,0,0,0,1,3.0
Editorial,Ranking Keywords,No top-10 ranking keywords,https://www.chewy.com/education/cat/health-and-wellness/is-your-cat-stressed,True,"Prioritize content, metadata, linking, and relevance improvements for this template cohort.",0,5 Signs You May Have a Stressed Cat | Chewy,43,Wondering if your cat is stressed? Discover the common signs of stress in cats and how you can help them feel safe and secure at home.,134,signs your cat is stressed,5 Signs You May Have a Stressed Cat—and How You Can Help,1,is-your-cat-stressed,True,True,False,False,False,False,False,False,72,345,2,,,,,,,2,2,22.0,0,1,1,0,5.0
Editorial,Ranking Keywords,No top-10 ranking keywords,https://www.chewy.com/education/small-pet/hedgehog/are-hedgehogs-good-pets,True,"Prioritize content, metadata, linking, and relevance improvements for this template cohort.",0,Are Hedgehogs Good Pets? | Chewy,32,"Are hedgehogs good pets? Learn about their care needs, temperament, and pros and cons to help you decide if a hedgehog is the right pet.",136,hedgehog,Are Hedgehogs Good Pets? What to Know About These Tiny Animals,1,are-hedgehogs-good-pets,True,True,False,False,False,False,False,False,20,329,3,,,,,,,1,1,17.0,0,1,0,0,40.0
Editorial,Ranking Keywords,No top-10 ranking keywords,https://www.chewy.com/education/small-pet/hedgehog,True,"Prioritize content, metadata, linking, and relevance improvements for this template cohort.",0,Hedgehog Care Tips and Information for Pet Owners | Chewy,57,"Curious about hedgehog care? Get fun, practical tips and trusted information from Chewy Education to give your spiky friend a safe, happy home!",143,hedgehog,Hedgehog,1,hedgehog,True,True,False,False,False,False,False,False,20,307,3,,,,,,,3,3,,0,0,0,3,5.0
Editorial,Ranking Keywords,No top-10 ranking keywords,https://www.chewy.com/education/cat/training-and-behavior/how-to-talk-to-your-cat,True,"Prioritize content, metadata, linking, and relevance improvements for this template cohort.",0,Be a Cat Language Expert: How To Talk to Your Cat | Chewy,57,Learn to talk to your cat by reading feline body language to build trust. Here’s how to communicate in cat language.,116,how to speak cat,Be a Cat Language Expert: How To Talk to Your Cat,1,how-to-talk-to-your-cat,True,True,False,False,False,False,False,False,160,324,2,,,,,,,4,3,21.5,0,1,3,0,10.0
Editorial,Ranking Keywords,No top-10 ranking keywords,https://www.chewy.com/education/dog-breeds/husky,True,"Prioritize content, metadata, linking, and relevance improvements for this template cohort.",0,,,,,husky,,0,husky,,False,False,False,False,False,False,False,23,0,3,,,,,,,5,4,25.4,0,1,4,0,
Editorial,Ranking Keywords,No top-10 ranking keywords,https://www.chewy.com/education/dog-breeds/dogue-de-bordeaux,True,"Prioritize content, metadata, linking, and relevance improvements for this template cohort.",0,,,,,french mastiff,,0,dogue-de-bordeaux,,False,False,False,False,False,False,False,1,0,4,,,,,,,2,1,17.0,0,1,0,1,
Editorial,Ranking Keywords,No top-10 ranking keywords,https://www.chewy.com/education/dog/general/how-many-teeth-do-dogs-have,True,"Prioritize content, metadata, linking, and relevance improvements for this template cohort.",0,How Many Teeth Do Dogs Have? | Chewy,36,Are puppies born with teeth? How many teeth do dogs have? Vet experts answer to these questions and more about your canine’s chompers.,134,how many teeth do dogs have,How Many Teeth Do Dogs Have?,1,how-many-teeth-do-dogs-have,True,True,False,False,False,False,False,False,2,321,6,,,,,,,1,1,17.0,0,1,0,0,72.0
Editorial,Ranking Keywords,No top-10 ranking keywords,https://www.chewy.com/education/dog/health-and-wellness/liver-disease-in-dogs,True,"Prioritize content, metadata, linking, and relevance improvements for this template cohort.",0,What Is Liver Disease in Dogs? | Chewy,38,"Liver disease in dogs can be serious, but it’s often manageable with early detection. Learn the signs, causes, and how to help your dog.",136,signs of liver disease in dogs,What Is Liver Disease in Dogs? What Are the Signs?,1,liver-disease-in-dogs,True,True,False,False,False,False,False,False,22,338,3,,,,,,,3,3,17.0,0,1,0,2,28.0
Editorial,Ranking Keywords,No top-10 ranking keywords,https://www.chewy.com/education/fish/freshwater-fish/how-to-choose-and-care-for-freshwater-angelfish,True,"Prioritize content, metadata, linking, and relevance improvements for this template cohort.",0,How To Choose And Care For Freshwater Angelfish | Chewy,55,BeChewy tackles how to choose and care for freshwater angelfish.,64,angelfish,How To Choose And Care For Freshwater Angelfish,1,how-to-choose-and-care-for-freshwater-angelfish,True,True,False,False,False,False,False,False,10,307,2,,,,,,,6,6,27.0,0,1,5,0,42.0
Editorial,Ranking Keywords,No top-10 ranking keywords,https://www.chewy.com/education/small-pet/rabbit/how-to-litter-train-a-rabbit,True,"Prioritize content, metadata, linking, and relevance improvements for this template cohort.",0,How to Litter Train a Rabbit: A Step-by-Step Guide | Chewy,58,Learn how to litter train a rabbit following this step-by-step guide that covers what you need and how to tackle common potty problems.,135,how to litter train a rabbit,How to Litter Train a Rabbit: Step-by-Step Tips From an Expert,1,how-to-litter-train-a-rabbit,True,True,False,False,False,False,False,False,9,315,3,,,,,,,3,3,21.67,0,1,2,0,2.0
Editorial,Ranking Keywords,No top-10 ranking keywords,https://www.chewy.com/education/fish/freshwater-fish/getting-rid-of-ich-on-fish-and-aquariums,True,"Prioritize content, metadata, linking, and relevance improvements for this template cohort.",0,"Ich Fish Disease (White Spot): Symptoms, Causes, and Treatment | Chewy",70,"Ich fish disease, or white spot, is a common freshwater fish illness. Learn its causes, symptoms, and the most effective treatment options. By Stephanie Osmanski",161,ick fish,"Ich Fish Disease (White Spot): Symptoms, Causes, and Treatment",1,getting-rid-of-ich-on-fish-and-aquariums,True,True,False,False,False,False,False,False,18,324,2,poor,4038.0,good,0.09,,,8,7,19.8,0,3,2,3,27.0
Editorial,Ranking Keywords,No top-10 ranking keywords,https://www.chewy.com/education/fish/general/do-planted-tanks-require-co2,True,"Prioritize content, metadata, linking, and relevance improvements for this template cohort.",0,Do Planted Tanks Require CO2? | Chewy,37,Learn more about the relationship between CO2 and your planted tank.,68,do you need co2 in a planted tank,Do Planted Tanks Require CO2?,1,do-planted-tanks-require-co2,True,True,False,False,False,False,False,False,2,310,4,,,,,,,1,1,17.0,0,1,0,0,1.0
Editorial,Ranking Keywords,No top-10 ranking keywords,https://www.chewy.com/education/dog-breeds/english-springer-spaniel,True,"Prioritize content, metadata, linking, and relevance improvements for this template cohort.",0,,,,,english spaniel,,0,english-springer-spaniel,,False,False,False,False,False,False,False,4,0,3,,,,,,,1,1,17.0,0,1,0,0,
Editorial,Ranking Keywords,No top-10 ranking keywords,https://www.chewy.com/education/small-pet/guinea-pig/where-to-place-guinea-pig-cage,True,"Prioritize content, metadata, linking, and relevance improvements for this template cohort.",0,How to Choose the Best Place for a Guinea Pig Cage | Chewy,58,The wrong cage placement could negatively affect your guinea pig’s well-being. Here's how to choose the best place for a guinea pig cage.,137,guinea pig habitat,The Best Place for a Guinea Pig Cage: 7 Things To Consider,1,where-to-place-guinea-pig-cage,True,True,False,False,False,False,False,False,6,318,3,,,,,,,1,1,,0,0,0,1,3.0
Editorial,Ranking Keywords,No top-10 ranking keywords,https://www.chewy.com/education/bird/cockatiel/what-to-do-when-cockatiels-fight,True,"Prioritize content, metadata, linking, and relevance improvements for this template cohort.",0,What To Do When Cockatiels Fight | Chewy,40,Follow these pet bird tips when your cockatiels start to bicker and fight during the breeding season.,101,cockatiels fighting,What To Do When Cockatiels Fight,1,what-to-do-when-cockatiels-fight,True,True,False,False,False,False,False,False,7,308,3,,,,,,,2,2,17.5,0,2,0,0,1.0
Editorial,Ranking Keywords,No top-10 ranking keywords,https://www.chewy.com/education/dog/training-and-behavior/why-is-my-dog-drinking-a-lot-of-water,True,"Prioritize content, metadata, linking, and relevance improvements for this template cohort.",0,Why Is My Dog Drinking a Lot of Water? | Chewy,46,"Is your dog drinking a lot of water? While some thirst is normal, excessive drinking can signal an underlying issue.",116,dog drinking a lot of water,Why Is My Dog Drinking a Lot of Water? Is This Normal?,1,why-is-my-dog-drinking-a-lot-of-water,True,True,False,False,False,False,False,False,24,323,3,,,,,,,4,3,20.0,0,2,2,0,12.0
Editorial,Ranking Keywords,No top-10 ranking keywords,https://www.chewy.com/education/fish/fish-pond/lining-a-pond,True,"Prioritize content, metadata, linking, and relevance improvements for this template cohort.",0,How To Install a Pond Liner | Chewy,35,There’s more to lining a pond than you may realize. Get step-by-step tips from water feature specialists.,105,fitting a pond liner,How To Install a Pond Liner,1,lining-a-pond,True,True,False,False,False,False,False,False,19,318,2,,,,,,,2,2,18.5,0,2,0,0,1.0
Editorial,Ranking Keywords,No top-10 ranking keywords,https://www.chewy.com/education/reptile-and-amphibian/general/aquatic-turtle-care-sheet,True,"Prioritize content, metadata, linking, and relevance improvements for this template cohort.",0,Aquatic Turtle Care Sheet | Chewy,33,Thinking about getting a pet aquatic turtle? Learn everything you need to know to care for them properly.,105,aquatic turtle,Aquatic Turtle Care Sheet,1,aquatic-turtle-care-sheet,True,True,False,False,False,False,False,False,5,325,3,,,,,,,1,1,17.0,0,1,0,0,1.0
Editorial,Ranking Keywords,No top-10 ranking keywords,https://www.chewy.com/education/reptile-and-amphibian/bearded-dragon/how-to-bathe-bearded-dragon,True,"Prioritize content, metadata, linking, and relevance improvements for this template cohort.",0,How to Bathe a Bearded Dragon | Chewy,37,"Learn how to bathe a bearded dragon safely and effectively. Find out what you need, how often to bathe, and how long baths should last.",135,bearded dragon bath,How To Bathe a Bearded Dragon the Right Way,1,how-to-bathe-bearded-dragon,True,True,False,False,False,False,False,False,4,313,3,,,,,,,2,1,18.0,0,2,0,0,16.0
Editorial,Ranking Keywords,No top-10 ranking keywords,https://www.chewy.com/education/fish/health-and-wellness/fish-velvet-disease,True,"Prioritize content, metadata, linking, and relevance improvements for this template cohort.",0,"Fish Velvet Disease: Symptoms, Causes, Treatment and Prevention | Chewy",71,"Discover how fish velvet disease can impact the health or your pet fish, and what you can do about it.",102,velvet disease fish,"Fish Velvet Disease: Symptoms, Causes, Treatment and Prevention",1,fish-velvet-disease,True,True,False,False,False,False,False,False,23,323,2,,,,,,,4,3,21.5,0,1,3,0,1.0
Editorial,Ranking Keywords,No top-10 ranking keywords,https://www.chewy.com/education/dog/new-dog/pet-parenting-pet-lovers-dog-adoption-checklist-what-you-need-to-know,True,"Prioritize content, metadata, linking, and relevance improvements for this template cohort.",0,Dog Adoption Checklist: Everything New Dog Parents Need to Know | Chewy,71,So you adopted a new dog. Now what? Use our dog adoption checklist to make sure you have all the dog essentials you need.,121,dog adoption kit,Dog Adoption Checklist: Everything New Dog Parents Need to Know—and Buy,1,pet-parenting-pet-lovers-dog-adoption-checklist-what-you-need-to-know,True,True,False,False,False,False,False,False,5,371,3,,,,,,,4,3,18.0,0,1,0,3,5.0
Editorial,Ranking Keywords,No top-10 ranking keywords,https://www.chewy.com/education/cat/health-and-wellness/how-to-keep-indoor-cats-happy,True,"Prioritize content, metadata, linking, and relevance improvements for this template cohort.",0,8 Ways To Keep Your Indoor Cat Happy and Healthy | Chewy,56,"Want to help your house kitty live their best life? Follow these tips for keeping your indoor cat calm, comfy and content.",122,indoor cat,8 Ways To Keep Your Indoor Cat Happy and Healthy,1,how-to-keep-indoor-cats-happy,True,True,False,False,False,False,False,False,21,343,3,,,,,,,2,1,19.0,0,2,0,0,2.0
Editorial,Ranking Keywords,No top-10 ranking keywords,https://www.chewy.com/education/reptile-and-amphibian/hermit-crabs/how-to-take-care-of-a-hermit-crab,True,"Prioritize content, metadata, linking, and relevance improvements for this template cohort.",0,How To Take Care of a Hermit Crab | Chewy,41,"Learn all about hermit crabs and how to help them thrive. Get the details on what they eat, where they live, and why they need new shells from time to time.",156,hermit crab habitat,How to Take Care of a Hermit Crab: A Guide to Your Tiny New Friend,1,how-to-take-care-of-a-hermit-crab,True,True,False,False,False,False,False,False,4,323,3,needs,2544.0,good,0.09,,,2,2,21.5,0,1,1,0,17.0
Editorial,Ranking Keywords,No top-10 ranking keywords,https://www.chewy.com/education/dog/new-dog/what-to-expect-the-first-year-with-your-new-puppy,True,"Prioritize content, metadata, linking, and relevance improvements for this template cohort.",0,Puppy Stages: What To Expect in Their First Two Years | Chewy,61,"What’s going on in your puppy’s body, and why are they behaving like that? We’ve got the ultimate guide to puppy stages of development.",135,dog 1 year,Puppy Stages: What To Expect in Their First Two Years,1,what-to-expect-the-first-year-with-your-new-puppy,True,True,False,False,False,False,False,False,24,340,2,good,2293.0,good,0.07,,,2,2,18.0,0,2,0,0,42.0
Editorial,Ranking Keywords,No top-10 ranking keywords,https://www.chewy.com/education/dog/general/types-of-herding-dogs-that-could-be-your-best-companion,True,"Prioritize content, metadata, linking, and relevance improvements for this template cohort.",0,30 Herding Dogs Who Could Be Your Best Companion | Chewy,56,"Herding dogs were originally bred to manage livestock, but many are family pets today. Learn about the types of herding dogs.",125,best sheepdogs,30 Herding Dogs Who Could Be Your Best Companion,1,types-of-herding-dogs-that-could-be-your-best-companion,True,True,False,False,False,False,False,False,18,348,3,needs,2737.0,good,0.09,,,4,4,21.25,0,2,2,0,180.0
Editorial,Ranking Keywords,No top-10 ranking keywords,https://www.chewy.com/education/dog/health-and-wellness/puppy-vomiting,True,"Prioritize content, metadata, linking, and relevance improvements for this template cohort.",0,Why Is My Puppy Vomiting? What Should I Do? | Chewy,51,"Uh oh—is your puppy vomiting? Causes range from eating too fast to health issues, so learn when to call your vet.",113,puppy throwing up,Why Is My Puppy Vomiting? What Should I Do?,1,puppy-vomiting,True,True,False,False,False,False,False,False,5,335,3,,,,,,,1,1,18.0,0,1,0,0,35.0
Editorial,Ranking Keywords,No top-10 ranking keywords,https://www.chewy.com/education/dog-breeds/goldendoodle,True,"Prioritize content, metadata, linking, and relevance improvements for this template cohort.",0,"Goldendoodle Characteristics, Care & Photos | Chewy",51,Learn about Goldendoodles and see if a Standard or Mini Goldendoodle is the right breed for you.,96,golden doodle,Goldendoodle,1,goldendoodle,True,True,False,False,True,False,False,True,12,336,2,good,2009.0,good,0.025,,,3,2,23.33,0,1,2,0,89.0
Editorial,Ranking Keywords,No top-10 ranking keywords,https://www.chewy.com/education/farm-animal/chicken/what-do-chickens-eat,True,"Prioritize content, metadata, linking, and relevance improvements for this template cohort.",0,What Do Chickens Eat? Everything You Can (And Can’t) Feed Your Chickens | Chewy,79,What’s the best thing to feed your flock? Find out what chickens eat—and what foods can be dangerous for them.,110,what do chickens eat,What Do Chickens Eat? Everything You Can (And Can’t) Feed Your Chickens,1,what-do-chickens-eat,True,True,False,False,False,False,False,False,19,327,3,needs,2769.0,good,0.09,,,5,5,22.5,0,1,3,1,30.0
Editorial,Ranking Keywords,No top-10 ranking keywords,https://www.chewy.com/education/cat/health-and-wellness/what-do-i-do-about-this-lump-on-my-cats-tail,True,"Prioritize content, metadata, linking, and relevance improvements for this template cohort.",0,What Do I Do About This Lump On My Cat’s Tail? | Chewy,54,"Find out when to become concerned about a cat's lump, and how to treat it.",74,bump on cats tail,What Do I Do About This Lump On My Cat’s Tail?,1,what-do-i-do-about-this-lump-on-my-cats-tail,True,True,False,False,False,False,False,False,3,306,3,,,,,,,4,4,23.0,0,1,2,1,1.0
Editorial,Ranking Keywords,No top-10 ranking keywords,https://www.chewy.com/education/cat/pet-parenting/petiquette-how-can-i-stop-others-from-giving-my-dog-human-food,True,"Prioritize content, metadata, linking, and relevance improvements for this template cohort.",0,Petiquette: How Can I Stop Others from Giving My Dog Human Food? | Chewy,72,Start with a brief but polite announcement to your guests to make house rules clear from the start.,99,how do i stop my family from giving my dog human food,Petiquette: How Can I Stop Others from Giving My Dog Human Food?,1,petiquette-how-can-i-stop-others-from-giving-my-dog-human-food,True,True,False,False,False,False,False,False,4,309,3,,,,,,,1,1,18.0,0,1,0,0,1.0
Editorial,Ranking Keywords,No top-10 ranking keywords,https://www.chewy.com/education/dog-breeds/puggle,True,"Prioritize content, metadata, linking, and relevance improvements for this template cohort.",0,"Puggle Breed: Characteristics, Care & Photos | Chewy",52,The Puggle is a Pug-Beagle mix that makes a great family dog. Learn to care for Puggle puppies and dogs here.,109,puggle dog,Puggle,1,puggle,True,True,False,False,True,False,False,True,4,341,2,,,,,,,3,3,23.0,0,1,2,0,31.0
Editorial,Ranking Keywords,No top-10 ranking keywords,https://www.chewy.com/education/dog/training-and-behavior/why-do-dogs-lick-their-paws,True,"Prioritize content, metadata, linking, and relevance improvements for this template cohort.",0,Why Do Dogs Lick Their Paws? | Chewy,36,"There are several reasons why dogs lick their paws, ranging from normal grooming to health and behavioral issues.",113,dog licking paws,Why Do Dogs Lick Their Paws? Is This Normal?,1,why-do-dogs-lick-their-paws,True,True,False,False,False,False,False,False,13,339,3,needs,3502.0,good,0.05,,,4,4,20.5,0,1,3,0,21.0
Editorial,Ranking Keywords,No top-10 ranking keywords,https://www.chewy.com/education/fish/general/seahorse-pipefish-care-sheet,True,"Prioritize content, metadata, linking, and relevance improvements for this template cohort.",0,Seahorse and Pipefish Care Sheet | Chewy,40,Thinking about getting pet seahorses or pipefish? Learn everything you need to know to care for them properly.,110,seahorse care,Seahorse and Pipefish Care Sheet,1,seahorse-pipefish-care-sheet,True,True,False,False,False,False,False,False,6,323,2,,,,,,,1,1,18.0,0,1,0,0,1.0
Editorial,Ranking Keywords,No top-10 ranking keywords,https://www.chewy.com/education/cat/health-and-wellness/7-signs-of-a-happy-cat,True,"Prioritize content, metadata, linking, and relevance improvements for this template cohort.",0,11 Signs You Have a Happy Cat | Chewy,37,How can you tell if your cat is living their best life? Look for these 11 signs that experts say mean you have a happy cat.,123,signs of a happy cat,How Do You Know If Your Cat Is Happy? 11 Signs You Have a Happy Cat,1,7-signs-of-a-happy-cat,True,True,False,False,False,False,False,False,9,319,3,,,,,,,1,1,18.0,0,1,0,0,12.0
Editorial,Ranking Keywords,No top-10 ranking keywords,https://www.chewy.com/education/dog/health-and-wellness/how-to-protect-dog-paws-in-winter,True,"Prioritize content, metadata, linking, and relevance improvements for this template cohort.",0,"How to Protect Dog Paws, Coat and Nose in Winter | Chewy",56,"Are you dealing with cracked or dry dog paws this winter? Here's how to protect dog paws in winter—and their coat and nose, too.",128,how to protect dog paws in winter,How To Protect Dog Paws in Winter,1,how-to-protect-dog-paws-in-winter,True,True,False,False,False,False,False,False,4,334,4,,,,,,,2,2,22.5,0,1,1,0,1.0
Editorial,Ranking Keywords,No top-10 ranking keywords,https://www.chewy.com/education/dog/health-and-wellness/can-dogs-get-covid,True,"Prioritize content, metadata, linking, and relevance improvements for this template cohort.",0,Can Dogs Get COVID? | Chewy,27,"Can dogs get COVID-19 like humans? Here’s how to know if they’re sick, when to head to the vet, and how to help them feel better.",129,can pets get covid,Can Dogs Get COVID?,1,can-dogs-get-covid,True,True,False,False,False,False,False,False,5,319,4,,,,,,,1,1,18.0,0,1,0,0,11.0
Editorial,Ranking Keywords,No top-10 ranking keywords,https://www.chewy.com/education/fish/general/how-to-keep-your-aquarium-fish-alive-during-a-power-outage,True,"Prioritize content, metadata, linking, and relevance improvements for this template cohort.",0,How to Keep Your Aquarium Fish Alive During A Power Outage | Chewy,66,There are easy steps you can take to keep fish alive in a blackout.,67,fish tank power outage,How to Keep Your Aquarium Fish Alive During A Power Outage,1,how-to-keep-your-aquarium-fish-alive-during-a-power-outage,True,True,False,False,False,False,False,False,2,307,4,,,,,,,1,1,18.0,0,1,0,0,1.0
Editorial,Ranking Keywords,No top-10 ranking keywords,https://www.chewy.com/education/dog/training-and-behavior/why-do-dogs-circle-before-they-lay-down,True,"Prioritize content, metadata, linking, and relevance improvements for this template cohort.",0,Why Do Dogs Circle Before They Lie Down? Is This Normal? l Chewy,64,Ever wonder why your dog does a little circle dance before settling into bed? Here’s why they do it and what it means.,118,why do dogs circle before they lay down,Why Do Dogs Circle Before They Lie Down? Is This Normal?,1,why-do-dogs-circle-before-they-lay-down,True,True,False,False,False,False,False,False,3,336,3,,,,,,,3,3,19.33,0,2,1,0,2.0
Editorial,Ranking Keywords,No top-10 ranking keywords,https://www.chewy.com/education/dog/pet-parenting/pet-parenting-diy-recipes-ginger-biscuits-for-dogs,True,"Prioritize content, metadata, linking, and relevance improvements for this template cohort.",0,Ginger Biscuits for Dogs | Chewy,32,Try this ginger biscuit recipe to help your dog with tummy troubles or motion sickness.,87,ginger treats for dogs,Ginger Biscuits for Dogs,1,pet-parenting-diy-recipes-ginger-biscuits-for-dogs,True,True,False,False,False,False,False,False,2,306,4,,,,,,,1,1,18.0,0,1,0,0,7.0
Editorial,Ranking Keywords,No top-10 ranking keywords,https://www.chewy.com/education/fish/general/finding-the-right-aquarium-lighting,True,"Prioritize content, metadata, linking, and relevance improvements for this template cohort.",0,Aquarium Lighting Guide for Fish Owners | Chewy,47,e your fish getting enough light? Check out this aquarium lighting guide to make sure you have the right aquarium lighting to keep your fish healthy and happy.,159,best lighting for fish tank,Finding the Right Aquarium Lighting,1,finding-the-right-aquarium-lighting,True,True,False,False,False,False,False,False,5,311,3,,,,,,,4,4,22.67,0,1,2,1,1.0
Editorial,Ranking Keywords,No top-10 ranking keywords,https://www.chewy.com/education/dog/pet-parenting/holiday-pet-safety-tips-for-a-safe-memorial-day,True,"Prioritize content, metadata, linking, and relevance improvements for this template cohort.",0,Memorial Day Dog & Cat Safety Tips for Pet Parents | Chewy,58,"To ensure a happy, stress-free Memorial Day weekend, follow these pet safety tips for dogs and cats, including BBQ and fireworks safety.",136,memorial day pet safety tips,"Memorial Day Pet Safety Tips: How to Have a Safe, Stress-Free Weekend",1,holiday-pet-safety-tips-for-a-safe-memorial-day,True,True,False,False,False,False,False,False,6,340,2,,,,,,,1,1,18.0,0,1,0,0,1.0
Editorial,Ranking Keywords,No top-10 ranking keywords,https://www.chewy.com/education/dog/training-and-behavior/how-to-train-your-dog-to-settle-on-a-mat,True,"Prioritize content, metadata, linking, and relevance improvements for this template cohort.",0,How To Teach Your Dog the Place Cue | Chewy,43,Teach your dog the “place” cue to help them settle on a bed or mat during busy moments. Learn step-by-step training tips to keep your pup calm and focused.,155,dog settle mat,How To Teach Your Dog the Place Cue,1,how-to-train-your-dog-to-settle-on-a-mat,True,True,False,False,False,False,False,False,5,316,4,,,,,,,2,2,19.5,0,1,1,0,1.0
Editorial,Ranking Keywords,No top-10 ranking keywords,https://www.chewy.com/education/cat/general/cat-backpacks,True,"Prioritize content, metadata, linking, and relevance improvements for this template cohort.",0,5 On-Trend Cat Backpacks to Shop This Year | Chewy,50,"Just like humans, cats love to travel in style. These are the most fashion-forward cat backpacks perfect for work, school and more.",131,taylor swift cat backpack,5 On-Trend Cat Backpacks Your BFF Will Want to Take a Ride in This Year,1,cat-backpacks,True,True,False,False,False,False,False,False,2,316,4,,,,,,,2,2,18.5,0,2,0,0,1.0
Editorial,Ranking Keywords,No top-10 ranking keywords,https://www.chewy.com/education/cat/general/do-kittens-eyes-change-color,True,"Prioritize content, metadata, linking, and relevance improvements for this template cohort.",0,Do Kittens’ Eyes Change Color? | Chewy,38,The beautiful blue eyes kittens are born with often change color by the time the kitten is weaned.,98,when do kittens eyes change color,Do Kittens’ Eyes Change Color?,1,do-kittens-eyes-change-color,True,True,False,False,False,False,False,False,2,308,4,,,,,,,4,4,21.0,0,1,3,0,15.0
Editorial,Ranking Keywords,No top-10 ranking keywords,https://www.chewy.com/education/fish/health-and-wellness,True,"Prioritize content, metadata, linking, and relevance improvements for this template cohort.",0,"Fish Health: Common Diseases, Symptoms, Treatment & More | Chewy",64,"Learn how to monitor fish health with tips on spotting illness, maintaining clean water, reducing stress, and treating common aquarium diseases.",144,goldfish losing scales,Fish Health & Wellness,1,health-and-wellness,True,True,False,False,False,False,False,False,318249,310,1,,,,,,,3,3,19.67,0,2,1,0,1.0
Editorial,Ranking Keywords,No top-10 ranking keywords,https://www.chewy.com/education/dog/new-dog/what-to-expect-with-puppy-teething,True,"Prioritize content, metadata, linking, and relevance improvements for this template cohort.",0,Puppy Teething: What To Expect and How To Help | Chewy,54,"When do puppies lose their teeth, and how can you help your dog through the process? Read our guide to puppy teething symptoms and solutions.",141,when do puppies stop teething,Puppy Teething: What To Expect and How To Help Your Puppy,1,what-to-expect-with-puppy-teething,True,True,False,False,False,False,False,False,21,318,2,,,,,,,3,3,21.0,0,1,2,0,12.0
Editorial,Ranking Keywords,No top-10 ranking keywords,https://www.chewy.com/education/cat/training-and-behavior/decoding-cats-body-language,True,"Prioritize content, metadata, linking, and relevance improvements for this template cohort.",0,Cat Body Language: An Expert Guide to Understanding Your Cat | Chewy,68,What is your cat telling you with their posture? Read our guide to cat body language to decode your kitty’s secret messages.,124,cat posture meaning,Cat Body Language: An Expert Guide to Understanding Your Cat,1,decoding-cats-body-language,True,True,False,False,False,False,False,False,19,311,3,,,,,,,2,2,18.0,0,1,0,1,2.0
Editorial,Ranking Keywords,No top-10 ranking keywords,https://www.chewy.com/education/fish/general/keeping-and-breeding-tiger-barbs,True,"Prioritize content, metadata, linking, and relevance improvements for this template cohort.",0,Keeping and Breeding Tiger Barbs | Chewy,40,BeChewy looks at all the details you need to know about keeping and breeding the beautiful tropical fish known as Tiger Barbs.,126,tiger barb fish,Keeping and Breeding Tiger Barbs,1,keeping-and-breeding-tiger-barbs,True,True,False,False,False,False,False,False,5,311,3,,,,,,,5,4,18.0,0,1,0,4,14.0
Editorial,Ranking Keywords,No top-10 ranking keywords,https://www.chewy.com/education/horse/general/do-horses-sleep-standing-up,True,"Prioritize content, metadata, linking, and relevance improvements for this template cohort.",0,Do horses sleep standing up? | Chewy,36,Discover how horses are able to sleep standing up and learn about what different phases of sleep look like for our equine friends.,130,do horses sleep standing up,Do horses sleep standing up?,1,do-horses-sleep-standing-up,True,True,False,False,False,False,False,False,4,311,3,,,,,,,4,4,23.0,0,1,3,0,3.0
Editorial,Ranking Keywords,No top-10 ranking keywords,https://www.chewy.com/education/dog/training-and-behavior/how-to-teach-a-dog-its-name,True,"Prioritize content, metadata, linking, and relevance improvements for this template cohort.",0,How to Teach a Dog Their Name in 4 Easy Steps | Chewy,53,Having trouble getting your dog’s attention? Find out how to teach a dog their name with step-by-step instructions from a dog training expert.,142,how to teach a dog their name,How To Teach a Dog Their Name in 4 Easy Steps,1,how-to-teach-a-dog-its-name,True,True,False,False,False,False,False,False,3,316,3,needs,3612.0,good,0.09,,,3,3,19.33,0,2,1,0,2.0
Editorial,Ranking Keywords,No top-10 ranking keywords,https://www.chewy.com/education/cat/training-and-behavior/8-common-cat-litter-box-problems-and-solutions,True,"Prioritize content, metadata, linking, and relevance improvements for this template cohort.",0,Solutions to 8 Common Cat Litter Box Issues | Chewy,51,"If you have a cat not using the litter box properly, it can be frustrating as well as messy. Learn about eight common cat litter box problems and the best solutions.",165,litterbox problems,8 Common Cat Litter Box Problems and Solutions,1,8-common-cat-litter-box-problems-and-solutions,True,True,False,False,False,False,False,False,4,313,3,,,,,,,1,1,18.0,0,1,0,0,1.0
Editorial,Ranking Keywords,No top-10 ranking keywords,https://www.chewy.com/education/dog/general/dog-camping-gear,True,"Prioritize content, metadata, linking, and relevance improvements for this template cohort.",0,Best Dog Camping Gear: 12 Essentials for Camping With Dogs | Chewy,66,Shop Chewy customer picks for the best dog camping gear that’s both functional and packable.,92,camping gear for dogs,Best Dog Camping Gear: 12 Essentials for Camping With Dogs,1,dog-camping-gear,True,True,False,False,False,False,False,False,3,338,3,,,,,,,5,3,20.8,0,3,2,0,4.0
Editorial,Ranking Keywords,No top-10 ranking keywords,https://www.chewy.com/education/small-pet/guinea-pig/do-guinea-pigs-like-to-be-held,True,"Prioritize content, metadata, linking, and relevance improvements for this template cohort.",0,Do Guinea Pigs Like to Be Held? | Chewy,39,Find out if your pig enjoys cuddles or would prefer you to admire them from afar. Then learn the proper way to handle your pig.,127,american guinea pig handling,Do Guinea Pigs Like to Be Held? How To Pick Up Your Pig,1,do-guinea-pigs-like-to-be-held,True,True,False,False,False,False,False,False,5,319,2,,,,,,,1,1,18.0,0,1,0,0,12.0
Editorial,Ranking Keywords,No top-10 ranking keywords,https://www.chewy.com/education/cat/general/pet-books-summer-reading-list-for-pet-lovers,True,"Prioritize content, metadata, linking, and relevance improvements for this template cohort.",0,Pet Books to Kickstart your Summer Reading | Chewy,50,Planning your next summer reading list and wondering what animal books to read? Here are the top pet books you need to pick up!,127,pet books,Pet Books: Summer Reading List for Pet Lovers,1,pet-books-summer-reading-list-for-pet-lovers,True,True,False,False,False,False,False,False,4,307,5,,,,,,,2,2,19.5,0,2,0,0,1.0
Editorial,Ranking Keywords,No top-10 ranking keywords,https://www.chewy.com/education/dog/training-and-behavior/basic-dog-training-commands-sit,True,"Prioritize content, metadata, linking, and relevance improvements for this template cohort.",0,How to Teach a Dog to Sit: Step-by-Step | Chewy,47,Ever wanted to learn how to teach a dog to sit? We’re walking you through the simple process to help teach your dog the sit command.,132,how to teach a dog to sit,How to Teach a Dog to Sit: A Step-by-Step Guide,1,basic-dog-training-commands-sit,True,True,False,False,False,False,False,False,131,309,2,,,,,,,4,3,21.0,0,1,2,1,1.0
Editorial,Ranking Keywords,No top-10 ranking keywords,https://www.chewy.com/education/dog/general/pet-parenting-travel-how-to-keep-your-car-from-looking-smelling-like-a-kennel,True,"Prioritize content, metadata, linking, and relevance improvements for this template cohort.",0,How to Keep Your Car from Looking (and Smelling) Like a Kennel | Chewy,70,"Keep your car from looking and smelling like a kennel with these road-tested, expert-approved tips.",99,best car air freshener for dog smell,How to Keep Your Car from Looking (and Smelling) Like a Kennel,1,pet-parenting-travel-how-to-keep-your-car-from-looking-smelling-like-a-kennel,True,True,False,False,False,False,False,False,2,311,4,,,,,,,1,1,,0,0,0,1,1.0
Editorial,Ranking Keywords,No top-10 ranking keywords,https://www.chewy.com/education/dog-breeds/miniature-american-shepherd,True,"Prioritize content, metadata, linking, and relevance improvements for this template cohort.",0,"Miniature American Shepherd Breed: Characteristics, Care & Photos | Chewy",73,"Learn all about the Miniature American Shepherd—a small, smart, and energetic dog who thrives on activity, training, and strong bonds with their family.",152,mini australian shepherd,Miniature American Shepherd,1,miniature-american-shepherd,True,True,False,False,True,False,False,True,2,335,2,,,,,,,3,3,22.5,0,1,1,1,61.0
Editorial,Ranking Keywords,No top-10 ranking keywords,https://www.chewy.com/education/cat/general/how-to-pet-a-cat-the-right-way,True,"Prioritize content, metadata, linking, and relevance improvements for this template cohort.",0,How To Pet Cats: The Essential Guide | Chewy,44,How do cats prefer to be touched (if at all)? Follow our guide on how to pet cats to maximize your next kitty snuggle session.,126,how to pet a cat,How To Pet Cats: The Essential Guide,1,how-to-pet-a-cat-the-right-way,True,True,False,False,False,False,False,False,24,320,2,,,,,,,2,2,19.0,0,1,0,1,2.0
Editorial,Ranking Keywords,No top-10 ranking keywords,https://www.chewy.com/education/dog/training-and-behavior/why-do-dogs-lick-you,True,"Prioritize content, metadata, linking, and relevance improvements for this template cohort.",0,Dog Licking Behavior: Why Do Dogs Lick You? | Chewy,51,"Have you wondered ""why does my dog lick me?"" Experts explain the reasons behind dog licking behavior and what you can do about it.",130,why do dogs lick you,Why Do Dogs Lick You? Is This Normal?,1,why-do-dogs-lick-you,True,True,False,False,False,False,False,False,10,325,3,needs,2901.0,good,0.09,,,3,2,23.33,0,1,2,0,38.0
Editorial,Ranking Keywords,No top-10 ranking keywords,https://www.chewy.com/education/dog/health-and-wellness/why-is-my-dog-pooping-blood,True,"Prioritize content, metadata, linking, and relevance improvements for this template cohort.",0,Blood in Dog Stool: Why Is My Dog Pooping Blood? | Chewy,56,"There are many underlying causes for bloody stool, but a dog pooping blood warrants a visit to the vet. Here's what you need to know.",133,dog poop like jelly with blood,Dog Pooping Blood? Here’s What To Do ASAP,1,why-is-my-dog-pooping-blood,True,True,False,False,False,False,False,False,7,322,4,good,2483.0,needs,0.1,,,2,2,19.0,0,1,0,1,15.0
Editorial,Ranking Keywords,No top-10 ranking keywords,https://www.chewy.com/education/cat/training-and-behavior/cats-sleep-much,True,"Prioritize content, metadata, linking, and relevance improvements for this template cohort.",0,Why Do Cats Sleep So Much? | Chewy,34,"Experts explain everything about your cat’s sleep, from normal sleep patterns to how many hours of sleep they really need.",122,why do cats sleep so much,Why Do Cats Sleep So Much?,1,cats-sleep-much,True,True,False,False,False,False,False,False,13,322,3,,,,,,,2,2,19.5,0,2,0,0,16.0
Editorial,Ranking Keywords,No top-10 ranking keywords,https://www.chewy.com/education/cat/health-and-wellness/liver-disease-in-cats,True,"Prioritize content, metadata, linking, and relevance improvements for this template cohort.",0,What Is Liver Disease in Cats? What Are the Signs? | Chewy,58,"Learn what liver disease in cats looks like, what causes it, and how to help your cat feel better—plus signs to watch for and treatments.",137,what causes high liver enzymes in cats,What Is Liver Disease in Cats? What Are the Signs?,1,liver-disease-in-cats,True,True,False,False,False,False,False,False,12,347,3,,,,,,,2,2,24.5,0,1,1,0,2.0
Editorial,Ranking Keywords,No top-10 ranking keywords,https://www.chewy.com/education/dog/health-and-wellness/mange-in-dogs,True,"Prioritize content, metadata, linking, and relevance improvements for this template cohort.",0,"Mange in Dogs: Signs, Causes, and How To Treat | Chewy",54,"Here’s what you need to know about dog mange, including symptoms of mange in dogs, everything about mites on dogs, and how to ease this itchy skin condition for your dog.",170,mange in dogs,"Mange in Dogs: Signs, Causes, and How To Treat",1,mange-in-dogs,True,True,False,False,False,False,False,False,6,327,3,needs,2791.0,good,0.09,,,5,4,21.75,0,1,3,1,18.0
Editorial,Ranking Keywords,No top-10 ranking keywords,https://www.chewy.com/education/fish/saltwater-fish/saltwater-tank-setup,True,"Prioritize content, metadata, linking, and relevance improvements for this template cohort.",0,Saltwater Tank Setup 101: A Beginner’s Guide | Chewy,52,Want to create an ocean habitat with colorful fish inside your home? Follow our expert tips on saltwater tank setup.,116,saltwater tank setup,Saltwater Tank Setup 101: A Beginner’s Guide,1,saltwater-tank-setup,True,True,False,False,False,False,False,False,10,360,2,,,,,,,5,5,23.75,0,1,3,1,8.0
Editorial,Ranking Keywords,No top-10 ranking keywords,https://www.chewy.com/education/bird/health-and-wellness/sick-bird-signs,True,"Prioritize content, metadata, linking, and relevance improvements for this template cohort.",0,Sick Bird Signs | Chewy,23,Learn about what signs and symptoms to look for in your pet bird that might indicate illness.,93,sick bird meaning,Sick Bird Signs,1,sick-bird-signs,True,True,False,False,False,False,False,False,12,308,3,,,,,,,1,1,19.0,0,1,0,0,1.0
Editorial,Ranking Keywords,No top-10 ranking keywords,https://www.chewy.com/education/dog/pet-parenting/dog-easter-egg-hunt,True,"Prioritize content, metadata, linking, and relevance improvements for this template cohort.",0,How To DIY a Dog Easter Egg Hunt for Your Pup | Chewy,53,"Learn how to create a safe, fun dog Easter egg hunt with treats and toys. Follow expert tips to plan an Easter egg hunt for dogs.",129,easter egg hunt for dogs,How To DIY a Dog Easter Egg Hunt for Your Pup,1,dog-easter-egg-hunt,True,True,False,False,False,False,False,False,196,318,2,,,,,,,1,1,19.0,0,1,0,0,1.0
