page_type,category,issue,normalized_url,matched_botify,recommendation,evidence_value,title,title_length,meta_description,meta_description_length,main_keyword,h1,h1_count,url_slug,canonical_points_to_self,in_sitemaps,noindex,nofollow,breadcrumb_exists,product_exists,offer_exists,faq_exists,unique_inlinks,unique_outlinks,depth,lcp_status,lcp_value,cls_status,cls_value,inp_status,inp_value,ranking_keyword_rows,distinct_keywords,avg_current_rank,top10_keywords,quick_win_11_20_keywords,striking_distance_21_50_keywords,lost_or_unranked_keywords,botify_audience_keywords_to_90pct
Editorial,Meta,Page title length is not ideal,https://www.chewy.com/education/dog/food-and-nutrition,True,Rewrite titles that are too short or too long while keeping the main topic clear.,67,"Dog Food & Nutrition: Feeding Guidelines, Diet Types & More | Chewy",67,"Learn about dog food and nutrition, including feeding schedules, diet types, ingredients, and tips for building a healthy routine for your dog.",143,alkaline food for dogs,Dog Food & Nutrition,1,food-and-nutrition,True,True,False,False,False,False,False,False,318249,331,1,good,2072.0,poor,0.705,,,4,4,21.33,0,2,1,1,2.0
Editorial,Meta,Page title length is not ideal,https://www.chewy.com/education/dog/grooming,True,Rewrite titles that are too short or too long while keeping the main topic clear.,69,"Dog Grooming Tips and Guides for Bathing, Brushing & More | Chewy.com",69,"Discover dog grooming tips and guides for brushing, bathing, nail trimming, and coat care. Learn how to make grooming calm and consistent.",138,best grooming for dogs,Dog Grooming,1,grooming,True,True,False,False,False,False,False,False,318249,321,1,,,,,,,4,4,8.5,1,1,0,2,2.0
Editorial,Meta,Page title length is not ideal,https://www.chewy.com/education/dog/new-dog,True,Rewrite titles that are too short or too long while keeping the main topic clear.,71,"New Dog Tips for Puppy and Dog Adoption, Setup, Training & More | Chewy",71,"Just brought home a new dog? The New Dog Hub offers step-by-step guides to help you start strong.Whether you adopted a dog or brought home a new puppy, get tips on training, bonding, feeding, and creating a smooth transition for your new pet.",242,puppy,New Dog,1,new-dog,True,True,False,False,False,False,False,False,318249,323,1,good,1846.0,poor,0.6699999999999999,,,7,7,8.29,5,2,0,0,5.0
Editorial,Meta,Page title length is not ideal,https://www.chewy.com/education/dog/pet-parenting,True,Rewrite titles that are too short or too long while keeping the main topic clear.,73,"Dog Parenting: Emotional Wellbeing, Structure, Bonding & More | Chewy.com",73,"Discover dog parenting tips for building routines, supporting emotional needs, managing transitions, and creating a strong bond with your dog.",142,chewy for dog,Pet Parenting,1,pet-parenting,True,True,False,False,False,False,False,False,318249,325,1,,,,,,,9,9,20.11,0,5,4,0,1.0
Editorial,Meta,Page title length is not ideal,https://www.chewy.com/education/dog/training-and-behavior,True,Rewrite titles that are too short or too long while keeping the main topic clear.,74,"Dog Training & Behavior: Positive Reinforcement, Habits & More | Chewy.com",74,"Discover how to train your dog and manage behavior challenges with tips on obedience, anxiety, socialization, and real-world routine building.",142,entrenamiento para perros,Dog Training & Behavior,1,training-and-behavior,True,True,False,False,False,False,False,False,318249,328,1,good,1946.0,poor,0.675,,,1,1,27.0,0,0,1,0,2.0
Editorial,Meta,Page title length is not ideal,https://www.chewy.com/education/cat/flea-and-tick,True,Rewrite titles that are too short or too long while keeping the main topic clear.,70,"Cat Flea & Tick: Spotting Signs, Life Cycle, Prevention & More | Chewy",70,Learn how to prevent and treat flea and tick issues in cats with our Cat Flea & Tick Hub.,89,chewy cat flea treatment,Cat Flea & Tick,1,flea-and-tick,True,True,False,False,False,False,False,False,318249,320,1,,,,,,,1,1,24.0,0,0,1,0,1.0
Editorial,Meta,Page title length is not ideal,https://www.chewy.com/education/cat/food-and-nutrition,True,Rewrite titles that are too short or too long while keeping the main topic clear.,67,"Cat Food & Nutrition: Feeding Guidelines, Diet Types & More | Chewy",67,"Explore cat food and nutrition tips on feeding routines, ingredients, diet transitions, and choosing the right food for your cat’s age and health needs.",152,chewy pet food for cats,Cat Food & Nutrition,1,food-and-nutrition,True,True,False,False,False,False,False,False,318249,326,1,,,,,,,1,1,6.0,1,0,0,0,3.0
Editorial,Meta,Page title length is not ideal,https://www.chewy.com/education/cat/grooming,True,Rewrite titles that are too short or too long while keeping the main topic clear.,69,"Cat Grooming Tips for Brushing, Nail Care, Bathing & More | Chewy.com",69,"Learn cat grooming tips for brushing, nail trimming, detangling, and bathing. Discover how to create a calm routine for cats of any coat type.",142,cat grooming,Cat Grooming,1,grooming,True,True,False,False,False,False,False,False,318249,317,1,,,,,,,3,3,16.0,0,3,0,0,1.0
Editorial,Meta,Page title length is not ideal,https://www.chewy.com/education/cat/health-and-wellness,True,Rewrite titles that are too short or too long while keeping the main topic clear.,68,"Cat Health: Recognizing Symptoms, Managing Conditions & More | Chewy",68,"Learn how to recognize cat health symptoms, understand common causes, explore treatment options, and take steps to prevent serious illness.",139,,Cat Health & Wellness,1,health-and-wellness,True,True,False,False,False,False,False,False,318249,328,1,,,,,,,,,,,,,,1.0
Editorial,Meta,Page title length is not ideal,https://www.chewy.com/education/cat/pet-parenting,True,Rewrite titles that are too short or too long while keeping the main topic clear.,74,"Cat Parenting Tips for Bonding, Routines, Emotional Support & More | Chewy",74,"Learn cat parenting tips to support bonding, manage emotional changes, and create a strong, trusting relationship with your cat from Chewy Education.",149,,Pet Parenting,1,pet-parenting,True,True,False,False,False,False,False,False,318249,324,1,,,,,,,,,,,,,,1.0
Editorial,Meta,Page title length is not ideal,https://www.chewy.com/education/cat/training-and-behavior,True,Rewrite titles that are too short or too long while keeping the main topic clear.,71,"Cat Training & Behavior: House Rules, Bonding Techniques & More | Chewy",71,"Discover cat training and behavior insights, including how to manage unwanted habits, encourage positive routines, and reduce stress.",133,why does my cat steal my socks,Cat Training & Behavior,1,training-and-behavior,True,True,False,False,False,False,False,False,318249,329,1,,,,,,,2,2,,0,0,0,2,1.0
Editorial,Meta,Page title length is not ideal,https://www.chewy.com/education/horse/feed-and-nutrition,True,Rewrite titles that are too short or too long while keeping the main topic clear.,66,"Horse Feed & Nutrition: Diet Planning, Feeding Tips & More | Chewy",66,"Learn about horse feed and nutrition, including diet planning, feeding schedules, forage versus grain, and tips for seasonal and age-related adjustments.",153,horse eating hay,Feed & Nutrition,1,feed-and-nutrition,True,True,False,False,False,False,False,False,318249,322,1,,,,,,,5,4,10.5,2,2,0,1,2.0
Editorial,Meta,Page title length is not ideal,https://www.chewy.com/education/horse/health-and-wellness,True,Rewrite titles that are too short or too long while keeping the main topic clear.,67,"Horse Health: Illness Symptoms, Wound Care, Vaccines & More | Chewy",67,"Learn horse health essentials with tips on identifying symptoms, treating wounds, managing common diseases, and staying current with vaccinations.",146,,Horse Health & Wellness,1,health-and-wellness,True,True,False,False,False,False,False,False,318249,322,1,,,,,,,,,,,,,,1.0
Editorial,Meta,Page title length is not ideal,https://www.chewy.com/education/horse/riding-and-management,True,Rewrite titles that are too short or too long while keeping the main topic clear.,67,"Horse Riding & Management: Daily Routines, Gear Care & More | Chewy",67,"Explore riding techniques and barn management tips in the Horse Riding & Management Education Hub. Explore expert tips on horse riding and management, including barn upkeep, gear care, and how to support your horse through every season.",236,,Riding & Management,1,riding-and-management,True,True,False,False,False,False,False,False,318249,314,1,,,,,,,,,,,,,,1.0
Editorial,Meta,Page title length is not ideal,https://www.chewy.com/education/horse/tack-and-stable,True,Rewrite titles that are too short or too long while keeping the main topic clear.,66,"Horse Tack & Stable: Tack Room Setup, Cleaning Tips & More | Chewy",66,"Learn how to choose, care for, and organize your tack and stable essentials in the Horse Tack & Stable Hub. Explore horse tack and stable tips for gear care, barn management, cleaning routines, and creating efficient, well-organized spaces.",240,chewy horse supplies,Tack & Stable,1,tack-and-stable,True,True,False,False,False,False,False,False,318249,319,1,,,,,,,1,1,,0,0,0,1,1.0
Editorial,Meta,Page title length is not ideal,https://www.chewy.com/education/horse/training-and-behavior,True,Rewrite titles that are too short or too long while keeping the main topic clear.,68,"Horse Training & Behavior: Body Language, Consistency & More | Chewy",68,"Learn horse training and behavior techniques to improve groundwork, reduce unwanted habits, build trust, and better understand your horse’s signals.",148,equine behavior training,Horse Training & Behavior,1,training-and-behavior,True,True,False,False,False,False,False,False,318249,312,1,,,,,,,2,2,29.5,0,0,2,0,1.0
Editorial,Meta,Page title length is not ideal,https://www.chewy.com/education/fish/betta-fish,True,Rewrite titles that are too short or too long while keeping the main topic clear.,69,Betta Fish Care and Maintenance Tips for Healthy Tanks & More | Chewy,69,"Discover betta fish care tips and tank maintenance advice for feeding, cleaning, and keeping your betta healthy and vibrant from Chewy Education.",145,,Betta Fish,1,betta-fish,True,True,False,False,False,False,False,False,318249,310,1,,,,,,,,,,,,,,1.0
Editorial,Meta,Page title length is not ideal,https://www.chewy.com/education/fish/goldfish,True,Rewrite titles that are too short or too long while keeping the main topic clear.,69,"Goldfish Care: Feeding, Tank Cleaning, and Maintenance & More | Chewy",69,"Discover goldfish care and tank maintenance tips to support clean water, proper feeding, and a healthy environment for your aquatic companion.",142,goldfish care,Goldfish,1,goldfish,True,True,False,False,False,False,False,False,318249,305,1,,,,,,,4,3,23.25,0,2,2,0,1.0
Editorial,Meta,Page title length is not ideal,https://www.chewy.com/education/dog-breeds,True,Rewrite titles that are too short or too long while keeping the main topic clear.,66,The Complete List of Dog Breeds: Find Your Dog Breed Match | Chewy,66,The Complete List of Dog Breeds: Find Your Dog Breed Match,58,dog breeds,Dog Breeds,1,dog-breeds,True,True,False,False,True,False,False,False,318249,488,1,good,1605.0,good,0.01,,,6,6,18.67,1,2,3,0,465.0
Editorial,Meta,Page title length is not ideal,https://www.chewy.com/education/cat-breeds,True,Rewrite titles that are too short or too long while keeping the main topic clear.,18,Cat Breeds | Chewy,18,The Complete List of Cat Breeds: Find Your Cat Breed Match,58,,Cat Breeds,1,cat-breeds,True,True,False,False,True,False,False,False,318249,318,1,,,,,,,,,,,,,,1.0
Editorial,Meta,Page title length is not ideal,https://www.chewy.com/education/dog/general/do-dogs-like-hugs,True,Rewrite titles that are too short or too long while keeping the main topic clear.,26,Do Dogs Like Hugs? | Chewy,26,Hugging comes naturally but do dogs like hugs? Find out if your dog’s down for a cozy squeeze or if they need some personal space.,130,do dogs like hugs,Do Dogs Like Hugs? How to Tell If Your Pup’s a Fan,1,do-dogs-like-hugs,True,True,False,False,False,False,False,False,8,334,2,,,,,,,2,2,3.5,2,0,0,0,31.0
Editorial,Meta,Page title length is not ideal,https://www.chewy.com/education/cat/grooming/pro-pet-grooming-tips-to-keep-your-best-friend-happy-healthy-and-looking-good,True,Rewrite titles that are too short or too long while keeping the main topic clear.,29,Pro Pet Grooming Tips | Chewy,29,Expert tips on which tools and products are worth your hard-earned money so you feel confident about groomin your pet in the comfort of your own home.,150,,Pro Pet Grooming Tips,1,pro-pet-grooming-tips-to-keep-your-best-friend-happy-healthy-and-looking-good,True,True,False,False,False,False,False,False,6,313,2,,,,,,,,,,,,,,1.0
Editorial,Meta,Page title length is not ideal,https://www.chewy.com/education/dog-breeds/chesapeake-bay-retriever,True,Rewrite titles that are too short or too long while keeping the main topic clear.,70,"Chesapeake Bay Retriever Breed: Characteristics, Care & Photos | Chewy",70,Read our Chesapeake Bay Retriever guide to learn what makes this dog breed tick and find out if they'd make the right pet for you.,130,chesapeake bay retriever,Chesapeake Bay Retriever,1,chesapeake-bay-retriever,True,True,False,False,True,False,False,True,11,344,2,,,,,,,3,3,26.0,0,0,2,1,38.0
Editorial,Meta,Page title length is not ideal,https://www.chewy.com/education/dog-breeds/american-pit-bull-terrier,True,Rewrite titles that are too short or too long while keeping the main topic clear.,71,"American Pit Bull Terrier Breed: Characteristics, Care & Photos | Chewy",71,The American Pit Bull Terrier is the life of the party and ready to shower you with love. Get all the information about this breed in our complete guide.,153,american pit bull terrier,American Pit Bull Terrier,1,american-pit-bull-terrier,True,True,False,False,True,False,False,True,26,327,2,good,2300.0,good,0.02,,,3,3,28.0,0,0,2,1,417.0
Editorial,Meta,Page title length is not ideal,https://www.chewy.com/education/dog-breeds/jack-russell-terrier,True,Rewrite titles that are too short or too long while keeping the main topic clear.,66,"Jack Russell Terrier Breed: Characteristics, Care & Photos | Chewy",66,"Need a one-stop shop for every Jack Russell breed detail? Our complete Jack Russell Terrier guide covers training, temperament, health conditions and more.",155,jack russel,Jack Russell Terrier,1,jack-russell-terrier,True,True,False,False,True,False,False,True,22,323,2,good,2121.0,good,0.025,,,2,2,30.0,0,0,1,1,89.0
Editorial,Meta,Page title length is not ideal,https://www.chewy.com/education/small-pet/guinea-pig/bloat-in-guinea-pigs,True,Rewrite titles that are too short or too long while keeping the main topic clear.,68,"Bloat in Guinea Pigs: Causes, Symptoms, and When To Get Help | Chewy",68,"Bloat in guinea pigs is a life-threatening emergency caused by trapped gas. Learn symptoms, causes, and when to seek urgent veterinary care.",140,bloat in guinea pigs,"Bloat in Guinea Pigs: Causes, Symptoms, and When To Get Help",1,bloat-in-guinea-pigs,True,True,False,False,False,False,False,False,53,310,2,needs,3253.0,good,0.08,,,4,4,1.0,4,0,0,0,31.0
Editorial,Meta,Page title length is not ideal,https://www.chewy.com/education/small-pet/guinea-pig/guinea-pig-pregnancy,True,Rewrite titles that are too short or too long while keeping the main topic clear.,86,Guinea Pig Pregnancy: What To Expect and How To Care for a Pregnant Guinea Pig | Chewy,86,"Guinea pig pregnancy requires special care and close monitoring. Learn pregnancy length, warning signs, and how to care for a pregnant guinea pig.",146,how long are guinea pigs pregnant,Guinea Pig Pregnancy: What To Expect and How To Care for a Pregnant Guinea Pig,1,guinea-pig-pregnancy,True,True,False,False,False,False,False,False,52,314,2,,,,,,,6,6,5.4,5,0,0,1,41.0
Editorial,Meta,Page title length is not ideal,https://www.chewy.com/education/small-pet/guinea-pig/vitamin-c-deficiency-in-guinea-pigs,True,Rewrite titles that are too short or too long while keeping the main topic clear.,77,Vitamin C Deficiency in Guinea Pigs: What It Is and How To Prevent It | Chewy,77,"Vitamin C deficiency in guinea pigs can lead to serious health issues. Learn how to recognize the signs, treat the condition, and provide the best vitamin C for guinea pigs using trusted products available on Chewy.",215,vitamin c for guinea pigs,Vitamin C Deficiency in Guinea Pigs: What It Is and How To Prevent It,1,vitamin-c-deficiency-in-guinea-pigs,True,True,False,False,False,False,False,False,52,314,2,,,,,,,2,2,15.0,0,1,0,1,3.0
Editorial,Meta,Page title length is not ideal,https://www.chewy.com/education/small-pet/guinea-pig/guinea-pig-grooming,True,Rewrite titles that are too short or too long while keeping the main topic clear.,66,Guinea Pig Grooming: Everything a Pet Parent Needs To Know | Chewy,66,"Learn how to groom your guinea pig—from brushing and nail trims to bathing and ear care—so they stay clean, comfortable, and healthy.",133,skinny pig grooming,Guinea Pig Grooming: Everything a Pet Parent Needs To Know,1,guinea-pig-grooming,True,True,False,False,False,False,False,False,4,325,2,,,,,,,10,9,16.11,3,4,2,1,1.0
Editorial,Meta,Page title length is not ideal,https://www.chewy.com/education/small-pet/guinea-pig/guinea-pig-care-sheet,True,Rewrite titles that are too short or too long while keeping the main topic clear.,29,Guinea Pig Care Sheet | Chewy,29,Thinking about getting pet guinea pigs? Learn everything you need to know to care for them properly.,100,chewy guinea pig,Guinea Pig Care Sheet,1,guinea-pig-care-sheet,True,True,False,False,False,False,False,False,4,340,2,,,,,,,1,1,12.0,0,1,0,0,1.0
Editorial,Meta,Page title length is not ideal,https://www.chewy.com/education/small-pet/guinea-pig/are-guinea-pigs-good-pets-for-kids,True,Rewrite titles that are too short or too long while keeping the main topic clear.,75,Are Guinea Pigs Good Pets for Kids? Here’s What Parents Should Know | Chewy,75,"Considering a guinea pig for your child? Learn the pros, responsibilities, and what every family should know before bringing home this lovable, kid-friendly pet.",161,are guinea pigs good pets for kids,Are Guinea Pigs Good Pets for Kids? Here’s What Parents Should Know,1,are-guinea-pigs-good-pets-for-kids,True,True,False,False,False,False,False,False,5,343,2,,,,,,,2,2,11.0,0,1,0,1,9.0
Editorial,Meta,Page title length is not ideal,https://www.chewy.com/education/cat-breeds/norwegian-forest-cat,True,Rewrite titles that are too short or too long while keeping the main topic clear.,66,"Norwegian Forest Cat Breed: Characteristics, Care & Photos | Chewy",66,"Norwegian Forest Cats are large, fluffy cats. Learn if this breed is right for you and your family.",99,,Norwegian Forest Cat,1,norwegian-forest-cat,True,True,False,False,True,False,False,True,5,345,2,,,,,,,,,,,,,,12.0
Editorial,Meta,Page title length is not ideal,https://www.chewy.com/education/cat/health-and-wellness/dental-disease-in-cats,True,Rewrite titles that are too short or too long while keeping the main topic clear.,81,"What Is Dental Disease in Cats? Learn the Symptoms, Causes, and Treatment | Chewy",81,Dental disease in cats affects more than half of kitties. Here’s how to prevent and protect your cat from dental disease.,121,,"What Is Dental Disease in Cats? Learn the Symptoms, Causes, and Treatment",1,dental-disease-in-cats,True,True,False,False,False,False,False,False,31,328,2,,,,,,,,,,,,,,1.0
Editorial,Meta,Page title length is not ideal,https://www.chewy.com/education/dog/food-and-nutrition/know-your-omegas-good-fats-for-dogs,True,Rewrite titles that are too short or too long while keeping the main topic clear.,69,"Omega Fatty Acids for Dogs: What They Are, Benefits, and More | Chewy",69,"Learn how omega-3 for dogs and other fatty acids can improve your dog's health, and get a vet's suggestions for the best supplements for dogs.",142,omega fatty acids for dogs,"Omegas for Dogs: What They Are, Benefits, and Dosage",1,know-your-omegas-good-fats-for-dogs,True,True,False,False,False,False,False,False,19,320,2,,,,,,,8,8,7.5,7,0,1,0,56.0
Editorial,Meta,Page title length is not ideal,https://www.chewy.com/education/dog/health-and-wellness/dehydration-in-dogs,True,Rewrite titles that are too short or too long while keeping the main topic clear.,66,Dehydration in Dogs: How To Tell If Your Dog Is Dehydrated | Chewy,66,"Can dogs dehydrate? Yes, dogs can become dehydrated. Here’s everything you need to know about dehydration treatment for dogs, including signs of dehydration in dogs and when you need to rush to the veterinarian.",211,how to tell if a dog is dehydrated,Dehydration in Dogs: How To Spot It and What To Do Next,1,dehydration-in-dogs,True,True,False,False,False,False,False,False,57,341,2,needs,2608.0,good,0.09,,,1,1,,0,0,0,1,11.0
Editorial,Meta,Page title length is not ideal,https://www.chewy.com/education/dog/health-and-wellness/arthritis-in-dogs,True,Rewrite titles that are too short or too long while keeping the main topic clear.,25,Arthritis in Dogs | Chewy,25,"Arthritis in dogs can cause pain, stiffness, and mobility issues. Learn the signs of dog arthritis, treatment options, and ways to help your pup stay comfortable.",162,natural remedies for arthritis in dogs,"Arthritis in Dogs: Signs, Causes, and Pain Management",1,arthritis-in-dogs,True,True,False,False,False,False,False,False,100,355,2,,,,,,,3,3,12.67,1,2,0,0,74.0
Editorial,Meta,Page title length is not ideal,https://www.chewy.com/education/cat/health-and-wellness/coconut-oil-for-cats,True,Rewrite titles that are too short or too long while keeping the main topic clear.,28,Coconut Oil for Cats | Chewy,28,Coconut oil is a food topper some cat parents ask about. It is not a must-have supplement for most cats and evidence of clear cat-specific benefits is limited.,159,is coconut oil safe for cats,Coconut Oil for Cats: What the Evidence Shows,1,coconut-oil-for-cats,True,True,False,False,False,False,False,False,4,312,2,,,,,,,3,3,15.33,0,3,0,0,5.0
Editorial,Meta,Page title length is not ideal,https://www.chewy.com/education/cat/health-and-wellness/fish-oil-for-cats,True,Rewrite titles that are too short or too long while keeping the main topic clear.,25,Fish Oil for Cats | Chewy,25,"Learn what fish oil is, why it may be used in cats, possible side effects, and when your vet might recommend it.",112,omega 3 for cats,"Fish Oil for Cats: Uses, Safety Tips, and What You Need to Know",1,fish-oil-for-cats,True,True,False,False,False,False,False,False,6,312,2,,,,,,,3,3,16.5,0,1,1,1,27.0
Editorial,Meta,Page title length is not ideal,https://www.chewy.com/education/horse/health-and-wellness/cushings-disease-in-horses,True,Rewrite titles that are too short or too long while keeping the main topic clear.,68,"Cushing's Disease in Horses: Causes, Symptoms, and Treatment | Chewy",68,"Find out how to help your horse with PPID in our guide to the causes, symptoms, and available treatments for Cushing's disease in horses.",137,,"Cushing’s Disease in Horses: Causes, Symptoms, and Treatment",1,cushings-disease-in-horses,True,True,False,False,False,False,False,False,14,311,2,,,,,,,,,,,,,,4.0
Editorial,Meta,Page title length is not ideal,https://www.chewy.com/education/cat-breeds/american-shorthair-cat,True,Rewrite titles that are too short or too long while keeping the main topic clear.,68,"American Shorthair Cat Breed: Characteristics, Care & Photos | Chewy",68,American Shorthair cats are friendly felines who love to play and cuddle. Learn if an American Shorthair kitten is the best fit for you.,136,american shorthair cat,American Shorthair,1,american-shorthair-cat,True,True,False,False,True,False,False,True,4,338,2,,,,,,,1,1,19.0,0,1,0,0,47.0
Editorial,Meta,Page title length is not ideal,https://www.chewy.com/education/cat-breeds/british-shorthair,True,Rewrite titles that are too short or too long while keeping the main topic clear.,67,"British Shorthair Cat Breed: Characteristics, Care & Photos | Chewy",67,"British Shorthair cats are calm, affectionate companions known for their plush coats and easygoing personalities. Learn about their care, temperament, lifespan, and more.",170,,British Shorthair,1,british-shorthair,True,True,False,False,True,False,False,True,5,344,2,,,,,,,,,,,,,,11.0
Editorial,Meta,Page title length is not ideal,https://www.chewy.com/education/cat-breeds/oriental-shorthair,True,Rewrite titles that are too short or too long while keeping the main topic clear.,68,"Oriental Shorthair Cat Breed: Characteristics, Care & Photos | Chewy",68,The Oriental Shorthair is a friendly cat who'll greet you with a meow that sounds like a honk. Learn if an Oriental Shorthair kitten is right for you.,150,,Oriental Shorthair,1,oriental-shorthair,True,True,False,False,True,False,False,True,5,334,2,,,,,,,,,,,,,,11.0
Editorial,Meta,Page title length is not ideal,https://www.chewy.com/education/wildlife,True,Rewrite titles that are too short or too long while keeping the main topic clear.,70,Wildlife Care Tips and Information for Common Backyard Animals | Chewy,70,"Explore guides on coexisting with backyard wildlife, supporting habitats, and seasonal care in the Wildlife Education Hub. From birds to deer, explore wildlife care tips and practical information for animals commonly found near your home by Chewy Education experts.",265,wildlife supplies birdseed beekeeping squirrel food and more,Wildlife,1,wildlife,True,True,False,False,False,False,False,False,32,324,2,,,,,,,1,1,11.0,0,1,0,0,1.0
Editorial,Meta,Page title length is not ideal,https://www.chewy.com/education/cat/general/black-cat-facts,True,Rewrite titles that are too short or too long while keeping the main topic clear.,23,Black Cat Facts | Chewy,23,"Learn about black cat facts, myths, legends, and what makes black cats such great companions for pet parents.",109,are cats good luck,7 Fun Black Cat Facts,1,black-cat-facts,True,True,False,False,False,False,False,False,223,316,2,,,,,,,2,2,8.0,2,0,0,0,23.0
Editorial,Meta,Page title length is not ideal,https://www.chewy.com/education/horse/tack-and-stable/horse-blanket-management-repairing-and-storing,True,Rewrite titles that are too short or too long while keeping the main topic clear.,80,"Horse Blanket Management: How To Repair, Clean, and Store Horse Blankets | Chewy",80,"Learn the basics of horse blanket management, including how to inspect, repair, clean, and store turnout and stable blankets to extend their lifespan.",150,blanket safe,"Horse Blanket Management: How To Repair, Clean, and Store Horse Blankets",1,horse-blanket-management-repairing-and-storing,True,False,False,False,False,False,False,False,29,315,2,,,,,,,1,1,3.0,1,0,0,0,1.0
Editorial,Meta,Page title length is not ideal,https://www.chewy.com/education/bird/general/do-birds-sleep,True,Rewrite titles that are too short or too long while keeping the main topic clear.,22,Do Bird Sleep? | Chewy,22,"Ever wonder if birds sleep like humans? Discover how birds get their rest, plus how to help your bird get better sleep.",119,,Do Birds Sleep?,1,do-birds-sleep,True,False,False,False,False,False,False,False,68,318,2,,,,,,,,,,,,,,1.0
Editorial,Meta,Page title length is not ideal,https://www.chewy.com/education/bird/health-and-wellness/do-macaws-lay-eggs,True,Rewrite titles that are too short or too long while keeping the main topic clear.,28,Do Macaw’s Lay Eggs? | Chewy,28,"Ever wonder if your pet macaw might lay eggs? Learn what you can do to help your bird if they lay eggs, and how to prevent it from happening again.",147,macaw eggs,Do Macaws Lay Eggs?,1,do-macaws-lay-eggs,True,False,False,False,False,False,False,False,38,315,2,,,,,,,2,2,4.0,2,0,0,0,2.0
Editorial,Meta,Page title length is not ideal,https://www.chewy.com/education/fish/general/cyanobacteria-in-aquariums,True,Rewrite titles that are too short or too long while keeping the main topic clear.,69,"Cyanobacteria in Aquariums: Causes, Treatment, and Prevention | Chewy",69,"Learn what causes cyanobacteria, or blue-green algae (BGA), in aquariums, how to remove it safely, and ways to prevent it from returning.",137,,"Cyanobacteria in Aquariums: Causes, Treatment, and Prevention",1,cyanobacteria-in-aquariums,True,True,False,False,False,False,False,False,114,331,2,,,,,,,,,,,,,,1.0
Editorial,Meta,Page title length is not ideal,https://www.chewy.com/education/fish/general/molly-fish-care-sheet,True,Rewrite titles that are too short or too long while keeping the main topic clear.,29,Molly Fish Care Sheet | Chewy,29,Thinking about getting a molly as a pet fish? Learn everything you need to know to care for them properly.,106,molly fish,Molly Fish Care Sheet,1,molly-fish-care-sheet,True,True,False,False,False,False,False,False,106,344,2,needs,3930.0,needs,0.1,,,23,21,13.0,4,19,0,0,26.0
Editorial,Meta,Page title length is not ideal,https://www.chewy.com/education/reptile-and-amphibian/bearded-dragon/can-bearded-dragons-eat-pineapple,True,Rewrite titles that are too short or too long while keeping the main topic clear.,71,Can Bearded Dragons Eat Pineapple? Safety Tips and Serving Size | Chewy,71,"Can bearded dragons eat pineapple? Learn when pineapple is safe for bearded dragons, how much to offer, and what parts to avoid.",128,can bearded dragons eat pineapple,Can Bearded Dragons Eat Pineapple?,1,can-bearded-dragons-eat-pineapple,True,True,False,False,False,False,False,False,58,314,2,,,,,,,1,1,2.0,1,0,0,0,1.0
Editorial,Meta,Page title length is not ideal,https://www.chewy.com/education/reptile-and-amphibian/bearded-dragon/can-bearded-dragons-eat-parsley,True,Rewrite titles that are too short or too long while keeping the main topic clear.,69,Can Bearded Dragons Eat Parsley? Safety Tips and Serving Size | Chewy,69,"Can bearded dragons eat parsley? Learn when parsley may be OK for bearded dragons, why large amounts are risky, and how to serve it safely.",139,can bearded dragons eat parsley,Can Bearded Dragons Eat Parsley?,1,can-bearded-dragons-eat-parsley,True,True,False,False,False,False,False,False,55,315,2,,,,,,,1,1,5.0,1,0,0,0,3.0
Editorial,Meta,Page title length is not ideal,https://www.chewy.com/education/reptile-and-amphibian/bearded-dragon/can-bearded-dragons-eat-oranges,True,Rewrite titles that are too short or too long while keeping the main topic clear.,69,Can Bearded Dragons Eat Oranges? Serving Size and Safety Tips | Chewy,69,"Can bearded dragons eat oranges? Learn why oranges are not the best fruit for bearded dragons, what parts to avoid, and what to offer instead.",142,can bearded dragons eat oranges,Can Bearded Dragons Eat Oranges?,1,can-bearded-dragons-eat-oranges,True,True,False,False,False,False,False,False,54,317,2,,,,,,,1,1,3.0,1,0,0,0,1.0
Editorial,Meta,Page title length is not ideal,https://www.chewy.com/education/wildlife/wild-birds/how-to-keep-squirrels-out-of-bird-feeders,True,Rewrite titles that are too short or too long while keeping the main topic clear.,70,6 Expert-Proven Ways To Keep Squirrels Out of Your Bird Feeder | Chewy,70,Want to feed backyard birds without pesky squirrels ruining the fun? Here's how to keep squirrels out of bird feeders using expert-backed tips and tools.,153,,6 Expert-Proven Ways To Keep Squirrels Out of Your Bird Feeder,1,how-to-keep-squirrels-out-of-bird-feeders,True,True,False,False,False,False,False,False,32,319,2,,,,,,,,,,,,,,1.0
Editorial,Meta,Page title length is not ideal,https://www.chewy.com/education/farm-animal/pig/what-do-pigs-eat,True,Rewrite titles that are too short or too long while keeping the main topic clear.,25,What Do Pigs Eat? | Chewy,25,"Wondering what pigs eat? Learn what to feed your pet pig, including pellets, fruits, veggies, and other foods that support a healthy diet.",138,,What Do Pigs Eat? 5 Key Things To Feed Your Pet Pig,1,what-do-pigs-eat,True,True,False,False,False,False,False,False,6,321,2,,,,,,,,,,,,,,4.0
Editorial,Meta,Page title length is not ideal,https://www.chewy.com/education/editorial-guidelines,True,Rewrite titles that are too short or too long while keeping the main topic clear.,28,Editorial Guidelines | Chewy,28,,,,Editorial guidelines,1,editorial-guidelines,True,True,False,False,False,False,False,False,34,302,2,,,,,,,,,,,,,,2.0
Editorial,Meta,Page title length is not ideal,https://www.chewy.com/education/fish/goldfish/types-of-goldfish,True,Rewrite titles that are too short or too long while keeping the main topic clear.,28,12 Types of Goldfish | Chewy,28,Thinking about adding a pet goldfish to your family? Learn about all the different types of goldfish you can choose from.,121,goldfish,12 types of goldfish,1,types-of-goldfish,True,True,False,False,False,False,False,False,19,312,2,,,,,,,5,4,16.6,1,2,2,0,91.0
Editorial,Meta,Page title length is not ideal,https://www.chewy.com/education/cat/training-and-behavior/how-to-socialize-a-kitten,True,Rewrite titles that are too short or too long while keeping the main topic clear.,87,How to Socialize a Kitten: An Expert Guide to Introducing Your Cat to the World | Chewy,87,"Socialization helps cats learn to trust new experiences, and it’s most effective when started early. Find out how to socialize your kitten.",139,how to socialize a kitten,How to Socialize a Kitten: An Expert Guide to Introducing Your Cat to the World,1,how-to-socialize-a-kitten,True,True,False,False,False,False,False,False,36,338,2,,,,,,,2,2,26.0,0,0,2,0,4.0
Editorial,Meta,Page title length is not ideal,https://www.chewy.com/education/cat/new-cat/bottle-feeding-kittens,True,Rewrite titles that are too short or too long while keeping the main topic clear.,66,Bottle-Feeding Kittens: Essential Tips for New Pet Parents | Chewy,66,"Master the art of bottle-feeding kittens with our detailed resource, helping pet parents and caregivers support their kittens’ growth and nutrition.",148,how often to bottle feed kittens,Bottle-Feeding Kittens: Essential Tips for New Pet Parents,1,bottle-feeding-kittens,True,True,False,False,False,False,False,False,69,314,2,needs,3601.0,good,0.08,,,3,2,11.33,2,1,0,0,20.0
Editorial,Meta,Page title length is not ideal,https://www.chewy.com/education/cat/new-cat/bringing-home-a-cat-from-a-shelter-or-rescue-heres-everything-you-need-to-know,True,Rewrite titles that are too short or too long while keeping the main topic clear.,82,Bringing Home a Cat? Here’s Everything You Need to Know About Cat Adoption | Chewy,82,"Considering adopting a shelter cat from your local shelter or rescue? Start here for tips on cat adoption, products you’ll need, and more.",138,adopting a cat from a shelter,Bringing Home a Cat From a Shelter or Rescue? Here’s Everything You Need to Know,1,bringing-home-a-cat-from-a-shelter-or-rescue-heres-everything-you-need-to-know,True,True,False,False,False,False,False,False,11,315,2,,,,,,,2,2,6.0,2,0,0,0,3.0
Editorial,Meta,Page title length is not ideal,https://www.chewy.com/education/cat/new-cat/what-to-expect-during-your-kittens-first-vet-visit,True,Rewrite titles that are too short or too long while keeping the main topic clear.,66,"Kitten's First Vet Visit: Checklist, What To Expect & Cost | Chewy",66,"Learn everything you need to know about a kitten's first vet visit, including when to go, how to prepare, what to expect, and what it will cost you.",148,kitten vet,"Kitten’s First Vet Visit: Checklist, What To Expect, and Cost",1,what-to-expect-during-your-kittens-first-vet-visit,True,True,False,False,False,False,False,False,12,334,2,needs,2508.0,good,0.08,,,3,3,4.0,2,0,0,1,60.0
Editorial,Meta,Page title length is not ideal,https://www.chewy.com/education/dog/grooming/how-to-groom-a-dog,True,Rewrite titles that are too short or too long while keeping the main topic clear.,26,How To Groom a Dog | Chewy,26,"Learn how to groom a dog at home with expert-backed, step-by-step dog grooming tips to keep your pup clean, healthy, and comfortable.",133,chewy dog grooming,How To Groom a Dog,1,how-to-groom-a-dog,True,True,False,False,False,False,False,False,119,352,2,,,,,,,1,1,16.0,0,1,0,0,1.0
Editorial,Meta,Page title length is not ideal,https://www.chewy.com/education/dog/grooming/the-dog-odor-answer,True,Rewrite titles that are too short or too long while keeping the main topic clear.,71,Smelly Dog? Here’s Why—and How To Get Rid of Dog Smell for Good | Chewy,71,"Is your pup smelling, um, not so fresh? Find out why your dog is smelly, and how to get rid of that dog odor.",109,how to get rid of dog smell,Smelly Dog? Here’s Why—and How To Get Rid of Dog Smell for Good,1,the-dog-odor-answer,True,True,False,False,False,False,False,False,7,331,2,needs,2752.0,good,0.09,,,3,3,16.33,1,1,1,0,223.0
Editorial,Meta,Page title length is not ideal,https://www.chewy.com/education/cat/training-and-behavior/cat-walking-101-train-cat-walk-leash,True,Rewrite titles that are too short or too long while keeping the main topic clear.,69,Leash Training a Cat 101: A Complete Guide to Getting Outside | Chewy,69,Leash training a cat can be a great way to provide your fur baby with physical activity and mental stimulation. Here’s what you need to know to get started.,156,how to leash train a cat,Leash Training a Cat 101: A Complete Guide to Getting Outside,1,cat-walking-101-train-cat-walk-leash,True,True,False,False,False,False,False,False,31,317,2,needs,2914.0,good,0.08,,,3,3,9.0,2,0,0,1,22.0
Editorial,Meta,Page title length is not ideal,https://www.chewy.com/education/cat/training-and-behavior/do-cats-get-bored,True,Rewrite titles that are too short or too long while keeping the main topic clear.,26,Do Cats Get Bored? | Chewy,26,Learn to spot the signs of a bored cat and explore the best cat toys and enrichment activities to keep your cat lively and content.,131,do cats get bored,Do You Have a Bored Cat?,1,do-cats-get-bored,True,True,False,False,False,False,False,False,11,352,2,,,,,,,10,8,10.11,6,3,0,1,16.0
Editorial,Meta,Page title length is not ideal,https://www.chewy.com/education/cat/general/from-patio-to-catio-tips-for-creating-a-safe-outdoor-cat-enclosure,True,Rewrite titles that are too short or too long while keeping the main topic clear.,69,Catio 101: Tips to Create Outdoor Cat Enclosures for Your Cat | Chewy,69,"You easily can satisfy your cat’s need for nature by creating the perfect catio, a “cat patio.” Get tips on how to make a safe outdoor cat enclosure and what fun things to add, like a cat scratch post and cat tree.",214,chewy catio,From Patio to Catio: Tips for Creating a Safe Outdoor Cat Enclosure,1,from-patio-to-catio-tips-for-creating-a-safe-outdoor-cat-enclosure,True,True,False,False,False,False,False,False,19,310,2,,,,,,,4,4,4.0,2,0,0,2,7.0
Editorial,Meta,Page title length is not ideal,https://www.chewy.com/education/cat/general/behavior-breeds-10-docile-cat-breeds,True,Rewrite titles that are too short or too long while keeping the main topic clear.,26,10 Lazy Cat Breeds | Chewy,26,"While breed alone cannot determine a cat’s personality, some are known for their homebody tendencies. Here are the ten most docile cat breeds.",142,lazy cats,10 Lazy Cat Breeds,1,behavior-breeds-10-docile-cat-breeds,True,True,False,False,False,False,False,False,5,307,2,needs,2943.0,good,0.09,,,2,2,1.0,2,0,0,0,108.0
Editorial,Meta,Page title length is not ideal,https://www.chewy.com/education/dog-breeds/pembroke-welsh-corgi,True,Rewrite titles that are too short or too long while keeping the main topic clear.,66,"Pembroke Welsh Corgi Breed: Characteristics, Care & Photos | Chewy",66,The Pembroke Welsh Corgi is a spunky little dog ready to join your family. Get the 101 in our complete Pembroke Welsh Corgi guide.,130,corgi dog,Pembroke Welsh Corgi,1,pembroke-welsh-corgi,True,True,False,False,True,False,False,True,23,339,2,,,,,,,2,2,,0,0,0,2,75.0
Editorial,Meta,Page title length is not ideal,https://www.chewy.com/education/dog/food-and-nutrition/fiber-for-dogs,True,Rewrite titles that are too short or too long while keeping the main topic clear.,69,Fiber for Dogs: Benefits and How To Add It to Your Dog’s Diet | Chewy,69,"Learn why fiber for dogs matters, plus the best high-fiber dog foods, supplements, and tips for constipation and digestive health.",130,fiber for dogs,Fiber for Dogs: Benefits and How To Add It to Your Dog’s Diet,1,fiber-for-dogs,True,True,False,False,False,False,False,False,10,326,2,,,,,,,2,2,17.5,0,2,0,0,37.0
Editorial,Meta,Page title length is not ideal,https://www.chewy.com/education/dog/food-and-nutrition/organic-dog-treats,True,Rewrite titles that are too short or too long while keeping the main topic clear.,78,Organic Dog Treats: What To Look for and the Best Options for Your Dog | Chewy,78,"Discover organic dog treats, what makes them healthy, and what are the best organic dog treats for your dog’s needs.",116,organic dog treats,Organic Dog Treats: What To Look for and the Best Options for Your Dog,1,organic-dog-treats,True,True,False,False,False,False,False,False,6,317,2,,,,,,,13,12,12.1,6,3,1,3,6.0
Editorial,Meta,Page title length is not ideal,https://www.chewy.com/education/cat/pet-parenting/how-to-get-rid-of-cat-pee-smell,True,Rewrite titles that are too short or too long while keeping the main topic clear.,69,"How To Get Rid of Cat Pee Smell From Carpet, Clothes and More | Chewy",69,"Find out how to get rid of cat pee smell from anywhere in your home, including carpet, furniture, clothes, and hard flooring, with these expert tips.",149,how to get rid of cat pee smell,"How To Get Rid of Cat Pee Smell From Carpet, Clothes and More",1,how-to-get-rid-of-cat-pee-smell,True,True,False,False,False,False,False,False,8,323,2,needs,3495.0,good,0.055,,,6,6,4.2,4,1,0,1,1324.0
Editorial,Meta,Page title length is not ideal,https://www.chewy.com/education/small-pet/ferret/pet-ferret,True,Rewrite titles that are too short or too long while keeping the main topic clear.,72,Pet Ferrets 101: A Beginner’s Guide To Keeping a Ferret as a Pet | Chewy,72,Wondering what it takes to be an awesome ferret keeper? Get all the details in our guide to pet ferrets.,104,ferret,Pet Ferrets 101: A Beginner’s Guide To Keeping a Ferret as a Pet,1,pet-ferret,True,True,False,False,False,False,False,False,15,322,2,,,,,,,31,30,19.16,5,5,9,12,45.0
Editorial,Meta,Page title length is not ideal,https://www.chewy.com/education/small-pet/ferret/adrenal-disease-in-ferrets,True,Rewrite titles that are too short or too long while keeping the main topic clear.,86,"Adrenal Disease in Ferrets: Signs, Treatment, and What Pet Parents Should Know | Chewy",86,"Adrenal disease in ferrets is a common hormonal condition. Learn the signs, causes, and treatment options to help manage your ferret’s health.",142,,"Adrenal Disease in Ferrets: Signs, Treatment, and What Pet Parents Should Know",1,adrenal-disease-in-ferrets,True,True,False,False,False,False,False,False,8,308,2,,,,,,,,,,,,,,1.0
Editorial,Meta,Page title length is not ideal,https://www.chewy.com/education/small-pet/ferret/ferret-care-sheet,True,Rewrite titles that are too short or too long while keeping the main topic clear.,25,Ferret Care Sheet | Chewy,25,Thinking about getting pet ferret? Learn everything you need to know to care for them properly.,95,what do you need for a ferret,Ferret Care Sheet,1,ferret-care-sheet,True,True,False,False,False,False,False,False,5,326,2,,,,,,,5,5,22.0,0,2,3,0,2.0
Editorial,Meta,Page title length is not ideal,https://www.chewy.com/education/small-pet/ferret/do-ferrets-stink,True,Rewrite titles that are too short or too long while keeping the main topic clear.,81,Do Ferrets Stink? Here’s Why Ferrets Smell and How To Improve Their Scent | Chewy,81,Ferrets have a musky odor that many pet parents find endearing. But why do ferrets stink? Vets weigh in on why ferrets smell.,125,do ferrets smell,Do Ferrets Stink? Here’s Why Ferrets Smell and How To Improve Their Scent,1,do-ferrets-stink,True,True,False,False,False,False,False,False,5,317,2,,,,,,,7,6,7.86,5,2,0,0,44.0
Editorial,Meta,Page title length is not ideal,https://www.chewy.com/education/small-pet/ferret/what-do-ferrets-eat,True,Rewrite titles that are too short or too long while keeping the main topic clear.,67,What Do Ferrets Eat? The Best Ferret Food—and What To Avoid | Chewy,67,Wondering what ferrets should eat? Find out how to choose the best food for your pet ferret—and which foods can be dangerous for them.,134,ferret food,What Do Ferrets Eat?,1,what-do-ferrets-eat,True,True,False,False,False,False,False,False,7,314,2,,,,,,,35,31,14.32,10,13,5,7,24.0
Editorial,Meta,Page title length is not ideal,https://www.chewy.com/education/fish/health-and-wellness/fish-velvet-disease,True,Rewrite titles that are too short or too long while keeping the main topic clear.,71,"Fish Velvet Disease: Symptoms, Causes, Treatment and Prevention | Chewy",71,"Discover how fish velvet disease can impact the health or your pet fish, and what you can do about it.",102,velvet disease fish,"Fish Velvet Disease: Symptoms, Causes, Treatment and Prevention",1,fish-velvet-disease,True,True,False,False,False,False,False,False,23,323,2,,,,,,,4,3,21.5,0,1,3,0,1.0
Editorial,Meta,Page title length is not ideal,https://www.chewy.com/education/fish/health-and-wellness/algae-problem-in-your-fishtank-find-out-which-species-really-eat-algae,True,Rewrite titles that are too short or too long while keeping the main topic clear.,71,Algae In Your Fishtank? Find Out Which Species Really Eat Algae | Chewy,71,"BeChewy teaches you about the best algae eaters out there to beat back the slimy, green growth in your home aquarium.",117,algae eater fish,Algae Problem In Your Fish Tank? Find Out Which Species Really Eat Algae,1,algae-problem-in-your-fishtank-find-out-which-species-really-eat-algae,True,True,False,False,False,False,False,False,3,307,2,,,,,,,4,4,19.0,0,3,1,0,24.0
Editorial,Meta,Page title length is not ideal,https://www.chewy.com/education/fish/health-and-wellness/fish-parasites,True,Rewrite titles that are too short or too long while keeping the main topic clear.,67,"Fish Parasites: Identification, Risks & Health Implications | Chewy",67,"Discover crucial insights into fish parasites, their identification, effects on fish health, and potential risks to humans.",123,fish tank parasites,How Common Are Pet Fish Parasites? Understanding How to Keep Your Fish Healthy,1,fish-parasites,True,True,False,False,False,False,False,False,5,326,2,,,,,,,5,5,13.0,2,1,1,1,12.0
Editorial,Meta,Page title length is not ideal,https://www.chewy.com/education/fish/health-and-wellness/dealing-with-dropsy,True,Rewrite titles that are too short or too long while keeping the main topic clear.,27,Dealing With Dropsy | Chewy,27,"Learn about what Dropsy is in fish, how to treat and prevent it.",64,dropsy,Dealing With Dropsy,1,dealing-with-dropsy,True,True,False,False,False,False,False,False,2,307,2,,,,,,,8,8,18.17,1,2,3,2,27.0
Editorial,Meta,Page title length is not ideal,https://www.chewy.com/education/cat/flea-and-tick/when-is-tick-season,True,Rewrite titles that are too short or too long while keeping the main topic clear.,28,When Is Tick Season? | Chewy,28,No one wants creepy-crawly ticks on their pet. Learn when tick season is in your state and how to prevent tick bites on dogs and cats.,134,when is tick season,When Is Tick Season?,1,when-is-tick-season,True,True,False,False,False,False,False,False,9,333,2,,,,,,,2,2,25.0,0,1,1,0,1.0
Editorial,Meta,Page title length is not ideal,https://www.chewy.com/education/cat/flea-and-tick/when-is-flea-season,True,Rewrite titles that are too short or too long while keeping the main topic clear.,28,When Is Flea Season? | Chewy,28,"We spoke to vet experts to get the specifics of when flea season is across each state, how to prevent fleas in pets and much more.",130,when is flea season,When Is Flea Season?,1,when-is-flea-season,True,True,False,False,False,False,False,False,12,323,2,,,,,,,3,3,11.33,2,0,1,0,13.0
Editorial,Meta,Page title length is not ideal,https://www.chewy.com/education/horse/riding-and-management/whats-new-in-fly-control-for-horses-2026,True,Rewrite titles that are too short or too long while keeping the main topic clear.,88,What’s New in Fly Control for Horses 2026: Latest Innovations and Best Solutions | Chewy,88,Discover the newest products in fly control and learn how they’re changing the game to keep horses pest free.,109,,What’s New in Fly Control for Horses 2026: Latest Innovations and Best Solutions,1,whats-new-in-fly-control-for-horses,True,True,False,False,False,False,False,False,3,332,2,,,,,,,,,,,,,,4.0
Editorial,Meta,Page title length is not ideal,https://www.chewy.com/education/horse/riding-and-management/horse-mud-management,True,Rewrite titles that are too short or too long while keeping the main topic clear.,28,Horse Mud Management | Chewy,28,"Discover how mud can impact life with horses, including what you can do to help manage mud on your property.",108,,Horse Mud Management: How To Manage Mud Season as a Horse Owner,1,horse-mud-management,True,True,False,False,False,False,False,False,3,316,2,,,,,,,,,,,,,,1.0
Editorial,Meta,Page title length is not ideal,https://www.chewy.com/education/cat/health-and-wellness/do-cats-fart,True,Rewrite titles that are too short or too long while keeping the main topic clear.,21,Do Cats Fart? | Chewy,21,"Do cats fart, and why do cat farts smell so bad? Learn about cat farts and when farting becomes abnormal here.",110,can cats fart,Do Cats Fart?,1,do-cats-fart,True,True,False,False,False,False,False,False,11,316,2,,,,,,,4,4,9.67,2,1,0,1,25.0
Editorial,Meta,Page title length is not ideal,https://www.chewy.com/education/cat/food-and-nutrition/slow-feeder-cat-bowls,True,Rewrite titles that are too short or too long while keeping the main topic clear.,71,"Slow Feeder Cat Bowls: Do They Work, and How Do You Choose One? | Chewy",71,,,cat slow feeders,"Slow Feeder Cat Bowls: Do They Work, and How Do You Choose One?",1,slow-feeder-cat-bowls,True,True,False,False,False,False,False,False,166,315,2,,,,,,,2,2,16.5,0,2,0,0,14.0
Editorial,Meta,Page title length is not ideal,https://www.chewy.com/education/cat/food-and-nutrition/bone-broth-for-cats,True,Rewrite titles that are too short or too long while keeping the main topic clear.,66,"Bone Broth for Cats: Benefits, Safety, and How To Serve It | Chewy",66,"Learn whether bone broth for cats is safe, its potential health benefits, and how to choose a cat-safe, low sodium chicken broth for cats.",138,bone broth for cats,Bone Broth for Cats: Benefits and How To Serve It,1,bone-broth-for-cats,True,True,False,False,False,False,False,False,156,329,2,good,2385.0,good,0.09,,,4,4,1.67,3,0,0,1,158.0
Editorial,Meta,Page title length is not ideal,https://www.chewy.com/education/small-pet/rabbit/why-is-my-rabbit-sneezing,True,Rewrite titles that are too short or too long while keeping the main topic clear.,70,"Why Is My Rabbit Sneezing? Causes, Symptoms, and When To Worry | Chewy",70,"Wondering why your rabbit is sneezing? Learn common causes, symptoms to watch for, and when to see a vet to keep your rabbit healthy and breathing easy.",152,,"Why Is My Rabbit Sneezing? Causes, Symptoms, and When To Worry",1,why-is-my-rabbit-sneezing,True,True,False,False,False,False,False,False,6,313,2,,,,,,,,,,,,,,16.0
Editorial,Meta,Page title length is not ideal,https://www.chewy.com/education/small-pet/rabbit/what-is-gi-stasis-in-rabbits,True,Rewrite titles that are too short or too long while keeping the main topic clear.,29,What Is GI Stasis in Rabbits?,29,"Learn how stress, diet, and other factors can trigger GI stasis in rabbits, plus the warning signs that require urgent veterinary care.",135,,What Is GI Stasis in Rabbits?,1,what-is-gi-stasis-in-rabbits,True,True,False,False,False,False,False,False,6,322,2,,,,,,,,,,,,,,1.0
Editorial,Meta,Page title length is not ideal,https://www.chewy.com/education/small-pet/rabbit/how-to-manage-rabbit-molting,True,Rewrite titles that are too short or too long while keeping the main topic clear.,67,How To Manage Rabbit Molting: Tips and How To Help Your Pet | Chewy,67,"Rabbit molting is a normal shedding process, but excess fur can cause health issues. Learn how to manage shedding, prevent hairballs, and keep your rabbit healthy.",163,,How To Manage Rabbit Molting: Tips and How To Help Your Pet,1,how-to-manage-rabbit-molting,True,True,False,False,False,False,False,False,3,316,2,,,,,,,,,,,,,,5.0
Editorial,Meta,Page title length is not ideal,https://www.chewy.com/education/small-pet/rabbit/what-do-rabbits-eat,True,Rewrite titles that are too short or too long while keeping the main topic clear.,28,What Do Rabbits Eat? | Chewy,28,Learn what rabbits can and can’t eat—and how to build a healthy daily diet.,75,,What Do Rabbits Eat?,1,what-do-rabbits-eat,True,True,False,False,False,False,False,False,7,328,2,,,,,,,,,,,,,,1.0
Editorial,Meta,Page title length is not ideal,https://www.chewy.com/education/dog/health-and-wellness/pet-wellness,True,Rewrite titles that are too short or too long while keeping the main topic clear.,66,"Pet Wellness: How to Help Your Pet Live a Long, Happy Life | Chewy",66,"We'll show you how to boost your pet's wellness and help them thrive, from getting enough exercise to helping them get better sleep and more.",141,most recommended pet wellness expert tips,"Pet Wellness Guide: How To Help Your Dog or Cat Live a Long, Healthy, Happy Life",1,pet-wellness,True,True,False,False,False,False,False,False,31,372,2,,,,,,,11,10,14.1,4,4,2,1,2.0
Editorial,Meta,Page title length is not ideal,https://www.chewy.com/education/dog/health-and-wellness/bordetella-vaccine-for-dogs,True,Rewrite titles that are too short or too long while keeping the main topic clear.,69,"Bordetella Vaccine for Dogs: Schedule, Side Effects, and Cost | Chewy",69,"Learn what the Bordetella vaccine for dogs protects against, which dogs need it, how often it’s given, possible side effects, and what to ask your vet.",151,kennel cough vaccine,"Bordetella Vaccine for Dogs: Schedule, Side Effects, and Cost",1,bordetella-vaccine-for-dogs,True,True,False,False,False,False,False,False,7,316,2,,,,,,,1,1,23.0,0,0,1,0,15.0
Editorial,Meta,Page title length is not ideal,https://www.chewy.com/education/dog/health-and-wellness/excessive-drooling-in-dogs,True,Rewrite titles that are too short or too long while keeping the main topic clear.,67,Excessive Drooling in Dogs: Why Is My Dog Drooling So Much? | Chewy,67,"Excessive drooling in dogs can be normal—or a sign of trouble. Discover common causes, home tips, and when it’s an emergency and you’ll need to call the vet.",157,,Excessive Drooling in Dogs: Why Is My Dog Drooling So Much?,1,excessive-drooling-in-dogs,True,True,False,False,False,False,False,False,11,348,2,needs,3121.0,good,0.045,,,,,,,,,,6.0
Editorial,Meta,Page title length is not ideal,https://www.chewy.com/education/dog/health-and-wellness/dog-joint-problems,True,Rewrite titles that are too short or too long while keeping the main topic clear.,77,Joint Problems in Dogs: Common Issues and How To Support Joint Health | Chewy,77,"Joint issues in dogs can affect comfort and mobility. Learn about arthritis, hip dysplasia, CCL injuries, treatment options, and prevention.",140,,Joint Problems in Dogs: Common Issues and How To Support Joint Health,1,dog-joint-problems,True,True,False,False,False,False,False,False,5,339,2,,,,,,,,,,,,,,2.0
Editorial,Meta,Page title length is not ideal,https://www.chewy.com/education/farm-animal/cow,True,Rewrite titles that are too short or too long while keeping the main topic clear.,25,Cow Education Hub | Chewy,25,"Learn how to care for pet, rescue, and hobby-farm cows with expert tips in the Cow Education Hub.",97,,Cow,1,cow,True,True,False,False,False,False,False,False,6,303,2,,,,,,,,,,,,,,1.0
Editorial,Meta,Page title length is not ideal,https://www.chewy.com/education/farm-animal/pig,True,Rewrite titles that are too short or too long while keeping the main topic clear.,67,"Pig Care Tips and Information on Feeding, Housing, and More | Chewy",67,"From housing to health, find reliable pig care information and tips to help you raise happy, healthy pigs. From the experts of Chewy Education.",143,,Pig,1,pig,True,True,False,False,False,False,False,False,7,304,2,,,,,,,,,,,,,,1.0
Editorial,Meta,Page title length is not ideal,https://www.chewy.com/education/farm-animal/sheep,True,Rewrite titles that are too short or too long while keeping the main topic clear.,27,Sheep Education Hub | Chewy,27,"From lambing to shearing, the Sheep Education Hub offers trusted care advice for flocks of all sizes.",101,,Sheep,1,sheep,True,True,False,False,False,False,False,False,6,303,2,,,,,,,,,,,,,,1.0
Editorial,Meta,Page title length is not ideal,https://www.chewy.com/education/farm-animal/chicken/can-chickens-eat-blueberries,True,Rewrite titles that are too short or too long while keeping the main topic clear.,66,Can Chickens Eat Blueberries? Safety Tips and Serving Size | Chewy,66,"Can chickens eat blueberries? Learn when blueberries are safe for chickens, how to serve them, and how much to offer as a treat.",128,can chickens have cranberries,Can Chickens Eat Blueberries?,1,can-chickens-eat-blueberries,True,True,False,False,False,False,False,False,9,317,2,,,,,,,1,1,23.0,0,0,1,0,9.0
Editorial,Meta,Page title length is not ideal,https://www.chewy.com/education/fish/saltwater-fish/how-to-care-for-a-pet-seahorse,True,Rewrite titles that are too short or too long while keeping the main topic clear.,70,How To Care for a Pet Seahorse: A Complete Guide for Beginners | Chewy,70,"Learn how to care for pet seahorses, including tank and diet requirements.",74,fresh water sea horse,How To Care for a Pet Seahorse: A Complete Guide for Beginners,1,how-to-care-for-a-pet-seahorse,True,True,False,False,False,False,False,False,26,335,2,,,,,,,5,5,14.5,1,2,1,1,12.0
Editorial,Meta,Page title length is not ideal,https://www.chewy.com/education/fish/saltwater-fish/pufferfish-teeth-care,True,Rewrite titles that are too short or too long while keeping the main topic clear.,29,Pufferfish Teeth Care | Chewy,29,"In captivity pufferfish rarely eat as much crunchy food as they do in the wild, and their teeth can grow faster than they are worn away.",136,pufferfish teeth,Pufferfish Teeth Care,1,pufferfish-teeth-care,True,True,False,False,False,False,False,False,2,307,2,,,,,,,3,3,5.67,3,0,0,0,3.0
Editorial,Meta,Page title length is not ideal,https://www.chewy.com/education/reptile-and-amphibian/bearded-dragon,True,Rewrite titles that are too short or too long while keeping the main topic clear.,70,"Bearded Dragon Care: Tips for Habitat, Diet, Heating, and More | Chewy",70,"Learn how to care for a bearded dragon with expert tips and reliable information on diet, lighting, habitat, and enrichment from Chewy Education.",145,can bearded dragons eat celery,Bearded Dragon,1,bearded-dragon,True,True,False,False,False,False,False,False,49,321,2,,,,,,,3,3,26.67,0,0,3,0,3.0
Editorial,Meta,Page title length is not ideal,https://www.chewy.com/education/reptile-and-amphibian/turtle-and-tortoise,True,Rewrite titles that are too short or too long while keeping the main topic clear.,75,"Turtle & Tortoise Care Tips and Information on Habitat, Diet & More | Chewy",75,"Learn turtle and tortoise care with expert tips and trusted information on feeding, lighting, hydration, and indoor habitat setup from Chewy Education.",151,new turtle and tortoise health and wellness,Turtle & Tortoise,1,turtle-and-tortoise,True,True,False,False,False,False,False,False,24,316,2,,,,,,,3,3,11.0,0,1,0,2,2.0
Editorial,Meta,Page title length is not ideal,https://www.chewy.com/education/reptile-and-amphibian/gecko,True,Rewrite titles that are too short or too long while keeping the main topic clear.,70,"Gecko Care Information: Humidity, Housing, Feeding Tips & More | Chewy",70,"Explore gecko care tips, expert information on lighting, diet, humidity, and more to help your pet thrive in a healthy, enriching environment.",142,chewy gecko,Gecko,1,gecko,True,True,False,False,False,False,False,False,13,306,2,,,,,,,2,2,6.5,1,1,0,0,1.0
Editorial,Meta,Page title length is not ideal,https://www.chewy.com/education/reptile-and-amphibian/snake,True,Rewrite titles that are too short or too long while keeping the main topic clear.,66,"Pet Snake Care Guides, Habitat Information, Feeding & More | Chewy",66,"Explore pet snake care guides and information to help with feeding, tank setup, humidity control, and general reptile care tips from Chewy Education.",149,,Pet Snake,1,snake,True,True,False,False,False,False,False,False,18,311,2,,,,,,,,,,,,,,1.0
Editorial,Meta,Page title length is not ideal,https://www.chewy.com/education/reptile-and-amphibian/turtle-and-tortoise/are-turtles-reptiles,True,Rewrite titles that are too short or too long while keeping the main topic clear.,29,Are Turtles Reptiles? | Chewy,29,Turtles live in water so you may wonder: are turtles reptiles? Here’s why they’re considered part of the reptile family.,120,,Are Turtles Reptiles?,1,are-turtles-reptiles,True,True,False,False,False,False,False,False,24,310,2,,,,,,,,,,,,,,21.0
Editorial,Meta,Page title length is not ideal,https://www.chewy.com/education/reptile-and-amphibian/snake/corn-snake-care-sheet,True,Rewrite titles that are too short or too long while keeping the main topic clear.,29,Corn Snake Care Sheet | Chewy,29,"Learn how to properly care for a pet corn snake, including habitat and diet requirements.",89,corn snake enclosure,Corn Snake Care Sheet,1,corn-snake-care-sheet,True,True,False,False,False,False,False,False,19,334,2,,,,,,,16,15,22.14,0,2,12,2,2.0
Editorial,Meta,Page title length is not ideal,https://www.chewy.com/education/reptile-and-amphibian/bearded-dragon/can-bearded-dragons-eat-celery,True,Rewrite titles that are too short or too long while keeping the main topic clear.,68,Can Bearded Dragons Eat Celery? Safety Tips and Serving Size | Chewy,68,"Can bearded dragons eat celery? Learn when celery is safe for bearded dragons, how much to offer, and how to serve it.",118,can bearded dragons eat celery,Can Bearded Dragons Eat Celery?,1,can-bearded-dragons-eat-celery,True,True,False,False,False,False,False,False,10,314,2,,,,,,,1,1,9.0,1,0,0,0,2.0
Editorial,Meta,Page title length is not ideal,https://www.chewy.com/education/reptile-and-amphibian/bearded-dragon/can-bearded-dragons-eat-cantaloupe,True,Rewrite titles that are too short or too long while keeping the main topic clear.,72,Can Bearded Dragons Eat Cantaloupe? Safety Tips and Serving Size | Chewy,72,"Can bearded dragons eat cantaloupe? Learn when cantaloupe is safe for bearded dragons, how much to offer, and how to serve it.",126,,Can Bearded Dragons Eat Cantaloupe?,1,can-bearded-dragons-eat-cantaloupe,True,True,False,False,False,False,False,False,6,314,2,,,,,,,,,,,,,,1.0
Editorial,Meta,Page title length is not ideal,https://www.chewy.com/education/reptile-and-amphibian/bearded-dragon/can-bearded-dragons-eat-blackberries,True,Rewrite titles that are too short or too long while keeping the main topic clear.,74,Can Bearded Dragons Eat Blackberries? Safety Tips and Serving Size | Chewy,74,"Can bearded dragons eat blackberries? Learn when blackberries are safe for bearded dragons, how much to offer, and how to serve them.",133,can bearded dragons eat blackberries,Can Bearded Dragons Eat Blackberries?,1,can-bearded-dragons-eat-blackberries,True,True,False,False,False,False,False,False,6,316,2,,,,,,,2,2,14.5,1,1,0,0,1.0
Editorial,Meta,Page title length is not ideal,https://www.chewy.com/education/reptile-and-amphibian/bearded-dragon/can-bearded-dragons-eat-cabbage,True,Rewrite titles that are too short or too long while keeping the main topic clear.,69,Can Bearded Dragons Eat Cabbage? Serving Size and Safety Tips | Chewy,69,Here’s how cabbage fits in—and how to serve it the right way.,61,can bearded dragons eat cabbage,Can Bearded Dragons Eat Cabbage?,1,can-bearded-dragons-eat-cabbage,True,True,False,False,False,False,False,False,6,314,2,,,,,,,1,1,9.0,1,0,0,0,3.0
Editorial,Meta,Page title length is not ideal,https://www.chewy.com/education/reptile-and-amphibian/bearded-dragon/can-bearded-dragons-eat-bell-peppers,True,Rewrite titles that are too short or too long while keeping the main topic clear.,74,Can Bearded Dragons Eat Bell Peppers? Safety Tips and Serving Size | Chewy,74,"Can bearded dragons eat bell peppers? Learn when bell peppers are safe for bearded dragons, how much to offer, and how to serve them.",133,can bearded dragons eat peppers,Can Bearded Dragons Eat Bell Peppers?,1,can-bearded-dragons-eat-bell-peppers,True,True,False,False,False,False,False,False,6,316,2,,,,,,,2,2,14.0,0,2,0,0,1.0
Editorial,Meta,Page title length is not ideal,https://www.chewy.com/education/reptile-and-amphibian/bearded-dragon/can-bearded-dragons-eat-eggs,True,Rewrite titles that are too short or too long while keeping the main topic clear.,66,Can Bearded Dragons Eat Eggs? Serving Size and Safety Tips | Chewy,66,"Can bearded dragons eat eggs? Learn when cooked eggs may be safe for bearded dragons, how much to offer, and why raw eggs should be avoided.",140,,Can Bearded Dragons Eat Eggs?,1,can-bearded-dragons-eat-eggs,True,True,False,False,False,False,False,False,6,319,2,,,,,,,,,,,,,,3.0
Editorial,Meta,Page title length is not ideal,https://www.chewy.com/education/reptile-and-amphibian/bearded-dragon/can-bearded-dragons-eat-raspberries,True,Rewrite titles that are too short or too long while keeping the main topic clear.,73,Can Bearded Dragons Eat Raspberries? Safety Tips and Serving Size | Chewy,73,"Learn when raspberries are safe for bearded dragons, how much to offer, and how to serve them.",94,can bearded dragons eat raspberries,Can Bearded Dragons Eat Raspberries?,1,can-bearded-dragons-eat-raspberries,True,True,False,False,False,False,False,False,6,314,2,,,,,,,1,1,9.0,1,0,0,0,2.0
Editorial,Meta,Page title length is not ideal,https://www.chewy.com/education/reptile-and-amphibian/bearded-dragon/can-bearded-dragons-eat-broccoli,True,Rewrite titles that are too short or too long while keeping the main topic clear.,70,Can Bearded Dragons Eat Broccoli? Safety Tips and Serving Size | Chewy,70,"Can bearded dragons eat broccoli? Learn when broccoli is safe for bearded dragons, how much to offer, and how to serve it.",122,can bearded dragons eat broccoli,Can Bearded Dragons Eat Broccoli?,1,can-bearded-dragons-eat-broccoli,True,True,False,False,False,False,False,False,7,317,2,,,,,,,1,1,7.0,1,0,0,0,1.0
Editorial,Meta,Page title length is not ideal,https://www.chewy.com/education/reptile-and-amphibian/bearded-dragon/can-bearded-dragons-eat-lettuce,True,Rewrite titles that are too short or too long while keeping the main topic clear.,69,Can Bearded Dragons Eat Lettuce? Safety Tips and Serving Size | Chewy,69,"Can bearded dragons eat lettuce? Learn which types of lettuce are safer for bearded dragons, how much to offer, and how to serve it.",132,can bearded dragons eat lettuce,Can Bearded Dragons Eat Lettuce?,1,can-bearded-dragons-eat-lettuce,True,True,False,False,False,False,False,False,6,314,2,,,,,,,3,2,12.0,1,2,0,0,7.0
Editorial,Meta,Page title length is not ideal,https://www.chewy.com/education/reptile-and-amphibian/bearded-dragon/can-bearded-dragons-eat-cilantro,True,Rewrite titles that are too short or too long while keeping the main topic clear.,70,Can Bearded Dragons Eat Cilantro? Safety Tips and Serving Size | Chewy,70,"Can bearded dragons eat cilantro? Learn when cilantro is safe for bearded dragons, how much to offer, and how to serve it.",122,can bearded dragons eat cilantro,Can Bearded Dragons Eat Cilantro?,1,can-bearded-dragons-eat-cilantro,True,True,False,False,False,False,False,False,6,318,2,,,,,,,1,1,4.0,1,0,0,0,1.0
Editorial,Meta,Page title length is not ideal,https://www.chewy.com/education/dog/flea-and-tick/what-you-need-to-know-about-lyme-disease-in-dogs-and-cats,True,Rewrite titles that are too short or too long while keeping the main topic clear.,70,"Lyme Disease in Dogs and Cats: Symptoms, Treatment, Prevention | Chewy",70,"Transmitted by ticks, Lyme disease in dogs and cats is a serious condition, making it vital for pet parents to understand the symptoms, treatment and prevention.",161,,Lyme Disease in Dogs and Cats Is Scary—But We Have to Talk About It,1,what-you-need-to-know-about-lyme-disease-in-dogs-and-cats,True,True,False,False,False,False,False,False,8,313,2,,,,,,,,,,,,,,1.0
Editorial,Meta,Page title length is not ideal,https://www.chewy.com/education/horse/health-and-wellness/horse-colic-symptoms-and-prevention,True,Rewrite titles that are too short or too long while keeping the main topic clear.,70,Colic in Horses: Symptoms and Treatment for a Horse with Colic | Chewy,70,"Colic is a common but potentially serious condition for horses. Find out how to identify the condition, and how to help a horse with colic.",139,,Colic in Horses: Symptoms and Treatment for a Horse with Colic,1,horse-colic-symptoms-and-prevention,True,True,False,False,False,False,False,False,40,310,2,,,,,,,,,,,,,,1.0
Editorial,Meta,Page title length is not ideal,https://www.chewy.com/education/horse/tack-and-stable/how-to-deshed-a-horse,True,Rewrite titles that are too short or too long while keeping the main topic clear.,29,How To Deshed a Horse | Chewy,29,Every horse has a shedding cycle. Help your equine friend feel their best by assisting with their shedding.,107,,"How To Deshed a Horse: Proven Tips for a Healthier, Shinier Coat",1,how-to-deshed-a-horse,True,False,False,False,False,False,False,False,8,330,2,,,,,,,,,,,,,,
Editorial,Meta,Page title length is not ideal,https://www.chewy.com/education/horse/health-and-wellness/best-calming-supplements-for-horses,True,Rewrite titles that are too short or too long while keeping the main topic clear.,80,How To Choose The Best Calming Supplements for Horses That Actually Work | Chewy,80,"Learn about common ingredients in horse calming supplements, including how to choose the right one for your horse.",114,horse calming supplements,How To Choose The Best Calming Supplements for Horses That Actually Work,1,best-calming-supplements-for-horses,True,True,False,False,False,False,False,False,5,316,2,,,,,,,4,4,12.0,1,2,0,1,12.0
Editorial,Meta,Page title length is not ideal,https://www.chewy.com/education/horse/health-and-wellness/best-treatments-for-thrush-in-horses,True,Rewrite titles that are too short or too long while keeping the main topic clear.,80,"The Best Treatments for Thrush in Horses: Prevention, Care, and Recovery | Chewy",80,Learn the signs of thrush in horses and how you can treat this pesky condition.,79,horse hoof thrush treatment,"The Best Treatments for Thrush in Horses: Prevention, Care, and Recovery",1,best-treatments-for-thrush-in-horses,True,True,False,False,False,False,False,False,6,326,2,,,,,,,1,1,,0,0,0,1,4.0
Editorial,Meta,Page title length is not ideal,https://www.chewy.com/education/horse/health-and-wellness/horse-weight-gain-supplements,True,Rewrite titles that are too short or too long while keeping the main topic clear.,69,How To Choose the Best Weight Gain Supplements for Your Horse | Chewy,69,Learn how you can help your horse gain weight with the use of supplements.,74,best weight gain horse feed,How To Choose the Best Weight Gain Supplements for Your Horse,1,horse-weight-gain-supplements,True,True,False,False,False,False,False,False,4,334,2,,,,,,,16,16,17.54,3,7,3,3,6.0
Editorial,Meta,Page title length is not ideal,https://www.chewy.com/education/small-pet/rat-and-mouse/mouse-care-sheet,True,Rewrite titles that are too short or too long while keeping the main topic clear.,24,Mouse Care Sheet | Chewy,24,Thinking about getting pet mice? Learn everything you need to know to care for them properly.,93,fancy mouse care,Mouse Care Sheet,1,mouse-care-sheet,True,True,False,False,False,False,False,False,35,330,2,,,,,,,7,7,15.67,2,2,2,1,3.0
Editorial,Meta,Page title length is not ideal,https://www.chewy.com/education/small-pet/rat-and-mouse/pet-rat-care-sheet,True,Rewrite titles that are too short or too long while keeping the main topic clear.,26,Pet Rat Care Sheet | Chewy,26,"Pet rats make wonderful companions. Learn how to properly take care of pet rats, including diet and habitat needs.",114,rat bedding litter and accessories,Pet Rat Care Sheet,1,pet-rat-care-sheet,True,True,False,False,False,False,False,False,35,328,2,,,,,,,3,3,23.0,0,0,2,1,3.0
Editorial,Meta,Page title length is not ideal,https://www.chewy.com/education/small-pet/rat-and-mouse/what-do-rats-eat,True,Rewrite titles that are too short or too long while keeping the main topic clear.,25,What Do Rats Eat? | Chewy,25,"Rats love to eat. But as a responsible pet parent, you may be wondering—what do rats eat? Learn about what rats can and cannot eat, and why.",140,what do rats eat,What Do Rats Eat?,1,what-do-rats-eat,True,True,False,False,False,False,False,False,35,310,2,,,,,,,13,11,18.58,4,1,7,1,28.0
Editorial,Meta,Page title length is not ideal,https://www.chewy.com/education/small-pet/rat-and-mouse/what-do-mice-eat,True,Rewrite titles that are too short or too long while keeping the main topic clear.,25,What Do Mice Eat? | Chewy,25,"If you're adopting a mouse, you may wonder, ""What do mice eat?"" Learn all about a mouse's diet and what they can (and can't) have.",130,what do mice eat,What Do Mice Eat?,1,what-do-mice-eat,True,True,False,False,False,False,False,False,4,316,2,,,,,,,15,15,11.87,7,6,2,0,77.0
Editorial,Meta,Page title length is not ideal,https://www.chewy.com/education/small-pet/rat-and-mouse/how-big-do-rats-get,True,Rewrite titles that are too short or too long while keeping the main topic clear.,28,How Big Do Rats Get? | Chewy,28,"How big do rats get? Before adopting a rat and gathering supplies for them, it's important to learn how large your new furry friend may get.",140,how big are rats,How Big Do Rats Get?,1,how-big-do-rats-get,True,True,False,False,False,False,False,False,5,314,2,,,,,,,1,1,15.0,0,1,0,0,28.0
Editorial,Meta,Page title length is not ideal,https://www.chewy.com/education/small-pet/rat-and-mouse/pet-rat,True,Rewrite titles that are too short or too long while keeping the main topic clear.,66,Pet Rats 101: A Beginner’s Guide to Keeping a Rat as a Pet | Chewy,66,"Thinking of adding a pet rat to your family? Find out how to care for them, with a checklist of everything rats need.",117,pet rat,Pet Rats 101: A Beginner’s Guide to Keeping a Rat as a Pet,1,pet-rat,True,True,False,False,False,False,False,False,9,329,2,good,2282.0,,,,,21,18,20.44,1,8,9,3,36.0
Editorial,Meta,Page title length is not ideal,https://www.chewy.com/education/small-pet/rat-and-mouse/pet-mice,True,Rewrite titles that are too short or too long while keeping the main topic clear.,68,Pet Mice 101: A Beginner’s Guide To Keeping a Mouse as a Pet | Chewy,68,Thinking of adding a mouse to your family? We’ve got everything you need to know about taking care of pet mice.,111,pet mouse,Pet Mice 101: A Beginner’s Guide To Keeping a Mouse as a Pet,1,pet-mice,True,True,False,False,False,False,False,False,8,327,2,,,,,,,26,25,15.58,7,9,8,2,66.0
Editorial,Meta,Page title length is not ideal,https://www.chewy.com/education/dog/general/french-dog-breeds,True,Rewrite titles that are too short or too long while keeping the main topic clear.,25,French Dog Breeds | Chewy,25,"Discover French dog breeds, including the French Bulldog, Briard, Papillon, and Dogue de Bordeaux. Learn about their origins, personalities, and the traits that make these French dogs unique.",191,french dog,14 French Dog Breeds That Are Très Chic,1,french-dog-breeds,True,True,False,False,False,False,False,False,404,356,2,,,,,,,4,3,5.0,4,0,0,0,18.0
Editorial,Meta,Page title length is not ideal,https://www.chewy.com/education/dog/general/german-pinscher-vs-doberman-pinscher,True,Rewrite titles that are too short or too long while keeping the main topic clear.,69,German Pinscher vs. Doberman Pinscher: What's the Difference? | Chewy,69,"Compare the German Pinscher and the Doberman Pinscher, two related working dogs, and learn which is best for you.",113,,German Pinscher vs. Doberman Pinscher: What’s the Difference?,1,german-pinscher-vs-doberman-pinscher,True,True,False,False,False,False,False,False,405,350,2,,,,,,,,,,,,,,14.0
Editorial,Meta,Page title length is not ideal,https://www.chewy.com/education/dog/general/mexican-dog-breeds,True,Rewrite titles that are too short or too long while keeping the main topic clear.,28,3 Mexican Dog Breeds | Chewy,28,"Learn about Mexican dog breeds, including the Chihuahua, Xoloitzcuintli, Calupoh, and more. Explore their histories, traits, and what makes these dogs unique.",158,,3 Mexican Dog Breeds With Fascinating Histories,1,mexican-dog-breeds,True,True,False,False,False,False,False,False,341,340,2,,,good,0.08,,,,,,,,,,15.0
Editorial,Meta,Page title length is not ideal,https://www.chewy.com/education/dog-breeds/belgian-sheepdog-groenendael,True,Rewrite titles that are too short or too long while keeping the main topic clear.,76,"Belgian Sheepdog (Groenendael) Breed: Characteristics, Care & Photos | Chewy",76,The Belgian Sheepdog is an active and smart dog breed from Belgium. Learn about Belgian Sheepdog puppies and dogs here.,119,,Belgian Sheepdog (Groenendael),1,belgian-sheepdog-groenendael,True,True,False,False,True,False,False,True,6,338,2,,,,,,,,,,,,,,51.0
Editorial,Meta,Page title length is not ideal,https://www.chewy.com/education/horse/feed-and-nutrition/horse-feeding,True,Rewrite titles that are too short or too long while keeping the main topic clear.,71,Horse Feeding: 8 Essential Things To Know + Equipment Checklist | Chewy,71,"How do you create a balanced diet for your equine companion? Read our guide to horse feeding—with tips, tricks, and the equipment you need.",139,horse feeding,Horse Feeding: 8 Essential Things To Know + Equipment Checklist,1,horse-feeding,True,True,False,False,False,False,False,False,25,321,2,,,,,,,1,1,14.0,0,1,0,0,1.0
Editorial,Meta,Page title length is not ideal,https://www.chewy.com/education/horse/feed-and-nutrition/how-much-hay-does-a-horse-eat,True,Rewrite titles that are too short or too long while keeping the main topic clear.,71,How Much Hay Does a Horse Eat? Choosing the Best Hay for Horses | Chewy,71,"With many types of horse hay to choose from, learn everything you need to know, including what to look for when buying hay for horses.",134,horse feed hay,How Much Hay Does a Horse Eat? Choosing the Best Hay for Horses,1,how-much-hay-does-a-horse-eat,True,True,False,False,False,False,False,False,13,318,2,,,,,,,8,8,14.0,4,1,2,1,14.0
Editorial,Meta,Page title length is not ideal,https://www.chewy.com/education/horse/feed-and-nutrition/no-bake-horse-cookies-recipe,True,Rewrite titles that are too short or too long while keeping the main topic clear.,66,This No-Bake Horse Cookie Recipe Is a Quick and Easy Treat | Chewy,66,"Add a fun and tasty treat to your horse's diet with these easy, vet-recommended no-bake horse treats you can make at home.",122,low sugar horse treats,This No-Bake Horse Cookie Recipe Is a Quick and Easy Treat,1,no-bake-horse-cookies-recipe,True,True,False,False,False,False,False,False,7,313,2,,,,,,,7,7,12.71,3,2,2,0,19.0
Editorial,Meta,Page title length is not ideal,https://www.chewy.com/education/horse/feed-and-nutrition/do-horses-eat-meat,True,Rewrite titles that are too short or too long while keeping the main topic clear.,27,Do Horses Eat Meat? l Chewy,27,Can horses eat meat? Here’s why meat is not a healthy choice.,61,can horses eat meat,Do Horses Eat Meat?,1,do-horses-eat-meat,True,True,False,False,False,False,False,False,31,329,2,,,,,,,1,1,6.0,1,0,0,0,3.0
Editorial,Meta,Page title length is not ideal,https://www.chewy.com/education/horse/feed-and-nutrition/best-horse-treats-of-2025,True,Rewrite titles that are too short or too long while keeping the main topic clear.,90,"Best Horse Treats 2026: Low-Sugar, Training, Pill-Hiding & More (Hands-On Testing) | Chewy",90,"With all the horse treats available to our equine friends, which ones are the best? We tested the top horse treats in every popular category.",141,,"11 Best Horse Treats of 2026, Tested and Reviewed",1,best-horse-treats-of,True,True,False,False,False,False,False,False,6,331,2,,,,,,,,,,,,,,1.0
Editorial,Meta,Page title length is not ideal,https://www.chewy.com/education/horse/feed-and-nutrition/what-do-horses-eat,True,Rewrite titles that are too short or too long while keeping the main topic clear.,27,What Do Horses Eat? | Chewy,27,Discover different kinds of horse feed and learn how to choose the best feed for your horse.,92,what do horses eat,What Do Horses Eat?,1,what-do-horses-eat,True,True,False,False,False,False,False,False,10,332,2,,,,,,,5,5,11.67,1,2,0,2,1.0
Editorial,Meta,Page title length is not ideal,https://www.chewy.com/education/horse/training-and-behavior/why-do-horses-roll,True,Rewrite titles that are too short or too long while keeping the main topic clear.,27,Why do horses roll? | Chewy,27,"Horses roll for many different reasons. Discover why your equine pal rolls, including when this behavior may indicate something is wrong.",137,,Why do horses roll?,1,why-do-horses-roll,True,True,False,False,False,False,False,False,5,335,2,,,,,,,,,,,,,,3.0
Editorial,Meta,Page title length is not ideal,https://www.chewy.com/education/cat/training-and-behavior/cat-tail-language-what-your-cats-tail-says-about-her-mood,True,Rewrite titles that are too short or too long while keeping the main topic clear.,85,Cat Tail Language: 10 Secret Messages Your Cat Is Sending You With Their Tail | Chewy,85,"What is your cat’s tail telling you? From signs of fear to loving signals, here’s how to decode your kitty’s cat tail language.",127,cat tail meanings,Cat Tail Language: 10 Secret Messages Your Cat Is Sending You With Their Tail,1,cat-tail-language-what-your-cats-tail-says-about-her-mood,True,True,False,False,False,False,False,False,16,318,2,needs,2780.0,good,0.09,,,4,4,15.25,0,4,0,0,47.0
Editorial,Meta,Page title length is not ideal,https://www.chewy.com/education/cat/training-and-behavior/why-do-cats-meow,True,Rewrite titles that are too short or too long while keeping the main topic clear.,25,Why Do Cats Meow? | Chewy,25,Why do cats meow? What are they trying to tell us? Learn the reasons for cat meowing with help from veterinarians.,114,why did my cats meow change,Why Do Cats Meow? Here’s What Your Kitty Might Be Saying,1,why-do-cats-meow,True,True,False,False,False,False,False,False,21,322,2,,,,,,,3,3,24.5,0,1,1,1,1.0
Editorial,Meta,Page title length is not ideal,https://www.chewy.com/education/horse/general,True,Rewrite titles that are too short or too long while keeping the main topic clear.,75,General Horse Information for New and Experienced Owners & More | Chewy.com,75,"Learn what it takes to own a horse with general horse information on daily care, breed differences, time commitment, and lifestyle compatibility.",145,,Horse General,1,general,True,True,False,False,False,False,False,False,42,326,2,,,,,,,,,,,,,,1.0
Editorial,Meta,Page title length is not ideal,https://www.chewy.com/education/horse/tack-and-stable/bell-boots-for-horses,True,Rewrite titles that are too short or too long while keeping the main topic clear.,29,Bell Boots for Horses | Chewy,29,"Wondering if your horse needs bell boots? Discover their benefits, common uses, and how to choose the best bell boots for your horse.",133,,Bell Boots for Horses: How To Tell If Your Horse Needs Them,1,bell-boots-for-horses,True,True,False,False,False,False,False,False,5,314,2,,,,,,,,,,,,,,2.0
Editorial,Meta,Page title length is not ideal,https://www.chewy.com/education/cat/food-and-nutrition/can-cats-eat-almonds,True,Rewrite titles that are too short or too long while keeping the main topic clear.,29,Can Cats Eat Almonds? | Chewy,29,"Can cats eat almonds? Learn why almonds aren't a good snack for cats, what risks to watch for, and what to do if your cat steals one.",133,,Can Cats Eat Almonds?,1,can-cats-eat-almonds,True,True,False,False,False,False,False,False,11,324,2,,,,,,,,,,,,,,8.0
Editorial,Meta,Page title length is not ideal,https://www.chewy.com/education/dog/training-and-behavior/clicker-training-for-dogs,True,Rewrite titles that are too short or too long while keeping the main topic clear.,66,Clicker Training for Dogs 101: Everything You Need To Know | Chewy,66,Using a clicker during dog training is a common positive reinforcement tactic. Get started with our guide to clicker training for dogs.,135,dog training clickers,Clicker Training for Dogs 101: Everything You Need To Know,1,clicker-training-for-dogs,True,True,False,False,False,False,False,False,31,315,2,,,,,,,7,7,17.83,0,6,0,1,20.0
Editorial,Meta,Page title length is not ideal,https://www.chewy.com/education/bird/canary-and-finch,True,Rewrite titles that are too short or too long while keeping the main topic clear.,70,"Canary & Finch Care: Feeding, Bonding, Maintenance Tips & More | Chewy",70,"Discover the essentials of finch and canary care, including diet, housing, and behavior, in this education hub. Learn how to care for canaries and finches with tips on cage setup, cleaning, feeding routines, and behavior for single or social birds.",248,canary and finch food,Canary & Finch,1,canary-and-finch,True,True,False,False,False,False,False,False,18,309,2,,,,,,,9,9,12.0,3,2,1,3,1.0
Editorial,Meta,Page title length is not ideal,https://www.chewy.com/education/bird/lovebird,True,Rewrite titles that are too short or too long while keeping the main topic clear.,66,"Lovebird Care Tips on Bonding, Behavior, Enrichment & More | Chewy",66,"Learn how to care for lovebirds with expert advice on diet, bonding, and behavioral enrichment. Discover how to care for a lovebird with tips on feeding, handling, housing, and managing common behaviors like biting or vocalizing.",229,,Lovebird,1,lovebird,True,True,False,False,False,False,False,False,15,306,2,,,,,,,,,,,,,,1.0
Editorial,Meta,Page title length is not ideal,https://www.chewy.com/education/bird/training-and-behavior,True,Rewrite titles that are too short or too long while keeping the main topic clear.,71,"Bird Training and Behavior Tips on Socialization, Habits & More | Chewy",71,"Explore bird training and behavior tips to handle biting, screaming, and bonding. Build trust and improve communication with your feathered friend.",147,,Bird Training & Behavior,1,training-and-behavior,True,True,False,False,False,False,False,False,20,311,2,,,,,,,,,,,,,,1.0
Editorial,Meta,Page title length is not ideal,https://www.chewy.com/education/bird/general,True,Rewrite titles that are too short or too long while keeping the main topic clear.,75,"General Bird Information on Species, Lifespan, Lifestyle & More | Chewy.com",75,"Explore general bird information on choosing the right pet, understanding species needs, and preparing your home and lifestyle for long-term ownership.",151,,Bird General,1,general,True,True,False,False,False,False,False,False,62,322,2,,,,,,,,,,,,,,1.0
Editorial,Meta,Page title length is not ideal,https://www.chewy.com/education/bird/parrot/what-do-parrots-eat,True,Rewrite titles that are too short or too long while keeping the main topic clear.,28,What Do Parrots Eat? | Chewy,28,What do parrots eat? Learn about parrot food and the healthy parrot diet here.,78,what do parrots eat,What Do Parrots Eat?,1,what-do-parrots-eat,True,True,False,False,False,False,False,False,30,323,2,,,,,,,5,5,20.6,0,2,3,0,5.0
Editorial,Meta,Page title length is not ideal,https://www.chewy.com/education/bird/canary-and-finch/canary-care-sheet,True,Rewrite titles that are too short or too long while keeping the main topic clear.,25,Canary Care Sheet | Chewy,25,Thinking about getting a pet canary? Learn everything you need to know to care for them properly.,97,supplies for your new canary or finch,Canary Care Sheet,1,canary-care-sheet,True,True,False,False,False,False,False,False,20,340,2,,,,,,,3,3,13.67,1,1,1,0,2.0
Editorial,Meta,Page title length is not ideal,https://www.chewy.com/education/bird/lovebird/all-about-lovebirds,True,Rewrite titles that are too short or too long while keeping the main topic clear.,27,All About Lovebirds | Chewy,27,"Learn about the three most popular lovebird species: peach-faced lovebirds, Fischer's lovebirds and the masked lovebirds.",121,love birds,All About Lovebirds,1,all-about-lovebirds,True,True,False,False,False,False,False,False,16,310,2,,,,,,,24,23,12.8,10,5,5,4,12.0
Editorial,Meta,Page title length is not ideal,https://www.chewy.com/education/bird/food-and-nutrition/do-birds-eat-flowers,True,Rewrite titles that are too short or too long while keeping the main topic clear.,29,Do Birds Eat Flowers? | Chewy,29,"Do birds eat flowers? Discover which blooms are safe for pet birds, which are toxic, and how flowers can add enrichment to a balanced diet.",139,do birds eat flowers,Do Birds Eat Flowers?,1,do-birds-eat-flowers,True,True,False,False,False,False,False,False,17,320,2,,,,,,,1,1,5.0,1,0,0,0,2.0
Editorial,Meta,Page title length is not ideal,https://www.chewy.com/education/bird/health-and-wellness/do-birds-sneeze,True,Rewrite titles that are too short or too long while keeping the main topic clear.,24,Do Birds Sneeze? | Chewy,24,"Do birds sneeze? Learn why birds sneeze, what's considered normal, common causes of sneezing, and when it's time to contact an avian veterinarian.",146,can birds sneeze,Do Birds Sneeze?,1,do-birds-sneeze,True,True,False,False,False,False,False,False,37,319,2,,,,,,,3,3,12.33,1,2,0,0,6.0
Editorial,Meta,Page title length is not ideal,https://www.chewy.com/education/bird/general/what-is-bird-molting,True,Rewrite titles that are too short or too long while keeping the main topic clear.,29,What Is Bird Molting? | Chewy,29,"Discover how bird molting can affect your pet, including how to tell if your bird is molting or if another problem is causing them to lose feathers.",148,amazon parrot molting,What Is Bird Molting?,1,what-is-bird-molting,True,True,False,False,False,False,False,False,7,319,2,,,,,,,13,12,14.3,0,10,0,3,1.0
Editorial,Meta,Page title length is not ideal,https://www.chewy.com/education/dog-breeds/greater-swiss-mountain-dog,True,Rewrite titles that are too short or too long while keeping the main topic clear.,72,"Greater Swiss Mountain Dog Breed: Characteristics, Care & Photos | Chewy",72,"If you're looking for a majestic yet warm breed, check out our complete Greater Swiss Mountain Dog guide. They might just be your dream dog.",140,greater swiss mountain dog,Greater Swiss Mountain Dog,1,greater-swiss-mountain-dog,True,True,False,False,True,False,False,True,9,327,2,good,2052.0,good,0.0,,,2,2,26.0,0,0,2,0,75.0
Editorial,Meta,Page title length is not ideal,https://www.chewy.com/education/dog/general/behavior-breeds-8-italian-dog-breeds,True,Rewrite titles that are too short or too long while keeping the main topic clear.,72,Say Ciao to These 14 Adorable Italian Dog Breeds (With Pictures) | Chewy,72,"From Bolognese to Cane Corso and beyond, these Italian dog breeds will have you feeling the amore.",98,italian dog breeds,Say Ciao to These 14 Adorable Italian Dog Breeds (With Pictures),1,behavior-breeds-8-italian-dog-breeds,True,True,False,False,False,False,False,False,4,319,2,needs,2840.0,good,0.08,,,4,3,2.67,3,0,0,1,89.0
Editorial,Meta,Page title length is not ideal,https://www.chewy.com/education/small-pet/hamster/do-hamsters-need-baths,True,Rewrite titles that are too short or too long while keeping the main topic clear.,67,Do Hamsters Need Baths? Here’s What Pet Parents Should Know | Chewy,67,"Do hamsters need baths? Learn why water bathing is discouraged, how a hamster sand bath keeps your pet clean, and when spot cleaning or vet care is necessary.",158,hamster bath vs bed,Do Hamsters Need Baths? Here’s What Pet Parents Should Know,1,do-hamsters-need-baths,True,True,False,False,False,False,False,False,56,315,2,,,,,,,3,3,18.5,1,0,1,1,35.0
Editorial,Meta,Page title length is not ideal,https://www.chewy.com/education/small-pet/hamster/what-does-normal-hamster-poop-look-like,True,Rewrite titles that are too short or too long while keeping the main topic clear.,69,What Does Normal Hamster Poop Look Like? A Pet Parent’s Guide | Chewy,69,"What does normal hamster poop look like? Learn what’s healthy, what’s not, and when changes in your hamster’s stool mean it’s time to call a vet.",145,,What Does Normal Hamster Poop Look Like? A Pet Parent’s Guide,1,what-does-normal-hamster-poop-look-like,True,True,False,False,False,False,False,False,8,310,2,,,,,,,,,,,,,,26.0
Editorial,Meta,Page title length is not ideal,https://www.chewy.com/education/small-pet/hamster/hamster-care-sheet,True,Rewrite titles that are too short or too long while keeping the main topic clear.,26,Hamster Care Sheet | Chewy,26,"Learn how to properly care for a pet hamsters, including habitat and diet requirements.",87,,Hamster Care Sheet,1,hamster-care-sheet,True,True,False,False,False,False,False,False,10,331,2,,,,,,,,,,,,,,2.0
Editorial,Meta,Page title length is not ideal,https://www.chewy.com/education/small-pet/hamster/how-to-hold-a-hamster,True,Rewrite titles that are too short or too long while keeping the main topic clear.,29,How To Hold a Hamster | Chewy,29,"Does your hamster like to be picked up? Here’s how to tell, plus how to hold them and make sure they feel secure during snuggles.",129,how to hold a hamster,Do Hamsters Like to Be Picked Up? How To Hold a Hamster,1,how-to-hold-a-hamster,True,True,False,False,False,False,False,False,7,330,2,,,,,,,2,2,3.5,2,0,0,0,60.0
Editorial,Meta,Page title length is not ideal,https://www.chewy.com/education/dog/food-and-nutrition/can-dogs-eat-eggs,True,Rewrite titles that are too short or too long while keeping the main topic clear.,26,Can Dogs Eat Eggs? | Chewy,26,"Eggs are a protein-packed snack, but can dogs eat eggs? Find out the benefits, risks, and how to safely serve eggs to your pup.",127,can dogs have eggs,Can Dogs Eat Eggs?,1,can-dogs-eat-eggs,True,True,False,False,False,False,False,False,17,324,2,,,,,,,7,6,8.0,4,2,0,1,117.0
Editorial,Meta,Page title length is not ideal,https://www.chewy.com/education/fish/fish-pond/aerating-a-pond,True,Rewrite titles that are too short or too long while keeping the main topic clear.,67,Ultimate How-To Guide on Aerating a Pond for Healthier Fish | Chewy,67,"Pond aeration adds oxygen to your water, which is necessary for fish and aquatic plants. Get tips on aerating a pond from pond experts.",135,discuss design considerations for installing pond aeration systems,Ultimate How-To Guide on Aerating a Pond for Healthier Fish,1,aerating-a-pond,True,True,False,False,False,False,False,False,21,313,2,,,,,,,2,2,9.0,1,0,0,1,9.0
Editorial,Meta,Page title length is not ideal,https://www.chewy.com/education/fish/fish-pond/filtering-a-pond,True,Rewrite titles that are too short or too long while keeping the main topic clear.,71,The Ultimate Guide To Filtering a Pond: Techniques and Products | Chewy,71,"How do you keep your pond water clean and safe for wildlife? Follow our guide to filtering a pond, with tips and tricks from pond experts.",138,pond filtration,The Ultimate Guide To Filtering a Pond: Techniques and Products,1,filtering-a-pond,True,True,False,False,False,False,False,False,22,318,2,,,,,,,3,3,20.0,0,1,2,0,1.0
Editorial,Meta,Page title length is not ideal,https://www.chewy.com/education/fish/fish-pond/concrete-pond,True,Rewrite titles that are too short or too long while keeping the main topic clear.,21,Concrete Pond | Chewy,21,Concrete ponds must be cured before they are safe for fish.,59,cement pond,Concrete Pond,1,concrete-pond,True,True,False,False,False,False,False,False,2,307,2,,,,,,,3,3,8.0,2,1,0,0,11.0
Editorial,Meta,Page title length is not ideal,https://www.chewy.com/education/cat/training-and-behavior/why-is-my-cat-acting-strange-after-i-come-home-from-vacation,True,Rewrite titles that are too short or too long while keeping the main topic clear.,69,Why Is My Cat Acting Strange After I Come Home From Vacation? | Chewy,69,"Your cat may act differently after vacation due to stress, routine changes, or unfamiliar scents. Learn what’s normal and when to call your vet.",144,cat behavior after returning home from vacation,Why Is My Cat Acting Strange After I Come Home From Vacation?,1,why-is-my-cat-acting-strange-after-i-come-home-from-vacation,True,True,False,False,False,False,False,False,158,329,2,good,1992.0,good,0.045000000000000005,,,3,3,3.0,3,0,0,0,27.0
Editorial,Meta,Page title length is not ideal,https://www.chewy.com/education/cat/general,True,Rewrite titles that are too short or too long while keeping the main topic clear.,72,"General Cat Information: Breed Traits, Ownership Tips & More | Chewy.com",72,"Discover general cat information on breed differences, home preparation, and key insights for a successful cat–human relationship from Chewy Education.",151,chewy cats,Cat General,1,general,True,True,False,False,False,False,False,False,183,328,2,,,,,,,6,6,13.67,0,6,0,0,1.0
Editorial,Meta,Page title length is not ideal,https://www.chewy.com/education/cat/food-and-nutrition/can-cats-eat-bananas,True,Rewrite titles that are too short or too long while keeping the main topic clear.,29,Can Cats Eat Bananas? | Chewy,29,"Bananas may be safe for cats in small amounts, but not all parts are OK. Find out how to feed bananas the right way and the risks.",130,can cats eat bananas,Can Cats Eat Bananas?,1,can-cats-eat-bananas,True,True,False,False,False,False,False,False,52,322,2,,,,,,,4,4,3.25,4,0,0,0,28.0
Editorial,Meta,Page title length is not ideal,https://www.chewy.com/education/cat/general/norwegian-forest-cat-vs-maine-coon,True,Rewrite titles that are too short or too long while keeping the main topic clear.,83,Norwegian Forest Cat vs. Maine Coon: Which Large Cat Breed Is Best for You? | Chewy,83,Learn the differences between Norwegian Forest Cats vs. Maine Coon cats and which breed is the best fit for your family.,120,,Norwegian Forest Cat vs. Maine Coon: Which Large Cat Breed Is Best for You?,1,norwegian-forest-cat-vs-maine-coon,True,True,False,False,False,False,False,False,156,341,2,,,,,,,,,,,,,,142.0
Editorial,Meta,Page title length is not ideal,https://www.chewy.com/education/cat/general/large-cat-breeds,True,Rewrite titles that are too short or too long while keeping the main topic clear.,24,Large Cat Breeds | Chewy,24,"Discover 10 large cat breeds known for their affectionate personalities, striking looks, and gentle temperaments—from Maine Coons to Ragdolls and Savannahs.",156,big cat breeds,10 Large Cat Breeds That Give You Lots to Love,1,large-cat-breeds,True,True,False,False,False,False,False,False,155,334,2,,,,,,,3,3,12.67,1,2,0,0,220.0
Editorial,Meta,Page title length is not ideal,https://www.chewy.com/education/fish/betta-fish/betta-fish-water-temperature,True,Rewrite titles that are too short or too long while keeping the main topic clear.,83,Best Betta Fish Water Temperature Guide: Ideal Range and How To Maintain It | Chewy,83,Thinking about getting pet betta fish? Learn which temperatures are required to keep these fish healthy.,104,betta fish temperature,Best Betta Fish Water Temperature Guide: Ideal Range and How To Maintain It,1,betta-fish-water-temperature,True,True,False,False,False,False,False,False,22,318,2,,,,,,,3,3,21.0,0,0,1,2,30.0
Editorial,Meta,Page title length is not ideal,https://www.chewy.com/education/fish/betta-fish/betta-fish-bubble-nest,True,Rewrite titles that are too short or too long while keeping the main topic clear.,68,Betta Fish Bubble Nest: What It Means and How To Care for It | Chewy,68,"Thinking about getting pet betta fish? Learn what size fish tank they need to live a full, healthy life.",104,betta bubble nest,Betta Fish Bubble Nest: What It Means and How To Care for It,1,betta-fish-bubble-nest,True,True,False,False,False,False,False,False,23,321,2,needs,3144.0,good,0.09,,,1,1,11.0,0,1,0,0,73.0
Editorial,Meta,Page title length is not ideal,https://www.chewy.com/education/fish/betta-fish/what-size-betta-fish-tank-do-i-need,True,Rewrite titles that are too short or too long while keeping the main topic clear.,77,What Size Betta Tank Do I Need? A Complete Betta Fish Tank Size Guide | Chewy,77,"Thinking about getting pet betta fish? Learn what size fish tank they need to live a full, healthy life.",104,betta fish tank,What Size Betta Tank Do I Need? A Complete Betta Fish Tank Size Guide,1,what-size-betta-fish-tank-do-i-need,True,True,False,False,False,False,False,False,21,319,2,,,,,,,28,27,9.46,16,7,1,4,131.0
Editorial,Meta,Page title length is not ideal,https://www.chewy.com/education/fish/betta-fish/betta-fish-fin-rot,True,Rewrite titles that are too short or too long while keeping the main topic clear.,26,Betta Fish Fin Rot | Chewy,26,"Wondering if your betta fish has fin rot? Learn the symptoms, causes, and treatment for betta fish fin rot, plus tips to prevent this common condition.",151,betta fin rot,"Betta Fish Fin Rot: Symptoms, Causes, and Treatment",1,betta-fish-fin-rot,True,True,False,False,False,False,False,False,23,334,2,good,2409.0,good,0.09,,,2,2,3.5,2,0,0,0,94.0
Editorial,Meta,Page title length is not ideal,https://www.chewy.com/education/dog-breeds/alaskan-klee-kai,True,Rewrite titles that are too short or too long while keeping the main topic clear.,66,"Alaskan Klee Kai Dog Breed: Characteristics, Care & Photos | Chewy",66,"Alaskan Klee Kai dogs look like mini Huskies and do best with attentive, active pet parents. Learn more about Alaskan Klee Kai puppies.",135,,Alaskan Klee Kai,1,alaskan-klee-kai,True,True,False,False,True,False,False,True,2,340,2,,,,,,,,,,,,,,20.0
Editorial,Meta,Page title length is not ideal,https://www.chewy.com/education/dog-breeds/american-staffordshire-terrier,True,Rewrite titles that are too short or too long while keeping the main topic clear.,76,"American Staffordshire Terrier Breed: Characteristics, Care & Photos | Chewy",76,The American Staffordshire Terrier is a popular breed with unique traits. Learn all the facts about this loyal dog in our American Staffordshire Terrier guide.,159,,American Staffordshire Terrier,1,american-staffordshire-terrier,True,True,False,False,True,False,False,True,16,347,2,,,,,,,,,,,,,,9.0
Editorial,Meta,Page title length is not ideal,https://www.chewy.com/education/dog-breeds/australian-cattle-dog,True,Rewrite titles that are too short or too long while keeping the main topic clear.,67,"Australian Cattle Dog Breed: Characteristics, Care & Photos | Chewy",67,"Also known as Blue Heelers, these high-energy dogs are always up for fun. Learn more about them in our complete Australian Cattle Dog guide.",140,blue heeler,Australian Cattle Dog,1,australian-cattle-dog,True,True,False,False,True,False,False,True,16,360,2,good,1895.0,good,0.03,,,3,3,,0,0,0,3,198.0
Editorial,Meta,Page title length is not ideal,https://www.chewy.com/education/dog-breeds/black-and-tan-coonhound,True,Rewrite titles that are too short or too long while keeping the main topic clear.,69,"Black and Tan Coonhound Breed: Characteristics, Care & Photos | Chewy",69,"Learn about the Black and Tan Coonhound, a skilled hunting dog with a friendly personality and exceptional tracking abilities.",126,,Black and Tan Coonhound,1,black-and-tan-coonhound,True,True,False,False,True,False,False,True,1,339,2,,,,,,,,,,,,,,2.0
Editorial,Meta,Page title length is not ideal,https://www.chewy.com/education/dog-breeds/black-russian-terrier,True,Rewrite titles that are too short or too long while keeping the main topic clear.,67,"Black Russian Terrier Breed: Characteristics, Care & Photos | Chewy",67,"Black Russian Terriers are big, fluffy dogs originally bred to work for the military. Learn if a Black Russian Terrier is the best fit for you.",143,,Black Russian Terrier,1,black-russian-terrier,True,True,False,False,True,False,False,True,1,338,2,,,,,,,,,,,,,,10.0
Editorial,Meta,Page title length is not ideal,https://www.chewy.com/education/dog-breeds/bouvier-des-flandres,True,Rewrite titles that are too short or too long while keeping the main topic clear.,66,"Bouvier des Flandres Breed: Characteristics, Care & Photos | Chewy",66,The Bouvier des Flandres is a hardworking breed of dog originating from Belgium. Learn all about this dog breed in our complete guide.,134,bouvier dog,Bouvier des Flandres,1,bouvier-des-flandres,True,True,False,False,True,False,False,True,9,331,2,,,,,,,2,2,30.0,0,0,1,1,85.0
Editorial,Meta,Page title length is not ideal,https://www.chewy.com/education/dog-breeds/cardigan-welsh-corgi,True,Rewrite titles that are too short or too long while keeping the main topic clear.,66,"Cardigan Welsh Corgi Breed: Characteristics, Care & Photos | Chewy",66,Cardigan Welsh Corgis are fun-loving and loyal. Learn more about this short-legged breed and get expert advice on how best to care for them.,140,cardigan welsh corgi,Cardigan Welsh Corgi,1,cardigan-welsh-corgi,True,True,False,False,True,False,False,True,8,320,2,,,,,,,1,1,,0,0,0,1,4.0
Editorial,Meta,Page title length is not ideal,https://www.chewy.com/education/dog-breeds/catahoula-leopard-dog,True,Rewrite titles that are too short or too long while keeping the main topic clear.,67,"Catahoula Leopard Dog Breed: Characteristics, Care & Photos | Chewy",67,The Catahoula Leopard Dog is a working breed from Louisiana. Learn if the independent and athletic Catahoula Dog is right for your family.,138,catahoula leopard dog,Catahoula Leopard Dog,1,catahoula-leopard-dog,True,True,False,False,True,False,False,True,3,341,2,,,,,,,3,3,25.33,0,0,3,0,64.0
Editorial,Meta,Page title length is not ideal,https://www.chewy.com/education/dog-breeds/cavalier-king-charles-spaniel,True,Rewrite titles that are too short or too long while keeping the main topic clear.,75,"Cavalier King Charles Spaniel Breed: Characteristics, Care & Photos | Chewy",75,"From their grooming needs to their history, learn all about this playful dog breed in our complete Cavalier King Charles Spaniel guide.",135,cavalier king charles spaniel,Cavalier King Charles Spaniel,1,cavalier-king-charles-spaniel,True,True,False,False,True,False,False,True,27,366,2,good,1922.0,good,0.02,,,1,1,,0,0,0,1,149.0
Editorial,Meta,Page title length is not ideal,https://www.chewy.com/education/dog-breeds/english-cocker-spaniel,True,Rewrite titles that are too short or too long while keeping the main topic clear.,68,"English Cocker Spaniel Breed: Characteristics, Care & Photos | Chewy",68,English Cocker Spaniels are easy-going family dogs. Learn more about this cheerful and affectionate breed and get expert advice on how best to care for them.,157,black english cocker spaniel,English Cocker Spaniel,1,english-cocker-spaniel,True,True,False,False,True,False,False,True,9,341,2,,,,,,,2,2,13.0,0,1,0,1,39.0
Editorial,Meta,Page title length is not ideal,https://www.chewy.com/education/dog-breeds/english-springer-spaniel,True,Rewrite titles that are too short or too long while keeping the main topic clear.,70,"English Springer Spaniel Breed: Characteristics, Care & Photos | Chewy",70,Want to learn more about the very active English Springer Spaniel? Our complete English Springer Spaniel guide has the scoop.,125,english spaniel,English Springer Spaniel,1,english-springer-spaniel,True,True,False,False,True,False,False,True,8,330,2,,,,,,,1,1,17.0,0,1,0,0,36.0
Editorial,Meta,Page title length is not ideal,https://www.chewy.com/education/dog-breeds/entlebucher-mountain-dog,True,Rewrite titles that are too short or too long while keeping the main topic clear.,70,"Entlebucher Mountain Dog Breed: Characteristics, Care & Photos | Chewy",70,The Entlebucher is a devoted companion. Get all the facts about this breed in our complete Entlebucher Mountain Dog guide.,122,,Entlebucher Mountain Dog,1,entlebucher-mountain-dog,True,True,False,False,True,False,False,True,5,322,2,,,,,,,,,,,,,,2.0
Editorial,Meta,Page title length is not ideal,https://www.chewy.com/education/dog-breeds/flat-coated-retriever,True,Rewrite titles that are too short or too long while keeping the main topic clear.,67,"Flat-Coated Retriever Breed: Characteristics, Care & Photos | Chewy",67,"Full of puppy-like energy, the Flat-Coated Retriever is always ready for outdoor adventures. Get the facts in our Flat-Coated Retriever guide.",142,flatcoated retriever,Flat-Coated Retriever,1,flat-coated-retriever,True,True,False,False,True,False,False,True,7,328,2,,,,,,,1,1,28.0,0,0,1,0,70.0
Editorial,Meta,Page title length is not ideal,https://www.chewy.com/education/dog-breeds/german-shorthaired-pointer,True,Rewrite titles that are too short or too long while keeping the main topic clear.,72,"German Shorthaired Pointer Breed: Characteristics, Care & Photos | Chewy",72,Looking for facts and information on German Shorthaired Pointers? Learn all about this dog breed in our German Shorthaired Pointer guide.,137,german shorthaired pointer,German Shorthaired Pointer,1,german-shorthaired-pointer,True,True,False,False,True,False,False,True,13,342,2,,,,,,,2,2,29.0,0,0,2,0,76.0
Editorial,Meta,Page title length is not ideal,https://www.chewy.com/education/dog-breeds/german-wirehaired-pointer,True,Rewrite titles that are too short or too long while keeping the main topic clear.,71,"German Wirehaired Pointer Breed: Characteristics, Care & Photos | Chewy",71,Want to learn more about this loyal pup with serious heart? Find out more in our complete German Wirehaired Pointer guide.,122,,German Wirehaired Pointer,1,german-wirehaired-pointer,True,True,False,False,True,False,False,True,9,323,2,good,2300.0,good,0.0,,,,,,,,,,81.0
Editorial,Meta,Page title length is not ideal,https://www.chewy.com/education/dog-breeds/miniature-american-shepherd,True,Rewrite titles that are too short or too long while keeping the main topic clear.,73,"Miniature American Shepherd Breed: Characteristics, Care & Photos | Chewy",73,"Learn all about the Miniature American Shepherd—a small, smart, and energetic dog who thrives on activity, training, and strong bonds with their family.",152,mini australian shepherd,Miniature American Shepherd,1,miniature-american-shepherd,True,True,False,False,True,False,False,True,2,335,2,,,,,,,3,3,22.5,0,1,1,1,61.0
Editorial,Meta,Page title length is not ideal,https://www.chewy.com/education/dog-breeds/nederlandse-kooikerhondje,True,Rewrite titles that are too short or too long while keeping the main topic clear.,71,"Nederlandse Kooikerhondje Breed: Characteristics, Care & Photos | Chewy",71,The Nederlandse Kooikerhondje is a rare dog who's stealing hearts. Check out all the facts in our complete Nederlandse Kooikerhondje guide.,139,kooikerhondje dog,Nederlandse Kooikerhondje,1,nederlandse-kooikerhondje,True,True,False,False,True,False,False,True,6,326,2,,,,,,,2,2,22.0,0,0,1,1,6.0
Editorial,Meta,Page title length is not ideal,https://www.chewy.com/education/dog-breeds/nova-scotia-duck-tolling-retriever,True,Rewrite titles that are too short or too long while keeping the main topic clear.,80,"Nova Scotia Duck Tolling Retriever Breed: Characteristics, Care & Photos | Chewy",80,Nova Scotia Duck Tolling Retrievers love adventure. Learn more about this energetic breed and get expert advice on how best to care for them.,141,nova scotia duck tolling retriever,Nova Scotia Duck Tolling Retriever,1,nova-scotia-duck-tolling-retriever,True,True,False,False,True,False,False,True,9,334,2,,,,,,,2,2,28.5,0,0,2,0,23.0
Editorial,Meta,Page title length is not ideal,https://www.chewy.com/education/dog-breeds/old-english-sheepdog,True,Rewrite titles that are too short or too long while keeping the main topic clear.,66,"Old English Sheepdog Breed: Characteristics, Care & Photos | Chewy",66,The Old English Sheepdog is a great family pet. Get the information you need about this pup in our complete Old English Sheepdog guide.,135,old english sheepdog,Old English Sheepdog,1,old-english-sheepdog,True,True,False,False,True,False,False,True,16,352,2,,,,,,,2,2,29.5,0,0,2,0,29.0
Editorial,Meta,Page title length is not ideal,https://www.chewy.com/education/dog-breeds/patterdale-terrier,True,Rewrite titles that are too short or too long while keeping the main topic clear.,68,"Patterdale Terrier Dog Breed: Characteristics, Care & Photos | Chewy",68,"Learn about the Patterdale Terrier, a rambunctious dog with lots of energy. Discover temperament, care needs, and tips to decide if this breed is right for you.",160,patterdale terrier,Patterdale Terrier,1,patterdale-terrier,True,True,False,False,True,False,False,True,1,340,2,,,,,,,2,2,16.5,0,2,0,0,6.0
Editorial,Meta,Page title length is not ideal,https://www.chewy.com/education/dog-breeds/portuguese-water-dog,True,Rewrite titles that are too short or too long while keeping the main topic clear.,66,"Portuguese Water Dog Breed: Characteristics, Care & Photos | Chewy",66,"Portuguese Water Dogs were bred to assist fishermen. They're highly energetic and loyal, and make fun companions for active pet parents.",136,portuguese water dog,Portuguese Water Dog,1,portuguese-water-dog,True,True,False,False,True,False,False,True,11,344,2,good,1755.0,good,0.03,,,2,2,,0,0,0,2,57.0
Editorial,Meta,Page title length is not ideal,https://www.chewy.com/education/dog-breeds/russian-tsvetnaya-bolonka,True,Rewrite titles that are too short or too long while keeping the main topic clear.,71,"Russian Tsvetnaya Bolonka Breed: Characteristics, Care & Photos | Chewy",71,"Learn about the Russian Tsvetnaya Bolonka, a small, affectionate lapdog. Discover temperament, care needs, and tips to decide if this breed is right for you.",157,,Russian Tsvetnaya Bolonka,1,russian-tsvetnaya-bolonka,True,True,False,False,True,False,False,True,1,335,2,,,,,,,,,,,,,,6.0
Editorial,Meta,Page title length is not ideal,https://www.chewy.com/education/dog-breeds/scottish-terrier,True,Rewrite titles that are too short or too long while keeping the main topic clear.,74,"Scottish Terrier Scottish Terrier: Characteristics, Care, & Photos | Chewy",74,"Scottish Terriers, or Scotties, are an energetic terrier with an independent personality. Learn to care for Scottie puppies and dogs.",133,scottie terrier,Scottish Terrier,1,scottish-terrier,True,True,False,False,True,False,False,True,5,326,2,,,,,,,3,2,24.0,0,0,1,2,41.0
Editorial,Meta,Page title length is not ideal,https://www.chewy.com/education/dog-breeds/soft-coated-wheaten-terrier,True,Rewrite titles that are too short or too long while keeping the main topic clear.,73,"Soft Coated Wheaten Terrier Breed: Characteristics, Care & Photos | Chewy",73,Soft Coated Wheaten Terriers are fluffy dogs with lots of energy. Learn if a Soft Coated Wheaten Terrier dog is best for you.,125,best food for soft coated wheaten terrier puppy,Soft Coated Wheaten Terrier,1,soft-coated-wheaten-terrier,True,True,False,False,True,False,False,True,2,336,2,,,,,,,1,1,,0,0,0,1,8.0
Editorial,Meta,Page title length is not ideal,https://www.chewy.com/education/dog-breeds/teddy-roosevelt-terrier,True,Rewrite titles that are too short or too long while keeping the main topic clear.,69,"Teddy Roosevelt Terrier Breed: Characteristics, Care & Photos | Chewy",69,"Learn about the Teddy Roosevelt Terrier temperament, size, care needs, and health to decide if this loyal, energetic dog is right for you.",138,,Teddy Roosevelt Terrier,1,teddy-roosevelt-terrier,True,True,False,False,True,False,False,True,3,333,2,,,,,,,,,,,,,,23.0
Editorial,Meta,Page title length is not ideal,https://www.chewy.com/education/dog-breeds/treeing-walker-coonhound,True,Rewrite titles that are too short or too long while keeping the main topic clear.,70,"Treeing Walker Coonhound Breed: Characteristics, Care & Photos | Chewy",70,Treeing Walker Coonhounds are highly active dogs originally bred for hunting. Learn if a Treeing Walker Coonhound dog is right for you.,135,treeing walker coonhound,Treeing Walker Coonhound,1,treeing-walker-coonhound,True,True,False,False,True,False,False,True,3,339,2,,,,,,,1,1,30.0,0,0,1,0,1.0
Editorial,Meta,Page title length is not ideal,https://www.chewy.com/education/dog-breeds/welsh-springer-spaniel,True,Rewrite titles that are too short or too long while keeping the main topic clear.,68,"Welsh Springer Spaniel Breed: Characteristics, Care & Photos | Chewy",68,"Brains, good looks, and athleticism—this dog has all the traits you're looking for! Learn more in our complete Welsh Springer Spaniel guide.",140,welsh springer spaniel,Welsh Springer Spaniel,1,welsh-springer-spaniel,True,True,False,False,True,False,False,True,7,318,2,,,,,,,3,3,19.33,0,2,1,0,23.0
Editorial,Meta,Page title length is not ideal,https://www.chewy.com/education/dog-breeds/west-highland-white-terrier,True,Rewrite titles that are too short or too long while keeping the main topic clear.,73,"West Highland White Terrier Breed: Characteristics, Care & Photos | Chewy",73,"Adorable and feisty, the Westie has an unmistakable look and personality. Get the facts in our West Highland White Terrier guide.",129,west highland terrier,West Highland White Terrier,1,west-highland-white-terrier,True,True,False,False,True,False,False,True,13,321,2,,,,,,,3,3,25.33,0,0,3,0,37.0
Editorial,Meta,Page title length is not ideal,https://www.chewy.com/education/dog-breeds/wirehaired-pointing-griffon,True,Rewrite titles that are too short or too long while keeping the main topic clear.,77,"Wirehaired Pointing Griffon Dog Breed: Characteristics, Care & Photos | Chewy",77,"Meet the Wirehaired Pointing Griffon, a smart, energetic sporting dog with a wiry coat and affectionate personality. Learn about Griffon dog temperament, grooming, exercise needs, and what to expect from Wirehaired Pointing Griffon puppies.",240,,Wirehaired Pointing Griffon,1,wirehaired-pointing-griffon,True,True,False,False,True,False,False,True,1,335,2,,,,,,,,,,,,,,42.0
Editorial,Meta,Page title length is not ideal,https://www.chewy.com/education/horse/tack-and-stable/horse-blanket-guide,True,Rewrite titles that are too short or too long while keeping the main topic clear.,66,Horse Blanket Guide: How To Choose the Best Horse Blankets | Chewy,66,"Learn about the different types of horse blankets available for your horse, including how to determine which blankets your horse needs.",135,best horse blankets for winter,Horse Blanket Guide: How To Choose the Best Horse Blankets,1,horse-blanket-guide,True,True,False,False,False,False,False,False,9,323,2,,,,,,,7,7,18.0,0,3,1,3,1.0
Editorial,Meta,Page title length is not ideal,https://www.chewy.com/education/horse/tack-and-stable/supplies-for-a-horse,True,Rewrite titles that are too short or too long while keeping the main topic clear.,67,The 40 Best Supplies for a Horse: New Horse Owner Checklist | Chewy,67,What kind of gear does a first-time equestrian need? We’ve got the ultimate checklist of supplies for a horse.,110,horse equipment list,The 40 Best Supplies for a Horse: New Horse Owner Checklist,1,supplies-for-a-horse,True,True,False,False,False,False,False,False,5,355,2,,,,,,,4,4,14.5,1,3,0,0,5.0
Editorial,Meta,Page title length is not ideal,https://www.chewy.com/education/fish/freshwater-fish/getting-rid-of-ich-on-fish-and-aquariums,True,Rewrite titles that are too short or too long while keeping the main topic clear.,70,"Ich Fish Disease (White Spot): Symptoms, Causes, and Treatment | Chewy",70,"Ich fish disease, or white spot, is a common freshwater fish illness. Learn its causes, symptoms, and the most effective treatment options. By Stephanie Osmanski",161,ick fish,"Ich Fish Disease (White Spot): Symptoms, Causes, and Treatment",1,getting-rid-of-ich-on-fish-and-aquariums,True,True,False,False,False,False,False,False,18,324,2,poor,4038.0,good,0.09,,,8,7,19.8,0,3,2,3,27.0
Editorial,Meta,Page title length is not ideal,https://www.chewy.com/education/fish/freshwater-fish/the-altum-angelfish,True,Rewrite titles that are too short or too long while keeping the main topic clear.,27,The Altum Angelfish | Chewy,27,These wild angelfish may be the challenge you've been looking for.,66,altum angelfish,The Altum Angelfish,1,the-altum-angelfish,True,True,False,False,False,False,False,False,4,306,2,,,,,,,1,1,13.0,0,1,0,0,7.0
Editorial,Meta,Page title length is not ideal,https://www.chewy.com/education/fish/freshwater-fish/the-gold-severum,True,Rewrite titles that are too short or too long while keeping the main topic clear.,24,The Gold Severum | Chewy,24,The gold severum is a beautiful and peaceful cichlid.,53,severum,The Gold Severum,1,the-gold-severum,True,True,False,False,False,False,False,False,6,306,2,,,,,,,3,3,15.0,1,1,1,0,20.0
Editorial,Meta,Page title length is not ideal,https://www.chewy.com/education/fish/freshwater-fish/demystifying-the-varying-degrees-of-swordtails-and-platies,True,Rewrite titles that are too short or too long while keeping the main topic clear.,66,Demystifying The Varying Degrees Of Swordtails And Platies | Chewy,66,Swordtails and platies are hardy and beautiful aquarium residents.,66,platy fish varieties,Demystifying The Varying Degrees Of Swordtails And Platies,1,demystifying-the-varying-degrees-of-swordtails-and-platies,True,True,False,False,False,False,False,False,4,308,2,,,,,,,3,3,8.0,2,1,0,0,20.0
Editorial,Meta,Page title length is not ideal,https://www.chewy.com/education/fish/general,True,Rewrite titles that are too short or too long while keeping the main topic clear.,66,"General Fish Information: Aquarium Basics, Tips & More | Chewy.com",66,"Explore general fish keeping info including choosing starter fish, setting up a tank, and creating a balanced aquatic environment.",130,chewy fish tank,Fish General,1,general,True,True,False,False,False,False,False,False,101,328,2,,,,,,,1,1,,0,0,0,1,1.0
Editorial,Meta,Page title length is not ideal,https://www.chewy.com/education/fish/general/killifish-care-sheet,True,Rewrite titles that are too short or too long while keeping the main topic clear.,28,Killifish Care Sheet | Chewy,28,Thinking about getting a killifish as a pet fish? Learn everything you need to know to care for them properly.,110,killifish,Killifish Care Sheet,1,killifish-care-sheet,True,True,False,False,False,False,False,False,105,335,2,,,,,,,8,8,6.14,6,1,0,1,8.0
Editorial,Meta,Page title length is not ideal,https://www.chewy.com/education/fish/general/lionfish-care-sheet,True,Rewrite titles that are too short or too long while keeping the main topic clear.,27,Lionfish Care Sheet | Chewy,27,Thinking about getting a pet lionfish? Learn everything you need to know to care for them properly.,99,lionfish care,Lionfish Care Sheet,1,lionfish-care-sheet,True,True,False,False,False,False,False,False,6,323,2,,,,,,,4,4,15.67,0,3,0,1,1.0
Editorial,Meta,Page title length is not ideal,https://www.chewy.com/education/fish/general/arowana-care-sheet,True,Rewrite titles that are too short or too long while keeping the main topic clear.,26,Arowana Care Sheet | Chewy,26,Thinking about getting pet arowana? Learn everything you need to know to care for them properly.,96,arowana filtration,Arowana Care Sheet,1,arowana-care-sheet,True,True,False,False,False,False,False,False,6,315,2,,,,,,,4,4,12.67,1,2,0,1,2.0
Editorial,Meta,Page title length is not ideal,https://www.chewy.com/education/cat/pet-parenting/choose-pet-carrier,True,Rewrite titles that are too short or too long while keeping the main topic clear.,66,Pet Carriers: Dog Carrier and Cat Carrier Options and Uses | Chewy,66,"From hard to soft, from travel to style, explore the many pet carriers available to find the perfect dog carrier or cat carrier for your four-legged family.",156,chewy cat carrier,Pet Carriers: How to Choose the Perfect Carrier for Your Pet,1,choose-pet-carrier,True,True,False,False,False,False,False,False,4,309,3,,,,,,,5,5,7.2,4,0,1,0,8.0
Editorial,Meta,Page title length is not ideal,https://www.chewy.com/education/cat/pet-parenting/pet-parenting-travel-how-to-cope-with-the-anxiety-of-leaving-your-pet-when-you-go-away,True,Rewrite titles that are too short or too long while keeping the main topic clear.,78,How to Cope With Anxiety About Leaving Your Cat or Dog When You Travel | Chewy,78,Do you feel separation anxiety from leaving your dog or anxiety about leaving your cat when you travel? Here’s how to cope.,123,i feel bad leaving my cat for vacation,Coping with the Anxiety of Leaving Your Cat or Dog When You Go Away,1,pet-parenting-travel-how-to-cope-with-the-anxiety-of-leaving-your-pet-when-you-go-away,True,True,False,False,False,False,False,False,4,312,3,,,,,,,2,2,6.5,2,0,0,0,8.0
Editorial,Meta,Page title length is not ideal,https://www.chewy.com/education/cat/general/signs-your-cat-is-cold,True,Rewrite titles that are too short or too long while keeping the main topic clear.,79,7 Signs Your Cat Is Cold | ChewySpot the signs so you can keep your kitty safe.,79,"Learn how to tell if your cat is cold, which signs are serious, and what pet parents can do to keep cats safe and warm in cold weather.",135,,7 Signs Your Cat Is Cold,1,signs-your-cat-is-cold,True,True,False,False,False,False,False,False,5,335,3,,,,,,,,,,,,,,40.0
Editorial,Meta,Page title length is not ideal,https://www.chewy.com/education/bird/general/cockatiel-care-sheet,True,Rewrite titles that are too short or too long while keeping the main topic clear.,28,Cockatiel Care Sheet | Chewy,28,"Learn how to properly care for a pet cockatiels, including habitat and diet requirements.",89,cockatiel supplies,Cockatiel Care Sheet,1,cockatiel-care-sheet,True,True,False,False,False,False,False,False,10,328,3,,,,,,,2,2,26.5,0,0,2,0,1.0
Editorial,Meta,Page title length is not ideal,https://www.chewy.com/education/bird/general/how-to-pet-a-bird,True,Rewrite titles that are too short or too long while keeping the main topic clear.,25,How To Pet a Bird | Chewy,25,Bird petting can be a bonding moment for you and your feathered friend. Here’s how to pet a bird correctly.,107,how to pet a bird,How To Pet a Bird the Right Way,1,how-to-pet-a-bird,True,True,False,False,False,False,False,False,4,316,3,,,,,,,2,1,11.5,1,1,0,0,6.0
Editorial,Meta,Page title length is not ideal,https://www.chewy.com/education/dog/general/chewy-claus-wishes,True,Rewrite titles that are too short or too long while keeping the main topic clear.,91,"Chewy Claus 2024 Recap: A Therapy Dog Bestie, A Pony Party, and More Wishes Granted | Chewy",91,"In 2024, Chewy Claus made wishes come true—including a weekend of free pet adoptions and massive food donations.",112,chewy wish list,"Chewy Claus 2024 Recap: A Therapy Dog Bestie, A Pony Party, and More Wishes Granted",1,chewy-claus-wishes,True,True,False,False,False,False,False,False,18,311,3,,,,,,,2,2,7.0,2,0,0,0,3.0
Editorial,Meta,Page title length is not ideal,https://www.chewy.com/education/author/hannah-hart,True,Rewrite titles that are too short or too long while keeping the main topic clear.,29,"Hannah Hart, DVM | PetMD Vets",29,"Article and Pet Health and Care Advice from Hannah Hart, DVM at PetMD.",70,,Hannah Hart,1,hannah-hart,True,True,False,False,False,False,False,False,136,306,3,,,,,,,,,,,,,,1.0
Editorial,Meta,Page title length is not ideal,https://www.chewy.com/education/dog/general/hypoallergenic-dogs,True,Rewrite titles that are too short or too long while keeping the main topic clear.,67,The 17 Best ‘Hypoallergenic’ Dogs for People With Allergies | Chewy,67,Hypoallergenic dogs don’t shed a lot and can be a good fit for people with allergies. Here are the best hypoallergenic dog breeds.,130,best hypoallergenic dog breed,The 17 Best ‘Hypoallergenic’ Dogs for People With Allergies,1,hypoallergenic-dogs,True,True,False,False,False,False,False,False,67,349,3,good,2095.0,good,0.05,,,1,1,23.0,0,0,1,0,38.0
Editorial,Meta,Page title length is not ideal,https://www.chewy.com/education/cat/general/behavior-breeds-snowshoe-cat-breed,True,Rewrite titles that are too short or too long while keeping the main topic clear.,26,Snowshoe Cat Breed | Chewy,26,"Learn about Snowshoe cats and read up on the breed's personality, size and history.",83,snow shoe cat,Snowshoe Cat Breed,1,behavior-breeds-snowshoe-cat-breed,True,True,False,False,False,False,False,False,4,307,3,,,,,,,3,3,7.67,2,1,0,0,14.0
Editorial,Meta,Page title length is not ideal,https://www.chewy.com/education/dog/grooming/grooming-a-dog-with-clippers,True,Rewrite titles that are too short or too long while keeping the main topic clear.,73,Grooming a Dog With Clippers: How to Give a Dog a Haircut at Home | Chewy,73,Grooming a dog with clippers is no easy feat. Follow this guide from a pro groomer to give your dog a haricut at home safely.,125,how to cut dogs hair,A Beginner’s Guide to Grooming a Dog With Clippers at Home,1,grooming-a-dog-with-clippers,True,True,False,False,False,False,False,False,14,317,3,,,,,,,3,3,13.67,0,3,0,0,8.0
Editorial,Meta,Page title length is not ideal,https://www.chewy.com/education/dog/general/decoding-dogs-body-language,True,Rewrite titles that are too short or too long while keeping the main topic clear.,67,Dog Body Language: 28 Things Your Dog Is Trying to Tell You | Chewy,67,Dogs’ body language can reveal a lot about how they're feeling. Learn about dog body postures and what they mean with insights from experts.,140,dog body language,Dog Body Language: 28 Things Your Dog Is Trying To Tell You,1,decoding-dogs-body-language,True,True,False,False,False,False,False,False,59,330,3,needs,2919.0,good,0.08,,,4,4,9.5,2,2,0,0,17.0
Editorial,Meta,Page title length is not ideal,https://www.chewy.com/education/dog/health-and-wellness/ear-mites-in-dogs,True,Rewrite titles that are too short or too long while keeping the main topic clear.,66,"Ear Mites in Dogs: Signs, Causes, and How To Help Your Pup l Chewy",66,"Wondering how to get rid of ear mites in dogs? Here’s everything you need to know about ear lice in dogs, ear mite treatment for dogs, and how do dogs get ear mites in the first place.",184,ear mites in dogs,"Ear Mites in Dogs: Signs, Causes, and How To Help Your Pup",1,ear-mites-in-dogs,True,True,False,False,False,False,False,False,5,328,3,needs,2954.0,good,0.07,,,10,10,21.44,1,3,5,1,56.0
Editorial,Meta,Page title length is not ideal,https://www.chewy.com/education/dog/training-and-behavior/why-do-dogs-kick-the-ground-after-they-poop,True,Rewrite titles that are too short or too long while keeping the main topic clear.,68,Why Do Dogs Kick the Ground After They Poop? Is This Normal? | Chewy,68,It’s common to see a dog kick and scratch the ground after they poop. Reasons why range from spreading their scent to cleaning their paws.,138,why do dogs kick after pooping,Why Do Dogs Kick the Ground After They Poop? Is This Normal?,1,why-do-dogs-kick-the-ground-after-they-poop,True,True,False,False,False,False,False,False,2,313,3,,,,,,,4,3,4.0,3,0,0,1,20.0
Editorial,Meta,Page title length is not ideal,https://www.chewy.com/education/dog/training-and-behavior/resource-guarding-in-dogs-why-it-happens-and-how-to-stop-it,True,Rewrite titles that are too short or too long while keeping the main topic clear.,68,Resource Guarding in Dogs: Why It Happens and How To Stop It | Chewy,68,Resource guarding is when a dog protects an item they see as valuable. Learn why this happens and how to stop resource guarding in dogs.,136,,Resource Guarding in Dogs: Why It Happens and How To Stop It,1,resource-guarding-in-dogs-why-it-happens-and-how-to-stop-it,True,True,False,False,False,False,False,False,5,316,3,,,,,,,,,,,,,,5.0
Editorial,Meta,Page title length is not ideal,https://www.chewy.com/education/cat/health-and-wellness/can-cats-cry,True,Rewrite titles that are too short or too long while keeping the main topic clear.,21,Can Cats Cry? | Chewy,21,"When your cat starts making dramatic meowing sounds, your instinct is to wonder whether they’re crying. But can cats cry?",121,cat crying,Can Cats Cry?,1,can-cats-cry,True,True,False,False,False,False,False,False,5,330,3,,,,,,,2,2,15.0,1,0,1,0,17.0
Editorial,Meta,Page title length is not ideal,https://www.chewy.com/education/dog/general/popular-doodle-dogs-and-what-to-know-about-poodle-mixes,True,Rewrite titles that are too short or too long while keeping the main topic clear.,66,11 Popular Doodle Dogs and What To Know About Poodle Mixes | Chewy,66,Wondering what a Doodle dog is? Learn all about these popular Poodle mixes and discover which Doodle breed is best for you.,123,,11 Popular Doodle Dogs and What To Know About Poodle Mixes,1,popular-doodle-dogs-and-what-to-know-about-poodle-mixes,True,True,False,False,False,False,False,False,9,353,3,good,2276.0,good,0.055,,,,,,,,,,190.0
Editorial,Meta,Page title length is not ideal,https://www.chewy.com/education/dog/health-and-wellness/chewy-turns-viral-dog-story-into-real-life-homecomings-for-lucky-shelter-pups,True,Rewrite titles that are too short or too long while keeping the main topic clear.,85,Chewy Turns Viral Dog Story Into Real-Life Homecomings for Lucky Shelter Pups | Chewy,85,Learn all about seven special pups in need of forever homes.,60,,Chewy Turns Viral Dog Story Into Real-Life Homecomings for Lucky Shelter Pups,1,chewy-turns-viral-dog-story-into-real-life-homecomings-for-lucky-shelter-pups,True,True,False,False,False,False,False,False,2,306,3,,,,,,,,,,,,,,1.0
Editorial,Meta,Page title length is not ideal,https://www.chewy.com/education/author/jennifer-coates,True,Rewrite titles that are too short or too long while keeping the main topic clear.,28,"Jennifer Coates, DVM | Chewy",28,,,,Jennifer Coates,1,jennifer-coates,True,True,False,False,False,False,False,False,89,318,3,,,,,,,,,,,,,,1.0
Editorial,Meta,Page title length is not ideal,https://www.chewy.com/education/cat/food-and-nutrition/can-cats-eat-chocolate,True,Rewrite titles that are too short or too long while keeping the main topic clear.,23,Can Cats Eat Chocolate?,23,"Can cats eat chocolate? No, and in severe cases, chocolate poisoning can actually be fatal. We speak to a vet all about chocolate and cats.",139,can cats have chocolate,Can Cats Eat Chocolate?,1,can-cats-eat-chocolate,True,True,False,False,False,False,False,False,18,309,3,,,,,,,4,3,16.25,0,4,0,0,3.0
Editorial,Meta,Page title length is not ideal,https://www.chewy.com/education/dog/food-and-nutrition/can-dogs-have-honey,True,Rewrite titles that are too short or too long while keeping the main topic clear.,28,Can Dogs Have Honey? | Chewy,28,"Pet parents may use honey as a natural remedy for dogs, but is it safe? Can dogs have honey? Learn the benefits, risks, and how to safely serve to your pup.",156,can dogs have honey,Can Dogs Have Honey?,1,can-dogs-have-honey,True,True,False,False,False,False,False,False,4,326,3,,,,,,,4,4,12.0,2,1,0,1,83.0
Editorial,Meta,Page title length is not ideal,https://www.chewy.com/education/dog/food-and-nutrition/can-dogs-eat-lemon,True,Rewrite titles that are too short or too long while keeping the main topic clear.,27,Can Dogs Eat Lemon? | Chewy,27,"A lemon slice falls on the ground and your dog wants a taste—but can dogs eat lemons? No, and here’s what to do if your dog eats one.",133,can dogs have lemons,Can Dogs Eat Lemons?,1,can-dogs-eat-lemon,True,True,False,False,False,False,False,False,3,317,3,,,,,,,3,3,7.67,3,0,0,0,26.0
Editorial,Meta,Page title length is not ideal,https://www.chewy.com/education/bird/general/finch-care-sheet,True,Rewrite titles that are too short or too long while keeping the main topic clear.,28,Pet Finch Care Sheet | Chewy,28,Thinking about getting pet finch? Learn everything you need to know to care for them properly.,94,,Pet Finch Care Sheet,1,finch-care-sheet,True,True,False,False,False,False,False,False,5,331,3,,,,,,,,,,,,,,1.0
Editorial,Meta,Page title length is not ideal,https://www.chewy.com/education/bird/general/lovebird-care-sheet,True,Rewrite titles that are too short or too long while keeping the main topic clear.,27,Lovebird Care Sheet | Chewy,27,Thinking about getting pet lovebirds? Learn everything you need to know to care for them properly.,98,lovebird pet supplies,Lovebird Care Sheet,1,lovebird-care-sheet,True,True,False,False,False,False,False,False,7,328,3,,,,,,,9,9,13.57,3,2,2,2,5.0
Editorial,Meta,Page title length is not ideal,https://www.chewy.com/education/farm-animal/chicken/what-do-chickens-eat,True,Rewrite titles that are too short or too long while keeping the main topic clear.,79,What Do Chickens Eat? Everything You Can (And Can’t) Feed Your Chickens | Chewy,79,What’s the best thing to feed your flock? Find out what chickens eat—and what foods can be dangerous for them.,110,what do chickens eat,What Do Chickens Eat? Everything You Can (And Can’t) Feed Your Chickens,1,what-do-chickens-eat,True,True,False,False,False,False,False,False,19,327,3,needs,2769.0,good,0.09,,,5,5,22.5,0,1,3,1,30.0
Editorial,Meta,Page title length is not ideal,https://www.chewy.com/education/small-pet/rabbit/rabbit-care-sheet,True,Rewrite titles that are too short or too long while keeping the main topic clear.,25,Rabbit Care Sheet | Chewy,25,Thinking about getting a pet rabbit? Learn everything you need to know to care for them properly.,97,chewy rabbit,Rabbit Care Sheet,1,rabbit-care-sheet,True,True,False,False,False,False,False,False,11,336,3,,,,,,,1,1,8.0,1,0,0,0,1.0
Editorial,Meta,Page title length is not ideal,https://www.chewy.com/education/small-pet/rabbit/how-to-house-rabbits-indoors,True,Rewrite titles that are too short or too long while keeping the main topic clear.,66,Bringing Home a Bunny? Here's How to House Rabbits Indoors | Chewy,66,"Yes, you can coexist with your bunny in your home! Here’s everything you need to know about how to house rabbits indoors.",121,house bunnies,Bringing Home a Bunny? Here’s How to House Rabbits Indoors,1,how-to-house-rabbits-indoors,True,True,False,False,False,False,False,False,7,333,3,,,,,,,3,3,13.0,1,2,0,0,29.0
Editorial,Meta,Page title length is not ideal,https://www.chewy.com/education/cat/flea-and-tick/how-to-get-rid-of-fleas-on-your-dog-or-cat-during-their-grooming-routine,True,Rewrite titles that are too short or too long while keeping the main topic clear.,71,Do Groomers Remove Fleas? Get the 411 on Flea Grooming Services | Chewy,71,Pet parents often wonder if groomers remove fleas. The verdict? Pet groomers can be a useful resource in flea removal.,118,,Do Groomers Remove Fleas? Get the 411 on Flea Grooming Services,1,how-to-get-rid-of-fleas-on-your-dog-or-cat-during-their-grooming-routine,True,True,False,False,False,False,False,False,7,310,3,,,,,,,,,,,,,,13.0
Editorial,Meta,Page title length is not ideal,https://www.chewy.com/education/dog/food-and-nutrition/can-dogs-eat-seafood-everything-you-need-to-know,True,Rewrite titles that are too short or too long while keeping the main topic clear.,21,Can Dogs Eat Seafood?,21,Can dogs eat seafood? Properly prepared and served in moderation seafood is a healthy addition to a dog's diet and one that they will likley love to eat.,153,can dogs eat lobster,Can Dogs Eat Seafood?,1,can-dogs-eat-seafood-everything-you-need-to-know,True,True,False,False,False,False,False,False,9,311,3,,,,,,,3,3,4.0,1,0,0,2,26.0
Editorial,Meta,Page title length is not ideal,https://www.chewy.com/education/dog/food-and-nutrition/can-dogs-eat-turkey,True,Rewrite titles that are too short or too long while keeping the main topic clear.,28,Can Dogs Eat Turkey? | Chewy,28,"Turkey can be a tasty treat for dogs but only if it's served safely. Learn which parts are OK, what to avoid, and how much to give.",131,can dogs eat ground turkey,Can Dogs Eat Turkey?,1,can-dogs-eat-turkey,True,True,False,False,False,False,False,False,15,328,3,,,,,,,4,4,14.5,0,2,0,2,11.0
Editorial,Meta,Page title length is not ideal,https://www.chewy.com/education/dog/food-and-nutrition/can-dogs-eat-peas,True,Rewrite titles that are too short or too long while keeping the main topic clear.,26,Can Dogs Eat Peas? | Chewy,26,"Peas are a versatile, nutrient-packed veggie, but can dogs eat peas too? Learn the health benefits, which peas are safe for dogs, and more.",139,can dogs have peas,Can Dogs Eat Peas?,1,can-dogs-eat-peas,True,True,False,False,False,False,False,False,13,315,3,,,,,,,5,5,12.2,3,1,1,0,28.0
Editorial,Meta,Page title length is not ideal,https://www.chewy.com/education/dog/food-and-nutrition/nutrition-pet-diet-tips-can-dogs-eat-apples,True,Rewrite titles that are too short or too long while keeping the main topic clear.,28,Can Dogs Eat Apples? | Chewy,28,"Apples are a delicious, nutritious snacks, but can dogs eat apples too? They can—and here’s how much you can feed them.",119,can dogs eat apples,Can Dogs Eat Apples?,1,nutrition-pet-diet-tips-can-dogs-eat-apples,True,True,False,False,False,False,False,False,26,333,3,,,,,,,5,5,10.0,2,3,0,0,49.0
Editorial,Meta,Page title length is not ideal,https://www.chewy.com/education/dog/food-and-nutrition/can-dogs-eat-carrots,True,Rewrite titles that are too short or too long while keeping the main topic clear.,29,Can Dogs Eat Carrots? | Chewy,29,"They're a nutritious treat for us, but can dogs eat carrots too? Learn if raw or cooked carrots are safe for your dog and how much to feed.",139,are carrots good for dogs,Can Dogs Eat Carrots?,1,can-dogs-eat-carrots,True,True,False,False,False,False,False,False,28,336,3,,,,,,,6,4,13.33,2,4,0,0,70.0
Editorial,Meta,Page title length is not ideal,https://www.chewy.com/education/dog/food-and-nutrition/can-dogs-eat-pumpkin,True,Rewrite titles that are too short or too long while keeping the main topic clear.,29,Can Dogs Eat Pumpkin? | Chewy,29,Pumpkin is safe and healthy for dogs when served plain and cooked. Learn the benefits and safe ways to prepare pumpkin for your pup.,132,pumpkin in dog food,Can Dogs Eat Pumpkin?,1,can-dogs-eat-pumpkin,True,True,False,False,False,False,False,False,27,331,3,,,,,,,10,10,11.67,4,5,0,1,54.0
Editorial,Meta,Page title length is not ideal,https://www.chewy.com/education/dog/food-and-nutrition/can-dogs-eat-celery,True,Rewrite titles that are too short or too long while keeping the main topic clear.,28,Can Dogs Eat Celery? | Chewy,28,"Yes, dogs can eat celery! Discover the health benefits, risks, and how to safely serve celery to your pup, from bite-size snacks to creative frozen treats.",155,can dogs eat celery,Can Dogs Eat Celery?,1,can-dogs-eat-celery,True,True,False,False,False,False,False,False,8,334,3,,,,,,,3,3,4.67,3,0,0,0,28.0
Editorial,Meta,Page title length is not ideal,https://www.chewy.com/education/cat/general/cat-adoption-checklist,True,Rewrite titles that are too short or too long while keeping the main topic clear.,78,Cat Adoption Checklist: Everything New Cat Owners Need to Know—and Buy | Chewy,78,Have you just adopted a new cat? Congrats! Use our cat adoption checklist to ensure you have all the cat essentials you need.,125,first time cat owner checklist,Cat Adoption Checklist: Everything New Cat Parents Need to Know—and Buy,1,cat-adoption-checklist,True,True,False,False,False,False,False,False,7,372,3,,,,,,,4,4,10.5,1,1,0,2,4.0
Editorial,Meta,Page title length is not ideal,https://www.chewy.com/education/bird/health-and-wellness/sick-bird-signs,True,Rewrite titles that are too short or too long while keeping the main topic clear.,23,Sick Bird Signs | Chewy,23,Learn about what signs and symptoms to look for in your pet bird that might indicate illness.,93,sick bird meaning,Sick Bird Signs,1,sick-bird-signs,True,True,False,False,False,False,False,False,12,308,3,,,,,,,1,1,19.0,0,1,0,0,1.0
Editorial,Meta,Page title length is not ideal,https://www.chewy.com/education/dog/general/can-all-dogs-swim,True,Rewrite titles that are too short or too long while keeping the main topic clear.,26,Can All Dogs Swim? | Chewy,26,"Can all dogs swim, or do some sink? Learn about dogs that swim well and how you can help your pup be safe in water.",115,can all dogs swim,Can All Dogs Swim?,1,can-all-dogs-swim,True,True,False,False,False,False,False,False,21,335,3,,,,,,,1,1,8.0,1,0,0,0,9.0
Editorial,Meta,Page title length is not ideal,https://www.chewy.com/education/dog/general/meet-the-different-terrier-breeds-and-learn-which-is-right-for-you,True,Rewrite titles that are too short or too long while keeping the main topic clear.,77,Meet the 32 Different Terrier Breeds and Learn Which Is Right for You | Chewy,77,"Explore 32 terrier breeds, from small apartment-friendly pups to energetic working dogs. Learn each terrier dog breed’s traits to find your perfect match.",154,terrier,Meet the 32 Different Terrier Breeds and Learn Which Is Right for You,1,meet-the-different-terrier-breeds-and-learn-which-is-right-for-you,True,True,False,False,False,False,False,False,12,361,3,good,2374.0,good,0.045,,,1,1,4.0,1,0,0,0,300.0
Editorial,Meta,Page title length is not ideal,https://www.chewy.com/education/cat/food-and-nutrition/your-complete-guide-to-the-best-high-quality-cat-food,True,Rewrite titles that are too short or too long while keeping the main topic clear.,77,Buying Guide: How to Pick the Best High-Quality Cat Food for Your Pet | Chewy,77,"A high-quality cat food has premium ingredients, superior nutrition and can provide specific health solutions. Here's how to pick the best one for your pet.",156,cat food the best,Your Complete Guide to the Best High-Quality Cat Food,1,your-complete-guide-to-the-best-high-quality-cat-food,True,True,False,False,False,False,False,False,18,346,3,needs,3146.0,good,0.06,,,15,15,15.69,6,2,5,2,3.0
Editorial,Meta,Page title length is not ideal,https://www.chewy.com/education/dog/flea-and-tick/flea-bites-on-dogs,True,Rewrite titles that are too short or too long while keeping the main topic clear.,73,Flea Bites on Dogs: What They Look Like—and What to Do About Them | Chewy,73,"Are those flea bites on your dog? Here's how to tell if your dog has been bitten by fleas, and if so, how to help them.",119,what do flea bites look like on dogs,Flea Bites on Dogs: What They Look Like—and What to Do About Them,1,flea-bites-on-dogs,True,True,False,False,False,False,False,False,8,328,3,good,2478.0,good,0.07,,,1,1,14.0,0,1,0,0,34.0
Editorial,Meta,Page title length is not ideal,https://www.chewy.com/education/cat/training-and-behavior/do-cats-get-lonely,True,Rewrite titles that are too short or too long while keeping the main topic clear.,27,Do Cats Get Lonely? | Chewy,27,Wondering “do cats get lonely?” Discover how long cats can be left alone and tips to keep your feline friend feeling happy and loved.,133,do cats get lonely,Do Cats Get Lonely?,1,do-cats-get-lonely,True,True,False,False,False,False,False,False,4,340,3,,,,,,,4,3,14.5,2,0,2,0,3.0
Editorial,Meta,Page title length is not ideal,https://www.chewy.com/education/cat/training-and-behavior/do-cats-dream,True,Rewrite titles that are too short or too long while keeping the main topic clear.,22,Do Cats Dream? | Chewy,22,"Ever wondered if your cats dream? Learn whether your feline best friend has dreams, what they’re about, and whether you might be in them.",137,can cats dream,Do Cats Dream?,1,do-cats-dream,True,True,False,False,False,False,False,False,3,316,3,,,,,,,3,3,10.0,2,1,0,0,21.0
Editorial,Meta,Page title length is not ideal,https://www.chewy.com/education/cat/pet-parenting/pet-christmas-stockings-that-you-can-make-fast-and-easy,True,Rewrite titles that are too short or too long while keeping the main topic clear.,67,Pet Christmas Stockings That You Can Make (Fast and Easy!)| BeChewy,67,Pet Christmas stockings are beautiful instant heirlooms that are fast and easy to make with our free custom downloadable templates.,131,pet christmas stocking,Pet Christmas Stockings That You Can Make (Fast and Easy!),1,pet-christmas-stockings-that-you-can-make-fast-and-easy,True,True,False,False,False,False,False,False,5,309,3,,,,,,,1,1,4.0,1,0,0,0,2.0
Editorial,Meta,Page title length is not ideal,https://www.chewy.com/education/cat/pet-parenting/sunday-scaries,True,Rewrite titles that are too short or too long while keeping the main topic clear.,68,7 Pet-Centric Coping Strategies to Banish the Sunday Scaries | Chewy,68,"Sunday scaries are real. Next time you feel those Sunday Scaries start to creep up on you, try these seven coping strategies with your pet.",139,,Got a Case of the Sunday Scaries? Try These 7 Things With Your Pet,1,sunday-scaries,True,True,False,False,False,False,False,False,4,311,3,,,,,,,,,,,,,,1.0
Editorial,Meta,Page title length is not ideal,https://www.chewy.com/education/cat/pet-parenting/6-unforgettable-ways-to-include-your-dog-or-cat-in-your-wedding,True,Rewrite titles that are too short or too long while keeping the main topic clear.,75,Dogs and Cats at Weddings: 7 Ways to Include Your Pet (With Photos) | Chewy,75,Including dogs and cats at weddings makes your big day even more special. Discover creative ways to involve your pets for an unforgettable celebration.,151,,Dogs and Cats at Weddings: 7 Ways to Include Your Pet (With Photos),1,6-unforgettable-ways-to-include-your-dog-or-cat-in-your-wedding,True,True,False,False,False,False,False,False,7,314,3,,,,,,,,,,,,,,1.0
Editorial,Meta,Page title length is not ideal,https://www.chewy.com/education/dog/pet-parenting/happy-national-pet-day-heres-how-to-join-the-celebration,True,Rewrite titles that are too short or too long while keeping the main topic clear.,70,"National Pet Day: What It Is, When It Is, and How to Celebrate | Chewy",70,"Happy National Pet Day! From when it is to what it’s all about, we’ve got your guide to celebrating pets—both your own furry friends and shelter animals.",153,national pet day,Happy National Pet Day! Here’s How to Join the Celebration,1,happy-national-pet-day-heres-how-to-join-the-celebration,True,True,False,False,False,False,False,False,4,327,3,,,,,,,5,5,13.5,1,2,1,1,1.0
Editorial,Meta,Page title length is not ideal,https://www.chewy.com/education/cat/pet-parenting/petiquette-how-can-i-stop-others-from-giving-my-dog-human-food,True,Rewrite titles that are too short or too long while keeping the main topic clear.,72,Petiquette: How Can I Stop Others from Giving My Dog Human Food? | Chewy,72,Start with a brief but polite announcement to your guests to make house rules clear from the start.,99,how do i stop my family from giving my dog human food,Petiquette: How Can I Stop Others from Giving My Dog Human Food?,1,petiquette-how-can-i-stop-others-from-giving-my-dog-human-food,True,True,False,False,False,False,False,False,4,309,3,,,,,,,1,1,18.0,0,1,0,0,1.0
Editorial,Meta,Page title length is not ideal,https://www.chewy.com/education/farm-animal/cow/what-do-cows-eat,True,Rewrite titles that are too short or too long while keeping the main topic clear.,25,What Do Cows Eat? | Chewy,25,"What do cows eat? Learn about a cow’s diet, including their favorite foods, nutritional needs, and how to keep them healthy.",124,,What Do Cows Eat?,1,what-do-cows-eat,True,True,False,False,False,False,False,False,2,312,3,,,,,,,,,,,,,,61.0
Editorial,Meta,Page title length is not ideal,https://www.chewy.com/education/bird/parrot/what-you-need-to-know-about-a-parrots-night-and-day-cycle,True,Rewrite titles that are too short or too long while keeping the main topic clear.,66,What You Need To Know About A Parrot's Night And Day Cycle | Chewy,66,BeChewy helps you understand a parrot's night and day cycle as it relates to parrot sleep schedules and what to do to make sure your bird is healthy and happy.,159,how long do birds sleep,What You Need To Know About A Parrot’s Night And Day Cycle,1,what-you-need-to-know-about-a-parrots-night-and-day-cycle,True,True,False,False,False,False,False,False,4,308,3,,,,,,,4,4,14.25,1,2,1,0,10.0
Editorial,Meta,Page title length is not ideal,https://www.chewy.com/education/cat/general/spotted-cat-breeds,True,Rewrite titles that are too short or too long while keeping the main topic clear.,28,7 Spotted Cat Breeds | Chewy,28,"These spotted cat breeds are domestic kitties, but have the looks of a wild cat. Learn about these cat breeds with spots.",121,spotted cat,7 Spotted Cat Breeds,1,spotted-cat-breeds,True,True,False,False,False,False,False,False,8,326,3,good,2333.0,good,0.065,,,3,3,3.33,3,0,0,0,241.0
Editorial,Meta,Page title length is not ideal,https://www.chewy.com/education/cat/general/clumping-vs-non-clumping-litter,True,Rewrite titles that are too short or too long while keeping the main topic clear.,69,Clumping vs. Non-Clumping Litter: Which Is Best for Your Cat? | Chewy,69,"Learn the pros, cons, and what vets recommend to help you choose clumping vs. non-clumping cat litter.",102,non-clumping cat litter,Clumping vs. Non-Clumping Litter: Which Is Best for Your Cat?,1,clumping-vs-non-clumping-litter,True,True,False,False,False,False,False,False,6,317,3,,,,,,,6,6,6.5,5,1,0,0,63.0
Editorial,Meta,Page title length is not ideal,https://www.chewy.com/education/dog/training-and-behavior/physical-changes-in-senior-dog,True,Rewrite titles that are too short or too long while keeping the main topic clear.,73,What To Expect as Your Senior Dog Gets Older and How You Can Help | Chewy,73,"Learn what to expect as your dog ages, common senior dog health issues, and tips to keep your pup healthy, comfortable, and active.",131,elderly dog,What To Expect as Your Senior Dog Gets Older and How You Can Help,1,physical-changes-in-senior-dog,True,True,False,False,False,False,False,False,8,355,3,,,,,,,9,9,19.6,1,0,4,4,27.0
Editorial,Meta,Page title length is not ideal,https://www.chewy.com/education/dog/health-and-wellness/glucosamine-for-dogs,True,Rewrite titles that are too short or too long while keeping the main topic clear.,28,Glucosamine for Dogs | Chewy,28,"Learn how glucosamine for dogs may support joint health, mobility, and comfort, plus dosage guidance, side effects, and supplement options.",139,glucosamine for dogs,"Glucosamine for Dogs: Uses, Benefits, Dosage, and Side Effects",1,glucosamine-for-dogs,True,True,False,False,False,False,False,False,15,325,3,good,2276.0,good,0.08,,,3,3,5.67,3,0,0,0,67.0
Editorial,Meta,Page title length is not ideal,https://www.chewy.com/education/reptile-and-amphibian/general/uromastyx-care-sheet,True,Rewrite titles that are too short or too long while keeping the main topic clear.,28,Uromastyx Care Sheet | Chewy,28,Thinking about getting a pet uromastyx? Learn everything you need to know to care for them properly.,100,uromastyx reptile,Uromastyx Care Sheet,1,uromastyx-care-sheet,True,True,False,False,False,False,False,False,3,327,3,,,,,,,28,27,20.24,3,8,14,3,4.0
Editorial,Meta,Page title length is not ideal,https://www.chewy.com/education/reptile-and-amphibian/bearded-dragon/how-big-can-a-bearded-dragon-get,True,Rewrite titles that are too short or too long while keeping the main topic clear.,66,How Big Can a Bearded Dragon Get? | A Guide to Your Beardie’s Side,66,"Learn how big baby bearded dragons are when they hatch and how big they are when they’re full grown, plus what influences their body size.",138,how big will a bearded dragon get,How Big Can a Bearded Dragon Get? A Guide to Your Beardie’s Size,1,how-big-can-a-bearded-dragon-get,True,True,False,False,False,False,False,False,3,314,3,,,,,,,1,1,8.0,1,0,0,0,26.0
Editorial,Meta,Page title length is not ideal,https://www.chewy.com/education/reptile-and-amphibian/hermit-crabs/how-long-do-hermit-crabs-live,True,Rewrite titles that are too short or too long while keeping the main topic clear.,67,Hermit Crab Life Expectancy: How Long Do Hermit Crabs Live? | Chewy,67,Learn how long hermit crabs live and what you can do to make sure they have the longest lifespan possible.,106,,How Long Do Hermit Crabs Live? Everything You Need to Know About Hermit Crab Life Expectancy,1,how-long-do-hermit-crabs-live,True,True,False,False,False,False,False,False,4,331,3,,,,,,,,,,,,,,45.0
Editorial,Meta,Page title length is not ideal,https://www.chewy.com/education/dog/training-and-behavior/back-to-basics-a-comparison-of-the-english-toy-spaniel-and-the-cavalier-king-charles-spaniel,True,Rewrite titles that are too short or too long while keeping the main topic clear.,78,Back to Basics: A Comparison of the English Toy Spaniel and the Cavali | Chewy,78,"While these two breeds are frequently confused, they are entirely different in nearly every respect except for coat colors.",123,toy spaniel,A Comparison of the English Toy Spaniel and the Cavalier King Charles Spaniel,1,back-to-basics-a-comparison-of-the-english-toy-spaniel-and-the-cavalier-king-charles-spaniel,True,True,False,False,False,False,False,False,4,306,3,,,,,,,2,2,12.5,1,1,0,0,4.0
Editorial,Meta,Page title length is not ideal,https://www.chewy.com/education/dog/pet-parenting/creating-a-zen-space-for-your-dog-to-alleviate-anxiety,True,Rewrite titles that are too short or too long while keeping the main topic clear.,68,Alleviate Dog Anxiety by Creating a Zen Space for Your Pooch | Chewy,68,Does your dog get anxious the moment you walk out the door? Does the sound of thunder make your dog tremble in fear? Learn simple ways you can create a Zen space for your canine companion to alleviate dog anxiety and stress.,224,safe space for dogs with anxiety,4 Ways to Create a Safe Space for Dogs With Anxiety,1,creating-a-zen-space-for-your-dog-to-alleviate-anxiety,True,True,False,False,False,False,False,False,17,324,3,,,,,,,1,1,1.0,1,0,0,0,8.0
Editorial,Meta,Page title length is not ideal,https://www.chewy.com/education/author/hilary-jaffe,True,Rewrite titles that are too short or too long while keeping the main topic clear.,20,Hilary Jaffe | Chewy,20,,,,Hilary Jaffe,1,hilary-jaffe,True,True,False,False,False,False,False,False,17,314,3,,,,,,,,,,,,,,1.0
Editorial,Meta,Page title length is not ideal,https://www.chewy.com/education/fish/general/clownfish-care-sheet,True,Rewrite titles that are too short or too long while keeping the main topic clear.,28,Clownfish Care Sheet | Chewy,28,Thinking about getting pet clownfish? Learn everything you need to know to care for them properly.,98,clownfish aquarium,Clownfish Care Sheet,1,clownfish-care-sheet,True,True,False,False,False,False,False,False,3,339,3,,,,,,,10,10,20.44,0,4,5,1,2.0
Editorial,Meta,Page title length is not ideal,https://www.chewy.com/education/author/kate-barrington,True,Rewrite titles that are too short or too long while keeping the main topic clear.,23,Kate Barrington | Chewy,23,,,,Kate Barrington,1,kate-barrington,True,True,False,False,False,False,False,False,31,315,3,,,,,,,,,,,,,,1.0
Editorial,Meta,Page title length is not ideal,https://www.chewy.com/education/fish/general/what-is-swim-bladder-disease-and-how-is-it-treated,True,Rewrite titles that are too short or too long while keeping the main topic clear.,68,Swim Bladder Disease in Fish: What It Is and How To Treat It | Chewy,68,Have you noticed bloating and buoyancy issues in your fish? It could be swim bladder disease. Find out what it is and how to treat it.,134,swim bladder,Swim Bladder Disease in Fish: What It Is and How To Treat It,1,what-is-swim-bladder-disease-and-how-is-it-treated,True,True,False,False,False,False,False,False,7,318,3,needs,2708.0,good,0.09,,,8,7,21.67,0,1,2,5,202.0
Editorial,Meta,Page title length is not ideal,https://www.chewy.com/education/dog/health-and-wellness/dogs-ingrown-toenail,True,Rewrite titles that are too short or too long while keeping the main topic clear.,29,Dog’s Ingrown Toenail | Chewy,29,A groomer’s carelessness can be dangerous for a dog.,52,dog ingrown toenail,Dog’s Ingrown Toenail,1,dogs-ingrown-toenail,True,True,False,False,False,False,False,False,2,308,3,,,,,,,3,3,5.67,3,0,0,0,11.0
Editorial,Meta,Page title length is not ideal,https://www.chewy.com/education/cat/pet-parenting/behavior-pet-facts-8-surprising-things-new-cat-owners-should-expect,True,Rewrite titles that are too short or too long while keeping the main topic clear.,72,First Time Cat Owner? Read Our Ultimate Guide for New Cat Owners | Chewy,72,Here are eight behaviors that first-time cat owners should expect and ways you can cope with them. Read our guide for new cat owners.,133,first time cat owner tips,First Time Cat Owner? Read Our Ultimate Guide for New Cat Owners,1,behavior-pet-facts-8-surprising-things-new-cat-owners-should-expect,True,True,False,False,False,False,False,False,4,310,3,,,,,,,1,1,,0,0,0,1,1.0
Editorial,Meta,Page title length is not ideal,https://www.chewy.com/education/cat/general/behavior-breeds-5-fluffy-cat-breeds,True,Rewrite titles that are too short or too long while keeping the main topic clear.,27,5 Fluffy Cat Breeds | Chewy,27,"If you’re planning on bringing home one of these breeds, you better go out and buy a FURminator.",96,,5 Fluffy Cat Breeds,1,behavior-breeds-5-fluffy-cat-breeds,True,True,False,False,False,False,False,False,9,308,3,,,,,,,,,,,,,,2.0
Editorial,Meta,Page title length is not ideal,https://www.chewy.com/education/cat/general/behavior-breeds-10-rare-cat-breeds,True,Rewrite titles that are too short or too long while keeping the main topic clear.,26,10 Rare Cat Breeds | Chewy,26,"You may be able to recognize a Siamese with ease, or pick a Persian out of a lineup, but do you know these rare cat breeds?",123,rarest cat,10 Rare Cat Breeds,1,behavior-breeds-10-rare-cat-breeds,True,True,False,False,False,False,False,False,3,308,3,,,,,,,2,2,25.0,0,0,1,1,6.0
Editorial,Meta,Page title length is not ideal,https://www.chewy.com/education/dog/training-and-behavior/puppy-whining,True,Rewrite titles that are too short or too long while keeping the main topic clear.,67,Puppy Crying and Whining: Why It Happens and How To Stop It | Chewy,67,"Find out why your puppy is crying and whining, plus how to stop it, with expert insights from a veterinarian.",109,puppy whining,Puppy Crying and Whining: Why It Happens and How To Stop It,1,puppy-whining,True,True,False,False,False,False,False,False,4,316,3,good,2323.0,good,0.08,,,4,3,10.5,2,2,0,0,20.0
Editorial,Meta,Page title length is not ideal,https://www.chewy.com/education/dog/general/scent-walks-for-dogs,True,Rewrite titles that are too short or too long while keeping the main topic clear.,74,Scent Walks for Dogs: Why You Should Take Your Dog on a ‘Sniffari’ | Chewy,74,"Learn what scent walks for dogs are, why they matter, and how to start a “sniffari” to boost your dog’s mental stimulation and happiness on daily walks.",152,,Scent Walks for Dogs: Why You Should Take Your Dog on a ‘Sniffari’,1,scent-walks-for-dogs,True,True,False,False,False,False,False,False,8,322,3,,,,,,,,,,,,,,1.0
Editorial,Meta,Page title length is not ideal,https://www.chewy.com/education/dog/general/english-bulldog-vs-american-bulldog-which-pup-is-for-you,True,Rewrite titles that are too short or too long while keeping the main topic clear.,67,English Bulldog vs. American Bulldog: Which Pup Is for You? | Chewy,67,"Bulldogs and American Bulldogs share a common ancestor, but they are very different dog breeds. Learn about English Bulldogs vs. American Bulldogs.",147,,English Bulldog vs. American Bulldog: Which Pup Is for You?,1,english-bulldog-vs-american-bulldog-which-pup-is-for-you,True,True,False,False,False,False,False,False,4,342,3,,,,,,,,,,,,,,16.0
Editorial,Meta,Page title length is not ideal,https://www.chewy.com/education/dog/general/doberman-pinscher-vs-german-shepherd,True,Rewrite titles that are too short or too long while keeping the main topic clear.,70,Doberman Pinscher vs. German Shepherd: Which is Right for You? | Chewy,70,"Compare the Doberman Pinscher vs. German Shepherd to learn how these popular dog breeds differ in temperament, exercise needs, grooming requirements, trainability, and health considerations.",190,,Doberman Pinscher vs. German Shepherd: Which Is Right for You?,1,doberman-pinscher-vs-german-shepherd,True,True,False,False,False,False,False,False,4,337,3,,,,,,,,,,,,,,6.0
Editorial,Meta,Page title length is not ideal,https://www.chewy.com/education/dog/general/lazy-dog-breeds,True,Rewrite titles that are too short or too long while keeping the main topic clear.,23,Lazy Dog Breeds | Chewy,23,"Discover the laziest dog breeds that love naps, lounging, and low-key living.",77,,15 Lazy Dogs to Lounge With,1,lazy-dog-breeds,True,True,False,False,False,False,False,False,6,350,3,,,,,,,,,,,,,,284.0
Editorial,Meta,Page title length is not ideal,https://www.chewy.com/education/fish/general/starfish-care-sheet,True,Rewrite titles that are too short or too long while keeping the main topic clear.,27,Starfish Care Sheet | Chewy,27,Thinking about getting pet starfish? Learn everything you need to know to care for them properly.,97,starfish aquarium,Starfish Care Sheet,1,starfish-care-sheet,True,True,False,False,False,False,False,False,4,329,3,,,,,,,18,18,15.88,3,9,4,2,3.0
Editorial,Meta,Page title length is not ideal,https://www.chewy.com/education/fish/general/barbs-care-sheet,True,Rewrite titles that are too short or too long while keeping the main topic clear.,24,Barbs Care Sheet | Chewy,24,Thinking about getting pet barbs? Learn everything you need to know to care for them properly.,94,,Barbs Care Sheet,1,barbs-care-sheet,True,True,False,False,False,False,False,False,8,329,3,,,,,,,,,,,,,,1.0
Editorial,Meta,Page title length is not ideal,https://www.chewy.com/education/fish/general/tetra-fish-care-sheet,True,Rewrite titles that are too short or too long while keeping the main topic clear.,29,Tetra Fish Care Sheet | Chewy,29,Thinking about getting pet tetras? Learn everything you need to know to care for them properly.,95,,Tetra Fish Care Sheet,1,tetra-fish-care-sheet,True,True,False,False,False,False,False,False,11,335,3,,,,,,,,,,,,,,1.0
Editorial,Meta,Page title length is not ideal,https://www.chewy.com/education/dog/health-and-wellness/what-is-inflammatory-bowel-disease-ibd-in-dogs-symptoms-and-more,True,Rewrite titles that are too short or too long while keeping the main topic clear.,75,What Is Inflammatory Bowel Disease (IBD) in Dogs? Symptoms and More | Chewy,75,"Irritable bowel disease (IBD) in dogs is a condition that can cause discomfort in pups. Learn all about causes, symptoms, and treatment here.",141,best dog food for ibd,What Is Inflammatory Bowel Disease (IBD) in Dogs? Symptoms and More,1,what-is-inflammatory-bowel-disease-ibd-in-dogs-symptoms-and-more,True,True,False,False,False,False,False,False,17,342,3,,,,,,,2,2,6.5,2,0,0,0,9.0
Editorial,Meta,Page title length is not ideal,https://www.chewy.com/education/reptile-and-amphibian/turtle-and-tortoise/pet-turtles,True,Rewrite titles that are too short or too long while keeping the main topic clear.,76,Pet Turtles 101: A Beginner’s Guide to Keeping Turtles and Tortoises | Chewy,76,"From diet to habitat and beyond, our care guide has everything you need to know about keeping pet turtles.",106,turtles as pets,Pet Turtles 101: A Beginner’s Guide to Keeping Turtles and Tortoises,1,pet-turtles,True,True,False,False,False,False,False,False,3,329,3,,,,,,,13,11,11.5,6,5,1,1,154.0
Editorial,Meta,Page title length is not ideal,https://www.chewy.com/education/fish/general/how-to-choose-the-best-automatic-fish-feeders,True,Rewrite titles that are too short or too long while keeping the main topic clear.,66,How To Choose the Best Automatic Fish Feeder for Aquariums | Chewy,66,Learn how automatic fish feeders can help you manage your home aquarium.,72,automatic fish feeders,How To Choose the Best Automatic Fish Feeder for Aquariums,1,how-to-choose-the-best-automatic-fish-feeders,True,True,False,False,False,False,False,False,3,316,3,,,,,,,23,21,20.11,3,4,12,4,9.0
Editorial,Meta,Page title length is not ideal,https://www.chewy.com/education/fish/pond-fish/koi-fish-care-sheet,True,Rewrite titles that are too short or too long while keeping the main topic clear.,27,Koi Fish Care Sheet | Chewy,27,Thinking about getting pet koi fish? Learn everything you need to know to care for these little fishes properly.,112,koi care,Koi Fish Care Sheet,1,koi-fish-care-sheet,True,True,False,False,False,False,False,False,42,337,3,,,,,,,1,1,11.0,0,1,0,0,2.0
Editorial,Meta,Page title length is not ideal,https://www.chewy.com/education/fish/general/guppy-fish-care-sheet,True,Rewrite titles that are too short or too long while keeping the main topic clear.,29,Guppy Fish Care Sheet | Chewy,29,Thinking about getting a pet guppy? Learn everything you need to know to care for these little fishes properly.,111,guppy tank requirements,Guppy Fish Care Sheet,1,guppy-fish-care-sheet,True,True,False,False,False,False,False,False,8,347,3,,,,,,,7,7,12.25,1,3,0,3,4.0
Editorial,Meta,Page title length is not ideal,https://www.chewy.com/education/cat/food-and-nutrition/can-cats-eat-onions,True,Rewrite titles that are too short or too long while keeping the main topic clear.,20,Can Cats Eat Onions?,20,Can cats eat onions? All types and forms of onions are toxic to cats and can cause serious health issues.,105,can cats eat onions,Can Cats Eat Onions?,1,can-cats-eat-onions,True,True,False,False,False,False,False,False,30,309,3,,,,,,,3,3,3.0,3,0,0,0,38.0
Editorial,Meta,Page title length is not ideal,https://www.chewy.com/education/cat/food-and-nutrition/can-cats-eat-garlic,True,Rewrite titles that are too short or too long while keeping the main topic clear.,28,Can Cats Eat Garlic? | Chewy,28,"Garlic, whether raw or cooked, is toxic to cats. If a cat eats garlic, they need emergency medical treatment.",109,,Can Cats Eat Garlic?,1,can-cats-eat-garlic,True,True,False,False,False,False,False,False,26,323,3,,,,,,,,,,,,,,21.0
Editorial,Meta,Page title length is not ideal,https://www.chewy.com/education/wildlife/wild-birds/bird-migration,True,Rewrite titles that are too short or too long while keeping the main topic clear.,73,"Why Do Birds Migrate, and When? What To Know About Bird Migration | Chewy",73,"Bird migration happens twice a year. Learn why birds migrate and when here, including what migratory bird species you can expect to see.",136,,"Why Do Birds Migrate, and When? What To Know About Bird Migration",1,bird-migration,True,True,False,False,False,False,False,False,59,335,3,,,,,,,,,,,,,,7.0
Editorial,Meta,Page title length is not ideal,https://www.chewy.com/education/dog/flea-and-tick/best-flea-treatments-for-dogs,True,Rewrite titles that are too short or too long while keeping the main topic clear.,74,"10 Best Flea and Tick Prevention for Dogs in 2026, Vet Recommended | Chewy",74,"These are our veterinary experts’ picks for the best flea and tick prevention products for dogs, from oral medications to spot treatments.",138,chewy flea and tick,"10 Best Flea and Tick Prevention for Dogs in 2026, Vet Recommended",1,best-flea-treatments-for-dogs,True,True,False,False,False,False,False,False,37,331,3,,,,,,,4,4,8.5,3,1,0,0,17.0
Editorial,Meta,Page title length is not ideal,https://www.chewy.com/education/farm-animal/llama-and-alpaca/what-do-llamas-eat,True,Rewrite titles that are too short or too long while keeping the main topic clear.,27,What Do Llamas Eat? | Chewy,27,"What do llamas eat? Learn about a llama's diet, including their favorite foods, nutritional needs, and how to keep them healthy.",128,llama and alpaca feed,What Do Llamas Eat?,1,what-do-llamas-eat,True,True,False,False,False,False,False,False,3,316,3,,,,,,,1,1,15.0,0,1,0,0,21.0
Editorial,Meta,Page title length is not ideal,https://www.chewy.com/education/cat/health-and-wellness/cat-spraying,True,Rewrite titles that are too short or too long while keeping the main topic clear.,72,How To Stop Cat Spraying (And Why Cats Do It in the First Place) | Chewy,72,Are you struggling with your cat’s spraying behavior? Find out what might be causing it—and what you can do about it.,117,do female cats spray,How To Stop Cat Spraying (And Why Cats Do It in the First Place),1,cat-spraying,True,True,False,False,False,False,False,False,13,320,3,needs,3484.0,good,0.09,,,8,8,20.14,0,4,3,1,43.0
Editorial,Meta,Page title length is not ideal,https://www.chewy.com/education/cat/health-and-wellness/upper-respiratory-infection-in-cats,True,Rewrite titles that are too short or too long while keeping the main topic clear.,67,Upper Respiratory Infection in Cats: Symptoms and Treatment | Chewy,67,"Learn about upper respiratory infection in cats, including symptoms, causes, and treatment, with expert insights from veterinarians.",132,,What Are Upper Respiratory Infections in Cats?,1,upper-respiratory-infection-in-cats,True,True,False,False,False,False,False,False,15,331,3,good,2204.0,good,0.09,,,,,,,,,,13.0
Editorial,Meta,Page title length is not ideal,https://www.chewy.com/education/dog/health-and-wellness/reasons-to-adopt-senior-dog,True,Rewrite titles that are too short or too long while keeping the main topic clear.,29,Adopting a Senior Dog | Chewy,29,Adopting a senior dog comes with unique benefits from lower energy needs to deep companionship. Learn about older pups.,119,senior dogs,6 Reasons You Should Adopt a Senior Dog,1,reasons-to-adopt-senior-dog,True,True,False,False,False,False,False,False,4,322,3,,,,,,,2,2,22.5,0,1,1,0,2.0
Editorial,Meta,Page title length is not ideal,https://www.chewy.com/education/bird/general/best-pet-birds-for-beginners,True,Rewrite titles that are too short or too long while keeping the main topic clear.,80,"Best Pet Birds for Beginners: Friendly, Easy Birds for First-Time Owners | Chewy",80,Thinking about getting pet bird? Learn which types of birds may be best for your household.,91,pet birds,"Best Pet Birds for Beginners: Friendly, Easy Birds for First-Time Owners",1,best-pet-birds-for-beginners,True,True,False,False,False,False,False,False,5,331,3,needs,2519.0,good,0.08,,,11,9,14.75,1,6,1,3,95.0
Editorial,Meta,Page title length is not ideal,https://www.chewy.com/education/bird/general/caique-care-sheet,True,Rewrite titles that are too short or too long while keeping the main topic clear.,25,Caique Care Sheet | Chewy,25,Thinking about getting a pet caique? Learn everything you need to know to care for them properly.,97,caique,Caique Care Sheet,1,caique-care-sheet,True,True,False,False,False,False,False,False,4,331,3,,,,,,,18,16,10.47,8,8,1,1,5.0
Editorial,Meta,Page title length is not ideal,https://www.chewy.com/education/bird/general/dove-care-sheet,True,Rewrite titles that are too short or too long while keeping the main topic clear.,23,Dove Care Sheet | Chewy,23,Thinking about getting a pet dove? Learn everything you need to know to care for them properly.,95,pet doves,Dove Care Sheet,1,dove-care-sheet,True,True,False,False,False,False,False,False,2,335,3,,,,,,,10,10,16.67,0,7,2,1,9.0
Editorial,Meta,Page title length is not ideal,https://www.chewy.com/education/bird/general/sun-conure-care-sheet,True,Rewrite titles that are too short or too long while keeping the main topic clear.,29,Sun Conure Care Sheet | Chewy,29,"Learn how to properly care for a pet sun conures, including habitat and diet requirements.",90,sun conure,Sun Conure Care Sheet,1,sun-conure-care-sheet,True,True,False,False,False,False,False,False,3,339,3,,,,,,,18,18,17.27,5,3,7,3,6.0
Editorial,Meta,Page title length is not ideal,https://www.chewy.com/education/dog/pet-parenting/best-age-to-get-a-puppy,True,Rewrite titles that are too short or too long while keeping the main topic clear.,74,When Can You Take a Puppy Home? How to Know When the Time Is Right | Chewy,74,Factors like age and lifestyle can affect when you can take a puppy home. Here's how to know when the timing is right—for you and your puppy.,141,best age to get a puppy,When Can You Take a Puppy Home?,1,best-age-to-get-a-puppy,True,True,False,False,False,False,False,False,5,307,3,,,,,,,2,2,27.0,0,0,2,0,2.0
Editorial,Meta,Page title length is not ideal,https://www.chewy.com/education/dog/training-and-behavior/dog-commands-shake-a-paw,True,Rewrite titles that are too short or too long while keeping the main topic clear.,81,How to Teach a Dog to Shake a Paw (Because Pup Handshakes Are the Cutest) | Chewy,81,Want to train your pup to give a proper handshake? Follow our guide to how to teach a dog to shake a paw.,105,how to teach a dog to shake,How to Teach a Dog to Shake a Paw (Because Pup Handshakes Are the Cutest),1,dog-commands-shake-a-paw,True,True,False,False,False,False,False,False,16,319,3,,,,,,,5,4,13.2,0,5,0,0,12.0
Editorial,Meta,Page title length is not ideal,https://www.chewy.com/education/cat/food-and-nutrition/can-cats-eat-catnip,True,Rewrite titles that are too short or too long while keeping the main topic clear.,20,Can Cats Eat Catnip?,20,"Is catnip safe for cats? To reducing anxiety to providing entertainment, catnip provides a few benefits for cats. Here are some ways cats can safely enjoy catnip.",162,can cats eat catnip,Can Cats Eat Catnip?,1,can-cats-eat-catnip,True,True,False,False,False,False,False,False,5,321,3,,,,,,,4,4,12.75,2,2,0,0,4.0
Editorial,Meta,Page title length is not ideal,https://www.chewy.com/education/small-pet/guinea-pig/how-much-are-guinea-pigs,True,Rewrite titles that are too short or too long while keeping the main topic clear.,68,How Much Are Guinea Pigs? Budgeting Tips and Cost Guide 2024 | Chewy,68,"How much do guinea pigs cost? From day-one expenses to lifetime care, we’re breaking down the price of guinea pigs.",115,how much are guinea pigs,How Much Are Guinea Pigs? Budgeting Tips and Cost Guide 2024,1,how-much-are-guinea-pigs,True,True,False,False,False,False,False,False,4,346,3,,,,,,,3,3,5.33,3,0,0,0,73.0
Editorial,Meta,Page title length is not ideal,https://www.chewy.com/education/dog/grooming/golden-retriever-grooming-tips-how-to-groom-a-golden-retriever,True,Rewrite titles that are too short or too long while keeping the main topic clear.,89,"Golden Retriever Grooming Guide: Supplies, Techniques and Tips to Prevent Matting | Chewy",89,"Golden Retriever grooming is a necessary part of caring for this gentle dog breed. Find out how to groom a Golden Retriever, from the supplies you’ll need to tips on bathing and brushing.",187,best dog brush for golden retriever,Golden Retriever Grooming Tips: How to Groom a Golden Retriever,1,golden-retriever-grooming-tips-how-to-groom-a-golden-retriever,True,True,False,False,False,False,False,False,2,307,3,,,,,,,13,12,12.44,3,5,1,4,10.0
Editorial,Meta,Page title length is not ideal,https://www.chewy.com/education/cat/training-and-behavior/cat-stopped-using-litter-box,True,Rewrite titles that are too short or too long while keeping the main topic clear.,70,Cat Not Using the Litter Box? Here’s Why (And What You Can Do) | Chewy,70,Your cat not using the litter box definitely can be frustrating—but there are some things you can do to help your feline with this messy issue.,143,cat not using litter box,Cat Not Using the Litter Box? Here’s Why (And What You Can Do),1,cat-stopped-using-litter-box,True,True,False,False,False,False,False,False,26,318,3,good,2150.0,good,0.045,,,5,4,9.6,3,2,0,0,18.0
Editorial,Meta,Page title length is not ideal,https://www.chewy.com/education/wildlife/wild-birds/orioles-101-what-they-eat-where-they-live-how-to-attract-them,True,Rewrite titles that are too short or too long while keeping the main topic clear.,76,"Orioles 101: What They Eat, Where They Live, and How To Attract Them | Chewy",76,Different oriole bird species live throughout the U.S. Learn about these colorful songbirds and how to attract them to your yard.,129,,"Orioles 101: What They Eat, Where They Live, and How To Attract Them",1,orioles-101-what-they-eat-where-they-live-how-to-attract-them,True,True,False,False,False,False,False,False,10,316,3,,,,,,,,,,,,,,32.0
Editorial,Meta,Page title length is not ideal,https://www.chewy.com/education/wildlife/wild-birds/hummingbird-types-traits-and-where-to-spot-them,True,Rewrite titles that are too short or too long while keeping the main topic clear.,67,"Meet the Hummingbird: Types, Traits, and Where To Spot Them | Chewy",67,"Hummingbirds are small birds with unique features, like a needle-thin beak and quick wingspan. Learn about hummingbirds here.",125,,"Meet the Hummingbird: Types, Traits, and Where To Spot Them",1,hummingbird-types-traits-and-where-to-spot-them,True,True,False,False,False,False,False,False,9,323,3,,,,,,,,,,,,,,54.0
Editorial,Meta,Page title length is not ideal,https://www.chewy.com/education/dog/general/behavior-breeds-10-relaxed-dog-breeds,True,Rewrite titles that are too short or too long while keeping the main topic clear.,29,10 Relaxed Dog Breeds | Chewy,29,"Here’s a list of dog breeds that, if raised and socialized properly, are generally calm and relaxed around the home.",116,relaxed dog,10 Relaxed Dog Breeds,1,behavior-breeds-10-relaxed-dog-breeds,True,True,False,False,False,False,False,False,10,309,3,,,,,,,3,2,13.0,1,2,0,0,25.0
Editorial,Meta,Page title length is not ideal,https://www.chewy.com/education/dog/general/fastest-dog-breeds,True,Rewrite titles that are too short or too long while keeping the main topic clear.,26,Fastest Dog Breeds | Chewy,26,"Discover the fastest dog breeds in the world, from Greyhounds to Border Collies, and learn what makes these speedy pups built for agility, endurance, and top running speeds.",173,fastest dog breed,Meet the 15 Fastest Dog Breeds Before They Zip By,1,fastest-dog-breeds,True,True,False,False,False,False,False,False,9,357,3,needs,3002.0,good,0.08,,,4,3,18.5,0,3,1,0,59.0
Editorial,Meta,Page title length is not ideal,https://www.chewy.com/education/cat/training-and-behavior/decoding-cats-body-language,True,Rewrite titles that are too short or too long while keeping the main topic clear.,68,Cat Body Language: An Expert Guide to Understanding Your Cat | Chewy,68,What is your cat telling you with their posture? Read our guide to cat body language to decode your kitty’s secret messages.,124,cat posture meaning,Cat Body Language: An Expert Guide to Understanding Your Cat,1,decoding-cats-body-language,True,True,False,False,False,False,False,False,19,311,3,,,,,,,2,2,18.0,0,1,0,1,2.0
Editorial,Meta,Page title length is not ideal,https://www.chewy.com/education/small-pet/rabbit/can-rabbits-swim,True,Rewrite titles that are too short or too long while keeping the main topic clear.,25,Can Rabbits Swim? | Chewy,25,Can rabbits swim? Learn everything you need to know about why it’s best for your bunny to avoid water and why.,110,,Can Rabbits Swim?,1,can-rabbits-swim,True,True,False,False,False,False,False,False,2,324,3,,,,,,,,,,,,,,28.0
Editorial,Meta,Page title length is not ideal,https://www.chewy.com/education/cat/general/scratch-this-not-that-your-guide-to-the-best-cat-scratching-posts-and-scratchers,True,Rewrite titles that are too short or too long while keeping the main topic clear.,75,How to Choose the Best Cat Scratching Post for Your Favorite Feline | Chewy,75,Cats can’t help scratching. Our buying guide will help you find the best cat scratching post or scratch pad to keep your pet happy.,131,best cat scratching post,"Scratch This, Not That! Your Guide to the Best Cat Scratching Posts and Scratchers",1,scratch-this-not-that-your-guide-to-the-best-cat-scratching-posts-and-scratchers,True,True,False,False,False,False,False,False,3,332,3,,,,,,,9,9,16.78,2,3,4,0,2.0
Editorial,Meta,Page title length is not ideal,https://www.chewy.com/education/cat/food-and-nutrition/can-cats-eat-grapes,True,Rewrite titles that are too short or too long while keeping the main topic clear.,28,Can Cats Eat Grapes? | Chewy,28,"Grapes may be a healthy snack for humans, but can cats eat grapes safely? Learn the risks, symptoms, and safer fruit alternatives.",130,can cats eat grapes,Can Cats Eat Grapes?,1,can-cats-eat-grapes,True,True,False,False,False,False,False,False,9,320,3,,,,,,,3,3,11.0,1,2,0,0,13.0
Editorial,Meta,Page title length is not ideal,https://www.chewy.com/education/cat/general/these-working-cats-programs-give-unadoptable-felines-a-home-and-a-job,True,Rewrite titles that are too short or too long while keeping the main topic clear.,74,Working Cats Programs Give “Unadoptable” Felines a Safe Home—and a | Chewy,74,"Working cats programs across the country place so-called “unadoptable” cats in outdoor environments where they’re not only safe, but where they can thrive.",155,,These Working Cats Programs Give “Unadoptable” Felines a Home—and a Job,1,these-working-cats-programs-give-unadoptable-felines-a-home-and-a-job,True,True,False,False,False,False,False,False,5,310,3,,,,,,,,,,,,,,1.0
Editorial,Meta,Page title length is not ideal,https://www.chewy.com/education/cat/health-and-wellness/do-all-cats-spray,True,Rewrite titles that are too short or too long while keeping the main topic clear.,26,Do All Cats Spray? | Chewy,26,See how to reduce the risk of spraying behavior.,48,do male cats spray,Do All Cats Spray?,1,do-all-cats-spray,True,True,False,False,False,False,False,False,4,307,3,,,,,,,3,3,11.0,1,1,0,1,2.0
Editorial,Meta,Page title length is not ideal,https://www.chewy.com/education/dog/health-and-wellness/getting-your-dog-neutered-a-step-by-step-look-at-dog-neuter-surgery,True,Rewrite titles that are too short or too long while keeping the main topic clear.,69,"Neutering in Dogs: When to Do It, Benefits and What to Expect | Chewy",69,Does your dog need to be neutered? Find out everything you need to know about this routine procedure for male dogs.,115,how long does it take to neuter a dog,"Neutering in Dogs: When to Do It, Benefits and What to Expect",1,getting-your-dog-neutered-a-step-by-step-look-at-dog-neuter-surgery,True,True,False,False,False,False,False,False,17,317,3,,,good,0.045,,,1,1,29.0,0,0,1,0,42.0
Editorial,Meta,Page title length is not ideal,https://www.chewy.com/education/dog/pet-parenting/dognapping-how-to-prevent-dog-theft-2,True,Rewrite titles that are too short or too long while keeping the main topic clear.,69,Dognapping Is On the Rise—These 7 Tips Can Keep Your Dog Safe | Chewy,69,"Incidents of dognapping are up all across the U.S. Find out what puts a dog at risk, and how to prevent your dog being stolen.",126,dognapping,Dognapping Is On the Rise—These 7 Tips Can Keep Your Dog Safe,1,dognapping-how-to-prevent-dog-theft,True,True,False,False,False,False,False,False,4,320,3,,,,,,,2,2,17.5,0,2,0,0,3.0
Editorial,Meta,Page title length is not ideal,https://www.chewy.com/education/forever-loved,True,Rewrite titles that are too short or too long while keeping the main topic clear.,21,Forever Loved | Chewy,21,,,what does chewy do when your pet dies,Forever Loved,1,forever-loved,True,True,False,False,False,False,False,False,7,308,3,good,1872.0,good,0.025,,,5,5,1.6,5,0,0,0,26.0
Editorial,Meta,Page title length is not ideal,https://www.chewy.com/education/cat/pet-parenting/your-guide-to-the-best-cat-litter-box-for-your-feline-friend,True,Rewrite titles that are too short or too long while keeping the main topic clear.,72,Buying Guide: How to Choose the Best Cat Litter Box for Your Pet | Chewy,72,"From self-cleaning to covered to ones that look like furniture, we’ll help you find the best cat litter box for your pet.",121,chewy cat litter box,Your Guide to the Best Cat Litter Box for Your Feline Friend,1,your-guide-to-the-best-cat-litter-box-for-your-feline-friend,True,True,False,False,False,False,False,False,18,312,3,,,,,,,1,1,,0,0,0,1,1.0
Editorial,Meta,Page title length is not ideal,https://www.chewy.com/education/dog/health-and-wellness/skin-tags-on-dogs,True,Rewrite titles that are too short or too long while keeping the main topic clear.,25,Skin Tags On Dogs | Chewy,25,"Find out what that growth on your dog’s skin could be, and whether you should worry about it.",93,skin tags on dogs,Skin Tags On Dogs,1,skin-tags-on-dogs,True,True,False,False,False,False,False,False,2,306,3,,,,,,,4,3,17.5,1,1,2,0,15.0
Editorial,Meta,Page title length is not ideal,https://www.chewy.com/education/dog/general/white-dogs,True,Rewrite titles that are too short or too long while keeping the main topic clear.,24,White Dog Breeds | Chewy,24,"Discover these stunning white dog breeds, from tiny lap dogs to giant working breeds. Learn about their personalities, grooming needs, and what makes these white-coated dogs unique.",181,,15 White Dog Breeds to Love,1,white-dogs,True,True,False,False,False,False,False,False,5,343,3,needs,3148.0,good,0.09,,,,,,,,,,309.0
Editorial,Meta,Page title length is not ideal,https://www.chewy.com/education/reptile-and-amphibian/general/scorpion-care-sheet,True,Rewrite titles that are too short or too long while keeping the main topic clear.,27,Scorpion Care Sheet | Chewy,27,Thinking about getting a pet scorpion? Learn everything you need to know to care for them properly.,99,flat rock scorpion pet supplies,Scorpion Care Sheet,1,scorpion-care-sheet,True,True,False,False,False,False,False,False,6,329,3,,,,,,,1,1,19.0,0,1,0,0,1.0
Editorial,Meta,Page title length is not ideal,https://www.chewy.com/education/reptile-and-amphibian/general/axolotl-care-sheet,True,Rewrite titles that are too short or too long while keeping the main topic clear.,26,Axolotl Care Sheet | Chewy,26,Thinking about getting a pet axolotl? Learn everything you need to know to care for them properly.,98,,Axolotl Care Sheet,1,axolotl-care-sheet,True,True,False,False,False,False,False,False,5,328,3,,,,,,,,,,,,,,7.0
Editorial,Meta,Page title length is not ideal,https://www.chewy.com/education/dog/general/dogs-with-newborns,True,Rewrite titles that are too short or too long while keeping the main topic clear.,75,Dogs with Newborns: How to Prepare and Introduce Your Dog to a Baby | Chewy,75,Get expert tips on how to successfully introduce dogs with newborns. The first step is to prepare your dog far in advance of baby's arrival.,140,dogs and newborns,Dogs with Newborns: How to Prepare and Introduce Your Dog to a Baby,1,dogs-with-newborns,True,False,False,False,False,False,False,False,4,329,3,needs,2663.0,good,0.09,,,3,3,14.33,1,1,1,0,1.0
Editorial,Meta,Page title length is not ideal,https://www.chewy.com/education/dog/health-and-wellness/why-do-dogs-pant,True,Rewrite titles that are too short or too long while keeping the main topic clear.,25,Why Do Dogs Pant? | Chewy,25,"Learn why dogs pant, what’s normal, common causes like heat and excitement, and when panting may signal a health concern.",121,,Why Do Dogs Pant?,1,why-do-dogs-pant,True,True,False,False,False,False,False,False,31,317,3,,,,,,,,,,,,,,7.0
Editorial,Meta,Page title length is not ideal,https://www.chewy.com/education/cat/training-and-behavior/my-senior-cat-meows-loudly,True,Rewrite titles that are too short or too long while keeping the main topic clear.,74,Why Is My Cat Meowing Loudly? What to Do When Your Cat Meows a Lot | Chewy,74,"When a cat’s meowing loudly, it could be anything from a call for attention to a cry for help. Findout how to tell the difference.",130,cat meowing loudly,Why Is My Cat Meowing Loudly?,1,my-senior-cat-meows-loudly,True,True,False,False,False,False,False,False,13,325,3,,,,,,,2,2,9.5,2,0,0,0,1.0
Editorial,Meta,Page title length is not ideal,https://www.chewy.com/education/bird/health-and-wellness/pet-bird-noise-101,True,Rewrite titles that are too short or too long while keeping the main topic clear.,26,Pet Bird Noise 101 | Chewy,26,BeChewy looks at why pet birds make the noises they do and tips to live with these various sounds.,98,how do sun conures use their loud vocalizations within a flock,Pet Bird Noise 101,1,pet-bird-noise,True,True,False,False,False,False,False,False,9,308,3,,,,,,,1,1,10.0,1,0,0,0,4.0
Editorial,Meta,Page title length is not ideal,https://www.chewy.com/education/reptile-and-amphibian/bearded-dragon/bearded-dragon-lifespan,True,Rewrite titles that are too short or too long while keeping the main topic clear.,75,Bearded Dragon Lifespan: How Long Will Your Beardie Live? l Chewy Education,75,Curious about your bearded dragon’s life expectancy? Learn how long these reptiles live and how to keep them healthy.,117,bearded dragon lifespan,How Long Do Bearded Dragons Live?,1,bearded-dragon-lifespan,True,True,False,False,False,False,False,False,3,341,3,,,,,,,2,2,18.0,0,1,1,0,21.0
Editorial,Meta,Page title length is not ideal,https://www.chewy.com/education/cat/health-and-wellness/bloating-in-kittens,True,Rewrite titles that are too short or too long while keeping the main topic clear.,27,Bloating in Kittens | Chewy,27,"BeChewy helps you learn about why your kitten might be bloated, how you can treat it and prevent your kitten's bloated belly in the future.",139,kitten bloated belly,Bloating in Kittens,1,bloating-in-kittens,True,True,False,False,False,False,False,False,4,306,3,,,,,,,3,3,21.67,0,0,3,0,6.0
Editorial,Meta,Page title length is not ideal,https://www.chewy.com/education/bird/general/decorate-your-home-or-aviary-with-bird-safe-plants,True,Rewrite titles that are too short or too long while keeping the main topic clear.,71,The 10 Best Plants for Your Bird’s Cage—And Which Ones to Avoid | Chewy,71,"From basil, mint and beyond, find out what plants are safe for your bird’s cage—and which are poisonous for your pet.",117,bird safe plants,The 10 Best Plants for Your Bird’s Cage—And Which Ones to Avoid,1,decorate-your-home-or-aviary-with-bird-safe-plants,True,True,False,False,False,False,False,False,6,309,3,needs,3661.0,good,0.09,,,5,3,11.0,2,2,0,1,51.0
Editorial,Meta,Page title length is not ideal,https://www.chewy.com/education/small-pet/rabbit/rabbits-need-water,True,Rewrite titles that are too short or too long while keeping the main topic clear.,75,"Water for Rabbits: How Much They Need, Bowls vs. Bottles and Beyond | Chewy",75,"How much should rabbits drink, and from a bowl or a bottle? Find out everything you need to know about water for rabbits.",121,do rabbits drink water,"Water for Rabbits: How Much They Need, Bowls vs. Bottles, and Beyond",1,rabbits-need-water,True,True,False,False,False,False,False,False,7,315,3,needs,3618.0,good,0.09,,,5,5,5.2,5,0,0,0,86.0
Editorial,Meta,Page title length is not ideal,https://www.chewy.com/education/dog/food-and-nutrition/can-dogs-eat-bananas,True,Rewrite titles that are too short or too long while keeping the main topic clear.,29,Can Dogs Eat Bananas? | Chewy,29,Bananas can be a safe and tasty treat for dogs. Learn how much banana your dog can eat and the best ways to serve it—plus what to avoid.,136,can dogs have bananas,Can Dogs Eat Bananas?,1,can-dogs-eat-bananas,True,True,False,False,False,False,False,False,23,325,3,,,,,,,3,3,15.67,0,3,0,0,24.0
Editorial,Meta,Page title length is not ideal,https://www.chewy.com/education/horse/health-and-wellness/chestnuts-on-horses-what-are-they-and-why-do-horses-have-them,True,Rewrite titles that are too short or too long while keeping the main topic clear.,72,"Chestnuts on Horses: What Are They, and Why Do Horses Have Them? | Chewy",72,"Chestnuts on horses may look unnatural, but they’re a totally normal part of equine anatomy. Find out why there are chestnuts on your horse.",140,horse chestnut leg,"Chestnuts on Horses: What Are They, and Why Do Horses Have Them?",1,chestnuts-on-horses-what-are-they-and-why-do-horses-have-them,True,True,False,False,False,False,False,False,2,309,3,,,,,,,3,3,13.0,1,1,0,1,13.0
Editorial,Meta,Page title length is not ideal,https://www.chewy.com/education/horse/health-and-wellness/equine-allergies-in-horses,True,Rewrite titles that are too short or too long while keeping the main topic clear.,72,Allergies in Horses: Symptoms and Treatment for Equine Allergies | Chewy,72,"We’ve got everything you need to know about equine allergies, from signs and symptoms to treatment and beyond.",110,allergy medicine for horses,Allergies in Horses: Symptoms and Treatment for Equine Allergies,1,equine-allergies-in-horses,True,True,False,False,False,False,False,False,4,330,3,,,,,,,5,5,13.5,2,1,1,1,5.0
Editorial,Meta,Page title length is not ideal,https://www.chewy.com/education/cat/general/how-to-choose-the-best-cat-carrier-for-your-favorite-feline,True,Rewrite titles that are too short or too long while keeping the main topic clear.,69,Buying Guide: How to Choose the Best Cat Carrier for Your Pet | Chewy,69,"From backpacks to crates, we help you pick the best cat carrier for your fave feline.",85,best cat carriers,How to Choose the Best Cat Carrier for Your Favorite Feline,1,how-to-choose-the-best-cat-carrier-for-your-favorite-feline,True,True,False,False,False,False,False,False,7,328,3,,,,,,,8,8,10.38,3,5,0,0,14.0
Editorial,Meta,Page title length is not ideal,https://www.chewy.com/education/cat/general/yes-your-kitty-needs-a-cat-tree-heres-how-to-choose-the-best-one,True,Rewrite titles that are too short or too long while keeping the main topic clear.,73,Cat Tree Buying Guide: How to Find the Best Cat Tree for Your Pet | Chewy,73,"Does your kitty need a small, basic cat tree, or all the bells and whistles? Find the best cat tree for your cat with these expert tips.",136,best cat tree,"Yes, Your Kitty Needs a Cat Tree – Here’s How to Choose the Best One",1,yes-your-kitty-needs-a-cat-tree-heres-how-to-choose-the-best-one,True,True,False,False,False,False,False,False,9,317,3,,,,,,,19,18,5.88,14,3,0,2,28.0
Editorial,Meta,Page title length is not ideal,https://www.chewy.com/education/horse/general/guide-to-horse-colors,True,Rewrite titles that are too short or too long while keeping the main topic clear.,26,Horse Colors Guide | Chewy,26,"Horses can be many different colors, depending on their breed. Discover what each horse color looks like and which breeds can be that color.",140,horse colors,"Here’s Your Guide to Horse Colors, From Appaloosa to Roan",1,guide-to-horse-colors,True,True,False,False,False,False,False,False,6,320,3,needs,2999.0,good,0.05,,,2,2,9.0,1,1,0,0,19.0
Editorial,Meta,Page title length is not ideal,https://www.chewy.com/education/cat/food-and-nutrition/can-cats-eat-eggs,True,Rewrite titles that are too short or too long while keeping the main topic clear.,26,Can Cats Eat Eggs? | Chewy,26,"Eggs are a nutritious snack for people, but can cats eat eggs too? They can—as long as they’re fed in moderation.",113,can cats eat eggs,Can Cats Eat Eggs?,1,can-cats-eat-eggs,True,True,False,False,False,False,False,False,7,325,3,needs,3051.0,needs,0.1,,,5,5,3.0,4,0,0,1,152.0
Editorial,Meta,Page title length is not ideal,https://www.chewy.com/education/dog/general/what-size-crate-does-my-dog-need-how-to-measure,True,Rewrite titles that are too short or too long while keeping the main topic clear.,67,What Size Crate Should I Get for My Dog? Here’s How to Tell | Chewy,67,Your dog’s crate can be their happy place—but only if it’s the right size. Find out how to measure your dog for a crate and other factors to consider.,150,what size crate for my dog,What Size Crate Should I Get for My Dog? Here’s How to Tell,1,what-size-crate-does-my-dog-need-how-to-measure,True,True,False,False,False,False,False,False,15,350,3,needs,2692.0,good,0.05499999999999999,,,13,12,16.08,1,8,3,1,12.0
Editorial,Meta,Page title length is not ideal,https://www.chewy.com/education/dog/pet-parenting/8-things-dog-parents-do-that-can-land-them-in-the-dog-house,True,Rewrite titles that are too short or too long while keeping the main topic clear.,67,8 Things Dog Parents Do That Can Land Them in the Dog House | Chewy,67,"When you love someone, keeping them safe is a priority, even when it might not make them happy. This is the everyday life of a dog parent. Here are eight things you might do to keep your dog safe that will land you in the dog house with your pupper.",249,,8 Things Dog Parents Do That Can Land Them in the Dog House,1,8-things-dog-parents-do-that-can-land-them-in-the-dog-house,True,True,False,False,False,False,False,False,2,311,3,,,,,,,,,,,,,,1.0
Editorial,Meta,Page title length is not ideal,https://www.chewy.com/education/dog/pet-parenting/cat-friendly-apartments-making-the-most-of-a-small-space,True,Rewrite titles that are too short or too long while keeping the main topic clear.,70,Cat-Friendly Apartments: How to Make the Most of a Small Space | Chewy,70,Looking to make your kitty roomie more comfortable in your small city apartment? Check out some essential cat supplies to make your flat a cat-friendly apartment.,162,cat in studio apartment,Cat-Friendly Apartments: Making the Most of a Small Space,1,cat-friendly-apartments-making-the-most-of-a-small-space,True,True,False,False,False,False,False,False,2,318,3,,,,,,,2,2,17.5,0,1,1,0,4.0
Editorial,Meta,Page title length is not ideal,https://www.chewy.com/education/dog/pet-parenting/15-hilarious-thoughts-you-have-while-grooming-dogs-and-cats,True,Rewrite titles that are too short or too long while keeping the main topic clear.,70,15 Funny Thoughts Pet Parents Have When Grooming Dogs and Cats | Chewy,70,"Grooming dogs and cats is no walk in the park, not to mention the judging glances your pet gives you during bath time. Check out 15 relatable thoughts you may have while grooming pets.",184,,15 Hilarious Thoughts You Have While Grooming Dogs and Cats,1,15-hilarious-thoughts-you-have-while-grooming-dogs-and-cats,True,True,False,False,False,False,False,False,4,312,3,,,,,,,,,,,,,,1.0
Editorial,Meta,Page title length is not ideal,https://www.chewy.com/education/fish/general/how-to-clear-cloudy-water-in-your-fish-tank,True,Rewrite titles that are too short or too long while keeping the main topic clear.,79,Cloudy Water in a Freshwater Fish Tank: Causes and How To Get Rid of It | Chewy,79,"What causes cloudy water in a fish tank, and what can you do about it? Here's what to do when your fishes' home looks less than clear.",134,why is my fish tank cloudy,Cloudy Water in a Freshwater Fish Tank: Causes and How To Get Rid of It,1,how-to-clear-cloudy-water-in-your-fish-tank,True,True,False,False,False,False,False,False,9,327,3,needs,2625.0,good,0.09,,,8,7,16.0,2,4,2,0,28.0
Editorial,Meta,Page title length is not ideal,https://www.chewy.com/education/cat/food-and-nutrition/nutrition-pet-diet-tips-can-cats-eat-peanut-butter,True,Rewrite titles that are too short or too long while keeping the main topic clear.,27,Can Cats Eat Peanut Butter?,27,"Can cats eat peanut butter? Dogs enjoy snacking on some creamy peanut butter, but is peanut butter safe for cats? We ask a veterinarian whether cats can eat peanut butter.",171,can cats have peanut butter,Can Cats Eat Peanut Butter?,1,nutrition-pet-diet-tips-can-cats-eat-peanut-butter,True,True,False,False,False,False,False,False,5,310,3,,,,,,,4,4,9.33,2,1,0,1,14.0
Editorial,Meta,Page title length is not ideal,https://www.chewy.com/education/cat/health-and-wellness/daylight-saving-time-tips-dogs-cats,True,Rewrite titles that are too short or too long while keeping the main topic clear.,73,Does Daylight Saving Time Affect Pets? 8 Tips To Help Them Adjust | Chewy,73,"Adjusting to changing the clocks can be hard, even for our pets. Get expert training tips to help your dog or cat learn their new schedule.",139,,Does Daylight Saving Time Affect Pets? 8 Tips To Help Them Adjust,1,daylight-saving-time-tips-dogs-cats,True,True,False,False,False,False,False,False,4,322,3,,,,,,,,,,,,,,1.0
Editorial,Meta,Page title length is not ideal,https://www.chewy.com/education/dog/food-and-nutrition/can-dogs-eat-garlic,True,Rewrite titles that are too short or too long while keeping the main topic clear.,28,Can Dogs Eat Garlic? | Chewy,28,Garlic may be tasty but why is it bad for dogs? Learn what symptoms to watch for and what to do if your dog eats garlic.,120,garlic in dog food,Can Dogs Eat Garlic? Why Is Garlic Bad for Dogs?,1,can-dogs-eat-garlic,True,True,False,False,False,False,False,False,24,326,3,,,,,,,2,2,25.0,0,0,1,1,11.0
Editorial,Meta,Page title length is not ideal,https://www.chewy.com/education/dog/food-and-nutrition/can-dogs-eat-onions,True,Rewrite titles that are too short or too long while keeping the main topic clear.,20,Can Dogs Eat Onions?,20,"Can dogs eat onions? Or are onions poisonous to dogs? Unlike some other veggies, onions can be bad for canines. Here's what to know.",132,can dogs eat onions,Can Dogs Eat Onions?,1,can-dogs-eat-onions,True,True,False,False,False,False,False,False,32,319,3,,,,,,,3,3,20.67,0,1,2,0,8.0
Editorial,Meta,Page title length is not ideal,https://www.chewy.com/education/cat/pet-parenting/boarding-dos-donts,True,Rewrite titles that are too short or too long while keeping the main topic clear.,29,Tips for Pet Boarding | Chewy,29,Use these pet boarding tips for pet hotels and pet daycare to ensure your pet has a positive experience while you are away.,123,,Doggy Daycare and Pet Boarding Do’s and Don’ts,1,boarding-dos-donts,True,True,False,False,False,False,False,False,7,316,3,,,,,,,,,,,,,,2.0
Editorial,Meta,Page title length is not ideal,https://www.chewy.com/education/dog/food-and-nutrition/nutrition-pet-diet-tips-can-dogs-eat-popcorn,True,Rewrite titles that are too short or too long while keeping the main topic clear.,29,Can Dogs Eat Popcorn? | Chewy,29,"Can dogs eat popcorn? Popcorn may be a favorite snack for at-home movie watchers, but is it safe for dogs? Here's what vets had to say.",135,can dogs eat popcorn,Can Dogs Eat Popcorn?,1,nutrition-pet-diet-tips-can-dogs-eat-popcorn,True,True,False,False,False,False,False,False,8,316,3,,,,,,,4,3,9.0,3,1,0,0,28.0
Editorial,Meta,Page title length is not ideal,https://www.chewy.com/education/dog/food-and-nutrition/nutrition-pet-diet-tips-can-dogs-eat-walnuts,True,Rewrite titles that are too short or too long while keeping the main topic clear.,29,Can Dogs Eat Walnuts? | Chewy,29,"If your dog snags a nut that falls on the floor, should you freak out? Here are the facts on whether or not dogs can eat walnuts.",129,can dogs eat walnuts,Can Dogs Eat Walnuts?,1,nutrition-pet-diet-tips-can-dogs-eat-walnuts,True,True,False,False,False,False,False,False,6,306,3,,,,,,,3,3,12.67,1,2,0,0,16.0
Editorial,Meta,Page title length is not ideal,https://www.chewy.com/education/dog/food-and-nutrition/can-dogs-eat-cheese,True,Rewrite titles that are too short or too long while keeping the main topic clear.,20,Can Dogs Eat Cheese?,20,Can dogs eat cheese? Here's everything you need to know about feeding cheese to canines including tips for serving it up safely.,128,can dogs have cheese,Can Dogs Eat Cheese?,1,can-dogs-eat-cheese,True,True,False,False,False,False,False,False,12,311,3,,,,,,,3,3,29.5,0,0,2,1,10.0
Editorial,Meta,Page title length is not ideal,https://www.chewy.com/education/horse/general/horse-face-markings,True,Rewrite titles that are too short or too long while keeping the main topic clear.,27,Horse Face Markings | Chewy,27,"Learn about all the different horse face markings our equine friends can have, including illustrations of each for easy reference.",130,horse face markings,Horse Face Markings,1,horse-face-markings,True,True,False,False,False,False,False,False,7,319,3,,,,,,,2,2,14.0,0,2,0,0,26.0
Editorial,Meta,Page title length is not ideal,https://www.chewy.com/education/horse/general/tips-for-choosing-the-perfect-horse-boarding-facility,True,Rewrite titles that are too short or too long while keeping the main topic clear.,78,"Everything You Need to Know About Horse Boarding: Cost, Types and More | Chewy",78,"Should you board your horse, and how can you find the best boarding facility? We’re breaking down all the basics of horse boarding.",131,horse boarding,"Everything You Need to Know About Horse Boarding: Cost, Types, and More",1,tips-for-choosing-the-perfect-horse-boarding-facility,True,True,False,False,False,False,False,False,8,310,3,,,,,,,4,4,16.25,1,2,1,0,3.0
Editorial,Meta,Page title length is not ideal,https://www.chewy.com/education/bird/food-and-nutrition/let-your-pet-bird-try-quinoa-the-mother-of-all-grains,True,Rewrite titles that are too short or too long while keeping the main topic clear.,21,Can Birds Eat Quinoa?,21,"Can birds eat quinoa? Treat your pet bird to recipes using the delicious, healthy, protein-packed grain called quinoa.",118,can birds eat quinoa,Can Birds Eat Quinoa?,1,let-your-pet-bird-try-quinoa-the-mother-of-all-grains,True,True,False,False,False,False,False,False,2,307,3,,,,,,,4,4,1.5,4,0,0,0,24.0
Editorial,Meta,Page title length is not ideal,https://www.chewy.com/education/dog/general/siberian-husky-vs-alaskan-malamute,True,Rewrite titles that are too short or too long while keeping the main topic clear.,71,Siberian Husky vs. Alaskan Malamute: Which Snow Dog Is for You? | Chewy,71,Siberian Huskies and Alaskan Malamutes are both Nordic breeds with similar needs. Learn about Siberian Huskies vs. Alaskan Malamutes.,133,,Siberian Husky vs. Alaskan Malamute: Which Snow Dog Is for You?,1,siberian-husky-vs-alaskan-malamute,True,True,False,False,False,False,False,False,3,327,3,,,,,,,,,,,,,,
Editorial,Meta,Page title length is not ideal,https://www.chewy.com/education/cat/pet-parenting/pet-parenting-pet-lovers-8-signs-youre-ready-for-another-cat,True,Rewrite titles that are too short or too long while keeping the main topic clear.,70,Should I Get Another Cat? Ask Yourself These 5 Questions First | Chewy,70,"If you’re wondering, “should I get another cat,” ask yourself these five questions to determine if you’re ready to add to your feline tribe.",140,signs your cat wants another cat quiz,8 Signs You’re Ready for Another Cat,1,pet-parenting-pet-lovers-8-signs-youre-ready-for-another-cat,True,True,False,False,False,False,False,False,7,310,3,,,,,,,1,1,7.0,1,0,0,0,3.0
Editorial,Meta,Page title length is not ideal,https://www.chewy.com/education/dog/pet-parenting/tips-for-keeping-your-pets-safe-around-cleaning-products,True,Rewrite titles that are too short or too long while keeping the main topic clear.,74,Keeping Your Pets Safe Around Cleaning Products During Coronavirus | Chewy,74,Follow these tips to keep your home clean and your pets safe from harmful chemicals.,84,,Tips for Keeping Your Pets Safe Around Cleaning Products,1,tips-for-keeping-your-pets-safe-around-cleaning-products,True,True,False,False,False,False,False,False,7,306,3,,,,,,,,,,,,,,1.0
Editorial,Meta,Page title length is not ideal,https://www.chewy.com/education/cat/training-and-behavior/why-do-cats-scratch,True,Rewrite titles that are too short or too long while keeping the main topic clear.,28,Why Do Cats Scratch? | Chewy,28,And how can you get them not to scratch your furniture? A veterinarian offers up answers about this natural cat instinct.,121,why do cats scratch,Why Do Cats Scratch?,1,why-do-cats-scratch,True,True,False,False,False,False,False,False,8,312,3,,,,,,,4,4,2.67,3,0,0,1,10.0
Editorial,Meta,Page title length is not ideal,https://www.chewy.com/education/author/sandy-tasse,True,Rewrite titles that are too short or too long while keeping the main topic clear.,29,"Sandy Tasse, DVM | PetMD Vets",29,"Article and Pet Health and Care Advice from Sandy Tasse, DVM at PetMD.",70,,Sandy Tasse,1,sandy-tasse,True,True,False,False,False,False,False,False,2,305,3,,,,,,,,,,,,,,
Editorial,Meta,Page title length is not ideal,https://www.chewy.com/education/cat/pet-parenting/what-its-like-to-foster-a-pet-during-the-pandemic,True,Rewrite titles that are too short or too long while keeping the main topic clear.,70,What It’s Like to Foster a Pet During the Coronavirus Pandemic | Chewy,70,These three pet parents took in a foster dog or cat during the coronavirus pandemic. Here’s what happened.,106,,What It’s Like to Foster a Pet During the Pandemic,1,what-its-like-to-foster-a-pet-during-the-pandemic,True,True,False,False,False,False,False,False,6,307,3,,,,,,,,,,,,,,1.0
Editorial,Meta,Page title length is not ideal,https://www.chewy.com/education/cat/pet-parenting/animal-fostering-is-having-a-major-moment-and-its-changing-lives-for-pets-and-people-alike,True,Rewrite titles that are too short or too long while keeping the main topic clear.,99,Animal Fostering Is Having a Major Moment—And It’s Changing Lives for Pets and People Alike | Chewy,99,"Find out why thousands of people are fostering during the pandemic, and whether it’s right for you.",99,,Animal Fostering Is Having a Major Moment—And It’s Changing Lives for Pets and People Alike,1,animal-fostering-is-having-a-major-moment-and-its-changing-lives-for-pets-and-people-alike,True,True,False,False,False,False,False,False,9,307,3,,,,,,,,,,,,,,1.0
Editorial,Meta,Page title length is not ideal,https://www.chewy.com/education/cat/pet-parenting/24-ways-to-celebrate-earth-day-with-your-pet,True,Rewrite titles that are too short or too long while keeping the main topic clear.,79,Celebrate the Planet With These 24 Earth Day Activities for Pet Parents | Chewy,79,"Whether you have five minutes or all day long, there’s plenty you can do to celebrate and sustain Mother Earth. Start with these 24 Earth Day activities for pet parents",168,chewy pet day,24 Ways to Celebrate Earth Day With Your Pet,1,24-ways-to-celebrate-earth-day-with-your-pet,True,True,False,False,False,False,False,False,4,319,3,,,,,,,1,1,,0,0,0,1,1.0
Editorial,Meta,Page title length is not ideal,https://www.chewy.com/education/dog/pet-parenting/pet-parenting-travel-fall-getaways-dog-friendly-destinations-you-have-to-visit,True,Rewrite titles that are too short or too long while keeping the main topic clear.,66,Fall Getaways: Dog-Friendly Destinations You Have to Visit | Chewy,66,"Fall fun is definitely on the horizon. And if you're planning a getaway, we have a few suggestions on places you should visit with your dog.",140,,Fall Getaways: Dog-Friendly Destinations You Have to Visit,1,pet-parenting-travel-fall-getaways-dog-friendly-destinations-you-have-to-visit,True,True,False,False,False,False,False,False,3,306,3,,,,,,,,,,,,,,1.0
Editorial,Meta,Page title length is not ideal,https://www.chewy.com/education/dog/health-and-wellness/biotin-in-dogs,True,Rewrite titles that are too short or too long while keeping the main topic clear.,22,Biotin in Dogs | Chewy,22,Biotin is sometimes included in skin and coat supplements for dogs. Here is what we know about biotin use in dogs and whether vets recommend it.,144,biotin for dogs,Biotin for Dogs: Can Dogs Take Biotin?,1,biotin-in-dogs,True,True,False,False,False,False,False,False,2,307,3,,,,,,,2,2,2.5,2,0,0,0,9.0
Editorial,Meta,Page title length is not ideal,https://www.chewy.com/education/dog/general/staffordshire-bull-terrier-vs-american-staffordshire-terrier,True,Rewrite titles that are too short or too long while keeping the main topic clear.,69,Staffordshire Bull Terrier vs. American Staffordshire Terrier | Chewy,69,Learn the differences between the Staffordshire Bull Terrier and American Staffordshire Terrier and which breed is best for you.,128,,Staffordshire Bull Terrier vs. American Staffordshire Terrier,1,staffordshire-bull-terrier-vs-american-staffordshire-terrier,True,True,False,False,False,False,False,False,2,340,3,,,,,,,,,,,,,,49.0
Editorial,Meta,Page title length is not ideal,https://www.chewy.com/education/dog/health-and-wellness/milk-thistle-for-dogs,True,Rewrite titles that are too short or too long while keeping the main topic clear.,29,Milk Thistle for Dogs | Chewy,29,"Milk thistle is a common supplement used to support liver health in dogs. Learn from your vet what it may do, possible side effects, and how to use it safely.",158,,"Milk Thistle for Dogs: Benefits, Safety, and How to Use It",1,milk-thistle-for-dogs,True,True,False,False,False,False,False,False,2,315,3,,,,,,,,,,,,,,14.0
Editorial,Meta,Page title length is not ideal,https://www.chewy.com/education/fish/general/how-to-spot-signs-of-distress-in-your-fish-before-its-too-late,True,Rewrite titles that are too short or too long while keeping the main topic clear.,71,How To Spot Signs Of Distress In Your Fish Before It’s Too Late | Chewy,71,Learn about the signs of distress in your pet fish in order to treat it and prevent it in the future.,101,fish breathing heavy,How To Spot Signs Of Distress In Your Fish Before It’s Too Late,1,how-to-spot-signs-of-distress-in-your-fish-before-its-too-late,True,True,False,False,False,False,False,False,7,308,3,,,,,,,1,1,29.0,0,0,1,0,3.0
Editorial,Meta,Page title length is not ideal,https://www.chewy.com/education/small-pet/chinchilla,True,Rewrite titles that are too short or too long while keeping the main topic clear.,66,Chinchilla Care Information and Essential Maintenance Tips | Chewy,66,"Learn chinchilla care basics with expert maintenance tips and reliable information to keep your fluffy companion happy, clean, and healthy.",139,how to tell how old a chinchilla is,Chinchilla,1,chinchilla,True,True,False,False,False,False,False,False,25,310,3,,,,,,,2,2,15.0,0,1,0,1,1.0
Editorial,Meta,Page title length is not ideal,https://www.chewy.com/education/small-pet/degu,True,Rewrite titles that are too short or too long while keeping the main topic clear.,26,Degu Education Hub | Chewy,26,"New to degus? This education hub offers feeding, handling, and housing tips tailored to these curious pets.",107,degu health and grooming,Degu,1,degu,True,True,False,False,False,False,False,False,18,305,3,,,,,,,7,7,20.0,1,1,2,3,1.0
Editorial,Meta,Page title length is not ideal,https://www.chewy.com/education/small-pet/hedgehog/hedgehog-care-sheet,True,Rewrite titles that are too short or too long while keeping the main topic clear.,27,Hedgehog Care Sheet | Chewy,27,Thinking about getting a pet hedgehog? Learn everything you need to know to care for them properly.,99,hedgehog supplies,Hedgehog Care Sheet,1,hedgehog-care-sheet,True,True,False,False,False,False,False,False,20,328,3,,,,,,,7,7,24.29,0,2,5,0,2.0
Editorial,Meta,Page title length is not ideal,https://www.chewy.com/education/small-pet/general/chinchilla-care-sheet,True,Rewrite titles that are too short or too long while keeping the main topic clear.,29,Chinchilla Care Sheet | Chewy,29,Thinking about getting a pet chinchilla? Learn everything you need to know to care for them properly.,101,grooming and health for your new chinchilla,Chinchilla Care Sheet,1,chinchilla-care-sheet,True,True,False,False,False,False,False,False,9,332,3,,,,,,,3,3,16.33,1,0,2,0,6.0
Editorial,Meta,Page title length is not ideal,https://www.chewy.com/education/small-pet/general/gerbil-care-sheet,True,Rewrite titles that are too short or too long while keeping the main topic clear.,25,Gerbil Care Sheet | Chewy,25,Thinking about getting a pet gerbil? Learn everything you need to know to care for them properly.,97,mongolian gerbil care,Gerbil Care Sheet,1,gerbil-care-sheet,True,True,False,False,False,False,False,False,9,333,3,,,,,,,2,2,,0,0,0,2,1.0
Editorial,Meta,Page title length is not ideal,https://www.chewy.com/education/cat/training-and-behavior/how-to-stop-cat-from-biting,True,Rewrite titles that are too short or too long while keeping the main topic clear.,73,"How to Stop Your Cat From Biting (Because Wow, That Really Hurts) | Chewy",73,Learn why cats bite you and how to stop a cat from biting with expert tips from a veterinarian to help strengthen your bond with your pet.,138,why does my cat bite me,Why Does My Cat Bite Me? How To Stop Cat Biting Behavior,1,how-to-stop-cat-from-biting,True,True,False,False,False,False,False,False,16,327,3,needs,3409.0,good,0.055,,,11,10,12.5,3,7,0,1,149.0
Editorial,Meta,Page title length is not ideal,https://www.chewy.com/education/dog/food-and-nutrition/dog-food-allergies-vs-food-intolerances,True,Rewrite titles that are too short or too long while keeping the main topic clear.,85,"Food Intolerance in Dogs: Signs, Treatment, and How It Differs From Allergies | Chewy",85,"Food intolerance in dogs can cause vomiting, diarrhea, and gas. Learn the symptoms, common triggers, treatment, and how it differs from food allergies.",151,food intolerance dog,"Food Intolerance in Dogs: Signs, Treatment, and How It Differs From Allergies",1,dog-food-allergies-vs-food-intolerances,True,True,False,False,False,False,False,False,3,331,3,,,,,,,2,2,22.0,0,0,1,1,1.0
Editorial,Meta,Page title length is not ideal,https://www.chewy.com/education/dog/food-and-nutrition/can-dogs-eat-corn,True,Rewrite titles that are too short or too long while keeping the main topic clear.,26,Can Dogs Eat Corn? | Chewy,26,"Whether fresh, sweet, or on the cob, can dogs eat corn safely? Learn what’s OK, what’s not, and how to prep this popular veggie for your pup.",141,can dogs eat corn,Can Dogs Eat Corn?,1,can-dogs-eat-corn,True,False,False,False,False,False,False,False,8,323,3,needs,3251.0,needs,0.1,,,5,5,13.2,3,1,1,0,55.0
Editorial,Meta,Page title length is not ideal,https://www.chewy.com/education/bird/parrot/bad-foods-for-parrots,True,Rewrite titles that are too short or too long while keeping the main topic clear.,29,Bad Foods For Parrots | Chewy,29,"Foods such as alcohol, chocolate, avocado, uncooked meats and shellfish can be bad for your pet bird.",101,can parrots eat fish,Bad Foods For Parrots,1,bad-foods-for-parrots,True,True,False,False,False,False,False,False,5,310,3,,,,,,,2,2,8.5,1,1,0,0,1.0
Editorial,Meta,Page title length is not ideal,https://www.chewy.com/education/dog/training-and-behavior/training-behavior-stress-anxiety-best-summer-pet-gear,True,Rewrite titles that are too short or too long while keeping the main topic clear.,28,Best Summer Pet Gear | Chewy,28,"Find the best summer pet gear for your pet. Discover the best dog beds, dog toys, cat window seats and life vest for dogs perfect for the hot summer months.",156,,Best Summer Pet Gear,1,training-behavior-stress-anxiety-best-summer-pet-gear,True,True,False,False,False,False,False,False,4,318,3,,,,,,,,,,,,,,1.0
Editorial,Meta,Page title length is not ideal,https://www.chewy.com/education/bird/health-and-wellness/the-parrot-beak,True,Rewrite titles that are too short or too long while keeping the main topic clear.,23,The Parrot Beak | Chewy,23,"BeChewy explores the parrot beak anatomy, as well as diseases that affect the beak and how to take care of your bird's beak.",124,parrot beak,The Parrot Beak,1,the-parrot-beak,True,True,False,False,False,False,False,False,12,309,3,,,,,,,5,5,7.0,4,1,0,0,11.0
Editorial,Meta,Page title length is not ideal,https://www.chewy.com/education/dog/health-and-wellness/dry-eye-in-dogs,True,Rewrite titles that are too short or too long while keeping the main topic clear.,74,"Dry Eye in Dogs: Symptoms, Diagnosis and Vet-Recommended Treatment | Chewy",74,"Curious about dry eye in dogs? Discover what you need to know about dry eye in dogs (also called keratoconjunctivitis sicca), from causes and symptoms to treatment.",164,dry eye treatment in dogs,Dry Eye in Dogs,1,dry-eye-in-dogs,True,True,False,False,False,False,False,False,8,309,3,,,,,,,2,2,23.0,0,0,1,1,1.0
Editorial,Meta,Page title length is not ideal,https://www.chewy.com/education/small-pet/general,True,Rewrite titles that are too short or too long while keeping the main topic clear.,79,"General Small Pet Information on Species, Habits, Care Needs & More | Chewy.com",79,"Explore general small pet information including species differences, habitat needs, handling tips, and care routines to help you prepare for life with hamsters, rabbits, guinea pigs, and more.",192,,Small Pet General,1,general,True,True,False,False,False,False,False,False,6,309,3,,,,,,,,,,,,,,1.0
Editorial,Meta,Page title length is not ideal,https://www.chewy.com/education/dog/food-and-nutrition/can-dogs-eat-bbq-sauce,True,Rewrite titles that are too short or too long while keeping the main topic clear.,23,Can Dogs Eat BBQ Sauce?,23,"Summer’s in full swing, and pups are hoping to sneak a taste of that delicious barbecue sauce. But can dogs eat BBQ sauce? Nope—here’s why.",139,can dogs have bbq sauce,Can Dogs Eat BBQ Sauce?,1,can-dogs-eat-bbq-sauce,True,True,False,False,False,False,False,False,9,312,3,,,,,,,5,5,7.2,3,2,0,0,21.0
Editorial,Meta,Page title length is not ideal,https://www.chewy.com/education/dog/food-and-nutrition/can-dogs-eat-bell-peppers,True,Rewrite titles that are too short or too long while keeping the main topic clear.,26,Can Dogs Eat Bell Peppers?,26,"Can dogs eat bell peppers? Bell peppers are a low-calorie snack brimming with nutrients, fiber and antioxidants, all of which can contribute to your dog’s health.",162,can dogs eat bell peppers,Can Dogs Eat Bell Peppers?,1,can-dogs-eat-bell-peppers,True,True,False,False,False,False,False,False,7,317,3,,,,,,,3,3,2.0,3,0,0,0,79.0
Editorial,Meta,Page title length is not ideal,https://www.chewy.com/education/cat/health-and-wellness/nausea-in-cats,True,Rewrite titles that are too short or too long while keeping the main topic clear.,22,Nausea in Cats | Chewy,22,"Learn why your cat might feel nauseated, how a veterinarian will treat them, and how you can help them feel better fast.",120,,Nausea in Cats: Why Your Feline Might Be Feeling Woozy,1,nausea-in-cats,True,True,False,False,False,False,False,False,5,353,3,,,,,,,,,,,,,,20.0
Editorial,Meta,Page title length is not ideal,https://www.chewy.com/education/bird/training-and-behavior/stop-the-squawk,True,Rewrite titles that are too short or too long while keeping the main topic clear.,23,Stop The Squawk | Chewy,23,BeChewy gives you tips for what you can do to stop a bird from squawking.,73,,Stop The Squawk,1,stop-the-squawk,True,True,False,False,False,False,False,False,3,311,3,,,,,,,,,,,,,,3.0
Editorial,Meta,Page title length is not ideal,https://www.chewy.com/education/cat/general/what-is-a-tabby-cat,True,Rewrite titles that are too short or too long while keeping the main topic clear.,28,What Is a Tabby Cat? | Chewy,28,"What is a tabby cat? Learn about the tabby cat characteristics, lifespan, and possible breeds here.",99,tabby cat breed,"What Is a Tabby Cat, Anyway?",1,what-is-a-tabby-cat,True,True,False,False,False,False,False,False,5,315,3,,,,,,,4,4,8.0,1,1,0,2,28.0
Editorial,Meta,Page title length is not ideal,https://www.chewy.com/education/dog/training-and-behavior/pros-and-cons-of-pet-boarding-and-pet-sitting,True,Rewrite titles that are too short or too long while keeping the main topic clear.,89,Pet Boarding and Pet Sitting: Deciding How to Care for Your Pets When You’re Away | Chewy,89,Deciding between in-home dog or cat sitting and boarding pets when you travel? Understanding the pros and cons of pet boarding and pet sitting can help you make your choice.,173,benefits of dog boarding,The Pros and Cons of Pet Boarding and Pet Sitting,1,pros-and-cons-of-pet-boarding-and-pet-sitting,True,True,False,False,False,False,False,False,7,315,3,,,,,,,2,2,5.0,1,0,0,1,13.0
Editorial,Meta,Page title length is not ideal,https://www.chewy.com/education/cat/training-and-behavior/tips-adjusting-cat-sleep-schedules,True,Rewrite titles that are too short or too long while keeping the main topic clear.,69,Your Cat's Sleep Schedule: How to Get a Cat to Sleep at Night | Chewy,69,Sick of early-morning meows? Get your cat's sleep schedule to match yours with these tips on how to get a cat to sleep at night.,128,cat sleep schedule,Tips for Adjusting Your Cat’s Sleep Schedule,1,tips-adjusting-cat-sleep-schedules,True,True,False,False,False,False,False,False,7,315,3,,,,,,,1,1,16.0,0,1,0,0,1.0
Editorial,Meta,Page title length is not ideal,https://www.chewy.com/education/dog/general/golden-retriever-puppy-essentials,True,Rewrite titles that are too short or too long while keeping the main topic clear.,67,The Best Golden Retriever Puppy Essentials for Your New Pup | Chewy,67,"Explore the ultimate list of Golden Retriever puppy essentials for new pet parents, from food bowls to chew toys and beyond.",124,golden retriever puppy essentials,The Best Golden Retriever Puppy Essentials for Your New Pup,1,golden-retriever-puppy-essentials,True,True,False,False,False,False,False,False,3,395,3,,,,,,,15,15,18.18,5,1,5,4,27.0
Editorial,Meta,Page title length is not ideal,https://www.chewy.com/education/dog/general/pembroke-welsh-corgi-vs-cardigan-welsh-corgi,True,Rewrite titles that are too short or too long while keeping the main topic clear.,70,Types of Corgis: Pembroke Welsh Corgi vs. Cardigan Welsh Corgi | Chewy,70,"Learn the key differences between Pembroke and Cardigan Welsh Corgis, from appearance to personality, to find the right type of Corgi.",134,cardigan welsh corgi,Types of Corgis: Pembroke Welsh Corgi vs. Cardigan Welsh Corgi,1,pembroke-welsh-corgi-vs-cardigan-welsh-corgi,True,True,False,False,False,False,False,False,5,348,3,,,,,,,3,3,18.67,1,1,1,0,113.0
Editorial,Meta,Page title length is not ideal,https://www.chewy.com/education/dog/health-and-wellness/ashwagandha-for-dogs,True,Rewrite titles that are too short or too long while keeping the main topic clear.,28,Ashwagandha for Dogs | Chewy,28,"Ashwagandha is promoted for stress relief and sleep in people, but evidence in dogs is limited. It should only be used cautiously with veterinary guidance.",155,,Ashwagandha for Dogs: What You Need to Know,1,ashwagandha-for-dogs,True,True,False,False,False,False,False,False,1,308,3,,,,,,,,,,,,,,18.0
Editorial,Meta,Page title length is not ideal,https://www.chewy.com/education/dog/health-and-wellness/calcium-for-dogs,True,Rewrite titles that are too short or too long while keeping the main topic clear.,24,Calcium for Dogs | Chewy,24,"Calcium is an essential mineral for dogs, but extra supplements aren’t always safe—especially for puppies and pregnant dogs. Learn when it can help and when it can cause harm.",175,dog vitamins calcium,"Calcium for Dogs: Benefits, Safety, and When Supplements Make Sense",1,calcium-for-dogs,True,True,False,False,False,False,False,False,4,311,3,,,,,,,1,1,6.0,1,0,0,0,14.0
Editorial,Meta,Page title length is not ideal,https://www.chewy.com/education/small-pet/hamster/best-hamster-cage,True,Rewrite titles that are too short or too long while keeping the main topic clear.,68,Best Hamster Cages of 2022 According to Pet Parents Like You | Chewy,68,Make your furry bestie feel right at home with the best hamster cage rated and reviewed by hamster parents like you.,116,,The Best Hamster Cages to Make the Perfect Hammie Hideout,1,best-hamster-cage,True,True,False,False,False,False,False,False,6,311,3,,,,,,,,,,,,,,1.0
Editorial,Meta,Page title length is not ideal,https://www.chewy.com/education/small-pet/rabbit/how-long-does-a-bunny-live,True,Rewrite titles that are too short or too long while keeping the main topic clear.,74,How Long Do Rabbits Live? 7 Tips To Increase Your Bunny’s Lifespan | Chewy,74,How long does a bunny live? Get the answer and tips to lengthen their lifespan.,79,how long do bunnies live,How Long Do Rabbits Live? 7 Tips To Increase Your Bunny’s Lifespan,1,how-long-does-a-bunny-live,True,True,False,False,False,False,False,False,4,323,3,,,,,,,6,5,14.67,2,2,2,0,27.0
Editorial,Meta,Page title length is not ideal,https://www.chewy.com/education/dog/general/largest-dog-pool-party-guinness-world-record-chewy,True,Rewrite titles that are too short or too long while keeping the main topic clear.,78,Chewy Sets the Guinness World Records Title for Largest Dog Pool Party | Chewy,78,"On May 9, Chewy set the Guinness World Record for the largest dog pool party ever. Here's what it looked like.",110,,We Made History: Chewy Just Set the Guinness World Records Title for the Largest Dog Pool Party,1,largest-dog-pool-party-guinness-world-record-chewy,True,True,False,False,False,False,False,False,2,313,3,,,,,,,,,,,,,,1.0
Editorial,Meta,Page title length is not ideal,https://www.chewy.com/education/cat/health-and-wellness/how-to-dispose-of-cat-litter,True,Rewrite titles that are too short or too long while keeping the main topic clear.,84,How To Dispose of Cat Litter: Safe Options for Your Home and the Environment | Chewy,84,"Learn how to dispose of cat litter safely, including trash, flushing, composting, and eco-friendly tips for pet parents.",120,best cat litter disposal systems,How To Dispose of Cat Litter: Safe Options for Your Home and the Environment,1,how-to-dispose-of-cat-litter,True,True,False,False,False,False,False,False,5,319,3,needs,3202.0,good,0.08,,,4,4,26.0,0,0,4,0,128.0
Editorial,Meta,Page title length is not ideal,https://www.chewy.com/education/wildlife/waterfowl/chewy-claus-fern-duck-holiday-lights,True,Rewrite titles that are too short or too long while keeping the main topic clear.,77,How Fern the Duck's Chewy Claus Wish Brought a Michigan Town Together | Chewy,77,See how Chewy Claus helped her share Fern the duck's colorful view of the world with a magical holiday light show.,114,,How Fern the Duck’s Chewy Claus Wish Brought a Michigan Town Together,1,chewy-claus-fern-duck-holiday-lights,True,True,False,False,False,False,False,False,8,309,3,,,,,,,,,,,,,,1.0
Editorial,Meta,Page title length is not ideal,https://www.chewy.com/education/wildlife/wild-birds/winter-birds,True,Rewrite titles that are too short or too long while keeping the main topic clear.,79,7 Winter Birds To Spot This Season—And How To Attract Them To Your Yard | Chewy,79,"Spot stunning winter birds like cardinals and juncos this season. Learn how to identify them and attract feathered friends with food, feeders, and water.",153,,7 Winter Birds To Spot This Season—And How To Attract Them To Your Yard,1,winter-birds,True,True,False,False,False,False,False,False,7,339,3,,,,,,,,,,,,,,4.0
Editorial,Meta,Page title length is not ideal,https://www.chewy.com/education/wildlife/wild-birds/best-smart-bird-feeders,True,Rewrite titles that are too short or too long while keeping the main topic clear.,76,Your Guide to Finding a Smart Bird Feeder That’s Right for Your Yard | Chewy,76,Smart bird feeders offer unique and up-close ways to bird watch. Learn about the best smart feeders and which is best for you.,126,smart bird feeders,Your Guide to Finding a Smart Bird Feeder That’s Right for Your Yard,1,best-smart-bird-feeders,True,True,False,False,False,False,False,False,48,324,3,,,,,,,3,3,18.0,0,2,1,0,1.0
Editorial,Meta,Page title length is not ideal,https://www.chewy.com/education/dog/food-and-nutrition/turkey-cranberry-meatballs-diy-dog-treat,True,Rewrite titles that are too short or too long while keeping the main topic clear.,90,DIY Dog Treat: These Turkey-Cranberry Meatballs Are the Perfect Thanksgiving Treat | Chewy,90,Serve up this DIY dog treat to your pup this Thanksgiving and prepare to be covered in thank-you kisses!,104,turkey meatballs for dogs,These Turkey-Cranberry Meatballs for Dogs Are the Perfect Thanksgiving Treat,1,turkey-cranberry-meatballs-diy-dog-treat,True,True,False,False,False,False,False,False,12,308,3,,,,,,,3,2,11.0,1,2,0,0,1.0
Editorial,Meta,Page title length is not ideal,https://www.chewy.com/education/dog/health-and-wellness/why-is-my-old-dog-losing-hair,True,Rewrite titles that are too short or too long while keeping the main topic clear.,77,Why Is My Old Dog Losing Hair? How To Handle Hair Loss in Senior Dogs | Chewy,77,Is your senior dog losing hair? Find out why old dogs lose hair and whether it's a normal part of aging or a sign of something more.,132,old dog losing hair,Why Is My Old Dog Losing Hair? How To Handle Hair Loss in Senior Dogs,1,why-is-my-old-dog-losing-hair,True,True,False,False,False,False,False,False,3,346,3,needs,2740.0,good,0.08,,,6,6,4.5,4,0,0,2,55.0
Editorial,Meta,Page title length is not ideal,https://www.chewy.com/education/dog/health-and-wellness/quercetin-for-dogs,True,Rewrite titles that are too short or too long while keeping the main topic clear.,26,Quercetin for Dogs l Chewy,26,"Learn all about quercetin, why it might be helpful for allergies and other conditions, and how to know if your pup needs it.",124,,Quercetin for Dogs: How This Natural Remedy May Help Dog Allergies,1,quercetin-for-dogs,True,True,False,False,False,False,False,False,3,320,3,,,,,,,,,,,,,,47.0
Editorial,Meta,Page title length is not ideal,https://www.chewy.com/education/dog/general/7-tips-for-traveling-with-a-puppy,True,Rewrite titles that are too short or too long while keeping the main topic clear.,25,Puppy Travel Tips | Chewy,25,"Ready to hit the road with your puppy? Discover 20 expert-approved puppy travel tips to ensure your trip is safe, smooth, and stress-free.",138,flying with a puppy,Puppy Travel: 20 Tips for Safe and Drama-Free Trips With Your Pup,1,7-tips-for-traveling-with-a-puppy,True,True,False,False,False,False,False,False,4,352,3,,,,,,,4,4,9.0,2,2,0,0,6.0
Editorial,Meta,Page title length is not ideal,https://www.chewy.com/education/dog/new-dog/pet-parenting-holidays-puppys-first-christmas-what-you-need-to-know,True,Rewrite titles that are too short or too long while keeping the main topic clear.,79,Puppy’s First Christmas: 10 Tips for a Safe and Stress-Free Celebration | Chewy,79,Celebrating your puppy’s first Christmas? Congrats! Read on for safety tips and festive suggestions for making the most of this season.,135,puppys first christmas,Puppy’s First Christmas: 10 Tips for a Safe and Stress-Free Celebration,1,pet-parenting-holidays-puppys-first-christmas-what-you-need-to-know,True,True,False,False,False,False,False,False,3,330,3,,,,,,,3,2,12.0,0,1,0,2,1.0
Editorial,Meta,Page title length is not ideal,https://www.chewy.com/education/dog/new-dog/pet-parenting-pet-lovers-dog-adoption-checklist-what-you-need-to-know,True,Rewrite titles that are too short or too long while keeping the main topic clear.,71,Dog Adoption Checklist: Everything New Dog Parents Need to Know | Chewy,71,So you adopted a new dog. Now what? Use our dog adoption checklist to make sure you have all the dog essentials you need.,121,dog adoption kit,Dog Adoption Checklist: Everything New Dog Parents Need to Know—and Buy,1,pet-parenting-pet-lovers-dog-adoption-checklist-what-you-need-to-know,True,True,False,False,False,False,False,False,5,371,3,,,,,,,4,3,18.0,0,1,0,3,5.0
Editorial,Meta,Page title length is not ideal,https://www.chewy.com/education/cat/general/behavior-breeds-ragamuffin-cat-breed,True,Rewrite titles that are too short or too long while keeping the main topic clear.,28,Ragamuffin Cat Breed | Chewy,28,"Learn about Ragamuffin cats and read up on the breed's personality, size and history.",85,,Ragamuffin Cat Breed,1,behavior-breeds-ragamuffin-cat-breed,True,True,False,False,False,False,False,False,3,308,3,,,,,,,,,,,,,,1.0
Editorial,Meta,Page title length is not ideal,https://www.chewy.com/education/fish/general/what-fish-can-live-with-goldfish,True,Rewrite titles that are too short or too long while keeping the main topic clear.,84,What Fish Can Live with Goldfish? How To Choose the Best Goldfish Tank Mates | Chewy,84,Thinking about getting pet goldfish? Learn if they can safely live with other fish.,83,what fishes can be kept with goldfish,What Fish Can Live with Goldfish? How To Choose the Best Goldfish Tank Mates,1,what-fish-can-live-with-goldfish,True,True,False,False,False,False,False,False,3,318,3,needs,2957.0,good,0.09,,,2,2,16.5,0,1,1,0,66.0
Editorial,Meta,Page title length is not ideal,https://www.chewy.com/education/dog/health-and-wellness/the-new-pet-parent-guide-to-finding-a-vet,True,Rewrite titles that are too short or too long while keeping the main topic clear.,69,A Guide to Finding a Vet: How to Find a Good Vet In Your Area | Chewy,69,"Finding a vet can seem overwhelming when you have a teething puppy or new rescue cat at home, but this helpful guide breaks down how to choose a good vet.",154,chewy vet,The New Pet Parent Guide to Finding a 5-Star Vet–and How to Be a 5-Star Client,1,the-new-pet-parent-guide-to-finding-a-vet,True,True,False,False,False,False,False,False,20,319,3,,,,,,,7,6,19.0,1,4,2,0,1.0
Editorial,Meta,Page title length is not ideal,https://www.chewy.com/education/reptile-and-amphibian/snake/petting-snakes,True,Rewrite titles that are too short or too long while keeping the main topic clear.,72,Do Snakes Like Being Pet? The Essential Guide to Handling Snakes | Chewy,72,"No, snakes aren’t the cuddliest pets—so what’s the best way to handle them? Find out in our guide to petting snakes.",116,do snakes like being pet,Do Snakes Like Being Pet? The Essential Guide to Handling Snakes,1,petting-snakes,True,True,False,False,False,False,False,False,12,313,3,,,,,,,1,1,6.0,1,0,0,0,19.0
Editorial,Meta,Page title length is not ideal,https://www.chewy.com/education/cat/food-and-nutrition/can-cats-eat-avocado,True,Rewrite titles that are too short or too long while keeping the main topic clear.,21,Can Cats Eat Avocado?,21,"Can cats eat avocado? Avocados harbor a toxin that poses a threat to our feline companions. Plus, the high fat content of avocados is not suitable for cats.",156,can cats eat avocado,Can Cats Eat Avocado?,1,can-cats-eat-avocado,True,True,False,False,False,False,False,False,3,314,3,,,,,,,3,3,7.5,2,0,0,1,30.0
Editorial,Meta,Page title length is not ideal,https://www.chewy.com/education/cat/food-and-nutrition/can-cats-eat-dog-food,True,Rewrite titles that are too short or too long while keeping the main topic clear.,22,Can Cats Eat Dog Food?,22,"Can cats eat dog food? If you happen to catch your cat eating dog food, there’s no need to worry. But cats shouldn't make it a habit. Vets explain why.",151,can cats eat dog food,Can Cats Eat Dog Food?,1,can-cats-eat-dog-food,True,True,False,False,False,False,False,False,4,322,3,,,,,,,3,3,3.0,3,0,0,0,70.0
Editorial,Meta,Page title length is not ideal,https://www.chewy.com/education/cat/food-and-nutrition/can-cats-eat-rice,True,Rewrite titles that are too short or too long while keeping the main topic clear.,18,Can Cats Eat Rice?,18,"Can cats eat rice? Yes, rice is safe for cats, but don't give them too much of the pantry staple. Here's what you need to know about cats and rice.",147,can cats eat rice,Can Cats Eat Rice?,1,can-cats-eat-rice,True,True,False,False,False,False,False,False,3,309,3,,,,,,,3,3,4.33,3,0,0,0,10.0
Editorial,Meta,Page title length is not ideal,https://www.chewy.com/education/cat/food-and-nutrition/can-cats-eat-blueberries,True,Rewrite titles that are too short or too long while keeping the main topic clear.,25,Can Cats Eat Blueberries?,25,"Can cats eat blueberries? You want to share blueberries with your cat? Go for it! We’ll explain how much cats can eat, the benefits of blueberries for cats and more.",165,can cats eat blueberries,Can Cats Eat Blueberries?,1,can-cats-eat-blueberries,True,True,False,False,False,False,False,False,13,314,3,,,,,,,3,3,4.67,3,0,0,0,13.0
Editorial,Meta,Page title length is not ideal,https://www.chewy.com/education/cat/food-and-nutrition/nutrition-pet-diet-tips-can-cats-eat-cheese,True,Rewrite titles that are too short or too long while keeping the main topic clear.,20,Can Cats Eat Cheese?,20,Can cats eat cheese? Yes—but only a small amount of cheese is safe. Here's all you need to know about cats and cheese.,118,can cats eat cheese,Can Cats Eat Cheese?,1,nutrition-pet-diet-tips-can-cats-eat-cheese,True,True,False,False,False,False,False,False,8,318,3,,,,,,,6,6,10.17,3,3,0,0,31.0
Editorial,Meta,Page title length is not ideal,https://www.chewy.com/education/bird/general/powerful-bird-beaks,True,Rewrite titles that are too short or too long while keeping the main topic clear.,28,Parrot Beak Strength | Chewy,28,How strong is your pet parrot's beak? Hear all about bird beaks here.,69,parrot bite force,Powerful Bird Beaks,1,powerful-bird-beaks,True,True,False,False,False,False,False,False,5,308,3,,,,,,,2,2,7.0,2,0,0,0,5.0
Editorial,Meta,Page title length is not ideal,https://www.chewy.com/education/cat/food-and-nutrition/5-cat-health-conditions-veterinary-exclusive-diets-help-support,True,Rewrite titles that are too short or too long while keeping the main topic clear.,67,Veterinary Exclusive Diets: Supporting Cat Health With Food | Chewy,67,"A veterinary exclusive diet can help support major feline health conditions. Find out what to look for in cat food if you’re dealing with cat constipation, feline diabetes or other health conditions requiring a lifestyle change.",228,,5 Cat Health Conditions Veterinary Exclusive Diets Help Support,1,5-cat-health-conditions-veterinary-exclusive-diets-help-support,True,True,False,False,False,False,False,False,4,307,3,,,,,,,,,,,,,,1.0
Editorial,Meta,Page title length is not ideal,https://www.chewy.com/education/cat/food-and-nutrition/can-cats-eat-pumpkin,True,Rewrite titles that are too short or too long while keeping the main topic clear.,21,Can Cats Eat Pumpkin?,21,"Can cats eat pumpkin? Yes, not only can cats eat pumpkin, but it’s also a nutritious treat that most cats are delighted to have added to their diet.",148,cat pumpkin,Can Cats Eat Pumpkin?,1,can-cats-eat-pumpkin,True,True,False,False,False,False,False,False,12,310,3,,,,,,,8,8,13.83,2,3,1,2,60.0
Editorial,Meta,Page title length is not ideal,https://www.chewy.com/education/cat/food-and-nutrition/probiotic-prebiotic-treats-cats,True,Rewrite titles that are too short or too long while keeping the main topic clear.,74,What Are Prebiotics and Probiotics and How Can They Help Your Cat? | Chewy,74,Learn the benefits of prebiotics and probiotics for cats and how they can help with cat vomiting and upset stomachs. Find out how you can add them to your cat’s diet.,166,prebiotics for cats,Prebiotics vs. Probiotics: What They Are and How They Can Help Your Cat,1,probiotic-prebiotic-treats-cats,True,True,False,False,False,False,False,False,5,310,3,,,,,,,1,1,11.0,0,1,0,0,1.0
Editorial,Meta,Page title length is not ideal,https://www.chewy.com/education/cat/food-and-nutrition/can-cats-eat-bread,True,Rewrite titles that are too short or too long while keeping the main topic clear.,19,Can Cats Eat Bread?,19,Want to break bread with your cat? Go for it! But only feed them a small piece in moderation. Learn more about how to feed your cat bread.,138,can cats eat bread,Can Cats Eat Bread?,1,can-cats-eat-bread,True,True,False,False,False,False,False,False,8,310,3,,,,,,,3,3,7.67,3,0,0,0,18.0
Editorial,Meta,Page title length is not ideal,https://www.chewy.com/education/cat/training-and-behavior/best-cat-trees,True,Rewrite titles that are too short or too long while keeping the main topic clear.,69,"The Best Cat Trees of 2022, According to Pet Parents Like You | Chewy",69,We’ve rounded up the best cat trees as rated by Chewy cat parents and tested by their favorite felines.,103,cat tree,The Best Cat Trees to Help Your Feline Friend Climb to New Heights,1,best-cat-trees,True,True,False,False,False,False,False,False,2,319,3,,,,,,,1,1,15.0,0,1,0,0,1.0
Editorial,Meta,Page title length is not ideal,https://www.chewy.com/education/cat/training-and-behavior/petiquette-what-should-i-do-if-my-pet-destroys-someones-belongings,True,Rewrite titles that are too short or too long while keeping the main topic clear.,74,What Should You Do When Your Dog or Cat Destroys Someone’s Things? | Chewy,74,Wondering how to respond if your dog or cat damages someone’s property? Our pet etiquette expert has the answer.,112,,Petiquette: What Should I Do If My Pet Destroys Someone’s Belongings,1,petiquette-what-should-i-do-if-my-pet-destroys-someones-belongings,True,True,False,False,False,False,False,False,4,309,3,,,,,,,,,,,,,,1.0
Editorial,Meta,Page title length is not ideal,https://www.chewy.com/education/cat/training-and-behavior/why-is-my-kitten-biting-me,True,Rewrite titles that are too short or too long while keeping the main topic clear.,72,Why Is My Kitten Biting Me and How to Stop a Kitten Biting Phase | Chewy,72,"If your new kitten is going through a kitten biting phase, learn their motives and curb the behavior with these tips from a certified animal behaviorist.",153,kitten bite,Why Is My Kitten Biting Me—and How Do I Stop It?,1,why-is-my-kitten-biting-me,True,True,False,False,False,False,False,False,3,307,3,good,2240.0,good,0.05500000000000001,,,11,11,9.36,8,2,1,0,74.0
Editorial,Meta,Page title length is not ideal,https://www.chewy.com/education/dog/training-and-behavior/can-dogs-eat-leaves,True,Rewrite titles that are too short or too long while keeping the main topic clear.,28,Can Dogs Eat Leaves? | Chewy,28,"Can dogs eat leaves? Find out why dogs eat them, when it’s dangerous, and how to stop the habit. Vet-backed tips included.",122,,Can Dogs Eat Leaves? Why Do Dogs Eat Leaves?,1,can-dogs-eat-leaves,True,True,False,False,False,False,False,False,2,325,3,,,,,,,,,,,,,,15.0
Editorial,Meta,Page title length is not ideal,https://www.chewy.com/education/dog/training-and-behavior/why-do-my-dogs-eyes-look-weird-in-photos,True,Rewrite titles that are too short or too long while keeping the main topic clear.,66,Why Do My Dog’s Eyes Look Weird in Photos? Is This Normal? | Chewy,66,"Why do dogs’ eyes look weird in photos? Learn what causes that eerie glow, how it compares to human red-eye, and how to prevent it in your pet pics.",148,why do dog eyes glow,Why Do My Dog’s Eyes Look Weird in Photos? Is This Normal?,1,why-do-my-dogs-eyes-look-weird-in-photos,True,True,False,False,False,False,False,False,2,315,3,,,,,,,3,2,12.33,0,3,0,0,3.0
Editorial,Meta,Page title length is not ideal,https://www.chewy.com/education/dog/food-and-nutrition/can-dogs-eat-blackberries,True,Rewrite titles that are too short or too long while keeping the main topic clear.,26,Can Dogs Eat Blackberries?,26,"Can dogs eat blackberries? Yes! This sweet, juicy summertime treat is not only full of nutrients, but it's also great for added hydration.",138,are blackberries good for dogs,Can Dogs Eat Blackberries?,1,can-dogs-eat-blackberries,True,True,False,False,False,False,False,False,11,318,3,,,,,,,3,3,8.0,3,0,0,0,14.0
Editorial,Meta,Page title length is not ideal,https://www.chewy.com/education/dog/food-and-nutrition/can-dogs-eat-lettuce,True,Rewrite titles that are too short or too long while keeping the main topic clear.,29,Can Dogs Eat Lettuce? | Chewy,29,You may feel tempted to offer a bite of your salad to your pup—but can dogs eat lettuce too? Should dogs eat lettuce?,117,can dogs eat lettuce,Can Dogs Eat Lettuce?,1,can-dogs-eat-lettuce,True,True,False,False,False,False,False,False,4,313,3,,,,,,,3,3,4.0,3,0,0,0,33.0
Editorial,Meta,Page title length is not ideal,https://www.chewy.com/education/dog/food-and-nutrition/can-dogs-eat-mango-everything-you-need-to-know,True,Rewrite titles that are too short or too long while keeping the main topic clear.,27,Can Dogs Eat Mango? | Chewy,27,"Yes! Dogs can eat mangos. However, while they're a healthy treat, not all parts of the mango are safe for dogs to eat.",118,can dogs eat mango,Can Dogs Eat Mango?,1,can-dogs-eat-mango-everything-you-need-to-know,True,True,False,False,False,False,False,False,4,320,3,,,,,,,3,3,4.33,3,0,0,0,65.0
Editorial,Meta,Page title length is not ideal,https://www.chewy.com/education/dog/food-and-nutrition/can-dogs-eat-oranges,True,Rewrite titles that are too short or too long while keeping the main topic clear.,21,Can Dogs Eat Oranges?,21,Can dogs eat oranges? Yes! They can eat the fruit’s flesh in moderation—with caveats. Learn the do's and don'ts.,112,can dogs eat oranges,Can Dogs Eat Oranges?,1,can-dogs-eat-oranges,True,True,False,False,False,False,False,False,11,322,3,,,,,,,3,3,14.0,0,3,0,0,12.0
Editorial,Meta,Page title length is not ideal,https://www.chewy.com/education/dog/general/how-to-clean-dog-beds,True,Rewrite titles that are too short or too long while keeping the main topic clear.,29,How To Clean Dog Beds | Chewy,29,"Your pup deserves a clean, comfy bed. Find out how to clean dog beds using machine or hand washing techniques that preserve durability.",135,how to clean a dog bed,How To Clean Dog Beds,1,how-to-clean-dog-beds,True,True,False,False,False,False,False,False,5,324,3,,,,,,,7,7,22.0,0,3,4,0,36.0
Editorial,Meta,Page title length is not ideal,https://www.chewy.com/education/cat/health-and-wellness/cat-dandruff,True,Rewrite titles that are too short or too long while keeping the main topic clear.,20,Cat dandruff | Chewy,20,"Is your kitty’s fur looking flaky? Find out what causes dry, flaky skin in cats, and how to get rid of cat dandruff.",116,why does my cat have dandruff,How to get rid of cat dandruff,1,cat-dandruff,True,True,False,False,False,False,False,False,4,323,3,,,,,,,4,4,18.0,1,1,1,1,96.0
Editorial,Meta,Page title length is not ideal,https://www.chewy.com/education/cat/general/behavior-breeds-korat-cat-breed,True,Rewrite titles that are too short or too long while keeping the main topic clear.,23,Korat Cat Breed | Chewy,23,"Learn about Korat cats and read up on the breed's personality, size and history.",80,korat,Korat Cat Breed,1,behavior-breeds-korat-cat-breed,True,True,False,False,False,False,False,False,4,307,3,,,,,,,3,3,28.0,0,0,3,0,6.0
Editorial,Meta,Page title length is not ideal,https://www.chewy.com/education/cat/food-and-nutrition/switch-kitten-food,True,Rewrite titles that are too short or too long while keeping the main topic clear.,67,Switching from Kitten Food to Cat Food: When & How to Do It | Chewy,67,"Find out when and how to switch from kitten to adult cat food with vet advice, plus tips to make the transition easy on your cat’s tummy.",137,how long should kittens eat kitten food,When To Switch From Kitten Food To Adult Cat Food (and How),1,switch-kitten-food,True,True,False,False,False,False,False,False,7,327,3,good,2114.0,good,0.045,,,3,3,8.0,3,0,0,0,78.0
Editorial,Meta,Page title length is not ideal,https://www.chewy.com/education/cat/food-and-nutrition/nutrition-pet-diet-tips-can-cats-drink-milk,True,Rewrite titles that are too short or too long while keeping the main topic clear.,20,Can Cats Drink Milk?,20,"Can cats drink milk? They can, but it’s not usually recommended. Here's what vets have to say about cats and milk consumption.",126,can cats have milk,Can Cats Drink Milk?,1,nutrition-pet-diet-tips-can-cats-drink-milk,True,True,False,False,False,False,False,False,12,317,3,,,,,,,3,3,17.0,0,2,1,0,18.0
Editorial,Meta,Page title length is not ideal,https://www.chewy.com/education/dog/pet-parenting/how-do-you-foster-a-dog-heres-everything-you-need-to-know-to-become-a-foster-dog-parent,True,Rewrite titles that are too short or too long while keeping the main topic clear.,73,How Do You Foster a Dog? Here’s How to Become a Foster Dog Parent | Chewy,73,"So you’re eager to become a foster dog parent? We’re giving you the lowdown on how to foster a dog, from foster applications to finding them a forever home.",156,how to foster a dog,How Do You Foster a Dog? Here’s Everything You Need to Know to Become a Foster Dog Parent,1,how-do-you-foster-a-dog-heres-everything-you-need-to-know-to-become-a-foster-dog-parent,True,True,False,False,False,False,False,False,6,312,3,,,,,,,6,5,15.33,2,2,2,0,7.0
Editorial,Meta,Page title length is not ideal,https://www.chewy.com/education/small-pet/ferret/shaking-ferret,True,Rewrite titles that are too short or too long while keeping the main topic clear.,22,Shaking Ferret | Chewy,22,What causes a ferret to shake like it's vibrating?,50,why is my ferret shaking,Shaking Ferret,1,shaking-ferret,True,True,False,False,False,False,False,False,3,307,3,,,,,,,3,3,8.33,3,0,0,0,1.0
Editorial,Meta,Page title length is not ideal,https://www.chewy.com/education/dog/new-dog/behavior-pet-facts-9-signs-your-puppy-is-no-longer-a-puppy,True,Rewrite titles that are too short or too long while keeping the main topic clear.,71,When Is a Dog No Longer a Puppy? 9 Signs Your Puppy's All Grown | Chewy,71,"Here are nine signs that your puppy may no longer be a puppy, as well as tips on how to handle the transition.",110,how long is a dog a puppy,9 Signs Your Puppy Is No Longer a Puppy,1,behavior-pet-facts-9-signs-your-puppy-is-no-longer-a-puppy,True,True,False,False,False,False,False,False,3,312,3,,,,,,,5,5,17.2,1,2,2,0,58.0
Editorial,Meta,Page title length is not ideal,https://www.chewy.com/education/cat/food-and-nutrition/can-cats-eat-popcorn,True,Rewrite titles that are too short or too long while keeping the main topic clear.,29,Can Cats Eat Popcorn? | Chewy,29,"Can cats eat popcorn? Learn why butter, salt, kernels, and sweet toppings make popcorn a poor snack choice for cats.",116,,Can Cats Eat Popcorn?,1,can-cats-eat-popcorn,True,True,False,False,False,False,False,False,2,319,3,,,,,,,,,,,,,,8.0
Editorial,Meta,Page title length is not ideal,https://www.chewy.com/education/cat/food-and-nutrition/can-cats-eat-bacon,True,Rewrite titles that are too short or too long while keeping the main topic clear.,27,Can Cats Eat Bacon? | Chewy,27,"Can cats eat bacon? Learn why bacon is too salty and rich for cats, what signs to watch for, and when to call your vet.",119,bacon cat treats,Can Cats Eat Bacon?,1,can-cats-eat-bacon,True,True,False,False,False,False,False,False,5,322,3,,,,,,,2,2,24.5,0,0,2,0,12.0
Editorial,Meta,Page title length is not ideal,https://www.chewy.com/education/dog/general/chewy-15-anniversary-senior-pets,True,Rewrite titles that are too short or too long while keeping the main topic clear.,72,"A Second Chance, On Chewy: Adoption Fees Covered for Senior Pets | Chewy",72,"To celebrate 15 years of serving pets and their parents, Chewy is helping senior pets find the homes they deserve.",114,can i select the shelter or rescue of my choice in the chewy cart?,"A Second Chance, On Chewy: Adoption Fees Covered for Senior Pets",1,chewy-15-anniversary-senior-pets,True,True,False,False,False,False,False,False,2,312,3,,,,,,,1,1,13.0,0,1,0,0,1.0
Editorial,Meta,Page title length is not ideal,https://www.chewy.com/education/bird/general/whats-the-difference-between-congo-african-greys-and-timneh-african-greys,True,Rewrite titles that are too short or too long while keeping the main topic clear.,75,The Difference Between Congo African Greys And Timneh African Greys | Chewy,75,BeChewy explores the differences between the Congo African Greys and Timneh African Greys,89,congo african grey,What’s The Difference Between Congo African Greys And Timneh African Greys?,1,whats-the-difference-between-congo-african-greys-and-timneh-african-greys,True,True,False,False,False,False,False,False,2,307,3,,,,,,,4,4,16.25,1,2,1,0,6.0
Editorial,Meta,Page title length is not ideal,https://www.chewy.com/education/bird/health-and-wellness/bird-heart-health,True,Rewrite titles that are too short or too long while keeping the main topic clear.,25,Bird Heart Health | Chewy,25,Find out how your pet bird's heart works and how to keep it healthy.,68,bird heart health,Bird Heart Health,1,bird-heart-health,True,True,False,False,False,False,False,False,3,307,3,,,,,,,1,1,27.0,0,0,1,0,1.0
Editorial,Meta,Page title length is not ideal,https://www.chewy.com/education/cat/food-and-nutrition/best-senior-cat-food,True,Rewrite titles that are too short or too long while keeping the main topic clear.,67,The Best Senior Cat Food: A Guide to Feeding Your Older Cat | Chewy,67,Mature cats have specific dietary requirements. Here’s what to look for when selecting the best senior cat food for your older feline.,134,how much to feed a senior cat,The Best Senior Cat Food: A Guide to Feeding Your Older Cat,1,best-senior-cat-food,True,True,False,False,False,False,False,False,8,316,3,,,,,,,8,8,25.0,0,0,2,6,8.0
Editorial,Meta,Page title length is not ideal,https://www.chewy.com/education/small-pet/ferret/are-ferrets-rodents,True,Rewrite titles that are too short or too long while keeping the main topic clear.,28,Are Ferrets Rodents? | Chewy,28,"It’s a common mistake to think that ferrets are rodents, but they are not. Here’s why.",86,are ferrets rodents,Are Ferrets Rodents?,1,are-ferrets-rodents,True,True,False,False,False,False,False,False,4,308,3,,,,,,,4,3,6.75,2,2,0,0,21.0
Editorial,Meta,Page title length is not ideal,https://www.chewy.com/education/reptile-and-amphibian/general/anole-care-sheet,True,Rewrite titles that are too short or too long while keeping the main topic clear.,24,Anole Care Sheet | Chewy,24,Thinking about getting a pet anole? Learn everything you need to know to care for them properly.,96,,Anole Care Sheet,1,anole-care-sheet,True,True,False,False,False,False,False,False,4,332,3,,,,,,,,,,,,,,1.0
Editorial,Meta,Page title length is not ideal,https://www.chewy.com/education/reptile-and-amphibian/general/toad-care-sheet,True,Rewrite titles that are too short or too long while keeping the main topic clear.,27,Pet Toad Care Sheet | Chewy,27,Thinking about getting a pet toad? Learn everything you need to know to care for them properly.,95,,Pet Toad Care Sheet,1,toad-care-sheet,True,True,False,False,False,False,False,False,4,334,3,,,,,,,,,,,,,,17.0
Editorial,Meta,Page title length is not ideal,https://www.chewy.com/education/reptile-and-amphibian/general/milk-snake-care-sheet,True,Rewrite titles that are too short or too long while keeping the main topic clear.,29,Milk Snake Care Sheet | Chewy,29,Thinking about getting a pet milk snake? Learn everything you need to know to care for them properly.,101,what do milk snake eat,Milk Snake Care Sheet,1,milk-snake-care-sheet,True,True,False,False,False,False,False,False,4,327,3,,,,,,,19,18,19.76,0,9,8,2,1.0
Editorial,Meta,Page title length is not ideal,https://www.chewy.com/education/dog/pet-parenting/monthly-horoscope-for-pet-parents,True,Rewrite titles that are too short or too long while keeping the main topic clear.,70,Your December Monthly Horoscope—and What It Means for Your Pet | Chewy,70,See what this month has in store for you and your pets with your November 2020 monthly horoscope.,97,,Your December Monthly Horoscope—and What It Means for Your Pet,1,monthly-horoscope-for-pet-parents,True,True,False,False,False,False,False,False,2,313,3,,,,,,,,,,,,,,1.0
Editorial,Meta,Page title length is not ideal,https://www.chewy.com/education/dog/pet-parenting/your-guide-to-the-best-dog-car-seat-covers-to-protect-your-ride,True,Rewrite titles that are too short or too long while keeping the main topic clear.,71,Buying Guide: The Best Dog Car Seat Covers to Protect Your Ride | Chewy,71,Shop the best car seat covers for dogs so you can travel with your pooch and keep your vehicle spotless.,104,best dog car seat cover,Your Guide to the Best Dog Car Seat Covers to Protect Your Ride,1,your-guide-to-the-best-dog-car-seat-covers-to-protect-your-ride,True,True,False,False,False,False,False,False,2,310,3,,,,,,,10,9,11.8,2,8,0,0,5.0
Editorial,Meta,Page title length is not ideal,https://www.chewy.com/education/dog/pet-parenting/with-her-dog-by-her-side-world-champion-kori-carter-clears-hurdles-on-and-off-the-track,True,Rewrite titles that are too short or too long while keeping the main topic clear.,85,World Champion and Pet Parent Kori Carter Clears Hurdles On and Off the Track | Chewy,85,"Kori Carter is a champion hurdler, a record-breaking racer, a Tokyo 2021 Olympic hopeful—and a devoted pet parent. Find out how her dog Kovu helps her reach her goals.",167,,"With Her Dog By Her Side, World Champion Kori Carter Clears Hurdles On and Off the Track",1,with-her-dog-by-her-side-world-champion-kori-carter-clears-hurdles-on-and-off-the-track,True,True,False,False,False,False,False,False,2,307,3,,,,,,,,,,,,,,1.0
Editorial,Meta,Page title length is not ideal,https://www.chewy.com/education/dog/pet-parenting/shelter-dog-field-trip-doggy-day-out-volunteer-rescue,True,Rewrite titles that are too short or too long while keeping the main topic clear.,80,"Yes, You Can Take a Shelter Dog on a “Field Trip” for the Day—Here’s How | Chewy",80,"Need a little puppy love in your life? You don’t have to adopt or long-term foster a dog to get those sweet, furry snuggles. Here’s how you can plan a dog’s day out with a shelter pup.",184,can you go to animal shelters to play with dogs,"Yes, You Can Take a Shelter Dog on a Field Trip for the Day—Here’s How",1,shelter-dog-field-trip-doggy-day-out-volunteer-rescue,True,True,False,False,False,False,False,False,3,319,3,,,,,,,1,1,7.0,1,0,0,0,6.0
Editorial,Meta,Page title length is not ideal,https://www.chewy.com/education/dog/pet-parenting/marine-veteran-paul-coppola-on-his-life-changing-service-dog-hes-given-me-my-freedom-back,True,Rewrite titles that are too short or too long while keeping the main topic clear.,66,How a Service Dog Saved Marine Veteran Paul Coppola’s Life | Chewy,66,"When Marine Corps veteran Paul Coppola struggled with PTSD after returning from Afghanistan, his service dog, Dobby, helped him overcome his anxiety.",149,,Marine Veteran Paul Coppola on His Life-Changing Service Dog: “He’s Given Me My Freedom Back”,1,marine-veteran-paul-coppola-on-his-life-changing-service-dog-hes-given-me-my-freedom-back,True,True,False,False,False,False,False,False,3,308,3,,,,,,,,,,,,,,1.0
Editorial,Meta,Page title length is not ideal,https://www.chewy.com/education/cat/food-and-nutrition/can-cats-eat-carrots,True,Rewrite titles that are too short or too long while keeping the main topic clear.,29,Can Cats Eat Carrots? l Chewy,29,"Wondering, can cats eat carrots? Find out if your furry friend can nibble on these vegetables.",94,,Can Cats Eat Carrots?,1,can-cats-eat-carrots,True,True,False,False,False,False,False,False,6,316,3,,,,,,,,,,,,,,15.0
Editorial,Meta,Page title length is not ideal,https://www.chewy.com/education/cat/food-and-nutrition/what-is-catnip,True,Rewrite titles that are too short or too long while keeping the main topic clear.,23,What Is Catnip? | Chewy,23,What is catnip? Learn why cats go crazy over nepeta cataria and discover the best catnip products to make your cat happy.,121,what is catnip,What Is Catnip? A Guide to Your Cat’s Favorite Treat,1,what-is-catnip,True,True,False,False,False,False,False,False,3,341,3,,,,,,,5,4,23.5,0,1,1,3,4.0
Editorial,Meta,Page title length is not ideal,https://www.chewy.com/education/dog/general/dog-camping-gear,True,Rewrite titles that are too short or too long while keeping the main topic clear.,66,Best Dog Camping Gear: 12 Essentials for Camping With Dogs | Chewy,66,Shop Chewy customer picks for the best dog camping gear that’s both functional and packable.,92,camping gear for dogs,Best Dog Camping Gear: 12 Essentials for Camping With Dogs,1,dog-camping-gear,True,True,False,False,False,False,False,False,3,338,3,,,,,,,5,3,20.8,0,3,2,0,4.0
Editorial,Meta,Page title length is not ideal,https://www.chewy.com/education/cat/pet-parenting/5-tips-to-convince-your-cat-not-to-hate-car-rides-and-carriers,True,Rewrite titles that are too short or too long while keeping the main topic clear.,72,5 Tips To Convince Your Cat Not To Hate Car Rides (And Carriers) | Chewy,72,The secret to success when it comes to training cats to accept being tucked inside cat carrier and placed inside moving vehicles begins with you.,145,why do cats hate car rides,5 Tips To Convince Your Cat Not To Hate Car Rides (And Carriers),1,5-tips-to-convince-your-cat-not-to-hate-car-rides-and-carriers,True,True,False,False,False,False,False,False,4,309,3,,,,,,,3,3,2.33,3,0,0,0,32.0
Editorial,Meta,Page title length is not ideal,https://www.chewy.com/education/small-pet/rabbit/sexing-rabbits-and-separating-baby-rabbits-from-their-mother,True,Rewrite titles that are too short or too long while keeping the main topic clear.,68,Sexing Rabbits And Separating Baby Rabbits From Their Mother | Chewy,68,"Can baby rabbits be separated from their mother once they are fully weaned? And, how can you tell their sex?",108,how long do baby bunnies stay with their mother,Sexing Rabbits And Separating Baby Rabbits From Their Mother,1,sexing-rabbits-and-separating-baby-rabbits-from-their-mother,True,True,False,False,False,False,False,False,2,307,3,,,,,,,2,2,,0,0,0,2,20.0
Editorial,Meta,Page title length is not ideal,https://www.chewy.com/education/dog/pet-parenting/creating-a-zen-space-for-your-dog-to-alleviate-anxiety,True,Rewrite titles that are too short or too long while keeping the main topic clear.,68,Alleviate Dog Anxiety by Creating a Zen Space for Your Pooch | Chewy,68,Does your dog get anxious the moment you walk out the door? Does the sound of thunder make your dog tremble in fear? Learn simple ways you can create a Zen space for your canine companion to alleviate dog anxiety and stress.,224,safe space for dogs with anxiety,4 Ways to Create a Safe Space for Dogs With Anxiety,1,creating-a-zen-space-for-your-dog-to-alleviate-anxiety,False,False,False,False,False,False,False,False,1,324,3,,,,,,,1,1,1.0,1,0,0,0,
Editorial,Meta,Page title length is not ideal,https://www.chewy.com/education/dog/general/behavior-breeds-russian-dog-breeds,True,Rewrite titles that are too short or too long while keeping the main topic clear.,28,8 Russian Dog Breeds | Chewy,28,"Hailing from a country known for its size, Russian dog breeds don't disappoint when it comes to their individual personalities.",127,russian dog,8 Russian Dog Breeds,1,behavior-breeds-russian-dog-breeds,True,True,False,False,False,False,False,False,3,307,3,,,,,,,3,3,9.0,2,1,0,0,28.0
Editorial,Meta,Page title length is not ideal,https://www.chewy.com/education/dog/general/keeping-dog-safe-car,True,Rewrite titles that are too short or too long while keeping the main topic clear.,70,Traveling With Your Dog in the Car? Follow These 6 Safety Tips | Chewy,70,Make traveling with a dog a safe experience with these products designed to protect your dog in the car. Reduce the chances of car accident pet injuries with these tips.,169,dog car safety,Traveling With Your Dog in the Car? Follow These 6 Safety Tips,1,keeping-dog-safe-car,True,True,False,False,False,False,False,False,5,329,3,,,,,,,3,2,23.0,0,0,1,2,3.0
Editorial,Meta,Page title length is not ideal,https://www.chewy.com/education/dog/food-and-nutrition/can-dogs-have-nutmeg,True,Rewrite titles that are too short or too long while keeping the main topic clear.,29,Can Dogs Have Nutmeg? | Chewy,29,"Here’s everything you need to know about nutmeg and dogs, including the signs of nutmeg toxicity and when to take them to the vet.",130,can dogs have nutmeg,Can Dogs Have Nutmeg?,1,can-dogs-have-nutmeg,True,True,False,False,False,False,False,False,10,315,3,,,,,,,3,3,5.33,3,0,0,0,6.0
Editorial,Meta,Page title length is not ideal,https://www.chewy.com/education/cat/general/behavior-breeds-bombay-cat-breed,True,Rewrite titles that are too short or too long while keeping the main topic clear.,24,Bombay Cat Breed | Chewy,24,"Learn about Bombay cats and read up on the breed's personality, size and history.",81,bombay cat,Bombay Cat Breed,1,behavior-breeds-bombay-cat-breed,True,True,False,False,False,False,False,False,3,308,3,,,,,,,2,2,19.5,0,1,1,0,11.0
Editorial,Meta,Page title length is not ideal,https://www.chewy.com/education/fish/general/how-to-treat-and-prevent-camallanus-worms-in-aquarium-fish,True,Rewrite titles that are too short or too long while keeping the main topic clear.,66,How to Treat and Prevent Camallanus Worms in Aquarium Fish | Chewy,66,Camallanus worms are among the most commonly encountered internal parasites for aquarium fish.,94,camallanus worms,How to Treat and Prevent Camallanus Worms in Aquarium Fish,1,how-to-treat-and-prevent-camallanus-worms-in-aquarium-fish,True,True,False,False,False,False,False,False,3,309,3,,,,,,,7,6,12.75,2,1,1,3,15.0
Editorial,Meta,Page title length is not ideal,https://www.chewy.com/education/reptile-and-amphibian/food-and-nutrition/what-do-salamanders-eat,True,Rewrite titles that are too short or too long while keeping the main topic clear.,71,What Do Salamanders Eat? Your Guide To Feeding a Pet Salamander | Chewy,71,Learn what salamanders every day and how you can provide the best diet for your pet.,84,what do salamanders eat,What Do Salamanders Eat? Your Guide To Feeding a Pet Salamander,1,what-do-salamanders-eat,True,True,False,False,False,False,False,False,3,316,3,,,,,,,4,4,3.0,4,0,0,0,9.0
Editorial,Meta,Page title length is not ideal,https://www.chewy.com/education/bird/general/bird-watching-101-a-guide-for-beginners,True,Rewrite titles that are too short or too long while keeping the main topic clear.,69,How to Hop on the Birding Trend—Even If You’re a City Dweller | Chewy,69,"Birding, aka spotting birds in the wild, is more popular now than ever. Here are some tips on how to go birding for the first time.",131,urban birdwatching beginners,How to Hop on the Birding Trend—Even If You’re a City Dweller,1,bird-watching-101-a-guide-for-beginners,True,True,False,False,False,False,False,False,4,316,3,,,,,,,1,1,,0,0,0,1,1.0
Editorial,Meta,Page title length is not ideal,https://www.chewy.com/education/bird/general/top-5-small-pet-birds,True,Rewrite titles that are too short or too long while keeping the main topic clear.,29,Top 5 Small Pet Birds | Chewy,29,You can't go wrong with any of these five small pet birds. Learn about each one and see which would make the best feathered friend for your flock.,146,,Top 5 Small Pet Birds,1,top-5-small-pet-birds,True,True,False,False,False,False,False,False,2,314,3,,,,,,,,,,,,,,17.0
Editorial,Meta,Page title length is not ideal,https://www.chewy.com/education/bird/general/the-unique-caique,True,Rewrite titles that are too short or too long while keeping the main topic clear.,25,The Unique Caique | Chewy,25,"Find out everything you wanted to know about caiques, including information about caique cages, caique toys, caique food and caique breeding.",141,caiques,The Unique Caique,1,the-unique-caique,True,True,False,False,False,False,False,False,3,309,3,,,,,,,5,5,29.0,0,0,5,0,1.0
Editorial,Meta,Page title length is not ideal,https://www.chewy.com/education/horse/general/how-two-equestrians-overcame-their-horse-allergies,True,Rewrite titles that are too short or too long while keeping the main topic clear.,75,"Suffering From Horse Allergies, But Want to Ride? Follow These Tips | Chewy",75,"You love horses. Their dander, not so much. Find out how to control your horse allergies so you can get back in the saddle.",123,allergic to horses,"Suffering From Horse Allergies, But Want to Ride? Follow These Tips",1,how-two-equestrians-overcame-their-horse-allergies,True,True,False,False,False,False,False,False,4,310,3,,,,,,,4,4,,0,0,0,4,20.0
Editorial,Meta,Page title length is not ideal,https://www.chewy.com/education/cat/food-and-nutrition/cat-popsicle-recipe,True,Rewrite titles that are too short or too long while keeping the main topic clear.,66,Meowsicle recipe: cool kitty off with a berry cat popsicle | Chewy,66,"Help your kitty beat the summer heat with this tasty frozen DIY cat treat: a ""meowsicle,"" aka cat popsicle!",107,can cats have popsicles,Meowsicle recipe: cool kitty off with a berry cat popsicle,1,cat-popsicle-recipe,True,True,False,False,False,False,False,False,2,314,3,,,,,,,2,2,9.0,1,0,0,1,5.0
Editorial,Meta,Page title length is not ideal,https://www.chewy.com/education/cat/food-and-nutrition/alcohol-free-calming-cat-cocktail-diy-cat-treat,True,Rewrite titles that are too short or too long while keeping the main topic clear.,72,Ring in the New Year With This Alcohol-Free Calming Cat Cocktail | Chewy,72,"Together, you and your kitty can ring in the New Year with this alcohol-free DIY cat treat.",91,cat cocktail recipe,Ring in the New Year With This Alcohol-Free Calming Cat Cocktail,1,alcohol-free-calming-cat-cocktail-diy-cat-treat,True,True,False,False,False,False,False,False,3,313,3,,,,,,,2,2,7.0,2,0,0,0,1.0
Editorial,Meta,Page title length is not ideal,https://www.chewy.com/education/cat/food-and-nutrition/fall-recipes-for-pets,True,Rewrite titles that are too short or too long while keeping the main topic clear.,69,"Coziest, Tastiest Fall Recipes to Make Your Furry Best Friend | Chewy",69,"This fall, treat your pet to a delicious, comforting meal made with love. Here are our favorite pet-friendly fall recipes.",122,fall favorites for cats,"11 Cozy, Tasty Fall Recipes for Dogs and Cats",1,fall-recipes-for-pets,True,True,False,False,False,False,False,False,5,334,3,,,,,,,4,3,8.25,3,1,0,0,1.0
Editorial,Meta,Page title length is not ideal,https://www.chewy.com/education/cat/food-and-nutrition/can-cats-eat-oranges,True,Rewrite titles that are too short or too long while keeping the main topic clear.,21,Can Cats Eat Oranges?,21,"Can cats eat oranges? No, they cannot. Vets explain why oranges are harmful to cats and what steps you should take if your cat eats the fruit.",142,can cats eat oranges,Can Cats Eat Oranges?,1,can-cats-eat-oranges,True,True,False,False,False,False,False,False,4,314,3,,,,,,,3,3,2.33,3,0,0,0,48.0
Editorial,Meta,Page title length is not ideal,https://www.chewy.com/education/cat/food-and-nutrition/can-cats-eat-peaches,True,Rewrite titles that are too short or too long while keeping the main topic clear.,21,Can Cats Eat Peaches?,21,"Can cats eat peaches? Yes, in small amounts, but there are important caveats to consider. Learn the dos and don’ts of offering your cat peach.",142,can cats eat peach,Can Cats Eat Peaches?,1,can-cats-eat-peaches,True,False,False,False,False,False,False,False,2,317,3,,,,,,,3,3,1.33,3,0,0,0,49.0
Editorial,Meta,Page title length is not ideal,https://www.chewy.com/education/cat/food-and-nutrition/can-cats-eat-cucumbers,True,Rewrite titles that are too short or too long while keeping the main topic clear.,23,Can Cats Eat Cucumbers?,23,"Can cats eat cucumbers? Yes, they can, but there are some caveats. Learn the benefits, risks and how to safely serve cucumber to your kitty.",140,can cats eat cucumbers,Can Cats Eat Cucumbers?,1,can-cats-eat-cucumbers,True,True,False,False,False,False,False,False,4,317,3,,,,,,,3,3,5.0,3,0,0,0,33.0
Editorial,Meta,Page title length is not ideal,https://www.chewy.com/education/fish/general/aquarium-fish-fungus,True,Rewrite titles that are too short or too long while keeping the main topic clear.,28,Aquarium Fish Fungus | Chewy,28,BeChewy looks at fungus in aquarium fish - usually caused by stress or hygiene issues in the aquarium - and how to alleviate it.,128,fish fungus medication,Aquarium Fish Fungus,1,aquarium-fish-fungus,True,True,False,False,False,False,False,False,7,310,3,,,,,,,2,2,,0,0,0,2,5.0
Editorial,Meta,Page title length is not ideal,https://www.chewy.com/education/fish/betta-fish/what-size-betta-fish-tank-do-i-need,True,Rewrite titles that are too short or too long while keeping the main topic clear.,77,What Size Betta Tank Do I Need? A Complete Betta Fish Tank Size Guide | Chewy,77,"Thinking about getting pet betta fish? Learn what size fish tank they need to live a full, healthy life.",104,betta fish tank,What Size Betta Tank Do I Need? A Complete Betta Fish Tank Size Guide,1,what-size-betta-fish-tank-do-i-need,False,False,False,False,False,False,False,False,1,319,3,,,,,,,28,27,9.46,16,7,1,4,
Editorial,Meta,Page title length is not ideal,https://www.chewy.com/education/dog/general/how-to-celebrate-national-pet-month-four-weeks-of-activities-and-adventures,True,Rewrite titles that are too short or too long while keeping the main topic clear.,84,How to Celebrate National Pet Month: Four Weeks of Activities and Adventures | Chewy,84,Follow our lead as we celebrate our pets in new ways every week this month.,75,chewy celebrate,How to Celebrate National Pet Month: Four Weeks of Activities and Adventures,1,how-to-celebrate-national-pet-month-four-weeks-of-activities-and-adventures,True,True,False,False,False,False,False,False,4,331,4,,,,,,,2,2,8.5,1,1,0,0,1.0
Editorial,Meta,Page title length is not ideal,https://www.chewy.com/education/cat/general/catnap-approved-how-to-choose-the-best-cat-bed-for-your-pet,True,Rewrite titles that are too short or too long while keeping the main topic clear.,67,Your Guide to Picking the Best Cat Bed for Ultimate Catnaps | Chewy,67,"Learn about the different types of cat beds, from elevated to cave-style beds, and which one would be the best cat bed for your sleepy kitty.",141,chewy cat beds,Catnap Approved: How to Choose the Best Cat Bed for Your Pet,1,catnap-approved-how-to-choose-the-best-cat-bed-for-your-pet,True,True,False,False,False,False,False,False,2,343,4,,,,,,,5,5,5.67,3,0,0,2,2.0
Editorial,Meta,Page title length is not ideal,https://www.chewy.com/education/cat/general/christmas-decoration-ideas-for-pet-space,True,Rewrite titles that are too short or too long while keeping the main topic clear.,68,Fun and Easy Christmas Decoration Ideas for Your Pet’s Space | Chewy,68,"From dogs and cats to fish, horses, goats and more, here are some super-easy (and fun!) ideas for decorating your pet's space this holiday season.",146,,Fun and Easy Christmas Decoration Ideas for Your Pet’s Space,1,christmas-decoration-ideas-for-pet-space,True,True,False,False,False,False,False,False,5,339,4,,,,,,,,,,,,,,1.0
Editorial,Meta,Page title length is not ideal,https://www.chewy.com/education/cat/general/pet-halloween-accessories-for-dogs-and-cats-who-dont-do-costumes,True,Rewrite titles that are too short or too long while keeping the main topic clear.,66,Pet Halloween Accessories for Pets Who Don't Like Costumes | Chewy,66,"If your dog or cat isn’t into dressing up in elaborate Halloween costumes, try one of these pet Halloween accessories instead.",126,,Pet Halloween Accessories for Dogs and Cats Who Don’t ‘Do’ Costumes,1,pet-halloween-accessories-for-dogs-and-cats-who-dont-do-costumes,True,True,False,False,False,False,False,False,5,327,4,,,,,,,,,,,,,,1.0
Editorial,Meta,Page title length is not ideal,https://www.chewy.com/education/bird/feed-and-nutrition,True,Rewrite titles that are too short or too long while keeping the main topic clear.,66,"Horse Feed & Nutrition: Diet Planning, Feeding Tips & More | Chewy",66,"Learn about horse feed and nutrition, including diet planning, feeding schedules, forage versus grain, and tips for seasonal and age-related adjustments.",153,chewy horse feed,Feed & Nutrition,1,feed-and-nutrition,True,False,False,False,False,False,False,False,2,308,4,,,,,,,3,3,17.0,1,1,1,0,
Editorial,Meta,Page title length is not ideal,https://www.chewy.com/education/reptile-and-amphibian/scorpion,True,Rewrite titles that are too short or too long while keeping the main topic clear.,25,Scorpion Archives | Chewy,25,,,,Scorpion,1,scorpion,True,False,False,False,False,False,False,False,1,303,4,,,,,,,,,,,,,,
Editorial,Meta,Page title length is not ideal,https://www.chewy.com/education/cat/general/cookies-for-cats,True,Rewrite titles that are too short or too long while keeping the main topic clear.,77,These Flower-Shaped Cranberry Cookies for Cats Are Perfect for Spring | Chewy,77,These DIY cat treats are a perfect spring surprise for your kitty. Get the recipe and make these fun cookies for cats.,118,,These Flower-Shaped Cranberry Cookies for Cats Are Perfect for Spring,1,cookies-for-cats,True,True,False,False,False,False,False,False,3,310,4,,,,,,,,,,,,,,1.0
Editorial,Meta,Page title length is not ideal,https://www.chewy.com/education/dog/general/holiday-trend-report,True,Rewrite titles that are too short or too long while keeping the main topic clear.,98,Pets Are the Main Character: 9 in 10 Pet Parents Say Holidays Feel Incomplete Without Them | Chewy,98,"Chewy polled pet parents about how they spend the holidays with their furry friends, from favorite memories to naughtiest behaviors.",132,who holiday pets,Pets Are the Main Character: 9 in 10 Pet Parents Say Holidays Feel Incomplete Without Them,1,holiday-trend-report,True,True,False,False,False,False,False,False,5,319,4,,,,,,,3,3,15.0,2,0,1,0,1.0
Editorial,Meta,Page title length is not ideal,https://www.chewy.com/education/dog/general/mental-health-benefits-of-pets,True,Rewrite titles that are too short or too long while keeping the main topic clear.,73,The Benefits of Having a Pet That’ll Make You Never Stop Cuddling | Chewy,73,"As if you really needed a reason to stay in bed and cuddle with your cat or doggo, there are some serious benefits of having a pet.",131,,Do Pets Make Us Happier People? The Mood-Boosting Benefits of Having a Pet,1,mental-health-benefits-of-pets,True,True,False,False,False,False,False,False,8,307,4,,,,,,,,,,,,,,1.0
Editorial,Meta,Page title length is not ideal,https://www.chewy.com/education/dog/food-and-nutrition/pet-parenting-diy-recipes-hamburger-baked-casserole-for-dogs,True,Rewrite titles that are too short or too long while keeping the main topic clear.,66,This Hamburger Casserole for Dogs Makes for a Hearty Treat | Chewy,66,"With a few simple ingredients, you can make a special casserole dish for your four-legged family members. Here's the recipe.",124,,This Hamburger Baked Casserole for Dogs Makes for a Hearty Treat,1,pet-parenting-diy-recipes-hamburger-baked-casserole-for-dogs,True,True,False,False,False,False,False,False,3,307,4,,,,,,,,,,,,,,1.0
Editorial,Meta,Page title length is not ideal,https://www.chewy.com/education/dog/general/funny-dog-names,True,Rewrite titles that are too short or too long while keeping the main topic clear.,28,150+ Funny Dog Names | Chewy,28,"From Pup Tart to Jabba the Mutt, we've got the ultimate list of funny dog names for your new furry friend.",106,funny dog names,"150+ Funny Dog Names That Are Goofy, Hilarious, and Unique",1,funny-dog-names,True,True,False,False,False,False,False,False,6,321,4,good,2291.0,good,0.045,,,3,3,4.33,3,0,0,0,221.0
Editorial,Meta,Page title length is not ideal,https://www.chewy.com/education/cat/health-and-wellness/feline-approved-tips-for-taking-your-cat-to-the-vet,True,Rewrite titles that are too short or too long while keeping the main topic clear.,81,Taking a Cat to the Vet: Feline-Approved Tips for Reducing Stress in Cats | Chewy,81,Taking the cat to the vet is no one’s favorite part of being a pet parent. Here’s how to lower the stress of a vet visit for both you and your cat.,147,,Feline-Approved Tips for Taking Your Cat to the Vet,1,feline-approved-tips-for-taking-your-cat-to-the-vet,True,True,False,False,False,False,False,False,6,315,4,,,,,,,,,,,,,,1.0
Editorial,Meta,Page title length is not ideal,https://www.chewy.com/education/dog/health-and-wellness/best-joint-supplements-for-dogs,True,Rewrite titles that are too short or too long while keeping the main topic clear.,68,"Best Joint Supplements for Dogs, As Rated By Chewy Customers | Chewy",68,"With high-quality ingredients like glucosamine, methylsulfonylmethane (MSM) and chondroitin, these are the best joint supplements for dogs.",139,,Dish Up a Dose of Joint Health with the Best Joint Supplements for Dogs,1,best-joint-supplements-for-dogs,True,True,False,False,False,False,False,False,4,316,4,,,,,,,,,,,,,,1.0
Editorial,Meta,Page title length is not ideal,https://www.chewy.com/education/dog/food-and-nutrition/can-dogs-eat-bacon,True,Rewrite titles that are too short or too long while keeping the main topic clear.,27,Can Dogs Eat Bacon? | Chewy,27,"Can dogs eat bacon? Find out why bacon isn't safe for dogs, what to do if your pup eats it, and healthier bacon-flavored alternatives they can enjoy.",149,can dogs eat bacon,Can Dogs Eat Bacon?,1,can-dogs-eat-bacon,True,True,False,False,False,False,False,False,6,323,4,needs,2754.0,needs,0.1,,,6,6,3.67,3,0,0,3,75.0
Editorial,Meta,Page title length is not ideal,https://www.chewy.com/education/dog/general/best-dog-halloween-costumes,True,Rewrite titles that are too short or too long while keeping the main topic clear.,67,"25+ Best Dog Halloween Costumes in 2025, According to Chewy Editors",67,"We handpicked the best dog Halloween costumes, including top-rated costumes and accessories dog parents like you love.",118,,"25+ Best Dog Halloween Costumes, According to Chewy Editors",1,best-dog-halloween-costumes,True,True,False,False,False,False,False,False,8,339,4,,,,,,,,,,,,,,1.0
Editorial,Meta,Page title length is not ideal,https://www.chewy.com/education/dog/training-and-behavior/dog-physical-therapy-exercises-pet-can-home,True,Rewrite titles that are too short or too long while keeping the main topic clear.,67,Dog Physical Therapy Exercises for Injured or Disabled Dogs | Chewy,67,Want to help your disabled or injured dog feel better? These dog physical therapy exercises can help her stay active.,117,physical therapy for dogs,Dog Physical Therapy Exercises Your Pet Can Do at Home,1,dog-physical-therapy-exercises-pet-can-home,True,True,False,False,False,False,False,False,6,309,4,,,,,,,3,3,12.67,2,1,0,0,4.0
Editorial,Meta,Page title length is not ideal,https://www.chewy.com/education/dog/health-and-wellness/winter-supplements-for-pets,True,Rewrite titles that are too short or too long while keeping the main topic clear.,68,Winter Supplements for Pets: Does Your Dog or Cat Need Them? | Chewy,68,"Winter weather and changes in routine can trigger dry skin, joint stiffness, and digestive issues in some pets. Here’s how to know if your dog or cat might benefit from a winter supplement.",189,,Winter Supplements for Pets: Does Your Dog or Cat Need Them?,1,winter-supplements-for-pets,True,True,False,False,False,False,False,False,6,357,4,,,,,,,,,,,,,,1.0
Editorial,Meta,Page title length is not ideal,https://www.chewy.com/education/dog/health-and-wellness/best-dog-probiotics,True,Rewrite titles that are too short or too long while keeping the main topic clear.,75,The Best Probiotics for Dogs as Rated By Chewy Pup Parents Like You | Chewy,75,"Give your dog’s tummy a boost with one of the best probiotics for dogs, approved by Chewy’s pup parents.",104,chewy probiotics for dogs,The Best Probiotics For Dogs For Improved Digestive Health,1,best-dog-probiotics,True,True,False,False,False,False,False,False,3,314,4,,,,,,,2,2,4.5,2,0,0,0,8.0
Editorial,Meta,Page title length is not ideal,https://www.chewy.com/education/cat/general/do-cats-like-music,True,Rewrite titles that are too short or too long while keeping the main topic clear.,27,Do Cats Like Music? | Chewy,27,"Do cats like music, and what music do cats like? Learn the answers, and how to introduce music for cats here.",109,,Do Cats Like Music?,1,do-cats-like-music,True,True,False,False,False,False,False,False,3,316,4,,,,,,,,,,,,,,9.0
Editorial,Meta,Page title length is not ideal,https://www.chewy.com/education/dog/general/chicken-and-rice-for-dogs,True,Rewrite titles that are too short or too long while keeping the main topic clear.,69,"Chicken and Rice for Dogs: Recipe, Portions, and Feeding Tips | Chewy",69,"Boiled chicken and rice is a simple, DIY dog food recipe that vets often recommend for pups who need bland, comfort food to feel better.",136,chicken and rice for dogs,Chicken and Rice for Dogs Is the Ultimate Canine Comfort Food,1,chicken-and-rice-for-dogs,True,True,False,False,False,False,False,False,6,324,4,needs,2631.0,good,0.07,,,5,4,9.67,2,0,1,2,209.0
