page_type,category,issue,normalized_url,matched_botify,recommendation,evidence_value,title,title_length,meta_description,meta_description_length,main_keyword,h1,h1_count,url_slug,canonical_points_to_self,in_sitemaps,noindex,nofollow,breadcrumb_exists,product_exists,offer_exists,faq_exists,unique_inlinks,unique_outlinks,depth,lcp_status,lcp_value,cls_status,cls_value,inp_status,inp_value,ranking_keyword_rows,distinct_keywords,avg_current_rank,top10_keywords,quick_win_11_20_keywords,striking_distance_21_50_keywords,lost_or_unranked_keywords,botify_audience_keywords_to_90pct
HVF,Index,Missing self-referencing canonical,https://www.chewy.com/f/cerenia-dog-anti-anxiety-medicine_c11580_f1v250834,True,Set the canonical to the normalized self URL for eligible pages.,,CERENIA FOR DOGS (Free Shipping) | Chewy,40,"Shop Chewy for the best deals on Cerenia for Dogs and more with fast free shipping, low prices, and award-winning customer service. Read ratings and reviews so you can find the right Cerenia for Dogs for your pet.",213,,Cerenia for Dogs,1,cerenia-dog-anti-anxiety-medicine,,False,False,False,True,False,False,False,1,314,2,,,,,,,,,,,,,,
HVF,Index,Missing self-referencing canonical,https://www.chewy.com/f/rope-interactive-toys-dogs_c319_f7v63632,True,Set the canonical to the normalized self URL for eligible pages.,,INTERACTIVE ROPE TOYS FOR DOGS (Free Shipping) | Chewy,54,"Shop Chewy for the best deals on Interactive Rope Toys For Dogs and more with fast free shipping, low prices, and award-winning customer service. Read ratings and reviews so you can find the right Interactive Rope Toys For Dogs for your pet.",241,,Interactive Rope Toys For Dogs,1,rope-interactive-toys-dogs,,False,False,False,True,False,False,False,48,311,2,,,,,,,,,,,,,,
HVF,Index,Missing self-referencing canonical,https://www.chewy.com/f/hemp-rope-tug-toys-dogs_c321_f7v17025,True,Set the canonical to the normalized self URL for eligible pages.,,HEMP ROPE DOG TOYS (Free Shipping) | Chewy,42,"Shop Chewy for the best deals on Hemp Rope Dog Toys and more with fast free shipping, low prices, and award-winning customer service. Read ratings and reviews so you can find the right Hemp Rope Dog Toys for your pet.",217,,Hemp Rope Dog Toys,1,hemp-rope-tug-toys-dogs,,False,False,False,True,False,False,False,27,322,2,,,,,,,,,,,,,,
HVF,Index,Missing self-referencing canonical,https://www.chewy.com/f/parrot-food-toys_c12966_f164v202868,True,Set the canonical to the normalized self URL for eligible pages.,,,,,,,,0,parrot-food-toys,,True,False,False,False,False,False,False,86,0,2,,,,,,,,,,,,,,
HVF,Index,Missing self-referencing canonical,https://www.chewy.com/f/american-journey-cat-treats_c391_f1v121134,True,Set the canonical to the normalized self URL for eligible pages.,,AMERICAN JOURNEY CAT TREATS (Free Shipping) | Chewy,51,"Shop Chewy for the best deals on American Journey Cat Treats and more with fast free shipping, low prices, and award-winning customer service. Read ratings and reviews so you can find the right American Journey Cat Treats for your pet.",235,,American Journey Cat Treats,1,american-journey-cat-treats,,True,False,False,True,False,False,False,181,321,2,,,,,,,,,,,,,,1.0
HVF,Index,Missing self-referencing canonical,https://www.chewy.com/f/mint-cat-treats_c391_f4v60646,True,Set the canonical to the normalized self URL for eligible pages.,,MINT CAT TREATS (Free Shipping) | Chewy,39,"Shop Chewy for the best deals on Mint Cat Treats and more with fast free shipping, low prices, and award-winning customer service. Read ratings and reviews so you can find the right Mint Cat Treats for your pet.",211,,Mint Cat Treats,1,mint-cat-treats,,False,False,False,True,False,False,False,147,336,2,,,,,,,,,,,,,,
HVF,Index,Missing self-referencing canonical,https://www.chewy.com/f/dry-food-senior-cats_c388_f5v9063,True,Set the canonical to the normalized self URL for eligible pages.,,,,,,,,0,dry-food-senior-cats,,True,False,False,False,False,False,False,293,0,2,,,,,,,,,,,,,,
HVF,Index,Missing self-referencing canonical,https://www.chewy.com/f/horse-first-aid-supplies_c1691_f50v68823,True,Set the canonical to the normalized self URL for eligible pages.,,,,,,,,0,horse-first-aid-supplies,,True,False,False,False,False,False,False,425,0,2,,,,,,,,,,,,,,
HVF,Index,Missing self-referencing canonical,https://www.chewy.com/f/high-calcium-chicken-feed_c951_f3v695443,True,Set the canonical to the normalized self URL for eligible pages.,,HIGH CALCIUM CHICKEN FEED (Free Shipping) | Chewy,49,"Shop Chewy for the best deals on High Calcium Chicken Feed and more with fast free shipping, low prices, and award-winning customer service. Read ratings and reviews so you can find the right High Calcium Chicken Feed for your pet.",231,,High Calcium Chicken Feed,1,high-calcium-chicken-feed,,False,False,False,True,False,False,True,17,320,2,,,,,,,,,,,,,,
HVF,Index,Missing self-referencing canonical,https://www.chewy.com/f/acurel-fish-supplies_c885_f1v496101,True,Set the canonical to the normalized self URL for eligible pages.,,ACUREL FISH SUPPLIES (Free Shipping) | Chewy,44,"Shop Chewy for the best deals on Acurel Fish Supplies and more with fast free shipping, low prices, and award-winning customer service. Read ratings and reviews so you can find the right Acurel Fish Supplies for your pet.",221,,Acurel Fish Supplies,1,acurel-fish-supplies,,False,False,False,True,False,False,False,91,314,2,,,,,,,,,,,,,,
HVF,Index,Missing self-referencing canonical,https://www.chewy.com/f/cockatiel-food-treats_c946_f2v20223,True,Set the canonical to the normalized self URL for eligible pages.,,,,,,,,0,cockatiel-food-treats,,True,False,False,False,False,False,False,48,0,2,,,,,,,,,,,,,,
HVF,Index,Missing self-referencing canonical,https://www.chewy.com/f/apoquel-dog-allergy-medicine_c11568_f1v464442,True,Set the canonical to the normalized self URL for eligible pages.,,APOQUEL FOR DOGS (Free Shipping) | Chewy,40,"Shop Chewy for the best deals on Apoquel for Dogs and more with fast free shipping, low prices, and award-winning customer service. Read ratings and reviews so you can find the right Apoquel for Dogs for your pet.",213,,Apoquel for Dogs,1,apoquel-dog-allergy-medicine,,False,False,False,True,False,False,False,6,316,2,,,,,,,,,,,,,,
HVF,Index,Missing self-referencing canonical,https://www.chewy.com/f/atopica-dog-allergy-medicine_c11568_f1v259871,True,Set the canonical to the normalized self URL for eligible pages.,,ATOPICA FOR DOGS (Free Shipping) | Chewy,40,"Shop Chewy for the best deals on Atopica for Dogs and more with fast free shipping, low prices, and award-winning customer service. Read ratings and reviews so you can find the right Atopica for Dogs for your pet.",213,,Atopica for Dogs,1,atopica-dog-allergy-medicine,,False,False,False,True,False,False,False,3,314,2,,,,,,,,,,,,,,
HVF,Index,Missing self-referencing canonical,https://www.chewy.com/f/dog-chewable-allergy-tablets_c11568_f83v305575,True,Set the canonical to the normalized self URL for eligible pages.,,CHEWABLE ALLERGY TABLETS FOR DOGS (Free Shipping) | Chewy,57,"Shop Chewy for the best deals on Chewable Allergy Tablets for Dogs and more with fast free shipping, low prices, and award-winning customer service. Read ratings and reviews so you can find the right Chewable Allergy Tablets for Dogs for your pet.",247,,Chewable Allergy Tablets for Dogs,1,dog-chewable-allergy-tablets,,False,False,False,True,False,False,False,5,316,2,,,,,,,,,,,,,,
HVF,Index,Missing self-referencing canonical,https://www.chewy.com/f/animax-ear-drops-dogs_c11571_f1v402846,True,Set the canonical to the normalized self URL for eligible pages.,,ANIMAX EAR DROPS FOR DOGS (Free Shipping) | Chewy,49,"Shop Chewy for the best deals on Animax Ear Drops for Dogs and more with fast free shipping, low prices, and award-winning customer service. Read ratings and reviews so you can find the right Animax Ear Drops for Dogs for your pet.",231,,Animax Ear Drops for Dogs,1,animax-ear-drops-dogs,,False,False,False,True,False,False,False,7,316,2,,,,,,,,,,,,,,
HVF,Index,Missing self-referencing canonical,https://www.chewy.com/f/dry-reptile-food_c1026_f2v9069,True,Set the canonical to the normalized self URL for eligible pages.,,,,,,,,0,dry-reptile-food,,True,False,False,False,False,False,False,214,0,2,,,,,,,,,,,,,,
HVF,Index,Missing self-referencing canonical,https://www.chewy.com/f/parakeet-perch-toys_c12937_f164v829717,True,Set the canonical to the normalized self URL for eligible pages.,,,,,,,,0,parakeet-perch-toys,,True,False,False,False,False,False,False,49,0,2,,,,,,,,,,,,,,
HVF,Index,Missing self-referencing canonical,https://www.chewy.com/f/glowing-light-up-cat-toys_c326_f58v370687,True,Set the canonical to the normalized self URL for eligible pages.,,,,,,,,0,glowing-light-up-cat-toys,,True,False,False,False,False,False,False,326,0,2,,,,,,,,,,,,,,1.0
HVF,Index,Missing self-referencing canonical,https://www.chewy.com/f/canvas-dog-bowls-feeders_c338_f7v68552,True,Set the canonical to the normalized self URL for eligible pages.,,CANVAS DOG BOWLS & FEEDERS (Free Shipping) | Chewy,50,"Shop Chewy for the best deals on Canvas Dog Bowls & Feeders and more with fast free shipping, low prices, and award-winning customer service. Read ratings and reviews so you can find the right Canvas Dog Bowls & Feeders for your pet.",233,,Canvas Dog Bowls & Feeders,1,canvas-dog-bowls-feeders,,False,False,False,True,False,False,False,320,326,2,,,,,,,,,,,,,,
HVF,Index,Missing self-referencing canonical,https://www.chewy.com/f/new-york-rangers-dog-clothing_c1470_f47v906384,True,Set the canonical to the normalized self URL for eligible pages.,,NEW YORK RANGERS DOG CLOTHING & ACCESSORIES (Free Shipping) | Chewy,67,"Shop Chewy for the best deals on New York Rangers Dog Clothing & Accessories and more with fast free shipping, low prices, and award-winning customer service. Read ratings and reviews so you can find the right New York Rangers Dog Clothing & Accessories for your pet.",267,,New York Rangers Dog Clothing & Accessories,1,new-york-rangers-dog-clothing,,False,False,False,True,False,False,False,225,428,2,,,,,,,,,,,,,,1.0
HVF,Index,Missing self-referencing canonical,https://www.chewy.com/f/oregon-state-dog-clothing-accessories_c1470_f47v426323,True,Set the canonical to the normalized self URL for eligible pages.,,OREGON STATE DOG CLOTHING & ACCESSORIES (Free Shipping) | Chewy,63,"Shop Chewy for the best deals on Oregon State Dog Clothing & Accessories and more with fast free shipping, low prices, and award-winning customer service. Read ratings and reviews so you can find the right Oregon State Dog Clothing & Accessories for your pet.",259,,Oregon State Dog Clothing & Accessories,1,oregon-state-dog-clothing-accessories,,False,False,False,True,False,False,False,259,426,2,,,,,,,,,,,,,,
HVF,Index,Missing self-referencing canonical,https://www.chewy.com/f/philadelphia-flyers-dog-clothing_c1470_f47v906372,True,Set the canonical to the normalized self URL for eligible pages.,,PHILADELPHIA FLYERS DOG CLOTHING & ACCESSORIES (Free Shipping) | Chewy,70,"Shop Chewy for the best deals on Philadelphia Flyers Dog Clothing & Accessories and more with fast free shipping, low prices, and award-winning customer service. Read ratings and reviews so you can find the right Philadelphia Flyers Dog Clothing & Accessories for your pet.",273,,Philadelphia Flyers Dog Clothing & Accessories,1,philadelphia-flyers-dog-clothing,,False,False,False,True,False,False,False,225,428,2,,,,,,,,,,,,,,
HVF,Index,Missing self-referencing canonical,https://www.chewy.com/f/buffalo-sabres-dog-clothing_c1470_f47v906386,True,Set the canonical to the normalized self URL for eligible pages.,,BUFFALO SABRES DOG CLOTHING & ACCESSORIES (Free Shipping) | Chewy,65,"Shop Chewy for the best deals on Buffalo Sabres Dog Clothing & Accessories and more with fast free shipping, low prices, and award-winning customer service. Read ratings and reviews so you can find the right Buffalo Sabres Dog Clothing & Accessories for your pet.",263,,Buffalo Sabres Dog Clothing & Accessories,1,buffalo-sabres-dog-clothing,,False,False,False,True,False,False,False,225,427,2,,,,,,,,,,,,,,
HVF,Index,Missing self-referencing canonical,https://www.chewy.com/f/cleveland-cavaliers-dog-clothing_c1470_f47v235798,True,Set the canonical to the normalized self URL for eligible pages.,,CLEVELAND CAVALIERS DOG CLOTHING & ACCESSORIES (Free Shipping) | Chewy,70,"Shop Chewy for the best deals on Cleveland Cavaliers Dog Clothing & Accessories and more with fast free shipping, low prices, and award-winning customer service. Read ratings and reviews so you can find the right Cleveland Cavaliers Dog Clothing & Accessories for your pet.",273,,Cleveland Cavaliers Dog Clothing & Accessories,1,cleveland-cavaliers-dog-clothing,,False,False,False,True,False,False,False,225,428,2,,,,,,,,,,,,,,
HVF,Index,Missing self-referencing canonical,https://www.chewy.com/f/kansas-state-dog-clothing-accessories_c1470_f47v426309,True,Set the canonical to the normalized self URL for eligible pages.,,KANSAS STATE DOG CLOTHING & ACCESSORIES (Free Shipping) | Chewy,63,"Shop Chewy for the best deals on Kansas State Dog Clothing & Accessories and more with fast free shipping, low prices, and award-winning customer service. Read ratings and reviews so you can find the right Kansas State Dog Clothing & Accessories for your pet.",259,,Kansas State Dog Clothing & Accessories,1,kansas-state-dog-clothing-accessories,,False,False,False,True,False,False,False,220,425,2,,,,,,,,,,,,,,
HVF,Index,Missing self-referencing canonical,https://www.chewy.com/f/la-clippers-dog-clothing-accessories_c1470_f47v235802,True,Set the canonical to the normalized self URL for eligible pages.,,LA CLIPPERS DOG CLOTHING & ACCESSORIES (Free Shipping) | Chewy,62,"Shop Chewy for the best deals on La Clippers Dog Clothing & Accessories and more with fast free shipping, low prices, and award-winning customer service. Read ratings and reviews so you can find the right La Clippers Dog Clothing & Accessories for your pet.",257,,La Clippers Dog Clothing & Accessories,1,la-clippers-dog-clothing-accessories,,False,False,False,True,False,False,False,226,428,2,,,,,,,,,,,,,,
HVF,Index,Missing self-referencing canonical,https://www.chewy.com/f/maryland-terrapins-dog-clothing_c1470_f47v426312,True,Set the canonical to the normalized self URL for eligible pages.,,MARYLAND TERRAPINS DOG CLOTHING & ACCESSORIES (Free Shipping) | Chewy,69,"Shop Chewy for the best deals on Maryland Terrapins Dog Clothing & Accessories and more with fast free shipping, low prices, and award-winning customer service. Read ratings and reviews so you can find the right Maryland Terrapins Dog Clothing & Accessories for your pet.",271,,Maryland Terrapins Dog Clothing & Accessories,1,maryland-terrapins-dog-clothing,,False,False,False,True,False,False,False,225,427,2,,,,,,,,,,,,,,
HVF,Index,Missing self-referencing canonical,https://www.chewy.com/f/milwaukee-bucks-dog-clothing_c1470_f47v426313,True,Set the canonical to the normalized self URL for eligible pages.,,MILWAUKEE BUCKS DOG CLOTHING & ACCESSORIES (Free Shipping) | Chewy,66,"Shop Chewy for the best deals on Milwaukee Bucks Dog Clothing & Accessories and more with fast free shipping, low prices, and award-winning customer service. Read ratings and reviews so you can find the right Milwaukee Bucks Dog Clothing & Accessories for your pet.",265,,Milwaukee Bucks Dog Clothing & Accessories,1,milwaukee-bucks-dog-clothing,,False,False,False,True,False,False,False,225,427,2,,,,,,,,,,,,,,
HVF,Index,Missing self-referencing canonical,https://www.chewy.com/f/mississippi-state-dog-clothing_c1470_f47v426314,True,Set the canonical to the normalized self URL for eligible pages.,,MISSISSIPPI STATE DOG CLOTHING & ACCESSORIES (Free Shipping) | Chewy,68,"Shop Chewy for the best deals on Mississippi State Dog Clothing & Accessories and more with fast free shipping, low prices, and award-winning customer service. Read ratings and reviews so you can find the right Mississippi State Dog Clothing & Accessories for your pet.",269,,Mississippi State Dog Clothing & Accessories,1,mississippi-state-dog-clothing,,False,False,False,True,False,False,False,219,425,2,,,,,,,,,,,,,,
HVF,Index,Missing self-referencing canonical,https://www.chewy.com/f/okc-thunder-dog-clothing-accessories_c1470_f47v235806,True,Set the canonical to the normalized self URL for eligible pages.,,OKC THUNDER DOG CLOTHING & ACCESSORIES (Free Shipping) | Chewy,62,"Shop Chewy for the best deals on Okc Thunder Dog Clothing & Accessories and more with fast free shipping, low prices, and award-winning customer service. Read ratings and reviews so you can find the right Okc Thunder Dog Clothing & Accessories for your pet.",257,,Okc Thunder Dog Clothing & Accessories,1,okc-thunder-dog-clothing-accessories,,False,False,False,True,False,False,False,225,428,2,,,,,,,,,,,,,,
HVF,Index,Missing self-referencing canonical,https://www.chewy.com/f/san-diego-chargers-dog-jerseys_c1470_f47v85592,True,Set the canonical to the normalized self URL for eligible pages.,,SAN DIEGO CHARGERS DOG JERSEYS (Free Shipping) | Chewy,54,"Shop Chewy for the best deals on Chargers Dog Jerseys and more with fast free shipping, low prices, and award-winning customer service. Read ratings and reviews so you can find the right Chargers Dog Jerseys for your pet.",221,,Chargers Dog Jerseys,1,san-diego-chargers-dog-jerseys,,False,False,False,True,False,False,False,225,426,2,,,,,,,,,,,,,,
HVF,Index,Missing self-referencing canonical,https://www.chewy.com/f/san-francisco-giants-dog-clothing_c1470_f47v235791,True,Set the canonical to the normalized self URL for eligible pages.,,SAN FRANCISCO GIANTS DOG CLOTHING & ACCESSORIES (Free Shipping) | Chewy,71,"""Shop Chewy for the best deals on San Francisco Giants Dog Clothing & Accessories and more with fast free shipping, low prices, and award-winning customer service. Read ratings and reviews so you can find the right San Francisco Giants Dog Clothing & Accessories for your pet.""",277,,San Francisco Giants Dog Clothing & Accessories,1,san-francisco-giants-dog-clothing,,False,False,False,True,False,False,False,219,425,2,,,,,,,,,,,,,,
HVF,Index,Missing self-referencing canonical,https://www.chewy.com/f/minnesota-wild-dog-clothing_c1470_f47v906390,True,Set the canonical to the normalized self URL for eligible pages.,,MINNESOTA WILD DOG CLOTHING & ACCESSORIES (Free Shipping) | Chewy,65,"Shop Chewy for the best deals on Minnesota Wild Dog Clothing & Accessories and more with fast free shipping, low prices, and award-winning customer service. Read ratings and reviews so you can find the right Minnesota Wild Dog Clothing & Accessories for your pet.",263,,Minnesota Wild Dog Clothing & Accessories,1,minnesota-wild-dog-clothing,,False,False,False,True,False,False,False,225,427,2,,,,,,,,,,,,,,
HVF,Index,Missing self-referencing canonical,https://www.chewy.com/f/texas-tech-dog-clothing-accessories_c1470_f47v426332,True,Set the canonical to the normalized self URL for eligible pages.,,TEXAS TECH DOG CLOTHING & ACCESSORIES (Free Shipping) | Chewy,61,"Shop Chewy for the best deals on Texas Tech Dog Clothing & Accessories and more with fast free shipping, low prices, and award-winning customer service. Read ratings and reviews so you can find the right Texas Tech Dog Clothing & Accessories for your pet.",255,,Texas Tech Dog Clothing & Accessories,1,texas-tech-dog-clothing-accessories,,False,False,False,True,False,False,False,237,425,2,,,,,,,,,,,,,,
HVF,Index,Missing self-referencing canonical,https://www.chewy.com/f/columbus-blue-jackets-dog-clothing_c1470_f47v906362,True,Set the canonical to the normalized self URL for eligible pages.,,COLUMBUS BLUE JACKETS DOG CLOTHING & ACCESSORIES (Free Shipping) | Chewy,72,"""Shop Chewy for the best deals on Columbus Blue Jackets Dog Clothing & Accessories and more with fast free shipping, low prices, and award-winning customer service. Read ratings and reviews so you can find the right Columbus Blue Jackets Dog Clothing & Accessories for your pet.""",279,,Columbus Blue Jackets Dog Clothing & Accessories,1,columbus-blue-jackets-dog-clothing,,False,False,False,True,False,False,False,225,427,2,,,,,,,,,,,,,,
HVF,Index,Missing self-referencing canonical,https://www.chewy.com/f/los-angeles-kings-dog-clothing_c1470_f47v906377,True,Set the canonical to the normalized self URL for eligible pages.,,LOS ANGELES KINGS DOG CLOTHING & ACCESSORIES (Free Shipping) | Chewy,68,"Shop Chewy for the best deals on Los Angeles Kings Dog Clothing & Accessories and more with fast free shipping, low prices, and award-winning customer service. Read ratings and reviews so you can find the right Los Angeles Kings Dog Clothing & Accessories for your pet.",269,,Los Angeles Kings Dog Clothing & Accessories,1,los-angeles-kings-dog-clothing,,False,False,False,True,False,False,False,225,427,2,,,,,,,,,,,,,,
HVF,Index,Missing self-referencing canonical,https://www.chewy.com/f/oregon-ducks-dog-clothing-accessories_c1470_f47v426322,True,Set the canonical to the normalized self URL for eligible pages.,,OREGON DUCKS DOG CLOTHING & ACCESSORIES (Free Shipping) | Chewy,63,"Shop Chewy for the best deals on Oregon Ducks Dog Clothing & Accessories and more with fast free shipping, low prices, and award-winning customer service. Read ratings and reviews so you can find the right Oregon Ducks Dog Clothing & Accessories for your pet.",259,,Oregon Ducks Dog Clothing & Accessories,1,oregon-ducks-dog-clothing-accessories,,False,False,False,True,False,False,False,219,426,2,,,,,,,,,,,,,,
HVF,Index,Missing self-referencing canonical,https://www.chewy.com/f/mint-dog-biscuits_c1537_f4v60646,True,Set the canonical to the normalized self URL for eligible pages.,,MINT DOG BISCUITS (Free Shipping) | Chewy,41,"Shop Chewy for the best deals on Mint Dog Biscuits and more with fast free shipping, low prices, and award-winning customer service. Read ratings and reviews so you can find the right Mint Dog Biscuits for your pet.",215,,Mint Dog Biscuits,1,mint-dog-biscuits,,False,False,False,True,False,False,False,62,337,2,,,,,,,,,,,,,,
HVF,Index,Missing self-referencing canonical,https://www.chewy.com/f/coccidiosis-treatment-dogs_c11588_f87v385280,True,Set the canonical to the normalized self URL for eligible pages.,,COCCIDIOSIS TREATMENT FOR DOGS (Free Shipping) | Chewy,54,"Shop Chewy for the best deals on Coccidiosis Treatment for Dogs and more with fast free shipping, low prices, and award-winning customer service. Read ratings and reviews so you can find the right Coccidiosis Treatment for Dogs for your pet.",241,,Coccidiosis Treatment for Dogs,1,coccidiosis-treatment-dogs,,False,False,False,True,False,False,False,4,315,2,,,,,,,,,,,,,,
HVF,Index,Missing self-referencing canonical,https://www.chewy.com/f/plastic-bird-perches-toys_c967_f7v17023,True,Set the canonical to the normalized self URL for eligible pages.,,,,,,,,0,plastic-bird-perches-toys,,True,False,False,False,False,False,False,106,0,2,,,,,,,,,,,,,,
HVF,Index,Missing self-referencing canonical,https://www.chewy.com/f/stainless-steel-bird-perches-toys_c967_f7v17020,True,Set the canonical to the normalized self URL for eligible pages.,,,,,,,,0,stainless-steel-bird-perches-toys,,True,False,False,False,False,False,False,106,0,2,,,,,,,,,,,,,,
HVF,Index,Missing self-referencing canonical,https://www.chewy.com/f/steel-bird-cages_c1743_f7v375469,True,Set the canonical to the normalized self URL for eligible pages.,,,,,,,,0,steel-bird-cages,,True,False,False,False,False,False,False,23,0,2,,,,,,,,,,,,,,
HVF,Index,Missing self-referencing canonical,https://www.chewy.com/f/iams-dog-food_c332_f1v144496,True,Set the canonical to the normalized self URL for eligible pages.,,IAMS DOG FOOD (Free Shipping) | Chewy,37,"Shop Chewy for the best deals on Iams Dog Food and more with fast free shipping, low prices, and award-winning customer service. Read ratings and reviews so you can find the right Iams Dog Food for your pet.",207,iams dog food,Iams Dog Food,1,iams-dog-food,False,False,False,False,True,False,False,False,147,381,2,,,,,,,6,5,12.75,1,3,0,2,
HVF,Index,Missing self-referencing canonical,https://www.chewy.com/f/guinea-fowl-flavored-dog-food_c332_f4v265386,True,Set the canonical to the normalized self URL for eligible pages.,,GUINEA FOWL FLAVORED DOG FOOD (Free Shipping) | Chewy,53,"Shop Chewy for the best deals on Guinea Fowl Flavored Dog Food and more with fast free shipping, low prices, and award-winning customer service. Read ratings and reviews so you can find the right Guinea Fowl Flavored Dog Food for your pet.",239,,Guinea Fowl Flavored Dog Food,1,guinea-fowl-flavored-dog-food,,False,False,False,True,False,False,False,926,362,2,,,,,,,,,,,,,,
HVF,Index,Missing self-referencing canonical,https://www.chewy.com/f/purple-dog-beds_c365_f51v257520,True,Set the canonical to the normalized self URL for eligible pages.,,,,,,purple dog beds,,0,purple-dog-beds,,True,False,False,False,False,False,False,421,0,2,,,,,,,1,1,20.0,0,1,0,0,4.0
HVF,Index,Missing self-referencing canonical,https://www.chewy.com/f/tie-dye-dog-beds_c365_f112v407476,True,Set the canonical to the normalized self URL for eligible pages.,,TIE-DYE DOG BEDS (Free Shipping) | Chewy,40,"Shop Chewy for the best deals on Tie-Dye Dog Beds and more with fast free shipping, low prices, and award-winning customer service. Read ratings and reviews so you can find the right Tie-Dye Dog Beds for your pet.",213,,Tie-Dye Dog Beds,1,tie-dye-dog-beds,,False,False,False,True,False,False,False,287,337,2,,,,,,,,,,,,,,
HVF,Index,Missing self-referencing canonical,https://www.chewy.com/f/dewormer-puppies_c2652_f5v9065,True,Set the canonical to the normalized self URL for eligible pages.,,DEWORMER FOR PUPPIES (Free Shipping) | Chewy,44,"Shop Chewy for the best deals on Dewormer for Puppies and more with fast free shipping, low prices, and award-winning customer service. Read ratings and reviews so you can find the right Dewormer for Puppies for your pet.",221,,Dewormer for Puppies,1,dewormer-puppies,,False,False,False,True,False,False,False,4,316,2,,,,,,,,,,,,,,
HVF,Index,Missing self-referencing canonical,https://www.chewy.com/f/catfish-flavored-cat-food_c387_f4v265398,True,Set the canonical to the normalized self URL for eligible pages.,,CATFISH FLAVORED CAT FOOD (Free Shipping) | Chewy,49,"Shop Chewy for the best deals on Catfish flavored Cat Food and more with fast free shipping, low prices, and award-winning customer service. Read ratings and reviews so you can find the right Catfish flavored Cat Food for your pet.",231,,Catfish flavored Cat Food,1,catfish-flavored-cat-food,,False,False,False,True,False,False,False,689,351,2,,,,,,,,,,,,,,
HVF,Index,Missing self-referencing canonical,https://www.chewy.com/f/variety-pack-cat-food_c387_f52v384150,True,Set the canonical to the normalized self URL for eligible pages.,,VARIETY PACK CAT FOOD (Free Shipping) | Chewy,45,"Shop Chewy for the best deals on Variety Pack Cat Food and more with fast free shipping, low prices, and award-winning customer service. Read ratings and reviews so you can find the right Variety Pack Cat Food for your pet.",223,,Variety Pack Cat Food,1,variety-pack-cat-food,,True,False,False,True,False,False,False,623,321,2,,,,,,,,,,,,,,
HVF,Index,Missing self-referencing canonical,https://www.chewy.com/f/blue-buffalo-dog-treats_c335_f1v144700,True,Set the canonical to the normalized self URL for eligible pages.,,,,,,,,0,blue-buffalo-dog-treats,,True,False,False,False,False,False,False,204,0,2,,,,,,,,,,,,,,
HVF,Index,Missing self-referencing canonical,https://www.chewy.com/f/albon-cat-medicine_c11589_f1v851435,True,Set the canonical to the normalized self URL for eligible pages.,,ALBON CAT MEDICINE (Free Shipping) | Chewy,42,"Shop Chewy for the best deals on Albon Cat Medicine and more with fast free shipping, low prices, and award-winning customer service. Read ratings and reviews so you can find the right Albon Cat Medicine for your pet.",217,,Albon Cat Medicine,1,albon-cat-medicine,,False,False,False,True,False,False,False,18,313,2,,,,,,,,,,,,,,
HVF,Index,Missing self-referencing canonical,https://www.chewy.com/f/puppy-skin-care_c1433_f5v9065,True,Set the canonical to the normalized self URL for eligible pages.,,PUPPY SKIN CARE (Free Shipping) | Chewy,39,"Shop Chewy for the best deals on Puppy Skin Care and more with fast free shipping, low prices, and award-winning customer service. Read ratings and reviews so you can find the right Puppy Skin Care for your pet.",211,,Puppy Skin Care,1,puppy-skin-care,,False,False,False,True,False,False,False,10,315,2,,,,,,,,,,,,,,
HVF,Index,Missing self-referencing canonical,https://www.chewy.com/f/reptile-feed_c1026_f2v85201,True,Set the canonical to the normalized self URL for eligible pages.,,REPTILE FEED (Free Shipping) | Chewy,36,"Shop Chewy for the best deals on Reptile Feed and more with fast free shipping, low prices, and award-winning customer service. Read ratings and reviews so you can find the right Reptile Feed for your pet.",205,,Reptile Feed,1,reptile-feed,,False,False,False,True,False,False,False,98,323,2,,,,,,,,,,,,,,
HVF,Index,Missing self-referencing canonical,https://www.chewy.com/f/reptile-mealworms_c1026_f2v393626,True,Set the canonical to the normalized self URL for eligible pages.,,REPTILE MEALWORMS (Free Shipping) | Chewy,41,"Shop Chewy for the best deals on Reptile Mealworms and more with fast free shipping, low prices, and award-winning customer service. Read ratings and reviews so you can find the right Reptile Mealworms for your pet.",215,,Reptile Mealworms,1,reptile-mealworms,,False,False,False,True,False,False,False,28,322,2,,,,,,,,,,,,,,
HVF,Index,Missing self-referencing canonical,https://www.chewy.com/f/disney-dog-fetch-toys_c317_f147v452837,True,Set the canonical to the normalized self URL for eligible pages.,,DISNEY FETCH TOYS FOR DOGS (Free Shipping) | Chewy,50,"Shop Chewy for the best deals on Disney Fetch Toys for Dogs and more with fast free shipping, low prices, and award-winning customer service. Read ratings and reviews so you can find the right Disney Fetch Toys for Dogs for your pet.",233,,Disney Fetch Toys for Dogs,1,disney-dog-fetch-toys,,False,False,False,True,False,False,False,67,312,2,,,,,,,,,,,,,,
HVF,Index,Missing self-referencing canonical,https://www.chewy.com/f/horse-stable-blankets_c11455_f213v752349,True,Set the canonical to the normalized self URL for eligible pages.,,,,,,,,0,horse-stable-blankets,,True,False,False,False,False,False,False,305,0,2,,,,,,,,,,,,,,
HVF,Index,Missing self-referencing canonical,https://www.chewy.com/f/unscented-dust-free-cat-litter_c10663_f64v70044,True,Set the canonical to the normalized self URL for eligible pages.,,,,,,,,0,unscented-dust-free-cat-litter,,True,False,False,False,False,False,False,7,0,2,,,,,,,,,,,,,,
HVF,Index,Missing self-referencing canonical,https://www.chewy.com/f/amoxi-tabs-dog-antibiotics_c11574_f1v286010,True,Set the canonical to the normalized self URL for eligible pages.,,AMOXI TABS FOR DOGS (Free Shipping) | Chewy,43,"Shop Chewy for the best deals on Amoxi Tabs for Dogs and more with fast free shipping, low prices, and award-winning customer service. Read ratings and reviews so you can find the right Amoxi Tabs for Dogs for your pet.",219,,Amoxi Tabs for Dogs,1,amoxi-tabs-dog-antibiotics,,False,False,False,True,False,False,False,7,316,2,,,,,,,,,,,,,,
HVF,Index,Missing self-referencing canonical,https://www.chewy.com/f/amoxicillin-dog-antibiotics_c11574_f1v762099,True,Set the canonical to the normalized self URL for eligible pages.,,AMOXICILLIN FOR DOGS (Free Shipping) | Chewy,44,"Shop Chewy for the best deals on Amoxicillin for Dogs and more with fast free shipping, low prices, and award-winning customer service. Read ratings and reviews so you can find the right Amoxicillin for Dogs for your pet.",221,,Amoxicillin for Dogs,1,amoxicillin-dog-antibiotics,,False,False,False,True,False,False,False,10,316,2,,,,,,,,,,,,,,
HVF,Index,Missing self-referencing canonical,https://www.chewy.com/f/hypothyroidism-treatment-cats_c11615_f87v380689,True,Set the canonical to the normalized self URL for eligible pages.,,HYPOTHYROIDISM TREATMENT FOR CATS (Free Shipping) | Chewy,57,"Shop Chewy for the best deals on Hypothyroidism Treatment for Cats and more with fast free shipping, low prices, and award-winning customer service. Read ratings and reviews so you can find the right Hypothyroidism Treatment for Cats for your pet.",247,,Hypothyroidism Treatment for Cats,1,hypothyroidism-treatment-cats,,False,False,False,True,False,False,False,2,313,2,,,,,,,,,,,,,,
HVF,Index,Missing self-referencing canonical,https://www.chewy.com/f/small-pet-chew-toys_c1066_f235v15668,True,Set the canonical to the normalized self URL for eligible pages.,,,,,,,,0,small-pet-chew-toys,,True,False,False,False,False,False,False,238,0,2,,,,,,,,,,,,,,
HVF,Index,Missing self-referencing canonical,https://www.chewy.com/f/gluten-free-veterinary-diet-cat-food_c460_f3v13797,True,Set the canonical to the normalized self URL for eligible pages.,,GLUTEN FREE VETERINARY DIET CAT FOOD (Free Shipping) | Chewy,60,"Shop Chewy for the best deals on Gluten Free Veterinary Diet Cat Food and more with fast free shipping, low prices, and award-winning customer service. Read ratings and reviews so you can find the right Gluten Free Veterinary Diet Cat Food for your pet.",253,,Gluten Free Veterinary Diet Cat Food,1,gluten-free-veterinary-diet-cat-food,,False,False,False,True,False,False,False,16,321,2,,,,,,,,,,,,,,
HVF,Index,Missing self-referencing canonical,https://www.chewy.com/f/liver-prescription-dog-food_c459_f4v60684,True,Set the canonical to the normalized self URL for eligible pages.,,LIVER PRESCRIPTION DOG FOOD (Free Shipping) | Chewy,51,"Shop Chewy for the best deals on Liver Prescription Dog Food and more with fast free shipping, low prices, and award-winning customer service. Read ratings and reviews so you can find the right Liver Prescription Dog Food for your pet.",235,,Liver Prescription Dog Food,1,liver-prescription-dog-food,,False,False,False,True,False,False,False,34,318,2,,,,,,,,,,,,,,
HVF,Index,Missing self-referencing canonical,https://www.chewy.com/f/vegetarian-veterinary-diet-dog-food_c459_f3v19746,True,Set the canonical to the normalized self URL for eligible pages.,,VEGETARIAN VETERINARY DIET DOG FOOD (Free Shipping) | Chewy,59,"Shop Chewy for the best deals on Vegetarian Veterinary Diet Dog Food and more with fast free shipping, low prices, and award-winning customer service. Read ratings and reviews so you can find the right Vegetarian Veterinary Diet Dog Food for your pet.",251,,Vegetarian Veterinary Diet Dog Food,1,vegetarian-veterinary-diet-dog-food,,False,False,False,True,False,False,False,22,324,2,,,,,,,,,,,,,,
HVF,Index,Missing self-referencing canonical,https://www.chewy.com/f/american-journey-kitten-food_c2293_f1v121134,True,Set the canonical to the normalized self URL for eligible pages.,,AMERICAN JOURNEY KITTEN FOOD (Free Shipping) | Chewy,52,"Shop Chewy for the best deals on American Journey Kitten Food and more with fast free shipping, low prices, and award-winning customer service. Read ratings and reviews so you can find the right American Journey Kitten Food for your pet.",237,,American Journey Kitten Food,1,american-journey-kitten-food,,False,False,False,True,False,False,False,9,316,2,,,,,,,,,,,,,,
HVF,Index,Missing self-referencing canonical,https://www.chewy.com/f/boar-flavored-wet-dog-food_c293_f4v59628,True,Set the canonical to the normalized self URL for eligible pages.,,BOAR FLAVORED WET DOG FOOD (Free Shipping) | Chewy,50,"Shop Chewy for the best deals on Boar Flavored Wet Dog Food and more with fast free shipping, low prices, and award-winning customer service. Read ratings and reviews so you can find the right Boar Flavored Wet Dog Food for your pet.",233,,Boar Flavored Wet Dog Food,1,boar-flavored-wet-dog-food,,False,False,False,True,False,False,False,185,339,2,,,,,,,,,,,,,,
HVF,Index,Missing self-referencing canonical,https://www.chewy.com/f/kangaroo-flavored-wet-dog-food_c293_f4v265388,True,Set the canonical to the normalized self URL for eligible pages.,,KANGAROO FLAVORED WET DOG FOOD (Free Shipping) | Chewy,54,"Shop Chewy for the best deals on Kangaroo Flavored Wet Dog Food and more with fast free shipping, low prices, and award-winning customer service. Read ratings and reviews so you can find the right Kangaroo Flavored Wet Dog Food for your pet.",241,,Kangaroo Flavored Wet Dog Food,1,kangaroo-flavored-wet-dog-food,,False,False,False,True,False,False,False,205,340,2,,,,,,,,,,,,,,
HVF,Index,Missing self-referencing canonical,https://www.chewy.com/f/high-fiber-wet-dog-food_c293_f3v594175,True,Set the canonical to the normalized self URL for eligible pages.,,HIGH FIBER WET DOG FOOD (Free Shipping) | Chewy,47,"Shop Chewy for the best deals on High Fiber Wet Dog Food and more with fast free shipping, low prices, and award-winning customer service. Read ratings and reviews so you can find the right High Fiber Wet Dog Food for your pet.",227,,High Fiber Wet Dog Food,1,high-fiber-wet-dog-food,,False,False,False,True,False,False,False,132,332,2,,,,,,,,,,,,,,
HVF,Index,Missing self-referencing canonical,https://www.chewy.com/f/horse-medicine-pain_c11617_f88v377550,True,Set the canonical to the normalized self URL for eligible pages.,,,,,,,,0,horse-medicine-pain,,True,False,False,False,False,False,False,4,0,2,,,,,,,,,,,,,,
HVF,Index,Missing self-referencing canonical,https://www.chewy.com/f/almo-nature-cat-litter_c411_f1v284167,True,Set the canonical to the normalized self URL for eligible pages.,,ALMO NATURE CAT LITTER (Free Shipping) | Chewy,46,"Shop Chewy for the best deals on Almo Nature Cat Litter and more with fast free shipping, low prices, and award-winning customer service. Read ratings and reviews so you can find the right Almo Nature Cat Litter for your pet.",225,,Almo Nature Cat Litter,1,almo-nature-cat-litter,,False,False,False,True,False,False,False,19,315,2,,,,,,,,,,,,,,
HVF,Index,Missing self-referencing canonical,https://www.chewy.com/f/pet-rat-chew-toys_c10983_f235v15668,True,Set the canonical to the normalized self URL for eligible pages.,,,,,,,,0,pet-rat-chew-toys,,True,False,False,False,False,False,False,46,0,2,,,,,,,,,,,,,,
HVF,Index,Missing self-referencing canonical,https://www.chewy.com/f/natural-dry-dog-food_c294_f3v716857,True,Set the canonical to the normalized self URL for eligible pages.,,,,,,,,0,natural-dry-dog-food,,True,False,False,False,False,False,False,340,0,2,,,,,,,,,,,,,,
HVF,Index,Missing self-referencing canonical,https://www.chewy.com/f/organic-dry-dog-food_c294_f3v9078,True,Set the canonical to the normalized self URL for eligible pages.,,ORGANIC DRY DOG FOOD (Free Shipping) | Chewy,44,"Shop Chewy for the best deals on Organic Dry Dog Food and more with fast free shipping, low prices, and award-winning customer service. Read ratings and reviews so you can find the right Organic Dry Dog Food for your pet.",221,,Organic Dry Dog Food,1,organic-dry-dog-food,,False,False,False,True,False,False,False,101,332,2,,,,,,,,,,,,,,2.0
HVF,Index,Missing self-referencing canonical,https://www.chewy.com/f/chicken-flavored-dry-dog-food_c294_f4v19896,True,Set the canonical to the normalized self URL for eligible pages.,,,,,,chicken flavored dog food,,0,chicken-flavored-dry-dog-food,,True,False,False,False,False,False,False,303,0,2,,,,,,,2,2,3.0,2,0,0,0,1.0
HVF,Index,Missing self-referencing canonical,https://www.chewy.com/f/tuna-flavored-dry-dog-food_c294_f4v59636,True,Set the canonical to the normalized self URL for eligible pages.,,TUNA FLAVORED DRY DOG FOOD (Free Shipping) | Chewy,50,"Shop Chewy for the best deals on Tuna flavored Dry Dog Food and more with fast free shipping, low prices, and award-winning customer service. Read ratings and reviews so you can find the right Tuna flavored Dry Dog Food for your pet.",233,,Tuna flavored Dry Dog Food,1,tuna-flavored-dry-dog-food,,False,False,False,True,False,False,False,198,344,2,,,,,,,,,,,,,,
HVF,Index,Missing self-referencing canonical,https://www.chewy.com/f/annamaet-puppy-food_c2284_f1v259523,True,Set the canonical to the normalized self URL for eligible pages.,,ANNAMAET PUPPY FOOD (Free Shipping) | Chewy,43,"Shop Chewy for the best deals on Annamaet Puppy Food and more with fast free shipping, low prices, and award-winning customer service. Read ratings and reviews so you can find the right Annamaet Puppy Food for your pet.",219,,Annamaet Puppy Food,1,annamaet-puppy-food,,False,False,False,True,False,False,False,41,321,2,,,,,,,,,,,,,,
HVF,Index,Missing self-referencing canonical,https://www.chewy.com/f/clumping-natural-cat-litter_c10664_f64v70038,True,Set the canonical to the normalized self URL for eligible pages.,,,,,,,,0,clumping-natural-cat-litter,,True,False,False,False,False,False,False,31,0,2,,,,,,,,,,,,,,
HVF,Index,Missing self-referencing canonical,https://www.chewy.com/f/frisco-clumping-cat-litter_c10658_f1v396533,True,Set the canonical to the normalized self URL for eligible pages.,,FRISCO CLUMPING CAT LITTER (Free Shipping) | Chewy,50,"Shop Chewy for the best deals on Frisco Clumping Cat Litter and more with fast free shipping, low prices, and award-winning customer service. Read ratings and reviews so you can find the right Frisco Clumping Cat Litter for your pet.",233,,Frisco Clumping Cat Litter,1,frisco-clumping-cat-litter,,False,False,False,True,False,False,False,12,316,2,,,,,,,,,,,,,,
HVF,Index,Missing self-referencing canonical,https://www.chewy.com/f/mealworms-bearded-dragon-food_c11796_f2v393626,True,Set the canonical to the normalized self URL for eligible pages.,,MEALWORMS BEARDED DRAGON FOOD (Free Shipping) | Chewy,53,"Shop Chewy for the best deals on Mealworms Bearded Dragon Food and more with fast free shipping, low prices, and award-winning customer service. Read ratings and reviews so you can find the right Mealworms Bearded Dragon Food for your pet.",239,,Mealworms Bearded Dragon Food,1,mealworms-bearded-dragon-food,,False,False,False,True,False,False,False,50,316,2,,,,,,,,,,,,,,
HVF,Index,Missing self-referencing canonical,https://www.chewy.com/f/green-cat-trees-condos_c1482_f51v257514,True,Set the canonical to the normalized self URL for eligible pages.,,,,,,green cat trees,,0,green-cat-trees-condos,,True,False,False,False,False,False,False,80,0,2,,,,,,,6,4,1.75,4,0,0,2,9.0
HVF,Index,Missing self-referencing canonical,https://www.chewy.com/f/hypothyroidism-medication-dogs_c11561_f87v380689,True,Set the canonical to the normalized self URL for eligible pages.,,HYPOTHYROIDISM MEDICATION FOR DOGS (Free Shipping) | Chewy,58,"Shop Chewy for the best deals on Hypothyroidism Medication for Dogs and more with fast free shipping, low prices, and award-winning customer service. Read ratings and reviews so you can find the right Hypothyroidism Medication for Dogs for your pet.",249,,Hypothyroidism Medication for Dogs,1,hypothyroidism-medication-dogs,,False,False,False,True,False,False,True,41,332,2,,,,,,,,,,,,,,
HVF,Index,Missing self-referencing canonical,https://www.chewy.com/f/kennel-cough-medicine-dogs_c11561_f87v380692,True,Set the canonical to the normalized self URL for eligible pages.,,KENNEL COUGH MEDICINE FOR DOGS (Free Shipping) | Chewy,54,"Shop Chewy for the best deals on Kennel Cough Medicine for Dogs and more with fast free shipping, low prices, and award-winning customer service. Read ratings and reviews so you can find the right Kennel Cough Medicine for Dogs for your pet.",241,,Kennel Cough Medicine for Dogs,1,kennel-cough-medicine-dogs,,False,False,False,True,False,False,True,44,334,2,,,,,,,,,,,,,,
HVF,Index,Missing self-referencing canonical,https://www.chewy.com/f/albon-dog-medication_c11561_f1v851435,True,Set the canonical to the normalized self URL for eligible pages.,,ALBON FOR DOGS (Free Shipping) | Chewy,38,"Shop Chewy for the best deals on Albon for Dogs and more with fast free shipping, low prices, and award-winning customer service. Read ratings and reviews so you can find the right Albon for Dogs for your pet.",209,,Albon for Dogs,1,albon-dog-medication,,False,False,False,True,False,False,False,44,312,2,,,,,,,,,,,,,,
HVF,Index,Missing self-referencing canonical,https://www.chewy.com/f/expectorants-dogs_c11561_f88v377544,True,Set the canonical to the normalized self URL for eligible pages.,,EXPECTORANTS FOR DOGS (Free Shipping) | Chewy,45,"Shop Chewy for the best deals on Expectorants for Dogs and more with fast free shipping, low prices, and award-winning customer service. Read ratings and reviews so you can find the right Expectorants for Dogs for your pet.",223,,Expectorants for Dogs,1,expectorants-dogs,,False,False,False,True,False,False,True,40,327,2,,,,,,,,,,,,,,
HVF,Index,Missing self-referencing canonical,https://www.chewy.com/f/vasodilators-dogs_c11561_f88v925323,True,Set the canonical to the normalized self URL for eligible pages.,,VASODILATORS FOR DOGS (Free Shipping) | Chewy,45,"Shop Chewy for the best deals on Vasodilators for Dogs and more with fast free shipping, low prices, and award-winning customer service. Read ratings and reviews so you can find the right Vasodilators for Dogs for your pet.",223,,Vasodilators for Dogs,1,vasodilators-dogs,,False,False,False,True,False,False,True,40,327,2,,,,,,,,,,,,,,
HVF,Index,Missing self-referencing canonical,https://www.chewy.com/f/sardine-oil-cats_c417_f199v830167,True,Set the canonical to the normalized self URL for eligible pages.,,SARDINE OIL FOR CATS (Free Shipping) | Chewy,44,"Shop Chewy for low prices and the best cat vitamins & supplements that can improve your cat's health, wellness and vitality. Cat vitamins help a cat’s body to function properly, regulating everything from cat digestive health, skin & coat care, allergy & immune system to heart & liver care. *FREE* shipping on orders $49+ and the BEST customer service.",353,,Sardine Oil for Cats,1,sardine-oil-cats,,False,False,False,True,False,False,False,137,370,2,,,,,,,,,,,,,,
HVF,Index,Missing self-referencing canonical,https://www.chewy.com/f/ae-cage-company_f1v542415,True,Set the canonical to the normalized self URL for eligible pages.,,,,,,,,0,ae-cage-company,,True,False,False,False,False,False,False,452,0,3,,,,,,,,,,,,,,
HVF,Index,Missing self-referencing canonical,https://www.chewy.com/f/hydroxyzine-hcl-compounded_f1v112576,True,Set the canonical to the normalized self URL for eligible pages.,,Hydroxyzine HCl Compounded - Free shipping | Chewy,50,"Shop Chewy for low prices and the best products! We carry a large selection and the top brands like Frisco, Littlearth, and more. Find everything you need in one place. FREE shipping on orders $49+ and the BEST customer service!",228,,Hydroxyzine HCl Compounded,1,hydroxyzine-hcl-compounded,,False,False,False,False,False,False,False,24,305,3,,,,,,,,,,,,,,
HVF,Index,Missing self-referencing canonical,https://www.chewy.com/f/thyro-tabs_f1v2907,True,Set the canonical to the normalized self URL for eligible pages.,,Thyro-Tabs - Free shipping | Chewy,34,"Shop Chewy for low prices and the best products! We carry a large selection and the top brands like Frisco, Littlearth, and more. Find everything you need in one place. FREE shipping on orders $49+ and the BEST customer service!",228,,Thyro-Tabs,1,thyro-tabs,,False,False,False,False,False,False,False,37,304,3,,,,,,,,,,,,,,
HVF,Index,Missing self-referencing canonical,https://www.chewy.com/f/limited-ingredient-diet-cat-food_c387_f3v9073,True,Set the canonical to the normalized self URL for eligible pages.,,,,,,,,0,limited-ingredient-diet-cat-food,,True,False,False,False,False,False,False,80,0,3,,,,,,,,,,,,,,
HVF,Index,Missing self-referencing canonical,https://www.chewy.com/f/limited-ingredient-diet-dry-cat-food_c388_f3v9073,True,Set the canonical to the normalized self URL for eligible pages.,,,,,,,,0,limited-ingredient-diet-dry-cat-food,,True,False,False,False,False,False,False,10,0,3,,,,,,,,,,,,,,
HVF,Index,Missing self-referencing canonical,https://www.chewy.com/f/natural-wet-dog-food_c293_f3v716857,True,Set the canonical to the normalized self URL for eligible pages.,,,,,,,,0,natural-wet-dog-food,,True,False,False,False,False,False,False,13,0,3,,,,,,,,,,,,,,
HVF,Index,Missing self-referencing canonical,https://www.chewy.com/f/clindamycin_f1v533338,True,Set the canonical to the normalized self URL for eligible pages.,,Clindamycin - Free shipping | Chewy,35,"Shop Chewy for low prices and the best products! We carry a large selection and the top brands like Frisco, Littlearth, and more. Find everything you need in one place. FREE shipping on orders $49+ and the BEST customer service!",228,,Clindamycin,1,clindamycin,,False,False,False,False,False,False,False,23,305,3,,,,,,,,,,,,,,
HVF,Index,Missing self-referencing canonical,https://www.chewy.com/f/hen-up-chicken-feed_c951_f1v393732,True,Set the canonical to the normalized self URL for eligible pages.,,HEN UP CHICKEN FEED (Free Shipping) | Chewy,43,"Shop Chewy for the best deals on Hen Up Chicken Feed and more with fast free shipping, low prices, and award-winning customer service. Read ratings and reviews so you can find the right Hen Up Chicken Feed for your pet.",219,,Hen Up Chicken Feed,1,hen-up-chicken-feed,,False,False,False,True,False,False,False,3,317,3,,,,,,,,,,,,,,1.0
HVF,Index,Missing self-referencing canonical,https://www.chewy.com/f/travel-elevated-dog-bowls_c1423_f86v69996,True,Set the canonical to the normalized self URL for eligible pages.,,TRAVEL ELEVATED DOG BOWLS (Free Shipping) | Chewy,49,"Shop Chewy for the best deals on Travel Elevated Dog Bowls and more with fast free shipping, low prices, and award-winning customer service. Read ratings and reviews so you can find the right Travel Elevated Dog Bowls for your pet.",231,,Travel Elevated Dog Bowls,1,travel-elevated-dog-bowls,,False,False,False,True,False,False,False,17,319,3,,,,,,,,,,,,,,
HVF,Index,Missing self-referencing canonical,https://www.chewy.com/f/coastal_f1v39238,True,Set the canonical to the normalized self URL for eligible pages.,,Coastal - Free shipping | Chewy,31,"Shop Chewy for low prices and the best products! We carry a large selection and the top brands like Frisco, Littlearth, and more. Find everything you need in one place. FREE shipping on orders $49+ and the BEST customer service!",228,,Coastal,1,coastal,,False,False,False,False,False,False,False,3,304,3,,,,,,,,,,,,,,
HVF,Index,Missing self-referencing canonical,https://www.chewy.com/f/felycin-ca1_f1v28878,True,Set the canonical to the normalized self URL for eligible pages.,,Felycin-CA1 - Free shipping | Chewy,35,"Shop Chewy for low prices and the best products! We carry a large selection and the top brands like Frisco, Littlearth, and more. Find everything you need in one place. FREE shipping on orders $49+ and the BEST customer service!",228,,Felycin-CA1,1,felycin-ca1,,False,False,False,False,False,False,False,13,304,3,,,,,,,,,,,,,,
HVF,Index,Missing self-referencing canonical,https://www.chewy.com/f/limited-ingredient-diet-dog-food_c332_f3v9073,True,Set the canonical to the normalized self URL for eligible pages.,,,,,,,,0,limited-ingredient-diet-dog-food,,True,False,False,False,False,False,False,31,0,3,,,,,,,,,,,,,,
HVF,Index,Missing self-referencing canonical,https://www.chewy.com/f/silicone-dog-hair-remover_c2444_f7v63640,True,Set the canonical to the normalized self URL for eligible pages.,,SILICONE DOG HAIR REMOVER (Free Shipping) | Chewy,49,"Shop Chewy for the best deals on Silicone Dog Hair Remover and more with fast free shipping, low prices, and award-winning customer service. Read ratings and reviews so you can find the right Silicone Dog Hair Remover for your pet.",231,,Silicone Dog Hair Remover,1,silicone-dog-hair-remover,,False,False,False,True,False,False,False,1,314,3,,,,,,,,,,,,,,
HVF,Index,Missing self-referencing canonical,https://www.chewy.com/f/nectar-bird-feeders_c1744_f204v694970,True,Set the canonical to the normalized self URL for eligible pages.,,,,,,,,0,nectar-bird-feeders,,True,False,False,False,False,False,False,1,0,3,,,,,,,,,,,,,,
HVF,Index,Missing self-referencing canonical,https://www.chewy.com/f/gather-dry-dog-food_c294_f1v366208,True,Set the canonical to the normalized self URL for eligible pages.,,GATHER DRY DOG FOOD (Free Shipping) | Chewy,43,"Shop Chewy for the best deals on Gather Dry Dog Food and more with fast free shipping, low prices, and award-winning customer service. Read ratings and reviews so you can find the right Gather Dry Dog Food for your pet.",219,,Gather Dry Dog Food,1,gather-dry-dog-food,,False,False,False,True,False,False,False,3,328,3,,,,,,,,,,,,,,
HVF,Index,Missing self-referencing canonical,https://www.chewy.com/f/nickerdoodles_f1v859105,True,Set the canonical to the normalized self URL for eligible pages.,,NickerDoodles - Free shipping | Chewy,37,"Shop Chewy for low prices and the best products! We carry a large selection and the top brands like Frisco, Littlearth, and more. Find everything you need in one place. FREE shipping on orders $49+ and the BEST customer service!",228,,NickerDoodles,1,nickerdoodles,,False,False,False,False,False,False,False,4,304,3,,,,,,,,,,,,,,
HVF,Index,Missing self-referencing canonical,https://www.chewy.com/f/steel-parrot-cages_c12967_f7v375469,True,Set the canonical to the normalized self URL for eligible pages.,,,,,,,,0,steel-parrot-cages,,True,False,False,False,False,False,False,8,0,3,,,,,,,,,,,,,,
HVF,Index,Missing self-referencing canonical,https://www.chewy.com/f/praziquantel-compounded_f1v106014,True,Set the canonical to the normalized self URL for eligible pages.,,Praziquantel Compounded - Free shipping | Chewy,47,"Shop Chewy for low prices and the best products! We carry a large selection and the top brands like Frisco, Littlearth, and more. Find everything you need in one place. FREE shipping on orders $49+ and the BEST customer service!",228,,Praziquantel Compounded,1,praziquantel-compounded,,False,False,False,False,False,False,False,37,305,3,,,,,,,,,,,,,,
HVF,Index,Missing self-referencing canonical,https://www.chewy.com/f/happy-olly_f1v20230,True,Set the canonical to the normalized self URL for eligible pages.,,Happy Olly - Free shipping | Chewy,34,"Shop Chewy for low prices and the best products! We carry a large selection and the top brands like Frisco, Littlearth, and more. Find everything you need in one place. FREE shipping on orders $49+ and the BEST customer service!",228,,Happy Olly,1,happy-olly,,False,False,False,False,False,False,False,3,305,3,,,,,,,,,,,,,,
HVF,Index,Missing self-referencing canonical,https://www.chewy.com/f/limited-ingredient-diet-wet-cat-food_c389_f3v9073,True,Set the canonical to the normalized self URL for eligible pages.,,,,,,,,0,limited-ingredient-diet-wet-cat-food,,True,False,False,False,False,False,False,52,0,3,,,,,,,,,,,,,,
HVF,Index,Missing self-referencing canonical,https://www.chewy.com/f/neo-poly-bac_f1v222421,True,Set the canonical to the normalized self URL for eligible pages.,,Neo-Poly-Bac - Free shipping | Chewy,36,"Shop Chewy for low prices and the best products! We carry a large selection and the top brands like Frisco, Littlearth, and more. Find everything you need in one place. FREE shipping on orders $49+ and the BEST customer service!",228,,Neo-Poly-Bac,1,neo-poly-bac,,False,False,False,False,False,False,False,3,305,3,,,,,,,,,,,,,,
HVF,Index,Missing self-referencing canonical,https://www.chewy.com/f/bute_f1v498122,True,Set the canonical to the normalized self URL for eligible pages.,,Bute - Free shipping | Chewy,28,"Shop Chewy for low prices and the best products! We carry a large selection and the top brands like Frisco, Littlearth, and more. Find everything you need in one place. FREE shipping on orders $49+ and the BEST customer service!",228,,Bute,1,bute,,False,False,False,False,False,False,False,6,305,3,,,,,,,,,,,,,,
HVF,Index,Missing self-referencing canonical,https://www.chewy.com/f/variety-pack-wet-dog-food_c293_f52v384150,True,Set the canonical to the normalized self URL for eligible pages.,,VARIETY PACK WET DOG FOOD (Free Shipping) | Chewy,49,"Shop Chewy for the best deals on Variety Pack Wet Dog Food and more with fast free shipping, low prices, and award-winning customer service. Read ratings and reviews so you can find the right Variety Pack Wet Dog Food for your pet.",231,,Variety Pack Wet Dog Food,1,variety-pack-wet-dog-food,,False,False,False,True,False,False,False,25,319,3,,,,,,,,,,,,,,
HVF,Index,Missing self-referencing canonical,https://www.chewy.com/f/dr-garys-best-breed-puppy-food_c2284_f1v285913,True,Set the canonical to the normalized self URL for eligible pages.,,DR. GARY'S BEST BREED PUPPY FOOD (Free Shipping) | Chewy,56,"Shop Chewy for the best deals on Dr. Gary's Best Breed Puppy Food and more with fast free shipping, low prices, and award-winning customer service. Read ratings and reviews so you can find the right Dr. Gary's Best Breed Puppy Food for your pet.",245,,Dr. Gary's Best Breed Puppy Food,1,dr-garys-best-breed-puppy-food,,False,False,False,True,False,False,False,1,319,3,,,,,,,,,,,,,,
HVF,Index,Missing self-referencing canonical,https://www.chewy.com/f/normosol-r_f1v433276,True,Set the canonical to the normalized self URL for eligible pages.,,Normosol-R - Free shipping | Chewy,34,"Shop Chewy for low prices and the best products! We carry a large selection and the top brands like Frisco, Littlearth, and more. Find everything you need in one place. FREE shipping on orders $49+ and the BEST customer service!",228,,Normosol-R,1,normosol-r,,False,False,False,False,False,False,False,3,304,3,,,,,,,,,,,,,,
HVF,Index,Missing self-referencing canonical,https://www.chewy.com/f/ferret-tunnel-toys_c10940_f235v71973,True,Set the canonical to the normalized self URL for eligible pages.,,,,,,,,0,ferret-tunnel-toys,,True,False,False,False,False,False,False,9,0,3,,,,,,,,,,,,,,
HVF,Index,Missing self-referencing canonical,https://www.chewy.com/f/ferret-treats_c984_f2v20223,True,Set the canonical to the normalized self URL for eligible pages.,,,,,,,,0,ferret-treats,,True,False,False,False,False,False,False,11,0,3,,,,,,,,,,,,,,
HVF,Index,Missing self-referencing canonical,https://www.chewy.com/f/feline-pine-natural-cat-litter_c10664_f1v289244,True,Set the canonical to the normalized self URL for eligible pages.,,FELINE PINE NATURAL CAT LITTER (Free Shipping) | Chewy,54,"Shop Chewy for the best deals on Feline Pine Natural Cat Litter and more with fast free shipping, low prices, and award-winning customer service. Read ratings and reviews so you can find the right Feline Pine Natural Cat Litter for your pet.",241,,Feline Pine Natural Cat Litter,1,feline-pine-natural-cat-litter,,False,False,False,True,False,False,False,1,315,3,,,,,,,,,,,,,,
HVF,Index,Missing self-referencing canonical,https://www.chewy.com/f/droncit-dewormer-dogs_c2652_f1v321410,True,Set the canonical to the normalized self URL for eligible pages.,,DRONCIT DEWORMER FOR DOGS (Free Shipping) | Chewy,49,"Shop Chewy for the best deals on Droncit Dewormer for Dogs and more with fast free shipping, low prices, and award-winning customer service. Read ratings and reviews so you can find the right Droncit Dewormer for Dogs for your pet.",231,,Droncit Dewormer for Dogs,1,droncit-dewormer-dogs,,False,False,False,True,False,False,False,3,316,3,,,,,,,,,,,,,,
HVF,Index,Missing self-referencing canonical,https://www.chewy.com/f/2-hounds-design-dog-harnesses_c347_f1v224372,True,Set the canonical to the normalized self URL for eligible pages.,,2 HOUNDS DESIGN DOG HARNESSES (Free Shipping) | Chewy,53,"Shop Chewy for the best deals on 2 Hounds Design Dog Harnesses and more with fast free shipping, low prices, and award-winning customer service. Read ratings and reviews so you can find the right 2 Hounds Design Dog Harnesses for your pet.",239,,2 Hounds Design Dog Harnesses,1,2-hounds-design-dog-harnesses,,False,False,False,True,False,False,False,170,329,3,,,,,,,,,,,,,,
HVF,Index,Missing self-referencing canonical,https://www.chewy.com/f/microfiber-dog-harnesses_c347_f7v234044,True,Set the canonical to the normalized self URL for eligible pages.,,MICROFIBER DOG HARNESSES (Free Shipping) | Chewy,48,"Shop Chewy for the best deals on Microfiber Dog Harnesses and more with fast free shipping, low prices, and award-winning customer service. Read ratings and reviews so you can find the right Microfiber Dog Harnesses for your pet.",229,,Microfiber Dog Harnesses,1,microfiber-dog-harnesses,,False,False,False,True,False,False,False,89,325,3,,,,,,,,,,,,,,
HVF,Index,Missing self-referencing canonical,https://www.chewy.com/f/snake-bowls_c14019_f164v203021,True,Set the canonical to the normalized self URL for eligible pages.,,SNAKE BOWLS (Free Shipping) | Chewy,35,"Shop Chewy for the best deals on Snake Bowls and more with fast free shipping, low prices, and award-winning customer service. Read ratings and reviews so you can find the right Snake Bowls for your pet.",203,,Snake Bowls,1,snake-bowls,,False,False,False,True,False,False,False,29,315,3,,,,,,,,,,,,,,
HVF,Index,Missing self-referencing canonical,https://www.chewy.com/f/tobramycin_f1v259804,True,Set the canonical to the normalized self URL for eligible pages.,,Tobramycin - Free shipping | Chewy,34,"Shop Chewy for low prices and the best products! We carry a large selection and the top brands like Frisco, Littlearth, and more. Find everything you need in one place. FREE shipping on orders $49+ and the BEST customer service!",228,,Tobramycin,1,tobramycin,,False,False,False,False,False,False,False,2,304,3,,,,,,,,,,,,,,
HVF,Index,Missing self-referencing canonical,https://www.chewy.com/f/frog-bowls_c14026_f164v203021,True,Set the canonical to the normalized self URL for eligible pages.,,FROG BOWLS (Free Shipping) | Chewy,34,"Shop Chewy for the best deals on Frog Bowls and more with fast free shipping, low prices, and award-winning customer service. Read ratings and reviews so you can find the right Frog Bowls for your pet.",201,,Frog Bowls,1,frog-bowls,,False,False,False,True,False,False,False,37,315,3,,,,,,,,,,,,,,
HVF,Index,Missing self-referencing canonical,https://www.chewy.com/f/max-power-planet_f1v535951,True,Set the canonical to the normalized self URL for eligible pages.,,Max Power Planet - Free shipping | Chewy,40,"Shop Chewy for low prices and the best products! We carry a large selection and the top brands like Frisco, Littlearth, and more. Find everything you need in one place. FREE shipping on orders $49+ and the BEST customer service!",228,,Max Power Planet,1,max-power-planet,,False,False,False,False,False,False,False,3,304,3,,,,,,,,,,,,,,
HVF,Index,Missing self-referencing canonical,https://www.chewy.com/f/clavacillin_f1v393844,True,Set the canonical to the normalized self URL for eligible pages.,,Clavacillin - Free shipping | Chewy,35,"Shop Chewy for low prices and the best products! We carry a large selection and the top brands like Frisco, Littlearth, and more. Find everything you need in one place. FREE shipping on orders $49+ and the BEST customer service!",228,,Clavacillin,1,clavacillin,,False,False,False,False,False,False,False,17,304,3,,,,,,,,,,,,,,
HVF,Index,Missing self-referencing canonical,https://www.chewy.com/f/appetite-medicine-dogs_c11582_f87v791617,True,Set the canonical to the normalized self URL for eligible pages.,,APPETITE MEDICINE FOR DOGS (Free Shipping) | Chewy,50,"Shop Chewy for the best deals on Appetite Medicine for Dogs and more with fast free shipping, low prices, and award-winning customer service. Read ratings and reviews so you can find the right Appetite Medicine for Dogs for your pet.",233,,Appetite Medicine for Dogs,1,appetite-medicine-dogs,,False,False,False,True,False,False,False,8,319,3,,,,,,,,,,,,,,
HVF,Index,Missing self-referencing canonical,https://www.chewy.com/f/baxter-dog-digestive-enzymes-medicine_c11582_f1v527911,True,Set the canonical to the normalized self URL for eligible pages.,,BAXTER FOR DOGS (Free Shipping) | Chewy,39,"Shop Chewy for the best deals on Baxter for Dogs and more with fast free shipping, low prices, and award-winning customer service. Read ratings and reviews so you can find the right Baxter for Dogs for your pet.",211,,Baxter for Dogs,1,baxter-dog-digestive-enzymes-medicine,,False,False,False,True,False,False,False,4,315,3,,,,,,,,,,,,,,
HVF,Index,Missing self-referencing canonical,https://www.chewy.com/f/chicken-chick_f1v291751,True,Set the canonical to the normalized self URL for eligible pages.,,The Chicken Chick - Free shipping | Chewy,41,"Shop Chewy for low prices and the best products! We carry a large selection and the top brands like Frisco, Littlearth, and more. Find everything you need in one place. FREE shipping on orders $49+ and the BEST customer service!",228,,The Chicken Chick,1,chicken-chick,,False,False,False,False,False,False,False,4,305,3,,,,,,,,,,,,,,
HVF,Index,Missing self-referencing canonical,https://www.chewy.com/f/woolite_f1v37678,True,Set the canonical to the normalized self URL for eligible pages.,,Woolite - Free shipping | Chewy,31,"Shop Chewy for low prices and the best products! We carry a large selection and the top brands like Frisco, Littlearth, and more. Find everything you need in one place. FREE shipping on orders $49+ and the BEST customer service!",228,,Woolite,1,woolite,,False,False,False,False,False,False,False,3,306,3,,,,,,,,,,,,,,
HVF,Index,Missing self-referencing canonical,https://www.chewy.com/f/methazolamide-compounded_f1v109073,True,Set the canonical to the normalized self URL for eligible pages.,,Methazolamide Compounded - Free shipping | Chewy,48,"Shop Chewy for low prices and the best products! We carry a large selection and the top brands like Frisco, Littlearth, and more. Find everything you need in one place. FREE shipping on orders $49+ and the BEST customer service!",228,,Methazolamide Compounded,1,methazolamide-compounded,,False,False,False,False,False,False,False,52,305,3,,,,,,,,,,,,,,
HVF,Index,Missing self-referencing canonical,https://www.chewy.com/f/timolol_f1v215573,True,Set the canonical to the normalized self URL for eligible pages.,,Timolol - Free shipping | Chewy,31,"Shop Chewy for low prices and the best products! We carry a large selection and the top brands like Frisco, Littlearth, and more. Find everything you need in one place. FREE shipping on orders $49+ and the BEST customer service!",228,,Timolol,1,timolol,,False,False,False,False,False,False,False,5,305,3,,,,,,,,,,,,,,
HVF,Index,Missing self-referencing canonical,https://www.chewy.com/f/thyroid-cream-cats_c12243_f83v706539,True,Set the canonical to the normalized self URL for eligible pages.,,THYROID CREAM FOR CATS (Free Shipping) | Chewy,46,"Shop Chewy for the best deals on Thyroid Cream for Cats and more with fast free shipping, low prices, and award-winning customer service. Read ratings and reviews so you can find the right Thyroid Cream for Cats for your pet.",225,,Thyroid Cream for Cats,1,thyroid-cream-cats,,False,False,False,True,False,False,False,1,314,3,,,,,,,,,,,,,,
HVF,Index,Missing self-referencing canonical,https://www.chewy.com/f/dallas-mavericks-dog-bandanas-scarves_c2634_f47v235804,True,Set the canonical to the normalized self URL for eligible pages.,,DALLAS MAVERICKS DOG BANDANAS & SCARVES (Free Shipping) | Chewy,63,"Shop Chewy for the best deals on Dallas Mavericks Dog Bandanas & Scarves and more with fast free shipping, low prices, and award-winning customer service. Read ratings and reviews so you can find the right Dallas Mavericks Dog Bandanas & Scarves for your pet.",259,,Dallas Mavericks Dog Bandanas & Scarves,1,dallas-mavericks-dog-bandanas-scarves,,False,False,False,True,False,False,False,50,342,3,,,,,,,,,,,,,,
HVF,Index,Missing self-referencing canonical,https://www.chewy.com/f/north-carolina-tar-heels-dog-bandanas_c2634_f47v493364,True,Set the canonical to the normalized self URL for eligible pages.,,NORTH CAROLINA TAR HEELS DOG BANDANAS & SCARVES (Free Shipping) | Chewy,71,"Shop Chewy for the best deals on North Carolina Tar Heels Dog Bandanas & Scarves and more with fast free shipping, low prices, and award-winning customer service. Read ratings and reviews so you can find the right North Carolina Tar Heels Dog Bandanas & Scarves for your pet.",275,,North Carolina Tar Heels Dog Bandanas & Scarves,1,north-carolina-tar-heels-dog-bandanas,,False,False,False,True,False,False,False,50,342,3,,,,,,,,,,,,,,
HVF,Index,Missing self-referencing canonical,https://www.chewy.com/f/penn-state-dog-bandanas-scarves_c2634_f47v426325,True,Set the canonical to the normalized self URL for eligible pages.,,PENN STATE DOG BANDANAS & SCARVES (Free Shipping) | Chewy,57,"Shop Chewy for the best deals on Penn State Dog Bandanas & Scarves and more with fast free shipping, low prices, and award-winning customer service. Read ratings and reviews so you can find the right Penn State Dog Bandanas & Scarves for your pet.",247,,Penn State Dog Bandanas & Scarves,1,penn-state-dog-bandanas-scarves,,False,False,False,True,False,False,False,50,342,3,,,,,,,,,,,,,,
HVF,Index,Missing self-referencing canonical,https://www.chewy.com/f/purdue-boilermakers-dog-bandanas_c2634_f47v426328,True,Set the canonical to the normalized self URL for eligible pages.,,PURDUE BOILERMAKERS DOG BANDANAS & SCARVES (Free Shipping) | Chewy,66,"Shop Chewy for the best deals on Purdue Boilermakers Dog Bandanas & Scarves and more with fast free shipping, low prices, and award-winning customer service. Read ratings and reviews so you can find the right Purdue Boilermakers Dog Bandanas & Scarves for your pet.",265,,Purdue Boilermakers Dog Bandanas & Scarves,1,purdue-boilermakers-dog-bandanas,,False,False,False,True,False,False,False,50,342,3,,,,,,,,,,,,,,
HVF,Index,Missing self-referencing canonical,https://www.chewy.com/f/texas-tech-dog-bandanas-scarves_c2634_f47v426332,True,Set the canonical to the normalized self URL for eligible pages.,,TEXAS TECH DOG BANDANAS & SCARVES (Free Shipping) | Chewy,57,"Shop Chewy for the best deals on Texas Tech Dog Bandanas & Scarves and more with fast free shipping, low prices, and award-winning customer service. Read ratings and reviews so you can find the right Texas Tech Dog Bandanas & Scarves for your pet.",247,,Texas Tech Dog Bandanas & Scarves,1,texas-tech-dog-bandanas-scarves,,False,False,False,True,False,False,False,50,342,3,,,,,,,,,,,,,,
HVF,Index,Missing self-referencing canonical,https://www.chewy.com/f/oregon-ducks-dog-bandanas-scarves_c2634_f47v426322,True,Set the canonical to the normalized self URL for eligible pages.,,OREGON DUCKS DOG BANDANAS & SCARVES (Free Shipping) | Chewy,59,"Shop Chewy for the best deals on Oregon Ducks Dog Bandanas & Scarves and more with fast free shipping, low prices, and award-winning customer service. Read ratings and reviews so you can find the right Oregon Ducks Dog Bandanas & Scarves for your pet.",251,,Oregon Ducks Dog Bandanas & Scarves,1,oregon-ducks-dog-bandanas-scarves,,False,False,False,True,False,False,False,63,343,3,,,,,,,,,,,,,,
HVF,Index,Missing self-referencing canonical,https://www.chewy.com/f/orlando-magic-dog-bandanas-scarves_c2634_f47v426324,True,Set the canonical to the normalized self URL for eligible pages.,,ORLANDO MAGIC DOG BANDANAS & SCARVES (Free Shipping) | Chewy,60,"Shop Chewy for the best deals on Orlando Magic Dog Bandanas & Scarves and more with fast free shipping, low prices, and award-winning customer service. Read ratings and reviews so you can find the right Orlando Magic Dog Bandanas & Scarves for your pet.",253,,Orlando Magic Dog Bandanas & Scarves,1,orlando-magic-dog-bandanas-scarves,,False,False,False,True,False,False,False,50,342,3,,,,,,,,,,,,,,
HVF,Index,Missing self-referencing canonical,https://www.chewy.com/f/south-carolina-gamecocks-dog-bandanas_c2634_f47v426329,True,Set the canonical to the normalized self URL for eligible pages.,,SOUTH CAROLINA GAMECOCKS DOG BANDANAS & SCARVES (Free Shipping) | Chewy,71,"Shop Chewy for the best deals on South Carolina Gamecocks Dog Bandanas & Scarves and more with fast free shipping, low prices, and award-winning customer service. Read ratings and reviews so you can find the right South Carolina Gamecocks Dog Bandanas & Scarves for your pet.",275,,South Carolina Gamecocks Dog Bandanas & Scarves,1,south-carolina-gamecocks-dog-bandanas,,False,False,False,True,False,False,False,63,343,3,,,,,,,,,,,,,,
HVF,Index,Missing self-referencing canonical,https://www.chewy.com/f/bee-jeweled-coop_f1v27278,True,Set the canonical to the normalized self URL for eligible pages.,,Bee Jeweled Coop - Free shipping | Chewy,40,"Shop Chewy for low prices and the best products! We carry a large selection and the top brands like Frisco, Littlearth, and more. Find everything you need in one place. FREE shipping on orders $49+ and the BEST customer service!",228,,Bee Jeweled Coop,1,bee-jeweled-coop,,False,False,False,False,False,False,False,3,305,3,,,,,,,,,,,,,,
HVF,Index,Missing self-referencing canonical,https://www.chewy.com/f/eco-friendly-bird-litter-nesting_c962_f64v809277,True,Set the canonical to the normalized self URL for eligible pages.,,,,,,,,0,eco-friendly-bird-litter-nesting,,True,False,False,False,False,False,False,12,0,3,,,,,,,,,,,,,,
HVF,Index,Missing self-referencing canonical,https://www.chewy.com/f/thrushbuster_f1v23870,True,Set the canonical to the normalized self URL for eligible pages.,,Thrushbuster - Free shipping | Chewy,36,"Shop Chewy for low prices and the best products! We carry a large selection and the top brands like Frisco, Littlearth, and more. Find everything you need in one place. FREE shipping on orders $49+ and the BEST customer service!",228,,Thrushbuster,1,thrushbuster,,False,False,False,False,False,False,False,2,304,3,,,,,,,,,,,,,,
HVF,Index,Missing self-referencing canonical,https://www.chewy.com/f/scrubby_f1v504724,True,Set the canonical to the normalized self URL for eligible pages.,,Scrubby - Free shipping | Chewy,31,"Shop Chewy for low prices and the best products! We carry a large selection and the top brands like Frisco, Littlearth, and more. Find everything you need in one place. FREE shipping on orders $49+ and the BEST customer service!",228,,Scrubby,1,scrubby,,False,False,False,False,False,False,False,4,305,3,,,,,,,,,,,,,,
HVF,Index,Missing self-referencing canonical,https://www.chewy.com/f/petlovers_f1v24830,True,Set the canonical to the normalized self URL for eligible pages.,,PetLovers - Free shipping | Chewy,33,"Shop Chewy for low prices and the best products! We carry a large selection and the top brands like Frisco, Littlearth, and more. Find everything you need in one place. FREE shipping on orders $49+ and the BEST customer service!",228,,PetLovers,1,petlovers,,False,False,False,False,False,False,False,4,304,3,,,,,,,,,,,,,,
HVF,Index,Missing self-referencing canonical,https://www.chewy.com/f/dorzolamide_f1v538052,True,Set the canonical to the normalized self URL for eligible pages.,,Dorzolamide - Free shipping | Chewy,35,"Shop Chewy for low prices and the best products! We carry a large selection and the top brands like Frisco, Littlearth, and more. Find everything you need in one place. FREE shipping on orders $49+ and the BEST customer service!",228,,Dorzolamide,1,dorzolamide,,False,False,False,False,False,False,False,4,305,3,,,,,,,,,,,,,,
HVF,Index,Missing self-referencing canonical,https://www.chewy.com/f/zycosan_f1v508429,True,Set the canonical to the normalized self URL for eligible pages.,,Zycosan - Free shipping | Chewy,31,"Shop Chewy for low prices and the best products! We carry a large selection and the top brands like Frisco, Littlearth, and more. Find everything you need in one place. FREE shipping on orders $49+ and the BEST customer service!",228,,Zycosan,1,zycosan,,False,False,False,False,False,False,False,3,304,3,,,,,,,,,,,,,,
HVF,Index,Missing self-referencing canonical,https://www.chewy.com/f/puppy-sunscreen_c2451_f5v9065,True,Set the canonical to the normalized self URL for eligible pages.,,PUPPY SUNSCREEN (Free Shipping) | Chewy,39,"Shop Chewy for the best deals on Puppy Sunscreen and more with fast free shipping, low prices, and award-winning customer service. Read ratings and reviews so you can find the right Puppy Sunscreen for your pet.",211,,Puppy Sunscreen,1,puppy-sunscreen,,False,False,False,True,False,False,False,3,314,3,,,,,,,,,,,,,,
HVF,Index,Missing self-referencing canonical,https://www.chewy.com/f/bag-balm-pet-dog-lotions-creams_c2451_f1v168516,True,Set the canonical to the normalized self URL for eligible pages.,,BAG BALM PET DOG LOTIONS & CREAMS (Free Shipping) | Chewy,57,"Shop Chewy for the best deals on Bag Balm Pet Dog Lotions & Creams and more with fast free shipping, low prices, and award-winning customer service. Read ratings and reviews so you can find the right Bag Balm Pet Dog Lotions & Creams for your pet.",247,,Bag Balm Pet Dog Lotions & Creams,1,bag-balm-pet-dog-lotions-creams,,False,False,False,True,False,False,False,4,314,3,,,,,,,,,,,,,,
HVF,Index,Missing self-referencing canonical,https://www.chewy.com/f/iv-needleless_f1v257496,True,Set the canonical to the normalized self URL for eligible pages.,,IV Needleless - Free shipping | Chewy,37,"Shop Chewy for low prices and the best products! We carry a large selection and the top brands like Frisco, Littlearth, and more. Find everything you need in one place. FREE shipping on orders $49+ and the BEST customer service!",228,,IV Needleless,1,iv-needleless,,False,False,False,False,False,False,False,2,304,3,,,,,,,,,,,,,,
HVF,Index,Missing self-referencing canonical,https://www.chewy.com/f/kitten-wound-care_c452_f5v9061,True,Set the canonical to the normalized self URL for eligible pages.,,KITTEN WOUND CARE (Free Shipping) | Chewy,41,"Shop Chewy for the best deals on Kitten Wound Care and more with fast free shipping, low prices, and award-winning customer service. Read ratings and reviews so you can find the right Kitten Wound Care for your pet.",215,,Kitten Wound Care,1,kitten-wound-care,,False,False,False,True,False,False,False,8,315,3,,,,,,,,,,,,,,
HVF,Index,Missing self-referencing canonical,https://www.chewy.com/f/silver-biotics_f1v472867,True,Set the canonical to the normalized self URL for eligible pages.,,Silver Biotics - Free shipping | Chewy,38,"Shop Chewy for low prices and the best products! We carry a large selection and the top brands like Frisco, Littlearth, and more. Find everything you need in one place. FREE shipping on orders $49+ and the BEST customer service!",228,,Silver Biotics,1,silver-biotics,,False,False,False,False,False,False,False,3,305,3,,,,,,,,,,,,,,
HVF,Index,Missing self-referencing canonical,https://www.chewy.com/f/incurin-dog-medicine_c11561_f1v1878,True,Set the canonical to the normalized self URL for eligible pages.,,INCURIN DOG MEDICINE (Free Shipping) | Chewy,44,"Shop Chewy for the best deals on Incurin Dog Medicine and more with fast free shipping, low prices, and award-winning customer service. Read ratings and reviews so you can find the right Incurin Dog Medicine for your pet.",221,,Incurin Dog Medicine,1,incurin-dog-medicine,,False,False,False,True,False,False,False,1,313,3,,,,,,,,,,,,,,
HVF,Index,Missing self-referencing canonical,https://www.chewy.com/f/proin-dog-medication_c11561_f1v322578,True,Set the canonical to the normalized self URL for eligible pages.,,PROIN DOG MEDICATION (Free Shipping) | Chewy,44,"Shop Chewy for the best deals on Proin Dog Medication and more with fast free shipping, low prices, and award-winning customer service. Read ratings and reviews so you can find the right Proin Dog Medication for your pet.",221,,Proin Dog Medication,1,proin-dog-medication,,False,False,False,True,False,False,False,1,313,3,,,,,,,,,,,,,,
HVF,Index,Missing self-referencing canonical,https://www.chewy.com/f/chicken-free-dry-cat-food_c388_f3v662647,True,Set the canonical to the normalized self URL for eligible pages.,,,,,,,,0,chicken-free-dry-cat-food,,True,False,False,False,False,False,False,2,0,3,,,,,,,,,,,,,,
HVF,Index,Missing self-referencing canonical,https://www.chewy.com/f/catwater_f1v362057,True,Set the canonical to the normalized self URL for eligible pages.,,CatWater - Free shipping | Chewy,32,"Shop Chewy for low prices and the best products! We carry a large selection and the top brands like Frisco, Littlearth, and more. Find everything you need in one place. FREE shipping on orders $49+ and the BEST customer service!",228,,CatWater,1,catwater,,False,False,False,False,False,False,False,4,304,3,,,,,,,,,,,,,,
HVF,Index,Missing self-referencing canonical,https://www.chewy.com/f/lovebird-food-treats_c947_f2v20223,True,Set the canonical to the normalized self URL for eligible pages.,,,,,,,,0,lovebird-food-treats,,True,False,False,False,False,False,False,30,0,3,,,,,,,,,,,,,,
HVF,Index,Missing self-referencing canonical,https://www.chewy.com/f/nurturecalm_f1v251003,True,Set the canonical to the normalized self URL for eligible pages.,,NurtureCALM - Free shipping | Chewy,35,"Shop Chewy for low prices and the best products! We carry a large selection and the top brands like Frisco, Littlearth, and more. Find everything you need in one place. FREE shipping on orders $49+ and the BEST customer service!",228,,NurtureCALM,1,nurturecalm,,False,False,False,False,False,False,False,3,304,3,,,,,,,,,,,,,,
HVF,Index,Missing self-referencing canonical,https://www.chewy.com/f/bearded-dragon-bowls_c13998_f164v203021,True,Set the canonical to the normalized self URL for eligible pages.,,BEARDED DRAGON BOWLS (Free Shipping) | Chewy,44,"Shop Chewy for the best deals on Bearded Dragon Bowls and more with fast free shipping, low prices, and award-winning customer service. Read ratings and reviews so you can find the right Bearded Dragon Bowls for your pet.",221,,Bearded Dragon Bowls,1,bearded-dragon-bowls,,False,False,False,True,False,False,False,24,319,3,,,,,,,,,,,,,,
HVF,Index,Missing self-referencing canonical,https://www.chewy.com/f/chicken-free-wet-cat-food_c389_f3v662647,True,Set the canonical to the normalized self URL for eligible pages.,,,,,,,,0,chicken-free-wet-cat-food,,True,False,False,False,False,False,False,68,0,3,,,,,,,,,,,,,,
HVF,Index,Missing self-referencing canonical,https://www.chewy.com/f/habitrail-small-pet-habitat_c992_f1v529971,True,Set the canonical to the normalized self URL for eligible pages.,,HABITRAIL SMALL PET HABITAT EXPANSIONS (Free Shipping) | Chewy,62,"Shop Chewy for the best deals on Habitrail Small Pet Habitat Expansions and more with fast free shipping, low prices, and award-winning customer service. Read ratings and reviews so you can find the right Habitrail Small Pet Habitat Expansions for your pet.",257,,Habitrail Small Pet Habitat Expansions,1,habitrail-small-pet-habitat,,False,False,False,True,False,False,False,1,315,3,,,,,,,,,,,,,,
HVF,Index,Missing self-referencing canonical,https://www.chewy.com/f/frisco-retractable-dog-leashes_c2578_f1v396533,True,Set the canonical to the normalized self URL for eligible pages.,,FRISCO RETRACTABLE DOG LEASHES (Free Shipping) | Chewy,54,"Shop Chewy for the best deals on Frisco Retractable Dog Leashes and more with fast free shipping, low prices, and award-winning customer service. Read ratings and reviews so you can find the right Frisco Retractable Dog Leashes for your pet.",241,,Frisco Retractable Dog Leashes,1,frisco-retractable-dog-leashes,,False,False,False,True,False,False,False,4,317,3,,,,,,,,,,,,,,
HVF,Index,Missing self-referencing canonical,https://www.chewy.com/f/rubber-dog-muzzles_c11555_f7v85547,True,Set the canonical to the normalized self URL for eligible pages.,,RUBBER DOG MUZZLES (Free Shipping) | Chewy,42,"Shop Chewy for the best deals on Rubber Dog Muzzles and more with fast free shipping, low prices, and award-winning customer service. Read ratings and reviews so you can find the right Rubber Dog Muzzles for your pet.",217,,Rubber Dog Muzzles,1,rubber-dog-muzzles,,False,False,False,True,False,False,False,7,320,3,,,,,,,,,,,,,,
HVF,Index,Missing self-referencing canonical,https://www.chewy.com/f/easotic_f1v145847,True,Set the canonical to the normalized self URL for eligible pages.,,Easotic - Free shipping | Chewy,31,"Shop Chewy for low prices and the best products! We carry a large selection and the top brands like Frisco, Littlearth, and more. Find everything you need in one place. FREE shipping on orders $49+ and the BEST customer service!",228,,Easotic,1,easotic,,False,False,False,False,False,False,False,2,304,3,,,,,,,,,,,,,,
HVF,Index,Missing self-referencing canonical,https://www.chewy.com/f/canvas-dog-pens_c1468_f7v68552,True,Set the canonical to the normalized self URL for eligible pages.,,CANVAS DOG PENS (Free Shipping) | Chewy,39,"Shop Chewy for the best deals on Canvas Dog Pens and more with fast free shipping, low prices, and award-winning customer service. Read ratings and reviews so you can find the right Canvas Dog Pens for your pet.",211,,Canvas Dog Pens,1,canvas-dog-pens,,False,False,False,True,False,False,False,32,319,3,,,,,,,,,,,,,,
HVF,Index,Missing self-referencing canonical,https://www.chewy.com/f/horse-health-products_f1v321338,True,Set the canonical to the normalized self URL for eligible pages.,,,,,,,,0,horse-health-products,,True,False,False,False,False,False,False,19,0,3,,,,,,,,,,,,,,
HVF,Index,Missing self-referencing canonical,https://www.chewy.com/f/grain-free-wet-cat-food_c389_f3v9075,True,Set the canonical to the normalized self URL for eligible pages.,,,,,,,,0,grain-free-wet-cat-food,,True,False,False,False,False,False,False,55,0,3,,,,,,,,,,,,,,
HVF,Index,Missing self-referencing canonical,https://www.chewy.com/f/atopica-dog-medication_c11561_f1v259871,True,Set the canonical to the normalized self URL for eligible pages.,,ATOPICA DOG MEDICATION (Free Shipping) | Chewy,46,"Shop Chewy for the best deals on Atopica Dog Medication and more with fast free shipping, low prices, and award-winning customer service. Read ratings and reviews so you can find the right Atopica Dog Medication for your pet.",225,,Atopica Dog Medication,1,atopica-dog-medication,,False,False,False,True,False,False,False,2,313,3,,,,,,,,,,,,,,
HVF,Index,Missing self-referencing canonical,https://www.chewy.com/f/kitten-dental_c170718_f50v9072,True,Set the canonical to the normalized self URL for eligible pages.,,KITTEN DENTAL FOOD & TREATS | CHEWY,35,Discover kitten dental food and treats at Chewy. We offer a wide selection of the top brands at low prices. Free shipping on $49+!,130,,Kitten Dental Food & Treats,1,kitten-dental,,False,False,False,True,False,False,False,1,315,3,,,,,,,,,,,,,,
HVF,Index,Missing self-referencing canonical,https://www.chewy.com/f/grain-free-dry-cat-food_c388_f3v9075,True,Set the canonical to the normalized self URL for eligible pages.,,,,,,,,0,grain-free-dry-cat-food,,True,False,False,False,False,False,False,60,0,3,,,,,,,,,,,,,,
HVF,Index,Missing self-referencing canonical,https://www.chewy.com/f/equisul-sdt_f1v483886,True,Set the canonical to the normalized self URL for eligible pages.,,Equisul-SDT - Free shipping | Chewy,35,"Shop Chewy for low prices and the best products! We carry a large selection and the top brands like Frisco, Littlearth, and more. Find everything you need in one place. FREE shipping on orders $49+ and the BEST customer service!",228,,Equisul-SDT,1,equisul-sdt,,False,False,False,False,False,False,False,3,304,3,,,,,,,,,,,,,,
HVF,Index,Missing self-referencing canonical,https://www.chewy.com/f/flys-off_f1v497130,True,Set the canonical to the normalized self URL for eligible pages.,,Flys-Off - Free shipping | Chewy,32,"Shop Chewy for low prices and the best products! We carry a large selection and the top brands like Frisco, Littlearth, and more. Find everything you need in one place. FREE shipping on orders $49+ and the BEST customer service!",228,,Flys-Off,1,flys-off,,False,False,False,False,False,False,False,4,305,3,,,,,,,,,,,,,,
HVF,Index,Missing self-referencing canonical,https://www.chewy.com/f/rabbit-food-treats_c979_f2v20223,True,Set the canonical to the normalized self URL for eligible pages.,,RABBIT FOOD TREATS (Free Shipping) | Chewy,42,"Shop Chewy for the best deals on Rabbit Food Treats and more with fast free shipping, low prices, and award-winning customer service. Read ratings and reviews so you can find the right Rabbit Food Treats for your pet.",217,,Rabbit Food Treats,1,rabbit-food-treats,,False,False,False,True,False,False,False,39,317,3,,,,,,,,,,,,,,
HVF,Index,Missing self-referencing canonical,https://www.chewy.com/f/neo-poly_f1v818173,True,Set the canonical to the normalized self URL for eligible pages.,,Neo-Poly - Free shipping | Chewy,32,"Shop Chewy for low prices and the best products! We carry a large selection and the top brands like Frisco, Littlearth, and more. Find everything you need in one place. FREE shipping on orders $49+ and the BEST customer service!",228,,Neo-Poly,1,neo-poly,,False,False,False,False,False,False,False,2,304,3,,,,,,,,,,,,,,
HVF,Index,Missing self-referencing canonical,https://www.chewy.com/f/cyclosporine_f1v463251,True,Set the canonical to the normalized self URL for eligible pages.,,Cyclosporine - Free shipping | Chewy,36,"Shop Chewy for low prices and the best products! We carry a large selection and the top brands like Frisco, Littlearth, and more. Find everything you need in one place. FREE shipping on orders $49+ and the BEST customer service!",228,,Cyclosporine,1,cyclosporine,,False,False,False,False,False,False,False,21,305,3,,,,,,,,,,,,,,
HVF,Index,Missing self-referencing canonical,https://www.chewy.com/f/leather-dog-training-leashes_c2568_f7v63633,True,Set the canonical to the normalized self URL for eligible pages.,,LEATHER DOG TRAINING LEASHES (Free Shipping) | Chewy,52,"Shop Chewy for the best deals on Leather Dog Training Leashes and more with fast free shipping, low prices, and award-winning customer service. Read ratings and reviews so you can find the right Leather Dog Training Leashes for your pet.",237,,Leather Dog Training Leashes,1,leather-dog-training-leashes,,False,False,False,True,False,False,False,7,315,3,,,,,,,,,,,,,,
HVF,Index,Missing self-referencing canonical,https://www.chewy.com/f/first-saturday-lime_f1v262825,True,Set the canonical to the normalized self URL for eligible pages.,,First Saturday Lime - Free shipping | Chewy,43,"Shop Chewy for low prices and the best products! We carry a large selection and the top brands like Frisco, Littlearth, and more. Find everything you need in one place. FREE shipping on orders $49+ and the BEST customer service!",228,,First Saturday Lime,1,first-saturday-lime,,False,False,False,False,False,False,False,2,304,3,,,,,,,,,,,,,,
HVF,Index,Missing self-referencing canonical,https://www.chewy.com/f/puppy-chew-toys_c316_f5v9065,True,Set the canonical to the normalized self URL for eligible pages.,,,,,,,,0,puppy-chew-toys,,True,False,False,False,False,False,False,1,0,3,,,,,,,,,,,,,,
HVF,Index,Missing self-referencing canonical,https://www.chewy.com/f/organic-dry-cat-food_c388_f3v9078,True,Set the canonical to the normalized self URL for eligible pages.,,ORGANIC DRY CAT FOOD (Free Shipping) | Chewy,44,"Shop Chewy for the best deals on Organic Dry Cat Food and more with fast free shipping, low prices, and award-winning customer service. Read ratings and reviews so you can find the right Organic Dry Cat Food for your pet.",221,,Organic Dry Cat Food,1,organic-dry-cat-food,,False,False,False,True,False,False,False,10,331,3,,,,,,,,,,,,,,
HVF,Index,Missing self-referencing canonical,https://www.chewy.com/f/latanoprost_f1v117029,True,Set the canonical to the normalized self URL for eligible pages.,,Latanoprost - Free shipping | Chewy,35,"Shop Chewy for low prices and the best products! We carry a large selection and the top brands like Frisco, Littlearth, and more. Find everything you need in one place. FREE shipping on orders $49+ and the BEST customer service!",228,,Latanoprost,1,latanoprost,,False,False,False,False,False,False,False,3,304,3,,,,,,,,,,,,,,
HVF,Index,Missing self-referencing canonical,https://www.chewy.com/f/neoprene-dog-jackets_c1903_f7v63636,True,Set the canonical to the normalized self URL for eligible pages.,,NEOPRENE DOG JACKETS (Free Shipping) | Chewy,44,"Shop Chewy for the best deals on Neoprene Dog Jackets and more with fast free shipping, low prices, and award-winning customer service. Read ratings and reviews so you can find the right Neoprene Dog Jackets for your pet.",221,,Neoprene Dog Jackets,1,neoprene-dog-jackets,,False,False,False,True,False,False,False,55,332,3,,,,,,,,,,,,,,
HVF,Index,Missing self-referencing canonical,https://www.chewy.com/f/canvas-dog-coats_c1903_f7v68552,True,Set the canonical to the normalized self URL for eligible pages.,,CANVAS DOG COATS (Free Shipping) | Chewy,40,"Shop Chewy for the best deals on Canvas Dog Coats and more with fast free shipping, low prices, and award-winning customer service. Read ratings and reviews so you can find the right Canvas Dog Coats for your pet.",213,,Canvas Dog Coats,1,canvas-dog-coats,,False,False,False,True,False,False,False,52,330,3,,,,,,,,,,,,,,
HVF,Index,Missing self-referencing canonical,https://www.chewy.com/f/ever-clean-unscented-cat-litter_c10661_f1v846624,True,Set the canonical to the normalized self URL for eligible pages.,,EVER CLEAN UNSCENTED CAT LITTER (Free Shipping) | Chewy,55,"Shop Chewy for the best deals on Ever Clean Unscented Cat Litter and more with fast free shipping, low prices, and award-winning customer service. Read ratings and reviews so you can find the right Ever Clean Unscented Cat Litter for your pet.",243,,Ever Clean Unscented Cat Litter,1,ever-clean-unscented-cat-litter,,False,False,False,True,False,False,False,1,313,3,,,,,,,,,,,,,,
HVF,Index,Missing self-referencing canonical,https://www.chewy.com/f/felanorm_f1v18358,True,Set the canonical to the normalized self URL for eligible pages.,,Felanorm - Free shipping | Chewy,32,"Shop Chewy for low prices and the best products! We carry a large selection and the top brands like Frisco, Littlearth, and more. Find everything you need in one place. FREE shipping on orders $49+ and the BEST customer service!",228,,Felanorm,1,felanorm,,False,False,False,False,False,False,False,3,304,3,,,,,,,,,,,,,,
HVF,Index,Missing self-referencing canonical,https://www.chewy.com/f/mpco_f1v213552,True,Set the canonical to the normalized self URL for eligible pages.,,MPCO - Free shipping | Chewy,28,"Shop Chewy for low prices and the best products! We carry a large selection and the top brands like Frisco, Littlearth, and more. Find everything you need in one place. FREE shipping on orders $49+ and the BEST customer service!",228,,MPCO,1,mpco,,False,False,False,False,False,False,False,2,304,3,,,,,,,,,,,,,,
HVF,Index,Missing self-referencing canonical,https://www.chewy.com/f/coohgrubs_f1v400535,True,Set the canonical to the normalized self URL for eligible pages.,,COOHGRUBS - Free shipping | Chewy,33,"Shop Chewy for low prices and the best products! We carry a large selection and the top brands like Frisco, Littlearth, and more. Find everything you need in one place. FREE shipping on orders $49+ and the BEST customer service!",228,,COOHGRUBS,1,coohgrubs,,False,False,False,False,False,False,False,7,305,3,,,,,,,,,,,,,,
HVF,Index,Missing self-referencing canonical,https://www.chewy.com/f/orijen-dog-food_c332_f1v363264,True,Set the canonical to the normalized self URL for eligible pages.,,,,,,,,0,orijen-dog-food,,True,False,False,False,False,False,False,4,0,3,,,,,,,,,,,,,,
HVF,Index,Missing self-referencing canonical,https://www.chewy.com/f/reptile-prime_f1v240749,True,Set the canonical to the normalized self URL for eligible pages.,,Reptile Prime - Free shipping | Chewy,37,"Shop Chewy for low prices and the best products! We carry a large selection and the top brands like Frisco, Littlearth, and more. Find everything you need in one place. FREE shipping on orders $49+ and the BEST customer service!",228,,Reptile Prime,1,reptile-prime,,False,False,False,False,False,False,False,4,305,3,,,,,,,,,,,,,,
HVF,Index,Missing self-referencing canonical,https://www.chewy.com/f/dog-hyperthyroidism-medicine_c11587_f87v380688,True,Set the canonical to the normalized self URL for eligible pages.,,HYPERTHYROIDISM MEDICINE FOR DOGS (Free Shipping) | Chewy,57,"Shop Chewy for the best deals on Hyperthyroidism Medicine for Dogs and more with fast free shipping, low prices, and award-winning customer service. Read ratings and reviews so you can find the right Hyperthyroidism Medicine for Dogs for your pet.",247,,Hyperthyroidism Medicine for Dogs,1,dog-hyperthyroidism-medicine,,False,False,False,True,False,False,False,3,314,3,,,,,,,,,,,,,,
HVF,Index,Missing self-referencing canonical,https://www.chewy.com/f/hypothyroidism-treatment-dogs_c11587_f87v380689,True,Set the canonical to the normalized self URL for eligible pages.,,HYPOTHYROIDISM TREATMENT FOR DOGS (Free Shipping) | Chewy,57,"Shop Chewy for the best deals on Hypothyroidism Treatment for Dogs and more with fast free shipping, low prices, and award-winning customer service. Read ratings and reviews so you can find the right Hypothyroidism Treatment for Dogs for your pet.",247,,Hypothyroidism Treatment for Dogs,1,hypothyroidism-treatment-dogs,,False,False,False,True,False,False,False,2,312,3,,,,,,,,,,,,,,
HVF,Index,Missing self-referencing canonical,https://www.chewy.com/f/kitten-feeders_c396_f5v9061,True,Set the canonical to the normalized self URL for eligible pages.,,KITTEN FEEDERS (Free Shipping) | Chewy,38,"Shop Chewy for the best deals on Kitten Feeders and more with fast free shipping, low prices, and award-winning customer service. Read ratings and reviews so you can find the right Kitten Feeders for your pet.",209,,Kitten Feeders,1,kitten-feeders,,False,False,False,True,False,False,False,9,316,3,,,,,,,,,,,,,,
HVF,Index,Missing self-referencing canonical,https://www.chewy.com/f/salix-dog-medicine_c11561_f1v191704,True,Set the canonical to the normalized self URL for eligible pages.,,SALIX DOG MEDICINE (Free Shipping) | Chewy,42,"Shop Chewy for the best deals on Salix Dog Medicine and more with fast free shipping, low prices, and award-winning customer service. Read ratings and reviews so you can find the right Salix Dog Medicine for your pet.",217,,Salix Dog Medicine,1,salix-dog-medicine,,False,False,False,True,False,False,False,1,316,3,,,,,,,,,,,,,,
HVF,Index,Missing self-referencing canonical,https://www.chewy.com/f/natures-miracle-clumping-cat-litter_c10658_f1v504783,True,Set the canonical to the normalized self URL for eligible pages.,,NATURE'S MIRACLE CLUMPING CAT LITTER (Free Shipping) | Chewy,60,"Shop Chewy for the best deals on Nature's Miracle Clumping Cat Litter and more with fast free shipping, low prices, and award-winning customer service. Read ratings and reviews so you can find the right Nature's Miracle Clumping Cat Litter for your pet.",253,,Nature's Miracle Clumping Cat Litter,1,natures-miracle-clumping-cat-litter,,False,False,False,True,False,False,False,1,319,3,,,,,,,,,,,,,,
HVF,Index,Missing self-referencing canonical,https://www.chewy.com/f/allergy-cream-dogs_c12233_f83v706539,True,Set the canonical to the normalized self URL for eligible pages.,,ALLERGY CREAM FOR DOGS (Free Shipping) | Chewy,46,"Shop Chewy for the best deals on Allergy Cream for Dogs and more with fast free shipping, low prices, and award-winning customer service. Read ratings and reviews so you can find the right Allergy Cream for Dogs for your pet.",225,,Allergy Cream for Dogs,1,allergy-cream-dogs,,False,False,False,True,False,False,False,1,314,3,,,,,,,,,,,,,,
HVF,Index,Missing self-referencing canonical,https://www.chewy.com/f/flora-pectin_f1v18902,True,Set the canonical to the normalized self URL for eligible pages.,,Flora-Pectin - Free shipping | Chewy,36,"Shop Chewy for low prices and the best products! We carry a large selection and the top brands like Frisco, Littlearth, and more. Find everything you need in one place. FREE shipping on orders $49+ and the BEST customer service!",228,,Flora-Pectin,1,flora-pectin,,False,False,False,False,False,False,False,4,304,3,,,,,,,,,,,,,,
HVF,Index,Missing self-referencing canonical,https://www.chewy.com/f/apoquel-dog-medicine_c11561_f1v464442,True,Set the canonical to the normalized self URL for eligible pages.,,APOQUEL DOG MEDICINE (Free Shipping) | Chewy,44,"Shop Chewy for the best deals on Apoquel Dog Medicine and more with fast free shipping, low prices, and award-winning customer service. Read ratings and reviews so you can find the right Apoquel Dog Medicine for your pet.",221,,Apoquel Dog Medicine,1,apoquel-dog-medicine,,False,False,False,True,False,False,False,3,314,3,,,,,,,,,,,,,,
HVF,Index,Missing self-referencing canonical,https://www.chewy.com/f/clavamox-dog-medication_c11561_f1v429994,True,Set the canonical to the normalized self URL for eligible pages.,,CLAVAMOX DOG MEDICATION (Free Shipping) | Chewy,47,"Shop Chewy for the best deals on Clavamox Dog Medication and more with fast free shipping, low prices, and award-winning customer service. Read ratings and reviews so you can find the right Clavamox Dog Medication for your pet.",227,,Clavamox Dog Medication,1,clavamox-dog-medication,,False,False,False,True,False,False,False,2,314,3,,,,,,,,,,,,,,
HVF,Index,Missing self-referencing canonical,https://www.chewy.com/f/seaview_f1v156590,True,Set the canonical to the normalized self URL for eligible pages.,,Seaview - Free shipping | Chewy,31,"Shop Chewy for low prices and the best products! We carry a large selection and the top brands like Frisco, Littlearth, and more. Find everything you need in one place. FREE shipping on orders $49+ and the BEST customer service!",228,,Seaview,1,seaview,,False,False,False,False,False,False,False,16,305,3,,,,,,,,,,,,,,
HVF,Index,Missing self-referencing canonical,https://www.chewy.com/f/goat-raw-dog-food_c8424_f4v265393,True,Set the canonical to the normalized self URL for eligible pages.,,GOAT RAW DOG FOOD (Free Shipping) | Chewy,41,"Shop Chewy for the best deals on Goat Raw Dog Food and more with fast free shipping, low prices, and award-winning customer service. Read ratings and reviews so you can find the right Goat Raw Dog Food for your pet.",215,,Goat Raw Dog Food,1,goat-raw-dog-food,,False,False,False,True,False,False,False,26,327,3,,,,,,,,,,,,,,
HVF,Index,Missing self-referencing canonical,https://www.chewy.com/f/temaril-p-dog-medicine_c11561_f1v108999,True,Set the canonical to the normalized self URL for eligible pages.,,TEMARIL-P DOG MEDICINE (Free Shipping) | Chewy,46,"Shop Chewy for the best deals on Temaril-P Dog Medicine and more with fast free shipping, low prices, and award-winning customer service. Read ratings and reviews so you can find the right Temaril-P Dog Medicine for your pet.",225,,Temaril-P Dog Medicine,1,temaril-p-dog-medicine,,False,False,False,True,False,False,False,1,314,3,,,,,,,,,,,,,,
HVF,Index,Missing self-referencing canonical,https://www.chewy.com/f/steel-bird-cages-accessories_c953_f7v375469,True,Set the canonical to the normalized self URL for eligible pages.,,,,,,,,0,steel-bird-cages-accessories,,True,False,False,False,False,False,False,3,0,3,,,,,,,,,,,,,,
HVF,Index,Missing self-referencing canonical,https://www.chewy.com/f/buffalo-sabres-dog-jerseys-team_c1905_f47v459739,True,Set the canonical to the normalized self URL for eligible pages.,,BUFFALO SABRES DOG JERSEYS & TEAM ACCESSORIES (Free Shipping) | Chewy,69,"""Shop Chewy for the best deals on Buffalo Sabres Dog Jerseys & Team Accessories and more with fast free shipping, low prices, and award-winning customer service. Read ratings and reviews so you can find the right Buffalo Sabres Dog Jerseys & Team Accessories for your pet.""",273,,Buffalo Sabres Dog Jerseys & Team Accessories,1,buffalo-sabres-dog-jerseys-team,,False,False,False,True,False,False,False,76,388,3,,,,,,,,,,,,,,
HVF,Index,Missing self-referencing canonical,https://www.chewy.com/f/clemson-tigers-dog-jerseys-team_c1905_f47v85575,True,Set the canonical to the normalized self URL for eligible pages.,,CLEMSON TIGERS DOG JERSEYS & TEAM ACCESSORIES (Free Shipping) | Chewy,69,"Shop Chewy for the best deals on Clemson Tigers Dog Jerseys & Team Accessories and more with fast free shipping, low prices, and award-winning customer service. Read ratings and reviews so you can find the right Clemson Tigers Dog Jerseys & Team Accessories for your pet.",271,,Clemson Tigers Dog Jerseys & Team Accessories,1,clemson-tigers-dog-jerseys-team,,False,False,False,True,False,False,False,83,390,3,,,,,,,,,,,,,,
HVF,Index,Missing self-referencing canonical,https://www.chewy.com/f/columbus-blue-jackets-dog-jerseys_c1905_f47v459730,True,Set the canonical to the normalized self URL for eligible pages.,,COLUMBUS BLUE JACKETS DOG JERSEYS & TEAM ACCESSORIES (Free Shipping) | Chewy,76,"Shop Chewy for the best deals on Columbus Blue Jackets Dog Jerseys & Team Accessories and more with fast free shipping, low prices, and award-winning customer service. Read ratings and reviews so you can find the right Columbus Blue Jackets Dog Jerseys & Team Accessories for your pet.",285,,Columbus Blue Jackets Dog Jerseys & Team Accessories,1,columbus-blue-jackets-dog-jerseys,,False,False,False,True,False,False,False,76,388,3,,,,,,,,,,,,,,
HVF,Index,Missing self-referencing canonical,https://www.chewy.com/f/detroit-red-wings-dog-jerseys-team_c1905_f47v459731,True,Set the canonical to the normalized self URL for eligible pages.,,DETROIT RED WINGS DOG JERSEYS & TEAM ACCESSORIES (Free Shipping) | Chewy,72,"""Shop Chewy for the best deals on Detroit Red Wings Dog Jerseys & Team Accessories and more with fast free shipping, low prices, and award-winning customer service. Read ratings and reviews so you can find the right Detroit Red Wings Dog Jerseys & Team Accessories for your pet.""",279,,Detroit Red Wings Dog Jerseys & Team Accessories,1,detroit-red-wings-dog-jerseys-team,,False,False,False,True,False,False,False,76,388,3,,,,,,,,,,,,,,
HVF,Index,Missing self-referencing canonical,https://www.chewy.com/f/florida-panthers-dog-jerseys-team_c1905_f47v459737,True,Set the canonical to the normalized self URL for eligible pages.,,FLORIDA PANTHERS DOG JERSEYS & TEAM ACCESSORIES (Free Shipping) | Chewy,71,"""Shop Chewy for the best deals on Florida Panthers Dog Jerseys & Team Accessories and more with fast free shipping, low prices, and award-winning customer service. Read ratings and reviews so you can find the right Florida Panthers Dog Jerseys & Team Accessories for your pet.""",277,,Florida Panthers Dog Jerseys & Team Accessories,1,florida-panthers-dog-jerseys-team,,False,False,False,True,False,False,False,76,388,3,,,,,,,,,,,,,,
HVF,Index,Missing self-referencing canonical,https://www.chewy.com/f/los-angeles-kings-dog-jerseys-team_c1905_f47v459733,True,Set the canonical to the normalized self URL for eligible pages.,,LOS ANGELES KINGS DOG JERSEYS & TEAM ACCESSORIES (Free Shipping) | Chewy,72,"""Shop Chewy for the best deals on Los Angeles Kings Dog Jerseys & Team Accessories and more with fast free shipping, low prices, and award-winning customer service. Read ratings and reviews so you can find the right Los Angeles Kings Dog Jerseys & Team Accessories for your pet.""",279,,Los Angeles Kings Dog Jerseys & Team Accessories,1,los-angeles-kings-dog-jerseys-team,,False,False,False,True,False,False,False,76,388,3,,,,,,,,,,,,,,
HVF,Index,Missing self-referencing canonical,https://www.chewy.com/f/louisiana-state-tigers-dog-jerseys_c1905_f47v85581,True,Set the canonical to the normalized self URL for eligible pages.,,LOUISIANA STATE TIGERS DOG JERSEYS & TEAM ACCESSORIES (Free Shipping) | Chewy,77,"Shop Chewy for the best deals on Louisiana State Tigers Dog Jerseys & Team Accessories and more with fast free shipping, low prices, and award-winning customer service. Read ratings and reviews so you can find the right Louisiana State Tigers Dog Jerseys & Team Accessories for your pet.",287,,Louisiana State Tigers Dog Jerseys & Team Accessories,1,louisiana-state-tigers-dog-jerseys,,False,False,False,True,False,False,False,83,390,3,,,,,,,,,,,,,,
HVF,Index,Missing self-referencing canonical,https://www.chewy.com/f/nashville-predators-dog-jerseys-team_c1905_f47v494883,True,Set the canonical to the normalized self URL for eligible pages.,,NASHVILLE PREDATORS DOG JERSEYS & TEAM ACCESSORIES (Free Shipping) | Chewy,74,"""Shop Chewy for the best deals on Nashville Predators Dog Jerseys & Team Accessories and more with fast free shipping, low prices, and award-winning customer service. Read ratings and reviews so you can find the right Nashville Predators Dog Jerseys & Team Accessories for your pet.""",283,,Nashville Predators Dog Jerseys & Team Accessories,1,nashville-predators-dog-jerseys-team,,False,False,False,True,False,False,False,76,388,3,,,,,,,,,,,,,,
HVF,Index,Missing self-referencing canonical,https://www.chewy.com/f/tampa-bay-lightning-dog-jerseys-team_c1905_f47v459734,True,Set the canonical to the normalized self URL for eligible pages.,,TAMPA BAY LIGHTNING DOG JERSEYS & TEAM ACCESSORIES (Free Shipping) | Chewy,74,"""Shop Chewy for the best deals on Tampa Bay Lightning Dog Jerseys & Team Accessories and more with fast free shipping, low prices, and award-winning customer service. Read ratings and reviews so you can find the right Tampa Bay Lightning Dog Jerseys & Team Accessories for your pet.""",283,,Tampa Bay Lightning Dog Jerseys & Team Accessories,1,tampa-bay-lightning-dog-jerseys-team,,False,False,False,True,False,False,False,76,388,3,,,,,,,,,,,,,,
HVF,Index,Missing self-referencing canonical,https://www.chewy.com/f/louisville-cardinals-dog-jerseys-team_c1905_f47v426311,True,Set the canonical to the normalized self URL for eligible pages.,,LOUISVILLE CARDINALS DOG JERSEYS & TEAM ACCESSORIES (Free Shipping) | Chewy,75,"Shop Chewy for the best deals on Louisville Cardinals Dog Jerseys & Team Accessories and more with fast free shipping, low prices, and award-winning customer service. Read ratings and reviews so you can find the right Louisville Cardinals Dog Jerseys & Team Accessories for your pet.",283,louisville cardinals dog jerseys team,Louisville Cardinals Dog Jerseys & Team Accessories,1,louisville-cardinals-dog-jerseys-team,,False,False,False,True,False,False,False,79,389,3,,,,,,,1,1,,0,0,0,1,1.0
HVF,Index,Missing self-referencing canonical,https://www.chewy.com/f/syracuse-orange-dog-jerseys-team_c1905_f47v426330,True,Set the canonical to the normalized self URL for eligible pages.,,SYRACUSE ORANGE DOG JERSEYS & TEAM ACCESSORIES (Free Shipping) | Chewy,70,"Shop Chewy for the best deals on Syracuse Orange Dog Jerseys & Team Accessories and more with fast free shipping, low prices, and award-winning customer service. Read ratings and reviews so you can find the right Syracuse Orange Dog Jerseys & Team Accessories for your pet.",273,syracuse orange dog jerseys team,Syracuse Orange Dog Jerseys & Team Accessories,1,syracuse-orange-dog-jerseys-team,,False,False,False,True,False,False,False,79,389,3,,,,,,,1,1,4.0,1,0,0,0,1.0
HVF,Index,Missing self-referencing canonical,https://www.chewy.com/f/nc-state-dog-jerseys-team-accessories_c1905_f47v426316,True,Set the canonical to the normalized self URL for eligible pages.,,NC STATE DOG JERSEYS & TEAM ACCESSORIES (Free Shipping) | Chewy,63,"Shop Chewy for the best deals on Nc State Dog Jerseys & Team Accessories and more with fast free shipping, low prices, and award-winning customer service. Read ratings and reviews so you can find the right Nc State Dog Jerseys & Team Accessories for your pet.",259,,Nc State Dog Jerseys & Team Accessories,1,nc-state-dog-jerseys-team-accessories,,False,False,False,True,False,False,False,79,389,3,,,,,,,,,,,,,,
HVF,Index,Missing self-referencing canonical,https://www.chewy.com/f/new-york-rangers-dog-jerseys-team_c1905_f47v906384,True,Set the canonical to the normalized self URL for eligible pages.,,NEW YORK RANGERS DOG JERSEYS & TEAM ACCESSORIES (Free Shipping) | Chewy,71,"Shop Chewy for the best deals on New York Rangers Dog Jerseys & Team Accessories and more with fast free shipping, low prices, and award-winning customer service. Read ratings and reviews so you can find the right New York Rangers Dog Jerseys & Team Accessories for your pet.",275,,New York Rangers Dog Jerseys & Team Accessories,1,new-york-rangers-dog-jerseys-team,,False,False,False,True,False,False,False,79,389,3,,,,,,,,,,,,,,
HVF,Index,Missing self-referencing canonical,https://www.chewy.com/f/illinois-fighting-illini-dog-jerseys_c1905_f47v426303,True,Set the canonical to the normalized self URL for eligible pages.,,ILLINOIS FIGHTING ILLINI DOG JERSEYS & TEAM ACCESSORIES (Free Shipping) | Chewy,79,"Shop Chewy for the best deals on Illinois Fighting Illini Dog Jerseys & Team Accessories and more with fast free shipping, low prices, and award-winning customer service. Read ratings and reviews so you can find the right Illinois Fighting Illini Dog Jerseys & Team Accessories for your pet.",291,,Illinois Fighting Illini Dog Jerseys & Team Accessories,1,illinois-fighting-illini-dog-jerseys,,False,False,False,True,False,False,False,79,389,3,,,,,,,,,,,,,,
HVF,Index,Missing self-referencing canonical,https://www.chewy.com/f/buffalo-sabres-dog-jerseys-team_c1905_f47v906386,True,Set the canonical to the normalized self URL for eligible pages.,,BUFFALO SABRES DOG JERSEYS & TEAM ACCESSORIES (Free Shipping) | Chewy,69,"Shop Chewy for the best deals on Buffalo Sabres Dog Jerseys & Team Accessories and more with fast free shipping, low prices, and award-winning customer service. Read ratings and reviews so you can find the right Buffalo Sabres Dog Jerseys & Team Accessories for your pet.",271,,Buffalo Sabres Dog Jerseys & Team Accessories,1,buffalo-sabres-dog-jerseys-team,,False,False,False,True,False,False,False,79,388,3,,,,,,,,,,,,,,
HVF,Index,Missing self-referencing canonical,https://www.chewy.com/f/detroit-red-wings-dog-jerseys-team_c1905_f47v906385,True,Set the canonical to the normalized self URL for eligible pages.,,DETROIT RED WINGS DOG JERSEYS & TEAM ACCESSORIES (Free Shipping) | Chewy,72,"Shop Chewy for the best deals on Detroit Red Wings Dog Jerseys & Team Accessories and more with fast free shipping, low prices, and award-winning customer service. Read ratings and reviews so you can find the right Detroit Red Wings Dog Jerseys & Team Accessories for your pet.",277,,Detroit Red Wings Dog Jerseys & Team Accessories,1,detroit-red-wings-dog-jerseys-team,,False,False,False,True,False,False,False,79,389,3,,,,,,,,,,,,,,
HVF,Index,Missing self-referencing canonical,https://www.chewy.com/f/la-clippers-dog-jerseys-team_c1905_f47v235802,True,Set the canonical to the normalized self URL for eligible pages.,,LA CLIPPERS DOG JERSEYS & TEAM ACCESSORIES (Free Shipping) | Chewy,66,"Shop Chewy for the best deals on La Clippers Dog Jerseys & Team Accessories and more with fast free shipping, low prices, and award-winning customer service. Read ratings and reviews so you can find the right La Clippers Dog Jerseys & Team Accessories for your pet.",265,,La Clippers Dog Jerseys & Team Accessories,1,la-clippers-dog-jerseys-team,,False,False,False,True,False,False,False,79,389,3,,,,,,,,,,,,,,
HVF,Index,Missing self-referencing canonical,https://www.chewy.com/f/maryland-terrapins-dog-jerseys-team_c1905_f47v426312,True,Set the canonical to the normalized self URL for eligible pages.,,MARYLAND TERRAPINS DOG JERSEYS & TEAM ACCESSORIES (Free Shipping) | Chewy,73,"Shop Chewy for the best deals on Maryland Terrapins Dog Jerseys & Team Accessories and more with fast free shipping, low prices, and award-winning customer service. Read ratings and reviews so you can find the right Maryland Terrapins Dog Jerseys & Team Accessories for your pet.",279,,Maryland Terrapins Dog Jerseys & Team Accessories,1,maryland-terrapins-dog-jerseys-team,,False,False,False,True,False,False,False,79,388,3,,,,,,,,,,,,,,
HVF,Index,Missing self-referencing canonical,https://www.chewy.com/f/milwaukee-bucks-dog-jerseys-team_c1905_f47v426313,True,Set the canonical to the normalized self URL for eligible pages.,,MILWAUKEE BUCKS DOG JERSEYS & TEAM ACCESSORIES (Free Shipping) | Chewy,70,"Shop Chewy for the best deals on Milwaukee Bucks Dog Jerseys & Team Accessories and more with fast free shipping, low prices, and award-winning customer service. Read ratings and reviews so you can find the right Milwaukee Bucks Dog Jerseys & Team Accessories for your pet.",273,,Milwaukee Bucks Dog Jerseys & Team Accessories,1,milwaukee-bucks-dog-jerseys-team,,False,False,False,True,False,False,False,79,388,3,,,,,,,,,,,,,,
HVF,Index,Missing self-referencing canonical,https://www.chewy.com/f/okc-thunder-dog-jerseys-team_c1905_f47v235806,True,Set the canonical to the normalized self URL for eligible pages.,,OKC THUNDER DOG JERSEYS & TEAM ACCESSORIES (Free Shipping) | Chewy,66,"Shop Chewy for the best deals on Okc Thunder Dog Jerseys & Team Accessories and more with fast free shipping, low prices, and award-winning customer service. Read ratings and reviews so you can find the right Okc Thunder Dog Jerseys & Team Accessories for your pet.",265,,Okc Thunder Dog Jerseys & Team Accessories,1,okc-thunder-dog-jerseys-team,,False,False,False,True,False,False,False,79,389,3,,,,,,,,,,,,,,
HVF,Index,Missing self-referencing canonical,https://www.chewy.com/f/cleveland-cavaliers-dog-jerseys-team_c1905_f47v235798,True,Set the canonical to the normalized self URL for eligible pages.,,CLEVELAND CAVALIERS DOG JERSEYS & TEAM ACCESSORIES (Free Shipping) | Chewy,74,"Shop Chewy for the best deals on Cleveland Cavaliers Dog Jerseys & Team Accessories and more with fast free shipping, low prices, and award-winning customer service. Read ratings and reviews so you can find the right Cleveland Cavaliers Dog Jerseys & Team Accessories for your pet.",281,,Cleveland Cavaliers Dog Jerseys & Team Accessories,1,cleveland-cavaliers-dog-jerseys-team,,False,False,False,True,False,False,False,79,388,3,,,,,,,,,,,,,,
HVF,Index,Missing self-referencing canonical,https://www.chewy.com/f/minnesota-wild-dog-jerseys-team_c1905_f47v906390,True,Set the canonical to the normalized self URL for eligible pages.,,MINNESOTA WILD DOG JERSEYS & TEAM ACCESSORIES (Free Shipping) | Chewy,69,"Shop Chewy for the best deals on Minnesota Wild Dog Jerseys & Team Accessories and more with fast free shipping, low prices, and award-winning customer service. Read ratings and reviews so you can find the right Minnesota Wild Dog Jerseys & Team Accessories for your pet.",271,,Minnesota Wild Dog Jerseys & Team Accessories,1,minnesota-wild-dog-jerseys-team,,False,False,False,True,False,False,False,79,388,3,,,,,,,,,,,,,,
HVF,Index,Missing self-referencing canonical,https://www.chewy.com/f/columbus-blue-jackets-dog-jerseys_c1905_f47v906362,True,Set the canonical to the normalized self URL for eligible pages.,,COLUMBUS BLUE JACKETS DOG JERSEYS & TEAM ACCESSORIES (Free Shipping) | Chewy,76,"""Shop Chewy for the best deals on Columbus Blue Jackets Dog Jerseys & Team Accessories and more with fast free shipping, low prices, and award-winning customer service. Read ratings and reviews so you can find the right Columbus Blue Jackets Dog Jerseys & Team Accessories for your pet.""",287,,Columbus Blue Jackets Dog Jerseys & Team Accessories,1,columbus-blue-jackets-dog-jerseys,,False,False,False,True,False,False,False,79,388,3,,,,,,,,,,,,,,
HVF,Index,Missing self-referencing canonical,https://www.chewy.com/f/los-angeles-kings-dog-jerseys-team_c1905_f47v906377,True,Set the canonical to the normalized self URL for eligible pages.,,LOS ANGELES KINGS DOG JERSEYS & TEAM ACCESSORIES (Free Shipping) | Chewy,72,"Shop Chewy for the best deals on Los Angeles Kings Dog Jerseys & Team Accessories and more with fast free shipping, low prices, and award-winning customer service. Read ratings and reviews so you can find the right Los Angeles Kings Dog Jerseys & Team Accessories for your pet.",277,,Los Angeles Kings Dog Jerseys & Team Accessories,1,los-angeles-kings-dog-jerseys-team,,False,False,False,True,False,False,False,79,388,3,,,,,,,,,,,,,,
HVF,Index,Missing self-referencing canonical,https://www.chewy.com/f/bonza_f1v357000,True,Set the canonical to the normalized self URL for eligible pages.,,Bonza - Free shipping | Chewy,29,"Shop Chewy for low prices and the best products! We carry a large selection and the top brands like Frisco, Littlearth, and more. Find everything you need in one place. FREE shipping on orders $49+ and the BEST customer service!",228,,Bonza,1,bonza,,False,False,False,False,False,False,False,18,305,3,,,,,,,,,,,,,,
HVF,Index,Missing self-referencing canonical,https://www.chewy.com/f/monoject_f1v254170,True,Set the canonical to the normalized self URL for eligible pages.,,Monoject - Free shipping | Chewy,32,"Shop Chewy for low prices and the best products! We carry a large selection and the top brands like Frisco, Littlearth, and more. Find everything you need in one place. FREE shipping on orders $49+ and the BEST customer service!",228,,Monoject,1,monoject,,False,False,False,False,False,False,False,4,305,3,,,,,,,,,,,,,,
HVF,Index,Missing self-referencing canonical,https://www.chewy.com/f/sirwu_f1v31806,True,Set the canonical to the normalized self URL for eligible pages.,,Sirwu - Free shipping | Chewy,29,"Shop Chewy for low prices and the best products! We carry a large selection and the top brands like Frisco, Littlearth, and more. Find everything you need in one place. FREE shipping on orders $49+ and the BEST customer service!",228,,Sirwu,1,sirwu,,False,False,False,False,False,False,False,3,305,3,,,,,,,,,,,,,,
HVF,Index,Missing self-referencing canonical,https://www.chewy.com/f/kubi-pets_f1v37886,True,Set the canonical to the normalized self URL for eligible pages.,,Kubi Pets - Free shipping | Chewy,33,"Shop Chewy for low prices and the best products! We carry a large selection and the top brands like Frisco, Littlearth, and more. Find everything you need in one place. FREE shipping on orders $49+ and the BEST customer service!",228,,Kubi Pets,1,kubi-pets,,False,False,False,False,False,False,False,4,305,3,,,,,,,,,,,,,,
HVF,Index,Missing self-referencing canonical,https://www.chewy.com/f/rabbit-hay_c979_f2v64314,True,Set the canonical to the normalized self URL for eligible pages.,,,,,,,,0,rabbit-hay,,True,False,False,False,False,False,False,19,0,3,,,,,,,,,,,,,,
HVF,Index,Missing self-referencing canonical,https://www.chewy.com/f/tortoise-supplies_c1025_f57v68273,True,Set the canonical to the normalized self URL for eligible pages.,,,,,,,,0,tortoise-supplies,,True,False,False,False,False,False,False,38,0,3,,,,,,,,,,,,,,
HVF,Index,Missing self-referencing canonical,https://www.chewy.com/f/aspen-small-animal-bedding_c1001_f63v70023,True,Set the canonical to the normalized self URL for eligible pages.,,ASPEN SMALL ANIMAL BEDDING (Free Shipping) | Chewy,50,"Shop Chewy for the best deals on Aspen Small Animal Bedding and more with fast free shipping, low prices, and award-winning customer service. Read ratings and reviews so you can find the right Aspen Small Animal Bedding for your pet.",233,,Aspen Small Animal Bedding,1,aspen-small-animal-bedding,,False,False,False,True,False,False,False,12,323,3,,,,,,,,,,,,,,1.0
HVF,Index,Missing self-referencing canonical,https://www.chewy.com/f/cerenia-dog-medicine_c11561_f1v250834,True,Set the canonical to the normalized self URL for eligible pages.,,CERENIA DOG MEDICINE (Free Shipping) | Chewy,44,"Shop Chewy for the best deals on Cerenia Dog Medicine and more with fast free shipping, low prices, and award-winning customer service. Read ratings and reviews so you can find the right Cerenia Dog Medicine for your pet.",221,,Cerenia Dog Medicine,1,cerenia-dog-medicine,,False,False,False,True,False,False,False,3,314,3,,,,,,,,,,,,,,
HVF,Index,Missing self-referencing canonical,https://www.chewy.com/f/black-cat-hoodies_c2442_f51v257508,True,Set the canonical to the normalized self URL for eligible pages.,,BLACK CAT HOODIES (Free Shipping) | Chewy,41,"Shop Chewy for the best deals on Black Cat Hoodies and more with fast free shipping, low prices, and award-winning customer service. Read ratings and reviews so you can find the right Black Cat Hoodies for your pet.",215,,Black Cat Hoodies,1,black-cat-hoodies,,False,False,False,True,False,False,False,1,317,3,,,,,,,,,,,,,,
HVF,Index,Missing self-referencing canonical,https://www.chewy.com/f/personalized-cat-sweaters_c2442_f211v928412,True,Set the canonical to the normalized self URL for eligible pages.,,PERSONALIZED CAT SWEATERS (Free Shipping) | Chewy,49,"Shop Chewy for the best deals on Personalized Cat Sweaters and more with fast free shipping, low prices, and award-winning customer service. Read ratings and reviews so you can find the right Personalized Cat Sweaters for your pet.",231,,Personalized Cat Sweaters,1,personalized-cat-sweaters,,False,False,False,True,False,False,False,1,316,3,,,,,,,,,,,,,,
HVF,Index,Missing self-referencing canonical,https://www.chewy.com/f/idoxuridine-compounded_f1v437787,True,Set the canonical to the normalized self URL for eligible pages.,,Idoxuridine Compounded - Free shipping | Chewy,46,"Shop Chewy for low prices and the best products! We carry a large selection and the top brands like Frisco, Littlearth, and more. Find everything you need in one place. FREE shipping on orders $49+ and the BEST customer service!",228,,Idoxuridine Compounded,1,idoxuridine-compounded,,False,False,False,False,False,False,False,2,304,3,,,,,,,,,,,,,,
HVF,Index,Missing self-referencing canonical,https://www.chewy.com/f/w-animals_f1v27398,True,Set the canonical to the normalized self URL for eligible pages.,,A&W Animals - Free shipping | Chewy,35,"Shop Chewy for low prices and the best products! We carry a large selection and the top brands like Frisco, Littlearth, and more. Find everything you need in one place. FREE shipping on orders $49+ and the BEST customer service!",228,,A&W Animals,1,w-animals,,False,False,False,False,False,False,False,1,304,3,,,,,,,,,,,,,,
HVF,Index,Missing self-referencing canonical,https://www.chewy.com/f/acepromazine_f1v286124,True,Set the canonical to the normalized self URL for eligible pages.,,Acepromazine - Free shipping | Chewy,36,"Shop Chewy for low prices and the best products! We carry a large selection and the top brands like Frisco, Littlearth, and more. Find everything you need in one place. FREE shipping on orders $49+ and the BEST customer service!",228,,Acepromazine,1,acepromazine,,False,False,False,False,False,False,False,12,305,3,,,,,,,,,,,,,,
HVF,Index,Missing self-referencing canonical,https://www.chewy.com/f/acetaminophen-compounded_f1v32598,True,Set the canonical to the normalized self URL for eligible pages.,,Acetaminophen Compounded - Free shipping | Chewy,48,"Shop Chewy for low prices and the best products! We carry a large selection and the top brands like Frisco, Littlearth, and more. Find everything you need in one place. FREE shipping on orders $49+ and the BEST customer service!",228,,Acetaminophen Compounded,1,acetaminophen-compounded,,False,False,False,False,False,False,False,13,304,3,,,,,,,,,,,,,,
HVF,Index,Missing self-referencing canonical,https://www.chewy.com/f/acetazolamide_f1v252079,True,Set the canonical to the normalized self URL for eligible pages.,,Acetazolamide - Free shipping | Chewy,37,"Shop Chewy for low prices and the best products! We carry a large selection and the top brands like Frisco, Littlearth, and more. Find everything you need in one place. FREE shipping on orders $49+ and the BEST customer service!",228,,Acetazolamide,1,acetazolamide,,False,False,False,False,False,False,False,13,304,3,,,,,,,,,,,,,,
HVF,Index,Missing self-referencing canonical,https://www.chewy.com/f/acetazolamide-compounded_f1v484269,True,Set the canonical to the normalized self URL for eligible pages.,,Acetazolamide Compounded - Free shipping | Chewy,48,"Shop Chewy for low prices and the best products! We carry a large selection and the top brands like Frisco, Littlearth, and more. Find everything you need in one place. FREE shipping on orders $49+ and the BEST customer service!",228,,Acetazolamide Compounded,1,acetazolamide-compounded,,False,False,False,False,False,False,False,75,305,3,,,,,,,,,,,,,,
HVF,Index,Missing self-referencing canonical,https://www.chewy.com/f/acurel_f1v496101,True,Set the canonical to the normalized self URL for eligible pages.,,Acurel - Free shipping | Chewy,30,"Shop Chewy for low prices and the best products! We carry a large selection and the top brands like Frisco, Littlearth, and more. Find everything you need in one place. FREE shipping on orders $49+ and the BEST customer service!",228,,Acurel,1,acurel,,False,False,False,False,False,False,False,7,305,3,,,,,,,,,,,,,,
HVF,Index,Missing self-referencing canonical,https://www.chewy.com/f/adequan-canine_f1v429329,True,Set the canonical to the normalized self URL for eligible pages.,,Adequan Canine - Free shipping | Chewy,38,"Shop Chewy for low prices and the best products! We carry a large selection and the top brands like Frisco, Littlearth, and more. Find everything you need in one place. FREE shipping on orders $49+ and the BEST customer service!",228,,Adequan Canine,1,adequan-canine,,False,False,False,False,False,False,False,3,304,3,,,,,,,,,,,,,,
HVF,Index,Missing self-referencing canonical,https://www.chewy.com/f/adequan-equine_f1v467476,True,Set the canonical to the normalized self URL for eligible pages.,,Adequan Equine - Free shipping | Chewy,38,"Shop Chewy for low prices and the best products! We carry a large selection and the top brands like Frisco, Littlearth, and more. Find everything you need in one place. FREE shipping on orders $49+ and the BEST customer service!",228,,Adequan Equine,1,adequan-equine,,False,False,False,False,False,False,False,4,304,3,,,,,,,,,,,,,,
HVF,Index,Missing self-referencing canonical,https://www.chewy.com/f/advance-pet_f1v215965,True,Set the canonical to the normalized self URL for eligible pages.,,Advance Pet - Free shipping | Chewy,35,"Shop Chewy for low prices and the best products! We carry a large selection and the top brands like Frisco, Littlearth, and more. Find everything you need in one place. FREE shipping on orders $49+ and the BEST customer service!",228,,Advance Pet,1,advance-pet,,False,False,False,False,False,False,False,4,304,3,,,,,,,,,,,,,,
HVF,Index,Missing self-referencing canonical,https://www.chewy.com/f/advocate_f1v368411,True,Set the canonical to the normalized self URL for eligible pages.,,Advocate - Free shipping | Chewy,32,"Shop Chewy for low prices and the best products! We carry a large selection and the top brands like Frisco, Littlearth, and more. Find everything you need in one place. FREE shipping on orders $49+ and the BEST customer service!",228,,Advocate,1,advocate,,False,False,False,False,False,False,False,2,304,3,,,,,,,,,,,,,,
HVF,Index,Missing self-referencing canonical,https://www.chewy.com/f/aetertek_f1v257666,True,Set the canonical to the normalized self URL for eligible pages.,,Aetertek - Free shipping | Chewy,32,"Shop Chewy for low prices and the best products! We carry a large selection and the top brands like Frisco, Littlearth, and more. Find everything you need in one place. FREE shipping on orders $49+ and the BEST customer service!",228,,Aetertek,1,aetertek,,False,False,False,False,False,False,False,2,304,3,,,,,,,,,,,,,,
HVF,Index,Missing self-referencing canonical,https://www.chewy.com/f/after-hunt_f1v466302,True,Set the canonical to the normalized self URL for eligible pages.,,After The Hunt - Free shipping | Chewy,38,"Shop Chewy for low prices and the best products! We carry a large selection and the top brands like Frisco, Littlearth, and more. Find everything you need in one place. FREE shipping on orders $49+ and the BEST customer service!",228,,After The Hunt,1,after-hunt,,False,False,False,False,False,False,False,3,305,3,,,,,,,,,,,,,,
HVF,Index,Missing self-referencing canonical,https://www.chewy.com/f/agri-pro-enterprises_f1v34654,True,Set the canonical to the normalized self URL for eligible pages.,,Agri-Pro Enterprises - Free shipping | Chewy,44,"Shop Chewy for low prices and the best products! We carry a large selection and the top brands like Frisco, Littlearth, and more. Find everything you need in one place. FREE shipping on orders $49+ and the BEST customer service!",228,,Agri-Pro Enterprises,1,agri-pro-enterprises,,False,False,False,False,False,False,False,3,305,3,,,,,,,,,,,,,,
HVF,Index,Missing self-referencing canonical,https://www.chewy.com/f/agsolv-feed_f1v365963,True,Set the canonical to the normalized self URL for eligible pages.,,AgSolv Feed - Free shipping | Chewy,35,"Shop Chewy for low prices and the best products! We carry a large selection and the top brands like Frisco, Littlearth, and more. Find everything you need in one place. FREE shipping on orders $49+ and the BEST customer service!",228,,AgSolv Feed,1,agsolv-feed,,False,False,False,False,False,False,False,3,304,3,,,,,,,,,,,,,,
HVF,Index,Missing self-referencing canonical,https://www.chewy.com/f/aikeep_f1v22110,True,Set the canonical to the normalized self URL for eligible pages.,,Aikeep - Free shipping | Chewy,30,"Shop Chewy for low prices and the best products! We carry a large selection and the top brands like Frisco, Littlearth, and more. Find everything you need in one place. FREE shipping on orders $49+ and the BEST customer service!",228,,Aikeep,1,aikeep,,False,False,False,False,False,False,False,3,304,3,,,,,,,,,,,,,,
HVF,Index,Missing self-referencing canonical,https://www.chewy.com/f/air-scense_f1v191627,True,Set the canonical to the normalized self URL for eligible pages.,,Air Scense - Free shipping | Chewy,34,"Shop Chewy for low prices and the best products! We carry a large selection and the top brands like Frisco, Littlearth, and more. Find everything you need in one place. FREE shipping on orders $49+ and the BEST customer service!",228,,Air Scense,1,air-scense,,False,False,False,False,False,False,False,2,305,3,,,,,,,,,,,,,,
HVF,Index,Missing self-referencing canonical,https://www.chewy.com/f/air-wick_f1v472010,True,Set the canonical to the normalized self URL for eligible pages.,,Air Wick - Free shipping | Chewy,32,"Shop Chewy for low prices and the best products! We carry a large selection and the top brands like Frisco, Littlearth, and more. Find everything you need in one place. FREE shipping on orders $49+ and the BEST customer service!",228,,Air Wick,1,air-wick,,False,False,False,False,False,False,False,3,305,3,,,,,,,,,,,,,,
HVF,Index,Missing self-referencing canonical,https://www.chewy.com/f/airpet_f1v20622,True,Set the canonical to the normalized self URL for eligible pages.,,Airpet - Free shipping | Chewy,30,"Shop Chewy for low prices and the best products! We carry a large selection and the top brands like Frisco, Littlearth, and more. Find everything you need in one place. FREE shipping on orders $49+ and the BEST customer service!",228,,Airpet,1,airpet,,False,False,False,False,False,False,False,2,304,3,,,,,,,,,,,,,,
HVF,Index,Missing self-referencing canonical,https://www.chewy.com/f/aj-equestrian_f1v29806,True,Set the canonical to the normalized self URL for eligible pages.,,AJ Equestrian - Free shipping | Chewy,37,"Shop Chewy for low prices and the best products! We carry a large selection and the top brands like Frisco, Littlearth, and more. Find everything you need in one place. FREE shipping on orders $49+ and the BEST customer service!",228,,AJ Equestrian,1,aj-equestrian,,False,False,False,False,False,False,False,2,304,3,,,,,,,,,,,,,,
HVF,Index,Missing self-referencing canonical,https://www.chewy.com/f/albatross-health-new-england_f1v27030,True,Set the canonical to the normalized self URL for eligible pages.,,Albatross Health New England - Free shipping | Chewy,52,"Shop Chewy for low prices and the best products! We carry a large selection and the top brands like Frisco, Littlearth, and more. Find everything you need in one place. FREE shipping on orders $49+ and the BEST customer service!",228,,Albatross Health New England,1,albatross-health-new-england,,False,False,False,False,False,False,False,2,304,3,,,,,,,,,,,,,,
HVF,Index,Missing self-referencing canonical,https://www.chewy.com/f/albuterol_f1v290662,True,Set the canonical to the normalized self URL for eligible pages.,,Albuterol - Free shipping | Chewy,33,"Shop Chewy for low prices and the best products! We carry a large selection and the top brands like Frisco, Littlearth, and more. Find everything you need in one place. FREE shipping on orders $49+ and the BEST customer service!",228,,Albuterol,1,albuterol,,False,False,False,False,False,False,False,3,305,3,,,,,,,,,,,,,,
HVF,Index,Missing self-referencing canonical,https://www.chewy.com/f/alendronate-compounded_f1v215827,True,Set the canonical to the normalized self URL for eligible pages.,,Alendronate Compounded - Free shipping | Chewy,46,"Shop Chewy for low prices and the best products! We carry a large selection and the top brands like Frisco, Littlearth, and more. Find everything you need in one place. FREE shipping on orders $49+ and the BEST customer service!",228,,Alendronate Compounded,1,alendronate-compounded,,False,False,False,False,False,False,False,10,304,3,,,,,,,,,,,,,,
HVF,Index,Missing self-referencing canonical,https://www.chewy.com/f/alfagreen-supreme_f1v319216,True,Set the canonical to the normalized self URL for eligible pages.,,Alfagreen Supreme - Free shipping | Chewy,41,"Shop Chewy for low prices and the best products! We carry a large selection and the top brands like Frisco, Littlearth, and more. Find everything you need in one place. FREE shipping on orders $49+ and the BEST customer service!",228,,Alfagreen Supreme,1,alfagreen-supreme,,False,False,False,False,False,False,False,2,304,3,,,,,,,,,,,,,,
HVF,Index,Missing self-referencing canonical,https://www.chewy.com/f/alfalfa-king_f1v250998,True,Set the canonical to the normalized self URL for eligible pages.,,Alfalfa King - Free shipping | Chewy,36,"Shop Chewy for low prices and the best products! We carry a large selection and the top brands like Frisco, Littlearth, and more. Find everything you need in one place. FREE shipping on orders $49+ and the BEST customer service!",228,,Alfalfa King,1,alfalfa-king,,False,False,False,False,False,False,False,9,305,3,,,,,,,,,,,,,,
HVF,Index,Missing self-referencing canonical,https://www.chewy.com/f/alifuraha_f1v32238,True,Set the canonical to the normalized self URL for eligible pages.,,Alifuraha - Free shipping | Chewy,33,"Shop Chewy for low prices and the best products! We carry a large selection and the top brands like Frisco, Littlearth, and more. Find everything you need in one place. FREE shipping on orders $49+ and the BEST customer service!",228,,Alifuraha,1,alifuraha,,False,False,False,False,False,False,False,2,305,3,,,,,,,,,,,,,,
HVF,Index,Missing self-referencing canonical,https://www.chewy.com/f/alkazone_f1v28382,True,Set the canonical to the normalized self URL for eligible pages.,,Alkazone - Free shipping | Chewy,32,"Shop Chewy for low prices and the best products! We carry a large selection and the top brands like Frisco, Littlearth, and more. Find everything you need in one place. FREE shipping on orders $49+ and the BEST customer service!",228,,Alkazone,1,alkazone,,False,False,False,False,False,False,False,3,305,3,,,,,,,,,,,,,,
HVF,Index,Missing self-referencing canonical,https://www.chewy.com/f/allopurinol_f1v859122,True,Set the canonical to the normalized self URL for eligible pages.,,Allopurinol - Free shipping | Chewy,35,"Shop Chewy for low prices and the best products! We carry a large selection and the top brands like Frisco, Littlearth, and more. Find everything you need in one place. FREE shipping on orders $49+ and the BEST customer service!",228,,Allopurinol,1,allopurinol,,False,False,False,False,False,False,False,13,304,3,,,,,,,,,,,,,,
HVF,Index,Missing self-referencing canonical,https://www.chewy.com/f/allopurinol-compounded_f1v401605,True,Set the canonical to the normalized self URL for eligible pages.,,Allopurinol Compounded - Free shipping | Chewy,46,"Shop Chewy for low prices and the best products! We carry a large selection and the top brands like Frisco, Littlearth, and more. Find everything you need in one place. FREE shipping on orders $49+ and the BEST customer service!",228,,Allopurinol Compounded,1,allopurinol-compounded,,False,False,False,False,False,False,False,44,305,3,,,,,,,,,,,,,,
HVF,Index,Missing self-referencing canonical,https://www.chewy.com/f/alpha-paw_f1v108864,True,Set the canonical to the normalized self URL for eligible pages.,,Alpha Paw - Free shipping | Chewy,33,"Shop Chewy for low prices and the best products! We carry a large selection and the top brands like Frisco, Littlearth, and more. Find everything you need in one place. FREE shipping on orders $49+ and the BEST customer service!",228,,Alpha Paw,1,alpha-paw,,False,False,False,False,False,False,False,4,304,3,,,,,,,,,,,,,,
HVF,Index,Missing self-referencing canonical,https://www.chewy.com/f/altren_f1v291488,True,Set the canonical to the normalized self URL for eligible pages.,,Altren - Free shipping | Chewy,30,"Shop Chewy for low prices and the best products! We carry a large selection and the top brands like Frisco, Littlearth, and more. Find everything you need in one place. FREE shipping on orders $49+ and the BEST customer service!",228,,Altren,1,altren,,False,False,False,False,False,False,False,3,304,3,,,,,,,,,,,,,,
HVF,Index,Missing self-referencing canonical,https://www.chewy.com/f/amana-grace_f1v26806,True,Set the canonical to the normalized self URL for eligible pages.,,Amana Grace - Free shipping | Chewy,35,"Shop Chewy for low prices and the best products! We carry a large selection and the top brands like Frisco, Littlearth, and more. Find everything you need in one place. FREE shipping on orders $49+ and the BEST customer service!",228,,Amana Grace,1,amana-grace,,False,False,False,False,False,False,False,2,304,3,,,,,,,,,,,,,,
HVF,Index,Missing self-referencing canonical,https://www.chewy.com/f/amantadine-hcl_f1v213343,True,Set the canonical to the normalized self URL for eligible pages.,,Amantadine HCl - Free shipping | Chewy,38,"Shop Chewy for low prices and the best products! We carry a large selection and the top brands like Frisco, Littlearth, and more. Find everything you need in one place. FREE shipping on orders $49+ and the BEST customer service!",228,,Amantadine HCl,1,amantadine-hcl,,False,False,False,False,False,False,False,12,305,3,,,,,,,,,,,,,,
HVF,Index,Missing self-referencing canonical,https://www.chewy.com/f/americas-choice_f1v368823,True,Set the canonical to the normalized self URL for eligible pages.,,America's Choice - Free shipping | Chewy,40,"Shop Chewy for low prices and the best products! We carry a large selection and the top brands like Frisco, Littlearth, and more. Find everything you need in one place. FREE shipping on orders $49+ and the BEST customer service!",228,,America's Choice,1,americas-choice,,False,False,False,False,False,False,False,3,305,3,,,,,,,,,,,,,,
HVF,Index,Missing self-referencing canonical,https://www.chewy.com/f/american-biosciences_f1v366412,True,Set the canonical to the normalized self URL for eligible pages.,,American BioSciences - Free shipping | Chewy,44,"Shop Chewy for low prices and the best products! We carry a large selection and the top brands like Frisco, Littlearth, and more. Find everything you need in one place. FREE shipping on orders $49+ and the BEST customer service!",228,,American BioSciences,1,american-biosciences,,False,False,False,False,False,False,False,3,305,3,,,,,,,,,,,,,,
HVF,Index,Missing self-referencing canonical,https://www.chewy.com/f/american-cat-club_f1v111095,True,Set the canonical to the normalized self URL for eligible pages.,,American Cat Club - Free shipping | Chewy,41,"Shop Chewy for low prices and the best products! We carry a large selection and the top brands like Frisco, Littlearth, and more. Find everything you need in one place. FREE shipping on orders $49+ and the BEST customer service!",228,,American Cat Club,1,american-cat-club,,False,False,False,False,False,False,False,3,304,3,,,,,,,,,,,,,,
HVF,Index,Missing self-referencing canonical,https://www.chewy.com/f/aminamend_f1v28326,True,Set the canonical to the normalized self URL for eligible pages.,,AminAmend - Free shipping | Chewy,33,"Shop Chewy for low prices and the best products! We carry a large selection and the top brands like Frisco, Littlearth, and more. Find everything you need in one place. FREE shipping on orders $49+ and the BEST customer service!",228,,AminAmend,1,aminamend,,False,False,False,False,False,False,False,3,305,3,,,,,,,,,,,,,,
HVF,Index,Missing self-referencing canonical,https://www.chewy.com/f/aminocaproic-acid-compounded_f1v497019,True,Set the canonical to the normalized self URL for eligible pages.,,Aminocaproic Acid Compounded - Free shipping | Chewy,52,"Shop Chewy for low prices and the best products! We carry a large selection and the top brands like Frisco, Littlearth, and more. Find everything you need in one place. FREE shipping on orders $49+ and the BEST customer service!",228,,Aminocaproic Acid Compounded,1,aminocaproic-acid-compounded,,False,False,False,False,False,False,False,28,305,3,,,,,,,,,,,,,,
HVF,Index,Missing self-referencing canonical,https://www.chewy.com/f/aminodyl_f1v29174,True,Set the canonical to the normalized self URL for eligible pages.,,Aminodyl - Free shipping | Chewy,32,"Shop Chewy for low prices and the best products! We carry a large selection and the top brands like Frisco, Littlearth, and more. Find everything you need in one place. FREE shipping on orders $49+ and the BEST customer service!",228,,Aminodyl,1,aminodyl,,False,False,False,False,False,False,False,3,305,3,,,,,,,,,,,,,,
HVF,Index,Missing self-referencing canonical,https://www.chewy.com/f/amitriptyline_f1v428060,True,Set the canonical to the normalized self URL for eligible pages.,,Amitriptyline - Free shipping | Chewy,37,"Shop Chewy for low prices and the best products! We carry a large selection and the top brands like Frisco, Littlearth, and more. Find everything you need in one place. FREE shipping on orders $49+ and the BEST customer service!",228,,Amitriptyline,1,amitriptyline,,False,False,False,False,False,False,False,25,304,3,,,,,,,,,,,,,,
HVF,Index,Missing self-referencing canonical,https://www.chewy.com/f/amlodipine_f1v541374,True,Set the canonical to the normalized self URL for eligible pages.,,Amlodipine - Free shipping | Chewy,34,"Shop Chewy for low prices and the best products! We carry a large selection and the top brands like Frisco, Littlearth, and more. Find everything you need in one place. FREE shipping on orders $49+ and the BEST customer service!",228,,Amlodipine,1,amlodipine,,False,False,False,False,False,False,False,13,304,3,,,,,,,,,,,,,,
HVF,Index,Missing self-referencing canonical,https://www.chewy.com/f/ammosorb_f1v437952,True,Set the canonical to the normalized self URL for eligible pages.,,AmmoSorb - Free shipping | Chewy,32,"Shop Chewy for low prices and the best products! We carry a large selection and the top brands like Frisco, Littlearth, and more. Find everything you need in one place. FREE shipping on orders $49+ and the BEST customer service!",228,,AmmoSorb,1,ammosorb,,False,False,False,False,False,False,False,2,305,3,,,,,,,,,,,,,,
HVF,Index,Missing self-referencing canonical,https://www.chewy.com/f/amoxicillin_f1v762099,True,Set the canonical to the normalized self URL for eligible pages.,,Amoxicillin - Free shipping | Chewy,35,"Shop Chewy for low prices and the best products! We carry a large selection and the top brands like Frisco, Littlearth, and more. Find everything you need in one place. FREE shipping on orders $49+ and the BEST customer service!",228,,Amoxicillin,1,amoxicillin,,False,False,False,False,False,False,False,13,305,3,,,,,,,,,,,,,,
HVF,Index,Missing self-referencing canonical,https://www.chewy.com/f/amoxicillin-clavulanate-potassium_f1v870806,True,Set the canonical to the normalized self URL for eligible pages.,,Amoxicillin and Clavulanate Potassium - Free shipping | Chewy,61,"Shop Chewy for low prices and the best products! We carry a large selection and the top brands like Frisco, Littlearth, and more. Find everything you need in one place. FREE shipping on orders $49+ and the BEST customer service!",228,,Amoxicillin and Clavulanate Potassium,1,amoxicillin-clavulanate-potassium,,False,False,False,False,False,False,False,2,304,3,,,,,,,,,,,,,,
HVF,Index,Missing self-referencing canonical,https://www.chewy.com/f/ampicillin_f1v294778,True,Set the canonical to the normalized self URL for eligible pages.,,Ampicillin - Free shipping | Chewy,34,"Shop Chewy for low prices and the best products! We carry a large selection and the top brands like Frisco, Littlearth, and more. Find everything you need in one place. FREE shipping on orders $49+ and the BEST customer service!",228,,Ampicillin,1,ampicillin,,False,False,False,False,False,False,False,6,304,3,,,,,,,,,,,,,,
HVF,Index,Missing self-referencing canonical,https://www.chewy.com/f/ample-nutrition_f1v114823,True,Set the canonical to the normalized self URL for eligible pages.,,Ample Nutrition - Free shipping | Chewy,39,"Shop Chewy for low prices and the best products! We carry a large selection and the top brands like Frisco, Littlearth, and more. Find everything you need in one place. FREE shipping on orders $49+ and the BEST customer service!",228,,Ample Nutrition,1,ample-nutrition,,False,False,False,False,False,False,False,3,305,3,,,,,,,,,,,,,,
HVF,Index,Missing self-referencing canonical,https://www.chewy.com/f/andrews-mcmeel_f1v297256,True,Set the canonical to the normalized self URL for eligible pages.,,Andrews McMeel - Free shipping | Chewy,38,"Shop Chewy for low prices and the best products! We carry a large selection and the top brands like Frisco, Littlearth, and more. Find everything you need in one place. FREE shipping on orders $49+ and the BEST customer service!",228,,Andrews McMeel,1,andrews-mcmeel,,False,False,False,False,False,False,False,3,306,3,,,,,,,,,,,,,,
HVF,Index,Missing self-referencing canonical,https://www.chewy.com/f/antinol-plus_f1v17966,True,Set the canonical to the normalized self URL for eligible pages.,,Antinol Plus - Free shipping | Chewy,36,"Shop Chewy for low prices and the best products! We carry a large selection and the top brands like Frisco, Littlearth, and more. Find everything you need in one place. FREE shipping on orders $49+ and the BEST customer service!",228,,Antinol Plus,1,antinol-plus,,False,False,False,False,False,False,False,4,305,3,,,,,,,,,,,,,,
HVF,Index,Missing self-referencing canonical,https://www.chewy.com/f/apocaps_f1v295187,True,Set the canonical to the normalized self URL for eligible pages.,,Apocaps - Free shipping | Chewy,31,"Shop Chewy for low prices and the best products! We carry a large selection and the top brands like Frisco, Littlearth, and more. Find everything you need in one place. FREE shipping on orders $49+ and the BEST customer service!",228,,Apocaps,1,apocaps,,False,False,False,False,False,False,False,2,304,3,,,,,,,,,,,,,,
HVF,Index,Missing self-referencing canonical,https://www.chewy.com/f/aqua-one_f1v21654,True,Set the canonical to the normalized self URL for eligible pages.,,Aqua One - Free shipping | Chewy,32,"Shop Chewy for low prices and the best products! We carry a large selection and the top brands like Frisco, Littlearth, and more. Find everything you need in one place. FREE shipping on orders $49+ and the BEST customer service!",228,,Aqua One,1,aqua-one,,False,False,False,False,False,False,False,3,305,3,,,,,,,,,,,,,,
HVF,Index,Missing self-referencing canonical,https://www.chewy.com/f/aqua-terra_f1v261734,True,Set the canonical to the normalized self URL for eligible pages.,,Aqua Terra - Free shipping | Chewy,34,"Shop Chewy for low prices and the best products! We carry a large selection and the top brands like Frisco, Littlearth, and more. Find everything you need in one place. FREE shipping on orders $49+ and the BEST customer service!",228,,Aqua Terra,1,aqua-terra,,False,False,False,False,False,False,False,5,305,3,,,,,,,,,,,,,,
HVF,Index,Missing self-referencing canonical,https://www.chewy.com/f/aqualighter_f1v366515,True,Set the canonical to the normalized self URL for eligible pages.,,AquaLighter - Free shipping | Chewy,35,"Shop Chewy for low prices and the best products! We carry a large selection and the top brands like Frisco, Littlearth, and more. Find everything you need in one place. FREE shipping on orders $49+ and the BEST customer service!",228,,AquaLighter,1,aqualighter,,False,False,False,False,False,False,False,5,305,3,,,,,,,,,,,,,,
HVF,Index,Missing self-referencing canonical,https://www.chewy.com/f/aquarium-masters_f1v107031,True,Set the canonical to the normalized self URL for eligible pages.,,Aquarium Masters - Free shipping | Chewy,40,"Shop Chewy for low prices and the best products! We carry a large selection and the top brands like Frisco, Littlearth, and more. Find everything you need in one place. FREE shipping on orders $49+ and the BEST customer service!",228,,Aquarium Masters,1,aquarium-masters,,False,False,False,False,False,False,False,7,305,3,,,,,,,,,,,,,,
HVF,Index,Missing self-referencing canonical,https://www.chewy.com/f/aquatic-life_f1v180560,True,Set the canonical to the normalized self URL for eligible pages.,,Aquatic Life - Free shipping | Chewy,36,"Shop Chewy for low prices and the best products! We carry a large selection and the top brands like Frisco, Littlearth, and more. Find everything you need in one place. FREE shipping on orders $49+ and the BEST customer service!",228,,Aquatic Life,1,aquatic-life,,False,False,False,False,False,False,False,3,304,3,,,,,,,,,,,,,,
HVF,Index,Missing self-referencing canonical,https://www.chewy.com/f/aquatlantis_f1v21918,True,Set the canonical to the normalized self URL for eligible pages.,,Aquatlantis - Free shipping | Chewy,35,"Shop Chewy for low prices and the best products! We carry a large selection and the top brands like Frisco, Littlearth, and more. Find everything you need in one place. FREE shipping on orders $49+ and the BEST customer service!",228,,Aquatlantis,1,aquatlantis,,False,False,False,False,False,False,False,3,304,3,,,,,,,,,,,,,,
HVF,Index,Missing self-referencing canonical,https://www.chewy.com/f/arcequine_f1v30014,True,Set the canonical to the normalized self URL for eligible pages.,,ArcEquine - Free shipping | Chewy,33,"Shop Chewy for low prices and the best products! We carry a large selection and the top brands like Frisco, Littlearth, and more. Find everything you need in one place. FREE shipping on orders $49+ and the BEST customer service!",228,,ArcEquine,1,arcequine,,False,False,False,False,False,False,False,2,304,3,,,,,,,,,,,,,,
HVF,Index,Missing self-referencing canonical,https://www.chewy.com/f/arden_f1v150951,True,Set the canonical to the normalized self URL for eligible pages.,,Arden - Free shipping | Chewy,29,"Shop Chewy for low prices and the best products! We carry a large selection and the top brands like Frisco, Littlearth, and more. Find everything you need in one place. FREE shipping on orders $49+ and the BEST customer service!",228,,Arden,1,arden,,False,False,False,False,False,False,False,2,304,3,,,,,,,,,,,,,,
HVF,Index,Missing self-referencing canonical,https://www.chewy.com/f/arkus_f1v287229,True,Set the canonical to the normalized self URL for eligible pages.,,Arkus - Free shipping | Chewy,29,"Shop Chewy for low prices and the best products! We carry a large selection and the top brands like Frisco, Littlearth, and more. Find everything you need in one place. FREE shipping on orders $49+ and the BEST customer service!",228,,Arkus,1,arkus,,False,False,False,False,False,False,False,3,305,3,,,,,,,,,,,,,,
HVF,Index,Missing self-referencing canonical,https://www.chewy.com/f/armor-hand_f1v23142,True,Set the canonical to the normalized self URL for eligible pages.,,ArmOR Hand - Free shipping | Chewy,34,"Shop Chewy for low prices and the best products! We carry a large selection and the top brands like Frisco, Littlearth, and more. Find everything you need in one place. FREE shipping on orders $49+ and the BEST customer service!",228,,ArmOR Hand,1,armor-hand,,False,False,False,False,False,False,False,10,305,3,,,,,,,,,,,,,,
HVF,Index,Missing self-referencing canonical,https://www.chewy.com/f/armor-plush_f1v33582,True,Set the canonical to the normalized self URL for eligible pages.,,Armor Plush - Free shipping | Chewy,35,"Shop Chewy for low prices and the best products! We carry a large selection and the top brands like Frisco, Littlearth, and more. Find everything you need in one place. FREE shipping on orders $49+ and the BEST customer service!",228,,Armor Plush,1,armor-plush,,False,False,False,False,False,False,False,4,304,3,,,,,,,,,,,,,,
HVF,Index,Missing self-referencing canonical,https://www.chewy.com/f/arnalls-naturals_f1v150989,True,Set the canonical to the normalized self URL for eligible pages.,,Arnall's Naturals - Free shipping | Chewy,41,"Shop Chewy for low prices and the best products! We carry a large selection and the top brands like Frisco, Littlearth, and more. Find everything you need in one place. FREE shipping on orders $49+ and the BEST customer service!",228,,Arnall's Naturals,1,arnalls-naturals,,False,False,False,False,False,False,False,4,305,3,,,,,,,,,,,,,,
HVF,Index,Missing self-referencing canonical,https://www.chewy.com/f/arterra-pet-science_f1v19950,True,Set the canonical to the normalized self URL for eligible pages.,,Arterra Pet Science - Free shipping | Chewy,43,"Shop Chewy for low prices and the best products! We carry a large selection and the top brands like Frisco, Littlearth, and more. Find everything you need in one place. FREE shipping on orders $49+ and the BEST customer service!",228,,Arterra Pet Science,1,arterra-pet-science,,False,False,False,False,False,False,False,3,304,3,,,,,,,,,,,,,,
HVF,Index,Missing self-referencing canonical,https://www.chewy.com/f/aspirin-compounded_f1v465449,True,Set the canonical to the normalized self URL for eligible pages.,,Aspirin Compounded - Free shipping | Chewy,42,"Shop Chewy for low prices and the best products! We carry a large selection and the top brands like Frisco, Littlearth, and more. Find everything you need in one place. FREE shipping on orders $49+ and the BEST customer service!",228,,Aspirin Compounded,1,aspirin-compounded,,False,False,False,False,False,False,False,31,305,3,,,,,,,,,,,,,,
HVF,Index,Missing self-referencing canonical,https://www.chewy.com/f/atenolol_f1v285956,True,Set the canonical to the normalized self URL for eligible pages.,,Atenolol - Free shipping | Chewy,32,"Shop Chewy for low prices and the best products! We carry a large selection and the top brands like Frisco, Littlearth, and more. Find everything you need in one place. FREE shipping on orders $49+ and the BEST customer service!",228,,Atenolol,1,atenolol,,False,False,False,False,False,False,False,11,304,3,,,,,,,,,,,,,,
HVF,Index,Missing self-referencing canonical,https://www.chewy.com/f/atta-boy_f1v772111,True,Set the canonical to the normalized self URL for eligible pages.,,Atta Boy - Free shipping | Chewy,32,"Shop Chewy for low prices and the best products! We carry a large selection and the top brands like Frisco, Littlearth, and more. Find everything you need in one place. FREE shipping on orders $49+ and the BEST customer service!",228,,Atta Boy,1,atta-boy,,False,False,False,False,False,False,False,4,304,3,,,,,,,,,,,,,,
HVF,Index,Missing self-referencing canonical,https://www.chewy.com/f/atta-cat_f1v534682,True,Set the canonical to the normalized self URL for eligible pages.,,Atta Cat - Free shipping | Chewy,32,"Shop Chewy for low prices and the best products! We carry a large selection and the top brands like Frisco, Littlearth, and more. Find everything you need in one place. FREE shipping on orders $49+ and the BEST customer service!",228,,Atta Cat,1,atta-cat,,False,False,False,False,False,False,False,2,304,3,,,,,,,,,,,,,,
HVF,Index,Missing self-referencing canonical,https://www.chewy.com/f/aubiose_f1v319315,True,Set the canonical to the normalized self URL for eligible pages.,,Aubiose - Free shipping | Chewy,31,"Shop Chewy for low prices and the best products! We carry a large selection and the top brands like Frisco, Littlearth, and more. Find everything you need in one place. FREE shipping on orders $49+ and the BEST customer service!",228,,Aubiose,1,aubiose,,False,False,False,False,False,False,False,3,305,3,,,,,,,,,,,,,,
HVF,Index,Missing self-referencing canonical,https://www.chewy.com/f/auburn-laboratories-inc_f1v19446,True,Set the canonical to the normalized self URL for eligible pages.,,Auburn Laboratories Inc. - Free shipping | Chewy,48,"Shop Chewy for low prices and the best products! We carry a large selection and the top brands like Frisco, Littlearth, and more. Find everything you need in one place. FREE shipping on orders $49+ and the BEST customer service!",228,,Auburn Laboratories Inc.,1,auburn-laboratories-inc,,False,False,False,False,False,False,False,3,305,3,,,,,,,,,,,,,,
HVF,Index,Missing self-referencing canonical,https://www.chewy.com/f/autoslide_f1v389538,True,Set the canonical to the normalized self URL for eligible pages.,,Autoslide - Free shipping | Chewy,33,"Shop Chewy for low prices and the best products! We carry a large selection and the top brands like Frisco, Littlearth, and more. Find everything you need in one place. FREE shipping on orders $49+ and the BEST customer service!",228,,Autoslide,1,autoslide,,False,False,False,False,False,False,False,2,304,3,,,,,,,,,,,,,,
HVF,Index,Missing self-referencing canonical,https://www.chewy.com/f/avian-fashions_f1v113664,True,Set the canonical to the normalized self URL for eligible pages.,,Avian Fashions - Free shipping | Chewy,38,"Shop Chewy for low prices and the best products! We carry a large selection and the top brands like Frisco, Littlearth, and more. Find everything you need in one place. FREE shipping on orders $49+ and the BEST customer service!",228,,Avian Fashions,1,avian-fashions,,False,False,False,False,False,False,False,110,304,3,,,,,,,,,,,,,,
HVF,Index,Missing self-referencing canonical,https://www.chewy.com/f/avo-doggo_f1v911006,True,Set the canonical to the normalized self URL for eligible pages.,,Avo Doggo - Free shipping | Chewy,33,"Shop Chewy for low prices and the best products! We carry a large selection and the top brands like Frisco, Littlearth, and more. Find everything you need in one place. FREE shipping on orders $49+ and the BEST customer service!",228,,Avo Doggo,1,avo-doggo,,False,False,False,False,False,False,False,4,305,3,,,,,,,,,,,,,,
HVF,Index,Missing self-referencing canonical,https://www.chewy.com/f/azathioprine_f1v365041,True,Set the canonical to the normalized self URL for eligible pages.,,Azathioprine - Free shipping | Chewy,36,"Shop Chewy for low prices and the best products! We carry a large selection and the top brands like Frisco, Littlearth, and more. Find everything you need in one place. FREE shipping on orders $49+ and the BEST customer service!",228,,Azathioprine,1,azathioprine,,False,False,False,False,False,False,False,7,304,3,,,,,,,,,,,,,,
HVF,Index,Missing self-referencing canonical,https://www.chewy.com/f/azathioprine-compounded_f1v179236,True,Set the canonical to the normalized self URL for eligible pages.,,Azathioprine Compounded - Free shipping | Chewy,47,"Shop Chewy for low prices and the best products! We carry a large selection and the top brands like Frisco, Littlearth, and more. Find everything you need in one place. FREE shipping on orders $49+ and the BEST customer service!",228,,Azathioprine Compounded,1,azathioprine-compounded,,False,False,False,False,False,False,False,120,305,3,,,,,,,,,,,,,,
HVF,Index,Missing self-referencing canonical,https://www.chewy.com/f/azithromycin_f1v502588,True,Set the canonical to the normalized self URL for eligible pages.,,Azithromycin - Free shipping | Chewy,36,"Shop Chewy for low prices and the best products! We carry a large selection and the top brands like Frisco, Littlearth, and more. Find everything you need in one place. FREE shipping on orders $49+ and the BEST customer service!",228,,Azithromycin,1,azithromycin,,False,False,False,False,False,False,False,4,304,3,,,,,,,,,,,,,,
HVF,Index,Missing self-referencing canonical,https://www.chewy.com/f/b-complete_f1v21686,True,Set the canonical to the normalized self URL for eligible pages.,,B-COMPLETE - Free shipping | Chewy,34,"Shop Chewy for low prices and the best products! We carry a large selection and the top brands like Frisco, Littlearth, and more. Find everything you need in one place. FREE shipping on orders $49+ and the BEST customer service!",228,,B-COMPLETE,1,b-complete,,False,False,False,False,False,False,False,3,304,3,,,,,,,,,,,,,,
HVF,Index,Missing self-referencing canonical,https://www.chewy.com/f/backyard-boost_f1v147515,True,Set the canonical to the normalized self URL for eligible pages.,,Backyard Boost - Free shipping | Chewy,38,"Shop Chewy for low prices and the best products! We carry a large selection and the top brands like Frisco, Littlearth, and more. Find everything you need in one place. FREE shipping on orders $49+ and the BEST customer service!",228,,Backyard Boost,1,backyard-boost,,False,False,False,False,False,False,False,3,305,3,,,,,,,,,,,,,,
HVF,Index,Missing self-referencing canonical,https://www.chewy.com/f/backyard-buffet_f1v132685,True,Set the canonical to the normalized self URL for eligible pages.,,Backyard Buffet - Free shipping | Chewy,39,"Shop Chewy for low prices and the best products! We carry a large selection and the top brands like Frisco, Littlearth, and more. Find everything you need in one place. FREE shipping on orders $49+ and the BEST customer service!",228,,Backyard Buffet,1,backyard-buffet,,False,False,False,False,False,False,False,2,304,3,,,,,,,,,,,,,,
HVF,Index,Missing self-referencing canonical,https://www.chewy.com/f/bag-balm-pet_f1v168516,True,Set the canonical to the normalized self URL for eligible pages.,,Bag Balm Pet - Free shipping | Chewy,36,"Shop Chewy for low prices and the best products! We carry a large selection and the top brands like Frisco, Littlearth, and more. Find everything you need in one place. FREE shipping on orders $49+ and the BEST customer service!",228,,Bag Balm Pet,1,bag-balm-pet,,False,False,False,False,False,False,False,7,305,3,,,,,,,,,,,,,,
HVF,Index,Missing self-referencing canonical,https://www.chewy.com/f/bailey-cat-co_f1v19590,True,Set the canonical to the normalized self URL for eligible pages.,,Bailey Cat Co. - Free shipping | Chewy,38,"Shop Chewy for low prices and the best products! We carry a large selection and the top brands like Frisco, Littlearth, and more. Find everything you need in one place. FREE shipping on orders $49+ and the BEST customer service!",228,,Bailey Cat Co.,1,bailey-cat-co,,False,False,False,False,False,False,False,5,305,3,,,,,,,,,,,,,,
HVF,Index,Missing self-referencing canonical,https://www.chewy.com/f/baker_f1v531076,True,Set the canonical to the normalized self URL for eligible pages.,,Baker - Free shipping | Chewy,29,"Shop Chewy for low prices and the best products! We carry a large selection and the top brands like Frisco, Littlearth, and more. Find everything you need in one place. FREE shipping on orders $49+ and the BEST customer service!",228,,Baker,1,baker,,False,False,False,False,False,False,False,5,304,3,,,,,,,,,,,,,,
HVF,Index,Missing self-referencing canonical,https://www.chewy.com/f/balancegi_f1v22542,True,Set the canonical to the normalized self URL for eligible pages.,,BalanceGI - Free shipping | Chewy,33,"Shop Chewy for low prices and the best products! We carry a large selection and the top brands like Frisco, Littlearth, and more. Find everything you need in one place. FREE shipping on orders $49+ and the BEST customer service!",228,,BalanceGI,1,balancegi,,False,False,False,False,False,False,False,3,304,3,,,,,,,,,,,,,,
HVF,Index,Missing self-referencing canonical,https://www.chewy.com/f/bark-bone_f1v21182,True,Set the canonical to the normalized self URL for eligible pages.,,Bark Bone - Free shipping | Chewy,33,"Shop Chewy for low prices and the best products! We carry a large selection and the top brands like Frisco, Littlearth, and more. Find everything you need in one place. FREE shipping on orders $49+ and the BEST customer service!",228,,Bark Bone,1,bark-bone,,False,False,False,False,False,False,False,3,305,3,,,,,,,,,,,,,,
HVF,Index,Missing self-referencing canonical,https://www.chewy.com/f/bark-boosters_f1v27718,True,Set the canonical to the normalized self URL for eligible pages.,,Bark Boosters - Free shipping | Chewy,37,"Shop Chewy for low prices and the best products! We carry a large selection and the top brands like Frisco, Littlearth, and more. Find everything you need in one place. FREE shipping on orders $49+ and the BEST customer service!",228,,Bark Boosters,1,bark-boosters,,False,False,False,False,False,False,False,2,304,3,,,,,,,,,,,,,,
HVF,Index,Missing self-referencing canonical,https://www.chewy.com/f/bark2basics_f1v246681,True,Set the canonical to the normalized self URL for eligible pages.,,Bark2Basics - Free shipping | Chewy,35,"Shop Chewy for low prices and the best products! We carry a large selection and the top brands like Frisco, Littlearth, and more. Find everything you need in one place. FREE shipping on orders $49+ and the BEST customer service!",228,,Bark2Basics,1,bark2basics,,False,False,False,False,False,False,False,2,304,3,,,,,,,,,,,,,,
HVF,Index,Missing self-referencing canonical,https://www.chewy.com/f/barkle_f1v29318,True,Set the canonical to the normalized self URL for eligible pages.,,Barkle - Free shipping | Chewy,30,"Shop Chewy for low prices and the best products! We carry a large selection and the top brands like Frisco, Littlearth, and more. Find everything you need in one place. FREE shipping on orders $49+ and the BEST customer service!",228,,Barkle,1,barkle,,False,False,False,False,False,False,False,2,304,3,,,,,,,,,,,,,,
HVF,Index,Missing self-referencing canonical,https://www.chewy.com/f/barkly_f1v33742,True,Set the canonical to the normalized self URL for eligible pages.,,Barkly - Free shipping | Chewy,30,"Shop Chewy for low prices and the best products! We carry a large selection and the top brands like Frisco, Littlearth, and more. Find everything you need in one place. FREE shipping on orders $49+ and the BEST customer service!",228,,Barkly,1,barkly,,False,False,False,False,False,False,False,2,304,3,,,,,,,,,,,,,,
HVF,Index,Missing self-referencing canonical,https://www.chewy.com/f/bawan_f1v38318,True,Set the canonical to the normalized self URL for eligible pages.,,BAWAN - Free shipping | Chewy,29,"Shop Chewy for low prices and the best products! We carry a large selection and the top brands like Frisco, Littlearth, and more. Find everything you need in one place. FREE shipping on orders $49+ and the BEST customer service!",228,,BAWAN,1,bawan,,False,False,False,False,False,False,False,3,305,3,,,,,,,,,,,,,,
HVF,Index,Missing self-referencing canonical,https://www.chewy.com/f/baxter_f1v527911,True,Set the canonical to the normalized self URL for eligible pages.,,Baxter - Free shipping | Chewy,30,"Shop Chewy for low prices and the best products! We carry a large selection and the top brands like Frisco, Littlearth, and more. Find everything you need in one place. FREE shipping on orders $49+ and the BEST customer service!",228,,Baxter,1,baxter,,False,False,False,False,False,False,False,9,305,3,,,,,,,,,,,,,,
HVF,Index,Missing self-referencing canonical,https://www.chewy.com/f/beauty-by-benjamin_f1v508161,True,Set the canonical to the normalized self URL for eligible pages.,,Beauty By Benjamin - Free shipping | Chewy,42,"Shop Chewy for low prices and the best products! We carry a large selection and the top brands like Frisco, Littlearth, and more. Find everything you need in one place. FREE shipping on orders $49+ and the BEST customer service!",228,,Beauty By Benjamin,1,beauty-by-benjamin,,False,False,False,False,False,False,False,3,305,3,,,,,,,,,,,,,,
HVF,Index,Missing self-referencing canonical,https://www.chewy.com/f/beggar-dog_f1v357594,True,Set the canonical to the normalized self URL for eligible pages.,,Beggar Dog - Free shipping | Chewy,34,"Shop Chewy for low prices and the best products! We carry a large selection and the top brands like Frisco, Littlearth, and more. Find everything you need in one place. FREE shipping on orders $49+ and the BEST customer service!",228,,Beggar Dog,1,beggar-dog,,False,False,False,False,False,False,False,3,305,3,,,,,,,,,,,,,,
HVF,Index,Missing self-referencing canonical,https://www.chewy.com/f/bell-howell_f1v282931,True,Set the canonical to the normalized self URL for eligible pages.,,Bell + Howell - Free shipping | Chewy,37,"Shop Chewy for low prices and the best products! We carry a large selection and the top brands like Frisco, Littlearth, and more. Find everything you need in one place. FREE shipping on orders $49+ and the BEST customer service!",228,,Bell + Howell,1,bell-howell,,False,False,False,False,False,False,False,2,304,3,,,,,,,,,,,,,,
HVF,Index,Missing self-referencing canonical,https://www.chewy.com/f/bell-automotive_f1v388658,True,Set the canonical to the normalized self URL for eligible pages.,,Bell Automotive - Free shipping | Chewy,39,"Shop Chewy for low prices and the best products! We carry a large selection and the top brands like Frisco, Littlearth, and more. Find everything you need in one place. FREE shipping on orders $49+ and the BEST customer service!",228,,Bell Automotive,1,bell-automotive,,False,False,False,False,False,False,False,2,305,3,,,,,,,,,,,,,,
HVF,Index,Missing self-referencing canonical,https://www.chewy.com/f/bellylabs_f1v26942,True,Set the canonical to the normalized self URL for eligible pages.,,Bellylabs - Free shipping | Chewy,33,"Shop Chewy for low prices and the best products! We carry a large selection and the top brands like Frisco, Littlearth, and more. Find everything you need in one place. FREE shipping on orders $49+ and the BEST customer service!",228,,Bellylabs,1,bellylabs,,False,False,False,False,False,False,False,3,305,3,,,,,,,,,,,,,,
HVF,Index,Missing self-referencing canonical,https://www.chewy.com/f/bens_f1v361029,True,Set the canonical to the normalized self URL for eligible pages.,,Ben's - Free shipping | Chewy,29,"Shop Chewy for low prices and the best products! We carry a large selection and the top brands like Frisco, Littlearth, and more. Find everything you need in one place. FREE shipping on orders $49+ and the BEST customer service!",228,,Ben's,1,bens,,False,False,False,False,False,False,False,2,304,3,,,,,,,,,,,,,,
HVF,Index,Missing self-referencing canonical,https://www.chewy.com/f/benazepril_f1v125426,True,Set the canonical to the normalized self URL for eligible pages.,,Benazepril - Free shipping | Chewy,34,"Shop Chewy for low prices and the best products! We carry a large selection and the top brands like Frisco, Littlearth, and more. Find everything you need in one place. FREE shipping on orders $49+ and the BEST customer service!",228,,Benazepril,1,benazepril,,False,False,False,False,False,False,False,16,304,3,,,,,,,,,,,,,,
HVF,Index,Missing self-referencing canonical,https://www.chewy.com/f/benazepril-hclfurosemidepimobendan_f1v181530,True,Set the canonical to the normalized self URL for eligible pages.,,Benazepril HCl/Furosemide/Pimobendan Compounded - Free shipping | Chewy,71,"Shop Chewy for low prices and the best products! We carry a large selection and the top brands like Frisco, Littlearth, and more. Find everything you need in one place. FREE shipping on orders $49+ and the BEST customer service!",228,,Benazepril HCl/Furosemide/Pimobendan Compounded,1,benazepril-hclfurosemidepimobendan,,False,False,False,False,False,False,False,1,304,3,,,,,,,,,,,,,,
HVF,Index,Missing self-referencing canonical,https://www.chewy.com/f/bencmate_f1v18958,True,Set the canonical to the normalized self URL for eligible pages.,,Bencmate - Free shipping | Chewy,32,"Shop Chewy for low prices and the best products! We carry a large selection and the top brands like Frisco, Littlearth, and more. Find everything you need in one place. FREE shipping on orders $49+ and the BEST customer service!",228,,Bencmate,1,bencmate,,False,False,False,False,False,False,False,22,304,3,,,,,,,,,,,,,,1.0
HVF,Index,Missing self-referencing canonical,https://www.chewy.com/f/berenlefe_f1v31878,True,Set the canonical to the normalized self URL for eligible pages.,,Berenlefe - Free shipping | Chewy,33,"Shop Chewy for low prices and the best products! We carry a large selection and the top brands like Frisco, Littlearth, and more. Find everything you need in one place. FREE shipping on orders $49+ and the BEST customer service!",228,,Berenlefe,1,berenlefe,,False,False,False,False,False,False,False,11,305,3,,,,,,,,,,,,,,
HVF,Index,Missing self-referencing canonical,https://www.chewy.com/f/bern-dog-brand_f1v352258,True,Set the canonical to the normalized self URL for eligible pages.,,Bern Dog Brand - Free shipping | Chewy,38,"Shop Chewy for low prices and the best products! We carry a large selection and the top brands like Frisco, Littlearth, and more. Find everything you need in one place. FREE shipping on orders $49+ and the BEST customer service!",228,,Bern Dog Brand,1,bern-dog-brand,,False,False,False,False,False,False,False,3,304,3,,,,,,,,,,,,,,
HVF,Index,Missing self-referencing canonical,https://www.chewy.com/f/best-friend-services_f1v103595,True,Set the canonical to the normalized self URL for eligible pages.,,Best Friend Services - Free shipping | Chewy,44,"Shop Chewy for low prices and the best products! We carry a large selection and the top brands like Frisco, Littlearth, and more. Find everything you need in one place. FREE shipping on orders $49+ and the BEST customer service!",228,,Best Friend Services,1,best-friend-services,,False,False,False,False,False,False,False,15,306,3,,,,,,,,,,,,,,
HVF,Index,Missing self-referencing canonical,https://www.chewy.com/f/better-flock_f1v19462,True,Set the canonical to the normalized self URL for eligible pages.,,Better Flock - Free shipping | Chewy,36,"Shop Chewy for low prices and the best products! We carry a large selection and the top brands like Frisco, Littlearth, and more. Find everything you need in one place. FREE shipping on orders $49+ and the BEST customer service!",228,,Better Flock,1,better-flock,,False,False,False,False,False,False,False,4,305,3,,,,,,,,,,,,,,
HVF,Index,Missing self-referencing canonical,https://www.chewy.com/f/bex-bar_f1v20438,True,Set the canonical to the normalized self URL for eligible pages.,,Bex Bar - Free shipping | Chewy,31,"Shop Chewy for low prices and the best products! We carry a large selection and the top brands like Frisco, Littlearth, and more. Find everything you need in one place. FREE shipping on orders $49+ and the BEST customer service!",228,,Bex Bar,1,bex-bar,,False,False,False,False,False,False,False,5,304,3,,,,,,,,,,,,,,
HVF,Index,Missing self-referencing canonical,https://www.chewy.com/f/bexacat_f1v144421,True,Set the canonical to the normalized self URL for eligible pages.,,Bexacat - Free shipping | Chewy,31,"Shop Chewy for low prices and the best products! We carry a large selection and the top brands like Frisco, Littlearth, and more. Find everything you need in one place. FREE shipping on orders $49+ and the BEST customer service!",228,,Bexacat,1,bexacat,,False,False,False,False,False,False,False,3,304,3,,,,,,,,,,,,,,
HVF,Index,Missing self-referencing canonical,https://www.chewy.com/f/beyond-memories_f1v29566,True,Set the canonical to the normalized self URL for eligible pages.,,Beyond Memories - Free shipping | Chewy,39,"Shop Chewy for low prices and the best products! We carry a large selection and the top brands like Frisco, Littlearth, and more. Find everything you need in one place. FREE shipping on orders $49+ and the BEST customer service!",228,,Beyond Memories,1,beyond-memories,,False,False,False,False,False,False,False,2,305,3,,,,,,,,,,,,,,
HVF,Index,Missing self-referencing canonical,https://www.chewy.com/f/bio-tracking_f1v30278,True,Set the canonical to the normalized self URL for eligible pages.,,Bio-Tracking - Free shipping | Chewy,36,"Shop Chewy for low prices and the best products! We carry a large selection and the top brands like Frisco, Littlearth, and more. Find everything you need in one place. FREE shipping on orders $49+ and the BEST customer service!",228,,Bio-Tracking,1,bio-tracking,,False,False,False,False,False,False,False,2,304,3,,,,,,,,,,,,,,
HVF,Index,Missing self-referencing canonical,https://www.chewy.com/f/bioez_f1v399342,True,Set the canonical to the normalized self URL for eligible pages.,,BioEZ - Free shipping | Chewy,29,"Shop Chewy for low prices and the best products! We carry a large selection and the top brands like Frisco, Littlearth, and more. Find everything you need in one place. FREE shipping on orders $49+ and the BEST customer service!",228,,BioEZ,1,bioez,,False,False,False,False,False,False,False,5,305,3,,,,,,,,,,,,,,
HVF,Index,Missing self-referencing canonical,https://www.chewy.com/f/biologic-vet_f1v291554,True,Set the canonical to the normalized self URL for eligible pages.,,Biologic Vet - Free shipping | Chewy,36,"Shop Chewy for low prices and the best products! We carry a large selection and the top brands like Frisco, Littlearth, and more. Find everything you need in one place. FREE shipping on orders $49+ and the BEST customer service!",228,,Biologic Vet,1,biologic-vet,,False,False,False,False,False,False,False,2,304,3,,,,,,,,,,,,,,
HVF,Index,Missing self-referencing canonical,https://www.chewy.com/f/biopower-pet_f1v30502,True,Set the canonical to the normalized self URL for eligible pages.,,BioPower Pet - Free shipping | Chewy,36,"Shop Chewy for low prices and the best products! We carry a large selection and the top brands like Frisco, Littlearth, and more. Find everything you need in one place. FREE shipping on orders $49+ and the BEST customer service!",228,,BioPower Pet,1,biopower-pet,,False,False,False,False,False,False,False,2,304,3,,,,,,,,,,,,,,
HVF,Index,Missing self-referencing canonical,https://www.chewy.com/f/biopup_f1v26142,True,Set the canonical to the normalized self URL for eligible pages.,,BioPup - Free shipping | Chewy,30,"Shop Chewy for low prices and the best products! We carry a large selection and the top brands like Frisco, Littlearth, and more. Find everything you need in one place. FREE shipping on orders $49+ and the BEST customer service!",228,,BioPup,1,biopup,,False,False,False,False,False,False,False,2,304,3,,,,,,,,,,,,,,
HVF,Index,Missing self-referencing canonical,https://www.chewy.com/f/bird-x_f1v255443,True,Set the canonical to the normalized self URL for eligible pages.,,Bird-X - Free shipping | Chewy,30,"Shop Chewy for low prices and the best products! We carry a large selection and the top brands like Frisco, Littlearth, and more. Find everything you need in one place. FREE shipping on orders $49+ and the BEST customer service!",228,,Bird-X,1,bird-x,,False,False,False,False,False,False,False,2,304,3,,,,,,,,,,,,,,
HVF,Index,Missing self-referencing canonical,https://www.chewy.com/f/blocker-horsemanship_f1v33158,True,Set the canonical to the normalized self URL for eligible pages.,,Blocker Horsemanship - Free shipping | Chewy,44,"Shop Chewy for low prices and the best products! We carry a large selection and the top brands like Frisco, Littlearth, and more. Find everything you need in one place. FREE shipping on orders $49+ and the BEST customer service!",228,,Blocker Horsemanship,1,blocker-horsemanship,,False,False,False,False,False,False,False,3,304,3,,,,,,,,,,,,,,
HVF,Index,Missing self-referencing canonical,https://www.chewy.com/f/bloom-groom_f1v33254,True,Set the canonical to the normalized self URL for eligible pages.,,Bloom Groom - Free shipping | Chewy,35,"Shop Chewy for low prices and the best products! We carry a large selection and the top brands like Frisco, Littlearth, and more. Find everything you need in one place. FREE shipping on orders $49+ and the BEST customer service!",228,,Bloom Groom,1,bloom-groom,,False,False,False,False,False,False,False,2,304,3,,,,,,,,,,,,,,
HVF,Index,Missing self-referencing canonical,https://www.chewy.com/f/blueacorn_f1v29206,True,Set the canonical to the normalized self URL for eligible pages.,,BlueAcorn - Free shipping | Chewy,33,"Shop Chewy for low prices and the best products! We carry a large selection and the top brands like Frisco, Littlearth, and more. Find everything you need in one place. FREE shipping on orders $49+ and the BEST customer service!",228,,BlueAcorn,1,blueacorn,,False,False,False,False,False,False,False,4,305,3,,,,,,,,,,,,,,
HVF,Index,Missing self-referencing canonical,https://www.chewy.com/f/bluebird-provisions_f1v32486,True,Set the canonical to the normalized self URL for eligible pages.,,Bluebird Provisions - Free shipping | Chewy,43,"Shop Chewy for low prices and the best products! We carry a large selection and the top brands like Frisco, Littlearth, and more. Find everything you need in one place. FREE shipping on orders $49+ and the BEST customer service!",228,,Bluebird Provisions,1,bluebird-provisions,,False,False,False,False,False,False,False,2,304,3,,,,,,,,,,,,,,
HVF,Index,Missing self-referencing canonical,https://www.chewy.com/f/bm-hay-company_f1v248593,True,Set the canonical to the normalized self URL for eligible pages.,,BM Hay Company - Free shipping | Chewy,38,"Shop Chewy for low prices and the best products! We carry a large selection and the top brands like Frisco, Littlearth, and more. Find everything you need in one place. FREE shipping on orders $49+ and the BEST customer service!",228,,BM Hay Company,1,bm-hay-company,,False,False,False,False,False,False,False,2,304,3,,,,,,,,,,,,,,
HVF,Index,Missing self-referencing canonical,https://www.chewy.com/f/bos_f1v20118,True,Set the canonical to the normalized self URL for eligible pages.,,BOS - Free shipping | Chewy,27,"Shop Chewy for low prices and the best products! We carry a large selection and the top brands like Frisco, Littlearth, and more. Find everything you need in one place. FREE shipping on orders $49+ and the BEST customer service!",228,,BOS,1,bos,,False,False,False,False,False,False,False,9,305,3,,,,,,,,,,,,,,
HVF,Index,Missing self-referencing canonical,https://www.chewy.com/f/botanical-bones_f1v29446,True,Set the canonical to the normalized self URL for eligible pages.,,Botanical Bones - Free shipping | Chewy,39,"Shop Chewy for low prices and the best products! We carry a large selection and the top brands like Frisco, Littlearth, and more. Find everything you need in one place. FREE shipping on orders $49+ and the BEST customer service!",228,,Botanical Bones,1,botanical-bones,,False,False,False,False,False,False,False,3,305,3,,,,,,,,,,,,,,
HVF,Index,Missing self-referencing canonical,https://www.chewy.com/f/botvax-b_f1v20894,True,Set the canonical to the normalized self URL for eligible pages.,,BotVax B - Free shipping | Chewy,32,"Shop Chewy for low prices and the best products! We carry a large selection and the top brands like Frisco, Littlearth, and more. Find everything you need in one place. FREE shipping on orders $49+ and the BEST customer service!",228,,BotVax B,1,botvax-b,,False,False,False,False,False,False,False,2,304,3,,,,,,,,,,,,,,
HVF,Index,Missing self-referencing canonical,https://www.chewy.com/f/braideez_f1v32806,True,Set the canonical to the normalized self URL for eligible pages.,,Braideez - Free shipping | Chewy,32,"Shop Chewy for low prices and the best products! We carry a large selection and the top brands like Frisco, Littlearth, and more. Find everything you need in one place. FREE shipping on orders $49+ and the BEST customer service!",228,,Braideez,1,braideez,,False,False,False,False,False,False,False,4,304,3,,,,,,,,,,,,,,
HVF,Index,Missing self-referencing canonical,https://www.chewy.com/f/brave-paws_f1v28486,True,Set the canonical to the normalized self URL for eligible pages.,,Brave Paws - Free shipping | Chewy,34,"Shop Chewy for low prices and the best products! We carry a large selection and the top brands like Frisco, Littlearth, and more. Find everything you need in one place. FREE shipping on orders $49+ and the BEST customer service!",228,,Brave Paws,1,brave-paws,,False,False,False,False,False,False,False,2,304,3,,,,,,,,,,,,,,
HVF,Index,Missing self-referencing canonical,https://www.chewy.com/f/bravo-paws_f1v224309,True,Set the canonical to the normalized self URL for eligible pages.,,Bravo Paws - Free shipping | Chewy,34,"Shop Chewy for low prices and the best products! We carry a large selection and the top brands like Frisco, Littlearth, and more. Find everything you need in one place. FREE shipping on orders $49+ and the BEST customer service!",228,,Bravo Paws,1,bravo-paws,,False,False,False,False,False,False,False,3,305,3,,,,,,,,,,,,,,
HVF,Index,Missing self-referencing canonical,https://www.chewy.com/f/bravowalk_f1v22014,True,Set the canonical to the normalized self URL for eligible pages.,,BravoWalk - Free shipping | Chewy,33,"Shop Chewy for low prices and the best products! We carry a large selection and the top brands like Frisco, Littlearth, and more. Find everything you need in one place. FREE shipping on orders $49+ and the BEST customer service!",228,,BravoWalk,1,bravowalk,,False,False,False,False,False,False,False,3,304,3,,,,,,,,,,,,,,
HVF,Index,Missing self-referencing canonical,https://www.chewy.com/f/breed-essentials_f1v498502,True,Set the canonical to the normalized self URL for eligible pages.,,Breed Essentials - Free shipping | Chewy,40,"Shop Chewy for low prices and the best products! We carry a large selection and the top brands like Frisco, Littlearth, and more. Find everything you need in one place. FREE shipping on orders $49+ and the BEST customer service!",228,,Breed Essentials,1,breed-essentials,,False,False,False,False,False,False,False,2,304,3,,,,,,,,,,,,,,
HVF,Index,Missing self-referencing canonical,https://www.chewy.com/f/breeder-celect_f1v148851,True,Set the canonical to the normalized self URL for eligible pages.,,Breeder Celect - Free shipping | Chewy,38,"Shop Chewy for low prices and the best products! We carry a large selection and the top brands like Frisco, Littlearth, and more. Find everything you need in one place. FREE shipping on orders $49+ and the BEST customer service!",228,,Breeder Celect,1,breeder-celect,,False,False,False,False,False,False,False,3,304,3,,,,,,,,,,,,,,
HVF,Index,Missing self-referencing canonical,https://www.chewy.com/f/breezy-tail_f1v179676,True,Set the canonical to the normalized self URL for eligible pages.,,Breezy Tail - Free shipping | Chewy,35,"Shop Chewy for low prices and the best products! We carry a large selection and the top brands like Frisco, Littlearth, and more. Find everything you need in one place. FREE shipping on orders $49+ and the BEST customer service!",228,,Breezy Tail,1,breezy-tail,,False,False,False,False,False,False,False,2,304,3,,,,,,,,,,,,,,
HVF,Index,Missing self-referencing canonical,https://www.chewy.com/f/breyer_f1v425586,True,Set the canonical to the normalized self URL for eligible pages.,,Breyer - Free shipping | Chewy,30,"Shop Chewy for low prices and the best products! We carry a large selection and the top brands like Frisco, Littlearth, and more. Find everything you need in one place. FREE shipping on orders $49+ and the BEST customer service!",228,,Breyer,1,breyer,,False,False,False,False,False,False,False,3,306,3,,,,,,,,,,,,,,
HVF,Index,Missing self-referencing canonical,https://www.chewy.com/f/bserene_f1v217916,True,Set the canonical to the normalized self URL for eligible pages.,,bSerene - Free shipping | Chewy,31,"Shop Chewy for low prices and the best products! We carry a large selection and the top brands like Frisco, Littlearth, and more. Find everything you need in one place. FREE shipping on orders $49+ and the BEST customer service!",228,,bSerene,1,bserene,,False,False,False,False,False,False,False,3,304,3,,,,,,,,,,,,,,
HVF,Index,Missing self-referencing canonical,https://www.chewy.com/f/bucatstate_f1v32870,True,Set the canonical to the normalized self URL for eligible pages.,,BUCATSTATE - Free shipping | Chewy,34,"Shop Chewy for low prices and the best products! We carry a large selection and the top brands like Frisco, Littlearth, and more. Find everything you need in one place. FREE shipping on orders $49+ and the BEST customer service!",228,,BUCATSTATE,1,bucatstate,,False,False,False,False,False,False,False,2,304,3,,,,,,,,,,,,,,
HVF,Index,Missing self-referencing canonical,https://www.chewy.com/f/bucket-pro_f1v33150,True,Set the canonical to the normalized self URL for eligible pages.,,Bucket Pro - Free shipping | Chewy,34,"Shop Chewy for low prices and the best products! We carry a large selection and the top brands like Frisco, Littlearth, and more. Find everything you need in one place. FREE shipping on orders $49+ and the BEST customer service!",228,,Bucket Pro,1,bucket-pro,,False,False,False,False,False,False,False,2,304,3,,,,,,,,,,,,,,
HVF,Index,Missing self-referencing canonical,https://www.chewy.com/f/buddie-therapy_f1v33102,True,Set the canonical to the normalized self URL for eligible pages.,,Buddie Therapy - Free shipping | Chewy,38,"Shop Chewy for low prices and the best products! We carry a large selection and the top brands like Frisco, Littlearth, and more. Find everything you need in one place. FREE shipping on orders $49+ and the BEST customer service!",228,,Buddie Therapy,1,buddie-therapy,,False,False,False,False,False,False,False,2,304,3,,,,,,,,,,,,,,
HVF,Index,Missing self-referencing canonical,https://www.chewy.com/f/buddy-jacks_f1v358821,True,Set the canonical to the normalized self URL for eligible pages.,,Buddy Jack's - Free shipping | Chewy,36,"Shop Chewy for low prices and the best products! We carry a large selection and the top brands like Frisco, Littlearth, and more. Find everything you need in one place. FREE shipping on orders $49+ and the BEST customer service!",228,,Buddy Jack's,1,buddy-jacks,,False,False,False,False,False,False,False,2,304,3,,,,,,,,,,,,,,
HVF,Index,Missing self-referencing canonical,https://www.chewy.com/f/budesonide_f1v110434,True,Set the canonical to the normalized self URL for eligible pages.,,Budesonide - Free shipping | Chewy,34,"Shop Chewy for low prices and the best products! We carry a large selection and the top brands like Frisco, Littlearth, and more. Find everything you need in one place. FREE shipping on orders $49+ and the BEST customer service!",228,,Budesonide,1,budesonide,,False,False,False,False,False,False,False,6,304,3,,,,,,,,,,,,,,
HVF,Index,Missing self-referencing canonical,https://www.chewy.com/f/bullyyaker_f1v291756,True,Set the canonical to the normalized self URL for eligible pages.,,BullyYaker - Free shipping | Chewy,34,"Shop Chewy for low prices and the best products! We carry a large selection and the top brands like Frisco, Littlearth, and more. Find everything you need in one place. FREE shipping on orders $49+ and the BEST customer service!",228,,BullyYaker,1,bullyyaker,,False,False,False,False,False,False,False,2,304,3,,,,,,,,,,,,,,
HVF,Index,Missing self-referencing canonical,https://www.chewy.com/f/bundle-bliss_f1v152839,True,Set the canonical to the normalized self URL for eligible pages.,,Bundle & Bliss - Free shipping | Chewy,38,"Shop Chewy for low prices and the best products! We carry a large selection and the top brands like Frisco, Littlearth, and more. Find everything you need in one place. FREE shipping on orders $49+ and the BEST customer service!",228,,Bundle & Bliss,1,bundle-bliss,,False,False,False,False,False,False,False,2,304,3,,,,,,,,,,,,,,
HVF,Index,Missing self-referencing canonical,https://www.chewy.com/f/bunny-bliss_f1v110129,True,Set the canonical to the normalized self URL for eligible pages.,,Bunny Bliss - Free shipping | Chewy,35,"Shop Chewy for low prices and the best products! We carry a large selection and the top brands like Frisco, Littlearth, and more. Find everything you need in one place. FREE shipping on orders $49+ and the BEST customer service!",228,,Bunny Bliss,1,bunny-bliss,,False,False,False,False,False,False,False,3,305,3,,,,,,,,,,,,,,
HVF,Index,Missing self-referencing canonical,https://www.chewy.com/f/burning-midnight-oil-publishing_f1v25726,True,Set the canonical to the normalized self URL for eligible pages.,,Burning the Midnight Oil Publishing Company - Free shipping | Chewy,67,"Shop Chewy for low prices and the best products! We carry a large selection and the top brands like Frisco, Littlearth, and more. Find everything you need in one place. FREE shipping on orders $49+ and the BEST customer service!",228,,Burning the Midnight Oil Publishing Company,1,burning-midnight-oil-publishing,,False,False,False,False,False,False,False,1,305,3,,,,,,,,,,,,,,
HVF,Index,Missing self-referencing canonical,https://www.chewy.com/f/buspirone_f1v248568,True,Set the canonical to the normalized self URL for eligible pages.,,Buspirone - Free shipping | Chewy,33,"Shop Chewy for low prices and the best products! We carry a large selection and the top brands like Frisco, Littlearth, and more. Find everything you need in one place. FREE shipping on orders $49+ and the BEST customer service!",228,,Buspirone,1,buspirone,,False,False,False,False,False,False,False,16,304,3,,,,,,,,,,,,,,
HVF,Index,Missing self-referencing canonical,https://www.chewy.com/f/buspirone-hcl-compounded_f1v505129,True,Set the canonical to the normalized self URL for eligible pages.,,Buspirone HCl Compounded - Free shipping | Chewy,48,"Shop Chewy for low prices and the best products! We carry a large selection and the top brands like Frisco, Littlearth, and more. Find everything you need in one place. FREE shipping on orders $49+ and the BEST customer service!",228,,Buspirone HCl Compounded,1,buspirone-hcl-compounded,,False,False,False,False,False,False,False,37,305,3,,,,,,,,,,,,,,
HVF,Index,Missing self-referencing canonical,https://www.chewy.com/f/buttons-bows_f1v27990,True,Set the canonical to the normalized self URL for eligible pages.,,Buttons & Bows - Free shipping | Chewy,38,"Shop Chewy for low prices and the best products! We carry a large selection and the top brands like Frisco, Littlearth, and more. Find everything you need in one place. FREE shipping on orders $49+ and the BEST customer service!",228,,Buttons & Bows,1,buttons-bows,,False,False,False,False,False,False,False,4,305,3,,,,,,,,,,,,,,
HVF,Index,Missing self-referencing canonical,https://www.chewy.com/f/buy-crave_f1v31526,True,Set the canonical to the normalized self URL for eligible pages.,,Buy The Crave - Free shipping | Chewy,37,"Shop Chewy for low prices and the best products! We carry a large selection and the top brands like Frisco, Littlearth, and more. Find everything you need in one place. FREE shipping on orders $49+ and the BEST customer service!",228,,Buy The Crave,1,buy-crave,,False,False,False,False,False,False,False,2,304,3,,,,,,,,,,,,,,
HVF,Index,Missing self-referencing canonical,https://www.chewy.com/f/bye-bye-insects_f1v505093,True,Set the canonical to the normalized self URL for eligible pages.,,Bye Bye Insects - Free shipping | Chewy,39,"Shop Chewy for low prices and the best products! We carry a large selection and the top brands like Frisco, Littlearth, and more. Find everything you need in one place. FREE shipping on orders $49+ and the BEST customer service!",228,,Bye Bye Insects,1,bye-bye-insects,,False,False,False,False,False,False,False,3,304,3,,,,,,,,,,,,,,
HVF,Index,Missing self-referencing canonical,https://www.chewy.com/f/calcitriol-compounded_f1v354161,True,Set the canonical to the normalized self URL for eligible pages.,,Calcitriol Compounded - Free shipping | Chewy,45,"Shop Chewy for low prices and the best products! We carry a large selection and the top brands like Frisco, Littlearth, and more. Find everything you need in one place. FREE shipping on orders $49+ and the BEST customer service!",228,,Calcitriol Compounded,1,calcitriol-compounded,,False,False,False,False,False,False,False,3,304,3,,,,,,,,,,,,,,
HVF,Index,Missing self-referencing canonical,https://www.chewy.com/f/california-tea-house_f1v269088,True,Set the canonical to the normalized self URL for eligible pages.,,California Tea House - Free shipping | Chewy,44,"Shop Chewy for low prices and the best products! We carry a large selection and the top brands like Frisco, Littlearth, and more. Find everything you need in one place. FREE shipping on orders $49+ and the BEST customer service!",228,,California Tea House,1,california-tea-house,,False,False,False,False,False,False,False,3,304,3,,,,,,,,,,,,,,
HVF,Index,Missing self-referencing canonical,https://www.chewy.com/f/calm-cozy-cat-wrap_f1v21726,True,Set the canonical to the normalized self URL for eligible pages.,,Calm & Cozy Cat Wrap - Free shipping | Chewy,44,"Shop Chewy for low prices and the best products! We carry a large selection and the top brands like Frisco, Littlearth, and more. Find everything you need in one place. FREE shipping on orders $49+ and the BEST customer service!",228,,Calm & Cozy Cat Wrap,1,calm-cozy-cat-wrap,,False,False,False,False,False,False,False,7,304,3,,,,,,,,,,,,,,
HVF,Index,Missing self-referencing canonical,https://www.chewy.com/f/canalevia-ca1_f1v282996,True,Set the canonical to the normalized self URL for eligible pages.,,Canalevia-CA1 - Free shipping | Chewy,37,"Shop Chewy for low prices and the best products! We carry a large selection and the top brands like Frisco, Littlearth, and more. Find everything you need in one place. FREE shipping on orders $49+ and the BEST customer service!",228,,Canalevia-CA1,1,canalevia-ca1,,False,False,False,False,False,False,False,3,304,3,,,,,,,,,,,,,,
HVF,Index,Missing self-referencing canonical,https://www.chewy.com/f/canineactiv_f1v501727,True,Set the canonical to the normalized self URL for eligible pages.,,CanineActiv - Free shipping | Chewy,35,"Shop Chewy for low prices and the best products! We carry a large selection and the top brands like Frisco, Littlearth, and more. Find everything you need in one place. FREE shipping on orders $49+ and the BEST customer service!",228,,CanineActiv,1,canineactiv,,False,False,False,False,False,False,False,3,305,3,,,,,,,,,,,,,,
HVF,Index,Missing self-referencing canonical,https://www.chewy.com/f/canophera_f1v29750,True,Set the canonical to the normalized self URL for eligible pages.,,Canophera - Free shipping | Chewy,33,"Shop Chewy for low prices and the best products! We carry a large selection and the top brands like Frisco, Littlearth, and more. Find everything you need in one place. FREE shipping on orders $49+ and the BEST customer service!",228,,Canophera,1,canophera,,False,False,False,False,False,False,False,11,305,3,,,,,,,,,,,,,,
HVF,Index,Missing self-referencing canonical,https://www.chewy.com/f/canpressco_f1v27854,True,Set the canonical to the normalized self URL for eligible pages.,,Canpressco - Free shipping | Chewy,34,"Shop Chewy for low prices and the best products! We carry a large selection and the top brands like Frisco, Littlearth, and more. Find everything you need in one place. FREE shipping on orders $49+ and the BEST customer service!",228,,Canpressco,1,canpressco,,False,False,False,False,False,False,False,3,304,3,,,,,,,,,,,,,,
HVF,Index,Missing self-referencing canonical,https://www.chewy.com/f/carbona_f1v398016,True,Set the canonical to the normalized self URL for eligible pages.,,Carbona - Free shipping | Chewy,31,"Shop Chewy for low prices and the best products! We carry a large selection and the top brands like Frisco, Littlearth, and more. Find everything you need in one place. FREE shipping on orders $49+ and the BEST customer service!",228,,Carbona,1,carbona,,False,False,False,False,False,False,False,3,306,3,,,,,,,,,,,,,,
HVF,Index,Missing self-referencing canonical,https://www.chewy.com/f/cardalis_f1v21526,True,Set the canonical to the normalized self URL for eligible pages.,,Cardalis - Free shipping | Chewy,32,"Shop Chewy for low prices and the best products! We carry a large selection and the top brands like Frisco, Littlearth, and more. Find everything you need in one place. FREE shipping on orders $49+ and the BEST customer service!",228,,Cardalis,1,cardalis,,False,False,False,False,False,False,False,13,304,3,,,,,,,,,,,,,,
HVF,Index,Missing self-referencing canonical,https://www.chewy.com/f/cardiomax_f1v293823,True,Set the canonical to the normalized self URL for eligible pages.,,CardioMAX - Free shipping | Chewy,33,"Shop Chewy for low prices and the best products! We carry a large selection and the top brands like Frisco, Littlearth, and more. Find everything you need in one place. FREE shipping on orders $49+ and the BEST customer service!",228,,CardioMAX,1,cardiomax,,False,False,False,False,False,False,False,3,305,3,,,,,,,,,,,,,,
HVF,Index,Missing self-referencing canonical,https://www.chewy.com/f/carmelie_f1v28830,True,Set the canonical to the normalized self URL for eligible pages.,,Carmelie - Free shipping | Chewy,32,"Shop Chewy for low prices and the best products! We carry a large selection and the top brands like Frisco, Littlearth, and more. Find everything you need in one place. FREE shipping on orders $49+ and the BEST customer service!",228,,Carmelie,1,carmelie,,False,False,False,False,False,False,False,3,305,3,,,,,,,,,,,,,,
HVF,Index,Missing self-referencing canonical,https://www.chewy.com/f/carprieve_f1v230667,True,Set the canonical to the normalized self URL for eligible pages.,,Carprieve - Free shipping | Chewy,33,"Shop Chewy for low prices and the best products! We carry a large selection and the top brands like Frisco, Littlearth, and more. Find everything you need in one place. FREE shipping on orders $49+ and the BEST customer service!",228,,Carprieve,1,carprieve,,False,False,False,False,False,False,False,28,305,3,,,,,,,,,,,,,,
HVF,Index,Missing self-referencing canonical,https://www.chewy.com/f/carprofen-compounded_f1v256602,True,Set the canonical to the normalized self URL for eligible pages.,,Carprofen Compounded - Free shipping | Chewy,44,"Shop Chewy for low prices and the best products! We carry a large selection and the top brands like Frisco, Littlearth, and more. Find everything you need in one place. FREE shipping on orders $49+ and the BEST customer service!",228,,Carprofen Compounded,1,carprofen-compounded,,False,False,False,False,False,False,False,52,305,3,,,,,,,,,,,,,,
HVF,Index,Missing self-referencing canonical,https://www.chewy.com/f/carsafe_f1v422741,True,Set the canonical to the normalized self URL for eligible pages.,,CarSafe - Free shipping | Chewy,31,"Shop Chewy for low prices and the best products! We carry a large selection and the top brands like Frisco, Littlearth, and more. Find everything you need in one place. FREE shipping on orders $49+ and the BEST customer service!",228,,CarSafe,1,carsafe,,False,False,False,False,False,False,False,9,305,3,,,,,,,,,,,,,,
HVF,Index,Missing self-referencing canonical,https://www.chewy.com/f/casabella_f1v28846,True,Set the canonical to the normalized self URL for eligible pages.,,Casabella - Free shipping | Chewy,33,"Shop Chewy for low prices and the best products! We carry a large selection and the top brands like Frisco, Littlearth, and more. Find everything you need in one place. FREE shipping on orders $49+ and the BEST customer service!",228,,Casabella,1,casabella,,False,False,False,False,False,False,False,3,306,3,,,,,,,,,,,,,,
HVF,Index,Missing self-referencing canonical,https://www.chewy.com/f/cascade_f1v850772,True,Set the canonical to the normalized self URL for eligible pages.,,Cascade - Free shipping | Chewy,31,"Shop Chewy for low prices and the best products! We carry a large selection and the top brands like Frisco, Littlearth, and more. Find everything you need in one place. FREE shipping on orders $49+ and the BEST customer service!",228,,Cascade,1,cascade,,False,False,False,False,False,False,False,4,305,3,,,,,,,,,,,,,,
HVF,Index,Missing self-referencing canonical,https://www.chewy.com/f/casozen_f1v29390,True,Set the canonical to the normalized self URL for eligible pages.,,Casozen - Free shipping | Chewy,31,"Shop Chewy for low prices and the best products! We carry a large selection and the top brands like Frisco, Littlearth, and more. Find everything you need in one place. FREE shipping on orders $49+ and the BEST customer service!",228,,Casozen,1,casozen,,False,False,False,False,False,False,False,3,305,3,,,,,,,,,,,,,,
HVF,Index,Missing self-referencing canonical,https://www.chewy.com/f/cat-is-good_f1v812085,True,Set the canonical to the normalized self URL for eligible pages.,,Cat is Good - Free shipping | Chewy,35,"Shop Chewy for low prices and the best products! We carry a large selection and the top brands like Frisco, Littlearth, and more. Find everything you need in one place. FREE shipping on orders $49+ and the BEST customer service!",228,,Cat is Good,1,cat-is-good,,False,False,False,False,False,False,False,3,305,3,,,,,,,,,,,,,,
HVF,Index,Missing self-referencing canonical,https://www.chewy.com/f/cathole_f1v540205,True,Set the canonical to the normalized self URL for eligible pages.,,Cathole - Free shipping | Chewy,31,"Shop Chewy for low prices and the best products! We carry a large selection and the top brands like Frisco, Littlearth, and more. Find everything you need in one place. FREE shipping on orders $49+ and the BEST customer service!",228,,Cathole,1,cathole,,False,False,False,False,False,False,False,3,305,3,,,,,,,,,,,,,,
HVF,Index,Missing self-referencing canonical,https://www.chewy.com/f/catigy_f1v32542,True,Set the canonical to the normalized self URL for eligible pages.,,Catigy - Free shipping | Chewy,30,"Shop Chewy for low prices and the best products! We carry a large selection and the top brands like Frisco, Littlearth, and more. Find everything you need in one place. FREE shipping on orders $49+ and the BEST customer service!",228,,Catigy,1,catigy,,False,False,False,False,False,False,False,5,304,3,,,,,,,,,,,,,,
HVF,Index,Missing self-referencing canonical,https://www.chewy.com/f/catney-one_f1v26886,True,Set the canonical to the normalized self URL for eligible pages.,,Catney One - Free shipping | Chewy,34,"Shop Chewy for low prices and the best products! We carry a large selection and the top brands like Frisco, Littlearth, and more. Find everything you need in one place. FREE shipping on orders $49+ and the BEST customer service!",228,,Catney One,1,catney-one,,False,False,False,False,False,False,False,2,304,3,,,,,,,,,,,,,,
HVF,Index,Missing self-referencing canonical,https://www.chewy.com/f/catsumo_f1v33518,True,Set the canonical to the normalized self URL for eligible pages.,,CATSUMO - Free shipping | Chewy,31,"Shop Chewy for low prices and the best products! We carry a large selection and the top brands like Frisco, Littlearth, and more. Find everything you need in one place. FREE shipping on orders $49+ and the BEST customer service!",228,,CATSUMO,1,catsumo,,False,False,False,False,False,False,False,2,304,3,,,,,,,,,,,,,,
HVF,Index,Missing self-referencing canonical,https://www.chewy.com/f/cattwig_f1v351917,True,Set the canonical to the normalized self URL for eligible pages.,,CatTwig - Free shipping | Chewy,31,"Shop Chewy for low prices and the best products! We carry a large selection and the top brands like Frisco, Littlearth, and more. Find everything you need in one place. FREE shipping on orders $49+ and the BEST customer service!",228,,CatTwig,1,cattwig,,False,False,False,False,False,False,False,2,304,3,,,,,,,,,,,,,,
HVF,Index,Missing self-referencing canonical,https://www.chewy.com/f/cefpoderm_f1v213420,True,Set the canonical to the normalized self URL for eligible pages.,,Cefpoderm - Free shipping | Chewy,33,"Shop Chewy for low prices and the best products! We carry a large selection and the top brands like Frisco, Littlearth, and more. Find everything you need in one place. FREE shipping on orders $49+ and the BEST customer service!",228,,Cefpoderm,1,cefpoderm,,False,False,False,False,False,False,False,7,304,3,,,,,,,,,,,,,,
HVF,Index,Missing self-referencing canonical,https://www.chewy.com/f/cefpodoxime_f1v437749,True,Set the canonical to the normalized self URL for eligible pages.,,Cefpodoxime - Free shipping | Chewy,35,"Shop Chewy for low prices and the best products! We carry a large selection and the top brands like Frisco, Littlearth, and more. Find everything you need in one place. FREE shipping on orders $49+ and the BEST customer service!",228,,Cefpodoxime,1,cefpodoxime,,False,False,False,False,False,False,False,11,304,3,,,,,,,,,,,,,,
HVF,Index,Missing self-referencing canonical,https://www.chewy.com/f/celecoxib-compounded_f1v541373,True,Set the canonical to the normalized self URL for eligible pages.,,Celecoxib Compounded - Free shipping | Chewy,44,"Shop Chewy for low prices and the best products! We carry a large selection and the top brands like Frisco, Littlearth, and more. Find everything you need in one place. FREE shipping on orders $49+ and the BEST customer service!",228,,Celecoxib Compounded,1,celecoxib-compounded,,False,False,False,False,False,False,False,10,305,3,,,,,,,,,,,,,,
HVF,Index,Missing self-referencing canonical,https://www.chewy.com/f/cellbio_f1v822403,True,Set the canonical to the normalized self URL for eligible pages.,,CellBIO - Free shipping | Chewy,31,"Shop Chewy for low prices and the best products! We carry a large selection and the top brands like Frisco, Littlearth, and more. Find everything you need in one place. FREE shipping on orders $49+ and the BEST customer service!",228,,CellBIO,1,cellbio,,False,False,False,False,False,False,False,2,304,3,,,,,,,,,,,,,,
HVF,Index,Missing self-referencing canonical,https://www.chewy.com/f/champion-animal-health_f1v17990,True,Set the canonical to the normalized self URL for eligible pages.,,Champion Animal Health - Free shipping | Chewy,46,"Shop Chewy for low prices and the best products! We carry a large selection and the top brands like Frisco, Littlearth, and more. Find everything you need in one place. FREE shipping on orders $49+ and the BEST customer service!",228,,Champion Animal Health,1,champion-animal-health,,False,False,False,False,False,False,False,3,305,3,,,,,,,,,,,,,,
HVF,Index,Missing self-referencing canonical,https://www.chewy.com/f/chew-etasty_f1v33422,True,Set the canonical to the normalized self URL for eligible pages.,,chew-e&tasty - Free shipping | Chewy,36,"Shop Chewy for low prices and the best products! We carry a large selection and the top brands like Frisco, Littlearth, and more. Find everything you need in one place. FREE shipping on orders $49+ and the BEST customer service!",228,,chew-e&tasty,1,chew-etasty,,False,False,False,False,False,False,False,3,305,3,,,,,,,,,,,,,,
HVF,Index,Missing self-referencing canonical,https://www.chewy.com/f/chewems_f1v24510,True,Set the canonical to the normalized self URL for eligible pages.,,Chew'ems - Free shipping | Chewy,32,"Shop Chewy for low prices and the best products! We carry a large selection and the top brands like Frisco, Littlearth, and more. Find everything you need in one place. FREE shipping on orders $49+ and the BEST customer service!",228,,Chew'ems,1,chewems,,False,False,False,False,False,False,False,9,304,3,,,,,,,,,,,,,,
HVF,Index,Missing self-referencing canonical,https://www.chewy.com/f/chewers-joy_f1v30670,True,Set the canonical to the normalized self URL for eligible pages.,,Chewer's Joy - Free shipping | Chewy,36,"Shop Chewy for low prices and the best products! We carry a large selection and the top brands like Frisco, Littlearth, and more. Find everything you need in one place. FREE shipping on orders $49+ and the BEST customer service!",228,,Chewer's Joy,1,chewers-joy,,False,False,False,False,False,False,False,7,305,3,,,,,,,,,,,,,,
HVF,Index,Missing self-referencing canonical,https://www.chewy.com/f/chewmasters_f1v439220,True,Set the canonical to the normalized self URL for eligible pages.,,Chewmasters - Free shipping | Chewy,35,"Shop Chewy for low prices and the best products! We carry a large selection and the top brands like Frisco, Littlearth, and more. Find everything you need in one place. FREE shipping on orders $49+ and the BEST customer service!",228,,Chewmasters,1,chewmasters,,False,False,False,False,False,False,False,2,304,3,,,,,,,,,,,,,,
HVF,Index,Missing self-referencing canonical,https://www.chewy.com/f/chewmate_f1v23510,True,Set the canonical to the normalized self URL for eligible pages.,,Chewmate - Free shipping | Chewy,32,"Shop Chewy for low prices and the best products! We carry a large selection and the top brands like Frisco, Littlearth, and more. Find everything you need in one place. FREE shipping on orders $49+ and the BEST customer service!",228,,Chewmate,1,chewmate,,False,False,False,False,False,False,False,6,305,3,,,,,,,,,,,,,,
HVF,Index,Missing self-referencing canonical,https://www.chewy.com/f/chewy-gift-cards_f1v26870,True,Set the canonical to the normalized self URL for eligible pages.,,Chewy Gift Cards - Free shipping | Chewy,40,"Shop Chewy for low prices and the best products! We carry a large selection and the top brands like Frisco, Littlearth, and more. Find everything you need in one place. FREE shipping on orders $49+ and the BEST customer service!",228,,Chewy Gift Cards,1,chewy-gift-cards,,False,False,False,False,False,False,False,1,305,3,,,,,,,,,,,,,,
HVF,Index,Missing self-referencing canonical,https://www.chewy.com/f/chickn-aid_f1v108180,True,Set the canonical to the normalized self URL for eligible pages.,,Chick'N Aid - Free shipping | Chewy,35,"Shop Chewy for low prices and the best products! We carry a large selection and the top brands like Frisco, Littlearth, and more. Find everything you need in one place. FREE shipping on orders $49+ and the BEST customer service!",228,,Chick'N Aid,1,chickn-aid,,False,False,False,False,False,False,False,2,304,3,,,,,,,,,,,,,,
HVF,Index,Missing self-referencing canonical,https://www.chewy.com/f/chicks-dig-it_f1v27494,True,Set the canonical to the normalized self URL for eligible pages.,,Chicks Dig It! - Free shipping | Chewy,38,"Shop Chewy for low prices and the best products! We carry a large selection and the top brands like Frisco, Littlearth, and more. Find everything you need in one place. FREE shipping on orders $49+ and the BEST customer service!",228,,Chicks Dig It!,1,chicks-dig-it,,False,False,False,False,False,False,False,2,304,3,,,,,,,,,,,,,,
HVF,Index,Missing self-referencing canonical,https://www.chewy.com/f/chipolo_f1v390411,True,Set the canonical to the normalized self URL for eligible pages.,,Chipolo - Free shipping | Chewy,31,"Shop Chewy for low prices and the best products! We carry a large selection and the top brands like Frisco, Littlearth, and more. Find everything you need in one place. FREE shipping on orders $49+ and the BEST customer service!",228,,Chipolo,1,chipolo,,False,False,False,False,False,False,False,6,305,3,,,,,,,,,,,,,,
HVF,Index,Missing self-referencing canonical,https://www.chewy.com/f/chlorambucil-compounded_f1v249592,True,Set the canonical to the normalized self URL for eligible pages.,,Chlorambucil Compounded - Free shipping | Chewy,47,"Shop Chewy for low prices and the best products! We carry a large selection and the top brands like Frisco, Littlearth, and more. Find everything you need in one place. FREE shipping on orders $49+ and the BEST customer service!",228,,Chlorambucil Compounded,1,chlorambucil-compounded,,False,False,False,False,False,False,False,40,305,3,,,,,,,,,,,,,,
HVF,Index,Missing self-referencing canonical,https://www.chewy.com/f/chloramphenicol_f1v505059,True,Set the canonical to the normalized self URL for eligible pages.,,Chloramphenicol - Free shipping | Chewy,39,"Shop Chewy for low prices and the best products! We carry a large selection and the top brands like Frisco, Littlearth, and more. Find everything you need in one place. FREE shipping on orders $49+ and the BEST customer service!",228,,Chloramphenicol,1,chloramphenicol,,False,False,False,False,False,False,False,16,304,3,,,,,,,,,,,,,,
HVF,Index,Missing self-referencing canonical,https://www.chewy.com/f/chloramphenicol-compounded_f1v255170,True,Set the canonical to the normalized self URL for eligible pages.,,Chloramphenicol Compounded - Free shipping | Chewy,50,"Shop Chewy for low prices and the best products! We carry a large selection and the top brands like Frisco, Littlearth, and more. Find everything you need in one place. FREE shipping on orders $49+ and the BEST customer service!",228,,Chloramphenicol Compounded,1,chloramphenicol-compounded,,False,False,False,False,False,False,False,55,305,3,,,,,,,,,,,,,,
HVF,Index,Missing self-referencing canonical,https://www.chewy.com/f/chlorpheniramine_f1v137217,True,Set the canonical to the normalized self URL for eligible pages.,,Chlorpheniramine - Free shipping | Chewy,40,"Shop Chewy for low prices and the best products! We carry a large selection and the top brands like Frisco, Littlearth, and more. Find everything you need in one place. FREE shipping on orders $49+ and the BEST customer service!",228,,Chlorpheniramine,1,chlorpheniramine,,False,False,False,False,False,False,False,6,304,3,,,,,,,,,,,,,,
HVF,Index,Missing self-referencing canonical,https://www.chewy.com/f/chocolate-detox-dogs_f1v30494,True,Set the canonical to the normalized self URL for eligible pages.,,Chocolate Detox for Dogs - Free shipping | Chewy,48,"Shop Chewy for low prices and the best products! We carry a large selection and the top brands like Frisco, Littlearth, and more. Find everything you need in one place. FREE shipping on orders $49+ and the BEST customer service!",228,,Chocolate Detox for Dogs,1,chocolate-detox-dogs,,False,False,False,False,False,False,False,2,304,3,,,,,,,,,,,,,,
HVF,Index,Missing self-referencing canonical,https://www.chewy.com/f/chronicle-books_f1v360003,True,Set the canonical to the normalized self URL for eligible pages.,,Chronicle Books - Free shipping | Chewy,39,"Shop Chewy for low prices and the best products! We carry a large selection and the top brands like Frisco, Littlearth, and more. Find everything you need in one place. FREE shipping on orders $49+ and the BEST customer service!",228,,Chronicle Books,1,chronicle-books,,False,False,False,False,False,False,False,3,306,3,,,,,,,,,,,,,,
HVF,Index,Missing self-referencing canonical,https://www.chewy.com/f/chubby-mealworms_f1v465335,True,Set the canonical to the normalized self URL for eligible pages.,,Chubby Mealworms - Free shipping | Chewy,40,"Shop Chewy for low prices and the best products! We carry a large selection and the top brands like Frisco, Littlearth, and more. Find everything you need in one place. FREE shipping on orders $49+ and the BEST customer service!",228,,Chubby Mealworms,1,chubby-mealworms,,False,False,False,False,False,False,False,5,305,3,,,,,,,,,,,,,,
HVF,Index,Missing self-referencing canonical,https://www.chewy.com/f/chumajor_f1v25126,True,Set the canonical to the normalized self URL for eligible pages.,,Chumajor - Free shipping | Chewy,32,"Shop Chewy for low prices and the best products! We carry a large selection and the top brands like Frisco, Littlearth, and more. Find everything you need in one place. FREE shipping on orders $49+ and the BEST customer service!",228,,Chumajor,1,chumajor,,False,False,False,False,False,False,False,3,305,3,,,,,,,,,,,,,,
HVF,Index,Missing self-referencing canonical,https://www.chewy.com/f/cidofovir-compounded_f1v357341,True,Set the canonical to the normalized self URL for eligible pages.,,Cidofovir Compounded - Free shipping | Chewy,44,"Shop Chewy for low prices and the best products! We carry a large selection and the top brands like Frisco, Littlearth, and more. Find everything you need in one place. FREE shipping on orders $49+ and the BEST customer service!",228,,Cidofovir Compounded,1,cidofovir-compounded,,False,False,False,False,False,False,False,2,304,3,,,,,,,,,,,,,,
HVF,Index,Missing self-referencing canonical,https://www.chewy.com/f/cimetidine_f1v433316,True,Set the canonical to the normalized self URL for eligible pages.,,Cimetidine - Free shipping | Chewy,34,"Shop Chewy for low prices and the best products! We carry a large selection and the top brands like Frisco, Littlearth, and more. Find everything you need in one place. FREE shipping on orders $49+ and the BEST customer service!",228,,Cimetidine,1,cimetidine,,False,False,False,False,False,False,False,11,304,3,,,,,,,,,,,,,,
HVF,Index,Missing self-referencing canonical,https://www.chewy.com/f/cimetidine-compounded_f1v390617,True,Set the canonical to the normalized self URL for eligible pages.,,Cimetidine Compounded - Free shipping | Chewy,45,"Shop Chewy for low prices and the best products! We carry a large selection and the top brands like Frisco, Littlearth, and more. Find everything you need in one place. FREE shipping on orders $49+ and the BEST customer service!",228,,Cimetidine Compounded,1,cimetidine-compounded,,False,False,False,False,False,False,False,19,304,3,,,,,,,,,,,,,,
HVF,Index,Missing self-referencing canonical,https://www.chewy.com/f/cinnapaws_f1v31478,True,Set the canonical to the normalized self URL for eligible pages.,,Cinnapaws - Free shipping | Chewy,33,"Shop Chewy for low prices and the best products! We carry a large selection and the top brands like Frisco, Littlearth, and more. Find everything you need in one place. FREE shipping on orders $49+ and the BEST customer service!",228,,Cinnapaws,1,cinnapaws,,False,False,False,False,False,False,False,4,304,3,,,,,,,,,,,,,,
HVF,Index,Missing self-referencing canonical,https://www.chewy.com/f/ciprofloxacin_f1v322171,True,Set the canonical to the normalized self URL for eligible pages.,,Ciprofloxacin - Free shipping | Chewy,37,"Shop Chewy for low prices and the best products! We carry a large selection and the top brands like Frisco, Littlearth, and more. Find everything you need in one place. FREE shipping on orders $49+ and the BEST customer service!",228,,Ciprofloxacin,1,ciprofloxacin,,False,False,False,False,False,False,False,17,305,3,,,,,,,,,,,,,,
HVF,Index,Missing self-referencing canonical,https://www.chewy.com/f/ciprofloxacin-compounded_f1v34510,True,Set the canonical to the normalized self URL for eligible pages.,,Ciprofloxacin Compounded - Free shipping | Chewy,48,"Shop Chewy for low prices and the best products! We carry a large selection and the top brands like Frisco, Littlearth, and more. Find everything you need in one place. FREE shipping on orders $49+ and the BEST customer service!",228,,Ciprofloxacin Compounded,1,ciprofloxacin-compounded,,False,False,False,False,False,False,False,6,304,3,,,,,,,,,,,,,,
HVF,Index,Missing self-referencing canonical,https://www.chewy.com/f/citizens-crochet_f1v32566,True,Set the canonical to the normalized self URL for eligible pages.,,Citizens Crochet - Free shipping | Chewy,40,"Shop Chewy for low prices and the best products! We carry a large selection and the top brands like Frisco, Littlearth, and more. Find everything you need in one place. FREE shipping on orders $49+ and the BEST customer service!",228,,Citizens Crochet,1,citizens-crochet,,False,False,False,False,False,False,False,2,304,3,,,,,,,,,,,,,,
HVF,Index,Missing self-referencing canonical,https://www.chewy.com/f/citra-solv_f1v361052,True,Set the canonical to the normalized self URL for eligible pages.,,Citra Solv - Free shipping | Chewy,34,"Shop Chewy for low prices and the best products! We carry a large selection and the top brands like Frisco, Littlearth, and more. Find everything you need in one place. FREE shipping on orders $49+ and the BEST customer service!",228,,Citra Solv,1,citra-solv,,False,False,False,False,False,False,False,4,305,3,,,,,,,,,,,,,,
HVF,Index,Missing self-referencing canonical,https://www.chewy.com/f/clarithromycin-compounded_f1v17534,True,Set the canonical to the normalized self URL for eligible pages.,,Clarithromycin Compounded - Free shipping | Chewy,49,"Shop Chewy for low prices and the best products! We carry a large selection and the top brands like Frisco, Littlearth, and more. Find everything you need in one place. FREE shipping on orders $49+ and the BEST customer service!",228,,Clarithromycin Compounded,1,clarithromycin-compounded,,False,False,False,False,False,False,False,21,305,3,,,,,,,,,,,,,,
HVF,Index,Missing self-referencing canonical,https://www.chewy.com/f/clean-republic_f1v19118,True,Set the canonical to the normalized self URL for eligible pages.,,Clean Republic - Free shipping | Chewy,38,"Shop Chewy for low prices and the best products! We carry a large selection and the top brands like Frisco, Littlearth, and more. Find everything you need in one place. FREE shipping on orders $49+ and the BEST customer service!",228,,Clean Republic,1,clean-republic,,False,False,False,False,False,False,False,13,306,3,,,,,,,,,,,,,,
HVF,Index,Missing self-referencing canonical,https://www.chewy.com/f/clear-choice_f1v223619,True,Set the canonical to the normalized self URL for eligible pages.,,Clear Choice - Free shipping | Chewy,36,"Shop Chewy for low prices and the best products! We carry a large selection and the top brands like Frisco, Littlearth, and more. Find everything you need in one place. FREE shipping on orders $49+ and the BEST customer service!",228,,Clear Choice,1,clear-choice,,False,False,False,False,False,False,False,2,304,3,,,,,,,,,,,,,,
HVF,Index,Missing self-referencing canonical,https://www.chewy.com/f/clindacure_f1v111507,True,Set the canonical to the normalized self URL for eligible pages.,,ClindaCure - Free shipping | Chewy,34,"Shop Chewy for low prices and the best products! We carry a large selection and the top brands like Frisco, Littlearth, and more. Find everything you need in one place. FREE shipping on orders $49+ and the BEST customer service!",228,,ClindaCure,1,clindacure,,False,False,False,False,False,False,False,2,304,3,,,,,,,,,,,,,,
HVF,Index,Missing self-referencing canonical,https://www.chewy.com/f/clomipramine-hydrochloride_f1v465305,True,Set the canonical to the normalized self URL for eligible pages.,,Clomipramine Hydrochloride - Free shipping | Chewy,50,"Shop Chewy for low prices and the best products! We carry a large selection and the top brands like Frisco, Littlearth, and more. Find everything you need in one place. FREE shipping on orders $49+ and the BEST customer service!",228,,Clomipramine Hydrochloride,1,clomipramine-hydrochloride,,False,False,False,False,False,False,False,25,304,3,,,,,,,,,,,,,,
HVF,Index,Missing self-referencing canonical,https://www.chewy.com/f/clonidine_f1v33134,True,Set the canonical to the normalized self URL for eligible pages.,,Clonidine - Free shipping | Chewy,33,"Shop Chewy for low prices and the best products! We carry a large selection and the top brands like Frisco, Littlearth, and more. Find everything you need in one place. FREE shipping on orders $49+ and the BEST customer service!",228,,Clonidine,1,clonidine,,False,False,False,False,False,False,False,13,304,3,,,,,,,,,,,,,,
HVF,Index,Missing self-referencing canonical,https://www.chewy.com/f/clopidogrel-bisulfate_f1v357795,True,Set the canonical to the normalized self URL for eligible pages.,,Clopidogrel Bisulfate - Free shipping | Chewy,45,"Shop Chewy for low prices and the best products! We carry a large selection and the top brands like Frisco, Littlearth, and more. Find everything you need in one place. FREE shipping on orders $49+ and the BEST customer service!",228,,Clopidogrel Bisulfate,1,clopidogrel-bisulfate,,False,False,False,False,False,False,False,6,304,3,,,,,,,,,,,,,,
HVF,Index,Missing self-referencing canonical,https://www.chewy.com/f/clover_f1v29494,True,Set the canonical to the normalized self URL for eligible pages.,,Clover - Free shipping | Chewy,30,"Shop Chewy for low prices and the best products! We carry a large selection and the top brands like Frisco, Littlearth, and more. Find everything you need in one place. FREE shipping on orders $49+ and the BEST customer service!",228,,Clover,1,clover,,False,False,False,False,False,False,False,2,304,3,,,,,,,,,,,,,,
HVF,Index,Missing self-referencing canonical,https://www.chewy.com/f/clueless_f1v21878,True,Set the canonical to the normalized self URL for eligible pages.,,CLUELESS - Free shipping | Chewy,32,"Shop Chewy for low prices and the best products! We carry a large selection and the top brands like Frisco, Littlearth, and more. Find everything you need in one place. FREE shipping on orders $49+ and the BEST customer service!",228,,CLUELESS,1,clueless,,False,False,False,False,False,False,False,6,304,3,,,,,,,,,,,,,,
HVF,Index,Missing self-referencing canonical,https://www.chewy.com/f/cocopup_f1v28678,True,Set the canonical to the normalized self URL for eligible pages.,,Cocopup - Free shipping | Chewy,31,"Shop Chewy for low prices and the best products! We carry a large selection and the top brands like Frisco, Littlearth, and more. Find everything you need in one place. FREE shipping on orders $49+ and the BEST customer service!",228,,Cocopup,1,cocopup,,False,False,False,False,False,False,False,2,304,3,,,,,,,,,,,,,,
HVF,Index,Missing self-referencing canonical,https://www.chewy.com/f/colapz_f1v19470,True,Set the canonical to the normalized self URL for eligible pages.,,Colapz - Free shipping | Chewy,30,"Shop Chewy for low prices and the best products! We carry a large selection and the top brands like Frisco, Littlearth, and more. Find everything you need in one place. FREE shipping on orders $49+ and the BEST customer service!",228,,Colapz,1,colapz,,False,False,False,False,False,False,False,2,304,3,,,,,,,,,,,,,,
HVF,Index,Missing self-referencing canonical,https://www.chewy.com/f/colchicine-compounded_f1v459883,True,Set the canonical to the normalized self URL for eligible pages.,,Colchicine Compounded - Free shipping | Chewy,45,"Shop Chewy for low prices and the best products! We carry a large selection and the top brands like Frisco, Littlearth, and more. Find everything you need in one place. FREE shipping on orders $49+ and the BEST customer service!",228,,Colchicine Compounded,1,colchicine-compounded,,False,False,False,False,False,False,False,19,304,3,,,,,,,,,,,,,,
HVF,Index,Missing self-referencing canonical,https://www.chewy.com/f/cold-life_f1v262145,True,Set the canonical to the normalized self URL for eligible pages.,,Cold Life - Free shipping | Chewy,33,"Shop Chewy for low prices and the best products! We carry a large selection and the top brands like Frisco, Littlearth, and more. Find everything you need in one place. FREE shipping on orders $49+ and the BEST customer service!",228,,Cold Life,1,cold-life,,False,False,False,False,False,False,False,3,305,3,,,,,,,,,,,,,,
HVF,Index,Missing self-referencing canonical,https://www.chewy.com/f/collared-love_f1v34542,True,Set the canonical to the normalized self URL for eligible pages.,,Collared With Love - Free shipping | Chewy,42,"Shop Chewy for low prices and the best products! We carry a large selection and the top brands like Frisco, Littlearth, and more. Find everything you need in one place. FREE shipping on orders $49+ and the BEST customer service!",228,,Collared With Love,1,collared-love,,False,False,False,False,False,False,False,4,305,3,,,,,,,,,,,,,,
HVF,Index,Missing self-referencing canonical,https://www.chewy.com/f/colorado-dog-company_f1v33822,True,Set the canonical to the normalized self URL for eligible pages.,,Colorado Dog Company - Free shipping | Chewy,44,"Shop Chewy for low prices and the best products! We carry a large selection and the top brands like Frisco, Littlearth, and more. Find everything you need in one place. FREE shipping on orders $49+ and the BEST customer service!",228,,Colorado Dog Company,1,colorado-dog-company,,False,False,False,False,False,False,False,2,304,3,,,,,,,,,,,,,,
HVF,Index,Missing self-referencing canonical,https://www.chewy.com/f/colorfil_f1v283919,True,Set the canonical to the normalized self URL for eligible pages.,,Colorfil - Free shipping | Chewy,32,"Shop Chewy for low prices and the best products! We carry a large selection and the top brands like Frisco, Littlearth, and more. Find everything you need in one place. FREE shipping on orders $49+ and the BEST customer service!",228,,Colorfil,1,colorfil,,False,False,False,False,False,False,False,6,305,3,,,,,,,,,,,,,,
HVF,Index,Missing self-referencing canonical,https://www.chewy.com/f/colorful-companions_f1v873156,True,Set the canonical to the normalized self URL for eligible pages.,,Colorful Companions - Free shipping | Chewy,43,"Shop Chewy for low prices and the best products! We carry a large selection and the top brands like Frisco, Littlearth, and more. Find everything you need in one place. FREE shipping on orders $49+ and the BEST customer service!",228,,Colorful Companions,1,colorful-companions,,False,False,False,False,False,False,False,2,304,3,,,,,,,,,,,,,,
HVF,Index,Missing self-referencing canonical,https://www.chewy.com/f/combray-house-books_f1v25614,True,Set the canonical to the normalized self URL for eligible pages.,,Combray House Books - Free shipping | Chewy,43,"Shop Chewy for low prices and the best products! We carry a large selection and the top brands like Frisco, Littlearth, and more. Find everything you need in one place. FREE shipping on orders $49+ and the BEST customer service!",228,,Combray House Books,1,combray-house-books,,False,False,False,False,False,False,False,2,305,3,,,,,,,,,,,,,,
HVF,Index,Missing self-referencing canonical,https://www.chewy.com/f/comfort-expression_f1v22750,True,Set the canonical to the normalized self URL for eligible pages.,,Comfort Expression - Free shipping | Chewy,42,"Shop Chewy for low prices and the best products! We carry a large selection and the top brands like Frisco, Littlearth, and more. Find everything you need in one place. FREE shipping on orders $49+ and the BEST customer service!",228,,Comfort Expression,1,comfort-expression,,False,False,False,False,False,False,False,23,304,3,,,,,,,,,,,,,,
HVF,Index,Missing self-referencing canonical,https://www.chewy.com/f/comfort-plus_f1v32814,True,Set the canonical to the normalized self URL for eligible pages.,,Comfort Plus - Free shipping | Chewy,36,"Shop Chewy for low prices and the best products! We carry a large selection and the top brands like Frisco, Littlearth, and more. Find everything you need in one place. FREE shipping on orders $49+ and the BEST customer service!",228,,Comfort Plus,1,comfort-plus,,False,False,False,False,False,False,False,5,305,3,,,,,,,,,,,,,,
HVF,Index,Missing self-referencing canonical,https://www.chewy.com/f/comfortflex_f1v114455,True,Set the canonical to the normalized self URL for eligible pages.,,ComfortFlex - Free shipping | Chewy,35,"Shop Chewy for low prices and the best products! We carry a large selection and the top brands like Frisco, Littlearth, and more. Find everything you need in one place. FREE shipping on orders $49+ and the BEST customer service!",228,,ComfortFlex,1,comfortflex,,False,False,False,False,False,False,False,174,305,3,,,,,,,,,,,,,,
HVF,Index,Missing self-referencing canonical,https://www.chewy.com/f/copatchy_f1v457916,True,Set the canonical to the normalized self URL for eligible pages.,,Copatchy - Free shipping | Chewy,32,"Shop Chewy for low prices and the best products! We carry a large selection and the top brands like Frisco, Littlearth, and more. Find everything you need in one place. FREE shipping on orders $49+ and the BEST customer service!",228,,Copatchy,1,copatchy,,False,False,False,False,False,False,False,21,304,3,,,,,,,,,,,,,,
HVF,Index,Missing self-referencing canonical,https://www.chewy.com/f/cordaroys_f1v21718,True,Set the canonical to the normalized self URL for eligible pages.,,Cordaroys - Free shipping | Chewy,33,"Shop Chewy for low prices and the best products! We carry a large selection and the top brands like Frisco, Littlearth, and more. Find everything you need in one place. FREE shipping on orders $49+ and the BEST customer service!",228,,Cordaroys,1,cordaroys,,False,False,False,False,False,False,False,13,304,3,,,,,,,,,,,,,,
HVF,Index,Missing self-referencing canonical,https://www.chewy.com/f/cosmo-furbabies_f1v506806,True,Set the canonical to the normalized self URL for eligible pages.,,Cosmo Furbabies - Free shipping | Chewy,39,"Shop Chewy for low prices and the best products! We carry a large selection and the top brands like Frisco, Littlearth, and more. Find everything you need in one place. FREE shipping on orders $49+ and the BEST customer service!",228,,Cosmo Furbabies,1,cosmo-furbabies,,False,False,False,False,False,False,False,3,305,3,,,,,,,,,,,,,,
HVF,Index,Missing self-referencing canonical,https://www.chewy.com/f/county_f1v19766,True,Set the canonical to the normalized self URL for eligible pages.,,County - Free shipping | Chewy,30,"Shop Chewy for low prices and the best products! We carry a large selection and the top brands like Frisco, Littlearth, and more. Find everything you need in one place. FREE shipping on orders $49+ and the BEST customer service!",228,,County,1,county,,False,False,False,False,False,False,False,3,304,3,,,,,,,,,,,,,,
HVF,Index,Missing self-referencing canonical,https://www.chewy.com/f/cozy-milk_f1v28582,True,Set the canonical to the normalized self URL for eligible pages.,,Cozy Milk - Free shipping | Chewy,33,"Shop Chewy for low prices and the best products! We carry a large selection and the top brands like Frisco, Littlearth, and more. Find everything you need in one place. FREE shipping on orders $49+ and the BEST customer service!",228,,Cozy Milk,1,cozy-milk,,False,False,False,False,False,False,False,2,304,3,,,,,,,,,,,,,,
HVF,Index,Missing self-referencing canonical,https://www.chewy.com/f/cozyvest_f1v289289,True,Set the canonical to the normalized self URL for eligible pages.,,CozyVest - Free shipping | Chewy,32,"Shop Chewy for low prices and the best products! We carry a large selection and the top brands like Frisco, Littlearth, and more. Find everything you need in one place. FREE shipping on orders $49+ and the BEST customer service!",228,,CozyVest,1,cozyvest,,False,False,False,False,False,False,False,6,304,3,,,,,,,,,,,,,,
HVF,Index,Missing self-referencing canonical,https://www.chewy.com/f/cpr-cleaning-products_f1v157725,True,Set the canonical to the normalized self URL for eligible pages.,,CPR Cleaning Products - Free shipping | Chewy,45,"Shop Chewy for low prices and the best products! We carry a large selection and the top brands like Frisco, Littlearth, and more. Find everything you need in one place. FREE shipping on orders $49+ and the BEST customer service!",228,,CPR Cleaning Products,1,cpr-cleaning-products,,False,False,False,False,False,False,False,2,305,3,,,,,,,,,,,,,,
HVF,Index,Missing self-referencing canonical,https://www.chewy.com/f/cranberry-d-mannose_f1v18278,True,Set the canonical to the normalized self URL for eligible pages.,,Cranberry D-Mannose - Free shipping | Chewy,43,"Shop Chewy for low prices and the best products! We carry a large selection and the top brands like Frisco, Littlearth, and more. Find everything you need in one place. FREE shipping on orders $49+ and the BEST customer service!",228,,Cranberry D-Mannose,1,cranberry-d-mannose,,False,False,False,False,False,False,False,2,304,3,,,,,,,,,,,,,,
HVF,Index,Missing self-referencing canonical,https://www.chewy.com/f/croixdale_f1v17774,True,Set the canonical to the normalized self URL for eligible pages.,,Croixdale - Free shipping | Chewy,33,"Shop Chewy for low prices and the best products! We carry a large selection and the top brands like Frisco, Littlearth, and more. Find everything you need in one place. FREE shipping on orders $49+ and the BEST customer service!",228,,Croixdale,1,croixdale,,False,False,False,False,False,False,False,4,305,3,,,,,,,,,,,,,,
HVF,Index,Missing self-referencing canonical,https://www.chewy.com/f/cut-heal_f1v19046,True,Set the canonical to the normalized self URL for eligible pages.,,Cut Heal - Free shipping | Chewy,32,"Shop Chewy for low prices and the best products! We carry a large selection and the top brands like Frisco, Littlearth, and more. Find everything you need in one place. FREE shipping on orders $49+ and the BEST customer service!",228,,Cut Heal,1,cut-heal,,False,False,False,False,False,False,False,2,304,3,,,,,,,,,,,,,,
HVF,Index,Missing self-referencing canonical,https://www.chewy.com/f/cutenfuzzy_f1v29902,True,Set the canonical to the normalized self URL for eligible pages.,,CuteNfuzzy - Free shipping | Chewy,34,"Shop Chewy for low prices and the best products! We carry a large selection and the top brands like Frisco, Littlearth, and more. Find everything you need in one place. FREE shipping on orders $49+ and the BEST customer service!",228,,CuteNfuzzy,1,cutenfuzzy,,False,False,False,False,False,False,False,10,304,3,,,,,,,,,,,,,,
HVF,Index,Missing self-referencing canonical,https://www.chewy.com/f/cutter_f1v122290,True,Set the canonical to the normalized self URL for eligible pages.,,Cutter - Free shipping | Chewy,30,"Shop Chewy for low prices and the best products! We carry a large selection and the top brands like Frisco, Littlearth, and more. Find everything you need in one place. FREE shipping on orders $49+ and the BEST customer service!",228,,Cutter,1,cutter,,False,False,False,False,False,False,False,2,304,3,,,,,,,,,,,,,,
HVF,Index,Missing self-referencing canonical,https://www.chewy.com/f/cyanocobalamin_f1v457513,True,Set the canonical to the normalized self URL for eligible pages.,,Cyanocobalamin - Free shipping | Chewy,38,"Shop Chewy for low prices and the best products! We carry a large selection and the top brands like Frisco, Littlearth, and more. Find everything you need in one place. FREE shipping on orders $49+ and the BEST customer service!",228,,Cyanocobalamin,1,cyanocobalamin,,False,False,False,False,False,False,False,2,304,3,,,,,,,,,,,,,,
HVF,Index,Missing self-referencing canonical,https://www.chewy.com/f/cyclavance_f1v184077,True,Set the canonical to the normalized self URL for eligible pages.,,Cyclavance - Free shipping | Chewy,34,"Shop Chewy for low prices and the best products! We carry a large selection and the top brands like Frisco, Littlearth, and more. Find everything you need in one place. FREE shipping on orders $49+ and the BEST customer service!",228,,Cyclavance,1,cyclavance,,False,False,False,False,False,False,False,5,304,3,,,,,,,,,,,,,,
HVF,Index,Missing self-referencing canonical,https://www.chewy.com/f/cyclosporinetacrolimus-compounded_f1v419255,True,Set the canonical to the normalized self URL for eligible pages.,,Cyclosporine/Tacrolimus Compounded - Free shipping | Chewy,58,"Shop Chewy for low prices and the best products! We carry a large selection and the top brands like Frisco, Littlearth, and more. Find everything you need in one place. FREE shipping on orders $49+ and the BEST customer service!",228,,Cyclosporine/Tacrolimus Compounded,1,cyclosporinetacrolimus-compounded,,False,False,False,False,False,False,False,3,304,3,,,,,,,,,,,,,,
HVF,Index,Missing self-referencing canonical,https://www.chewy.com/f/cyproheptadine_f1v530218,True,Set the canonical to the normalized self URL for eligible pages.,,Cyproheptadine - Free shipping | Chewy,38,"Shop Chewy for low prices and the best products! We carry a large selection and the top brands like Frisco, Littlearth, and more. Find everything you need in one place. FREE shipping on orders $49+ and the BEST customer service!",228,,Cyproheptadine,1,cyproheptadine,,False,False,False,False,False,False,False,6,304,3,,,,,,,,,,,,,,
HVF,Index,Missing self-referencing canonical,https://www.chewy.com/f/danfisk_f1v29326,True,Set the canonical to the normalized self URL for eligible pages.,,DANFISK - Free shipping | Chewy,31,"Shop Chewy for low prices and the best products! We carry a large selection and the top brands like Frisco, Littlearth, and more. Find everything you need in one place. FREE shipping on orders $49+ and the BEST customer service!",228,,DANFISK,1,danfisk,,False,False,False,False,False,False,False,3,304,3,,,,,,,,,,,,,,
HVF,Index,Missing self-referencing canonical,https://www.chewy.com/f/dantrolene-sodium-compounded_f1v176412,True,Set the canonical to the normalized self URL for eligible pages.,,Dantrolene Sodium Compounded - Free shipping | Chewy,52,"Shop Chewy for low prices and the best products! We carry a large selection and the top brands like Frisco, Littlearth, and more. Find everything you need in one place. FREE shipping on orders $49+ and the BEST customer service!",228,,Dantrolene Sodium Compounded,1,dantrolene-sodium-compounded,,False,False,False,False,False,False,False,95,305,3,,,,,,,,,,,,,,
HVF,Index,Missing self-referencing canonical,https://www.chewy.com/f/dapplebay_f1v21062,True,Set the canonical to the normalized self URL for eligible pages.,,Dapplebay - Free shipping | Chewy,33,"Shop Chewy for low prices and the best products! We carry a large selection and the top brands like Frisco, Littlearth, and more. Find everything you need in one place. FREE shipping on orders $49+ and the BEST customer service!",228,,Dapplebay,1,dapplebay,,False,False,False,False,False,False,False,2,304,3,,,,,,,,,,,,,,
HVF,Index,Missing self-referencing canonical,https://www.chewy.com/f/dawnspaces_f1v21806,True,Set the canonical to the normalized self URL for eligible pages.,,Dawnspaces - Free shipping | Chewy,34,"Shop Chewy for low prices and the best products! We carry a large selection and the top brands like Frisco, Littlearth, and more. Find everything you need in one place. FREE shipping on orders $49+ and the BEST customer service!",228,,Dawnspaces,1,dawnspaces,,False,False,False,False,False,False,False,4,305,3,,,,,,,,,,,,,,
HVF,Index,Missing self-referencing canonical,https://www.chewy.com/f/decoquinatelevamisole-compounded_f1v18806,True,Set the canonical to the normalized self URL for eligible pages.,,Decoquinate/Levamisole Compounded - Free shipping | Chewy,57,"Shop Chewy for low prices and the best products! We carry a large selection and the top brands like Frisco, Littlearth, and more. Find everything you need in one place. FREE shipping on orders $49+ and the BEST customer service!",228,,Decoquinate/Levamisole Compounded,1,decoquinatelevamisole-compounded,,False,False,False,False,False,False,False,7,304,3,,,,,,,,,,,,,,
HVF,Index,Missing self-referencing canonical,https://www.chewy.com/f/decoquinatelevamisolevitamin-e_f1v28526,True,Set the canonical to the normalized self URL for eligible pages.,,Decoquinate/Levamisole/Vitamin E Compounded - Free shipping | Chewy,67,"Shop Chewy for low prices and the best products! We carry a large selection and the top brands like Frisco, Littlearth, and more. Find everything you need in one place. FREE shipping on orders $49+ and the BEST customer service!",228,,Decoquinate/Levamisole/Vitamin E Compounded,1,decoquinatelevamisolevitamin-e,,False,False,False,False,False,False,False,1,304,3,,,,,,,,,,,,,,
HVF,Index,Missing self-referencing canonical,https://www.chewy.com/f/deeipet_f1v23270,True,Set the canonical to the normalized self URL for eligible pages.,,DEEIPET - Free shipping | Chewy,31,"Shop Chewy for low prices and the best products! We carry a large selection and the top brands like Frisco, Littlearth, and more. Find everything you need in one place. FREE shipping on orders $49+ and the BEST customer service!",228,,DEEIPET,1,deeipet,,False,False,False,False,False,False,False,3,305,3,,,,,,,,,,,,,,
HVF,Index,Missing self-referencing canonical,https://www.chewy.com/f/demecarium-bromide-compounded_f1v429129,True,Set the canonical to the normalized self URL for eligible pages.,,Demecarium Bromide Compounded - Free shipping | Chewy,53,"Shop Chewy for low prices and the best products! We carry a large selection and the top brands like Frisco, Littlearth, and more. Find everything you need in one place. FREE shipping on orders $49+ and the BEST customer service!",228,,Demecarium Bromide Compounded,1,demecarium-bromide-compounded,,False,False,False,False,False,False,False,3,304,3,,,,,,,,,,,,,,
HVF,Index,Missing self-referencing canonical,https://www.chewy.com/f/dentimal_f1v28702,True,Set the canonical to the normalized self URL for eligible pages.,,DENTIMAL - Free shipping | Chewy,32,"Shop Chewy for low prices and the best products! We carry a large selection and the top brands like Frisco, Littlearth, and more. Find everything you need in one place. FREE shipping on orders $49+ and the BEST customer service!",228,,DENTIMAL,1,dentimal,,False,False,False,False,False,False,False,2,304,3,,,,,,,,,,,,,,
HVF,Index,Missing self-referencing canonical,https://www.chewy.com/f/der-vierbeiner_f1v25574,True,Set the canonical to the normalized self URL for eligible pages.,,Der Vierbeiner - Free shipping | Chewy,38,"Shop Chewy for low prices and the best products! We carry a large selection and the top brands like Frisco, Littlearth, and more. Find everything you need in one place. FREE shipping on orders $49+ and the BEST customer service!",228,,Der Vierbeiner,1,der-vierbeiner,,False,False,False,False,False,False,False,3,304,3,,,,,,,,,,,,,,
HVF,Index,Missing self-referencing canonical,https://www.chewy.com/f/deracoxib_f1v30830,True,Set the canonical to the normalized self URL for eligible pages.,,Deracoxib - Free shipping | Chewy,33,"Shop Chewy for low prices and the best products! We carry a large selection and the top brands like Frisco, Littlearth, and more. Find everything you need in one place. FREE shipping on orders $49+ and the BEST customer service!",228,,Deracoxib,1,deracoxib,,False,False,False,False,False,False,False,25,304,3,,,,,,,,,,,,,,
HVF,Index,Missing self-referencing canonical,https://www.chewy.com/f/derby-downs-llc_f1v26102,True,Set the canonical to the normalized self URL for eligible pages.,,"Derby Downs, LLC - Free shipping | Chewy",40,"Shop Chewy for low prices and the best products! We carry a large selection and the top brands like Frisco, Littlearth, and more. Find everything you need in one place. FREE shipping on orders $49+ and the BEST customer service!",228,,"Derby Downs, LLC",1,derby-downs-llc,,False,False,False,False,False,False,False,4,304,3,,,,,,,,,,,,,,
HVF,Index,Missing self-referencing canonical,https://www.chewy.com/f/derma-clens_f1v377270,True,Set the canonical to the normalized self URL for eligible pages.,,Derma-Clens - Free shipping | Chewy,35,"Shop Chewy for low prices and the best products! We carry a large selection and the top brands like Frisco, Littlearth, and more. Find everything you need in one place. FREE shipping on orders $49+ and the BEST customer service!",228,,Derma-Clens,1,derma-clens,,False,False,False,False,False,False,False,2,304,3,,,,,,,,,,,,,,
HVF,Index,Missing self-referencing canonical,https://www.chewy.com/f/dermalyte_f1v21102,True,Set the canonical to the normalized self URL for eligible pages.,,DermaLyte - Free shipping | Chewy,33,"Shop Chewy for low prices and the best products! We carry a large selection and the top brands like Frisco, Littlearth, and more. Find everything you need in one place. FREE shipping on orders $49+ and the BEST customer service!",228,,DermaLyte,1,dermalyte,,False,False,False,False,False,False,False,3,304,3,,,,,,,,,,,,,,
HVF,Index,Missing self-referencing canonical,https://www.chewy.com/f/desmopressin_f1v22302,True,Set the canonical to the normalized self URL for eligible pages.,,Desmopressin - Free shipping | Chewy,36,"Shop Chewy for low prices and the best products! We carry a large selection and the top brands like Frisco, Littlearth, and more. Find everything you need in one place. FREE shipping on orders $49+ and the BEST customer service!",228,,Desmopressin,1,desmopressin,,False,False,False,False,False,False,False,13,304,3,,,,,,,,,,,,,,
HVF,Index,Missing self-referencing canonical,https://www.chewy.com/f/desmopressin-acetate-compounded_f1v539011,True,Set the canonical to the normalized self URL for eligible pages.,,Desmopressin Acetate Compounded - Free shipping | Chewy,55,"Shop Chewy for low prices and the best products! We carry a large selection and the top brands like Frisco, Littlearth, and more. Find everything you need in one place. FREE shipping on orders $49+ and the BEST customer service!",228,,Desmopressin Acetate Compounded,1,desmopressin-acetate-compounded,,False,False,False,False,False,False,False,3,304,3,,,,,,,,,,,,,,
HVF,Index,Missing self-referencing canonical,https://www.chewy.com/f/dexasone_f1v111085,True,Set the canonical to the normalized self URL for eligible pages.,,Dexasone - Free shipping | Chewy,32,"Shop Chewy for low prices and the best products! We carry a large selection and the top brands like Frisco, Littlearth, and more. Find everything you need in one place. FREE shipping on orders $49+ and the BEST customer service!",228,,Dexasone,1,dexasone,,False,False,False,False,False,False,False,4,304,3,,,,,,,,,,,,,,
HVF,Index,Missing self-referencing canonical,https://www.chewy.com/f/diazoxide-compounded_f1v317970,True,Set the canonical to the normalized self URL for eligible pages.,,Diazoxide Compounded - Free shipping | Chewy,44,"Shop Chewy for low prices and the best products! We carry a large selection and the top brands like Frisco, Littlearth, and more. Find everything you need in one place. FREE shipping on orders $49+ and the BEST customer service!",228,,Diazoxide Compounded,1,diazoxide-compounded,,False,False,False,False,False,False,False,31,305,3,,,,,,,,,,,,,,
HVF,Index,Missing self-referencing canonical,https://www.chewy.com/f/diclazuril-compounded_f1v17574,True,Set the canonical to the normalized self URL for eligible pages.,,Diclazuril Compounded - Free shipping | Chewy,45,"Shop Chewy for low prices and the best products! We carry a large selection and the top brands like Frisco, Littlearth, and more. Find everything you need in one place. FREE shipping on orders $49+ and the BEST customer service!",228,,Diclazuril Compounded,1,diclazuril-compounded,,False,False,False,False,False,False,False,34,305,3,,,,,,,,,,,,,,
HVF,Index,Missing self-referencing canonical,https://www.chewy.com/f/diclofenac_f1v505026,True,Set the canonical to the normalized self URL for eligible pages.,,Diclofenac - Free shipping | Chewy,34,"Shop Chewy for low prices and the best products! We carry a large selection and the top brands like Frisco, Littlearth, and more. Find everything you need in one place. FREE shipping on orders $49+ and the BEST customer service!",228,,Diclofenac,1,diclofenac,,False,False,False,False,False,False,False,4,305,3,,,,,,,,,,,,,,
HVF,Index,Missing self-referencing canonical,https://www.chewy.com/f/dicloxacillin_f1v111407,True,Set the canonical to the normalized self URL for eligible pages.,,Dicloxacillin - Free shipping | Chewy,37,"Shop Chewy for low prices and the best products! We carry a large selection and the top brands like Frisco, Littlearth, and more. Find everything you need in one place. FREE shipping on orders $49+ and the BEST customer service!",228,,Dicloxacillin,1,dicloxacillin,,False,False,False,False,False,False,False,11,304,3,,,,,,,,,,,,,,
HVF,Index,Missing self-referencing canonical,https://www.chewy.com/f/diethylstilbestrol-compounded_f1v396352,True,Set the canonical to the normalized self URL for eligible pages.,,Diethylstilbestrol Compounded - Free shipping | Chewy,53,"Shop Chewy for low prices and the best products! We carry a large selection and the top brands like Frisco, Littlearth, and more. Find everything you need in one place. FREE shipping on orders $49+ and the BEST customer service!",228,,Diethylstilbestrol Compounded,1,diethylstilbestrol-compounded,,False,False,False,False,False,False,False,15,305,3,,,,,,,,,,,,,,
HVF,Index,Missing self-referencing canonical,https://www.chewy.com/f/digoxin_f1v424894,True,Set the canonical to the normalized self URL for eligible pages.,,Digoxin - Free shipping | Chewy,31,"Shop Chewy for low prices and the best products! We carry a large selection and the top brands like Frisco, Littlearth, and more. Find everything you need in one place. FREE shipping on orders $49+ and the BEST customer service!",228,,Digoxin,1,digoxin,,False,False,False,False,False,False,False,11,304,3,,,,,,,,,,,,,,
HVF,Index,Missing self-referencing canonical,https://www.chewy.com/f/dilt-xr_f1v507061,True,Set the canonical to the normalized self URL for eligible pages.,,DILT-XR - Free shipping | Chewy,31,"Shop Chewy for low prices and the best products! We carry a large selection and the top brands like Frisco, Littlearth, and more. Find everything you need in one place. FREE shipping on orders $49+ and the BEST customer service!",228,,DILT-XR,1,dilt-xr,,False,False,False,False,False,False,False,7,304,3,,,,,,,,,,,,,,
HVF,Index,Missing self-referencing canonical,https://www.chewy.com/f/diltiazem_f1v144417,True,Set the canonical to the normalized self URL for eligible pages.,,Diltiazem - Free shipping | Chewy,33,"Shop Chewy for low prices and the best products! We carry a large selection and the top brands like Frisco, Littlearth, and more. Find everything you need in one place. FREE shipping on orders $49+ and the BEST customer service!",228,,Diltiazem,1,diltiazem,,False,False,False,False,False,False,False,29,305,3,,,,,,,,,,,,,,
HVF,Index,Missing self-referencing canonical,https://www.chewy.com/f/dimples-horse-treats_f1v17806,True,Set the canonical to the normalized self URL for eligible pages.,,Dimples Horse Treats - Free shipping | Chewy,44,"Shop Chewy for low prices and the best products! We carry a large selection and the top brands like Frisco, Littlearth, and more. Find everything you need in one place. FREE shipping on orders $49+ and the BEST customer service!",228,,Dimples Horse Treats,1,dimples-horse-treats,,False,False,False,False,False,False,False,2,304,3,,,,,,,,,,,,,,
HVF,Index,Missing self-referencing canonical,https://www.chewy.com/f/diphenhydramine_f1v102158,True,Set the canonical to the normalized self URL for eligible pages.,,Diphenhydramine - Free shipping | Chewy,39,"Shop Chewy for low prices and the best products! We carry a large selection and the top brands like Frisco, Littlearth, and more. Find everything you need in one place. FREE shipping on orders $49+ and the BEST customer service!",228,,Diphenhydramine,1,diphenhydramine,,False,False,False,False,False,False,False,11,304,3,,,,,,,,,,,,,,
HVF,Index,Missing self-referencing canonical,https://www.chewy.com/f/disney-christmas-bark_f1v19142,True,Set the canonical to the normalized self URL for eligible pages.,,Disney Christmas Bark - Free shipping | Chewy,45,"Shop Chewy for low prices and the best products! We carry a large selection and the top brands like Frisco, Littlearth, and more. Find everything you need in one place. FREE shipping on orders $49+ and the BEST customer service!",228,,Disney Christmas Bark,1,disney-christmas-bark,,False,False,False,False,False,False,False,2,304,3,,,,,,,,,,,,,,
HVF,Index,Missing self-referencing canonical,https://www.chewy.com/f/disney-princess_f1v19414,True,Set the canonical to the normalized self URL for eligible pages.,,DISNEY PRINCESS - Free shipping | Chewy,39,"Shop Chewy for low prices and the best products! We carry a large selection and the top brands like Frisco, Littlearth, and more. Find everything you need in one place. FREE shipping on orders $49+ and the BEST customer service!",228,,DISNEY PRINCESS,1,disney-princess,,False,False,False,False,False,False,False,2,304,3,,,,,,,,,,,,,,
HVF,Index,Missing self-referencing canonical,https://www.chewy.com/f/doc-eddies_f1v33278,True,Set the canonical to the normalized self URL for eligible pages.,,Doc Eddie's - Free shipping | Chewy,35,"Shop Chewy for low prices and the best products! We carry a large selection and the top brands like Frisco, Littlearth, and more. Find everything you need in one place. FREE shipping on orders $49+ and the BEST customer service!",228,,Doc Eddie's,1,doc-eddies,,False,False,False,False,False,False,False,3,305,3,,,,,,,,,,,,,,
HVF,Index,Missing self-referencing canonical,https://www.chewy.com/f/doc-roys_f1v255808,True,Set the canonical to the normalized self URL for eligible pages.,,Doc Roy's - Free shipping | Chewy,33,"Shop Chewy for low prices and the best products! We carry a large selection and the top brands like Frisco, Littlearth, and more. Find everything you need in one place. FREE shipping on orders $49+ and the BEST customer service!",228,,Doc Roy's,1,doc-roys,,False,False,False,False,False,False,False,2,304,3,,,,,,,,,,,,,,
HVF,Index,Missing self-referencing canonical,https://www.chewy.com/f/dog-whistle_f1v38078,True,Set the canonical to the normalized self URL for eligible pages.,,Dog & Whistle - Free shipping | Chewy,37,"Shop Chewy for low prices and the best products! We carry a large selection and the top brands like Frisco, Littlearth, and more. Find everything you need in one place. FREE shipping on orders $49+ and the BEST customer service!",228,,Dog & Whistle,1,dog-whistle,,False,False,False,False,False,False,False,3,305,3,,,,,,,,,,,,,,
HVF,Index,Missing self-referencing canonical,https://www.chewy.com/f/dog-armour-pro_f1v32310,True,Set the canonical to the normalized self URL for eligible pages.,,Dog Armour PRO - Free shipping | Chewy,38,"Shop Chewy for low prices and the best products! We carry a large selection and the top brands like Frisco, Littlearth, and more. Find everything you need in one place. FREE shipping on orders $49+ and the BEST customer service!",228,,Dog Armour PRO,1,dog-armour-pro,,False,False,False,False,False,False,False,21,304,3,,,,,,,,,,,,,,
HVF,Index,Missing self-referencing canonical,https://www.chewy.com/f/dog-pain-away_f1v180671,True,Set the canonical to the normalized self URL for eligible pages.,,Dog Pain Away - Free shipping | Chewy,37,"Shop Chewy for low prices and the best products! We carry a large selection and the top brands like Frisco, Littlearth, and more. Find everything you need in one place. FREE shipping on orders $49+ and the BEST customer service!",228,,Dog Pain Away,1,dog-pain-away,,False,False,False,False,False,False,False,2,304,3,,,,,,,,,,,,,,
HVF,Index,Missing self-referencing canonical,https://www.chewy.com/f/dog-rocks_f1v321161,True,Set the canonical to the normalized self URL for eligible pages.,,Dog Rocks - Free shipping | Chewy,33,"Shop Chewy for low prices and the best products! We carry a large selection and the top brands like Frisco, Littlearth, and more. Find everything you need in one place. FREE shipping on orders $49+ and the BEST customer service!",228,,Dog Rocks,1,dog-rocks,,False,False,False,False,False,False,False,3,305,3,,,,,,,,,,,,,,
HVF,Index,Missing self-referencing canonical,https://www.chewy.com/f/dog-vites-by-htn_f1v31838,True,Set the canonical to the normalized self URL for eligible pages.,,Dog-Vites by HTN - Free shipping | Chewy,40,"Shop Chewy for low prices and the best products! We carry a large selection and the top brands like Frisco, Littlearth, and more. Find everything you need in one place. FREE shipping on orders $49+ and the BEST customer service!",228,,Dog-Vites by HTN,1,dog-vites-by-htn,,False,False,False,False,False,False,False,2,304,3,,,,,,,,,,,,,,
HVF,Index,Missing self-referencing canonical,https://www.chewy.com/f/dogbiotics_f1v33206,True,Set the canonical to the normalized self URL for eligible pages.,,Dogbiotics - Free shipping | Chewy,34,"Shop Chewy for low prices and the best products! We carry a large selection and the top brands like Frisco, Littlearth, and more. Find everything you need in one place. FREE shipping on orders $49+ and the BEST customer service!",228,,Dogbiotics,1,dogbiotics,,False,False,False,False,False,False,False,2,304,3,,,,,,,,,,,,,,
