page_type,category,issue,normalized_url,matched_botify,recommendation,evidence_value,title,title_length,meta_description,meta_description_length,main_keyword,h1,h1_count,url_slug,canonical_points_to_self,in_sitemaps,noindex,nofollow,breadcrumb_exists,product_exists,offer_exists,faq_exists,unique_inlinks,unique_outlinks,depth,lcp_status,lcp_value,cls_status,cls_value,inp_status,inp_value,ranking_keyword_rows,distinct_keywords,avg_current_rank,top10_keywords,quick_win_11_20_keywords,striking_distance_21_50_keywords,lost_or_unranked_keywords,botify_audience_keywords_to_90pct
HVF,Meta,Meta description does not align to main ranking keyword,https://www.chewy.com/f/parrot-food-pellets_c943_f2v64311,True,Update meta-description templates to reflect the primary ranking phrase.,best pellet bird food,PARROT FOOD PELLETS (Free Shipping) | Chewy,43,"Shop Chewy for the best deals on Parrot Food Pellets and more with fast free shipping, low prices, and award-winning customer service. Read ratings and reviews so you can find the right Parrot Food Pellets for your pet.",219,best pellet bird food,Parrot Food Pellets,1,parrot-food-pellets,True,True,False,False,True,False,False,False,84,355,2,,,,,,,1,1,,0,0,0,1,1.0
HVF,Meta,Meta description does not align to main ranking keyword,https://www.chewy.com/f/joint-support-horses_c1691_f50v13679,True,Update meta-description templates to reflect the primary ranking phrase.,horse soreness relief,JOINT SUPPORT FOR HORSES | CHEWY,32,Shop Chewy for low prices and a wide selection of health & wellness products for your horse. From vitamins & supplements to first aid and pest control products Chewy has everything you need to keep your equine friend happy and healthy. *FREE* shipping on orders $49+ and the BEST customer service!,297,horse soreness relief,Joint Support For Horses,1,joint-support-horses,True,True,False,False,True,False,False,False,36,345,2,,,,,,,1,1,8.0,1,0,0,0,1.0
HVF,Meta,Meta description does not align to main ranking keyword,https://www.chewy.com/f/chicken-feed-pellets_c951_f2v64311,True,Update meta-description templates to reflect the primary ranking phrase.,chicken feed pellets,PELLET FEED FOR CHICKENS (Free Shipping) | Chewy,48,"Shop Chewy for the best deals on Pellet Feed For Chickens and more with fast free shipping, low prices, and award-winning customer service. Read ratings and reviews so you can find the right Pellet Feed For Chickens for your pet.",229,chicken feed pellets,Pellet Feed For Chickens,1,chicken-feed-pellets,True,True,False,False,True,False,False,True,30,363,2,,,,,,,1,1,,0,0,0,1,1.0
HVF,Meta,Meta description does not align to main ranking keyword,https://www.chewy.com/f/liquid-probiotics-cats_c1577_f83v20482,True,Update meta-description templates to reflect the primary ranking phrase.,digestive health and probiotic liquid and gel supplements for cats,LIQUID PROBIOTICS FOR CATS (Free Shipping) | Chewy,50,"Shop Chewy for the best deals on Liquid Probiotics for Cats and more with fast free shipping, low prices, and award-winning customer service. Read ratings and reviews so you can find the right Liquid Probiotics for Cats for your pet.",233,digestive health and probiotic liquid and gel supplements for cats,Liquid Probiotics for Cats,1,liquid-probiotics-cats,True,True,False,False,True,False,False,False,5,346,2,,,,,,,2,2,2.0,2,0,0,0,3.0
HVF,Meta,Meta description does not align to main ranking keyword,https://www.chewy.com/f/adult-cat-food_c387_f5v9060,True,Update meta-description templates to reflect the primary ranking phrase.,chewy com cats,ADULT CAT FOOD (Free Shipping) | Chewy,38,"Shop Chewy for the best deals on Adult Cat Food and more with fast free shipping, low prices, and award-winning customer service. Read ratings and reviews so you can find the right Adult Cat Food for your pet.",209,chewy com cats,Adult Cat Food,1,adult-cat-food,True,True,False,False,True,False,False,False,1333,436,2,,,,,,,3,3,29.0,0,0,1,2,5.0
HVF,Meta,Meta description does not align to main ranking keyword,https://www.chewy.com/f/injectable-allergy-medicine-dogs_c11568_f83v383900,True,Update meta-description templates to reflect the primary ranking phrase.,cytopoint chewy,INJECTABLE ALLERGY MEDICINE FOR DOGS (Free Shipping) | Chewy,60,"Shop Chewy for the best deals on Injectable Allergy Medicine for Dogs and more with fast free shipping, low prices, and award-winning customer service. Read ratings and reviews so you can find the right Injectable Allergy Medicine for Dogs for your pet.",253,cytopoint chewy,Injectable Allergy Medicine for Dogs,1,injectable-allergy-medicine-dogs,True,True,False,False,True,False,False,False,4,318,2,,,,,,,2,2,4.5,2,0,0,0,11.0
HVF,Meta,Meta description does not align to main ranking keyword,https://www.chewy.com/f/tortoise-terrariums-habitats_c1036_f57v68273,True,Update meta-description templates to reflect the primary ranking phrase.,russian tortoise enclosure,TORTOISE TERRARIUMS & HABITATS (Free Shipping) | Chewy,54,"Shop Chewy for the best deals on Tortoise Terrariums & Habitats and more with fast free shipping, low prices, and award-winning customer service. Read ratings and reviews so you can find the right Tortoise Terrariums & Habitats for your pet.",241,russian tortoise enclosure,Tortoise Terrariums & Habitats,1,tortoise-terrariums-habitats,True,True,False,False,True,False,False,True,56,366,2,,,,,,,6,6,6.8,4,1,0,1,13.0
HVF,Meta,Meta description does not align to main ranking keyword,https://www.chewy.com/f/40-gallon-fish-tanks_c1735_f739v966790,True,Update meta-description templates to reflect the primary ranking phrase.,40 gallon saltwater aquarium,40 GALLON FISH TANKS & UNDER (Free Shipping) | Chewy,52,"Shop Chewy for the best deals on 31-40 Gallon Fish Tanks and more with fast free shipping, low prices, and award-winning customer service. Read ratings and reviews so you can find the right 31-40 Gallon Fish Tanks & Under for your pet.",235,40 gallon saltwater aquarium,40 Gallon Fish Tanks,1,40-gallon-fish-tanks,True,True,False,False,True,False,False,True,14,327,2,,,,,,,3,3,17.33,0,3,0,0,9.0
HVF,Meta,Meta description does not align to main ranking keyword,https://www.chewy.com/f/incandescent-heating-lighting_c1047_f68v85073,True,Update meta-description templates to reflect the primary ranking phrase.,snake heat lamp and bulbs,INCANDESCENT HEATING & LIGHTING REPTILES (Free Shipping) | Chewy,64,"Shop Chewy for the best deals on Incandescent Heating & Lighting Reptiles and more with fast free shipping, low prices, and award-winning customer service. Read ratings and reviews so you can find the right Incandescent Heating & Lighting Reptiles for your pet.",261,snake heat lamp and bulbs,Incandescent Heating & Lighting Reptiles,1,incandescent-heating-lighting,True,True,False,False,True,False,False,False,48,356,2,,,,,,,2,2,,0,0,0,2,1.0
HVF,Meta,Meta description does not align to main ranking keyword,https://www.chewy.com/f/puppy-clothes_c1470_f6v13790,True,Update meta-description templates to reflect the primary ranking phrase.,best extra small breed puppy apparel,PUPPY CLOTHES (Free Shipping) | Chewy,37,"Browse puppy clothes at Chewy, including puppy outfits and cute puppy clothes for walks, photos, celebrations, layering, and everyday comfort.",142,best extra small breed puppy apparel,Puppy Clothes,1,puppy-clothes,True,True,False,False,True,False,False,True,368,455,2,,,,,,,2,2,20.0,0,1,0,1,2.0
HVF,Meta,Meta description does not align to main ranking keyword,https://www.chewy.com/f/kansas-city-chiefs-dog-jerseys_c1470_f47v235760,True,Update meta-description templates to reflect the primary ranking phrase.,kansas city chiefs pet gear,KANSAS CITY CHIEFS DOG JERSEYS (Free Shipping) | Chewy,54,"Shop Chewy for the best deals on Chiefs Dog Jerseys and more with fast free shipping, low prices, and award-winning customer service. Read ratings and reviews so you can find the right Chiefs Dog Jerseys for your pet.",217,kansas city chiefs pet gear,Chiefs Dog Jerseys,1,kansas-city-chiefs-dog-jerseys,True,True,False,False,True,False,False,False,378,457,2,,,,,,,4,4,4.5,4,0,0,0,1.0
HVF,Meta,Meta description does not align to main ranking keyword,https://www.chewy.com/f/san-francisco-49ers-dog-jerseys_c1470_f47v85593,True,Update meta-description templates to reflect the primary ranking phrase.,san francisco 49ers dog tops,SAN FRANCISCO 49ERS DOG JERSEYS (Free Shipping) | Chewy,55,"""Shop Chewy for the best deals on 49Ers Dog Jerseys and more with fast free shipping, low prices, and award-winning customer service. Read ratings and reviews so you can find the right 49Ers Dog Jerseys for your pet.""",217,san francisco 49ers dog tops,49Ers Dog Jerseys,1,san-francisco-49ers-dog-jerseys,True,True,False,False,True,False,False,False,378,451,2,,,,,,,4,4,2.5,4,0,0,0,3.0
HVF,Meta,Meta description does not align to main ranking keyword,https://www.chewy.com/f/dog-grooming-sprays_c355_f83v383903,True,Update meta-description templates to reflect the primary ranking phrase.,cruelty free dog grooming sprays,DOG GROOMING SPRAYS (Free Shipping) | Chewy,43,"Shop Chewy for the best deals on No and more with fast free shipping, low prices, and award-winning customer service. Read ratings and reviews so you can find the right No for your pet.",185,cruelty free dog grooming sprays,Dog Grooming Sprays,1,dog-grooming-sprays,True,True,False,False,True,False,False,False,244,367,2,,,,,,,1,1,28.0,0,0,1,0,1.0
HVF,Meta,Meta description does not align to main ranking keyword,https://www.chewy.com/f/dog-grooming-wipes_c355_f83v373228,True,Update meta-description templates to reflect the primary ranking phrase.,chewy dog grooming,DOG GROOMING WIPES (Free Shipping) | Chewy,42,"Shop Chewy for the best deals on No and more with fast free shipping, low prices, and award-winning customer service. Read ratings and reviews so you can find the right No for your pet.",185,chewy dog grooming,Dog Grooming Wipes,1,dog-grooming-wipes,True,True,False,False,True,False,False,False,160,365,2,good,1741.0,good,0.04,,,1,1,,0,0,0,1,7.0
HVF,Meta,Meta description does not align to main ranking keyword,https://www.chewy.com/f/non-prescription-cat-flea-tick_c404_f101v406213,True,Update meta-description templates to reflect the primary ranking phrase.,over the counter flea and tick medicine for cats,NON-PRESCRIPTION CAT FLEA & TICK (Free Shipping) | Chewy,56,"Shop Chewy for the best deals on Non-Prescription Cat Flea & Tick and more with fast free shipping, low prices, and award-winning customer service. Read ratings and reviews so you can find the right Non-Prescription Cat Flea & Tick for your pet.",245,over the counter flea and tick medicine for cats,Non-Prescription Cat Flea & Tick,1,non-prescription-cat-flea-tick,True,True,False,False,True,False,False,True,33,365,2,good,1670.0,good,0.05,,,7,7,4.83,6,0,0,1,53.0
HVF,Meta,Meta description does not align to main ranking keyword,https://www.chewy.com/f/human-grade-dog-food_c332_f3v276686,True,Update meta-description templates to reflect the primary ranking phrase.,premium human-grade dehydrated dog food,HUMAN GRADE DOG FOOD (Free Shipping) | Chewy,44,"Shop Chewy Dog Food and discover dry, wet & fresh dog food recipes tailored to every pup’s needs. Dog food delivery to your door, Autoship savings and free shipping on $49+!",173,premium human-grade dehydrated dog food,Human Grade Dog Food,1,human-grade-dog-food,True,True,False,False,True,False,False,False,1505,424,2,good,1912.0,good,0.01,,,7,7,13.2,1,4,0,2,5.0
HVF,Meta,Meta description does not align to main ranking keyword,https://www.chewy.com/f/giant-dog-dewormers_c2652_f6v13793,True,Update meta-description templates to reflect the primary ranking phrase.,dewormer large dogs,GIANT DOG DEWORMERS (Free Shipping) | Chewy,43,"Shop Chewy for the best deals on Giant Dog Dewormers and more with fast free shipping, low prices, and award-winning customer service. Read ratings and reviews so you can find the right Giant Dog Dewormers for your pet.",219,dewormer large dogs,Giant Dog Dewormers,1,giant-dog-dewormers,True,True,False,False,True,False,False,False,19,328,2,,,,,,,2,2,7.0,1,1,0,0,2.0
HVF,Meta,Meta description does not align to main ranking keyword,https://www.chewy.com/f/non-prescription-dog-flea-tick_c381_f101v406213,True,Update meta-description templates to reflect the primary ranking phrase.,over the counter flea and tick medicine for dogs,NON-PRESCRIPTION DOG FLEA & TICK TREATMENTS (Free Shipping) | Chewy,67,"Shop Chewy for the best deals on Non-Prescription Dog Flea & Tick Treatments and more with fast free shipping, low prices, and award-winning customer service. Read ratings and reviews so you can find the right Non-Prescription Dog Flea & Tick for your pet.",256,over the counter flea and tick medicine for dogs,Non-Prescription Dog Flea & Tick Treatments,1,non-prescription-dog-flea-tick,True,True,False,False,True,False,False,True,68,371,2,good,1799.0,good,0.03,,,7,7,14.57,3,1,3,0,220.0
HVF,Meta,Meta description does not align to main ranking keyword,https://www.chewy.com/f/replacement-dog-toys_c315_f58v370689,True,Update meta-description templates to reflect the primary ranking phrase.,replacement dog toys,DOG TOY REPLACEMENTS (Free Shipping) | Chewy,44,"Shop Chewy for the best deals on Dog Toy Replacements and more with fast free shipping, low prices, and award-winning customer service. Read ratings and reviews so you can find the right Dog Toy Replacements for your pet.",221,replacement dog toys,Dog Toy Replacements,1,replacement-dog-toys,True,True,False,False,True,False,False,False,959,347,2,,,,,,,1,1,6.0,1,0,0,0,1.0
HVF,Meta,Meta description does not align to main ranking keyword,https://www.chewy.com/f/marvel-dog-toys_c315_f147v455835,True,Update meta-description templates to reflect the primary ranking phrase.,spiderman dog toy,MARVEL DOG TOYS (Free Shipping) | Chewy,39,"Shop Chewy for the best deals on Marvel Dog Toys and more with fast free shipping, low prices, and award-winning customer service. Read ratings and reviews so you can find the right Marvel Dog Toys for your pet.",211,spiderman dog toy,Marvel Dog Toys,1,marvel-dog-toys,True,True,False,False,True,False,False,False,554,336,2,,,,,,,1,1,,0,0,0,1,3.0
HVF,Meta,Meta description does not align to main ranking keyword,https://www.chewy.com/f/puppy-fetch-toys_c317_f5v9065,True,Update meta-description templates to reflect the primary ranking phrase.,fetch toys for new dogs on sale,FETCH TOYS FOR PUPPIES (Free Shipping) | Chewy,46,"Shop Chewy for the best deals on Fetch Toys for Puppies and more with fast free shipping, low prices, and award-winning customer service. Read ratings and reviews so you can find the right Fetch Toys for Puppies for your pet.",225,fetch toys for new dogs on sale,Fetch Toys for Puppies,1,puppy-fetch-toys,True,True,False,False,True,False,False,False,55,332,2,,,,,,,1,1,14.0,0,1,0,0,1.0
HVF,Meta,Meta description does not align to main ranking keyword,https://www.chewy.com/f/unscented-dog-poop-bags_c354_f73v248843,True,Update meta-description templates to reflect the primary ranking phrase.,unscented dog poop bags,UNSCENTED DOG POOP BAGS (Free Shipping) | Chewy,47,"Shop Chewy for the best deals on No and more with fast free shipping, low prices, and award-winning customer service. Read ratings and reviews so you can find the right No for your pet.",185,unscented dog poop bags,Unscented Dog Poop Bags,1,unscented-dog-poop-bags,True,True,False,False,True,False,False,False,23,354,2,,,,,,,1,1,12.0,0,1,0,0,1.0
HVF,Meta,Meta description does not align to main ranking keyword,https://www.chewy.com/f/metal-pooper-scoopers-dogs_c354_f7v942889,True,Update meta-description templates to reflect the primary ranking phrase.,metal pooper scoopers,METAL POOPER SCOOPERS FOR DOGS (Free Shipping) | Chewy,54,"Shop Chewy for the best deals on No and more with fast free shipping, low prices, and award-winning customer service. Read ratings and reviews so you can find the right No for your pet.",185,metal pooper scoopers,Metal Pooper Scoopers for Dogs,1,metal-pooper-scoopers-dogs,True,True,False,False,True,False,False,False,21,330,2,,,,,,,3,3,6.0,2,1,0,0,3.0
HVF,Meta,Meta description does not align to main ranking keyword,https://www.chewy.com/f/wood-dog-chew-toys_c316_f7v64298,True,Update meta-description templates to reflect the primary ranking phrase.,wood dog toys,WOODEN CHEW TOYS FOR DOGS (Free Shipping) | Chewy,49,"Shop Chewy for the best deals on Wooden Chew Toys for Dogs and more with fast free shipping, low prices, and award-winning customer service. Read ratings and reviews so you can find the right Wooden Chew Toys for Dogs for your pet.",231,wood dog toys,Wooden Chew Toys for Dogs,1,wood-dog-chew-toys,True,True,False,False,True,False,False,False,258,369,2,,,,,,,2,2,9.0,2,0,0,0,4.0
HVF,Meta,Meta description does not align to main ranking keyword,https://www.chewy.com/f/standard-cat-leashes-collars_c400_f59v84904,True,Update meta-description templates to reflect the primary ranking phrase.,top rated cat leashes collars bowls and id tags by chewy,STANDARD CAT LEASHES & COLLARS (Free Shipping) | Chewy,54,"Shop Chewy for the best deals on Standard Cat Leashes & Collars and more with fast free shipping, low prices, and award-winning customer service. Read ratings and reviews so you can find the right Standard Cat Leashes & Collars for your pet.",241,top rated cat leashes collars bowls and id tags by chewy,Standard Cat Leashes & Collars,1,standard-cat-leashes-collars,True,True,False,False,True,False,False,False,83,358,2,,,,,,,2,2,24.0,0,0,1,1,1.0
HVF,Meta,Meta description does not align to main ranking keyword,https://www.chewy.com/f/frisco-cat-leashes-collars_c400_f1v396533,True,Update meta-description templates to reflect the primary ranking phrase.,top rated cat leashes collars bowls and id tags by chewy,FRISCO CAT LEASHES & COLLARS (Free Shipping) | Chewy,52,"Shop Chewy for the best deals on Frisco Cat Leashes & Collars and more with fast free shipping, low prices, and award-winning customer service. Read ratings and reviews so you can find the right Frisco Cat Leashes & Collars for your pet.",237,top rated cat leashes collars bowls and id tags by chewy,Frisco Cat Leashes & Collars,1,frisco-cat-leashes-collars,True,True,False,False,True,False,False,False,33,354,2,,,,,,,2,2,19.0,0,1,0,1,1.0
HVF,Meta,Meta description does not align to main ranking keyword,https://www.chewy.com/f/vet-recommended-senior-dog-food_c459_f50v614683,True,Update meta-description templates to reflect the primary ranking phrase.,veterinary diet dog food for aging care,VET RECOMMENDED SENIOR DOG FOOD (Free Shipping) | Chewy,55,"Shop Chewy for the best deals on Vet Recommended Senior Dog Food and more with fast free shipping, low prices, and award-winning customer service. Read ratings and reviews so you can find the right Vet Recommended Senior Dog Food for your pet.",243,veterinary diet dog food for aging care,Vet Recommended Senior Dog Food,1,vet-recommended-senior-dog-food,True,True,False,False,True,False,False,False,22,323,2,,,,,,,1,1,,0,0,0,1,1.0
HVF,Meta,Meta description does not align to main ranking keyword,https://www.chewy.com/f/blue-jay-feeders_c1744_f55v696299,True,Update meta-description templates to reflect the primary ranking phrase.,feeders for blue jays,BLUE JAY FEEDERS | CHEWY,24,"Shop Chewy for low prices on the best bird feeders and waterers. Whether you're looking for a feeder or waterer for an indoor or for an outdoor bird, Chewy has a wide selection of feeders and waterers you'll love. *FREE* shipping on orders $49+ and the BEST customer service!",275,feeders for blue jays,Blue Jay Feeders,1,blue-jay-feeders,True,True,False,False,True,False,False,True,29,351,2,,,,,,,4,4,11.0,2,1,0,1,8.0
HVF,Meta,Meta description does not align to main ranking keyword,https://www.chewy.com/f/pine-siskin-feeders_c1744_f55v696314,True,Update meta-description templates to reflect the primary ranking phrase.,pine siskin feeders,PINE SISKIN FEEDERS | CHEWY,27,"Shop Chewy for low prices on the best bird feeders and waterers. Whether you're looking for a feeder or waterer for an indoor or for an outdoor bird, Chewy has a wide selection of feeders and waterers you'll love. *FREE* shipping on orders $49+ and the BEST customer service!",275,pine siskin feeders,Pine Siskin Feeders,1,pine-siskin-feeders,True,True,False,False,True,False,False,True,27,332,2,,,,,,,1,1,16.0,0,1,0,0,1.0
HVF,Meta,Meta description does not align to main ranking keyword,https://www.chewy.com/f/appetite-stimulation-dog-vitamins_c374_f50v70485,True,Update meta-description templates to reflect the primary ranking phrase.,appetite stimulant for dogs,APPETITE STIMULATION DOG VITAMINS & SUPPLEMENTS (Free Shipping) | Chewy,71,"Shop Chewy for the best deals on Appetite Stimulation Dog Vitamins & Supplements and more with fast free shipping, low prices, and award-winning customer service. Read ratings and reviews so you can find the right Appetite Stimulation Dog Vitamins & Supplements for your pet.",275,appetite stimulant for dogs,Appetite Stimulation Dog Vitamins & Supplements,1,appetite-stimulation-dog-vitamins,True,True,False,False,True,False,False,True,471,408,2,,,,,,,3,3,10.0,2,1,0,0,3.0
HVF,Meta,Meta description does not align to main ranking keyword,https://www.chewy.com/f/glucosamine-supplements-dogs_c374_f199v664807,True,Update meta-description templates to reflect the primary ranking phrase.,chewy joint supplement,GLUCOSAMINE SUPPLEMENTS FOR DOGS (Free Shipping) | Chewy,56,"Shop Chewy for low prices and the best dog vitamins & supplements that can improve your pup's health, wellness and vitality. Dog vitamins help a dog’s body to function properly, regulating everything from dog digestive health, skin & coat care, allergy & immune system to muscle growth. *FREE* shipping on orders $49+ and the BEST customer service.",348,chewy joint supplement,Glucosamine Supplements for Dogs,1,glucosamine-supplements-dogs,True,True,False,False,True,False,False,True,575,456,2,,,,,,,1,1,,0,0,0,1,1.0
HVF,Meta,Meta description does not align to main ranking keyword,https://www.chewy.com/f/fish-oil-dogs_c374_f199v679584,True,Update meta-description templates to reflect the primary ranking phrase.,chewy fish oil for dogs,FISH OIL FOR DOGS (Free Shipping) | Chewy,41,"Shop Chewy for low prices and the best dog vitamins & supplements that can improve your pup's health, wellness and vitality. Dog vitamins help a dog’s body to function properly, regulating everything from dog digestive health, skin & coat care, allergy & immune system to muscle growth. *FREE* shipping on orders $49+ and the BEST customer service.",348,chewy fish oil for dogs,Fish Oil for Dogs,1,fish-oil-dogs,True,True,False,False,True,False,False,True,581,458,2,good,1937.0,good,0.01,,,1,1,1.0,1,0,0,0,7.0
HVF,Meta,Meta description does not align to main ranking keyword,https://www.chewy.com/f/vitamin-d-dogs_c374_f199v679589,True,Update meta-description templates to reflect the primary ranking phrase.,vitamin d for dogs,VITAMIN D FOR DOGS (Free Shipping) | Chewy,42,"Shop Chewy for low prices and the best dog vitamins & supplements that can improve your pup's health, wellness and vitality. Dog vitamins help a dog’s body to function properly, regulating everything from dog digestive health, skin & coat care, allergy & immune system to muscle growth. *FREE* shipping on orders $49+ and the BEST customer service.",348,vitamin d for dogs,Vitamin D for Dogs,1,vitamin-d-dogs,True,True,False,False,True,False,False,True,557,454,2,,,,,,,2,2,24.5,0,1,1,0,1.0
HVF,Meta,Meta description does not align to main ranking keyword,https://www.chewy.com/f/dog-vitamins-omega-3_c374_f199v679585,True,Update meta-description templates to reflect the primary ranking phrase.,chewy fish oil for dogs,OMEGA 3 FISH OIL FOR DOGS (Free Shipping) | Chewy,49,"Shop Chewy for low prices and the best dog vitamins & supplements that can improve your pup's health, wellness and vitality. Dog vitamins help a dog’s body to function properly, regulating everything from dog digestive health, skin & coat care, allergy & immune system to muscle growth. *FREE* shipping on orders $49+ and the BEST customer service.",348,chewy fish oil for dogs,Omega 3 Fish Oil For Dogs,1,dog-vitamins-omega,True,True,False,False,True,False,False,True,578,457,2,,,,,,,1,1,4.0,1,0,0,0,7.0
HVF,Meta,Meta description does not align to main ranking keyword,https://www.chewy.com/f/dog-vitamins-probiotics_c374_f199v679583,True,Update meta-description templates to reflect the primary ranking phrase.,best multivitamin with probiotic for dogs,DOG VITAMINS WITH PROBIOTICS (Free Shipping) | Chewy,52,"Shop Chewy for low prices and the best dog vitamins & supplements that can improve your pup's health, wellness and vitality. Dog vitamins help a dog’s body to function properly, regulating everything from dog digestive health, skin & coat care, allergy & immune system to muscle growth. *FREE* shipping on orders $49+ and the BEST customer service.",348,best multivitamin with probiotic for dogs,Dog Vitamins With Probiotics,1,dog-vitamins-probiotics,True,True,False,False,True,False,False,False,570,455,2,,,,,,,2,2,5.0,1,0,0,1,2.0
HVF,Meta,Meta description does not align to main ranking keyword,https://www.chewy.com/f/salmon-oil-dogs_c374_f199v808600,True,Update meta-description templates to reflect the primary ranking phrase.,salmon oil for dogs,SALMON OIL FOR DOGS (Free Shipping) | Chewy,43,"Shop Chewy for low prices and the best dog vitamins & supplements that can improve your pup's health, wellness and vitality. Dog vitamins help a dog’s body to function properly, regulating everything from dog digestive health, skin & coat care, allergy & immune system to muscle growth. *FREE* shipping on orders $49+ and the BEST customer service.",348,salmon oil for dogs,Salmon Oil for Dogs,1,salmon-oil-dogs,True,True,False,False,True,False,False,True,542,443,2,,,,,,,6,5,19.0,1,2,2,1,2.0
HVF,Meta,Meta description does not align to main ranking keyword,https://www.chewy.com/f/psyllium-dogs_c374_f199v664814,True,Update meta-description templates to reflect the primary ranking phrase.,psyllium husk for dogs,PSYLLIUM FOR DOGS (Free Shipping) | Chewy,41,"Shop Chewy for low prices and the best dog vitamins & supplements that can improve your pup's health, wellness and vitality. Dog vitamins help a dog’s body to function properly, regulating everything from dog digestive health, skin & coat care, allergy & immune system to muscle growth. *FREE* shipping on orders $49+ and the BEST customer service.",348,psyllium husk for dogs,Psyllium For Dogs,1,psyllium-dogs,True,True,False,False,True,False,False,True,437,409,2,,,,,,,3,3,6.0,3,0,0,0,18.0
HVF,Meta,Meta description does not align to main ranking keyword,https://www.chewy.com/f/krill-oil-dogs_c374_f199v830164,True,Update meta-description templates to reflect the primary ranking phrase.,krill oil dogs,KRILL OIL FOR DOGS (Free Shipping) | Chewy,42,"Shop Chewy for low prices and the best dog vitamins & supplements that can improve your pup's health, wellness and vitality. Dog vitamins help a dog’s body to function properly, regulating everything from dog digestive health, skin & coat care, allergy & immune system to muscle growth. *FREE* shipping on orders $49+ and the BEST customer service.",348,krill oil dogs,Krill Oil for Dogs,1,krill-oil-dogs,True,True,False,False,True,False,False,True,502,418,2,,,,,,,1,1,21.0,0,0,1,0,1.0
HVF,Meta,Meta description does not align to main ranking keyword,https://www.chewy.com/f/l-lysine-dogs_c374_f199v830165,True,Update meta-description templates to reflect the primary ranking phrase.,lysine dogs,L-LYSINE FOR DOGS (Free Shipping) | Chewy,41,"Shop Chewy for low prices and the best dog vitamins & supplements that can improve your pup's health, wellness and vitality. Dog vitamins help a dog’s body to function properly, regulating everything from dog digestive health, skin & coat care, allergy & immune system to muscle growth. *FREE* shipping on orders $49+ and the BEST customer service.",348,lysine dogs,L-Lysine for Dogs,1,l-lysine-dogs,True,True,False,False,True,False,False,False,438,389,2,,,,,,,1,1,7.0,1,0,0,0,5.0
HVF,Meta,Meta description does not align to main ranking keyword,https://www.chewy.com/f/orange-cat-balls_c329_f51v257518,True,Update meta-description templates to reflect the primary ranking phrase.,orange cat balls,ORANGE BALL TOYS FOR CATS (Free Shipping) | Chewy,49,"Shop Chewy for the best deals on Orange Ball Toys for Cats and more with fast free shipping, low prices, and award-winning customer service. Read ratings and reviews so you can find the right Orange Ball Toys for Cats for your pet.",231,orange cat balls,Orange Ball Toys for Cats,1,orange-cat-balls,True,True,False,False,True,False,False,False,26,327,2,,,,,,,1,1,6.0,1,0,0,0,1.0
HVF,Meta,Meta description does not align to main ranking keyword,https://www.chewy.com/f/horse-dewormer-paste_c10437_f83v377634,True,Update meta-description templates to reflect the primary ranking phrase.,chewy horse wormer,HORSE DEWORMER PASTE | CHEWY,28,"Shop Chewy for low prices and the best Dewormers products! We carry a large selection and the top brands like Bimeda, STRONGID, and more. Find everything you need in one place. FREE shipping on orders $49+ and the BEST customer service!",236,chewy horse wormer,Horse Dewormer Paste,1,horse-dewormer-paste,True,True,False,False,True,False,False,True,2,332,2,,,,,,,1,1,20.0,0,1,0,0,1.0
HVF,Meta,Meta description does not align to main ranking keyword,https://www.chewy.com/f/horse-dewormer-pellets_c10437_f83v231350,True,Update meta-description templates to reflect the primary ranking phrase.,horse dewormer pellets,HORSE DEWORMER PELLETS | CHEWY,30,"Shop Chewy for low prices and the best Dewormers products! We carry a large selection and the top brands like Safe-Guard, Farnam, and more. Find everything you need in one place. FREE shipping on orders $49+ and the BEST customer service!",238,horse dewormer pellets,Horse Dewormer Pellets,1,horse-dewormer-pellets,True,True,False,False,True,False,False,True,2,317,2,,,,,,,2,2,6.5,2,0,0,0,1.0
HVF,Meta,Meta description does not align to main ranking keyword,https://www.chewy.com/f/cat-urine-test_c2690_f106v503295,True,Update meta-description templates to reflect the primary ranking phrase.,cat urine test,CAT URINE TESTS (Free Shipping) | Chewy,39,"Shop Chewy for low prices and the best Test Kits! We carry a large selection and the top brands like CheckUp, PetTest, and more. Find everything you need in one place. FREE shipping on orders $49+ and the BEST customer service!",227,cat urine test,Cat Urine Tests,1,cat-urine-test,True,True,False,False,True,False,False,False,4,328,2,,,,,,,1,1,,0,0,0,1,1.0
HVF,Meta,Meta description does not align to main ranking keyword,https://www.chewy.com/f/giant-dog-stress-anxiety_c379_f6v13793,True,Update meta-description templates to reflect the primary ranking phrase.,calming treats large dogs,GIANT DOG STRESS & ANXIETY (Free Shipping) | Chewy,50,"Shop Chewy for the best deals on Giant Dog Stress & Anxiety and more with fast free shipping, low prices, and award-winning customer service. Read ratings and reviews so you can find the right Giant Dog Stress & Anxiety for your pet.",233,calming treats large dogs,Giant Dog Stress & Anxiety,1,giant-dog-stress-anxiety,True,True,False,False,True,False,False,False,42,351,2,,,,,,,2,2,16.0,0,1,0,1,1.0
HVF,Meta,Meta description does not align to main ranking keyword,https://www.chewy.com/f/dog-calming-diffuser_c379_f164v203027,True,Update meta-description templates to reflect the primary ranking phrase.,best calming diffusers for dogs,DOG CALMING DIFFUSER (Free Shipping) | Chewy,44,"Shop Chewy for the best deals on Dog Calming Diffuser and more with fast free shipping, low prices, and award-winning customer service. Read ratings and reviews so you can find the right Dog Calming Diffuser for your pet.",221,best calming diffusers for dogs,Dog Calming Diffuser,1,dog-calming-diffuser,True,True,False,False,True,False,False,False,46,336,2,,,,,,,9,9,8.11,9,0,0,0,2.0
HVF,Meta,Meta description does not align to main ranking keyword,https://www.chewy.com/f/paste-dog-digestive-health_c1565_f83v377634,True,Update meta-description templates to reflect the primary ranking phrase.,probiotic pastes for dogs,DOG DIGESTIVE HEALTH SUPPLEMENTS PASTE (Free Shipping) | Chewy,62,"Shop Chewy for the best deals on Dog Digestive Health Supplements Paste and more with fast free shipping, low prices, and award-winning customer service. Read ratings and reviews so you can find the right Dog Digestive Health Supplements Paste for your pet.",257,probiotic pastes for dogs,Dog Digestive Health Supplements Paste,1,paste-dog-digestive-health,True,True,False,False,True,False,False,False,21,327,2,,,,,,,2,2,11.0,1,1,0,0,1.0
HVF,Meta,Meta description does not align to main ranking keyword,https://www.chewy.com/f/blue-jay-food_c950_f55v696299,True,Update meta-description templates to reflect the primary ranking phrase.,blue jay food,BLUE JAY FOOD - BLUE JAY BIRD SEED AND MORE | CHEWY,51,"Shop Chewy for low prices on wild bird food. From wild bird seed, suet dough, no waste bird seed, premium wild bird food and more from the top-rated brands, Chewy has what you're looking for in all sizes from small bags to bulk +20 lb bags. *FREE* shipping on orders $49+ and the BEST customer service!",302,blue jay food,Blue Jay Food,1,blue-jay-food,True,True,False,False,True,False,False,True,50,376,2,,,,,,,8,7,16.57,1,3,3,1,2.0
HVF,Meta,Meta description does not align to main ranking keyword,https://www.chewy.com/f/tufted-titmouse-food_c950_f55v696323,True,Update meta-description templates to reflect the primary ranking phrase.,tufted titmouse food,TITMOUSE FOOD - TUFTED TITMOUSE FOOD AND MORE | CHEWY,53,"Shop Chewy for low prices on wild bird food. From wild bird seed, suet dough, no waste bird seed, premium wild bird food and more from the top-rated brands, Chewy has what you're looking for in all sizes from small bags to bulk +20 lb bags. *FREE* shipping on orders $49+ and the BEST customer service!",302,tufted titmouse food,Tufted Titmouse Food,1,tufted-titmouse-food,True,True,False,False,True,False,False,True,50,376,2,,,,,,,5,4,19.0,1,0,3,1,1.0
HVF,Meta,Meta description does not align to main ranking keyword,https://www.chewy.com/f/vitamin-b12-cats_c417_f199v19729366,True,Update meta-description templates to reflect the primary ranking phrase.,b12 for cats,VITAMIN B12 FOR CATS (Free Shipping) | Chewy,44,"Shop Chewy for low prices and the best cat vitamins & supplements that can improve your cat's health, wellness and vitality. Cat vitamins help a cat’s body to function properly, regulating everything from cat digestive health, skin & coat care, allergy & immune system to heart & liver care. *FREE* shipping on orders $49+ and the BEST customer service.",353,b12 for cats,Vitamin B12 for Cats,1,vitamin-b12-cats,True,False,False,False,True,False,False,False,154,419,2,,,,,,,1,1,17.0,0,1,0,0,3.0
HVF,Meta,Meta description does not align to main ranking keyword,https://www.chewy.com/f/psyllium-cats_c417_f199v664814,True,Update meta-description templates to reflect the primary ranking phrase.,psyllium for cats,PSYLLIUM FOR CATS (Free Shipping) | Chewy,41,"Shop Chewy for low prices and the best cat vitamins & supplements that can improve your cat's health, wellness and vitality. Cat vitamins help a cat’s body to function properly, regulating everything from cat digestive health, skin & coat care, allergy & immune system to heart & liver care. *FREE* shipping on orders $49+ and the BEST customer service.",353,psyllium for cats,Psyllium For Cats,1,psyllium-cats,True,True,False,False,True,False,False,True,131,398,2,,,,,,,3,3,4.67,3,0,0,0,16.0
HVF,Meta,Meta description does not align to main ranking keyword,https://www.chewy.com/f/melatonin-cats_c417_f199v19729342,True,Update meta-description templates to reflect the primary ranking phrase.,melatonin for cats,MELATONIN FOR CATS (Free Shipping) | Chewy,42,"Shop Chewy for low prices and the best cat vitamins & supplements that can improve your cat's health, wellness and vitality. Cat vitamins help a cat’s body to function properly, regulating everything from cat digestive health, skin & coat care, allergy & immune system to heart & liver care. *FREE* shipping on orders $49+ and the BEST customer service.",353,melatonin for cats,Melatonin for Cats,1,melatonin-cats,True,False,False,False,True,False,False,False,134,386,2,,,,,,,1,1,,0,0,0,1,1.0
HVF,Meta,Meta description does not align to main ranking keyword,https://www.chewy.com/f/dog-shampoo-conditionerforshedding_c358_f50v17379,True,Update meta-description templates to reflect the primary ranking phrase.,best deshedding conditioner for dogs,DOG SHAMPOO AND CONDITIONER FOR SHEDDING (Free Shipping) | Chewy,64,"Shop Chewy for the best deals on Dog Shampoo and Conditioner for Shedding and more with fast free shipping, low prices, and award-winning customer service. Read ratings and reviews so you can find the right Dog Shampoo and Conditioner for Shedding for your pet.",261,best deshedding conditioner for dogs,Dog Shampoo and Conditioner for Shedding,1,dog-shampoo-conditionerforshedding,True,True,False,False,True,False,False,False,70,364,2,,,,,,,2,2,28.0,0,0,1,1,1.0
HVF,Meta,Meta description does not align to main ranking keyword,https://www.chewy.com/f/birds-choice_f1v540047,True,Update meta-description templates to reflect the primary ranking phrase.,birds choice,Birds Choice - Free shipping | Chewy,36,"Shop Chewy for low prices and the best products! We carry a large selection and the top brands like Frisco, Littlearth, and more. Find everything you need in one place. FREE shipping on orders $49+ and the BEST customer service!",228,birds choice,Birds Choice,1,birds-choice,True,True,False,False,False,False,False,False,75,339,3,,,,,,,1,1,19.0,0,1,0,0,1.0
HVF,Meta,Meta description does not align to main ranking keyword,https://www.chewy.com/f/abdragons_f1v506877,True,Update meta-description templates to reflect the primary ranking phrase.,abdragons,ABDragons - Free shipping | Chewy,33,"Shop Chewy for low prices and the best products! We carry a large selection and the top brands like Frisco, Littlearth, and more. Find everything you need in one place. FREE shipping on orders $49+ and the BEST customer service!",228,abdragons,ABDragons,1,abdragons,True,True,False,False,False,False,False,False,184,339,3,,,,,,,1,1,8.0,1,0,0,0,1.0
HVF,Meta,Meta description does not align to main ranking keyword,https://www.chewy.com/f/mosaic-birds_f1v192902,True,Update meta-description templates to reflect the primary ranking phrase.,mosaic birds,Mosaic Birds - Free shipping | Chewy,36,"Shop Chewy for low prices and the best products! We carry a large selection and the top brands like Frisco, Littlearth, and more. Find everything you need in one place. FREE shipping on orders $49+ and the BEST customer service!",228,mosaic birds,Mosaic Birds,1,mosaic-birds,True,True,False,False,False,False,False,False,76,330,3,,,,,,,1,1,14.0,0,1,0,0,1.0
HVF,Meta,Meta description does not align to main ranking keyword,https://www.chewy.com/f/aquarium-filters-goldfish_c925_f54v68200,True,Update meta-description templates to reflect the primary ranking phrase.,best filter cartridges for goldfish,AQUARIUM FILTERS FOR GOLDFISH (Free Shipping) | Chewy,53,"Shop Chewy for the best deals on Aquarium Filters for Goldfish and more with fast free shipping, low prices, and award-winning customer service. Read ratings and reviews so you can find the right Aquarium Filters for Goldfish for your pet.",239,best filter cartridges for goldfish,Aquarium Filters for Goldfish,1,aquarium-filters-goldfish,True,True,False,False,True,False,False,False,32,354,3,,,,,,,1,1,29.0,0,0,1,0,1.0
HVF,Meta,Meta description does not align to main ranking keyword,https://www.chewy.com/f/happy-polly_f1v799156,True,Update meta-description templates to reflect the primary ranking phrase.,happy and polly,Happy & Polly - Free shipping | Chewy,37,"Shop Chewy for low prices and the best products! We carry a large selection and the top brands like Frisco, Littlearth, and more. Find everything you need in one place. FREE shipping on orders $49+ and the BEST customer service!",228,happy and polly,Happy & Polly,1,happy-polly,True,True,False,False,False,False,False,False,332,340,3,good,1661.0,needs,0.16000000000000003,,,3,2,10.67,1,2,0,0,5.0
HVF,Meta,Meta description does not align to main ranking keyword,https://www.chewy.com/f/pacific-pups-rescue_f1v751914,True,Update meta-description templates to reflect the primary ranking phrase.,pacific pups rescue dog toys,Pacific Pups Rescue - Free shipping | Chewy,43,"Shop Chewy for low prices and the best products! We carry a large selection and the top brands like Frisco, Littlearth, and more. Find everything you need in one place. FREE shipping on orders $49+ and the BEST customer service!",228,pacific pups rescue dog toys,Pacific Pups Rescue,1,pacific-pups-rescue,True,False,False,False,False,False,False,False,27,317,3,,,,,,,1,1,4.0,1,0,0,0,1.0
HVF,Meta,Meta description does not align to main ranking keyword,https://www.chewy.com/f/my-favorite-chicken_f1v110482,True,Update meta-description templates to reflect the primary ranking phrase.,my favorite chicken,My Favorite Chicken - Free shipping | Chewy,43,"Shop Chewy for low prices and the best products! We carry a large selection and the top brands like Frisco, Littlearth, and more. Find everything you need in one place. FREE shipping on orders $49+ and the BEST customer service!",228,my favorite chicken,My Favorite Chicken,1,my-favorite-chicken,True,True,False,False,False,False,False,False,34,336,3,,,,,,,1,1,23.0,0,0,1,0,1.0
HVF,Meta,Meta description does not align to main ranking keyword,https://www.chewy.com/f/natures-way-bird-products_f1v150683,True,Update meta-description templates to reflect the primary ranking phrase.,natures way bird products,Natures Way Bird Products - Free shipping | Chewy,49,"Shop Chewy for low prices and the best products! We carry a large selection and the top brands like Frisco, Littlearth, and more. Find everything you need in one place. FREE shipping on orders $49+ and the BEST customer service!",228,natures way bird products,Natures Way Bird Products,1,natures-way-bird-products,True,True,False,False,False,False,False,False,80,339,3,,,,,,,1,1,18.0,0,1,0,0,1.0
HVF,Meta,Meta description does not align to main ranking keyword,https://www.chewy.com/f/durvet_f1v433703,True,Update meta-description templates to reflect the primary ranking phrase.,durvet,Durvet - Free shipping | Chewy,30,"Shop Chewy for low prices and the best products! We carry a large selection and the top brands like Frisco, Littlearth, and more. Find everything you need in one place. FREE shipping on orders $49+ and the BEST customer service!",228,durvet,Durvet,1,durvet,True,True,False,False,False,False,False,False,117,339,3,,,,,,,1,1,,0,0,0,1,3.0
HVF,Meta,Meta description does not align to main ranking keyword,https://www.chewy.com/f/standlee_f1v468575,True,Update meta-description templates to reflect the primary ranking phrase.,standlee,Standlee - Free shipping | Chewy,32,"Shop Chewy for low prices and the best products! We carry a large selection and the top brands like Frisco, Littlearth, and more. Find everything you need in one place. FREE shipping on orders $49+ and the BEST customer service!",228,standlee,Standlee,1,standlee,True,True,False,False,False,False,False,False,30,329,3,,,,,,,1,1,26.0,0,0,1,0,1.0
HVF,Meta,Meta description does not align to main ranking keyword,https://www.chewy.com/f/beloved-pets_f1v530377,True,Update meta-description templates to reflect the primary ranking phrase.,beloved pets,Beloved Pets - Free shipping | Chewy,36,"Shop Chewy for low prices and the best products! We carry a large selection and the top brands like Frisco, Littlearth, and more. Find everything you need in one place. FREE shipping on orders $49+ and the BEST customer service!",228,beloved pets,Beloved Pets,1,beloved-pets,True,True,False,False,False,False,False,False,61,339,3,,,,,,,1,1,6.0,1,0,0,0,1.0
HVF,Meta,Meta description does not align to main ranking keyword,https://www.chewy.com/f/dry-dog-shampoos_c2445_f71v889957,True,Update meta-description templates to reflect the primary ranking phrase.,dry dog shampoos,DRY DOG SHAMPOOS (Free Shipping) | Chewy,40,"Shop Chewy for low prices and the best Shampoos products! We carry a large selection and the top brands like TropiClean, Davis, and more. Find everything you need in one place. FREE shipping on orders $49+ and the BEST customer service!",236,dry dog shampoos,Dry Dog Shampoos,1,dry-dog-shampoos,True,True,False,False,True,False,False,False,69,336,3,,,,,,,1,1,16.0,0,1,0,0,1.0
HVF,Meta,Meta description does not align to main ranking keyword,https://www.chewy.com/f/shedding-control-dog-shampoos_c2445_f50v17379,True,Update meta-description templates to reflect the primary ranking phrase.,best deshedding shampoo and conditioner for dogs,SHEDDING CONTROL DOG SHAMPOOS (Free Shipping) | Chewy,53,"Shop Chewy for the best deals on Shedding Control Dog Shampoos and more with fast free shipping, low prices, and award-winning customer service. Read ratings and reviews so you can find the right Shedding Control Dog Shampoos for your pet.",239,best deshedding shampoo and conditioner for dogs,Shedding Control Dog Shampoos,1,shedding-control-dog-shampoos,True,True,False,False,True,False,False,False,66,364,3,,,,,,,2,2,24.5,0,0,2,0,1.0
HVF,Meta,Meta description does not align to main ranking keyword,https://www.chewy.com/f/cruelty-free-dog-shampoos_c2445_f71v373216,True,Update meta-description templates to reflect the primary ranking phrase.,cruelty free dog shampoos,CRUELTY-FREE DOG SHAMPOOS (Free Shipping) | Chewy,49,"Shop Chewy for low prices and the best Shampoos products! We carry a large selection and the top brands like TropiClean, Earthbath, and more. Find everything you need in one place. FREE shipping on orders $49+ and the BEST customer service!",240,cruelty free dog shampoos,Cruelty-Free Dog Shampoos,1,cruelty-free-dog-shampoos,True,True,False,False,True,False,False,False,67,368,3,,,,,,,1,1,1.0,1,0,0,0,2.0
HVF,Meta,Meta description does not align to main ranking keyword,https://www.chewy.com/f/detangling-dog-shampoos_c2445_f71v373217,True,Update meta-description templates to reflect the primary ranking phrase.,best detangling shampoo for dogs,DETANGLING DOG SHAMPOOS (Free Shipping) | Chewy,47,"Shop Chewy for the best deals on Detangling Dog Shampoos and more with fast free shipping, low prices, and award-winning customer service. Read ratings and reviews so you can find the right Detangling Dog Shampoos for your pet.",227,best detangling shampoo for dogs,Detangling Dog Shampoos,1,detangling-dog-shampoos,True,True,False,False,True,False,False,False,65,363,3,,,,,,,3,3,4.67,3,0,0,0,2.0
HVF,Meta,Meta description does not align to main ranking keyword,https://www.chewy.com/f/dog-gates-pet-door_c1465_f96v373239,True,Update meta-description templates to reflect the primary ranking phrase.,chewy baby gate,DOG GATES WITH DOOR (Free Shipping) | Chewy,43,"Shop Chewy for the best deals on Dog Gates with Door and more with fast free shipping, low prices, and award-winning customer service. Read ratings and reviews so you can find the right Dog Gates with Door for your pet.",219,chewy baby gate,Dog Gates with Door,1,dog-gates-pet-door,True,True,False,False,True,False,False,False,52,370,3,,,,,,,1,1,10.0,1,0,0,0,7.0
HVF,Meta,Meta description does not align to main ranking keyword,https://www.chewy.com/f/outdoor-dog-gates-stairs_c1465_f96v802014,True,Update meta-description templates to reflect the primary ranking phrase.,chewy baby gate,OUTDOOR DOG GATES (Free Shipping) | Chewy,41,"Shop Chewy for the best deals on Outdoor Dog Gates and more with fast free shipping, low prices, and award-winning customer service. Read ratings and reviews so you can find the right Outdoor Dog Gates for your pet.",215,chewy baby gate,Outdoor Dog Gates,1,outdoor-dog-gates-stairs,True,True,False,False,True,False,False,False,45,344,3,,,,,,,1,1,24.0,0,0,1,0,15.0
HVF,Meta,Meta description does not align to main ranking keyword,https://www.chewy.com/f/pawhut_f1v706256,True,Update meta-description templates to reflect the primary ranking phrase.,pawhut,PawHut - Free shipping | Chewy,30,"Shop Chewy for low prices and the best products! We carry a large selection and the top brands like Frisco, Littlearth, and more. Find everything you need in one place. FREE shipping on orders $49+ and the BEST customer service!",228,pawhut,PawHut,1,pawhut,True,True,False,False,False,False,False,False,591,339,3,,,,,,,1,1,17.0,0,1,0,0,1.0
HVF,Meta,Meta description does not align to main ranking keyword,https://www.chewy.com/f/oneisall_f1v505067,True,Update meta-description templates to reflect the primary ranking phrase.,oneisall,OneIsAll - Free shipping | Chewy,32,"Shop Chewy for low prices and the best products! We carry a large selection and the top brands like Frisco, Littlearth, and more. Find everything you need in one place. FREE shipping on orders $49+ and the BEST customer service!",228,oneisall,OneIsAll,1,oneisall,True,True,False,False,False,False,False,False,54,340,3,good,1834.0,needs,0.12000000000000001,,,1,1,12.0,0,1,0,0,3.0
HVF,Meta,Meta description does not align to main ranking keyword,https://www.chewy.com/f/eaton-pet-pasture_f1v391748,True,Update meta-description templates to reflect the primary ranking phrase.,eaton pet and pasture,Eaton Pet & Pasture - Free shipping | Chewy,43,"Shop Chewy for low prices and the best products! We carry a large selection and the top brands like Frisco, Littlearth, and more. Find everything you need in one place. FREE shipping on orders $49+ and the BEST customer service!",228,eaton pet and pasture,Eaton Pet & Pasture,1,eaton-pet-pasture,True,True,False,False,False,False,False,False,15,315,3,,,,,,,1,1,5.0,1,0,0,0,2.0
HVF,Meta,Meta description does not align to main ranking keyword,https://www.chewy.com/f/tuff-stuff-products_f1v185009,True,Update meta-description templates to reflect the primary ranking phrase.,tuff stuff products,Tuff Stuff Products - Free shipping | Chewy,43,"Shop Chewy for low prices and the best products! We carry a large selection and the top brands like Frisco, Littlearth, and more. Find everything you need in one place. FREE shipping on orders $49+ and the BEST customer service!",228,tuff stuff products,Tuff Stuff Products,1,tuff-stuff-products,True,True,False,False,False,False,False,False,87,335,3,,,,,,,1,1,12.0,0,1,0,0,2.0
HVF,Meta,Meta description does not align to main ranking keyword,https://www.chewy.com/f/slowton_f1v493686,True,Update meta-description templates to reflect the primary ranking phrase.,slowton,SlowTon - Free shipping | Chewy,31,"Shop Chewy for low prices and the best products! We carry a large selection and the top brands like Frisco, Littlearth, and more. Find everything you need in one place. FREE shipping on orders $49+ and the BEST customer service!",228,slowton,SlowTon,1,slowton,True,True,False,False,False,False,False,False,34,313,3,,,,,,,1,1,8.0,1,0,0,0,1.0
HVF,Meta,Meta description does not align to main ranking keyword,https://www.chewy.com/f/ruff-dawg_f1v224348,True,Update meta-description templates to reflect the primary ranking phrase.,ruff dawg,Ruff Dawg - Free shipping | Chewy,33,"Shop Chewy for low prices and the best products! We carry a large selection and the top brands like Frisco, Littlearth, and more. Find everything you need in one place. FREE shipping on orders $49+ and the BEST customer service!",228,ruff dawg,Ruff Dawg,1,ruff-dawg,True,True,False,False,False,False,False,False,151,336,3,,,,,,,2,2,8.0,2,0,0,0,2.0
HVF,Meta,Meta description does not align to main ranking keyword,https://www.chewy.com/f/dandylion_f1v501870,True,Update meta-description templates to reflect the primary ranking phrase.,dandylion,Dandylion - Free shipping | Chewy,33,"Shop Chewy for low prices and the best products! We carry a large selection and the top brands like Frisco, Littlearth, and more. Find everything you need in one place. FREE shipping on orders $49+ and the BEST customer service!",228,dandylion,Dandylion,1,dandylion,True,True,False,False,False,False,False,False,20,319,3,,,,,,,1,1,16.0,0,1,0,0,1.0
HVF,Meta,Meta description does not align to main ranking keyword,https://www.chewy.com/f/rabbit-tunnels_c2387_f56v68185,True,Update meta-description templates to reflect the primary ranking phrase.,rabbit tunnel toy,RABBIT TUNNELS (Free Shipping) | Chewy,38,"Shop Chewy for the best deals on Rabbit Tunnels and more with fast free shipping, low prices, and award-winning customer service. Read ratings and reviews so you can find the right Rabbit Tunnels for your pet.",209,rabbit tunnel toy,Rabbit Tunnels,1,rabbit-tunnels,True,True,False,False,True,False,False,False,12,326,3,,,,,,,2,2,14.0,0,1,0,1,2.0
HVF,Meta,Meta description does not align to main ranking keyword,https://www.chewy.com/f/pampered-chicken-mama_f1v487255,True,Update meta-description templates to reflect the primary ranking phrase.,pampered chicken mama,Pampered Chicken Mama - Free shipping | Chewy,45,"Shop Chewy for low prices and the best products! We carry a large selection and the top brands like Frisco, Littlearth, and more. Find everything you need in one place. FREE shipping on orders $49+ and the BEST customer service!",228,pampered chicken mama,Pampered Chicken Mama,1,pampered-chicken-mama,True,True,False,False,False,False,False,False,74,333,3,,,,,,,1,1,6.0,1,0,0,0,1.0
HVF,Meta,Meta description does not align to main ranking keyword,https://www.chewy.com/f/natures-ocean_f1v388555,True,Update meta-description templates to reflect the primary ranking phrase.,nature's ocean,Nature's Ocean - Free shipping | Chewy,38,"Shop Chewy for low prices and the best products! We carry a large selection and the top brands like Frisco, Littlearth, and more. Find everything you need in one place. FREE shipping on orders $49+ and the BEST customer service!",228,nature's ocean,Nature's Ocean,1,natures-ocean,True,True,False,False,False,False,False,False,19,319,3,,,,,,,2,2,4.0,2,0,0,0,1.0
HVF,Meta,Meta description does not align to main ranking keyword,https://www.chewy.com/f/ecostrong_f1v191778,True,Update meta-description templates to reflect the primary ranking phrase.,ecostrong,EcoStrong - Free shipping | Chewy,33,"Shop Chewy for low prices and the best products! We carry a large selection and the top brands like Frisco, Littlearth, and more. Find everything you need in one place. FREE shipping on orders $49+ and the BEST customer service!",228,ecostrong,EcoStrong,1,ecostrong,True,True,False,False,False,False,False,False,26,318,3,,,,,,,1,1,14.0,0,1,0,0,1.0
HVF,Meta,Meta description does not align to main ranking keyword,https://www.chewy.com/f/kitty-city_f1v355637,True,Update meta-description templates to reflect the primary ranking phrase.,kitty city,Kitty City - Free shipping | Chewy,34,"Shop Chewy for low prices and the best products! We carry a large selection and the top brands like Frisco, Littlearth, and more. Find everything you need in one place. FREE shipping on orders $49+ and the BEST customer service!",228,kitty city,Kitty City,1,kitty-city,True,True,False,False,False,False,False,False,144,340,3,,,,,,,2,2,10.0,1,1,0,0,5.0
HVF,Meta,Meta description does not align to main ranking keyword,https://www.chewy.com/f/small-pet-select_f1v451576,True,Update meta-description templates to reflect the primary ranking phrase.,small pet select,Small Pet Select - Free shipping | Chewy,40,"Shop Chewy for low prices and the best products! We carry a large selection and the top brands like Frisco, Littlearth, and more. Find everything you need in one place. FREE shipping on orders $49+ and the BEST customer service!",228,small pet select,Small Pet Select,1,small-pet-select,True,True,False,False,False,False,False,False,185,339,3,,,,,,,1,1,4.0,1,0,0,0,1.0
HVF,Meta,Meta description does not align to main ranking keyword,https://www.chewy.com/f/healthy-haircare_f1v471078,True,Update meta-description templates to reflect the primary ranking phrase.,healthy haircare,Healthy HairCare - Free shipping | Chewy,40,"Shop Chewy for low prices and the best products! We carry a large selection and the top brands like Frisco, Littlearth, and more. Find everything you need in one place. FREE shipping on orders $49+ and the BEST customer service!",228,healthy haircare,Healthy HairCare,1,healthy-haircare,True,True,False,False,False,False,False,False,8,308,3,,,,,,,1,1,,0,0,0,1,1.0
HVF,Meta,Meta description does not align to main ranking keyword,https://www.chewy.com/f/cafe-nara_f1v506166,True,Update meta-description templates to reflect the primary ranking phrase.,cafe nara,Cafe Nara - Free shipping | Chewy,33,"Shop Chewy for low prices and the best products! We carry a large selection and the top brands like Frisco, Littlearth, and more. Find everything you need in one place. FREE shipping on orders $49+ and the BEST customer service!",228,cafe nara,Cafe Nara,1,cafe-nara,True,True,False,False,False,False,False,False,43,334,3,,,,,,,1,1,,0,0,0,1,1.0
HVF,Meta,Meta description does not align to main ranking keyword,https://www.chewy.com/f/melody-select_f1v152880,True,Update meta-description templates to reflect the primary ranking phrase.,melody select,Melody Select - Free shipping | Chewy,37,"Shop Chewy for low prices and the best products! We carry a large selection and the top brands like Frisco, Littlearth, and more. Find everything you need in one place. FREE shipping on orders $49+ and the BEST customer service!",228,melody select,Melody Select,1,melody-select,True,True,False,False,False,False,False,False,10,308,3,,,,,,,1,1,21.0,0,0,1,0,1.0
HVF,Meta,Meta description does not align to main ranking keyword,https://www.chewy.com/f/underwater-treasures_f1v110240,True,Update meta-description templates to reflect the primary ranking phrase.,underwater treasures,Underwater Treasures - Free shipping | Chewy,44,"Shop Chewy for low prices and the best products! We carry a large selection and the top brands like Frisco, Littlearth, and more. Find everything you need in one place. FREE shipping on orders $49+ and the BEST customer service!",228,underwater treasures,Underwater Treasures,1,underwater-treasures,True,True,False,False,False,False,False,False,338,339,3,,,,,,,1,1,5.0,1,0,0,0,2.0
HVF,Meta,Meta description does not align to main ranking keyword,https://www.chewy.com/f/wild-harvest_f1v432052,True,Update meta-description templates to reflect the primary ranking phrase.,wild harvest,Wild Harvest - Free shipping | Chewy,36,"Shop Chewy for low prices and the best products! We carry a large selection and the top brands like Frisco, Littlearth, and more. Find everything you need in one place. FREE shipping on orders $49+ and the BEST customer service!",228,wild harvest,Wild Harvest,1,wild-harvest,True,True,False,False,False,False,False,False,45,339,3,,,,,,,2,2,14.0,1,0,1,0,1.0
HVF,Meta,Meta description does not align to main ranking keyword,https://www.chewy.com/f/small-dog-harnesses_c347_f6v13790,True,Update meta-description templates to reflect the primary ranking phrase.,harnesses for toy dogs,SMALL BREED DOG HARNESSES (Free Shipping) | Chewy,49,"Shop Chewy for the best deals on Small Breed Dog Harnesses and more with fast free shipping, low prices, and award-winning customer service. Read ratings and reviews so you can find the right Small Breed Dog Harnesses for your pet.",231,harnesses for toy dogs,Small Breed Dog Harnesses,1,small-dog-harnesses,True,True,False,False,True,False,False,True,232,394,3,good,1799.0,needs,0.135,,,2,1,21.5,0,0,2,0,8.0
HVF,Meta,Meta description does not align to main ranking keyword,https://www.chewy.com/f/giant-breeds-dog-harnesses_c347_f6v13793,True,Update meta-description templates to reflect the primary ranking phrase.,big harness for dog,XL DOG HARNESSES (Free Shipping) | Chewy,40,"Find XL dog harnesses with XXL, XXXL, extra-large, and giant-dog options designed for secure walks, better control, comfort, and dependable fit.",144,big harness for dog,XL Dog Harnesses,1,giant-breeds-dog-harnesses,True,True,False,False,True,False,False,True,229,394,3,,,,,,,6,6,12.33,2,4,0,0,20.0
HVF,Meta,Meta description does not align to main ranking keyword,https://www.chewy.com/f/aqua-natural_f1v397440,True,Update meta-description templates to reflect the primary ranking phrase.,aqua natural,Aqua Natural - Free shipping | Chewy,36,"Shop Chewy for low prices and the best products! We carry a large selection and the top brands like Frisco, Littlearth, and more. Find everything you need in one place. FREE shipping on orders $49+ and the BEST customer service!",228,aqua natural,Aqua Natural,1,aqua-natural,True,False,False,False,False,False,False,False,60,339,3,,,,,,,1,1,11.0,0,1,0,0,1.0
HVF,Meta,Meta description does not align to main ranking keyword,https://www.chewy.com/f/ramard_f1v226819,True,Update meta-description templates to reflect the primary ranking phrase.,ramard,Ramard - Free shipping | Chewy,30,"Shop Chewy for low prices and the best products! We carry a large selection and the top brands like Frisco, Littlearth, and more. Find everything you need in one place. FREE shipping on orders $49+ and the BEST customer service!",228,ramard,Ramard,1,ramard,True,True,False,False,False,False,False,False,14,315,3,,,,,,,1,1,14.0,0,1,0,0,1.0
HVF,Meta,Meta description does not align to main ranking keyword,https://www.chewy.com/f/natural-dog-company_f1v496029,True,Update meta-description templates to reflect the primary ranking phrase.,natural dog company,Natural Dog Company - Free shipping | Chewy,43,"Shop Chewy for low prices and the best products! We carry a large selection and the top brands like Frisco, Littlearth, and more. Find everything you need in one place. FREE shipping on orders $49+ and the BEST customer service!",228,natural dog company,Natural Dog Company,1,natural-dog-company,True,True,False,False,False,False,False,False,71,340,3,,,,,,,1,1,9.0,1,0,0,0,2.0
HVF,Meta,Meta description does not align to main ranking keyword,https://www.chewy.com/f/anti-bacterial-dog-wipes_c357_f50v349214,True,Update meta-description templates to reflect the primary ranking phrase.,anti bacterial dog wipes,ANTIBACTERIAL WIPES FOR DOGS (Free Shipping) | Chewy,52,"Shop antibacterial wipes for dogs and grooming wipes for quick cleanup after walks, muddy paws, outdoor play, travel, minor messes, and daily freshening.",153,anti bacterial dog wipes,Antibacterial Wipes for Dogs,1,anti-bacterial-dog-wipes,True,True,False,False,True,False,False,True,35,353,3,,,,,,,1,1,12.0,0,1,0,0,5.0
HVF,Meta,Meta description does not align to main ranking keyword,https://www.chewy.com/f/bark-bistro-company_f1v730631,True,Update meta-description templates to reflect the primary ranking phrase.,bark bistro company,Bark Bistro Company - Free shipping | Chewy,43,"Shop Chewy for low prices and the best products! We carry a large selection and the top brands like Frisco, Littlearth, and more. Find everything you need in one place. FREE shipping on orders $49+ and the BEST customer service!",228,bark bistro company,Bark Bistro Company,1,bark-bistro-company,True,True,False,False,False,False,False,False,31,333,3,,,,,,,1,1,5.0,1,0,0,0,1.0
HVF,Meta,Meta description does not align to main ranking keyword,https://www.chewy.com/f/petami_f1v182947,True,Update meta-description templates to reflect the primary ranking phrase.,petami,PetAmi - Free shipping | Chewy,30,"Shop Chewy for low prices and the best products! We carry a large selection and the top brands like Frisco, Littlearth, and more. Find everything you need in one place. FREE shipping on orders $49+ and the BEST customer service!",228,petami,PetAmi,1,petami,True,True,False,False,False,False,False,False,491,339,3,,,,,,,1,1,7.0,1,0,0,0,2.0
HVF,Meta,Meta description does not align to main ranking keyword,https://www.chewy.com/f/hh-pets_f1v251942,True,Update meta-description templates to reflect the primary ranking phrase.,handh pets,H&H Pets - Free shipping | Chewy,32,"Shop Chewy for low prices and the best products! We carry a large selection and the top brands like Frisco, Littlearth, and more. Find everything you need in one place. FREE shipping on orders $49+ and the BEST customer service!",228,handh pets,H&H Pets,1,hh-pets,True,True,False,False,False,False,False,False,33,323,3,,,,,,,1,1,4.0,1,0,0,0,1.0
HVF,Meta,Meta description does not align to main ranking keyword,https://www.chewy.com/f/natural-bird-nests_c962_f64v494619,True,Update meta-description templates to reflect the primary ranking phrase.,eco friendly bird litter nesting,NATURAL BIRD NESTS (Free Shipping) | Chewy,42,"Shop Chewy for the best deals on Natural Bird Nests and more with fast free shipping, low prices, and award-winning customer service. Read ratings and reviews so you can find the right Natural Bird Nests for your pet.",217,eco friendly bird litter nesting,Natural Bird Nests,1,natural-bird-nests,True,True,False,False,True,False,False,False,9,334,3,,,,,,,1,1,1.0,1,0,0,0,1.0
HVF,Meta,Meta description does not align to main ranking keyword,https://www.chewy.com/f/coziwow_f1v849429,True,Update meta-description templates to reflect the primary ranking phrase.,coziwow,Coziwow - Free shipping | Chewy,31,"Shop Chewy for low prices and the best products! We carry a large selection and the top brands like Frisco, Littlearth, and more. Find everything you need in one place. FREE shipping on orders $49+ and the BEST customer service!",228,coziwow,Coziwow,1,coziwow,True,True,False,False,False,False,False,False,233,340,3,,,,,,,1,1,13.0,0,1,0,0,1.0
HVF,Meta,Meta description does not align to main ranking keyword,https://www.chewy.com/f/kruses-perfection-brand_f1v122541,True,Update meta-description templates to reflect the primary ranking phrase.,kruse's perfection brand,Kruse's Perfection Brand - Free shipping | Chewy,48,"Shop Chewy for low prices and the best products! We carry a large selection and the top brands like Frisco, Littlearth, and more. Find everything you need in one place. FREE shipping on orders $49+ and the BEST customer service!",228,kruse's perfection brand,Kruse's Perfection Brand,1,kruses-perfection-brand,True,True,False,False,False,False,False,False,35,336,3,,,,,,,2,2,7.0,2,0,0,0,2.0
HVF,Meta,Meta description does not align to main ranking keyword,https://www.chewy.com/f/northfin_f1v803148,True,Update meta-description templates to reflect the primary ranking phrase.,northfin,NorthFin - Free shipping | Chewy,32,"Shop Chewy for low prices and the best products! We carry a large selection and the top brands like Frisco, Littlearth, and more. Find everything you need in one place. FREE shipping on orders $49+ and the BEST customer service!",228,northfin,NorthFin,1,northfin,True,True,False,False,False,False,False,False,79,332,3,,,,,,,1,1,11.0,0,1,0,0,1.0
HVF,Meta,Meta description does not align to main ranking keyword,https://www.chewy.com/f/joshs-frogs_f1v115666,True,Update meta-description templates to reflect the primary ranking phrase.,josh's frogs,Josh's Frogs - Free shipping | Chewy,36,"Shop Chewy for low prices and the best products! We carry a large selection and the top brands like Frisco, Littlearth, and more. Find everything you need in one place. FREE shipping on orders $49+ and the BEST customer service!",228,josh's frogs,Josh's Frogs,1,joshs-frogs,True,True,False,False,False,False,False,False,121,339,3,,,,,,,2,1,17.5,0,2,0,0,1.0
HVF,Meta,Meta description does not align to main ranking keyword,https://www.chewy.com/f/portland-pet-food-company_f1v323401,True,Update meta-description templates to reflect the primary ranking phrase.,portland pet food company,Portland Pet Food Company - Free shipping | Chewy,49,"Shop Chewy for low prices and the best products! We carry a large selection and the top brands like Frisco, Littlearth, and more. Find everything you need in one place. FREE shipping on orders $49+ and the BEST customer service!",228,portland pet food company,Portland Pet Food Company,1,portland-pet-food-company,True,True,False,False,False,False,False,False,23,320,3,,,,,,,1,1,20.0,0,1,0,0,1.0
HVF,Meta,Meta description does not align to main ranking keyword,https://www.chewy.com/f/equiderma_f1v396966,True,Update meta-description templates to reflect the primary ranking phrase.,equiderma,Equiderma - Free shipping | Chewy,33,"Shop Chewy for low prices and the best products! We carry a large selection and the top brands like Frisco, Littlearth, and more. Find everything you need in one place. FREE shipping on orders $49+ and the BEST customer service!",228,equiderma,Equiderma,1,equiderma,True,False,False,False,False,False,False,False,13,313,3,,,,,,,1,1,8.0,1,0,0,0,1.0
HVF,Meta,Meta description does not align to main ranking keyword,https://www.chewy.com/f/sullivan-supply_f1v469739,True,Update meta-description templates to reflect the primary ranking phrase.,sullivan supply,Sullivan Supply - Free shipping | Chewy,39,"Shop Chewy for low prices and the best products! We carry a large selection and the top brands like Frisco, Littlearth, and more. Find everything you need in one place. FREE shipping on orders $49+ and the BEST customer service!",228,sullivan supply,Sullivan Supply,1,sullivan-supply,True,True,False,False,False,False,False,False,276,339,3,,,,,,,1,1,,0,0,0,1,2.0
HVF,Meta,Meta description does not align to main ranking keyword,https://www.chewy.com/f/canned-puppy-food_c11231_f52v219669,True,Update meta-description templates to reflect the primary ranking phrase.,chewy soft dog food,CANNED PUPPY FOOD | CHEWY,25,Discover canned wet puppy food at Chewy. We offer a wide selection of the healthiest puppy food options from top brands. Shop now and get free shipping on orders $49+!,167,chewy soft dog food,Canned Puppy Food,1,canned-puppy-food,True,True,False,False,True,False,False,False,10,356,3,,,,,,,1,1,12.0,0,1,0,0,1.0
HVF,Meta,Meta description does not align to main ranking keyword,https://www.chewy.com/f/odoban_f1v112453,True,Update meta-description templates to reflect the primary ranking phrase.,odoban,OdoBan - Free shipping | Chewy,30,"Shop Chewy for low prices and the best products! We carry a large selection and the top brands like Frisco, Littlearth, and more. Find everything you need in one place. FREE shipping on orders $49+ and the BEST customer service!",228,odoban,OdoBan,1,odoban,True,True,False,False,False,False,False,False,23,325,3,,,,,,,1,1,18.0,0,1,0,0,3.0
HVF,Meta,Meta description does not align to main ranking keyword,https://www.chewy.com/f/shires-equestrian-products_f1v508400,True,Update meta-description templates to reflect the primary ranking phrase.,shires equestrian products,Shires Equestrian Products - Free shipping | Chewy,50,"Shop Chewy for low prices and the best products! We carry a large selection and the top brands like Frisco, Littlearth, and more. Find everything you need in one place. FREE shipping on orders $49+ and the BEST customer service!",228,shires equestrian products,Shires Equestrian Products,1,shires-equestrian-products,True,True,False,False,False,False,False,False,1359,339,3,,,,,,,1,1,22.0,0,0,1,0,1.0
HVF,Meta,Meta description does not align to main ranking keyword,https://www.chewy.com/f/bluebonnet-feeds_f1v402944,True,Update meta-description templates to reflect the primary ranking phrase.,bluebonnet feeds,Bluebonnet Feeds - Free shipping | Chewy,40,"Shop Chewy for low prices and the best products! We carry a large selection and the top brands like Frisco, Littlearth, and more. Find everything you need in one place. FREE shipping on orders $49+ and the BEST customer service!",228,bluebonnet feeds,Bluebonnet Feeds,1,bluebonnet-feeds,True,True,False,False,False,False,False,False,49,339,3,,,,,,,2,2,12.0,1,1,0,0,4.0
HVF,Meta,Meta description does not align to main ranking keyword,https://www.chewy.com/f/science-selective_f1v507393,True,Update meta-description templates to reflect the primary ranking phrase.,science selective,Science Selective - Free shipping | Chewy,41,"Shop Chewy for low prices and the best products! We carry a large selection and the top brands like Frisco, Littlearth, and more. Find everything you need in one place. FREE shipping on orders $49+ and the BEST customer service!",228,science selective,Science Selective,1,science-selective,True,True,False,False,False,False,False,False,62,337,3,,,,,,,2,2,8.0,1,0,0,1,1.0
HVF,Meta,Meta description does not align to main ranking keyword,https://www.chewy.com/f/pet-republique_f1v803140,True,Update meta-description templates to reflect the primary ranking phrase.,pet republique,Pet Republique - Free shipping | Chewy,38,"Shop Chewy for low prices and the best products! We carry a large selection and the top brands like Frisco, Littlearth, and more. Find everything you need in one place. FREE shipping on orders $49+ and the BEST customer service!",228,pet republique,Pet Republique,1,pet-republique,True,False,False,False,False,False,False,False,39,335,3,,,,,,,1,1,3.0,1,0,0,0,1.0
HVF,Meta,Meta description does not align to main ranking keyword,https://www.chewy.com/f/feandrea_f1v328011,True,Update meta-description templates to reflect the primary ranking phrase.,feandrea,FEANDREA - Free shipping | Chewy,32,"Shop Chewy for low prices and the best products! We carry a large selection and the top brands like Frisco, Littlearth, and more. Find everything you need in one place. FREE shipping on orders $49+ and the BEST customer service!",228,feandrea,FEANDREA,1,feandrea,True,True,False,False,False,False,False,False,149,339,3,,,,,,,1,1,9.0,1,0,0,0,3.0
HVF,Meta,Meta description does not align to main ranking keyword,https://www.chewy.com/f/chickadee-bird-houses_c11933_f55v696263,True,Update meta-description templates to reflect the primary ranking phrase.,chickadee cage,CHICKADEE BIRD HOUSES | CHEWY,29,"Shop Chewy for low prices and the best Bird Houses! We carry a large selection and the top brands like Glitzhome, SunGrow, and more. Find everything you need in one place. FREE shipping on orders $49+ and the BEST customer service!",231,chickadee cage,Chickadee Bird Houses,1,chickadee-bird-houses,True,True,False,False,True,False,False,True,9,353,3,,,,,,,1,1,,0,0,0,1,1.0
HVF,Meta,Meta description does not align to main ranking keyword,https://www.chewy.com/f/country-kitchen_f1v110000,True,Update meta-description templates to reflect the primary ranking phrase.,country kitchen dog treats,Country Kitchen - Free shipping | Chewy,39,"Shop Chewy for low prices and the best products! We carry a large selection and the top brands like Frisco, Littlearth, and more. Find everything you need in one place. FREE shipping on orders $49+ and the BEST customer service!",228,country kitchen dog treats,Country Kitchen,1,country-kitchen,True,True,False,False,False,False,False,False,51,339,3,,,,,,,1,1,4.0,1,0,0,0,1.0
HVF,Meta,Meta description does not align to main ranking keyword,https://www.chewy.com/f/icelandic_f1v815111,True,Update meta-description templates to reflect the primary ranking phrase.,icelandic dog treats,Icelandic+ - Free shipping | Chewy,34,"Shop Chewy for low prices and the best products! We carry a large selection and the top brands like Frisco, Littlearth, and more. Find everything you need in one place. FREE shipping on orders $49+ and the BEST customer service!",228,icelandic dog treats,Icelandic+,1,icelandic,True,False,False,False,False,False,False,False,77,339,3,,,,,,,2,2,12.0,1,1,0,0,1.0
HVF,Meta,Meta description does not align to main ranking keyword,https://www.chewy.com/f/andover-healthcare_f1v847735,True,Update meta-description templates to reflect the primary ranking phrase.,andover healthcare,Andover Healthcare - Free shipping | Chewy,42,"Shop Chewy for low prices and the best products! We carry a large selection and the top brands like Frisco, Littlearth, and more. Find everything you need in one place. FREE shipping on orders $49+ and the BEST customer service!",228,andover healthcare,Andover Healthcare,1,andover-healthcare,True,True,False,False,False,False,False,False,56,317,3,,,,,,,1,1,,0,0,0,1,1.0
HVF,Meta,Meta description does not align to main ranking keyword,https://www.chewy.com/f/caledon-farms_f1v539276,True,Update meta-description templates to reflect the primary ranking phrase.,caledon farms,Caledon Farms - Free shipping | Chewy,37,"Shop Chewy for low prices and the best products! We carry a large selection and the top brands like Frisco, Littlearth, and more. Find everything you need in one place. FREE shipping on orders $49+ and the BEST customer service!",228,caledon farms,Caledon Farms,1,caledon-farms,True,True,False,False,False,False,False,False,44,335,3,,,,,,,1,1,7.0,1,0,0,0,1.0
HVF,Meta,Meta description does not align to main ranking keyword,https://www.chewy.com/f/petsmont_f1v457853,True,Update meta-description templates to reflect the primary ranking phrase.,petsmont,Petsmont - Free shipping | Chewy,32,"Shop Chewy for low prices and the best products! We carry a large selection and the top brands like Frisco, Littlearth, and more. Find everything you need in one place. FREE shipping on orders $49+ and the BEST customer service!",228,petsmont,Petsmont,1,petsmont,True,True,False,False,False,False,False,False,8,309,3,,,,,,,1,1,7.0,1,0,0,0,2.0
HVF,Meta,Meta description does not align to main ranking keyword,https://www.chewy.com/f/great-jacks_f1v829265,True,Update meta-description templates to reflect the primary ranking phrase.,great jacks dog treats,Great Jack's - Free shipping | Chewy,36,"Shop Chewy for low prices and the best products! We carry a large selection and the top brands like Frisco, Littlearth, and more. Find everything you need in one place. FREE shipping on orders $49+ and the BEST customer service!",228,great jacks dog treats,Great Jack's,1,great-jacks,True,True,False,False,False,False,False,False,46,326,3,,,,,,,2,2,2.5,2,0,0,0,3.0
HVF,Meta,Meta description does not align to main ranking keyword,https://www.chewy.com/f/puppy-coats-jackets_c1903_f6v13790,True,Update meta-description templates to reflect the primary ranking phrase.,dog coats small dogs,PUPPY JACKETS & COATS | CHEWY,29,"Chewy has all the latest trends in cold and rainy weather puppy fashion�including rain, snow, and cool weather protection. No matter what your puppies personal style may be, we�re sure you�ll find just the right fit. *FREE* shipping on orders $49+ and the BEST customer service! Shop for all Puppy Jackets at Chewy.com.",319,dog coats small dogs,Puppy Jackets & Coats,1,puppy-coats-jackets,True,True,False,False,True,False,False,False,82,393,3,,,,,,,1,1,10.0,1,0,0,0,5.0
HVF,Meta,Meta description does not align to main ranking keyword,https://www.chewy.com/f/crumps-naturals_f1v219151,True,Update meta-description templates to reflect the primary ranking phrase.,crumps' naturals,Crumps' Naturals - Free shipping | Chewy,40,"Shop Chewy for low prices and the best products! We carry a large selection and the top brands like Frisco, Littlearth, and more. Find everything you need in one place. FREE shipping on orders $49+ and the BEST customer service!",228,crumps' naturals,Crumps' Naturals,1,crumps-naturals,True,True,False,False,False,False,False,False,55,339,3,,,,,,,1,1,10.0,1,0,0,0,2.0
HVF,Meta,Meta description does not align to main ranking keyword,https://www.chewy.com/f/oiibo_f1v286358,True,Update meta-description templates to reflect the primary ranking phrase.,oiibo,OiiBO - Free shipping | Chewy,29,"Shop Chewy for low prices and the best products! We carry a large selection and the top brands like Frisco, Littlearth, and more. Find everything you need in one place. FREE shipping on orders $49+ and the BEST customer service!",228,oiibo,OiiBO,1,oiibo,True,True,False,False,False,False,False,False,17,313,3,,,,,,,1,1,2.0,1,0,0,0,1.0
HVF,Meta,Meta description does not align to main ranking keyword,https://www.chewy.com/f/hudson-feeds_f1v224785,True,Update meta-description templates to reflect the primary ranking phrase.,hudson feeds,Hudson Feeds - Free shipping | Chewy,36,"Shop Chewy for low prices and the best products! We carry a large selection and the top brands like Frisco, Littlearth, and more. Find everything you need in one place. FREE shipping on orders $49+ and the BEST customer service!",228,hudson feeds,Hudson Feeds,1,hudson-feeds,True,True,False,False,False,False,False,False,15,317,3,,,,,,,2,2,5.0,2,0,0,0,1.0
HVF,Meta,Meta description does not align to main ranking keyword,https://www.chewy.com/f/power-walker_f1v399294,True,Update meta-description templates to reflect the primary ranking phrase.,power walker,Power Walker - Free shipping | Chewy,36,"Shop Chewy for low prices and the best products! We carry a large selection and the top brands like Frisco, Littlearth, and more. Find everything you need in one place. FREE shipping on orders $49+ and the BEST customer service!",228,power walker,Power Walker,1,power-walker,True,False,False,False,False,False,False,False,17,307,3,,,,,,,1,1,17.0,0,1,0,0,1.0
HVF,Meta,Meta description does not align to main ranking keyword,https://www.chewy.com/f/finest-pets_f1v418888,True,Update meta-description templates to reflect the primary ranking phrase.,finest for pets,Finest for Pets - Free shipping | Chewy,39,"Shop Chewy for low prices and the best products! We carry a large selection and the top brands like Frisco, Littlearth, and more. Find everything you need in one place. FREE shipping on orders $49+ and the BEST customer service!",228,finest for pets,Finest for Pets,1,finest-pets,True,True,False,False,False,False,False,False,10,308,3,,,,,,,1,1,6.0,1,0,0,0,1.0
HVF,Meta,Meta description does not align to main ranking keyword,https://www.chewy.com/f/pawbee_f1v180498,True,Update meta-description templates to reflect the primary ranking phrase.,pawbee,PAWBEE - Free shipping | Chewy,30,"Shop Chewy for low prices and the best products! We carry a large selection and the top brands like Frisco, Littlearth, and more. Find everything you need in one place. FREE shipping on orders $49+ and the BEST customer service!",228,pawbee,PAWBEE,1,pawbee,True,False,False,False,False,False,False,False,12,314,3,,,,,,,1,1,5.0,1,0,0,0,1.0
HVF,Meta,Meta description does not align to main ranking keyword,https://www.chewy.com/f/millers-forge_f1v112637,True,Update meta-description templates to reflect the primary ranking phrase.,millers forge,Millers Forge - Free shipping | Chewy,37,"Shop Chewy for low prices and the best products! We carry a large selection and the top brands like Frisco, Littlearth, and more. Find everything you need in one place. FREE shipping on orders $49+ and the BEST customer service!",228,millers forge,Millers Forge,1,millers-forge,True,True,False,False,False,False,False,False,8,306,3,,,,,,,1,1,21.0,0,0,1,0,4.0
HVF,Meta,Meta description does not align to main ranking keyword,https://www.chewy.com/f/orchard-grass-hay_c11094_f124v643875,True,Update meta-description templates to reflect the primary ranking phrase.,orchard grass hay,ORCHARD GRASS HAY | CHEWY,25,"Shop Chewy for low prices and the best Hay products! We carry a large selection and the top brands like Rabbit Hole Hay, Oxbow, and more. Find everything you need in one place. FREE shipping on orders $49+ and the BEST customer service!",236,orchard grass hay,Orchard Grass Hay,1,orchard-grass-hay,True,True,False,False,True,False,False,False,17,346,3,,,,,,,1,1,,0,0,0,1,1.0
HVF,Meta,Meta description does not align to main ranking keyword,https://www.chewy.com/f/small-dog-crates-accessories_c369_f6v13790,True,Update meta-description templates to reflect the primary ranking phrase.,best extra small breed puppy crates pens and gates,SMALL DOG CRATES (Free Shipping) | Chewy,40,"Find small dog crates and compact crates for small dogs, with options for house-training, travel, rest, safe containment, and comfortable den spaces.",149,best extra small breed puppy crates pens and gates,Small Dog Crates,1,small-dog-crates-accessories,True,True,False,False,True,False,False,True,96,385,3,,,,,,,7,7,7.71,3,4,0,0,16.0
HVF,Meta,Meta description does not align to main ranking keyword,https://www.chewy.com/f/tortoise-cleaning-maintenance_c1051_f57v68273,True,Update meta-description templates to reflect the primary ranking phrase.,tortoise tank cleaner,TORTOISE CLEANING & MAINTENANCE (Free Shipping) | Chewy,55,"Shop Chewy for the best deals on Tortoise Cleaning & Maintenance and more with fast free shipping, low prices, and award-winning customer service. Read ratings and reviews so you can find the right Tortoise Cleaning & Maintenance for your pet.",243,tortoise tank cleaner,Tortoise Cleaning & Maintenance,1,tortoise-cleaning-maintenance,True,True,False,False,True,False,False,False,41,342,3,,,,,,,6,6,8.6,4,1,0,1,1.0
HVF,Meta,Meta description does not align to main ranking keyword,https://www.chewy.com/f/artisan-inspired_f1v433342,True,Update meta-description templates to reflect the primary ranking phrase.,artisan inspired,Artisan Inspired - Free shipping | Chewy,40,"Shop Chewy for low prices and the best products! We carry a large selection and the top brands like Frisco, Littlearth, and more. Find everything you need in one place. FREE shipping on orders $49+ and the BEST customer service!",228,artisan inspired,Artisan Inspired,1,artisan-inspired,True,True,False,False,False,False,False,False,4,306,3,,,,,,,1,1,9.0,1,0,0,0,1.0
HVF,Meta,Meta description does not align to main ranking keyword,https://www.chewy.com/f/bueteka_f1v322302,True,Update meta-description templates to reflect the primary ranking phrase.,bueteka,Bueteka - Free shipping | Chewy,31,"Shop Chewy for low prices and the best products! We carry a large selection and the top brands like Frisco, Littlearth, and more. Find everything you need in one place. FREE shipping on orders $49+ and the BEST customer service!",228,bueteka,Bueteka,1,bueteka,True,True,False,False,False,False,False,False,21,323,3,,,,,,,1,1,2.0,1,0,0,0,1.0
HVF,Meta,Meta description does not align to main ranking keyword,https://www.chewy.com/f/birdie-louie_f1v257433,True,Update meta-description templates to reflect the primary ranking phrase.,birdie and louie,Birdie & Louie - Free shipping | Chewy,38,"Shop Chewy for low prices and the best products! We carry a large selection and the top brands like Frisco, Littlearth, and more. Find everything you need in one place. FREE shipping on orders $49+ and the BEST customer service!",228,birdie and louie,Birdie & Louie,1,birdie-louie,True,True,False,False,False,False,False,False,21,323,3,good,1666.0,good,0.055,,,2,2,11.5,1,1,0,0,10.0
HVF,Meta,Meta description does not align to main ranking keyword,https://www.chewy.com/f/aa-aquarium_f1v216963,True,Update meta-description templates to reflect the primary ranking phrase.,aa aquarium,AA Aquarium - Free shipping | Chewy,35,"Shop Chewy for low prices and the best products! We carry a large selection and the top brands like Frisco, Littlearth, and more. Find everything you need in one place. FREE shipping on orders $49+ and the BEST customer service!",228,aa aquarium,AA Aquarium,1,aa-aquarium,True,True,False,False,False,False,False,False,10,310,3,,,,,,,1,1,8.0,1,0,0,0,1.0
HVF,Meta,Meta description does not align to main ranking keyword,https://www.chewy.com/f/adams_f1v331105,True,Update meta-description templates to reflect the primary ranking phrase.,adams dog grooming supplies,ADAMS - Free shipping | Chewy,29,"Shop Chewy for low prices and the best products! We carry a large selection and the top brands like Frisco, Littlearth, and more. Find everything you need in one place. FREE shipping on orders $49+ and the BEST customer service!",228,adams dog grooming supplies,ADAMS,1,adams,True,True,False,False,False,False,False,False,35,329,3,,,,,,,1,1,23.0,0,0,1,0,1.0
HVF,Meta,Meta description does not align to main ranking keyword,https://www.chewy.com/f/alfa-pet_f1v543550,True,Update meta-description templates to reflect the primary ranking phrase.,alfa pet,Alfa Pet - Free shipping | Chewy,32,"Shop Chewy for low prices and the best products! We carry a large selection and the top brands like Frisco, Littlearth, and more. Find everything you need in one place. FREE shipping on orders $49+ and the BEST customer service!",228,alfa pet,Alfa Pet,1,alfa-pet,True,True,False,False,False,False,False,False,8,308,3,,,,,,,1,1,13.0,0,1,0,0,1.0
HVF,Meta,Meta description does not align to main ranking keyword,https://www.chewy.com/f/allisandro_f1v214714,True,Update meta-description templates to reflect the primary ranking phrase.,allisandro,Allisandro - Free shipping | Chewy,34,"Shop Chewy for low prices and the best products! We carry a large selection and the top brands like Frisco, Littlearth, and more. Find everything you need in one place. FREE shipping on orders $49+ and the BEST customer service!",228,allisandro,Allisandro,1,allisandro,True,True,False,False,False,False,False,False,441,340,3,,,,,,,1,1,7.0,1,0,0,0,1.0
HVF,Meta,Meta description does not align to main ranking keyword,https://www.chewy.com/f/alzoo_f1v114174,True,Update meta-description templates to reflect the primary ranking phrase.,alzoo,ALZOO - Free shipping | Chewy,29,"Shop Chewy for low prices and the best products! We carry a large selection and the top brands like Frisco, Littlearth, and more. Find everything you need in one place. FREE shipping on orders $49+ and the BEST customer service!",228,alzoo,ALZOO,1,alzoo,True,True,False,False,False,False,False,False,67,340,3,,,,,,,2,1,8.5,2,0,0,0,1.0
HVF,Meta,Meta description does not align to main ranking keyword,https://www.chewy.com/f/amazing-dog-treats_f1v473278,True,Update meta-description templates to reflect the primary ranking phrase.,amazing dog treats,Amazing Dog Treats - Free shipping | Chewy,42,"Shop Chewy for low prices and the best products! We carry a large selection and the top brands like Frisco, Littlearth, and more. Find everything you need in one place. FREE shipping on orders $49+ and the BEST customer service!",228,amazing dog treats,Amazing Dog Treats,1,amazing-dog-treats,True,True,False,False,False,False,False,False,49,339,3,,,,,,,1,1,3.0,1,0,0,0,1.0
HVF,Meta,Meta description does not align to main ranking keyword,https://www.chewy.com/f/amazing-nutritionals_f1v138744,True,Update meta-description templates to reflect the primary ranking phrase.,amazing nutritionals,Amazing Nutritionals - Free shipping | Chewy,44,"Shop Chewy for low prices and the best products! We carry a large selection and the top brands like Frisco, Littlearth, and more. Find everything you need in one place. FREE shipping on orders $49+ and the BEST customer service!",228,amazing nutritionals,Amazing Nutritionals,1,amazing-nutritionals,True,True,False,False,False,False,False,False,5,307,3,,,,,,,1,1,7.0,1,0,0,0,1.0
HVF,Meta,Meta description does not align to main ranking keyword,https://www.chewy.com/f/american-kennel-club-treats_f1v470601,True,Update meta-description templates to reflect the primary ranking phrase.,american kennel club treats,American Kennel Club Treats - Free shipping | Chewy,51,"Shop Chewy for low prices and the best products! We carry a large selection and the top brands like Frisco, Littlearth, and more. Find everything you need in one place. FREE shipping on orders $49+ and the BEST customer service!",228,american kennel club treats,American Kennel Club Treats,1,american-kennel-club-treats,True,True,False,False,False,False,False,False,12,314,3,,,,,,,1,1,,0,0,0,1,1.0
HVF,Meta,Meta description does not align to main ranking keyword,https://www.chewy.com/f/amici-pet_f1v294842,True,Update meta-description templates to reflect the primary ranking phrase.,amici pet,Amici Pet - Free shipping | Chewy,33,"Shop Chewy for low prices and the best products! We carry a large selection and the top brands like Frisco, Littlearth, and more. Find everything you need in one place. FREE shipping on orders $49+ and the BEST customer service!",228,amici pet,Amici Pet,1,amici-pet,True,True,False,False,False,False,False,False,7,310,3,,,,,,,1,1,,0,0,0,1,1.0
HVF,Meta,Meta description does not align to main ranking keyword,https://www.chewy.com/f/aquael_f1v287075,True,Update meta-description templates to reflect the primary ranking phrase.,aquael,Aquael - Free shipping | Chewy,30,"Shop Chewy for low prices and the best products! We carry a large selection and the top brands like Frisco, Littlearth, and more. Find everything you need in one place. FREE shipping on orders $49+ and the BEST customer service!",228,aquael,Aquael,1,aquael,True,True,False,False,False,False,False,False,44,329,3,,,,,,,1,1,20.0,0,1,0,0,1.0
HVF,Meta,Meta description does not align to main ranking keyword,https://www.chewy.com/f/arava-dead-sea-pet-spa_f1v492928,True,Update meta-description templates to reflect the primary ranking phrase.,arava dead sea pet spa,Arava Dead Sea Pet Spa - Free shipping | Chewy,46,"Shop Chewy for low prices and the best products! We carry a large selection and the top brands like Frisco, Littlearth, and more. Find everything you need in one place. FREE shipping on orders $49+ and the BEST customer service!",228,arava dead sea pet spa,Arava Dead Sea Pet Spa,1,arava-dead-sea-pet-spa,True,True,False,False,False,False,False,False,10,312,3,,,,,,,1,1,2.0,1,0,0,0,1.0
HVF,Meta,Meta description does not align to main ranking keyword,https://www.chewy.com/f/aroma-car_f1v259532,True,Update meta-description templates to reflect the primary ranking phrase.,aroma car,Aroma Car - Free shipping | Chewy,33,"Shop Chewy for low prices and the best products! We carry a large selection and the top brands like Frisco, Littlearth, and more. Find everything you need in one place. FREE shipping on orders $49+ and the BEST customer service!",228,aroma car,Aroma Car,1,aroma-car,True,True,False,False,False,False,False,False,4,307,3,,,,,,,1,1,16.0,0,1,0,0,1.0
HVF,Meta,Meta description does not align to main ranking keyword,https://www.chewy.com/f/assisi-animal-health_f1v392575,True,Update meta-description templates to reflect the primary ranking phrase.,assisi animal health,Assisi Animal Health - Free shipping | Chewy,44,"Shop Chewy for low prices and the best products! We carry a large selection and the top brands like Frisco, Littlearth, and more. Find everything you need in one place. FREE shipping on orders $49+ and the BEST customer service!",228,assisi animal health,Assisi Animal Health,1,assisi-animal-health,True,True,False,False,False,False,False,False,16,308,3,,,,,,,1,1,4.0,1,0,0,0,1.0
HVF,Meta,Meta description does not align to main ranking keyword,https://www.chewy.com/f/austin-kat_f1v497156,True,Update meta-description templates to reflect the primary ranking phrase.,austin and kat,Austin and Kat - Free shipping | Chewy,38,"Shop Chewy for low prices and the best products! We carry a large selection and the top brands like Frisco, Littlearth, and more. Find everything you need in one place. FREE shipping on orders $49+ and the BEST customer service!",228,austin and kat,Austin and Kat,1,austin-kat,True,True,False,False,False,False,False,False,36,332,3,,,,,,,1,1,3.0,1,0,0,0,1.0
HVF,Meta,Meta description does not align to main ranking keyword,https://www.chewy.com/f/aventix_f1v739770,True,Update meta-description templates to reflect the primary ranking phrase.,aventix,Aventix - Free shipping | Chewy,31,"Shop Chewy for low prices and the best products! We carry a large selection and the top brands like Frisco, Littlearth, and more. Find everything you need in one place. FREE shipping on orders $49+ and the BEST customer service!",228,aventix,Aventix,1,aventix,True,True,False,False,False,False,False,False,4,306,3,,,,,,,1,1,9.0,1,0,0,0,1.0
HVF,Meta,Meta description does not align to main ranking keyword,https://www.chewy.com/f/awoo_f1v226713,True,Update meta-description templates to reflect the primary ranking phrase.,awoo,Awoo - Free shipping | Chewy,28,"Shop Chewy for low prices and the best products! We carry a large selection and the top brands like Frisco, Littlearth, and more. Find everything you need in one place. FREE shipping on orders $49+ and the BEST customer service!",228,awoo,Awoo,1,awoo,True,True,False,False,False,False,False,False,252,339,3,,,,,,,1,1,12.0,0,1,0,0,2.0
HVF,Meta,Meta description does not align to main ranking keyword,https://www.chewy.com/f/b-vertigo_f1v363194,True,Update meta-description templates to reflect the primary ranking phrase.,b vertigo,B Vertigo - Free shipping | Chewy,33,"Shop Chewy for low prices and the best products! We carry a large selection and the top brands like Frisco, Littlearth, and more. Find everything you need in one place. FREE shipping on orders $49+ and the BEST customer service!",228,b vertigo,B Vertigo,1,b-vertigo,True,True,False,False,False,False,False,False,140,338,3,,,,,,,1,1,27.0,0,0,1,0,1.0
HVF,Meta,Meta description does not align to main ranking keyword,https://www.chewy.com/f/back-on-track_f1v465362,True,Update meta-description templates to reflect the primary ranking phrase.,back on track,Back on Track - Free shipping | Chewy,37,"Shop Chewy for low prices and the best products! We carry a large selection and the top brands like Frisco, Littlearth, and more. Find everything you need in one place. FREE shipping on orders $49+ and the BEST customer service!",228,back on track,Back on Track,1,back-on-track,True,True,False,False,False,False,False,False,133,338,3,,,,,,,1,1,19.0,0,1,0,0,1.0
HVF,Meta,Meta description does not align to main ranking keyword,https://www.chewy.com/f/bar-ale_f1v257780,True,Update meta-description templates to reflect the primary ranking phrase.,bar ale,Bar ALE - Free shipping | Chewy,31,"Shop Chewy for low prices and the best products! We carry a large selection and the top brands like Frisco, Littlearth, and more. Find everything you need in one place. FREE shipping on orders $49+ and the BEST customer service!",228,bar ale,Bar ALE,1,bar-ale,True,True,False,False,False,False,False,False,55,339,3,,,,,,,1,1,7.0,1,0,0,0,3.0
HVF,Meta,Meta description does not align to main ranking keyword,https://www.chewy.com/f/bark-whiskers_f1v155250,True,Update meta-description templates to reflect the primary ranking phrase.,bark and whiskers,Bark and Whiskers - Free shipping | Chewy,41,"Shop Chewy for low prices and the best products! We carry a large selection and the top brands like Frisco, Littlearth, and more. Find everything you need in one place. FREE shipping on orders $49+ and the BEST customer service!",228,bark and whiskers,Bark and Whiskers,1,bark-whiskers,True,True,False,False,False,False,False,False,36,338,3,,,,,,,1,1,5.0,1,0,0,0,1.0
HVF,Meta,Meta description does not align to main ranking keyword,https://www.chewy.com/f/bark-brite_f1v157659,True,Update meta-description templates to reflect the primary ranking phrase.,bark brite,Bark Brite - Free shipping | Chewy,34,"Shop Chewy for low prices and the best products! We carry a large selection and the top brands like Frisco, Littlearth, and more. Find everything you need in one place. FREE shipping on orders $49+ and the BEST customer service!",228,bark brite,Bark Brite,1,bark-brite,True,True,False,False,False,False,False,False,42,311,3,,,,,,,2,1,7.0,2,0,0,0,1.0
HVF,Meta,Meta description does not align to main ranking keyword,https://www.chewy.com/f/barking-buddha_f1v385929,True,Update meta-description templates to reflect the primary ranking phrase.,barking buddha,Barking Buddha - Free shipping | Chewy,38,"Shop Chewy for low prices and the best products! We carry a large selection and the top brands like Frisco, Littlearth, and more. Find everything you need in one place. FREE shipping on orders $49+ and the BEST customer service!",228,barking buddha,Barking Buddha,1,barking-buddha,True,False,False,False,False,False,False,False,25,327,3,,,,,,,1,1,,0,0,0,1,1.0
HVF,Meta,Meta description does not align to main ranking keyword,https://www.chewy.com/f/bass-brushes_f1v332403,True,Update meta-description templates to reflect the primary ranking phrase.,bass brushes,Bass Brushes - Free shipping | Chewy,36,"Shop Chewy for low prices and the best products! We carry a large selection and the top brands like Frisco, Littlearth, and more. Find everything you need in one place. FREE shipping on orders $49+ and the BEST customer service!",228,bass brushes,Bass Brushes,1,bass-brushes,True,True,False,False,False,False,False,False,29,313,3,,,,,,,1,1,12.0,0,1,0,0,1.0
HVF,Meta,Meta description does not align to main ranking keyword,https://www.chewy.com/f/baxter-boy_f1v497267,True,Update meta-description templates to reflect the primary ranking phrase.,baxter boy,Baxter Boy - Free shipping | Chewy,34,"Shop Chewy for low prices and the best products! We carry a large selection and the top brands like Frisco, Littlearth, and more. Find everything you need in one place. FREE shipping on orders $49+ and the BEST customer service!",228,baxter boy,Baxter Boy,1,baxter-boy,True,False,False,False,False,False,False,False,25,325,3,,,,,,,1,1,2.0,1,0,0,0,2.0
HVF,Meta,Meta description does not align to main ranking keyword,https://www.chewy.com/f/beg-barker_f1v149980,True,Update meta-description templates to reflect the primary ranking phrase.,beg and barker,Beg & Barker - Free shipping | Chewy,36,"Shop Chewy for low prices and the best products! We carry a large selection and the top brands like Frisco, Littlearth, and more. Find everything you need in one place. FREE shipping on orders $49+ and the BEST customer service!",228,beg and barker,Beg & Barker,1,beg-barker,True,True,False,False,False,False,False,False,21,322,3,,,,,,,1,1,3.0,1,0,0,0,1.0
HVF,Meta,Meta description does not align to main ranking keyword,https://www.chewy.com/f/benefab_f1v4862,True,Update meta-description templates to reflect the primary ranking phrase.,benefab,Benefab - Free shipping | Chewy,31,"Shop Chewy for low prices and the best products! We carry a large selection and the top brands like Frisco, Littlearth, and more. Find everything you need in one place. FREE shipping on orders $49+ and the BEST customer service!",228,benefab,Benefab,1,benefab,True,True,False,False,False,False,False,False,22,312,3,,,,,,,1,1,24.0,0,0,1,0,1.0
HVF,Meta,Meta description does not align to main ranking keyword,https://www.chewy.com/f/benny-bullys_f1v256404,True,Update meta-description templates to reflect the primary ranking phrase.,benny bullys,Benny Bullys - Free shipping | Chewy,36,"Shop Chewy for low prices and the best products! We carry a large selection and the top brands like Frisco, Littlearth, and more. Find everything you need in one place. FREE shipping on orders $49+ and the BEST customer service!",228,benny bullys,Benny Bullys,1,benny-bullys,True,True,False,False,False,False,False,False,49,339,3,,,,,,,2,2,3.0,2,0,0,0,1.0
HVF,Meta,Meta description does not align to main ranking keyword,https://www.chewy.com/f/best-friend-mobility_f1v472006,True,Update meta-description templates to reflect the primary ranking phrase.,best friend mobility,Best Friend Mobility - Free shipping | Chewy,44,"Shop Chewy for low prices and the best products! We carry a large selection and the top brands like Frisco, Littlearth, and more. Find everything you need in one place. FREE shipping on orders $49+ and the BEST customer service!",228,best friend mobility,Best Friend Mobility,1,best-friend-mobility,True,True,False,False,False,False,False,False,7,309,3,,,,,,,1,1,,0,0,0,1,1.0
HVF,Meta,Meta description does not align to main ranking keyword,https://www.chewy.com/f/best-paw-nutrition_f1v333508,True,Update meta-description templates to reflect the primary ranking phrase.,best paw nutrition,Best Paw Nutrition - Free shipping | Chewy,42,"Shop Chewy for low prices and the best products! We carry a large selection and the top brands like Frisco, Littlearth, and more. Find everything you need in one place. FREE shipping on orders $49+ and the BEST customer service!",228,best paw nutrition,Best Paw Nutrition,1,best-paw-nutrition,True,True,False,False,False,False,False,False,16,313,3,,,,,,,1,1,2.0,1,0,0,0,1.0
HVF,Meta,Meta description does not align to main ranking keyword,https://www.chewy.com/f/better-sporting-dogs_f1v189502,True,Update meta-description templates to reflect the primary ranking phrase.,better sporting dogs,Better Sporting Dogs - Free shipping | Chewy,44,"Shop Chewy for low prices and the best products! We carry a large selection and the top brands like Frisco, Littlearth, and more. Find everything you need in one place. FREE shipping on orders $49+ and the BEST customer service!",228,better sporting dogs,Better Sporting Dogs,1,better-sporting-dogs,True,True,False,False,False,False,False,False,14,315,3,,,,,,,2,1,8.0,2,0,0,0,1.0
HVF,Meta,Meta description does not align to main ranking keyword,https://www.chewy.com/f/beyondgreen_f1v355605,True,Update meta-description templates to reflect the primary ranking phrase.,beyondgreen,beyondGREEN - Free shipping | Chewy,35,"Shop Chewy for low prices and the best products! We carry a large selection and the top brands like Frisco, Littlearth, and more. Find everything you need in one place. FREE shipping on orders $49+ and the BEST customer service!",228,beyondgreen,beyondGREEN,1,beyondgreen,True,True,False,False,False,False,False,False,15,311,3,,,,,,,1,1,13.0,0,1,0,0,1.0
HVF,Meta,Meta description does not align to main ranking keyword,https://www.chewy.com/f/bio-groom_f1v532245,True,Update meta-description templates to reflect the primary ranking phrase.,bio-groom,Bio-Groom - Free shipping | Chewy,33,"Shop Chewy for low prices and the best products! We carry a large selection and the top brands like Frisco, Littlearth, and more. Find everything you need in one place. FREE shipping on orders $49+ and the BEST customer service!",228,bio-groom,Bio-Groom,1,bio-groom,True,True,False,False,False,False,False,False,135,340,3,,,,,,,1,1,19.0,0,1,0,0,1.0
HVF,Meta,Meta description does not align to main ranking keyword,https://www.chewy.com/f/biobag_f1v325839,True,Update meta-description templates to reflect the primary ranking phrase.,biobag,BioBag - Free shipping | Chewy,30,"Shop Chewy for low prices and the best products! We carry a large selection and the top brands like Frisco, Littlearth, and more. Find everything you need in one place. FREE shipping on orders $49+ and the BEST customer service!",228,biobag,BioBag,1,biobag,True,True,False,False,False,False,False,False,5,307,3,,,,,,,1,1,,0,0,0,1,1.0
HVF,Meta,Meta description does not align to main ranking keyword,https://www.chewy.com/f/biorb_f1v258592,True,Update meta-description templates to reflect the primary ranking phrase.,biorb,biOrb - Free shipping | Chewy,29,"Shop Chewy for low prices and the best products! We carry a large selection and the top brands like Frisco, Littlearth, and more. Find everything you need in one place. FREE shipping on orders $49+ and the BEST customer service!",228,biorb,biOrb,1,biorb,True,True,False,False,False,False,False,False,64,338,3,,,,,,,1,1,21.0,0,0,1,0,1.0
HVF,Meta,Meta description does not align to main ranking keyword,https://www.chewy.com/f/bird-houses-by-mark_f1v707126,True,Update meta-description templates to reflect the primary ranking phrase.,bird houses by mark,Bird Houses by Mark - Free shipping | Chewy,43,"Shop Chewy for low prices and the best products! We carry a large selection and the top brands like Frisco, Littlearth, and more. Find everything you need in one place. FREE shipping on orders $49+ and the BEST customer service!",228,bird houses by mark,Bird Houses by Mark,1,bird-houses-by-mark,True,True,False,False,False,False,False,False,29,317,3,,,,,,,1,1,9.0,1,0,0,0,1.0
HVF,Meta,Meta description does not align to main ranking keyword,https://www.chewy.com/f/bird-street-bistro_f1v748410,True,Update meta-description templates to reflect the primary ranking phrase.,bird street bistro parrot food,Bird Street Bistro - Free shipping | Chewy,42,"Shop Chewy for low prices and the best products! We carry a large selection and the top brands like Frisco, Littlearth, and more. Find everything you need in one place. FREE shipping on orders $49+ and the BEST customer service!",228,bird street bistro parrot food,Bird Street Bistro,1,bird-street-bistro,True,True,False,False,False,False,False,False,42,320,3,,,,,,,1,1,,0,0,0,1,1.0
HVF,Meta,Meta description does not align to main ranking keyword,https://www.chewy.com/f/birdrock-home_f1v361810,True,Update meta-description templates to reflect the primary ranking phrase.,birdrock home,BirdRock Home - Free shipping | Chewy,37,"Shop Chewy for low prices and the best products! We carry a large selection and the top brands like Frisco, Littlearth, and more. Find everything you need in one place. FREE shipping on orders $49+ and the BEST customer service!",228,birdrock home,BirdRock Home,1,birdrock-home,True,True,False,False,False,False,False,False,8,309,3,,,,,,,1,1,15.0,0,1,0,0,1.0
HVF,Meta,Meta description does not align to main ranking keyword,https://www.chewy.com/f/birds-love_f1v423698,True,Update meta-description templates to reflect the primary ranking phrase.,birds love,Birds LOVE - Free shipping | Chewy,34,"Shop Chewy for low prices and the best products! We carry a large selection and the top brands like Frisco, Littlearth, and more. Find everything you need in one place. FREE shipping on orders $49+ and the BEST customer service!",228,birds love,Birds LOVE,1,birds-love,True,True,False,False,False,False,False,False,31,318,3,,,,,,,1,1,,0,0,0,1,1.0
HVF,Meta,Meta description does not align to main ranking keyword,https://www.chewy.com/f/black-sheep-organics_f1v542407,True,Update meta-description templates to reflect the primary ranking phrase.,black sheep organics,Black Sheep Organics - Free shipping | Chewy,44,"Shop Chewy for low prices and the best products! We carry a large selection and the top brands like Frisco, Littlearth, and more. Find everything you need in one place. FREE shipping on orders $49+ and the BEST customer service!",228,black sheep organics,Black Sheep Organics,1,black-sheep-organics,True,True,False,False,False,False,False,False,11,313,3,,,,,,,1,1,4.0,1,0,0,0,1.0
HVF,Meta,Meta description does not align to main ranking keyword,https://www.chewy.com/f/bluegrass-animal-products_f1v215793,True,Update meta-description templates to reflect the primary ranking phrase.,bluegrass animal products,Bluegrass Animal Products - Free shipping | Chewy,49,"Shop Chewy for low prices and the best products! We carry a large selection and the top brands like Frisco, Littlearth, and more. Find everything you need in one place. FREE shipping on orders $49+ and the BEST customer service!",228,bluegrass animal products,Bluegrass Animal Products,1,bluegrass-animal-products,True,True,False,False,False,False,False,False,21,312,3,,,,,,,1,1,3.0,1,0,0,0,1.0
HVF,Meta,Meta description does not align to main ranking keyword,https://www.chewy.com/f/bobbi-panter_f1v387207,True,Update meta-description templates to reflect the primary ranking phrase.,bobbi panter,Bobbi Panter - Free shipping | Chewy,36,"Shop Chewy for low prices and the best products! We carry a large selection and the top brands like Frisco, Littlearth, and more. Find everything you need in one place. FREE shipping on orders $49+ and the BEST customer service!",228,bobbi panter,Bobbi Panter,1,bobbi-panter,True,True,False,False,False,False,False,False,55,324,3,,,,,,,1,1,4.0,1,0,0,0,3.0
HVF,Meta,Meta description does not align to main ranking keyword,https://www.chewy.com/f/bonies_f1v400685,True,Update meta-description templates to reflect the primary ranking phrase.,bonies,BONIES - Free shipping | Chewy,30,"Shop Chewy for low prices and the best products! We carry a large selection and the top brands like Frisco, Littlearth, and more. Find everything you need in one place. FREE shipping on orders $49+ and the BEST customer service!",228,bonies,BONIES,1,bonies,True,True,False,False,False,False,False,False,38,319,3,,,,,,,1,1,10.0,1,0,0,0,2.0
HVF,Meta,Meta description does not align to main ranking keyword,https://www.chewy.com/f/boshel_f1v821456,True,Update meta-description templates to reflect the primary ranking phrase.,boshel,Boshel - Free shipping | Chewy,30,"Shop Chewy for low prices and the best products! We carry a large selection and the top brands like Frisco, Littlearth, and more. Find everything you need in one place. FREE shipping on orders $49+ and the BEST customer service!",228,boshel,Boshel,1,boshel,True,True,False,False,False,False,False,False,14,315,3,,,,,,,1,1,16.0,0,1,0,0,1.0
HVF,Meta,Meta description does not align to main ranking keyword,https://www.chewy.com/f/boss-dog_f1v297123,True,Update meta-description templates to reflect the primary ranking phrase.,boss dog dog food,Boss Dog - Free shipping | Chewy,32,"Shop Chewy for low prices and the best products! We carry a large selection and the top brands like Frisco, Littlearth, and more. Find everything you need in one place. FREE shipping on orders $49+ and the BEST customer service!",228,boss dog dog food,Boss Dog,1,boss-dog,True,True,False,False,False,False,False,False,22,322,3,,,,,,,3,2,5.5,2,0,0,1,2.0
HVF,Meta,Meta description does not align to main ranking keyword,https://www.chewy.com/f/botanical-animal-flower-essences_f1v503862,True,Update meta-description templates to reflect the primary ranking phrase.,botanical animal flower essences,Botanical Animal Flower Essences - Free shipping | Chewy,56,"Shop Chewy for low prices and the best products! We carry a large selection and the top brands like Frisco, Littlearth, and more. Find everything you need in one place. FREE shipping on orders $49+ and the BEST customer service!",228,botanical animal flower essences,Botanical Animal Flower Essences,1,botanical-animal-flower-essences,True,True,False,False,False,False,False,False,18,317,3,,,,,,,1,1,7.0,1,0,0,0,1.0
HVF,Meta,Meta description does not align to main ranking keyword,https://www.chewy.com/f/bousnic_f1v125180,True,Update meta-description templates to reflect the primary ranking phrase.,bousnic,Bousnic - Free shipping | Chewy,31,"Shop Chewy for low prices and the best products! We carry a large selection and the top brands like Frisco, Littlearth, and more. Find everything you need in one place. FREE shipping on orders $49+ and the BEST customer service!",228,bousnic,Bousnic,1,bousnic,True,True,False,False,False,False,False,False,71,340,3,,,,,,,1,1,,0,0,0,1,3.0
HVF,Meta,Meta description does not align to main ranking keyword,https://www.chewy.com/f/brecknell_f1v390342,True,Update meta-description templates to reflect the primary ranking phrase.,brecknell,Brecknell - Free shipping | Chewy,33,"Shop Chewy for low prices and the best products! We carry a large selection and the top brands like Frisco, Littlearth, and more. Find everything you need in one place. FREE shipping on orders $49+ and the BEST customer service!",228,brecknell,Brecknell,1,brecknell,True,True,False,False,False,False,False,False,6,308,3,,,,,,,1,1,,0,0,0,1,1.0
HVF,Meta,Meta description does not align to main ranking keyword,https://www.chewy.com/f/brinsea_f1v422287,True,Update meta-description templates to reflect the primary ranking phrase.,brinsea,Brinsea - Free shipping | Chewy,31,"Shop Chewy for low prices and the best products! We carry a large selection and the top brands like Frisco, Littlearth, and more. Find everything you need in one place. FREE shipping on orders $49+ and the BEST customer service!",228,brinsea,Brinsea,1,brinsea,True,True,False,False,False,False,False,False,39,338,3,,,,,,,1,1,,0,0,0,1,1.0
HVF,Meta,Meta description does not align to main ranking keyword,https://www.chewy.com/f/brytin_f1v158810,True,Update meta-description templates to reflect the primary ranking phrase.,brytin,Brytin - Free shipping | Chewy,30,"Shop Chewy for low prices and the best products! We carry a large selection and the top brands like Frisco, Littlearth, and more. Find everything you need in one place. FREE shipping on orders $49+ and the BEST customer service!",228,brytin,Brytin,1,brytin,True,True,False,False,False,False,False,False,14,310,3,,,,,,,1,1,1.0,1,0,0,0,1.0
HVF,Meta,Meta description does not align to main ranking keyword,https://www.chewy.com/f/buck-bone-organics_f1v248775,True,Update meta-description templates to reflect the primary ranking phrase.,buck bone organics,Buck Bone Organics - Free shipping | Chewy,42,"Shop Chewy for low prices and the best products! We carry a large selection and the top brands like Frisco, Littlearth, and more. Find everything you need in one place. FREE shipping on orders $49+ and the BEST customer service!",228,buck bone organics,Buck Bone Organics,1,buck-bone-organics,True,True,False,False,False,False,False,False,34,333,3,,,,,,,2,2,9.5,1,1,0,0,1.0
HVF,Meta,Meta description does not align to main ranking keyword,https://www.chewy.com/f/buffalo-range_f1v750109,True,Update meta-description templates to reflect the primary ranking phrase.,buffalo range dog treats,Buffalo Range - Free shipping | Chewy,37,"Shop Chewy for low prices and the best products! We carry a large selection and the top brands like Frisco, Littlearth, and more. Find everything you need in one place. FREE shipping on orders $49+ and the BEST customer service!",228,buffalo range dog treats,Buffalo Range,1,buffalo-range,True,True,False,False,False,False,False,False,6,306,3,,,,,,,1,1,4.0,1,0,0,0,1.0
HVF,Meta,Meta description does not align to main ranking keyword,https://www.chewy.com/f/bullibone_f1v827062,True,Update meta-description templates to reflect the primary ranking phrase.,bullibone,BulliBone - Free shipping | Chewy,33,"Shop Chewy for low prices and the best products! We carry a large selection and the top brands like Frisco, Littlearth, and more. Find everything you need in one place. FREE shipping on orders $49+ and the BEST customer service!",228,bullibone,BulliBone,1,bullibone,True,True,False,False,False,False,False,False,36,311,3,,,,,,,1,1,6.0,1,0,0,0,2.0
HVF,Meta,Meta description does not align to main ranking keyword,https://www.chewy.com/f/bullymake_f1v354639,True,Update meta-description templates to reflect the primary ranking phrase.,bullymake,BULLYMAKE - Free shipping | Chewy,33,"Shop Chewy for low prices and the best products! We carry a large selection and the top brands like Frisco, Littlearth, and more. Find everything you need in one place. FREE shipping on orders $49+ and the BEST customer service!",228,bullymake,BULLYMAKE,1,bullymake,True,True,False,False,False,False,False,False,10,312,3,,,,,,,1,1,18.0,0,1,0,0,2.0
HVF,Meta,Meta description does not align to main ranking keyword,https://www.chewy.com/f/bunny-nature_f1v398381,True,Update meta-description templates to reflect the primary ranking phrase.,bunny nature,Bunny Nature - Free shipping | Chewy,36,"Shop Chewy for low prices and the best products! We carry a large selection and the top brands like Frisco, Littlearth, and more. Find everything you need in one place. FREE shipping on orders $49+ and the BEST customer service!",228,bunny nature,Bunny Nature,1,bunny-nature,True,True,False,False,False,False,False,False,39,321,3,,,,,,,1,1,6.0,1,0,0,0,4.0
HVF,Meta,Meta description does not align to main ranking keyword,https://www.chewy.com/f/busy-bird_f1v224752,True,Update meta-description templates to reflect the primary ranking phrase.,busy bird,Busy Bird - Free shipping | Chewy,33,"Shop Chewy for low prices and the best products! We carry a large selection and the top brands like Frisco, Littlearth, and more. Find everything you need in one place. FREE shipping on orders $49+ and the BEST customer service!",228,busy bird,Busy Bird,1,busy-bird,True,True,False,False,False,False,False,False,4,306,3,,,,,,,1,1,,0,0,0,1,1.0
HVF,Meta,Meta description does not align to main ranking keyword,https://www.chewy.com/f/california-costumes_f1v247397,True,Update meta-description templates to reflect the primary ranking phrase.,california costumes,California Costumes - Free shipping | Chewy,43,"Shop Chewy for low prices and the best products! We carry a large selection and the top brands like Frisco, Littlearth, and more. Find everything you need in one place. FREE shipping on orders $49+ and the BEST customer service!",228,california costumes,California Costumes,1,california-costumes,True,True,False,False,False,False,False,False,26,310,3,,,,,,,1,1,,0,0,0,1,1.0
HVF,Meta,Meta description does not align to main ranking keyword,https://www.chewy.com/f/callies-kitchen_f1v424834,True,Update meta-description templates to reflect the primary ranking phrase.,callie's kitchen,Callie's Kitchen - Free shipping | Chewy,40,"Shop Chewy for low prices and the best products! We carry a large selection and the top brands like Frisco, Littlearth, and more. Find everything you need in one place. FREE shipping on orders $49+ and the BEST customer service!",228,callie's kitchen,Callie's Kitchen,1,callies-kitchen,True,True,False,False,False,False,False,False,9,311,3,,,,,,,3,2,4.0,2,0,0,1,4.0
HVF,Meta,Meta description does not align to main ranking keyword,https://www.chewy.com/f/canine-chews_f1v323673,True,Update meta-description templates to reflect the primary ranking phrase.,canine chews,Canine Chews - Free shipping | Chewy,36,"Shop Chewy for low prices and the best products! We carry a large selection and the top brands like Frisco, Littlearth, and more. Find everything you need in one place. FREE shipping on orders $49+ and the BEST customer service!",228,canine chews,Canine Chews,1,canine-chews,True,True,False,False,False,False,False,False,23,320,3,,,,,,,1,1,14.0,0,1,0,0,1.0
HVF,Meta,Meta description does not align to main ranking keyword,https://www.chewy.com/f/canine-cravers_f1v354296,True,Update meta-description templates to reflect the primary ranking phrase.,canine cravers,Canine Cravers - Free shipping | Chewy,38,"Shop Chewy for low prices and the best products! We carry a large selection and the top brands like Frisco, Littlearth, and more. Find everything you need in one place. FREE shipping on orders $49+ and the BEST customer service!",228,canine cravers,Canine Cravers,1,canine-cravers,True,True,False,False,False,False,False,False,5,307,3,,,,,,,2,2,4.0,2,0,0,0,1.0
HVF,Meta,Meta description does not align to main ranking keyword,https://www.chewy.com/f/canine-naturals_f1v813780,True,Update meta-description templates to reflect the primary ranking phrase.,canine naturals,Canine Naturals - Free shipping | Chewy,39,"Shop Chewy for low prices and the best products! We carry a large selection and the top brands like Frisco, Littlearth, and more. Find everything you need in one place. FREE shipping on orders $49+ and the BEST customer service!",228,canine naturals,Canine Naturals,1,canine-naturals,True,True,False,False,False,False,False,False,30,324,3,,,,,,,2,2,4.5,2,0,0,0,1.0
HVF,Meta,Meta description does not align to main ranking keyword,https://www.chewy.com/f/canines-choice_f1v840186,True,Update meta-description templates to reflect the primary ranking phrase.,canine's choice,Canine's Choice - Free shipping | Chewy,39,"Shop Chewy for low prices and the best products! We carry a large selection and the top brands like Frisco, Littlearth, and more. Find everything you need in one place. FREE shipping on orders $49+ and the BEST customer service!",228,canine's choice,Canine's Choice,1,canines-choice,True,True,False,False,False,False,False,False,56,339,3,,,,,,,1,1,2.0,1,0,0,0,1.0
HVF,Meta,Meta description does not align to main ranking keyword,https://www.chewy.com/f/canisource_f1v362159,True,Update meta-description templates to reflect the primary ranking phrase.,canisource,Canisource - Free shipping | Chewy,34,"Shop Chewy for low prices and the best products! We carry a large selection and the top brands like Frisco, Littlearth, and more. Find everything you need in one place. FREE shipping on orders $49+ and the BEST customer service!",228,canisource,Canisource,1,canisource,True,True,False,False,False,False,False,False,27,313,3,,,,,,,1,1,2.0,1,0,0,0,1.0
HVF,Meta,Meta description does not align to main ranking keyword,https://www.chewy.com/f/cardinal-gates_f1v109989,True,Update meta-description templates to reflect the primary ranking phrase.,cardinal gates,Cardinal Gates - Free shipping | Chewy,38,"Shop Chewy for low prices and the best products! We carry a large selection and the top brands like Frisco, Littlearth, and more. Find everything you need in one place. FREE shipping on orders $49+ and the BEST customer service!",228,cardinal gates,Cardinal Gates,1,cardinal-gates,True,True,False,False,False,False,False,False,39,322,3,,,,,,,1,1,14.0,0,1,0,0,1.0
HVF,Meta,Meta description does not align to main ranking keyword,https://www.chewy.com/f/carolina-pet_f1v457777,True,Update meta-description templates to reflect the primary ranking phrase.,carolina pet,Carolina Pet - Free shipping | Chewy,36,"Shop Chewy for low prices and the best products! We carry a large selection and the top brands like Frisco, Littlearth, and more. Find everything you need in one place. FREE shipping on orders $49+ and the BEST customer service!",228,carolina pet,Carolina Pet,1,carolina-pet,True,True,False,False,False,False,False,False,186,325,3,,,,,,,1,1,,0,0,0,1,1.0
HVF,Meta,Meta description does not align to main ranking keyword,https://www.chewy.com/f/casual-home_f1v497369,True,Update meta-description templates to reflect the primary ranking phrase.,casual home,Casual Home - Free shipping | Chewy,35,"Shop Chewy for low prices and the best products! We carry a large selection and the top brands like Frisco, Littlearth, and more. Find everything you need in one place. FREE shipping on orders $49+ and the BEST customer service!",228,casual home,Casual Home,1,casual-home,True,False,False,False,False,False,False,False,13,308,3,,,,,,,1,1,16.0,0,1,0,0,1.0
HVF,Meta,Meta description does not align to main ranking keyword,https://www.chewy.com/f/catguru_f1v871528,True,Update meta-description templates to reflect the primary ranking phrase.,catguru,CatGuru - Free shipping | Chewy,31,"Shop Chewy for low prices and the best products! We carry a large selection and the top brands like Frisco, Littlearth, and more. Find everything you need in one place. FREE shipping on orders $49+ and the BEST customer service!",228,catguru,CatGuru,1,catguru,True,True,False,False,False,False,False,False,13,309,3,,,,,,,1,1,,0,0,0,1,3.0
HVF,Meta,Meta description does not align to main ranking keyword,https://www.chewy.com/f/catry_f1v111726,True,Update meta-description templates to reflect the primary ranking phrase.,catry,Catry - Free shipping | Chewy,29,"Shop Chewy for low prices and the best products! We carry a large selection and the top brands like Frisco, Littlearth, and more. Find everything you need in one place. FREE shipping on orders $49+ and the BEST customer service!",228,catry,Catry,1,catry,True,True,False,False,False,False,False,False,78,324,3,,,,,,,1,1,9.0,1,0,0,0,2.0
HVF,Meta,Meta description does not align to main ranking keyword,https://www.chewy.com/f/cc-pet_f1v466717,True,Update meta-description templates to reflect the primary ranking phrase.,cc pet,CC Pet - Free shipping | Chewy,30,"Shop Chewy for low prices and the best products! We carry a large selection and the top brands like Frisco, Littlearth, and more. Find everything you need in one place. FREE shipping on orders $49+ and the BEST customer service!",228,cc pet,CC Pet,1,cc-pet,True,True,False,False,False,False,False,False,6,308,3,,,,,,,1,1,3.0,1,0,0,0,1.0
HVF,Meta,Meta description does not align to main ranking keyword,https://www.chewy.com/f/chasing-our-tails_f1v111068,True,Update meta-description templates to reflect the primary ranking phrase.,chasing our tails,Chasing Our Tails - Free shipping | Chewy,41,"Shop Chewy for low prices and the best products! We carry a large selection and the top brands like Frisco, Littlearth, and more. Find everything you need in one place. FREE shipping on orders $49+ and the BEST customer service!",228,chasing our tails,Chasing Our Tails,1,chasing-our-tails,True,True,False,False,False,False,False,False,25,327,3,,,,,,,2,2,3.0,2,0,0,0,1.0
HVF,Meta,Meta description does not align to main ranking keyword,https://www.chewy.com/f/chewmax-pet-products_f1v399479,True,Update meta-description templates to reflect the primary ranking phrase.,chewmax pet products,ChewMax Pet Products - Free shipping | Chewy,44,"Shop Chewy for low prices and the best products! We carry a large selection and the top brands like Frisco, Littlearth, and more. Find everything you need in one place. FREE shipping on orders $49+ and the BEST customer service!",228,chewmax pet products,ChewMax Pet Products,1,chewmax-pet-products,True,True,False,False,False,False,False,False,17,318,3,,,,,,,1,1,4.0,1,0,0,0,5.0
HVF,Meta,Meta description does not align to main ranking keyword,https://www.chewy.com/f/chewsday_f1v150642,True,Update meta-description templates to reflect the primary ranking phrase.,chewy pet day,Chewsday - Free shipping | Chewy,32,"Shop Chewy for low prices and the best products! We carry a large selection and the top brands like Frisco, Littlearth, and more. Find everything you need in one place. FREE shipping on orders $49+ and the BEST customer service!",228,chewy pet day,Chewsday,1,chewsday,True,True,False,False,False,False,False,False,23,317,3,,,,,,,1,1,,0,0,0,1,1.0
HVF,Meta,Meta description does not align to main ranking keyword,https://www.chewy.com/f/chi_f1v220158,True,Update meta-description templates to reflect the primary ranking phrase.,chi dog grooming tools,CHI - Free shipping | Chewy,27,"Shop Chewy for low prices and the best products! We carry a large selection and the top brands like Frisco, Littlearth, and more. Find everything you need in one place. FREE shipping on orders $49+ and the BEST customer service!",228,chi dog grooming tools,CHI,1,chi,True,False,False,False,False,False,False,False,30,331,3,,,,,,,1,1,5.0,1,0,0,0,4.0
HVF,Meta,Meta description does not align to main ranking keyword,https://www.chewy.com/f/chippin_f1v191767,True,Update meta-description templates to reflect the primary ranking phrase.,chippin,Chippin - Free shipping | Chewy,31,"Shop Chewy for low prices and the best products! We carry a large selection and the top brands like Frisco, Littlearth, and more. Find everything you need in one place. FREE shipping on orders $49+ and the BEST customer service!",228,chippin,Chippin,1,chippin,True,True,False,False,False,False,False,False,7,309,3,,,,,,,1,1,14.0,0,1,0,0,1.0
HVF,Meta,Meta description does not align to main ranking keyword,https://www.chewy.com/f/choco-nose_f1v262858,True,Update meta-description templates to reflect the primary ranking phrase.,choco nose,Choco Nose - Free shipping | Chewy,34,"Shop Chewy for low prices and the best products! We carry a large selection and the top brands like Frisco, Littlearth, and more. Find everything you need in one place. FREE shipping on orders $49+ and the BEST customer service!",228,choco nose,Choco Nose,1,choco-nose,True,True,False,False,False,False,False,False,8,306,3,,,,,,,1,1,2.0,1,0,0,0,1.0
HVF,Meta,Meta description does not align to main ranking keyword,https://www.chewy.com/f/chompems_f1v167729,True,Update meta-description templates to reflect the primary ranking phrase.,chomp'ems,Chomp'ems - Free shipping | Chewy,33,"Shop Chewy for low prices and the best products! We carry a large selection and the top brands like Frisco, Littlearth, and more. Find everything you need in one place. FREE shipping on orders $49+ and the BEST customer service!",228,chomp'ems,Chomp'ems,1,chompems,True,True,False,False,False,False,False,False,49,329,3,,,,,,,1,1,5.0,1,0,0,0,1.0
HVF,Meta,Meta description does not align to main ranking keyword,https://www.chewy.com/f/claudias-canine-bakery_f1v178230,True,Update meta-description templates to reflect the primary ranking phrase.,claudia's canine bakery,Claudia's Canine Bakery - Free shipping | Chewy,47,"Shop Chewy for low prices and the best products! We carry a large selection and the top brands like Frisco, Littlearth, and more. Find everything you need in one place. FREE shipping on orders $49+ and the BEST customer service!",228,claudia's canine bakery,Claudia's Canine Bakery,1,claudias-canine-bakery,True,True,False,False,False,False,False,False,21,322,3,,,,,,,2,2,7.0,2,0,0,0,3.0
HVF,Meta,Meta description does not align to main ranking keyword,https://www.chewy.com/f/clawguard_f1v115105,True,Update meta-description templates to reflect the primary ranking phrase.,clawguard,CLAWGUARD - Free shipping | Chewy,33,"Shop Chewy for low prices and the best products! We carry a large selection and the top brands like Frisco, Littlearth, and more. Find everything you need in one place. FREE shipping on orders $49+ and the BEST customer service!",228,clawguard,CLAWGUARD,1,clawguard,True,True,False,False,False,False,False,False,18,315,3,,,,,,,1,1,11.0,0,1,0,0,1.0
HVF,Meta,Meta description does not align to main ranking keyword,https://www.chewy.com/f/clean-go-pet_f1v471766,True,Update meta-description templates to reflect the primary ranking phrase.,clean go pet,Clean Go Pet - Free shipping | Chewy,36,"Shop Chewy for low prices and the best products! We carry a large selection and the top brands like Frisco, Littlearth, and more. Find everything you need in one place. FREE shipping on orders $49+ and the BEST customer service!",228,clean go pet,Clean Go Pet,1,clean-go-pet,True,True,False,False,False,False,False,False,8,308,3,,,,,,,1,1,11.0,0,1,0,0,1.0
HVF,Meta,Meta description does not align to main ranking keyword,https://www.chewy.com/f/closer-pets_f1v330026,True,Update meta-description templates to reflect the primary ranking phrase.,closer pets,Closer Pets - Free shipping | Chewy,35,"Shop Chewy for low prices and the best products! We carry a large selection and the top brands like Frisco, Littlearth, and more. Find everything you need in one place. FREE shipping on orders $49+ and the BEST customer service!",228,closer pets,Closer Pets,1,closer-pets,True,True,False,False,False,False,False,False,15,312,3,,,,,,,1,1,16.0,0,1,0,0,1.0
HVF,Meta,Meta description does not align to main ranking keyword,https://www.chewy.com/f/club-nine-pets_f1v261969,True,Update meta-description templates to reflect the primary ranking phrase.,club nine pets,Club Nine Pets - Free shipping | Chewy,38,"Shop Chewy for low prices and the best products! We carry a large selection and the top brands like Frisco, Littlearth, and more. Find everything you need in one place. FREE shipping on orders $49+ and the BEST customer service!",228,club nine pets,Club Nine Pets,1,club-nine-pets,True,True,False,False,False,False,False,False,75,315,3,,,,,,,1,1,4.0,1,0,0,0,2.0
HVF,Meta,Meta description does not align to main ranking keyword,https://www.chewy.com/f/coachi_f1v181630,True,Update meta-description templates to reflect the primary ranking phrase.,coachi,Coachi - Free shipping | Chewy,30,"Shop Chewy for low prices and the best products! We carry a large selection and the top brands like Frisco, Littlearth, and more. Find everything you need in one place. FREE shipping on orders $49+ and the BEST customer service!",228,coachi,Coachi,1,coachi,True,True,False,False,False,False,False,False,40,335,3,,,,,,,1,1,9.0,1,0,0,0,1.0
HVF,Meta,Meta description does not align to main ranking keyword,https://www.chewy.com/f/coco-luna_f1v330371,True,Update meta-description templates to reflect the primary ranking phrase.,coco and luna,Coco and Luna - Free shipping | Chewy,37,"Shop Chewy for low prices and the best products! We carry a large selection and the top brands like Frisco, Littlearth, and more. Find everything you need in one place. FREE shipping on orders $49+ and the BEST customer service!",228,coco and luna,Coco and Luna,1,coco-luna,True,True,False,False,False,False,False,False,1,335,3,,,,,,,1,1,,0,0,0,1,1.0
HVF,Meta,Meta description does not align to main ranking keyword,https://www.chewy.com/f/colorado-naturals_f1v298485,True,Update meta-description templates to reflect the primary ranking phrase.,colorado naturals,Colorado Naturals - Free shipping | Chewy,41,"Shop Chewy for low prices and the best products! We carry a large selection and the top brands like Frisco, Littlearth, and more. Find everything you need in one place. FREE shipping on orders $49+ and the BEST customer service!",228,colorado naturals,Colorado Naturals,1,colorado-naturals,True,True,False,False,False,False,False,False,27,326,3,,,,,,,1,1,8.0,1,0,0,0,1.0
HVF,Meta,Meta description does not align to main ranking keyword,https://www.chewy.com/f/command-pet-products_f1v500730,True,Update meta-description templates to reflect the primary ranking phrase.,command pet products,Command Pet Products - Free shipping | Chewy,44,"Shop Chewy for low prices and the best products! We carry a large selection and the top brands like Frisco, Littlearth, and more. Find everything you need in one place. FREE shipping on orders $49+ and the BEST customer service!",228,command pet products,Command Pet Products,1,command-pet-products,True,True,False,False,False,False,False,False,5,307,3,,,,,,,1,1,,0,0,0,1,1.0
HVF,Meta,Meta description does not align to main ranking keyword,https://www.chewy.com/f/cool-runners_f1v291420,True,Update meta-description templates to reflect the primary ranking phrase.,cool runners,Cool Runners - Free shipping | Chewy,36,"Shop Chewy for low prices and the best products! We carry a large selection and the top brands like Frisco, Littlearth, and more. Find everything you need in one place. FREE shipping on orders $49+ and the BEST customer service!",228,cool runners,Cool Runners,1,cool-runners,True,True,False,False,False,False,False,False,7,309,3,,,,,,,1,1,15.0,0,1,0,0,1.0
HVF,Meta,Meta description does not align to main ranking keyword,https://www.chewy.com/f/coop-care_f1v459609,True,Update meta-description templates to reflect the primary ranking phrase.,coop care,Coop Care - Free shipping | Chewy,33,"Shop Chewy for low prices and the best products! We carry a large selection and the top brands like Frisco, Littlearth, and more. Find everything you need in one place. FREE shipping on orders $49+ and the BEST customer service!",228,coop care,Coop Care,1,coop-care,True,True,False,False,False,False,False,False,10,311,3,,,,,,,1,1,12.0,0,1,0,0,1.0
HVF,Meta,Meta description does not align to main ranking keyword,https://www.chewy.com/f/cosmos-snack-shack_f1v17798,True,Update meta-description templates to reflect the primary ranking phrase.,cosmo's snack shack,Cosmo's Snack Shack - Free shipping | Chewy,43,"Shop Chewy for low prices and the best products! We carry a large selection and the top brands like Frisco, Littlearth, and more. Find everything you need in one place. FREE shipping on orders $49+ and the BEST customer service!",228,cosmo's snack shack,Cosmo's Snack Shack,1,cosmos-snack-shack,True,False,False,False,False,False,False,False,12,314,3,,,,,,,1,1,7.0,1,0,0,0,4.0
HVF,Meta,Meta description does not align to main ranking keyword,https://www.chewy.com/f/cowboy-magic_f1v259011,True,Update meta-description templates to reflect the primary ranking phrase.,cowboy magic,Cowboy Magic - Free shipping | Chewy,36,"Shop Chewy for low prices and the best products! We carry a large selection and the top brands like Frisco, Littlearth, and more. Find everything you need in one place. FREE shipping on orders $49+ and the BEST customer service!",228,cowboy magic,Cowboy Magic,1,cowboy-magic,True,True,False,False,False,False,False,False,16,310,3,,,,,,,2,2,10.0,1,0,0,1,1.0
HVF,Meta,Meta description does not align to main ranking keyword,https://www.chewy.com/f/cox-vet-lab_f1v391713,True,Update meta-description templates to reflect the primary ranking phrase.,cox vet lab,Cox Vet Lab - Free shipping | Chewy,35,"Shop Chewy for low prices and the best products! We carry a large selection and the top brands like Frisco, Littlearth, and more. Find everything you need in one place. FREE shipping on orders $49+ and the BEST customer service!",228,cox vet lab,Cox Vet Lab,1,cox-vet-lab,True,True,False,False,False,False,False,False,41,334,3,,,,,,,1,1,9.0,1,0,0,0,1.0
HVF,Meta,Meta description does not align to main ranking keyword,https://www.chewy.com/f/crazy-dog_f1v794896,True,Update meta-description templates to reflect the primary ranking phrase.,crazy dog,Crazy Dog - Free shipping | Chewy,33,"Shop Chewy for low prices and the best products! We carry a large selection and the top brands like Frisco, Littlearth, and more. Find everything you need in one place. FREE shipping on orders $49+ and the BEST customer service!",228,crazy dog,Crazy Dog,1,crazy-dog,True,True,False,False,False,False,False,False,10,309,3,,,,,,,1,1,23.0,0,0,1,0,1.0
HVF,Meta,Meta description does not align to main ranking keyword,https://www.chewy.com/f/crazycritterthings_f1v507185,True,Update meta-description templates to reflect the primary ranking phrase.,crazycritterthings,CrazyCritterThings - Free shipping | Chewy,42,"Shop Chewy for low prices and the best products! We carry a large selection and the top brands like Frisco, Littlearth, and more. Find everything you need in one place. FREE shipping on orders $49+ and the BEST customer service!",228,crazycritterthings,CrazyCritterThings,1,crazycritterthings,True,True,False,False,False,False,False,False,6,308,3,,,,,,,1,1,8.0,1,0,0,0,1.0
HVF,Meta,Meta description does not align to main ranking keyword,https://www.chewy.com/f/curli_f1v333641,True,Update meta-description templates to reflect the primary ranking phrase.,curli,Curli - Free shipping | Chewy,29,"Shop Chewy for low prices and the best products! We carry a large selection and the top brands like Frisco, Littlearth, and more. Find everything you need in one place. FREE shipping on orders $49+ and the BEST customer service!",228,curli,Curli,1,curli,True,True,False,False,False,False,False,False,217,318,3,,,,,,,1,1,15.0,0,1,0,0,1.0
HVF,Meta,Meta description does not align to main ranking keyword,https://www.chewy.com/f/daily-dose-equine_f1v216992,True,Update meta-description templates to reflect the primary ranking phrase.,daily dose equine,Daily Dose Equine - Free shipping | Chewy,41,"Shop Chewy for low prices and the best products! We carry a large selection and the top brands like Frisco, Littlearth, and more. Find everything you need in one place. FREE shipping on orders $49+ and the BEST customer service!",228,daily dose equine,Daily Dose Equine,1,daily-dose-equine,True,True,False,False,False,False,False,False,14,315,3,,,,,,,1,1,10.0,1,0,0,0,1.0
HVF,Meta,Meta description does not align to main ranking keyword,https://www.chewy.com/f/dakota-283_f1v352061,True,Update meta-description templates to reflect the primary ranking phrase.,dakota 283,Dakota 283 - Free shipping | Chewy,34,"Shop Chewy for low prices and the best products! We carry a large selection and the top brands like Frisco, Littlearth, and more. Find everything you need in one place. FREE shipping on orders $49+ and the BEST customer service!",228,dakota 283,Dakota 283,1,dakota,True,True,False,False,False,False,False,False,81,324,3,,,,,,,1,1,,0,0,0,1,1.0
HVF,Meta,Meta description does not align to main ranking keyword,https://www.chewy.com/f/de-vora_f1v285264,True,Update meta-description templates to reflect the primary ranking phrase.,de' vora,De' Vora - Free shipping | Chewy,32,"Shop Chewy for low prices and the best products! We carry a large selection and the top brands like Frisco, Littlearth, and more. Find everything you need in one place. FREE shipping on orders $49+ and the BEST customer service!",228,de' vora,De' Vora,1,de-vora,True,True,False,False,False,False,False,False,18,314,3,,,,,,,1,1,8.0,1,0,0,0,1.0
HVF,Meta,Meta description does not align to main ranking keyword,https://www.chewy.com/f/decker-manufacturing-company_f1v321369,True,Update meta-description templates to reflect the primary ranking phrase.,decker manufacturing company,Decker Manufacturing Company - Free shipping | Chewy,52,"Shop Chewy for low prices and the best products! We carry a large selection and the top brands like Frisco, Littlearth, and more. Find everything you need in one place. FREE shipping on orders $49+ and the BEST customer service!",228,decker manufacturing company,Decker Manufacturing Company,1,decker-manufacturing-company,True,True,False,False,False,False,False,False,18,317,3,,,,,,,2,2,14.0,1,0,1,0,1.0
HVF,Meta,Meta description does not align to main ranking keyword,https://www.chewy.com/f/deley-naturals_f1v109072,True,Update meta-description templates to reflect the primary ranking phrase.,deley naturals,Deley Naturals - Free shipping | Chewy,38,"Shop Chewy for low prices and the best products! We carry a large selection and the top brands like Frisco, Littlearth, and more. Find everything you need in one place. FREE shipping on orders $49+ and the BEST customer service!",228,deley naturals,Deley Naturals,1,deley-naturals,True,True,False,False,False,False,False,False,14,313,3,,,,,,,1,1,,0,0,0,1,1.0
HVF,Meta,Meta description does not align to main ranking keyword,https://www.chewy.com/f/dennerle_f1v186104,True,Update meta-description templates to reflect the primary ranking phrase.,dennerle,Dennerle - Free shipping | Chewy,32,"Shop Chewy for low prices and the best products! We carry a large selection and the top brands like Frisco, Littlearth, and more. Find everything you need in one place. FREE shipping on orders $49+ and the BEST customer service!",228,dennerle,Dennerle,1,dennerle,True,True,False,False,False,False,False,False,24,320,3,,,,,,,1,1,26.0,0,0,1,0,1.0
HVF,Meta,Meta description does not align to main ranking keyword,https://www.chewy.com/f/derby-originals_f1v255571,True,Update meta-description templates to reflect the primary ranking phrase.,derby originals,Derby Originals - Free shipping | Chewy,39,"Shop Chewy for low prices and the best products! We carry a large selection and the top brands like Frisco, Littlearth, and more. Find everything you need in one place. FREE shipping on orders $49+ and the BEST customer service!",228,derby originals,Derby Originals,1,derby-originals,True,True,False,False,False,False,False,False,370,339,3,,,,,,,1,1,7.0,1,0,0,0,1.0
HVF,Meta,Meta description does not align to main ranking keyword,https://www.chewy.com/f/dermagic_f1v436540,True,Update meta-description templates to reflect the primary ranking phrase.,dermagic,DERMagic - Free shipping | Chewy,32,"Shop Chewy for low prices and the best products! We carry a large selection and the top brands like Frisco, Littlearth, and more. Find everything you need in one place. FREE shipping on orders $49+ and the BEST customer service!",228,dermagic,DERMagic,1,dermagic,True,True,False,False,False,False,False,False,9,311,3,,,,,,,1,1,,0,0,0,1,1.0
HVF,Meta,Meta description does not align to main ranking keyword,https://www.chewy.com/f/design-imports_f1v287286,True,Update meta-description templates to reflect the primary ranking phrase.,design imports,Design Imports - Free shipping | Chewy,38,"Shop Chewy for low prices and the best products! We carry a large selection and the top brands like Frisco, Littlearth, and more. Find everything you need in one place. FREE shipping on orders $49+ and the BEST customer service!",228,design imports,Design Imports,1,design-imports,True,True,False,False,False,False,False,False,4,307,3,,,,,,,1,1,,0,0,0,1,1.0
HVF,Meta,Meta description does not align to main ranking keyword,https://www.chewy.com/f/designer-pet-products_f1v531143,True,Update meta-description templates to reflect the primary ranking phrase.,designer pet products,Designer Pet Products - Free shipping | Chewy,45,"Shop Chewy for low prices and the best products! We carry a large selection and the top brands like Frisco, Littlearth, and more. Find everything you need in one place. FREE shipping on orders $49+ and the BEST customer service!",228,designer pet products,Designer Pet Products,1,designer-pet-products,True,True,False,False,False,False,False,False,12,307,3,,,,,,,1,1,5.0,1,0,0,0,1.0
HVF,Meta,Meta description does not align to main ranking keyword,https://www.chewy.com/f/dig-defence_f1v186067,True,Update meta-description templates to reflect the primary ranking phrase.,dig defence,Dig Defence - Free shipping | Chewy,35,"Shop Chewy for low prices and the best products! We carry a large selection and the top brands like Frisco, Littlearth, and more. Find everything you need in one place. FREE shipping on orders $49+ and the BEST customer service!",228,dig defence,Dig Defence,1,dig-defence,True,True,False,False,False,False,False,False,17,312,3,,,,,,,1,1,,0,0,0,1,1.0
HVF,Meta,Meta description does not align to main ranking keyword,https://www.chewy.com/f/digby-fox_f1v327931,True,Update meta-description templates to reflect the primary ranking phrase.,digby and fox,Digby & Fox - Free shipping | Chewy,35,"Shop Chewy for low prices and the best products! We carry a large selection and the top brands like Frisco, Littlearth, and more. Find everything you need in one place. FREE shipping on orders $49+ and the BEST customer service!",228,digby and fox,Digby & Fox,1,digby-fox,True,True,False,False,False,False,False,False,11,307,3,,,,,,,1,1,16.0,0,1,0,0,1.0
HVF,Meta,Meta description does not align to main ranking keyword,https://www.chewy.com/f/diggin-your-dog_f1v318289,True,Update meta-description templates to reflect the primary ranking phrase.,diggin' your dog,Diggin' Your Dog - Free shipping | Chewy,40,"Shop Chewy for low prices and the best products! We carry a large selection and the top brands like Frisco, Littlearth, and more. Find everything you need in one place. FREE shipping on orders $49+ and the BEST customer service!",228,diggin' your dog,Diggin' Your Dog,1,diggin-your-dog,True,True,False,False,False,False,False,False,7,306,3,,,,,,,1,1,,0,0,0,1,1.0
HVF,Meta,Meta description does not align to main ranking keyword,https://www.chewy.com/f/disney-table-scraps_f1v355662,True,Update meta-description templates to reflect the primary ranking phrase.,disney table scraps,Disney Table Scraps - Free shipping | Chewy,43,"Shop Chewy for low prices and the best products! We carry a large selection and the top brands like Frisco, Littlearth, and more. Find everything you need in one place. FREE shipping on orders $49+ and the BEST customer service!",228,disney table scraps,Disney Table Scraps,1,disney-table-scraps,True,False,False,False,False,False,False,False,11,313,3,,,,,,,1,1,2.0,1,0,0,0,1.0
HVF,Meta,Meta description does not align to main ranking keyword,https://www.chewy.com/f/dog-by-dr-lisa_f1v18182,True,Update meta-description templates to reflect the primary ranking phrase.,dog by dr lisa,DOG By Dr Lisa - Free shipping | Chewy,38,"Shop Chewy for low prices and the best products! We carry a large selection and the top brands like Frisco, Littlearth, and more. Find everything you need in one place. FREE shipping on orders $49+ and the BEST customer service!",228,dog by dr lisa,DOG By Dr Lisa,1,dog-by-dr-lisa,True,True,False,False,False,False,False,False,29,324,3,,,,,,,1,1,14.0,0,1,0,0,1.0
HVF,Meta,Meta description does not align to main ranking keyword,https://www.chewy.com/f/dog-id_f1v432750,True,Update meta-description templates to reflect the primary ranking phrase.,chewy dog tags,DOG iD - Free shipping | Chewy,30,"Shop Chewy for low prices and the best products! We carry a large selection and the top brands like Frisco, Littlearth, and more. Find everything you need in one place. FREE shipping on orders $49+ and the BEST customer service!",228,chewy dog tags,DOG iD,1,dog-id,True,True,False,False,False,False,False,False,102,311,3,,,,,,,1,1,,0,0,0,1,1.0
HVF,Meta,Meta description does not align to main ranking keyword,https://www.chewy.com/f/dog-tag-art_f1v289313,True,Update meta-description templates to reflect the primary ranking phrase.,dog tag art,Dog Tag Art - Free shipping | Chewy,35,"Shop Chewy for low prices and the best products! We carry a large selection and the top brands like Frisco, Littlearth, and more. Find everything you need in one place. FREE shipping on orders $49+ and the BEST customer service!",228,dog tag art,Dog Tag Art,1,dog-tag-art,True,True,False,False,False,False,False,False,232,339,3,,,,,,,1,1,11.0,0,1,0,0,1.0
HVF,Meta,Meta description does not align to main ranking keyword,https://www.chewy.com/f/dog-treat-naturals_f1v428824,True,Update meta-description templates to reflect the primary ranking phrase.,dog treat naturals,Dog Treat Naturals - Free shipping | Chewy,42,"Shop Chewy for low prices and the best products! We carry a large selection and the top brands like Frisco, Littlearth, and more. Find everything you need in one place. FREE shipping on orders $49+ and the BEST customer service!",228,dog treat naturals,Dog Treat Naturals,1,dog-treat-naturals,True,True,False,False,False,False,False,False,22,321,3,,,,,,,1,1,3.0,1,0,0,0,1.0
HVF,Meta,Meta description does not align to main ranking keyword,https://www.chewy.com/f/doggie-walk-bags_f1v591636,True,Update meta-description templates to reflect the primary ranking phrase.,doggie walk bags,Doggie Walk Bags - Free shipping | Chewy,40,"Shop Chewy for low prices and the best products! We carry a large selection and the top brands like Frisco, Littlearth, and more. Find everything you need in one place. FREE shipping on orders $49+ and the BEST customer service!",228,doggie walk bags,Doggie Walk Bags,1,doggie-walk-bags,True,False,False,False,False,False,False,False,12,312,3,,,,,,,1,1,9.0,1,0,0,0,1.0
HVF,Meta,Meta description does not align to main ranking keyword,https://www.chewy.com/f/doggy-do-good_f1v434720,True,Update meta-description templates to reflect the primary ranking phrase.,doggy do good,Doggy Do Good - Free shipping | Chewy,37,"Shop Chewy for low prices and the best products! We carry a large selection and the top brands like Frisco, Littlearth, and more. Find everything you need in one place. FREE shipping on orders $49+ and the BEST customer service!",228,doggy do good,Doggy Do Good,1,doggy-do-good,True,True,False,False,False,False,False,False,14,313,3,,,,,,,1,1,,0,0,0,1,1.0
HVF,Meta,Meta description does not align to main ranking keyword,https://www.chewy.com/f/doggy-tales_f1v826857,True,Update meta-description templates to reflect the primary ranking phrase.,doggy tales,Doggy Tales - Free shipping | Chewy,35,"Shop Chewy for low prices and the best products! We carry a large selection and the top brands like Frisco, Littlearth, and more. Find everything you need in one place. FREE shipping on orders $49+ and the BEST customer service!",228,doggy tales,Doggy Tales,1,doggy-tales,True,True,False,False,False,False,False,False,210,321,3,,,,,,,1,1,,0,0,0,1,1.0
HVF,Meta,Meta description does not align to main ranking keyword,https://www.chewy.com/f/dogs-cats-co_f1v18558,True,Update meta-description templates to reflect the primary ranking phrase.,dogs and cats and co.,Dogs & Cats & Co. - Free shipping | Chewy,41,"Shop Chewy for low prices and the best products! We carry a large selection and the top brands like Frisco, Littlearth, and more. Find everything you need in one place. FREE shipping on orders $49+ and the BEST customer service!",228,dogs and cats and co.,Dogs & Cats & Co.,1,dogs-cats-co,True,True,False,False,False,False,False,False,486,339,3,,,,,,,1,1,1.0,1,0,0,0,1.0
HVF,Meta,Meta description does not align to main ranking keyword,https://www.chewy.com/f/dogtra_f1v495025,True,Update meta-description templates to reflect the primary ranking phrase.,dogtra dog collars,Dogtra - Free shipping | Chewy,30,"Shop Chewy for low prices and the best products! We carry a large selection and the top brands like Frisco, Littlearth, and more. Find everything you need in one place. FREE shipping on orders $49+ and the BEST customer service!",228,dogtra dog collars,Dogtra,1,dogtra,True,True,False,False,False,False,False,False,56,339,3,,,,,,,2,2,18.0,0,2,0,0,1.0
HVF,Meta,Meta description does not align to main ranking keyword,https://www.chewy.com/f/doog_f1v296150,True,Update meta-description templates to reflect the primary ranking phrase.,doog,DOOG - Free shipping | Chewy,28,"Shop Chewy for low prices and the best products! We carry a large selection and the top brands like Frisco, Littlearth, and more. Find everything you need in one place. FREE shipping on orders $49+ and the BEST customer service!",228,doog,DOOG,1,doog,True,True,False,False,False,False,False,False,273,340,3,,,,,,,1,1,21.0,0,0,1,0,1.0
HVF,Meta,Meta description does not align to main ranking keyword,https://www.chewy.com/f/downtown-pet-supply_f1v332515,True,Update meta-description templates to reflect the primary ranking phrase.,downtown pet supply,Downtown Pet Supply - Free shipping | Chewy,43,"Shop Chewy for low prices and the best products! We carry a large selection and the top brands like Frisco, Littlearth, and more. Find everything you need in one place. FREE shipping on orders $49+ and the BEST customer service!",228,downtown pet supply,Downtown Pet Supply,1,downtown-pet-supply,True,False,False,False,False,False,False,False,51,325,3,,,,,,,1,1,6.0,1,0,0,0,2.0
HVF,Meta,Meta description does not align to main ranking keyword,https://www.chewy.com/f/dr-woow_f1v355320,True,Update meta-description templates to reflect the primary ranking phrase.,dr woow,Dr Woow - Free shipping | Chewy,31,"Shop Chewy for low prices and the best products! We carry a large selection and the top brands like Frisco, Littlearth, and more. Find everything you need in one place. FREE shipping on orders $49+ and the BEST customer service!",228,dr woow,Dr Woow,1,dr-woow,True,True,False,False,False,False,False,False,14,316,3,,,,,,,1,1,4.0,1,0,0,0,1.0
HVF,Meta,Meta description does not align to main ranking keyword,https://www.chewy.com/f/dr-bills-pet-nutrition_f1v466608,True,Update meta-description templates to reflect the primary ranking phrase.,dr. bill's pet nutrition,Dr. Bill's Pet Nutrition - Free shipping | Chewy,48,"Shop Chewy for low prices and the best products! We carry a large selection and the top brands like Frisco, Littlearth, and more. Find everything you need in one place. FREE shipping on orders $49+ and the BEST customer service!",228,dr. bill's pet nutrition,Dr. Bill's Pet Nutrition,1,dr-bills-pet-nutrition,True,True,False,False,False,False,False,False,16,316,3,,,,,,,2,1,2.5,2,0,0,0,1.0
HVF,Meta,Meta description does not align to main ranking keyword,https://www.chewy.com/f/dr-goodpet_f1v181534,True,Update meta-description templates to reflect the primary ranking phrase.,dr. goodpet,Dr. Goodpet - Free shipping | Chewy,35,"Shop Chewy for low prices and the best products! We carry a large selection and the top brands like Frisco, Littlearth, and more. Find everything you need in one place. FREE shipping on orders $49+ and the BEST customer service!",228,dr. goodpet,Dr. Goodpet,1,dr-goodpet,True,True,False,False,False,False,False,False,7,309,3,,,,,,,2,2,5.5,2,0,0,0,3.0
HVF,Meta,Meta description does not align to main ranking keyword,https://www.chewy.com/f/drtims-aquatics_f1v498495,True,Update meta-description templates to reflect the primary ranking phrase.,dr. tim's aquatics,DrTim's Aquatics - Free shipping | Chewy,40,"Shop Chewy for low prices and the best products! We carry a large selection and the top brands like Frisco, Littlearth, and more. Find everything you need in one place. FREE shipping on orders $49+ and the BEST customer service!",228,dr. tim's aquatics,DrTim's Aquatics,1,drtims-aquatics,True,True,False,False,False,False,False,False,253,339,3,,,,,,,1,1,16.0,0,1,0,0,1.0
HVF,Meta,Meta description does not align to main ranking keyword,https://www.chewy.com/f/drymate_f1v115552,True,Update meta-description templates to reflect the primary ranking phrase.,drymate,Drymate - Free shipping | Chewy,31,"Shop Chewy for low prices and the best products! We carry a large selection and the top brands like Frisco, Littlearth, and more. Find everything you need in one place. FREE shipping on orders $49+ and the BEST customer service!",228,drymate,Drymate,1,drymate,True,True,False,False,False,False,False,False,75,339,3,,,,,,,1,1,18.0,0,1,0,0,1.0
HVF,Meta,Meta description does not align to main ranking keyword,https://www.chewy.com/f/duraforce_f1v469575,True,Update meta-description templates to reflect the primary ranking phrase.,duraforce,DuraForce - Free shipping | Chewy,33,"Shop Chewy for low prices and the best products! We carry a large selection and the top brands like Frisco, Littlearth, and more. Find everything you need in one place. FREE shipping on orders $49+ and the BEST customer service!",228,duraforce,DuraForce,1,duraforce,True,True,False,False,False,False,False,False,11,313,3,,,,,,,1,1,15.0,0,1,0,0,1.0
HVF,Meta,Meta description does not align to main ranking keyword,https://www.chewy.com/f/earthtone-solutions_f1v540385,True,Update meta-description templates to reflect the primary ranking phrase.,earthtone solutions,Earthtone Solutions - Free shipping | Chewy,43,"Shop Chewy for low prices and the best products! We carry a large selection and the top brands like Frisco, Littlearth, and more. Find everything you need in one place. FREE shipping on orders $49+ and the BEST customer service!",228,earthtone solutions,Earthtone Solutions,1,earthtone-solutions,True,True,False,False,False,False,False,False,8,309,3,,,,,,,1,1,2.0,1,0,0,0,1.0
HVF,Meta,Meta description does not align to main ranking keyword,https://www.chewy.com/f/ecos-pets_f1v457782,True,Update meta-description templates to reflect the primary ranking phrase.,ecos for pets!,ECOS for Pets! - Free shipping | Chewy,38,"Shop Chewy for low prices and the best products! We carry a large selection and the top brands like Frisco, Littlearth, and more. Find everything you need in one place. FREE shipping on orders $49+ and the BEST customer service!",228,ecos for pets!,ECOS for Pets!,1,ecos-pets,True,True,False,False,False,False,False,False,6,308,3,,,,,,,1,1,3.0,1,0,0,0,1.0
HVF,Meta,Meta description does not align to main ranking keyword,https://www.chewy.com/f/elixir-kitchens_f1v533754,True,Update meta-description templates to reflect the primary ranking phrase.,elixir kitchens,Elixir Kitchens - Free shipping | Chewy,39,"Shop Chewy for low prices and the best products! We carry a large selection and the top brands like Frisco, Littlearth, and more. Find everything you need in one place. FREE shipping on orders $49+ and the BEST customer service!",228,elixir kitchens,Elixir Kitchens,1,elixir-kitchens,True,True,False,False,False,False,False,False,10,312,3,,,,,,,1,1,4.0,1,0,0,0,1.0
HVF,Meta,Meta description does not align to main ranking keyword,https://www.chewy.com/f/emerald-pet_f1v289594,True,Update meta-description templates to reflect the primary ranking phrase.,emerald pet,Emerald Pet - Free shipping | Chewy,35,"Shop Chewy for low prices and the best products! We carry a large selection and the top brands like Frisco, Littlearth, and more. Find everything you need in one place. FREE shipping on orders $49+ and the BEST customer service!",228,emerald pet,Emerald Pet,1,emerald-pet,True,True,False,False,False,False,False,False,56,339,3,,,,,,,1,1,4.0,1,0,0,0,1.0
HVF,Meta,Meta description does not align to main ranking keyword,https://www.chewy.com/f/enjoy-yums_f1v190289,True,Update meta-description templates to reflect the primary ranking phrase.,enjoy yums,Enjoy Yums - Free shipping | Chewy,34,"Shop Chewy for low prices and the best products! We carry a large selection and the top brands like Frisco, Littlearth, and more. Find everything you need in one place. FREE shipping on orders $49+ and the BEST customer service!",228,enjoy yums,Enjoy Yums,1,enjoy-yums,True,True,False,False,False,False,False,False,10,309,3,,,,,,,1,1,6.0,1,0,0,0,1.0
HVF,Meta,Meta description does not align to main ranking keyword,https://www.chewy.com/f/enviro-equine_f1v503993,True,Update meta-description templates to reflect the primary ranking phrase.,enviro equine,Enviro Equine - Free shipping | Chewy,37,"Shop Chewy for low prices and the best products! We carry a large selection and the top brands like Frisco, Littlearth, and more. Find everything you need in one place. FREE shipping on orders $49+ and the BEST customer service!",228,enviro equine,Enviro Equine,1,enviro-equine,True,True,False,False,False,False,False,False,30,327,3,,,,,,,1,1,,0,0,0,1,1.0
HVF,Meta,Meta description does not align to main ranking keyword,https://www.chewy.com/f/equerrys_f1v505863,True,Update meta-description templates to reflect the primary ranking phrase.,equerrys horse supplements,Equerry's - Free shipping | Chewy,33,"Shop Chewy for low prices and the best products! We carry a large selection and the top brands like Frisco, Littlearth, and more. Find everything you need in one place. FREE shipping on orders $49+ and the BEST customer service!",228,equerrys horse supplements,Equerry's,1,equerrys,True,True,False,False,False,False,False,False,23,316,3,,,,,,,1,1,,0,0,0,1,1.0
HVF,Meta,Meta description does not align to main ranking keyword,https://www.chewy.com/f/equilite-herbals_f1v805490,True,Update meta-description templates to reflect the primary ranking phrase.,equilite herbals,Equilite Herbals - Free shipping | Chewy,40,"Shop Chewy for low prices and the best products! We carry a large selection and the top brands like Frisco, Littlearth, and more. Find everything you need in one place. FREE shipping on orders $49+ and the BEST customer service!",228,equilite herbals,Equilite Herbals,1,equilite-herbals,True,True,False,False,False,False,False,False,14,312,3,,,,,,,1,1,3.0,1,0,0,0,1.0
HVF,Meta,Meta description does not align to main ranking keyword,https://www.chewy.com/f/equine-couture_f1v191706,True,Update meta-description templates to reflect the primary ranking phrase.,equine couture,Equine Couture - Free shipping | Chewy,38,"Shop Chewy for low prices and the best products! We carry a large selection and the top brands like Frisco, Littlearth, and more. Find everything you need in one place. FREE shipping on orders $49+ and the BEST customer service!",228,equine couture,Equine Couture,1,equine-couture,True,True,False,False,False,False,False,False,224,339,3,,,,,,,1,1,,0,0,0,1,1.0
HVF,Meta,Meta description does not align to main ranking keyword,https://www.chewy.com/f/equine-edibles_f1v142251,True,Update meta-description templates to reflect the primary ranking phrase.,equine edibles,Equine Edibles - Free shipping | Chewy,38,"Shop Chewy for low prices and the best products! We carry a large selection and the top brands like Frisco, Littlearth, and more. Find everything you need in one place. FREE shipping on orders $49+ and the BEST customer service!",228,equine edibles,Equine Edibles,1,equine-edibles,True,False,False,False,False,False,False,False,12,310,3,,,,,,,1,1,4.0,1,0,0,0,1.0
HVF,Meta,Meta description does not align to main ranking keyword,https://www.chewy.com/f/equine-healthcare-international_f1v702043,True,Update meta-description templates to reflect the primary ranking phrase.,equine healthcare international,Equine Healthcare International - Free shipping | Chewy,55,"Shop Chewy for low prices and the best products! We carry a large selection and the top brands like Frisco, Littlearth, and more. Find everything you need in one place. FREE shipping on orders $49+ and the BEST customer service!",228,equine healthcare international,Equine Healthcare International,1,equine-healthcare-international,True,True,False,False,False,False,False,False,15,309,3,,,,,,,1,1,11.0,0,1,0,0,1.0
HVF,Meta,Meta description does not align to main ranking keyword,https://www.chewy.com/f/ernie-els-pet-products_f1v179441,True,Update meta-description templates to reflect the primary ranking phrase.,ernie els pet products,Ernie Els Pet Products - Free shipping | Chewy,46,"Shop Chewy for low prices and the best products! We carry a large selection and the top brands like Frisco, Littlearth, and more. Find everything you need in one place. FREE shipping on orders $49+ and the BEST customer service!",228,ernie els pet products,Ernie Els Pet Products,1,ernie-els-pet-products,True,True,False,False,False,False,False,False,17,316,3,,,,,,,1,1,8.0,1,0,0,0,1.0
HVF,Meta,Meta description does not align to main ranking keyword,https://www.chewy.com/f/euro-dog_f1v319210,True,Update meta-description templates to reflect the primary ranking phrase.,euro-dog,Euro-Dog - Free shipping | Chewy,32,"Shop Chewy for low prices and the best products! We carry a large selection and the top brands like Frisco, Littlearth, and more. Find everything you need in one place. FREE shipping on orders $49+ and the BEST customer service!",228,euro-dog,Euro-Dog,1,euro-dog,True,True,False,False,False,False,False,False,306,329,3,,,,,,,1,1,17.0,0,1,0,0,1.0
HVF,Meta,Meta description does not align to main ranking keyword,https://www.chewy.com/f/exotic-pebbles_f1v221327,True,Update meta-description templates to reflect the primary ranking phrase.,exotic pebbles,Exotic Pebbles - Free shipping | Chewy,38,"Shop Chewy for low prices and the best products! We carry a large selection and the top brands like Frisco, Littlearth, and more. Find everything you need in one place. FREE shipping on orders $49+ and the BEST customer service!",228,exotic pebbles,Exotic Pebbles,1,exotic-pebbles,True,True,False,False,False,False,False,False,15,316,3,,,,,,,1,1,10.0,1,0,0,0,1.0
HVF,Meta,Meta description does not align to main ranking keyword,https://www.chewy.com/f/ez-groom_f1v120128,True,Update meta-description templates to reflect the primary ranking phrase.,ez groom,EZ Groom - Free shipping | Chewy,32,"Shop Chewy for low prices and the best products! We carry a large selection and the top brands like Frisco, Littlearth, and more. Find everything you need in one place. FREE shipping on orders $49+ and the BEST customer service!",228,ez groom,EZ Groom,1,ez-groom,True,True,False,False,False,False,False,False,8,310,3,,,,,,,1,1,11.0,0,1,0,0,1.0
HVF,Meta,Meta description does not align to main ranking keyword,https://www.chewy.com/f/fable-pets_f1v470703,True,Update meta-description templates to reflect the primary ranking phrase.,fable pets,Fable Pets - Free shipping | Chewy,34,"Shop Chewy for low prices and the best products! We carry a large selection and the top brands like Frisco, Littlearth, and more. Find everything you need in one place. FREE shipping on orders $49+ and the BEST customer service!",228,fable pets,Fable Pets,1,fable-pets,True,True,False,False,False,False,False,False,82,312,3,,,,,,,1,1,6.0,1,0,0,0,1.0
HVF,Meta,Meta description does not align to main ranking keyword,https://www.chewy.com/f/fantastic-dog-chews_f1v113795,True,Update meta-description templates to reflect the primary ranking phrase.,fantastic dog chews,Fantastic Dog Chews - Free shipping | Chewy,43,"Shop Chewy for low prices and the best products! We carry a large selection and the top brands like Frisco, Littlearth, and more. Find everything you need in one place. FREE shipping on orders $49+ and the BEST customer service!",228,fantastic dog chews,Fantastic Dog Chews,1,fantastic-dog-chews,True,True,False,False,False,False,False,False,96,339,3,,,,,,,2,2,3.5,2,0,0,0,1.0
HVF,Meta,Meta description does not align to main ranking keyword,https://www.chewy.com/f/farriers-magic_f1v292956,True,Update meta-description templates to reflect the primary ranking phrase.,farrier's magic,Farrier's Magic - Free shipping | Chewy,39,"Shop Chewy for low prices and the best products! We carry a large selection and the top brands like Frisco, Littlearth, and more. Find everything you need in one place. FREE shipping on orders $49+ and the BEST customer service!",228,farrier's magic,Farrier's Magic,1,farriers-magic,True,True,False,False,False,False,False,False,10,308,3,,,,,,,1,1,13.0,0,1,0,0,1.0
HVF,Meta,Meta description does not align to main ranking keyword,https://www.chewy.com/f/farriers-wife_f1v849782,True,Update meta-description templates to reflect the primary ranking phrase.,farrier's wife,Farrier's Wife - Free shipping | Chewy,38,"Shop Chewy for low prices and the best products! We carry a large selection and the top brands like Frisco, Littlearth, and more. Find everything you need in one place. FREE shipping on orders $49+ and the BEST customer service!",228,farrier's wife,Farrier's Wife,1,farriers-wife,True,True,False,False,False,False,False,False,6,306,3,,,,,,,1,1,6.0,1,0,0,0,1.0
HVF,Meta,Meta description does not align to main ranking keyword,https://www.chewy.com/f/fetch-pets_f1v248598,True,Update meta-description templates to reflect the primary ranking phrase.,fetch for pets,Fetch For Pets - Free shipping | Chewy,38,"Shop Chewy for low prices and the best products! We carry a large selection and the top brands like Frisco, Littlearth, and more. Find everything you need in one place. FREE shipping on orders $49+ and the BEST customer service!",228,fetch for pets,Fetch For Pets,1,fetch-pets,True,True,False,False,False,False,False,False,75,339,3,,,,,,,1,1,3.0,1,0,0,0,8.0
HVF,Meta,Meta description does not align to main ranking keyword,https://www.chewy.com/f/fetch-it-pets_f1v105966,True,Update meta-description templates to reflect the primary ranking phrase.,fetch it pets,Fetch It Pets - Free shipping | Chewy,37,"Shop Chewy for low prices and the best products! We carry a large selection and the top brands like Frisco, Littlearth, and more. Find everything you need in one place. FREE shipping on orders $49+ and the BEST customer service!",228,fetch it pets,Fetch It Pets,1,fetch-it-pets,True,True,False,False,False,False,False,False,6,308,3,,,,,,,1,1,1.0,1,0,0,0,1.0
HVF,Meta,Meta description does not align to main ranking keyword,https://www.chewy.com/f/fido-fave_f1v460763,True,Update meta-description templates to reflect the primary ranking phrase.,fido fave,Fido Fave - Free shipping | Chewy,33,"Shop Chewy for low prices and the best products! We carry a large selection and the top brands like Frisco, Littlearth, and more. Find everything you need in one place. FREE shipping on orders $49+ and the BEST customer service!",228,fido fave,Fido Fave,1,fido-fave,True,True,False,False,False,False,False,False,53,340,3,,,,,,,1,1,2.0,1,0,0,0,1.0
HVF,Meta,Meta description does not align to main ranking keyword,https://www.chewy.com/f/fieldcrest-farms_f1v403673,True,Update meta-description templates to reflect the primary ranking phrase.,fieldcrest farms dog treats,Fieldcrest Farms - Free shipping | Chewy,40,"Shop Chewy for low prices and the best products! We carry a large selection and the top brands like Frisco, Littlearth, and more. Find everything you need in one place. FREE shipping on orders $49+ and the BEST customer service!",228,fieldcrest farms dog treats,Fieldcrest Farms,1,fieldcrest-farms,True,True,False,False,False,False,False,False,116,339,3,,,,,,,1,1,13.0,0,1,0,0,1.0
HVF,Meta,Meta description does not align to main ranking keyword,https://www.chewy.com/f/fitpaws_f1v502648,True,Update meta-description templates to reflect the primary ranking phrase.,fitpaws,FitPAWS - Free shipping | Chewy,31,"Shop Chewy for low prices and the best products! We carry a large selection and the top brands like Frisco, Littlearth, and more. Find everything you need in one place. FREE shipping on orders $49+ and the BEST customer service!",228,fitpaws,FitPAWS,1,fitpaws,True,True,False,False,False,False,False,False,42,325,3,,,,,,,1,1,7.0,1,0,0,0,3.0
HVF,Meta,Meta description does not align to main ranking keyword,https://www.chewy.com/f/fizzion_f1v534743,True,Update meta-description templates to reflect the primary ranking phrase.,fizzion,Fizzion - Free shipping | Chewy,31,"Shop Chewy for low prices and the best products! We carry a large selection and the top brands like Frisco, Littlearth, and more. Find everything you need in one place. FREE shipping on orders $49+ and the BEST customer service!",228,fizzion,Fizzion,1,fizzion,True,True,False,False,False,False,False,False,7,308,3,,,,,,,1,1,5.0,1,0,0,0,1.0
HVF,Meta,Meta description does not align to main ranking keyword,https://www.chewy.com/f/fluoxetine-hcl-compounded_f1v287384,True,Update meta-description templates to reflect the primary ranking phrase.,fluoxetine hcl compounded,Fluoxetine HCl Compounded - Free shipping | Chewy,49,"Shop Chewy for low prices and the best products! We carry a large selection and the top brands like Frisco, Littlearth, and more. Find everything you need in one place. FREE shipping on orders $49+ and the BEST customer service!",228,fluoxetine hcl compounded,Fluoxetine HCl Compounded,1,fluoxetine-hcl-compounded,True,True,False,False,False,False,False,False,364,307,3,,,,,,,1,1,,0,0,0,1,1.0
HVF,Meta,Meta description does not align to main ranking keyword,https://www.chewy.com/f/food4buns_f1v536608,True,Update meta-description templates to reflect the primary ranking phrase.,food4buns,Food4Buns - Free shipping | Chewy,33,"Shop Chewy for low prices and the best products! We carry a large selection and the top brands like Frisco, Littlearth, and more. Find everything you need in one place. FREE shipping on orders $49+ and the BEST customer service!",228,food4buns,Food4Buns,1,food4buns,True,True,False,False,False,False,False,False,12,314,3,,,,,,,1,1,4.0,1,0,0,0,1.0
HVF,Meta,Meta description does not align to main ranking keyword,https://www.chewy.com/f/foragers-feed_f1v255786,True,Update meta-description templates to reflect the primary ranking phrase.,forager's feed,Forager's Feed - Free shipping | Chewy,38,"Shop Chewy for low prices and the best products! We carry a large selection and the top brands like Frisco, Littlearth, and more. Find everything you need in one place. FREE shipping on orders $49+ and the BEST customer service!",228,forager's feed,Forager's Feed,1,foragers-feed,True,True,False,False,False,False,False,False,7,309,3,,,,,,,1,1,4.0,1,0,0,0,1.0
HVF,Meta,Meta description does not align to main ranking keyword,https://www.chewy.com/f/formula-champions_f1v460089,True,Update meta-description templates to reflect the primary ranking phrase.,formula of champions,Formula of Champions - Free shipping | Chewy,44,"Shop Chewy for low prices and the best products! We carry a large selection and the top brands like Frisco, Littlearth, and more. Find everything you need in one place. FREE shipping on orders $49+ and the BEST customer service!",228,formula of champions,Formula of Champions,1,formula-champions,True,True,False,False,False,False,False,False,22,324,3,,,,,,,1,1,,0,0,0,1,1.0
HVF,Meta,Meta description does not align to main ranking keyword,https://www.chewy.com/f/foufit_f1v782117,True,Update meta-description templates to reflect the primary ranking phrase.,foufit dog toys,fouFIT - Free shipping | Chewy,30,"Shop Chewy for low prices and the best products! We carry a large selection and the top brands like Frisco, Littlearth, and more. Find everything you need in one place. FREE shipping on orders $49+ and the BEST customer service!",228,foufit dog toys,fouFIT,1,foufit,True,True,False,False,False,False,False,False,97,339,3,,,,,,,3,3,2.67,3,0,0,0,2.0
HVF,Meta,Meta description does not align to main ranking keyword,https://www.chewy.com/f/fringe-studio_f1v354151,True,Update meta-description templates to reflect the primary ranking phrase.,fringe dog mugs,Fringe Studio - Free shipping | Chewy,37,"Shop Chewy for low prices and the best products! We carry a large selection and the top brands like Frisco, Littlearth, and more. Find everything you need in one place. FREE shipping on orders $49+ and the BEST customer service!",228,fringe dog mugs,Fringe Studio,1,fringe-studio,True,True,False,False,False,False,False,False,391,340,3,,,,,,,1,1,22.0,0,0,1,0,1.0
HVF,Meta,Meta description does not align to main ranking keyword,https://www.chewy.com/f/furry-republic_f1v222214,True,Update meta-description templates to reflect the primary ranking phrase.,furry republic dog treats,Furry Republic - Free shipping | Chewy,38,"Shop Chewy for low prices and the best products! We carry a large selection and the top brands like Frisco, Littlearth, and more. Find everything you need in one place. FREE shipping on orders $49+ and the BEST customer service!",228,furry republic dog treats,Furry Republic,1,furry-republic,True,True,False,False,False,False,False,False,8,310,3,,,,,,,1,1,9.0,1,0,0,0,1.0
HVF,Meta,Meta description does not align to main ranking keyword,https://www.chewy.com/f/furryfido_f1v284099,True,Update meta-description templates to reflect the primary ranking phrase.,furryfido,FurryFido - Free shipping | Chewy,33,"Shop Chewy for low prices and the best products! We carry a large selection and the top brands like Frisco, Littlearth, and more. Find everything you need in one place. FREE shipping on orders $49+ and the BEST customer service!",228,furryfido,FurryFido,1,furryfido,True,True,False,False,False,False,False,False,8,306,3,,,,,,,1,1,3.0,1,0,0,0,1.0
HVF,Meta,Meta description does not align to main ranking keyword,https://www.chewy.com/f/fxw_f1v18166,True,Update meta-description templates to reflect the primary ranking phrase.,fxw,FXW - Free shipping | Chewy,27,"Shop Chewy for low prices and the best products! We carry a large selection and the top brands like Frisco, Littlearth, and more. Find everything you need in one place. FREE shipping on orders $49+ and the BEST customer service!",228,fxw,FXW,1,fxw,True,True,False,False,False,False,False,False,313,335,3,,,,,,,1,1,15.0,0,1,0,0,1.0
HVF,Meta,Meta description does not align to main ranking keyword,https://www.chewy.com/f/gaines-family-farmstead_f1v471003,True,Update meta-description templates to reflect the primary ranking phrase.,gaines family farmstead,Gaines Family Farmstead - Free shipping | Chewy,47,"Shop Chewy for low prices and the best products! We carry a large selection and the top brands like Frisco, Littlearth, and more. Find everything you need in one place. FREE shipping on orders $49+ and the BEST customer service!",228,gaines family farmstead,Gaines Family Farmstead,1,gaines-family-farmstead,True,True,False,False,False,False,False,False,27,318,3,,,,,,,1,1,9.0,1,0,0,0,1.0
HVF,Meta,Meta description does not align to main ranking keyword,https://www.chewy.com/f/gf-pet_f1v394040,True,Update meta-description templates to reflect the primary ranking phrase.,gf pet,GF Pet - Free shipping | Chewy,30,"Shop Chewy for low prices and the best products! We carry a large selection and the top brands like Frisco, Littlearth, and more. Find everything you need in one place. FREE shipping on orders $49+ and the BEST customer service!",228,gf pet,GF Pet,1,gf-pet,True,True,False,False,False,False,False,False,757,339,3,,,,,,,1,1,14.0,0,1,0,0,2.0
HVF,Meta,Meta description does not align to main ranking keyword,https://www.chewy.com/f/good-pet-stuff_f1v332376,True,Update meta-description templates to reflect the primary ranking phrase.,good pet stuff,Good Pet Stuff - Free shipping | Chewy,38,"Shop Chewy for low prices and the best products! We carry a large selection and the top brands like Frisco, Littlearth, and more. Find everything you need in one place. FREE shipping on orders $49+ and the BEST customer service!",228,good pet stuff,Good Pet Stuff,1,good-pet-stuff,True,True,False,False,False,False,False,False,7,306,3,,,,,,,1,1,7.0,1,0,0,0,1.0
HVF,Meta,Meta description does not align to main ranking keyword,https://www.chewy.com/f/goodgrowlies_f1v719173,True,Update meta-description templates to reflect the primary ranking phrase.,goodgrowlies,GoodGrowlies - Free shipping | Chewy,36,"Shop Chewy for low prices and the best products! We carry a large selection and the top brands like Frisco, Littlearth, and more. Find everything you need in one place. FREE shipping on orders $49+ and the BEST customer service!",228,goodgrowlies,GoodGrowlies,1,goodgrowlies,True,True,False,False,False,False,False,False,11,312,3,,,,,,,1,1,6.0,1,0,0,0,1.0
HVF,Meta,Meta description does not align to main ranking keyword,https://www.chewy.com/f/groovypets_f1v116553,True,Update meta-description templates to reflect the primary ranking phrase.,groovypets,GroovyPets - Free shipping | Chewy,34,"Shop Chewy for low prices and the best products! We carry a large selection and the top brands like Frisco, Littlearth, and more. Find everything you need in one place. FREE shipping on orders $49+ and the BEST customer service!",228,groovypets,GroovyPets,1,groovypets,True,True,False,False,False,False,False,False,77,340,3,,,,,,,1,1,2.0,1,0,0,0,2.0
HVF,Meta,Meta description does not align to main ranking keyword,https://www.chewy.com/f/grrreen_f1v18382,True,Update meta-description templates to reflect the primary ranking phrase.,grrreen,Grrreen - Free shipping | Chewy,31,"Shop Chewy for low prices and the best products! We carry a large selection and the top brands like Frisco, Littlearth, and more. Find everything you need in one place. FREE shipping on orders $49+ and the BEST customer service!",228,grrreen,Grrreen,1,grrreen,True,True,False,False,False,False,False,False,32,328,3,,,,,,,1,1,5.0,1,0,0,0,1.0
HVF,Meta,Meta description does not align to main ranking keyword,https://www.chewy.com/f/halls-hay_f1v327772,True,Update meta-description templates to reflect the primary ranking phrase.,hall's hay,Hall's Hay - Free shipping | Chewy,34,"Shop Chewy for low prices and the best products! We carry a large selection and the top brands like Frisco, Littlearth, and more. Find everything you need in one place. FREE shipping on orders $49+ and the BEST customer service!",228,hall's hay,Hall's Hay,1,halls-hay,True,True,False,False,False,False,False,False,10,312,3,,,,,,,1,1,4.0,1,0,0,0,1.0
HVF,Meta,Meta description does not align to main ranking keyword,https://www.chewy.com/f/hanamya_f1v16606,True,Update meta-description templates to reflect the primary ranking phrase.,hanamya,HANAMYA - Free shipping | Chewy,31,"Shop Chewy for low prices and the best products! We carry a large selection and the top brands like Frisco, Littlearth, and more. Find everything you need in one place. FREE shipping on orders $49+ and the BEST customer service!",228,hanamya,HANAMYA,1,hanamya,True,True,False,False,False,False,False,False,1,338,3,,,,,,,1,1,4.0,1,0,0,0,1.0
HVF,Meta,Meta description does not align to main ranking keyword,https://www.chewy.com/f/happy-habitats_f1v366063,True,Update meta-description templates to reflect the primary ranking phrase.,happy habitats,Happy Habitats - Free shipping | Chewy,38,"Shop Chewy for low prices and the best products! We carry a large selection and the top brands like Frisco, Littlearth, and more. Find everything you need in one place. FREE shipping on orders $49+ and the BEST customer service!",228,happy habitats,Happy Habitats,1,happy-habitats,True,False,False,False,False,False,False,False,6,308,3,,,,,,,1,1,23.0,0,0,1,0,1.0
HVF,Meta,Meta description does not align to main ranking keyword,https://www.chewy.com/f/happycare-textiles_f1v134477,True,Update meta-description templates to reflect the primary ranking phrase.,happycare textiles,HappyCare Textiles - Free shipping | Chewy,42,"Shop Chewy for low prices and the best products! We carry a large selection and the top brands like Frisco, Littlearth, and more. Find everything you need in one place. FREE shipping on orders $49+ and the BEST customer service!",228,happycare textiles,HappyCare Textiles,1,happycare-textiles,True,True,False,False,False,False,False,False,129,339,3,,,,,,,1,1,4.0,1,0,0,0,1.0
HVF,Meta,Meta description does not align to main ranking keyword,https://www.chewy.com/f/healthy-breeds_f1v402540,True,Update meta-description templates to reflect the primary ranking phrase.,healthy breeds,Healthy Breeds - Free shipping | Chewy,38,"Shop Chewy for low prices and the best products! We carry a large selection and the top brands like Frisco, Littlearth, and more. Find everything you need in one place. FREE shipping on orders $49+ and the BEST customer service!",228,healthy breeds,Healthy Breeds,1,healthy-breeds,True,True,False,False,False,False,False,False,1671,339,3,,,,,,,1,1,3.0,1,0,0,0,1.0
HVF,Meta,Meta description does not align to main ranking keyword,https://www.chewy.com/f/healthy-dogma_f1v470973,True,Update meta-description templates to reflect the primary ranking phrase.,healthy dogma dog treats,Healthy Dogma - Free shipping | Chewy,37,"Shop Chewy for low prices and the best products! We carry a large selection and the top brands like Frisco, Littlearth, and more. Find everything you need in one place. FREE shipping on orders $49+ and the BEST customer service!",228,healthy dogma dog treats,Healthy Dogma,1,healthy-dogma,True,True,False,False,False,False,False,False,20,316,3,,,,,,,1,1,,0,0,0,1,1.0
HVF,Meta,Meta description does not align to main ranking keyword,https://www.chewy.com/f/healthy-paw-life_f1v18134,True,Update meta-description templates to reflect the primary ranking phrase.,healthy paw life,Healthy Paw Life - Free shipping | Chewy,40,"Shop Chewy for low prices and the best products! We carry a large selection and the top brands like Frisco, Littlearth, and more. Find everything you need in one place. FREE shipping on orders $49+ and the BEST customer service!",228,healthy paw life,Healthy Paw Life,1,healthy-paw-life,True,True,False,False,False,False,False,False,17,313,3,,,,,,,1,1,3.0,1,0,0,0,1.0
HVF,Meta,Meta description does not align to main ranking keyword,https://www.chewy.com/f/healthy-pup_f1v507021,True,Update meta-description templates to reflect the primary ranking phrase.,healthy pup,Healthy Pup - Free shipping | Chewy,35,"Shop Chewy for low prices and the best products! We carry a large selection and the top brands like Frisco, Littlearth, and more. Find everything you need in one place. FREE shipping on orders $49+ and the BEST customer service!",228,healthy pup,Healthy Pup,1,healthy-pup,True,True,False,False,False,False,False,False,18,317,3,,,,,,,1,1,8.0,1,0,0,0,1.0
HVF,Meta,Meta description does not align to main ranking keyword,https://www.chewy.com/f/healthy-solutions-pets_f1v147452,True,Update meta-description templates to reflect the primary ranking phrase.,healthy solutions for pets,Healthy Solutions for Pets - Free shipping | Chewy,50,"Shop Chewy for low prices and the best products! We carry a large selection and the top brands like Frisco, Littlearth, and more. Find everything you need in one place. FREE shipping on orders $49+ and the BEST customer service!",228,healthy solutions for pets,Healthy Solutions for Pets,1,healthy-solutions-pets,True,True,False,False,False,False,False,False,4,306,3,,,,,,,1,1,3.0,1,0,0,0,1.0
HVF,Meta,Meta description does not align to main ranking keyword,https://www.chewy.com/f/high-noon-feeds_f1v290483,True,Update meta-description templates to reflect the primary ranking phrase.,high noon feeds,High Noon Feeds - Free shipping | Chewy,39,"Shop Chewy for low prices and the best products! We carry a large selection and the top brands like Frisco, Littlearth, and more. Find everything you need in one place. FREE shipping on orders $49+ and the BEST customer service!",228,high noon feeds,High Noon Feeds,1,high-noon-feeds,True,True,False,False,False,False,False,False,5,307,3,,,,,,,1,1,10.0,1,0,0,0,2.0
HVF,Meta,Meta description does not align to main ranking keyword,https://www.chewy.com/f/hillside-farms_f1v136088,True,Update meta-description templates to reflect the primary ranking phrase.,hillside farms dog treats,Hillside Farms - Free shipping | Chewy,38,"Shop Chewy for low prices and the best products! We carry a large selection and the top brands like Frisco, Littlearth, and more. Find everything you need in one place. FREE shipping on orders $49+ and the BEST customer service!",228,hillside farms dog treats,Hillside Farms,1,hillside-farms,True,True,False,False,False,False,False,False,5,307,3,,,,,,,2,2,4.5,2,0,0,0,1.0
HVF,Meta,Meta description does not align to main ranking keyword,https://www.chewy.com/f/hoistspark_f1v387345,True,Update meta-description templates to reflect the primary ranking phrase.,hoistspark,Hoistspark - Free shipping | Chewy,34,"Shop Chewy for low prices and the best products! We carry a large selection and the top brands like Frisco, Littlearth, and more. Find everything you need in one place. FREE shipping on orders $49+ and the BEST customer service!",228,hoistspark,Hoistspark,1,hoistspark,True,True,False,False,False,False,False,False,22,323,3,,,,,,,1,1,1.0,1,0,0,0,1.0
HVF,Meta,Meta description does not align to main ranking keyword,https://www.chewy.com/f/home-bazaar_f1v469812,True,Update meta-description templates to reflect the primary ranking phrase.,home bazaar,Home Bazaar - Free shipping | Chewy,35,"Shop Chewy for low prices and the best products! We carry a large selection and the top brands like Frisco, Littlearth, and more. Find everything you need in one place. FREE shipping on orders $49+ and the BEST customer service!",228,home bazaar,Home Bazaar,1,home-bazaar,True,True,False,False,False,False,False,False,47,339,3,,,,,,,1,1,24.0,0,0,1,0,3.0
HVF,Meta,Meta description does not align to main ranking keyword,https://www.chewy.com/f/homeovet_f1v148716,True,Update meta-description templates to reflect the primary ranking phrase.,homeovet,HomeoVet - Free shipping | Chewy,32,"Shop Chewy for low prices and the best products! We carry a large selection and the top brands like Frisco, Littlearth, and more. Find everything you need in one place. FREE shipping on orders $49+ and the BEST customer service!",228,homeovet,HomeoVet,1,homeovet,True,True,False,False,False,False,False,False,10,312,3,,,,,,,1,1,9.0,1,0,0,0,1.0
HVF,Meta,Meta description does not align to main ranking keyword,https://www.chewy.com/f/honest-pet-products_f1v285126,True,Update meta-description templates to reflect the primary ranking phrase.,honest pet products,Honest Pet Products - Free shipping | Chewy,43,"Shop Chewy for low prices and the best products! We carry a large selection and the top brands like Frisco, Littlearth, and more. Find everything you need in one place. FREE shipping on orders $49+ and the BEST customer service!",228,honest pet products,Honest Pet Products,1,honest-pet-products,True,True,False,False,False,False,False,False,5,307,3,,,,,,,1,1,3.0,1,0,0,0,1.0
HVF,Meta,Meta description does not align to main ranking keyword,https://www.chewy.com/f/honest-to-goodness_f1v497190,True,Update meta-description templates to reflect the primary ranking phrase.,honest to goodness,Honest To Goodness - Free shipping | Chewy,42,"Shop Chewy for low prices and the best products! We carry a large selection and the top brands like Frisco, Littlearth, and more. Find everything you need in one place. FREE shipping on orders $49+ and the BEST customer service!",228,honest to goodness,Honest To Goodness,1,honest-to-goodness,True,True,False,False,False,False,False,False,17,319,3,,,,,,,1,1,8.0,1,0,0,0,1.0
HVF,Meta,Meta description does not align to main ranking keyword,https://www.chewy.com/f/hoof-boss_f1v354468,True,Update meta-description templates to reflect the primary ranking phrase.,hoof boss,Hoof Boss - Free shipping | Chewy,33,"Shop Chewy for low prices and the best products! We carry a large selection and the top brands like Frisco, Littlearth, and more. Find everything you need in one place. FREE shipping on orders $49+ and the BEST customer service!",228,hoof boss,Hoof Boss,1,hoof-boss,True,True,False,False,False,False,False,False,33,335,3,,,,,,,1,1,14.0,0,1,0,0,1.0
HVF,Meta,Meta description does not align to main ranking keyword,https://www.chewy.com/f/hotel-doggy_f1v216850,True,Update meta-description templates to reflect the primary ranking phrase.,hotel doggy,Hotel Doggy - Free shipping | Chewy,35,"Shop Chewy for low prices and the best products! We carry a large selection and the top brands like Frisco, Littlearth, and more. Find everything you need in one place. FREE shipping on orders $49+ and the BEST customer service!",228,hotel doggy,Hotel Doggy,1,hotel-doggy,True,True,False,False,False,False,False,False,34,318,3,,,,,,,1,1,5.0,1,0,0,0,1.0
HVF,Meta,Meta description does not align to main ranking keyword,https://www.chewy.com/f/hotspot-pets_f1v467060,True,Update meta-description templates to reflect the primary ranking phrase.,hotspot pets,HOTSPOT PETS - Free shipping | Chewy,36,"Shop Chewy for low prices and the best products! We carry a large selection and the top brands like Frisco, Littlearth, and more. Find everything you need in one place. FREE shipping on orders $49+ and the BEST customer service!",228,hotspot pets,HOTSPOT PETS,1,hotspot-pets,True,True,False,False,False,False,False,False,263,339,3,,,,,,,1,1,5.0,1,0,0,0,1.0
HVF,Meta,Meta description does not align to main ranking keyword,https://www.chewy.com/f/hound2o_f1v158757,True,Update meta-description templates to reflect the primary ranking phrase.,hound2o,Hound2O - Free shipping | Chewy,31,"Shop Chewy for low prices and the best products! We carry a large selection and the top brands like Frisco, Littlearth, and more. Find everything you need in one place. FREE shipping on orders $49+ and the BEST customer service!",228,hound2o,Hound2O,1,hound2o,True,True,False,False,False,False,False,False,34,320,3,,,,,,,1,1,4.0,1,0,0,0,1.0
HVF,Meta,Meta description does not align to main ranking keyword,https://www.chewy.com/f/hpz_f1v495267,True,Update meta-description templates to reflect the primary ranking phrase.,hpz,HPZ - Free shipping | Chewy,27,"Shop Chewy for low prices and the best products! We carry a large selection and the top brands like Frisco, Littlearth, and more. Find everything you need in one place. FREE shipping on orders $49+ and the BEST customer service!",228,hpz,HPZ,1,hpz,True,True,False,False,False,False,False,False,7,308,3,,,,,,,1,1,,0,0,0,1,5.0
HVF,Meta,Meta description does not align to main ranking keyword,https://www.chewy.com/f/hummers-galore_f1v707158,True,Update meta-description templates to reflect the primary ranking phrase.,hummer's galore,Hummer's Galore - Free shipping | Chewy,39,"Shop Chewy for low prices and the best products! We carry a large selection and the top brands like Frisco, Littlearth, and more. Find everything you need in one place. FREE shipping on orders $49+ and the BEST customer service!",228,hummer's galore,Hummer's Galore,1,hummers-galore,True,True,False,False,False,False,False,False,43,323,3,,,,,,,1,1,15.0,0,1,0,0,3.0
HVF,Meta,Meta description does not align to main ranking keyword,https://www.chewy.com/f/huntley-equestrian_f1v292504,True,Update meta-description templates to reflect the primary ranking phrase.,huntley equestrian,Huntley Equestrian - Free shipping | Chewy,42,"Shop Chewy for low prices and the best products! We carry a large selection and the top brands like Frisco, Littlearth, and more. Find everything you need in one place. FREE shipping on orders $49+ and the BEST customer service!",228,huntley equestrian,Huntley Equestrian,1,huntley-equestrian,True,True,False,False,False,False,False,False,117,339,3,,,,,,,1,1,8.0,1,0,0,0,1.0
HVF,Meta,Meta description does not align to main ranking keyword,https://www.chewy.com/f/huntley-pet_f1v501907,True,Update meta-description templates to reflect the primary ranking phrase.,huntley pet,Huntley Pet - Free shipping | Chewy,35,"Shop Chewy for low prices and the best products! We carry a large selection and the top brands like Frisco, Littlearth, and more. Find everything you need in one place. FREE shipping on orders $49+ and the BEST customer service!",228,huntley pet,Huntley Pet,1,huntley-pet,True,False,False,False,False,False,False,False,10,310,3,,,,,,,1,1,30.0,0,0,1,0,1.0
HVF,Meta,Meta description does not align to main ranking keyword,https://www.chewy.com/f/hydor_f1v860510,True,Update meta-description templates to reflect the primary ranking phrase.,hydor,Hydor - Free shipping | Chewy,29,"Shop Chewy for low prices and the best products! We carry a large selection and the top brands like Frisco, Littlearth, and more. Find everything you need in one place. FREE shipping on orders $49+ and the BEST customer service!",228,hydor,Hydor,1,hydor,True,False,False,False,False,False,False,False,44,326,3,,,,,,,2,1,7.0,2,0,0,0,1.0
HVF,Meta,Meta description does not align to main ranking keyword,https://www.chewy.com/f/hyperflite_f1v168062,True,Update meta-description templates to reflect the primary ranking phrase.,hyperflite,Hyperflite - Free shipping | Chewy,34,"Shop Chewy for low prices and the best products! We carry a large selection and the top brands like Frisco, Littlearth, and more. Find everything you need in one place. FREE shipping on orders $49+ and the BEST customer service!",228,hyperflite,Hyperflite,1,hyperflite,True,True,False,False,False,False,False,False,14,308,3,,,,,,,1,1,8.0,1,0,0,0,1.0
HVF,Meta,Meta description does not align to main ranking keyword,https://www.chewy.com/f/hyponic_f1v189366,True,Update meta-description templates to reflect the primary ranking phrase.,hyponic,Hyponic - Free shipping | Chewy,31,"Shop Chewy for low prices and the best products! We carry a large selection and the top brands like Frisco, Littlearth, and more. Find everything you need in one place. FREE shipping on orders $49+ and the BEST customer service!",228,hyponic,Hyponic,1,hyponic,True,True,False,False,False,False,False,False,17,319,3,,,,,,,1,1,12.0,0,1,0,0,1.0
HVF,Meta,Meta description does not align to main ranking keyword,https://www.chewy.com/f/ice-horse_f1v505103,True,Update meta-description templates to reflect the primary ranking phrase.,horse ice wraps,Ice Horse - Free shipping | Chewy,33,"Shop Chewy for low prices and the best products! We carry a large selection and the top brands like Frisco, Littlearth, and more. Find everything you need in one place. FREE shipping on orders $49+ and the BEST customer service!",228,horse ice wraps,Ice Horse,1,ice-horse,True,True,False,False,False,False,False,False,41,323,3,,,,,,,2,2,24.0,0,0,1,1,1.0
HVF,Meta,Meta description does not align to main ranking keyword,https://www.chewy.com/f/iconic-pet_f1v329891,True,Update meta-description templates to reflect the primary ranking phrase.,iconic pet,Iconic Pet - Free shipping | Chewy,34,"Shop Chewy for low prices and the best products! We carry a large selection and the top brands like Frisco, Littlearth, and more. Find everything you need in one place. FREE shipping on orders $49+ and the BEST customer service!",228,iconic pet,Iconic Pet,1,iconic-pet,True,True,False,False,False,False,False,False,83,322,3,,,,,,,1,1,8.0,1,0,0,0,1.0
HVF,Meta,Meta description does not align to main ranking keyword,https://www.chewy.com/f/igroom_f1v461122,True,Update meta-description templates to reflect the primary ranking phrase.,igroom,iGroom - Free shipping | Chewy,30,"Shop Chewy for low prices and the best products! We carry a large selection and the top brands like Frisco, Littlearth, and more. Find everything you need in one place. FREE shipping on orders $49+ and the BEST customer service!",228,igroom,iGroom,1,igroom,True,True,False,False,False,False,False,False,40,318,3,,,,,,,1,1,19.0,0,1,0,0,1.0
HVF,Meta,Meta description does not align to main ranking keyword,https://www.chewy.com/f/imagine-this-company_f1v220250,True,Update meta-description templates to reflect the primary ranking phrase.,imagine this company,Imagine This Company - Free shipping | Chewy,44,"Shop Chewy for low prices and the best products! We carry a large selection and the top brands like Frisco, Littlearth, and more. Find everything you need in one place. FREE shipping on orders $49+ and the BEST customer service!",228,imagine this company,Imagine This Company,1,imagine-this-company,True,True,False,False,False,False,False,False,143,340,3,,,,,,,1,1,19.0,0,1,0,0,1.0
HVF,Meta,Meta description does not align to main ranking keyword,https://www.chewy.com/f/indipets_f1v255272,True,Update meta-description templates to reflect the primary ranking phrase.,indipets,Indipets - Free shipping | Chewy,32,"Shop Chewy for low prices and the best products! We carry a large selection and the top brands like Frisco, Littlearth, and more. Find everything you need in one place. FREE shipping on orders $49+ and the BEST customer service!",228,indipets,Indipets,1,indipets,True,True,False,False,False,False,False,False,62,339,3,,,,,,,1,1,20.0,0,1,0,0,2.0
HVF,Meta,Meta description does not align to main ranking keyword,https://www.chewy.com/f/infinite-pet-life_f1v256499,True,Update meta-description templates to reflect the primary ranking phrase.,infinite pet life,Infinite Pet Life - Free shipping | Chewy,41,"Shop Chewy for low prices and the best products! We carry a large selection and the top brands like Frisco, Littlearth, and more. Find everything you need in one place. FREE shipping on orders $49+ and the BEST customer service!",228,infinite pet life,Infinite Pet Life,1,infinite-pet-life,True,True,False,False,False,False,False,False,7,309,3,,,,,,,1,1,5.0,1,0,0,0,1.0
HVF,Meta,Meta description does not align to main ranking keyword,https://www.chewy.com/f/innovative-pet-lab_f1v457408,True,Update meta-description templates to reflect the primary ranking phrase.,innovative pet lab,Innovative Pet Lab - Free shipping | Chewy,42,"Shop Chewy for low prices and the best products! We carry a large selection and the top brands like Frisco, Littlearth, and more. Find everything you need in one place. FREE shipping on orders $49+ and the BEST customer service!",228,innovative pet lab,Innovative Pet Lab,1,innovative-pet-lab,True,True,False,False,False,False,False,False,9,311,3,,,,,,,1,1,22.0,0,0,1,0,1.0
HVF,Meta,Meta description does not align to main ranking keyword,https://www.chewy.com/f/instachew_f1v122565,True,Update meta-description templates to reflect the primary ranking phrase.,instachew,INSTACHEW - Free shipping | Chewy,33,"Shop Chewy for low prices and the best products! We carry a large selection and the top brands like Frisco, Littlearth, and more. Find everything you need in one place. FREE shipping on orders $49+ and the BEST customer service!",228,instachew,INSTACHEW,1,instachew,True,True,False,False,False,False,False,False,31,325,3,,,,,,,1,1,,0,0,0,1,1.0
HVF,Meta,Meta description does not align to main ranking keyword,https://www.chewy.com/f/intellileash_f1v188261,True,Update meta-description templates to reflect the primary ranking phrase.,intellileash,IntelliLeash - Free shipping | Chewy,36,"Shop Chewy for low prices and the best products! We carry a large selection and the top brands like Frisco, Littlearth, and more. Find everything you need in one place. FREE shipping on orders $49+ and the BEST customer service!",228,intellileash,IntelliLeash,1,intellileash,True,True,False,False,False,False,False,False,17,308,3,,,,,,,1,1,2.0,1,0,0,0,1.0
HVF,Meta,Meta description does not align to main ranking keyword,https://www.chewy.com/f/international-veterinary-sciences_f1v505090,True,Update meta-description templates to reflect the primary ranking phrase.,international veterinary sciences,International Veterinary Sciences - Free shipping | Chewy,57,"Shop Chewy for low prices and the best products! We carry a large selection and the top brands like Frisco, Littlearth, and more. Find everything you need in one place. FREE shipping on orders $49+ and the BEST customer service!",228,international veterinary sciences,International Veterinary Sciences,1,international-veterinary-sciences,True,False,False,False,False,False,False,False,8,309,3,,,,,,,1,1,7.0,1,0,0,0,1.0
HVF,Meta,Meta description does not align to main ranking keyword,https://www.chewy.com/f/jackson-galaxy-solutions_f1v826066,True,Update meta-description templates to reflect the primary ranking phrase.,jackson galaxy solutions,Jackson Galaxy Solutions - Free shipping | Chewy,48,"Shop Chewy for low prices and the best products! We carry a large selection and the top brands like Frisco, Littlearth, and more. Find everything you need in one place. FREE shipping on orders $49+ and the BEST customer service!",228,jackson galaxy solutions,Jackson Galaxy Solutions,1,jackson-galaxy-solutions,True,True,False,False,False,False,False,False,11,313,3,,,,,,,1,1,12.0,0,1,0,0,1.0
HVF,Meta,Meta description does not align to main ranking keyword,https://www.chewy.com/f/jespet_f1v118133,True,Update meta-description templates to reflect the primary ranking phrase.,jespet,Jespet - Free shipping | Chewy,30,"Shop Chewy for low prices and the best products! We carry a large selection and the top brands like Frisco, Littlearth, and more. Find everything you need in one place. FREE shipping on orders $49+ and the BEST customer service!",228,jespet,Jespet,1,jespet,True,True,False,False,False,False,False,False,120,319,3,,,,,,,1,1,7.0,1,0,0,0,1.0
HVF,Meta,Meta description does not align to main ranking keyword,https://www.chewy.com/f/jiminys_f1v180333,True,Update meta-description templates to reflect the primary ranking phrase.,jiminy's,Jiminy's - Free shipping | Chewy,32,"Shop Chewy for low prices and the best products! We carry a large selection and the top brands like Frisco, Littlearth, and more. Find everything you need in one place. FREE shipping on orders $49+ and the BEST customer service!",228,jiminy's,Jiminy's,1,jiminys,True,True,False,False,False,False,False,False,22,315,3,,,,,,,2,2,10.0,1,1,0,0,1.0
HVF,Meta,Meta description does not align to main ranking keyword,https://www.chewy.com/f/k9-select_f1v817785,True,Update meta-description templates to reflect the primary ranking phrase.,k9 select,K9 Select - Free shipping | Chewy,33,"Shop Chewy for low prices and the best products! We carry a large selection and the top brands like Frisco, Littlearth, and more. Find everything you need in one place. FREE shipping on orders $49+ and the BEST customer service!",228,k9 select,K9 Select,1,k9-select,True,True,False,False,False,False,False,False,19,321,3,,,,,,,1,1,4.0,1,0,0,0,1.0
HVF,Meta,Meta description does not align to main ranking keyword,https://www.chewy.com/f/k9warehouse_f1v325600,True,Update meta-description templates to reflect the primary ranking phrase.,k9warehouse,K9warehouse - Free shipping | Chewy,35,"Shop Chewy for low prices and the best products! We carry a large selection and the top brands like Frisco, Littlearth, and more. Find everything you need in one place. FREE shipping on orders $49+ and the BEST customer service!",228,k9warehouse,K9warehouse,1,k9warehouse,True,True,False,False,False,False,False,False,91,339,3,,,,,,,1,1,6.0,1,0,0,0,1.0
HVF,Meta,Meta description does not align to main ranking keyword,https://www.chewy.com/f/kasiks_f1v760191,True,Update meta-description templates to reflect the primary ranking phrase.,kasiks dog food,KASIKS - Free shipping | Chewy,30,"Shop Chewy for low prices and the best products! We carry a large selection and the top brands like Frisco, Littlearth, and more. Find everything you need in one place. FREE shipping on orders $49+ and the BEST customer service!",228,kasiks dog food,KASIKS,1,kasiks,True,True,False,False,False,False,False,False,18,313,3,,,,,,,2,2,9.0,1,0,0,1,1.0
HVF,Meta,Meta description does not align to main ranking keyword,https://www.chewy.com/f/katziela_f1v518585,True,Update meta-description templates to reflect the primary ranking phrase.,katziela,Katziela - Free shipping | Chewy,32,"Shop Chewy for low prices and the best products! We carry a large selection and the top brands like Frisco, Littlearth, and more. Find everything you need in one place. FREE shipping on orders $49+ and the BEST customer service!",228,katziela,Katziela,1,katziela,True,True,False,False,False,False,False,False,109,340,3,,,,,,,1,1,5.0,1,0,0,0,1.0
HVF,Meta,Meta description does not align to main ranking keyword,https://www.chewy.com/f/kawell_f1v181665,True,Update meta-description templates to reflect the primary ranking phrase.,kawell,Kawell - Free shipping | Chewy,30,"Shop Chewy for low prices and the best products! We carry a large selection and the top brands like Frisco, Littlearth, and more. Find everything you need in one place. FREE shipping on orders $49+ and the BEST customer service!",228,kawell,Kawell,1,kawell,True,True,False,False,False,False,False,False,16,307,3,,,,,,,1,1,9.0,1,0,0,0,1.0
HVF,Meta,Meta description does not align to main ranking keyword,https://www.chewy.com/f/kennelmaster_f1v318142,True,Update meta-description templates to reflect the primary ranking phrase.,kennelmaster,KennelMaster - Free shipping | Chewy,36,"Shop Chewy for low prices and the best products! We carry a large selection and the top brands like Frisco, Littlearth, and more. Find everything you need in one place. FREE shipping on orders $49+ and the BEST customer service!",228,kennelmaster,KennelMaster,1,kennelmaster,True,True,False,False,False,False,False,False,16,318,3,,,,,,,1,1,13.0,0,1,0,0,2.0
HVF,Meta,Meta description does not align to main ranking keyword,https://www.chewy.com/f/kensington-protective-products_f1v330139,True,Update meta-description templates to reflect the primary ranking phrase.,kensington protective products,Kensington Protective Products - Free shipping | Chewy,54,"Shop Chewy for low prices and the best products! We carry a large selection and the top brands like Frisco, Littlearth, and more. Find everything you need in one place. FREE shipping on orders $49+ and the BEST customer service!",228,kensington protective products,Kensington Protective Products,1,kensington-protective-products,True,True,False,False,False,False,False,False,973,339,3,,,,,,,1,1,12.0,0,1,0,0,1.0
HVF,Meta,Meta description does not align to main ranking keyword,https://www.chewy.com/f/kentucky-equine-research_f1v494815,True,Update meta-description templates to reflect the primary ranking phrase.,kentucky equine research,Kentucky Equine Research - Free shipping | Chewy,48,"Shop Chewy for low prices and the best products! We carry a large selection and the top brands like Frisco, Littlearth, and more. Find everything you need in one place. FREE shipping on orders $49+ and the BEST customer service!",228,kentucky equine research,Kentucky Equine Research,1,kentucky-equine-research,True,True,False,False,False,False,False,False,19,319,3,,,,,,,1,1,10.0,1,0,0,0,1.0
HVF,Meta,Meta description does not align to main ranking keyword,https://www.chewy.com/f/kingdom-pets_f1v436656,True,Update meta-description templates to reflect the primary ranking phrase.,kingdom pets,Kingdom Pets - Free shipping | Chewy,36,"Shop Chewy for low prices and the best products! We carry a large selection and the top brands like Frisco, Littlearth, and more. Find everything you need in one place. FREE shipping on orders $49+ and the BEST customer service!",228,kingdom pets,Kingdom Pets,1,kingdom-pets,True,True,False,False,False,False,False,False,7,309,3,,,,,,,2,2,2.0,2,0,0,0,2.0
HVF,Meta,Meta description does not align to main ranking keyword,https://www.chewy.com/f/kitangle_f1v177375,True,Update meta-description templates to reflect the primary ranking phrase.,kitangle,Kitangle - Free shipping | Chewy,32,"Shop Chewy for low prices and the best products! We carry a large selection and the top brands like Frisco, Littlearth, and more. Find everything you need in one place. FREE shipping on orders $49+ and the BEST customer service!",228,kitangle,Kitangle,1,kitangle,True,True,False,False,False,False,False,False,14,306,3,,,,,,,1,1,5.0,1,0,0,0,1.0
HVF,Meta,Meta description does not align to main ranking keyword,https://www.chewy.com/f/kittyrama_f1v437984,True,Update meta-description templates to reflect the primary ranking phrase.,kittyrama,Kittyrama - Free shipping | Chewy,33,"Shop Chewy for low prices and the best products! We carry a large selection and the top brands like Frisco, Littlearth, and more. Find everything you need in one place. FREE shipping on orders $49+ and the BEST customer service!",228,kittyrama,Kittyrama,1,kittyrama,True,True,False,False,False,False,False,False,30,308,3,,,,,,,1,1,11.0,0,1,0,0,1.0
HVF,Meta,Meta description does not align to main ranking keyword,https://www.chewy.com/f/kittywalk_f1v462241,True,Update meta-description templates to reflect the primary ranking phrase.,kittywalk,Kittywalk - Free shipping | Chewy,33,"Shop Chewy for low prices and the best products! We carry a large selection and the top brands like Frisco, Littlearth, and more. Find everything you need in one place. FREE shipping on orders $49+ and the BEST customer service!",228,kittywalk,Kittywalk,1,kittywalk,True,True,False,False,False,False,False,False,5,307,3,,,,,,,1,1,,0,0,0,1,1.0
HVF,Meta,Meta description does not align to main ranking keyword,https://www.chewy.com/f/knotty-horse_f1v252236,True,Update meta-description templates to reflect the primary ranking phrase.,knotty horse,Knotty Horse - Free shipping | Chewy,36,"Shop Chewy for low prices and the best products! We carry a large selection and the top brands like Frisco, Littlearth, and more. Find everything you need in one place. FREE shipping on orders $49+ and the BEST customer service!",228,knotty horse,Knotty Horse,1,knotty-horse,True,True,False,False,False,False,False,False,7,308,3,,,,,,,1,1,14.0,0,1,0,0,1.0
HVF,Meta,Meta description does not align to main ranking keyword,https://www.chewy.com/f/konas-chips_f1v779986,True,Update meta-description templates to reflect the primary ranking phrase.,kona's chips,Kona's Chips - Free shipping | Chewy,36,"Shop Chewy for low prices and the best products! We carry a large selection and the top brands like Frisco, Littlearth, and more. Find everything you need in one place. FREE shipping on orders $49+ and the BEST customer service!",228,kona's chips,Kona's Chips,1,konas-chips,,True,False,False,False,False,False,False,3,305,3,,,,,,,1,1,,0,0,0,1,1.0
HVF,Meta,Meta description does not align to main ranking keyword,https://www.chewy.com/f/kordon_f1v399273,True,Update meta-description templates to reflect the primary ranking phrase.,kordon,Kordon - Free shipping | Chewy,30,"Shop Chewy for low prices and the best products! We carry a large selection and the top brands like Frisco, Littlearth, and more. Find everything you need in one place. FREE shipping on orders $49+ and the BEST customer service!",228,kordon,Kordon,1,kordon,True,True,False,False,False,False,False,False,16,312,3,,,,,,,1,1,14.0,0,1,0,0,1.0
HVF,Meta,Meta description does not align to main ranking keyword,https://www.chewy.com/f/korsteel_f1v793745,True,Update meta-description templates to reflect the primary ranking phrase.,korsteel,Korsteel - Free shipping | Chewy,32,"Shop Chewy for low prices and the best products! We carry a large selection and the top brands like Frisco, Littlearth, and more. Find everything you need in one place. FREE shipping on orders $49+ and the BEST customer service!",228,korsteel,Korsteel,1,korsteel,True,True,False,False,False,False,False,False,62,319,3,,,,,,,1,1,,0,0,0,1,1.0
HVF,Meta,Meta description does not align to main ranking keyword,https://www.chewy.com/f/laazar_f1v529214,True,Update meta-description templates to reflect the primary ranking phrase.,laazar,Laazar - Free shipping | Chewy,30,"Shop Chewy for low prices and the best products! We carry a large selection and the top brands like Frisco, Littlearth, and more. Find everything you need in one place. FREE shipping on orders $49+ and the BEST customer service!",228,laazar,Laazar,1,laazar,True,True,False,False,False,False,False,False,20,316,3,,,,,,,1,1,5.0,1,0,0,0,1.0
HVF,Meta,Meta description does not align to main ranking keyword,https://www.chewy.com/f/lazy-kitty_f1v213656,True,Update meta-description templates to reflect the primary ranking phrase.,lazy kitty,Lazy Kitty - Free shipping | Chewy,34,"Shop Chewy for low prices and the best products! We carry a large selection and the top brands like Frisco, Littlearth, and more. Find everything you need in one place. FREE shipping on orders $49+ and the BEST customer service!",228,lazy kitty,Lazy Kitty,1,lazy-kitty,True,True,False,False,False,False,False,False,4,306,3,,,,,,,1,1,1.0,1,0,0,0,1.0
HVF,Meta,Meta description does not align to main ranking keyword,https://www.chewy.com/f/leash-boss_f1v19254,True,Update meta-description templates to reflect the primary ranking phrase.,leashboss,Leash Boss - Free shipping | Chewy,34,"Shop Chewy for low prices and the best products! We carry a large selection and the top brands like Frisco, Littlearth, and more. Find everything you need in one place. FREE shipping on orders $49+ and the BEST customer service!",228,leashboss,Leash Boss,1,leash-boss,True,True,False,False,False,False,False,False,121,336,3,,,,,,,1,1,2.0,1,0,0,0,1.0
HVF,Meta,Meta description does not align to main ranking keyword,https://www.chewy.com/f/lees-aquarium-pets_f1v466575,True,Update meta-description templates to reflect the primary ranking phrase.,lee's aquarium and pets,Lee's Aquarium & Pets - Free shipping | Chewy,45,"Shop Chewy for low prices and the best products! We carry a large selection and the top brands like Frisco, Littlearth, and more. Find everything you need in one place. FREE shipping on orders $49+ and the BEST customer service!",228,lee's aquarium and pets,Lee's Aquarium & Pets,1,lees-aquarium-pets,True,True,False,False,False,False,False,False,27,320,3,,,,,,,1,1,12.0,0,1,0,0,1.0
HVF,Meta,Meta description does not align to main ranking keyword,https://www.chewy.com/f/lennox_f1v167002,True,Update meta-description templates to reflect the primary ranking phrase.,lennox dog treats,Lennox - Free shipping | Chewy,30,"Shop Chewy for low prices and the best products! We carry a large selection and the top brands like Frisco, Littlearth, and more. Find everything you need in one place. FREE shipping on orders $49+ and the BEST customer service!",228,lennox dog treats,Lennox,1,lennox,True,True,False,False,False,False,False,False,20,319,3,,,,,,,1,1,4.0,1,0,0,0,2.0
HVF,Meta,Meta description does not align to main ranking keyword,https://www.chewy.com/f/lexelium_f1v505122,True,Update meta-description templates to reflect the primary ranking phrase.,lexelium,Lexelium - Free shipping | Chewy,32,"Shop Chewy for low prices and the best products! We carry a large selection and the top brands like Frisco, Littlearth, and more. Find everything you need in one place. FREE shipping on orders $49+ and the BEST customer service!",228,lexelium,Lexelium,1,lexelium,True,True,False,False,False,False,False,False,17,319,3,,,,,,,1,1,9.0,1,0,0,0,1.0
HVF,Meta,Meta description does not align to main ranking keyword,https://www.chewy.com/f/lickimat_f1v468781,True,Update meta-description templates to reflect the primary ranking phrase.,lickimat,LickiMat - Free shipping | Chewy,32,"Shop Chewy for low prices and the best products! We carry a large selection and the top brands like Frisco, Littlearth, and more. Find everything you need in one place. FREE shipping on orders $49+ and the BEST customer service!",228,lickimat,LickiMat,1,lickimat,True,True,False,False,False,False,False,False,63,330,3,,,,,,,1,1,13.0,0,1,0,0,1.0
HVF,Meta,Meta description does not align to main ranking keyword,https://www.chewy.com/f/licks_f1v471773,True,Update meta-description templates to reflect the primary ranking phrase.,licks dog supplements,Licks - Free shipping | Chewy,29,"Shop Chewy for low prices and the best products! We carry a large selection and the top brands like Frisco, Littlearth, and more. Find everything you need in one place. FREE shipping on orders $49+ and the BEST customer service!",228,licks dog supplements,Licks,1,licks,True,True,False,False,False,False,False,False,42,328,3,,,,,,,1,1,,0,0,0,1,1.0
HVF,Meta,Meta description does not align to main ranking keyword,https://www.chewy.com/f/life-essentials_f1v362223,True,Update meta-description templates to reflect the primary ranking phrase.,life essentials dog food,Life Essentials - Free shipping | Chewy,39,"Shop Chewy for low prices and the best products! We carry a large selection and the top brands like Frisco, Littlearth, and more. Find everything you need in one place. FREE shipping on orders $49+ and the BEST customer service!",228,life essentials dog food,Life Essentials,1,life-essentials,True,True,False,False,False,False,False,False,4,306,3,,,,,,,2,2,5.0,2,0,0,0,1.0
HVF,Meta,Meta description does not align to main ranking keyword,https://www.chewy.com/f/lifegard_f1v253301,True,Update meta-description templates to reflect the primary ranking phrase.,lifegard,Lifegard - Free shipping | Chewy,32,"Shop Chewy for low prices and the best products! We carry a large selection and the top brands like Frisco, Littlearth, and more. Find everything you need in one place. FREE shipping on orders $49+ and the BEST customer service!",228,lifegard,Lifegard,1,lifegard,True,True,False,False,False,False,False,False,258,339,3,,,,,,,1,1,16.0,0,1,0,0,1.0
HVF,Meta,Meta description does not align to main ranking keyword,https://www.chewy.com/f/lil-monster-pets_f1v256498,True,Update meta-description templates to reflect the primary ranking phrase.,lil monster pets,Lil Monster Pets - Free shipping | Chewy,40,"Shop Chewy for low prices and the best products! We carry a large selection and the top brands like Frisco, Littlearth, and more. Find everything you need in one place. FREE shipping on orders $49+ and the BEST customer service!",228,lil monster pets,Lil Monster Pets,1,lil-monster-pets,True,False,False,False,False,False,False,False,99,310,3,,,,,,,1,1,2.0,1,0,0,0,1.0
HVF,Meta,Meta description does not align to main ranking keyword,https://www.chewy.com/f/lil-bitz_f1v368114,True,Update meta-description templates to reflect the primary ranking phrase.,lil' bitz,Lil' Bitz - Free shipping | Chewy,33,"Shop Chewy for low prices and the best products! We carry a large selection and the top brands like Frisco, Littlearth, and more. Find everything you need in one place. FREE shipping on orders $49+ and the BEST customer service!",228,lil' bitz,Lil' Bitz,1,lil-bitz,True,True,False,False,False,False,False,False,13,308,3,,,,,,,2,2,6.5,2,0,0,0,1.0
HVF,Meta,Meta description does not align to main ranking keyword,https://www.chewy.com/f/little-farmer-products_f1v397574,True,Update meta-description templates to reflect the primary ranking phrase.,little farmer products,Little Farmer Products - Free shipping | Chewy,46,"Shop Chewy for low prices and the best products! We carry a large selection and the top brands like Frisco, Littlearth, and more. Find everything you need in one place. FREE shipping on orders $49+ and the BEST customer service!",228,little farmer products,Little Farmer Products,1,little-farmer-products,True,True,False,False,False,False,False,False,22,320,3,,,,,,,1,1,4.0,1,0,0,0,1.0
HVF,Meta,Meta description does not align to main ranking keyword,https://www.chewy.com/f/livelong-healthy-strong_f1v505991,True,Update meta-description templates to reflect the primary ranking phrase.,livelong healthy and strong,Livelong Healthy & Strong - Free shipping | Chewy,49,"Shop Chewy for low prices and the best products! We carry a large selection and the top brands like Frisco, Littlearth, and more. Find everything you need in one place. FREE shipping on orders $49+ and the BEST customer service!",228,livelong healthy and strong,Livelong Healthy & Strong,1,livelong-healthy-strong,True,True,False,False,False,False,False,False,14,316,3,,,,,,,1,1,24.0,0,0,1,0,1.0
HVF,Meta,Meta description does not align to main ranking keyword,https://www.chewy.com/f/lively-pets_f1v251939,True,Update meta-description templates to reflect the primary ranking phrase.,lively pets,Lively Pets - Free shipping | Chewy,35,"Shop Chewy for low prices and the best products! We carry a large selection and the top brands like Frisco, Littlearth, and more. Find everything you need in one place. FREE shipping on orders $49+ and the BEST customer service!",228,lively pets,Lively Pets,1,lively-pets,True,True,False,False,False,False,False,False,7,307,3,,,,,,,1,1,9.0,1,0,0,0,1.0
HVF,Meta,Meta description does not align to main ranking keyword,https://www.chewy.com/f/lord-jameson_f1v424596,True,Update meta-description templates to reflect the primary ranking phrase.,lord jameson dog treats,Lord Jameson - Free shipping | Chewy,36,"Shop Chewy for low prices and the best products! We carry a large selection and the top brands like Frisco, Littlearth, and more. Find everything you need in one place. FREE shipping on orders $49+ and the BEST customer service!",228,lord jameson dog treats,Lord Jameson,1,lord-jameson,True,True,False,False,False,False,False,False,28,330,3,,,,,,,2,2,,0,0,0,2,1.0
HVF,Meta,Meta description does not align to main ranking keyword,https://www.chewy.com/f/lovintenders_f1v150771,True,Update meta-description templates to reflect the primary ranking phrase.,lovin'tenders,Lovin'Tenders - Free shipping | Chewy,37,"Shop Chewy for low prices and the best products! We carry a large selection and the top brands like Frisco, Littlearth, and more. Find everything you need in one place. FREE shipping on orders $49+ and the BEST customer service!",228,lovin'tenders,Lovin'Tenders,1,lovintenders,True,True,False,False,False,False,False,False,10,312,3,,,,,,,1,1,4.0,1,0,0,0,2.0
HVF,Meta,Meta description does not align to main ranking keyword,https://www.chewy.com/f/loyalty-pet-products_f1v400706,True,Update meta-description templates to reflect the primary ranking phrase.,loyalty pet products,Loyalty Pet Products - Free shipping | Chewy,44,"Shop Chewy for low prices and the best products! We carry a large selection and the top brands like Frisco, Littlearth, and more. Find everything you need in one place. FREE shipping on orders $49+ and the BEST customer service!",228,loyalty pet products,Loyalty Pet Products,1,loyalty-pet-products,True,False,False,False,False,False,False,False,30,314,3,,,,,,,1,1,9.0,1,0,0,0,1.0
HVF,Meta,Meta description does not align to main ranking keyword,https://www.chewy.com/f/lucky-premium-treats_f1v122259,True,Update meta-description templates to reflect the primary ranking phrase.,lucky premium treats,Lucky Premium Treats - Free shipping | Chewy,44,"Shop Chewy for low prices and the best products! We carry a large selection and the top brands like Frisco, Littlearth, and more. Find everything you need in one place. FREE shipping on orders $49+ and the BEST customer service!",228,lucky premium treats,Lucky Premium Treats,1,lucky-premium-treats,True,True,False,False,False,False,False,False,48,322,3,,,,,,,1,1,4.0,1,0,0,0,5.0
HVF,Meta,Meta description does not align to main ranking keyword,https://www.chewy.com/f/lupinepet_f1v433631,True,Update meta-description templates to reflect the primary ranking phrase.,lupinepet,LupinePet - Free shipping | Chewy,33,"Shop Chewy for low prices and the best products! We carry a large selection and the top brands like Frisco, Littlearth, and more. Find everything you need in one place. FREE shipping on orders $49+ and the BEST customer service!",228,lupinepet,LupinePet,1,lupinepet,True,True,False,False,False,False,False,False,2343,339,3,,,,,,,1,1,8.0,1,0,0,0,1.0
HVF,Meta,Meta description does not align to main ranking keyword,https://www.chewy.com/f/mad-cat_f1v527845,True,Update meta-description templates to reflect the primary ranking phrase.,mad cat,Mad Cat - Free shipping | Chewy,31,"Shop Chewy for low prices and the best products! We carry a large selection and the top brands like Frisco, Littlearth, and more. Find everything you need in one place. FREE shipping on orders $49+ and the BEST customer service!",228,mad cat,Mad Cat,1,mad-cat,True,True,False,False,False,False,False,False,32,334,3,,,,,,,1,1,14.0,0,1,0,0,1.0
HVF,Meta,Meta description does not align to main ranking keyword,https://www.chewy.com/f/majestic-ally_f1v110019,True,Update meta-description templates to reflect the primary ranking phrase.,majestic ally,Majestic Ally - Free shipping | Chewy,37,"Shop Chewy for low prices and the best products! We carry a large selection and the top brands like Frisco, Littlearth, and more. Find everything you need in one place. FREE shipping on orders $49+ and the BEST customer service!",228,majestic ally,Majestic Ally,1,majestic-ally,True,True,False,False,False,False,False,False,50,318,3,,,,,,,1,1,,0,0,0,1,1.0
HVF,Meta,Meta description does not align to main ranking keyword,https://www.chewy.com/f/majestic-pet_f1v429266,True,Update meta-description templates to reflect the primary ranking phrase.,majestic pet,Majestic Pet - Free shipping | Chewy,36,"Shop Chewy for low prices and the best products! We carry a large selection and the top brands like Frisco, Littlearth, and more. Find everything you need in one place. FREE shipping on orders $49+ and the BEST customer service!",228,majestic pet,Majestic Pet,1,majestic-pet,True,True,False,False,False,False,False,False,879,340,3,,,,,,,2,2,13.0,1,1,0,0,1.0
HVF,Meta,Meta description does not align to main ranking keyword,https://www.chewy.com/f/makondo-pets_f1v510254,True,Update meta-description templates to reflect the primary ranking phrase.,makondo pets,Makondo Pets - Free shipping | Chewy,36,"Shop Chewy for low prices and the best products! We carry a large selection and the top brands like Frisco, Littlearth, and more. Find everything you need in one place. FREE shipping on orders $49+ and the BEST customer service!",228,makondo pets,Makondo Pets,1,makondo-pets,True,True,False,False,False,False,False,False,11,313,3,,,,,,,1,1,3.0,1,0,0,0,1.0
HVF,Meta,Meta description does not align to main ranking keyword,https://www.chewy.com/f/mango-pet_f1v581468,True,Update meta-description templates to reflect the primary ranking phrase.,mango pet,Mango Pet - Free shipping | Chewy,33,"Shop Chewy for low prices and the best products! We carry a large selection and the top brands like Frisco, Littlearth, and more. Find everything you need in one place. FREE shipping on orders $49+ and the BEST customer service!",228,mango pet,Mango Pet,1,mango-pet,True,True,False,False,False,False,False,False,11,311,3,,,,,,,1,1,11.0,0,1,0,0,1.0
HVF,Meta,Meta description does not align to main ranking keyword,https://www.chewy.com/f/master-equipment_f1v224413,True,Update meta-description templates to reflect the primary ranking phrase.,master equipment,Master Equipment - Free shipping | Chewy,40,"Shop Chewy for low prices and the best products! We carry a large selection and the top brands like Frisco, Littlearth, and more. Find everything you need in one place. FREE shipping on orders $49+ and the BEST customer service!",228,master equipment,Master Equipment,1,master-equipment,True,True,False,False,False,False,False,False,22,315,3,,,,,,,1,1,9.0,1,0,0,0,1.0
HVF,Meta,Meta description does not align to main ranking keyword,https://www.chewy.com/f/master-grooming-tools_f1v468428,True,Update meta-description templates to reflect the primary ranking phrase.,master grooming tools,Master Grooming Tools - Free shipping | Chewy,45,"Shop Chewy for low prices and the best products! We carry a large selection and the top brands like Frisco, Littlearth, and more. Find everything you need in one place. FREE shipping on orders $49+ and the BEST customer service!",228,master grooming tools,Master Grooming Tools,1,master-grooming-tools,True,True,False,False,False,False,False,False,39,326,3,,,,,,,2,2,6.0,2,0,0,0,2.0
HVF,Meta,Meta description does not align to main ranking keyword,https://www.chewy.com/f/mau_f1v18534,True,Update meta-description templates to reflect the primary ranking phrase.,mau,Mau - Free shipping | Chewy,27,"Shop Chewy for low prices and the best products! We carry a large selection and the top brands like Frisco, Littlearth, and more. Find everything you need in one place. FREE shipping on orders $49+ and the BEST customer service!",228,mau,Mau,1,mau,True,True,False,False,False,False,False,False,28,316,3,,,,,,,1,1,26.0,0,0,1,0,8.0
HVF,Meta,Meta description does not align to main ranking keyword,https://www.chewy.com/f/maxbone_f1v506270,True,Update meta-description templates to reflect the primary ranking phrase.,maxbone,maxbone - Free shipping | Chewy,31,"Shop Chewy for low prices and the best products! We carry a large selection and the top brands like Frisco, Littlearth, and more. Find everything you need in one place. FREE shipping on orders $49+ and the BEST customer service!",228,maxbone,maxbone,1,maxbone,True,True,False,False,False,False,False,False,91,333,3,,,,,,,1,1,5.0,1,0,0,0,1.0
HVF,Meta,Meta description does not align to main ranking keyword,https://www.chewy.com/f/mcmurray-hatchery_f1v17414,True,Update meta-description templates to reflect the primary ranking phrase.,mcmurray hatchery,McMurray Hatchery - Free shipping | Chewy,41,"Shop Chewy for low prices and the best products! We carry a large selection and the top brands like Frisco, Littlearth, and more. Find everything you need in one place. FREE shipping on orders $49+ and the BEST customer service!",228,mcmurray hatchery,McMurray Hatchery,1,mcmurray-hatchery,True,True,False,False,False,False,False,False,12,313,3,,,,,,,1,1,14.0,0,1,0,0,1.0
HVF,Meta,Meta description does not align to main ranking keyword,https://www.chewy.com/f/mctarnahans_f1v434418,True,Update meta-description templates to reflect the primary ranking phrase.,mctarnahans,McTarnahans - Free shipping | Chewy,35,"Shop Chewy for low prices and the best products! We carry a large selection and the top brands like Frisco, Littlearth, and more. Find everything you need in one place. FREE shipping on orders $49+ and the BEST customer service!",228,mctarnahans,McTarnahans,1,mctarnahans,True,True,False,False,False,False,False,False,19,320,3,,,,,,,1,1,,0,0,0,1,1.0
HVF,Meta,Meta description does not align to main ranking keyword,https://www.chewy.com/f/medinatura_f1v368370,True,Update meta-description templates to reflect the primary ranking phrase.,medinatura,MediNatura - Free shipping | Chewy,34,"Shop Chewy for low prices and the best products! We carry a large selection and the top brands like Frisco, Littlearth, and more. Find everything you need in one place. FREE shipping on orders $49+ and the BEST customer service!",228,medinatura,MediNatura,1,medinatura,True,True,False,False,False,False,False,False,11,313,3,,,,,,,1,1,,0,0,0,1,1.0
HVF,Meta,Meta description does not align to main ranking keyword,https://www.chewy.com/f/medipaw_f1v263314,True,Update meta-description templates to reflect the primary ranking phrase.,medipaw,Medipaw - Free shipping | Chewy,31,"Shop Chewy for low prices and the best products! We carry a large selection and the top brands like Frisco, Littlearth, and more. Find everything you need in one place. FREE shipping on orders $49+ and the BEST customer service!",228,medipaw,Medipaw,1,medipaw,True,True,False,False,False,False,False,False,34,308,3,,,,,,,1,1,6.0,1,0,0,0,1.0
HVF,Meta,Meta description does not align to main ranking keyword,https://www.chewy.com/f/moes-healthy-pets_f1v290312,True,Update meta-description templates to reflect the primary ranking phrase.,moe's healthy pets,Moe's Healthy Pets - Free shipping | Chewy,42,"Shop Chewy for low prices and the best products! We carry a large selection and the top brands like Frisco, Littlearth, and more. Find everything you need in one place. FREE shipping on orders $49+ and the BEST customer service!",228,moe's healthy pets,Moe's Healthy Pets,1,moes-healthy-pets,True,True,False,False,False,False,False,False,6,308,3,,,,,,,1,1,4.0,1,0,0,0,1.0
HVF,Meta,Meta description does not align to main ranking keyword,https://www.chewy.com/f/monster-k9-dog-toys_f1v290658,True,Update meta-description templates to reflect the primary ranking phrase.,monster dog supplies,Monster K9 Dog Toys - Free shipping | Chewy,43,"Shop Chewy for low prices and the best products! We carry a large selection and the top brands like Frisco, Littlearth, and more. Find everything you need in one place. FREE shipping on orders $49+ and the BEST customer service!",228,monster dog supplies,Monster K9 Dog Toys,1,monster-k9-dog-toys,True,True,False,False,False,False,False,False,7,309,3,,,,,,,2,2,13.0,0,1,0,1,3.0
HVF,Meta,Meta description does not align to main ranking keyword,https://www.chewy.com/f/morning-bird_f1v398348,True,Update meta-description templates to reflect the primary ranking phrase.,morning bird,Morning Bird - Free shipping | Chewy,36,"Shop Chewy for low prices and the best products! We carry a large selection and the top brands like Frisco, Littlearth, and more. Find everything you need in one place. FREE shipping on orders $49+ and the BEST customer service!",228,morning bird,Morning Bird,1,morning-bird,True,True,False,False,False,False,False,False,37,323,3,,,,,,,1,1,18.0,0,1,0,0,1.0
HVF,Meta,Meta description does not align to main ranking keyword,https://www.chewy.com/f/mount-ara_f1v259945,True,Update meta-description templates to reflect the primary ranking phrase.,mount ara,Mount Ara - Free shipping | Chewy,33,"Shop Chewy for low prices and the best products! We carry a large selection and the top brands like Frisco, Littlearth, and more. Find everything you need in one place. FREE shipping on orders $49+ and the BEST customer service!",228,mount ara,Mount Ara,1,mount-ara,True,True,False,False,False,False,False,False,12,314,3,,,,,,,1,1,,0,0,0,1,1.0
HVF,Meta,Meta description does not align to main ranking keyword,https://www.chewy.com/f/mountain-sunrise-feed_f1v295190,True,Update meta-description templates to reflect the primary ranking phrase.,mountain sunrise feed,Mountain Sunrise Feed - Free shipping | Chewy,45,"Shop Chewy for low prices and the best products! We carry a large selection and the top brands like Frisco, Littlearth, and more. Find everything you need in one place. FREE shipping on orders $49+ and the BEST customer service!",228,mountain sunrise feed,Mountain Sunrise Feed,1,mountain-sunrise-feed,True,True,False,False,False,False,False,False,4,306,3,,,,,,,1,1,13.0,0,1,0,0,1.0
HVF,Meta,Meta description does not align to main ranking keyword,https://www.chewy.com/f/muttluks_f1v374201,True,Update meta-description templates to reflect the primary ranking phrase.,muttluks,Muttluks - Free shipping | Chewy,32,"Shop Chewy for low prices and the best products! We carry a large selection and the top brands like Frisco, Littlearth, and more. Find everything you need in one place. FREE shipping on orders $49+ and the BEST customer service!",228,muttluks,Muttluks,1,muttluks,True,True,False,False,False,False,False,False,94,310,3,,,,,,,1,1,7.0,1,0,0,0,2.0
HVF,Meta,Meta description does not align to main ranking keyword,https://www.chewy.com/f/nala_f1v26374,True,Update meta-description templates to reflect the primary ranking phrase.,nala dog toy,Nala - Free shipping | Chewy,28,"Shop Chewy for low prices and the best products! We carry a large selection and the top brands like Frisco, Littlearth, and more. Find everything you need in one place. FREE shipping on orders $49+ and the BEST customer service!",228,nala dog toy,Nala,1,nala,True,True,False,False,False,False,False,False,38,339,3,,,,,,,1,1,16.0,0,1,0,0,1.0
HVF,Meta,Meta description does not align to main ranking keyword,https://www.chewy.com/f/natura-petz-organics_f1v283992,True,Update meta-description templates to reflect the primary ranking phrase.,natura petz organics,Natura Petz Organics - Free shipping | Chewy,44,"Shop Chewy for low prices and the best products! We carry a large selection and the top brands like Frisco, Littlearth, and more. Find everything you need in one place. FREE shipping on orders $49+ and the BEST customer service!",228,natura petz organics,Natura Petz Organics,1,natura-petz-organics,True,True,False,False,False,False,False,False,199,339,3,,,,,,,1,1,8.0,1,0,0,0,1.0
HVF,Meta,Meta description does not align to main ranking keyword,https://www.chewy.com/f/natural-rapport_f1v358481,True,Update meta-description templates to reflect the primary ranking phrase.,natural rapport,Natural Rapport - Free shipping | Chewy,39,"Shop Chewy for low prices and the best products! We carry a large selection and the top brands like Frisco, Littlearth, and more. Find everything you need in one place. FREE shipping on orders $49+ and the BEST customer service!",228,natural rapport,Natural Rapport,1,natural-rapport,True,True,False,False,False,False,False,False,35,332,3,,,,,,,1,1,7.0,1,0,0,0,1.0
HVF,Meta,Meta description does not align to main ranking keyword,https://www.chewy.com/f/nature-zone_f1v117903,True,Update meta-description templates to reflect the primary ranking phrase.,nature zone,Nature Zone - Free shipping | Chewy,35,"Shop Chewy for low prices and the best products! We carry a large selection and the top brands like Frisco, Littlearth, and more. Find everything you need in one place. FREE shipping on orders $49+ and the BEST customer service!",228,nature zone,Nature Zone,1,nature-zone,True,True,False,False,False,False,False,False,4,306,3,,,,,,,1,1,7.0,1,0,0,0,1.0
HVF,Meta,Meta description does not align to main ranking keyword,https://www.chewy.com/f/natures-advantage_f1v116620,True,Update meta-description templates to reflect the primary ranking phrase.,nature's advantage,Nature's Advantage - Free shipping | Chewy,42,"Shop Chewy for low prices and the best products! We carry a large selection and the top brands like Frisco, Littlearth, and more. Find everything you need in one place. FREE shipping on orders $49+ and the BEST customer service!",228,nature's advantage,Nature's Advantage,1,natures-advantage,True,True,False,False,False,False,False,False,5,307,3,,,,,,,1,1,5.0,1,0,0,0,3.0
HVF,Meta,Meta description does not align to main ranking keyword,https://www.chewy.com/f/natures-protection_f1v284992,True,Update meta-description templates to reflect the primary ranking phrase.,nature's protection,Nature's Protection - Free shipping | Chewy,43,"Shop Chewy for low prices and the best products! We carry a large selection and the top brands like Frisco, Littlearth, and more. Find everything you need in one place. FREE shipping on orders $49+ and the BEST customer service!",228,nature's protection,Nature's Protection,1,natures-protection,True,True,False,False,False,False,False,False,60,339,3,,,,,,,1,1,,0,0,0,1,1.0
HVF,Meta,Meta description does not align to main ranking keyword,https://www.chewy.com/f/natures-pure-edge_f1v169741,True,Update meta-description templates to reflect the primary ranking phrase.,nature's pure edge,Nature's Pure Edge - Free shipping | Chewy,42,"Shop Chewy for low prices and the best products! We carry a large selection and the top brands like Frisco, Littlearth, and more. Find everything you need in one place. FREE shipping on orders $49+ and the BEST customer service!",228,nature's pure edge,Nature's Pure Edge,1,natures-pure-edge,True,True,False,False,False,False,False,False,6,309,3,,,,,,,1,1,7.0,1,0,0,0,1.0
HVF,Meta,Meta description does not align to main ranking keyword,https://www.chewy.com/f/natures-specialties_f1v493822,True,Update meta-description templates to reflect the primary ranking phrase.,nature's specialties,Nature's Specialties - Free shipping | Chewy,44,"Shop Chewy for low prices and the best products! We carry a large selection and the top brands like Frisco, Littlearth, and more. Find everything you need in one place. FREE shipping on orders $49+ and the BEST customer service!",228,nature's specialties,Nature's Specialties,1,natures-specialties,True,True,False,False,False,False,False,False,34,320,3,,,,,,,1,1,11.0,0,1,0,0,1.0
HVF,Meta,Meta description does not align to main ranking keyword,https://www.chewy.com/f/neoally_f1v214627,True,Update meta-description templates to reflect the primary ranking phrase.,neoally,NeoAlly - Free shipping | Chewy,31,"Shop Chewy for low prices and the best products! We carry a large selection and the top brands like Frisco, Littlearth, and more. Find everything you need in one place. FREE shipping on orders $49+ and the BEST customer service!",228,neoally,NeoAlly,1,neoally,True,True,False,False,False,False,False,False,64,316,3,,,,,,,1,1,10.0,1,0,0,0,1.0
HVF,Meta,Meta description does not align to main ranking keyword,https://www.chewy.com/f/nestera_f1v543481,True,Update meta-description templates to reflect the primary ranking phrase.,nestera,Nestera - Free shipping | Chewy,31,"Shop Chewy for low prices and the best products! We carry a large selection and the top brands like Frisco, Littlearth, and more. Find everything you need in one place. FREE shipping on orders $49+ and the BEST customer service!",228,nestera,Nestera,1,nestera,True,True,False,False,False,False,False,False,7,309,3,,,,,,,1,1,22.0,0,0,1,0,1.0
HVF,Meta,Meta description does not align to main ranking keyword,https://www.chewy.com/f/new-country-organics_f1v284017,True,Update meta-description templates to reflect the primary ranking phrase.,new country organics,New Country Organics - Free shipping | Chewy,44,"Shop Chewy for low prices and the best products! We carry a large selection and the top brands like Frisco, Littlearth, and more. Find everything you need in one place. FREE shipping on orders $49+ and the BEST customer service!",228,new country organics,New Country Organics,1,new-country-organics,True,True,False,False,False,False,False,False,35,336,3,,,,,,,1,1,,0,0,0,1,2.0
HVF,Meta,Meta description does not align to main ranking keyword,https://www.chewy.com/f/new-earth-soy_f1v539208,True,Update meta-description templates to reflect the primary ranking phrase.,new earth soy,New Earth Soy - Free shipping | Chewy,37,"Shop Chewy for low prices and the best products! We carry a large selection and the top brands like Frisco, Littlearth, and more. Find everything you need in one place. FREE shipping on orders $49+ and the BEST customer service!",228,new earth soy,New Earth Soy,1,new-earth-soy,True,True,False,False,False,False,False,False,25,308,3,,,,,,,1,1,12.0,0,1,0,0,1.0
HVF,Meta,Meta description does not align to main ranking keyword,https://www.chewy.com/f/now-pets_f1v188135,True,Update meta-description templates to reflect the primary ranking phrase.,now pets,NOW Pets - Free shipping | Chewy,32,"Shop Chewy for low prices and the best products! We carry a large selection and the top brands like Frisco, Littlearth, and more. Find everything you need in one place. FREE shipping on orders $49+ and the BEST customer service!",228,now pets,NOW Pets,1,now-pets,True,True,False,False,False,False,False,False,11,313,3,,,,,,,1,1,8.0,1,0,0,0,1.0
HVF,Meta,Meta description does not align to main ranking keyword,https://www.chewy.com/f/nwc-naturals_f1v590998,True,Update meta-description templates to reflect the primary ranking phrase.,nwc naturals,NWC Naturals - Free shipping | Chewy,36,"Shop Chewy for low prices and the best products! We carry a large selection and the top brands like Frisco, Littlearth, and more. Find everything you need in one place. FREE shipping on orders $49+ and the BEST customer service!",228,nwc naturals,NWC Naturals,1,nwc-naturals,True,True,False,False,False,False,False,False,11,310,3,,,,,,,1,1,15.0,0,1,0,0,1.0
HVF,Meta,Meta description does not align to main ranking keyword,https://www.chewy.com/f/oase-indoor-aquatics_f1v122192,True,Update meta-description templates to reflect the primary ranking phrase.,oase indoor aquatics,OASE Indoor Aquatics - Free shipping | Chewy,44,"Shop Chewy for low prices and the best products! We carry a large selection and the top brands like Frisco, Littlearth, and more. Find everything you need in one place. FREE shipping on orders $49+ and the BEST customer service!",228,oase indoor aquatics,OASE Indoor Aquatics,1,oase-indoor-aquatics,True,False,False,False,False,False,False,False,51,339,3,,,,,,,1,1,5.0,1,0,0,0,1.0
HVF,Meta,Meta description does not align to main ranking keyword,https://www.chewy.com/f/ocean-nutrition_f1v134157,True,Update meta-description templates to reflect the primary ranking phrase.,ocean nutrition,Ocean Nutrition - Free shipping | Chewy,39,"Shop Chewy for low prices and the best products! We carry a large selection and the top brands like Frisco, Littlearth, and more. Find everything you need in one place. FREE shipping on orders $49+ and the BEST customer service!",228,ocean nutrition,Ocean Nutrition,1,ocean-nutrition,True,True,False,False,False,False,False,False,21,317,3,,,,,,,1,1,11.0,0,1,0,0,1.0
HVF,Meta,Meta description does not align to main ranking keyword,https://www.chewy.com/f/optimeal_f1v530252,True,Update meta-description templates to reflect the primary ranking phrase.,optimeal,Optimeal - Free shipping | Chewy,32,"Shop Chewy for low prices and the best products! We carry a large selection and the top brands like Frisco, Littlearth, and more. Find everything you need in one place. FREE shipping on orders $49+ and the BEST customer service!",228,optimeal,Optimeal,1,optimeal,True,True,False,False,False,False,False,False,41,336,3,,,,,,,1,1,4.0,1,0,0,0,2.0
HVF,Meta,Meta description does not align to main ranking keyword,https://www.chewy.com/f/oralx_f1v187272,True,Update meta-description templates to reflect the primary ranking phrase.,oralx,Oralx - Free shipping | Chewy,29,"Shop Chewy for low prices and the best products! We carry a large selection and the top brands like Frisco, Littlearth, and more. Find everything you need in one place. FREE shipping on orders $49+ and the BEST customer service!",228,oralx,Oralx,1,oralx,True,True,False,False,False,False,False,False,9,311,3,,,,,,,1,1,15.0,0,1,0,0,1.0
HVF,Meta,Meta description does not align to main ranking keyword,https://www.chewy.com/f/organomics_f1v151049,True,Update meta-description templates to reflect the primary ranking phrase.,organomics dog food,OrgaNOMics - Free shipping | Chewy,34,"Shop Chewy for low prices and the best products! We carry a large selection and the top brands like Frisco, Littlearth, and more. Find everything you need in one place. FREE shipping on orders $49+ and the BEST customer service!",228,organomics dog food,OrgaNOMics,1,organomics,True,True,False,False,False,False,False,False,11,313,3,,,,,,,2,2,7.5,2,0,0,0,1.0
HVF,Meta,Meta description does not align to main ranking keyword,https://www.chewy.com/f/our-name-is-mud_f1v225754,True,Update meta-description templates to reflect the primary ranking phrase.,our name is mud,Our Name is Mud - Free shipping | Chewy,39,"Shop Chewy for low prices and the best products! We carry a large selection and the top brands like Frisco, Littlearth, and more. Find everything you need in one place. FREE shipping on orders $49+ and the BEST customer service!",228,our name is mud,Our Name is Mud,1,our-name-is-mud,True,True,False,False,False,False,False,False,6,309,3,,,,,,,1,1,16.0,0,1,0,0,1.0
HVF,Meta,Meta description does not align to main ranking keyword,https://www.chewy.com/f/ownpets_f1v182633,True,Update meta-description templates to reflect the primary ranking phrase.,ownpets,Ownpets - Free shipping | Chewy,31,"Shop Chewy for low prices and the best products! We carry a large selection and the top brands like Frisco, Littlearth, and more. Find everything you need in one place. FREE shipping on orders $49+ and the BEST customer service!",228,ownpets,Ownpets,1,ownpets,True,True,False,False,False,False,False,False,51,340,3,,,,,,,1,1,12.0,0,1,0,0,1.0
HVF,Meta,Meta description does not align to main ranking keyword,https://www.chewy.com/f/paris-tack_f1v113396,True,Update meta-description templates to reflect the primary ranking phrase.,paris tack,Paris Tack - Free shipping | Chewy,34,"Shop Chewy for low prices and the best products! We carry a large selection and the top brands like Frisco, Littlearth, and more. Find everything you need in one place. FREE shipping on orders $49+ and the BEST customer service!",228,paris tack,Paris Tack,1,paris-tack,True,False,False,False,False,False,False,False,87,339,3,,,,,,,1,1,15.0,0,1,0,0,1.0
HVF,Meta,Meta description does not align to main ranking keyword,https://www.chewy.com/f/paw-pantry_f1v740122,True,Update meta-description templates to reflect the primary ranking phrase.,paw and pantry,Paw & Pantry - Free shipping | Chewy,36,"Shop Chewy for low prices and the best products! We carry a large selection and the top brands like Frisco, Littlearth, and more. Find everything you need in one place. FREE shipping on orders $49+ and the BEST customer service!",228,paw and pantry,Paw & Pantry,1,paw-pantry,True,True,False,False,False,False,False,False,5,307,3,,,,,,,1,1,11.0,0,1,0,0,1.0
HVF,Meta,Meta description does not align to main ranking keyword,https://www.chewy.com/f/paw-inspired_f1v499698,True,Update meta-description templates to reflect the primary ranking phrase.,paw inspired,Paw Inspired - Free shipping | Chewy,36,"Shop Chewy for low prices and the best products! We carry a large selection and the top brands like Frisco, Littlearth, and more. Find everything you need in one place. FREE shipping on orders $49+ and the BEST customer service!",228,paw inspired,Paw Inspired,1,paw-inspired,True,True,False,False,False,False,False,False,140,332,3,,,,,,,1,1,5.0,1,0,0,0,1.0
HVF,Meta,Meta description does not align to main ranking keyword,https://www.chewy.com/f/paw-prints_f1v425759,True,Update meta-description templates to reflect the primary ranking phrase.,paw prints,Paw Prints - Free shipping | Chewy,34,"Shop Chewy for low prices and the best products! We carry a large selection and the top brands like Frisco, Littlearth, and more. Find everything you need in one place. FREE shipping on orders $49+ and the BEST customer service!",228,paw prints,Paw Prints,1,paw-prints,True,True,False,False,False,False,False,False,8,311,3,,,,,,,1,1,20.0,0,1,0,0,1.0
HVF,Meta,Meta description does not align to main ranking keyword,https://www.chewy.com/f/paw-ready_f1v149640,True,Update meta-description templates to reflect the primary ranking phrase.,paw ready,Paw Ready - Free shipping | Chewy,33,"Shop Chewy for low prices and the best products! We carry a large selection and the top brands like Frisco, Littlearth, and more. Find everything you need in one place. FREE shipping on orders $49+ and the BEST customer service!",228,paw ready,Paw Ready,1,paw-ready,True,True,False,False,False,False,False,False,16,311,3,,,,,,,1,1,13.0,0,1,0,0,1.0
HVF,Meta,Meta description does not align to main ranking keyword,https://www.chewy.com/f/pawbo_f1v500627,True,Update meta-description templates to reflect the primary ranking phrase.,pawbo,Pawbo - Free shipping | Chewy,29,"Shop Chewy for low prices and the best products! We carry a large selection and the top brands like Frisco, Littlearth, and more. Find everything you need in one place. FREE shipping on orders $49+ and the BEST customer service!",228,pawbo,Pawbo,1,pawbo,True,True,False,False,False,False,False,False,4,306,3,,,,,,,1,1,19.0,0,1,0,0,1.0
HVF,Meta,Meta description does not align to main ranking keyword,https://www.chewy.com/f/pawfect-pets_f1v298393,True,Update meta-description templates to reflect the primary ranking phrase.,pawfect,Pawfect Pets - Free shipping | Chewy,36,"Shop Chewy for low prices and the best products! We carry a large selection and the top brands like Frisco, Littlearth, and more. Find everything you need in one place. FREE shipping on orders $49+ and the BEST customer service!",228,pawfect,Pawfect Pets,1,pawfect-pets,True,True,False,False,False,False,False,False,5,306,3,,,,,,,2,2,9.0,1,1,0,0,1.0
HVF,Meta,Meta description does not align to main ranking keyword,https://www.chewy.com/f/pawflex_f1v257529,True,Update meta-description templates to reflect the primary ranking phrase.,pawflex,PawFlex - Free shipping | Chewy,31,"Shop Chewy for low prices and the best products! We carry a large selection and the top brands like Frisco, Littlearth, and more. Find everything you need in one place. FREE shipping on orders $49+ and the BEST customer service!",228,pawflex,PawFlex,1,pawflex,True,True,False,False,False,False,False,False,35,309,3,,,,,,,1,1,4.0,1,0,0,0,1.0
HVF,Meta,Meta description does not align to main ranking keyword,https://www.chewy.com/f/pawfurever_f1v850104,True,Update meta-description templates to reflect the primary ranking phrase.,pawfurever,PawFurEver - Free shipping | Chewy,34,"Shop Chewy for low prices and the best products! We carry a large selection and the top brands like Frisco, Littlearth, and more. Find everything you need in one place. FREE shipping on orders $49+ and the BEST customer service!",228,pawfurever,PawFurEver,1,pawfurever,True,True,False,False,False,False,False,False,720,320,3,,,,,,,1,1,3.0,1,0,0,0,1.0
HVF,Meta,Meta description does not align to main ranking keyword,https://www.chewy.com/f/pawland_f1v368585,True,Update meta-description templates to reflect the primary ranking phrase.,pawland,Pawland - Free shipping | Chewy,31,"Shop Chewy for low prices and the best products! We carry a large selection and the top brands like Frisco, Littlearth, and more. Find everything you need in one place. FREE shipping on orders $49+ and the BEST customer service!",228,pawland,Pawland,1,pawland,True,True,False,False,False,False,False,False,13,306,3,,,,,,,1,1,9.0,1,0,0,0,1.0
HVF,Meta,Meta description does not align to main ranking keyword,https://www.chewy.com/f/pawlife_f1v534722,True,Update meta-description templates to reflect the primary ranking phrase.,pawlife,Pawlife - Free shipping | Chewy,31,"Shop Chewy for low prices and the best products! We carry a large selection and the top brands like Frisco, Littlearth, and more. Find everything you need in one place. FREE shipping on orders $49+ and the BEST customer service!",228,pawlife,Pawlife,1,pawlife,True,True,False,False,False,False,False,False,9,309,3,,,,,,,1,1,,0,0,0,1,1.0
HVF,Meta,Meta description does not align to main ranking keyword,https://www.chewy.com/f/pawmedica_f1v325849,True,Update meta-description templates to reflect the primary ranking phrase.,pawmedica,PawMedica - Free shipping | Chewy,33,"Shop Chewy for low prices and the best products! We carry a large selection and the top brands like Frisco, Littlearth, and more. Find everything you need in one place. FREE shipping on orders $49+ and the BEST customer service!",228,pawmedica,PawMedica,1,pawmedica,True,True,False,False,False,False,False,False,7,307,3,,,,,,,1,1,5.0,1,0,0,0,1.0
HVF,Meta,Meta description does not align to main ranking keyword,https://www.chewy.com/f/pawperfect_f1v151767,True,Update meta-description templates to reflect the primary ranking phrase.,pawperfect,PawPerfect - Free shipping | Chewy,34,"Shop Chewy for low prices and the best products! We carry a large selection and the top brands like Frisco, Littlearth, and more. Find everything you need in one place. FREE shipping on orders $49+ and the BEST customer service!",228,pawperfect,PawPerfect,1,pawperfect,True,True,False,False,False,False,False,False,5,308,3,,,,,,,1,1,,0,0,0,1,1.0
HVF,Meta,Meta description does not align to main ranking keyword,https://www.chewy.com/f/pawprints-left-by-you_f1v185826,True,Update meta-description templates to reflect the primary ranking phrase.,pawprints left by you,Pawprints Left by You - Free shipping | Chewy,45,"Shop Chewy for low prices and the best products! We carry a large selection and the top brands like Frisco, Littlearth, and more. Find everything you need in one place. FREE shipping on orders $49+ and the BEST customer service!",228,pawprints left by you,Pawprints Left by You,1,pawprints-left-by-you,True,True,False,False,False,False,False,False,6,309,3,,,,,,,2,1,20.5,0,1,1,0,1.0
HVF,Meta,Meta description does not align to main ranking keyword,https://www.chewy.com/f/pawprints-remembered_f1v366186,True,Update meta-description templates to reflect the primary ranking phrase.,pawprints remembered,Pawprints Remembered - Free shipping | Chewy,44,"Shop Chewy for low prices and the best products! We carry a large selection and the top brands like Frisco, Littlearth, and more. Find everything you need in one place. FREE shipping on orders $49+ and the BEST customer service!",228,pawprints remembered,Pawprints Remembered,1,pawprints-remembered,True,True,False,False,False,False,False,False,4,307,3,,,,,,,1,1,,0,0,0,1,1.0
HVF,Meta,Meta description does not align to main ranking keyword,https://www.chewy.com/f/paws-decor_f1v18574,True,Update meta-description templates to reflect the primary ranking phrase.,paws and decor,Paws & Decor - Free shipping | Chewy,36,"Shop Chewy for low prices and the best products! We carry a large selection and the top brands like Frisco, Littlearth, and more. Find everything you need in one place. FREE shipping on orders $49+ and the BEST customer service!",228,paws and decor,Paws & Decor,1,paws-decor,True,True,False,False,False,False,False,False,27,311,3,,,,,,,1,1,2.0,1,0,0,0,1.0
HVF,Meta,Meta description does not align to main ranking keyword,https://www.chewy.com/f/pawz_f1v115554,True,Update meta-description templates to reflect the primary ranking phrase.,pawz,Pawz - Free shipping | Chewy,28,"Shop Chewy for low prices and the best products! We carry a large selection and the top brands like Frisco, Littlearth, and more. Find everything you need in one place. FREE shipping on orders $49+ and the BEST customer service!",228,pawz,Pawz,1,pawz,True,True,False,False,False,False,False,False,36,313,3,,,,,,,1,1,24.0,0,0,1,0,2.0
HVF,Meta,Meta description does not align to main ranking keyword,https://www.chewy.com/f/pearhead_f1v435729,True,Update meta-description templates to reflect the primary ranking phrase.,pearhead,Pearhead - Free shipping | Chewy,32,"Shop Chewy for low prices and the best products! We carry a large selection and the top brands like Frisco, Littlearth, and more. Find everything you need in one place. FREE shipping on orders $49+ and the BEST customer service!",228,pearhead,Pearhead,1,pearhead,True,True,False,False,False,False,False,False,44,340,3,,,,,,,1,1,15.0,0,1,0,0,1.0
HVF,Meta,Meta description does not align to main ranking keyword,https://www.chewy.com/f/pet-factory_f1v260965,True,Update meta-description templates to reflect the primary ranking phrase.,pet factory,Pet Factory - Free shipping | Chewy,35,"Shop Chewy for low prices and the best products! We carry a large selection and the top brands like Frisco, Littlearth, and more. Find everything you need in one place. FREE shipping on orders $49+ and the BEST customer service!",228,pet factory,Pet Factory,1,pet-factory,True,True,False,False,False,False,False,False,123,339,3,,,,,,,1,1,13.0,0,1,0,0,1.0
HVF,Meta,Meta description does not align to main ranking keyword,https://www.chewy.com/f/pet-health-pharma_f1v321519,True,Update meta-description templates to reflect the primary ranking phrase.,pet health pharma,Pet Health Pharma - Free shipping | Chewy,41,"Shop Chewy for low prices and the best products! We carry a large selection and the top brands like Frisco, Littlearth, and more. Find everything you need in one place. FREE shipping on orders $49+ and the BEST customer service!",228,pet health pharma,Pet Health Pharma,1,pet-health-pharma,True,True,False,False,False,False,False,False,18,317,3,,,,,,,1,1,1.0,1,0,0,0,1.0
HVF,Meta,Meta description does not align to main ranking keyword,https://www.chewy.com/f/pet-healthy-brands_f1v517461,True,Update meta-description templates to reflect the primary ranking phrase.,pet healthy brands,Pet Healthy Brands - Free shipping | Chewy,42,"Shop Chewy for low prices and the best products! We carry a large selection and the top brands like Frisco, Littlearth, and more. Find everything you need in one place. FREE shipping on orders $49+ and the BEST customer service!",228,pet healthy brands,Pet Healthy Brands,1,pet-healthy-brands,True,True,False,False,False,False,False,False,6,308,3,,,,,,,1,1,6.0,1,0,0,0,1.0
HVF,Meta,Meta description does not align to main ranking keyword,https://www.chewy.com/f/pet-mastermind_f1v331376,True,Update meta-description templates to reflect the primary ranking phrase.,pet mastermind,Pet MasterMind - Free shipping | Chewy,38,"Shop Chewy for low prices and the best products! We carry a large selection and the top brands like Frisco, Littlearth, and more. Find everything you need in one place. FREE shipping on orders $49+ and the BEST customer service!",228,pet mastermind,Pet MasterMind,1,pet-mastermind,True,True,False,False,False,False,False,False,9,311,3,,,,,,,1,1,3.0,1,0,0,0,1.0
HVF,Meta,Meta description does not align to main ranking keyword,https://www.chewy.com/f/pet-md_f1v472080,True,Update meta-description templates to reflect the primary ranking phrase.,pet md,Pet MD - Free shipping | Chewy,30,"Shop Chewy for low prices and the best products! We carry a large selection and the top brands like Frisco, Littlearth, and more. Find everything you need in one place. FREE shipping on orders $49+ and the BEST customer service!",228,pet md,Pet MD,1,pet-md,True,False,False,False,False,False,False,False,66,340,3,,,,,,,2,2,4.5,2,0,0,0,7.0
HVF,Meta,Meta description does not align to main ranking keyword,https://www.chewy.com/f/pet-standard_f1v121392,True,Update meta-description templates to reflect the primary ranking phrase.,pet standard,Pet Standard - Free shipping | Chewy,36,"Shop Chewy for low prices and the best products! We carry a large selection and the top brands like Frisco, Littlearth, and more. Find everything you need in one place. FREE shipping on orders $49+ and the BEST customer service!",228,pet standard,Pet Standard,1,pet-standard,True,True,False,False,False,False,False,False,13,315,3,,,,,,,1,1,3.0,1,0,0,0,1.0
HVF,Meta,Meta description does not align to main ranking keyword,https://www.chewy.com/f/pet-tao_f1v222315,True,Update meta-description templates to reflect the primary ranking phrase.,pet tao,PET TAO - Free shipping | Chewy,31,"Shop Chewy for low prices and the best products! We carry a large selection and the top brands like Frisco, Littlearth, and more. Find everything you need in one place. FREE shipping on orders $49+ and the BEST customer service!",228,pet tao,PET TAO,1,pet-tao,True,True,False,False,False,False,False,False,11,313,3,,,,,,,1,1,4.0,1,0,0,0,2.0
HVF,Meta,Meta description does not align to main ranking keyword,https://www.chewy.com/f/pets-choice_f1v10310,True,Update meta-description templates to reflect the primary ranking phrase.,pet's choice naturals,Pet's Choice - Free shipping | Chewy,36,"Shop Chewy for low prices and the best products! We carry a large selection and the top brands like Frisco, Littlearth, and more. Find everything you need in one place. FREE shipping on orders $49+ and the BEST customer service!",228,pet's choice naturals,Pet's Choice,1,pets-choice,True,True,False,False,False,False,False,False,16,310,3,,,,,,,1,1,4.0,1,0,0,0,1.0
HVF,Meta,Meta description does not align to main ranking keyword,https://www.chewy.com/f/pets-choice-pharmaceuticals_f1v537707,True,Update meta-description templates to reflect the primary ranking phrase.,pet's choice pharmaceuticals,Pet's Choice Pharmaceuticals - Free shipping | Chewy,52,"Shop Chewy for low prices and the best products! We carry a large selection and the top brands like Frisco, Littlearth, and more. Find everything you need in one place. FREE shipping on orders $49+ and the BEST customer service!",228,pet's choice pharmaceuticals,Pet's Choice Pharmaceuticals,1,pets-choice-pharmaceuticals,True,True,False,False,False,False,False,False,6,306,3,,,,,,,1,1,,0,0,0,1,1.0
HVF,Meta,Meta description does not align to main ranking keyword,https://www.chewy.com/f/petcakes_f1v256710,True,Update meta-description templates to reflect the primary ranking phrase.,petcakes,PetCakes - Free shipping | Chewy,32,"Shop Chewy for low prices and the best products! We carry a large selection and the top brands like Frisco, Littlearth, and more. Find everything you need in one place. FREE shipping on orders $49+ and the BEST customer service!",228,petcakes,PetCakes,1,petcakes,True,True,False,False,False,False,False,False,15,317,3,,,,,,,1,1,10.0,1,0,0,0,4.0
HVF,Meta,Meta description does not align to main ranking keyword,https://www.chewy.com/f/petdiary_f1v506952,True,Update meta-description templates to reflect the primary ranking phrase.,petdiary,Petdiary - Free shipping | Chewy,32,"Shop Chewy for low prices and the best products! We carry a large selection and the top brands like Frisco, Littlearth, and more. Find everything you need in one place. FREE shipping on orders $49+ and the BEST customer service!",228,petdiary,Petdiary,1,petdiary,True,True,False,False,False,False,False,False,6,307,3,,,,,,,1,1,3.0,1,0,0,0,1.0
HVF,Meta,Meta description does not align to main ranking keyword,https://www.chewy.com/f/petjoa_f1v122056,True,Update meta-description templates to reflect the primary ranking phrase.,petjoa,PETJOA - Free shipping | Chewy,30,"Shop Chewy for low prices and the best products! We carry a large selection and the top brands like Frisco, Littlearth, and more. Find everything you need in one place. FREE shipping on orders $49+ and the BEST customer service!",228,petjoa,PETJOA,1,petjoa,True,True,False,False,False,False,False,False,5,307,3,,,,,,,2,1,1.5,2,0,0,0,1.0
HVF,Meta,Meta description does not align to main ranking keyword,https://www.chewy.com/f/petnc_f1v322515,True,Update meta-description templates to reflect the primary ranking phrase.,petnc natural care,petnc - Free shipping | Chewy,29,"Shop Chewy for low prices and the best products! We carry a large selection and the top brands like Frisco, Littlearth, and more. Find everything you need in one place. FREE shipping on orders $49+ and the BEST customer service!",228,petnc natural care,petnc,1,petnc,True,True,False,False,False,False,False,False,15,317,3,,,,,,,1,1,,0,0,0,1,1.0
HVF,Meta,Meta description does not align to main ranking keyword,https://www.chewy.com/f/petocera_f1v333297,True,Update meta-description templates to reflect the primary ranking phrase.,peto'cera,PetO'Cera - Free shipping | Chewy,33,"Shop Chewy for low prices and the best products! We carry a large selection and the top brands like Frisco, Littlearth, and more. Find everything you need in one place. FREE shipping on orders $49+ and the BEST customer service!",228,peto'cera,PetO'Cera,1,petocera,True,False,False,False,False,False,False,False,9,310,3,,,,,,,1,1,4.0,1,0,0,0,1.0
HVF,Meta,Meta description does not align to main ranking keyword,https://www.chewy.com/f/pets-know-best_f1v260943,True,Update meta-description templates to reflect the primary ranking phrase.,pets know best,Pets Know Best - Free shipping | Chewy,38,"Shop Chewy for low prices and the best products! We carry a large selection and the top brands like Frisco, Littlearth, and more. Find everything you need in one place. FREE shipping on orders $49+ and the BEST customer service!",228,pets know best,Pets Know Best,1,pets-know-best,True,True,False,False,False,False,False,False,14,315,3,,,,,,,1,1,,0,0,0,1,1.0
HVF,Meta,Meta description does not align to main ranking keyword,https://www.chewy.com/f/pets-so-good_f1v259900,True,Update meta-description templates to reflect the primary ranking phrase.,pets so good,Pets So Good - Free shipping | Chewy,36,"Shop Chewy for low prices and the best products! We carry a large selection and the top brands like Frisco, Littlearth, and more. Find everything you need in one place. FREE shipping on orders $49+ and the BEST customer service!",228,pets so good,Pets So Good,1,pets-so-good,True,True,False,False,False,False,False,False,27,308,3,,,,,,,1,1,5.0,1,0,0,0,2.0
HVF,Meta,Meta description does not align to main ranking keyword,https://www.chewy.com/f/petscy_f1v216620,True,Update meta-description templates to reflect the primary ranking phrase.,petscy,PetScy - Free shipping | Chewy,30,"Shop Chewy for low prices and the best products! We carry a large selection and the top brands like Frisco, Littlearth, and more. Find everything you need in one place. FREE shipping on orders $49+ and the BEST customer service!",228,petscy,PetScy,1,petscy,True,False,False,False,False,False,False,False,14,314,3,,,,,,,1,1,3.0,1,0,0,0,1.0
HVF,Meta,Meta description does not align to main ranking keyword,https://www.chewy.com/f/petsfit_f1v508458,True,Update meta-description templates to reflect the primary ranking phrase.,petsfit,Petsfit - Free shipping | Chewy,31,"Shop Chewy for low prices and the best products! We carry a large selection and the top brands like Frisco, Littlearth, and more. Find everything you need in one place. FREE shipping on orders $49+ and the BEST customer service!",228,petsfit,Petsfit,1,petsfit,True,False,False,False,False,False,False,False,194,339,3,,,,,,,1,1,6.0,1,0,0,0,1.0
HVF,Meta,Meta description does not align to main ranking keyword,https://www.chewy.com/f/petsilver_f1v485795,True,Update meta-description templates to reflect the primary ranking phrase.,petsilver,PetSilver - Free shipping | Chewy,33,"Shop Chewy for low prices and the best products! We carry a large selection and the top brands like Frisco, Littlearth, and more. Find everything you need in one place. FREE shipping on orders $49+ and the BEST customer service!",228,petsilver,PetSilver,1,petsilver,True,True,False,False,False,False,False,False,16,315,3,,,,,,,1,1,6.0,1,0,0,0,1.0
HVF,Meta,Meta description does not align to main ranking keyword,https://www.chewy.com/f/petsprefer_f1v500531,True,Update meta-description templates to reflect the primary ranking phrase.,petsprefer,PetsPrefer - Free shipping | Chewy,34,"Shop Chewy for low prices and the best products! We carry a large selection and the top brands like Frisco, Littlearth, and more. Find everything you need in one place. FREE shipping on orders $49+ and the BEST customer service!",228,petsprefer,PetsPrefer,1,petsprefer,True,True,False,False,False,False,False,False,15,317,3,,,,,,,1,1,12.0,0,1,0,0,1.0
HVF,Meta,Meta description does not align to main ranking keyword,https://www.chewy.com/f/petstrips_f1v460908,True,Update meta-description templates to reflect the primary ranking phrase.,petstrips,PetStrips - Free shipping | Chewy,33,"Shop Chewy for low prices and the best products! We carry a large selection and the top brands like Frisco, Littlearth, and more. Find everything you need in one place. FREE shipping on orders $49+ and the BEST customer service!",228,petstrips,PetStrips,1,petstrips,True,True,False,False,False,False,False,False,5,307,3,,,,,,,1,1,2.0,1,0,0,0,1.0
HVF,Meta,Meta description does not align to main ranking keyword,https://www.chewy.com/f/petsworld_f1v18326,True,Update meta-description templates to reflect the primary ranking phrase.,petsworld,PetsWorld - Free shipping | Chewy,33,"Shop Chewy for low prices and the best products! We carry a large selection and the top brands like Frisco, Littlearth, and more. Find everything you need in one place. FREE shipping on orders $49+ and the BEST customer service!",228,petsworld,PetsWorld,1,petsworld,True,True,False,False,False,False,False,False,63,322,3,,,,,,,1,1,17.0,0,1,0,0,1.0
HVF,Meta,Meta description does not align to main ranking keyword,https://www.chewy.com/f/pettsie_f1v190369,True,Update meta-description templates to reflect the primary ranking phrase.,pettsie,Pettsie - Free shipping | Chewy,31,"Shop Chewy for low prices and the best products! We carry a large selection and the top brands like Frisco, Littlearth, and more. Find everything you need in one place. FREE shipping on orders $49+ and the BEST customer service!",228,pettsie,Pettsie,1,pettsie,True,True,False,False,False,False,False,False,64,315,3,,,,,,,2,2,2.0,2,0,0,0,2.0
HVF,Meta,Meta description does not align to main ranking keyword,https://www.chewy.com/f/phelps-wellness-collection_f1v134694,True,Update meta-description templates to reflect the primary ranking phrase.,phelps wellness collection,Phelps Wellness Collection - Free shipping | Chewy,50,"Shop Chewy for low prices and the best products! We carry a large selection and the top brands like Frisco, Littlearth, and more. Find everything you need in one place. FREE shipping on orders $49+ and the BEST customer service!",228,phelps wellness collection,Phelps Wellness Collection,1,phelps-wellness-collection,True,True,False,False,False,False,False,False,10,311,3,,,,,,,1,1,2.0,1,0,0,0,1.0
HVF,Meta,Meta description does not align to main ranking keyword,https://www.chewy.com/f/pidan_f1v455428,True,Update meta-description templates to reflect the primary ranking phrase.,pidan,Pidan - Free shipping | Chewy,29,"Shop Chewy for low prices and the best products! We carry a large selection and the top brands like Frisco, Littlearth, and more. Find everything you need in one place. FREE shipping on orders $49+ and the BEST customer service!",228,pidan,Pidan,1,pidan,True,False,False,False,False,False,False,False,41,328,3,,,,,,,1,1,,0,0,0,1,2.0
HVF,Meta,Meta description does not align to main ranking keyword,https://www.chewy.com/f/piggy-poo-crew_f1v324356,True,Update meta-description templates to reflect the primary ranking phrase.,piggy poo and crew,Piggy Poo and Crew - Free shipping | Chewy,42,"Shop Chewy for low prices and the best products! We carry a large selection and the top brands like Frisco, Littlearth, and more. Find everything you need in one place. FREE shipping on orders $49+ and the BEST customer service!",228,piggy poo and crew,Piggy Poo and Crew,1,piggy-poo-crew,True,True,False,False,False,False,False,False,81,339,3,,,,,,,1,1,6.0,1,0,0,0,1.0
HVF,Meta,Meta description does not align to main ranking keyword,https://www.chewy.com/f/pink-papyrus_f1v190365,True,Update meta-description templates to reflect the primary ranking phrase.,pink papyrus,Pink Papyrus - Free shipping | Chewy,36,"Shop Chewy for low prices and the best products! We carry a large selection and the top brands like Frisco, Littlearth, and more. Find everything you need in one place. FREE shipping on orders $49+ and the BEST customer service!",228,pink papyrus,Pink Papyrus,1,pink-papyrus,True,True,False,False,False,False,False,False,117,327,3,,,,,,,1,1,,0,0,0,1,1.0
HVF,Meta,Meta description does not align to main ranking keyword,https://www.chewy.com/f/plano-paws_f1v111500,True,Update meta-description templates to reflect the primary ranking phrase.,plano paws,Plano Paws - Free shipping | Chewy,34,"Shop Chewy for low prices and the best products! We carry a large selection and the top brands like Frisco, Littlearth, and more. Find everything you need in one place. FREE shipping on orders $49+ and the BEST customer service!",228,plano paws,Plano Paws,1,plano-paws,True,True,False,False,False,False,False,False,7,309,3,,,,,,,1,1,6.0,1,0,0,0,1.0
HVF,Meta,Meta description does not align to main ranking keyword,https://www.chewy.com/f/pointpet_f1v538909,True,Update meta-description templates to reflect the primary ranking phrase.,pointpet,PointPet - Free shipping | Chewy,32,"Shop Chewy for low prices and the best products! We carry a large selection and the top brands like Frisco, Littlearth, and more. Find everything you need in one place. FREE shipping on orders $49+ and the BEST customer service!",228,pointpet,PointPet,1,pointpet,,False,False,False,False,False,False,False,2,304,3,,,,,,,1,1,,0,0,0,1,1.0
HVF,Meta,Meta description does not align to main ranking keyword,https://www.chewy.com/f/polkadog_f1v538978,True,Update meta-description templates to reflect the primary ranking phrase.,polkadog,Polkadog - Free shipping | Chewy,32,"Shop Chewy for low prices and the best products! We carry a large selection and the top brands like Frisco, Littlearth, and more. Find everything you need in one place. FREE shipping on orders $49+ and the BEST customer service!",228,polkadog,Polkadog,1,polkadog,True,True,False,False,False,False,False,False,31,329,3,,,,,,,2,2,7.0,1,1,0,0,4.0
HVF,Meta,Meta description does not align to main ranking keyword,https://www.chewy.com/f/pollys-pet-products_f1v319275,True,Update meta-description templates to reflect the primary ranking phrase.,polly's pet products,Polly's Pet Products - Free shipping | Chewy,44,"Shop Chewy for low prices and the best products! We carry a large selection and the top brands like Frisco, Littlearth, and more. Find everything you need in one place. FREE shipping on orders $49+ and the BEST customer service!",228,polly's pet products,Polly's Pet Products,1,pollys-pet-products,True,True,False,False,False,False,False,False,164,339,3,,,,,,,1,1,13.0,0,1,0,0,1.0
HVF,Meta,Meta description does not align to main ranking keyword,https://www.chewy.com/f/pond-boss_f1v248677,True,Update meta-description templates to reflect the primary ranking phrase.,pond boss,Pond Boss - Free shipping | Chewy,33,"Shop Chewy for low prices and the best products! We carry a large selection and the top brands like Frisco, Littlearth, and more. Find everything you need in one place. FREE shipping on orders $49+ and the BEST customer service!",228,pond boss,Pond Boss,1,pond-boss,True,True,False,False,False,False,False,False,36,332,3,,,,,,,1,1,29.0,0,0,1,0,1.0
HVF,Meta,Meta description does not align to main ranking keyword,https://www.chewy.com/f/pounce-fetch_f1v503620,True,Update meta-description templates to reflect the primary ranking phrase.,pounce + fetch,Pounce + Fetch - Free shipping | Chewy,38,"Shop Chewy for low prices and the best products! We carry a large selection and the top brands like Frisco, Littlearth, and more. Find everything you need in one place. FREE shipping on orders $49+ and the BEST customer service!",228,pounce + fetch,Pounce + Fetch,1,pounce-fetch,True,False,False,False,False,False,False,False,31,332,3,,,,,,,1,1,8.0,1,0,0,0,1.0
HVF,Meta,Meta description does not align to main ranking keyword,https://www.chewy.com/f/prana-pets_f1v434587,True,Update meta-description templates to reflect the primary ranking phrase.,prana pets,Prana Pets - Free shipping | Chewy,34,"Shop Chewy for low prices and the best products! We carry a large selection and the top brands like Frisco, Littlearth, and more. Find everything you need in one place. FREE shipping on orders $49+ and the BEST customer service!",228,prana pets,Prana Pets,1,prana-pets,True,True,False,False,False,False,False,False,15,317,3,,,,,,,1,1,7.0,1,0,0,0,3.0
HVF,Meta,Meta description does not align to main ranking keyword,https://www.chewy.com/f/precious-tails_f1v389395,True,Update meta-description templates to reflect the primary ranking phrase.,precious tails,Precious Tails - Free shipping | Chewy,38,"Shop Chewy for low prices and the best products! We carry a large selection and the top brands like Frisco, Littlearth, and more. Find everything you need in one place. FREE shipping on orders $49+ and the BEST customer service!",228,precious tails,Precious Tails,1,precious-tails,True,False,False,False,False,False,False,False,207,340,3,,,,,,,1,1,14.0,0,1,0,0,1.0
HVF,Meta,Meta description does not align to main ranking keyword,https://www.chewy.com/f/precise-cut_f1v292613,True,Update meta-description templates to reflect the primary ranking phrase.,precise cut,Precise Cut - Free shipping | Chewy,35,"Shop Chewy for low prices and the best products! We carry a large selection and the top brands like Frisco, Littlearth, and more. Find everything you need in one place. FREE shipping on orders $49+ and the BEST customer service!",228,precise cut,Precise Cut,1,precise-cut,True,True,False,False,False,False,False,False,21,318,3,,,,,,,1,1,6.0,1,0,0,0,1.0
HVF,Meta,Meta description does not align to main ranking keyword,https://www.chewy.com/f/premier-pet_f1v715769,True,Update meta-description templates to reflect the primary ranking phrase.,premier pet,Premier Pet - Free shipping | Chewy,35,"Shop Chewy for low prices and the best products! We carry a large selection and the top brands like Frisco, Littlearth, and more. Find everything you need in one place. FREE shipping on orders $49+ and the BEST customer service!",228,premier pet,Premier Pet,1,premier-pet,True,False,False,False,False,False,False,False,10,311,3,,,,,,,1,1,22.0,0,0,1,0,1.0
HVF,Meta,Meta description does not align to main ranking keyword,https://www.chewy.com/f/primalvore_f1v112537,True,Update meta-description templates to reflect the primary ranking phrase.,primalvore,Primalvore - Free shipping | Chewy,34,"Shop Chewy for low prices and the best products! We carry a large selection and the top brands like Frisco, Littlearth, and more. Find everything you need in one place. FREE shipping on orders $49+ and the BEST customer service!",228,primalvore,Primalvore,1,primalvore,True,True,False,False,False,False,False,False,5,307,3,,,,,,,1,1,6.0,1,0,0,0,1.0
HVF,Meta,Meta description does not align to main ranking keyword,https://www.chewy.com/f/prime-performance-nutrition_f1v460802,True,Update meta-description templates to reflect the primary ranking phrase.,prime performance nutrition,Prime Performance Nutrition - Free shipping | Chewy,51,"Shop Chewy for low prices and the best products! We carry a large selection and the top brands like Frisco, Littlearth, and more. Find everything you need in one place. FREE shipping on orders $49+ and the BEST customer service!",228,prime performance nutrition,Prime Performance Nutrition,1,prime-performance-nutrition,True,True,False,False,False,False,False,False,27,318,3,,,,,,,1,1,3.0,1,0,0,0,1.0
HVF,Meta,Meta description does not align to main ranking keyword,https://www.chewy.com/f/primitives-by-kathy_f1v497288,True,Update meta-description templates to reflect the primary ranking phrase.,primitives by kathy,Primitives By Kathy - Free shipping | Chewy,43,"Shop Chewy for low prices and the best products! We carry a large selection and the top brands like Frisco, Littlearth, and more. Find everything you need in one place. FREE shipping on orders $49+ and the BEST customer service!",228,primitives by kathy,Primitives By Kathy,1,primitives-by-kathy,True,True,False,False,False,False,False,False,198,340,3,,,,,,,1,1,21.0,0,0,1,0,1.0
HVF,Meta,Meta description does not align to main ranking keyword,https://www.chewy.com/f/pro-coat-grooming_f1v107869,True,Update meta-description templates to reflect the primary ranking phrase.,pro-coat grooming,Pro-Coat Grooming - Free shipping | Chewy,41,"Shop Chewy for low prices and the best products! We carry a large selection and the top brands like Frisco, Littlearth, and more. Find everything you need in one place. FREE shipping on orders $49+ and the BEST customer service!",228,pro-coat grooming,Pro-Coat Grooming,1,pro-coat-grooming,True,True,False,False,False,False,False,False,11,313,3,,,,,,,1,1,2.0,1,0,0,0,1.0
HVF,Meta,Meta description does not align to main ranking keyword,https://www.chewy.com/f/professional-pet-products_f1v121162,True,Update meta-description templates to reflect the primary ranking phrase.,professional pet products,Professional Pet Products - Free shipping | Chewy,49,"Shop Chewy for low prices and the best products! We carry a large selection and the top brands like Frisco, Littlearth, and more. Find everything you need in one place. FREE shipping on orders $49+ and the BEST customer service!",228,professional pet products,Professional Pet Products,1,professional-pet-products,True,True,False,False,False,False,False,False,52,340,3,,,,,,,1,1,6.0,1,0,0,0,2.0
HVF,Meta,Meta description does not align to main ranking keyword,https://www.chewy.com/f/project-hive-pet-company_f1v598974,True,Update meta-description templates to reflect the primary ranking phrase.,project hive pet company,Project Hive Pet Company - Free shipping | Chewy,48,"Shop Chewy for low prices and the best products! We carry a large selection and the top brands like Frisco, Littlearth, and more. Find everything you need in one place. FREE shipping on orders $49+ and the BEST customer service!",228,project hive pet company,Project Hive Pet Company,1,project-hive-pet-company,True,True,False,False,False,False,False,False,48,339,3,,,,,,,1,1,4.0,1,0,0,0,1.0
HVF,Meta,Meta description does not align to main ranking keyword,https://www.chewy.com/f/project-paws_f1v288363,True,Update meta-description templates to reflect the primary ranking phrase.,project paws dog healthcare,Project Paws - Free shipping | Chewy,36,"Shop Chewy for low prices and the best products! We carry a large selection and the top brands like Frisco, Littlearth, and more. Find everything you need in one place. FREE shipping on orders $49+ and the BEST customer service!",228,project paws dog healthcare,Project Paws,1,project-paws,True,True,False,False,False,False,False,False,13,313,3,,,,,,,1,1,3.0,1,0,0,0,1.0
HVF,Meta,Meta description does not align to main ranking keyword,https://www.chewy.com/f/pupford_f1v179498,True,Update meta-description templates to reflect the primary ranking phrase.,pupford,Pupford - Free shipping | Chewy,31,"Shop Chewy for low prices and the best products! We carry a large selection and the top brands like Frisco, Littlearth, and more. Find everything you need in one place. FREE shipping on orders $49+ and the BEST customer service!",228,pupford,Pupford,1,pupford,True,False,False,False,False,False,False,False,117,339,3,,,,,,,1,1,10.0,1,0,0,0,4.0
HVF,Meta,Meta description does not align to main ranking keyword,https://www.chewy.com/f/puppylocks_f1v263244,True,Update meta-description templates to reflect the primary ranking phrase.,puppylocks,Puppylocks - Free shipping | Chewy,34,"Shop Chewy for low prices and the best products! We carry a large selection and the top brands like Frisco, Littlearth, and more. Find everything you need in one place. FREE shipping on orders $49+ and the BEST customer service!",228,puppylocks,Puppylocks,1,puppylocks,True,True,False,False,False,False,False,False,9,307,3,,,,,,,1,1,,0,0,0,1,1.0
HVF,Meta,Meta description does not align to main ranking keyword,https://www.chewy.com/f/pure-water-pebbles_f1v354226,True,Update meta-description templates to reflect the primary ranking phrase.,pure water pebbles,Pure Water Pebbles - Free shipping | Chewy,42,"Shop Chewy for low prices and the best products! We carry a large selection and the top brands like Frisco, Littlearth, and more. Find everything you need in one place. FREE shipping on orders $49+ and the BEST customer service!",228,pure water pebbles,Pure Water Pebbles,1,pure-water-pebbles,True,True,False,False,False,False,False,False,20,309,3,,,,,,,1,1,6.0,1,0,0,0,1.0
HVF,Meta,Meta description does not align to main ranking keyword,https://www.chewy.com/f/purrfect-portal_f1v226983,True,Update meta-description templates to reflect the primary ranking phrase.,purrfect portal cat doors,Purrfect Portal - Free shipping | Chewy,39,"Shop Chewy for low prices and the best products! We carry a large selection and the top brands like Frisco, Littlearth, and more. Find everything you need in one place. FREE shipping on orders $49+ and the BEST customer service!",228,purrfect portal cat doors,Purrfect Portal,1,purrfect-portal,True,True,False,False,False,False,False,False,18,310,3,,,,,,,1,1,12.0,0,1,0,0,1.0
HVF,Meta,Meta description does not align to main ranking keyword,https://www.chewy.com/f/ralco-show_f1v107798,True,Update meta-description templates to reflect the primary ranking phrase.,ralco show,Ralco Show - Free shipping | Chewy,34,"Shop Chewy for low prices and the best products! We carry a large selection and the top brands like Frisco, Littlearth, and more. Find everything you need in one place. FREE shipping on orders $49+ and the BEST customer service!",228,ralco show,Ralco Show,1,ralco-show,True,True,False,False,False,False,False,False,12,314,3,,,,,,,2,1,6.5,2,0,0,0,1.0
HVF,Meta,Meta description does not align to main ranking keyword,https://www.chewy.com/f/regal-pet-foods_f1v363155,True,Update meta-description templates to reflect the primary ranking phrase.,regal pet foods,Regal Pet Foods - Free shipping | Chewy,39,"Shop Chewy for low prices and the best products! We carry a large selection and the top brands like Frisco, Littlearth, and more. Find everything you need in one place. FREE shipping on orders $49+ and the BEST customer service!",228,regal pet foods,Regal Pet Foods,1,regal-pet-foods,True,True,False,False,False,False,False,False,42,320,3,,,,,,,1,1,,0,0,0,1,2.0
HVF,Meta,Meta description does not align to main ranking keyword,https://www.chewy.com/f/remedi-animal-solutions_f1v112466,True,Update meta-description templates to reflect the primary ranking phrase.,remedi animal solutions,Remedi Animal Solutions - Free shipping | Chewy,47,"Shop Chewy for low prices and the best products! We carry a large selection and the top brands like Frisco, Littlearth, and more. Find everything you need in one place. FREE shipping on orders $49+ and the BEST customer service!",228,remedi animal solutions,Remedi Animal Solutions,1,remedi-animal-solutions,True,True,False,False,False,False,False,False,5,307,3,,,,,,,1,1,7.0,1,0,0,0,1.0
HVF,Meta,Meta description does not align to main ranking keyword,https://www.chewy.com/f/remys-kitchen_f1v109343,True,Update meta-description templates to reflect the primary ranking phrase.,remy's kitchen,Remy's Kitchen - Free shipping | Chewy,38,"Shop Chewy for low prices and the best products! We carry a large selection and the top brands like Frisco, Littlearth, and more. Find everything you need in one place. FREE shipping on orders $49+ and the BEST customer service!",228,remy's kitchen,Remy's Kitchen,1,remys-kitchen,True,False,False,False,False,False,False,False,14,316,3,,,,,,,2,2,13.0,0,1,0,1,1.0
HVF,Meta,Meta description does not align to main ranking keyword,https://www.chewy.com/f/rep-cal_f1v725679,True,Update meta-description templates to reflect the primary ranking phrase.,rep-cal,Rep-Cal - Free shipping | Chewy,31,"Shop Chewy for low prices and the best products! We carry a large selection and the top brands like Frisco, Littlearth, and more. Find everything you need in one place. FREE shipping on orders $49+ and the BEST customer service!",228,rep-cal,Rep-Cal,1,rep-cal,True,True,False,False,False,False,False,False,6,308,3,,,,,,,2,2,14.5,1,1,0,0,1.0
HVF,Meta,Meta description does not align to main ranking keyword,https://www.chewy.com/f/reptifeast_f1v17038,True,Update meta-description templates to reflect the primary ranking phrase.,reptifeast,ReptiFeast - Free shipping | Chewy,34,"Shop Chewy for low prices and the best products! We carry a large selection and the top brands like Frisco, Littlearth, and more. Find everything you need in one place. FREE shipping on orders $49+ and the BEST customer service!",228,reptifeast,ReptiFeast,1,reptifeast,True,True,False,False,False,False,False,False,12,308,3,,,,,,,1,1,1.0,1,0,0,0,1.0
HVF,Meta,Meta description does not align to main ranking keyword,https://www.chewy.com/f/reptile-systems_f1v804781,True,Update meta-description templates to reflect the primary ranking phrase.,reptile systems,Reptile Systems - Free shipping | Chewy,39,"Shop Chewy for low prices and the best products! We carry a large selection and the top brands like Frisco, Littlearth, and more. Find everything you need in one place. FREE shipping on orders $49+ and the BEST customer service!",228,reptile systems,Reptile Systems,1,reptile-systems,True,True,False,False,False,False,False,False,87,339,3,,,,,,,1,1,9.0,1,0,0,0,1.0
HVF,Meta,Meta description does not align to main ranking keyword,https://www.chewy.com/f/reptilinks_f1v18030,True,Update meta-description templates to reflect the primary ranking phrase.,reptilinks,Reptilinks - Free shipping | Chewy,34,"Shop Chewy for low prices and the best products! We carry a large selection and the top brands like Frisco, Littlearth, and more. Find everything you need in one place. FREE shipping on orders $49+ and the BEST customer service!",228,reptilinks,Reptilinks,1,reptilinks,True,True,False,False,False,False,False,False,52,320,3,,,,,,,1,1,8.0,1,0,0,0,3.0
HVF,Meta,Meta description does not align to main ranking keyword,https://www.chewy.com/f/rifruf_f1v294910,True,Update meta-description templates to reflect the primary ranking phrase.,rifruf,RIFRUF - Free shipping | Chewy,30,"Shop Chewy for low prices and the best products! We carry a large selection and the top brands like Frisco, Littlearth, and more. Find everything you need in one place. FREE shipping on orders $49+ and the BEST customer service!",228,rifruf,RIFRUF,1,rifruf,True,True,False,False,False,False,False,False,125,307,3,,,,,,,1,1,8.0,1,0,0,0,2.0
HVF,Meta,Meta description does not align to main ranking keyword,https://www.chewy.com/f/rinse-ace_f1v527814,True,Update meta-description templates to reflect the primary ranking phrase.,rinse ace dog grooming supplies,Rinse Ace - Free shipping | Chewy,33,"Shop Chewy for low prices and the best products! We carry a large selection and the top brands like Frisco, Littlearth, and more. Find everything you need in one place. FREE shipping on orders $49+ and the BEST customer service!",228,rinse ace dog grooming supplies,Rinse Ace,1,rinse-ace,True,True,False,False,False,False,False,False,9,310,3,,,,,,,1,1,,0,0,0,1,1.0
HVF,Meta,Meta description does not align to main ranking keyword,https://www.chewy.com/f/rocket-rex_f1v177128,True,Update meta-description templates to reflect the primary ranking phrase.,rocket and rex,Rocket & Rex - Free shipping | Chewy,36,"Shop Chewy for low prices and the best products! We carry a large selection and the top brands like Frisco, Littlearth, and more. Find everything you need in one place. FREE shipping on orders $49+ and the BEST customer service!",228,rocket and rex,Rocket & Rex,1,rocket-rex,True,True,False,False,False,False,False,False,29,313,3,,,,,,,1,1,,0,0,0,1,1.0
HVF,Meta,Meta description does not align to main ranking keyword,https://www.chewy.com/f/roscoes-pet-products_f1v499735,True,Update meta-description templates to reflect the primary ranking phrase.,roscoe's pet products,Roscoe's Pet Products - Free shipping | Chewy,45,"Shop Chewy for low prices and the best products! We carry a large selection and the top brands like Frisco, Littlearth, and more. Find everything you need in one place. FREE shipping on orders $49+ and the BEST customer service!",228,roscoe's pet products,Roscoe's Pet Products,1,roscoes-pet-products,True,True,False,False,False,False,False,False,5,306,3,,,,,,,1,1,1.0,1,0,0,0,1.0
HVF,Meta,Meta description does not align to main ranking keyword,https://www.chewy.com/f/royal-cat-boutique_f1v132382,True,Update meta-description templates to reflect the primary ranking phrase.,royal cat boutique,Royal Cat Boutique - Free shipping | Chewy,42,"Shop Chewy for low prices and the best products! We carry a large selection and the top brands like Frisco, Littlearth, and more. Find everything you need in one place. FREE shipping on orders $49+ and the BEST customer service!",228,royal cat boutique,Royal Cat Boutique,1,royal-cat-boutique,True,True,False,False,False,False,False,False,61,339,3,,,,,,,1,1,3.0,1,0,0,0,2.0
HVF,Meta,Meta description does not align to main ranking keyword,https://www.chewy.com/f/ruff-whiskers_f1v156372,True,Update meta-description templates to reflect the primary ranking phrase.,ruff and whiskers,Ruff & Whiskers - Free shipping | Chewy,39,"Shop Chewy for low prices and the best products! We carry a large selection and the top brands like Frisco, Littlearth, and more. Find everything you need in one place. FREE shipping on orders $49+ and the BEST customer service!",228,ruff and whiskers,Ruff & Whiskers,1,ruff-whiskers,True,True,False,False,False,False,False,False,11,311,3,,,,,,,1,1,11.0,0,1,0,0,1.0
HVF,Meta,Meta description does not align to main ranking keyword,https://www.chewy.com/f/rufus-coco_f1v282921,True,Update meta-description templates to reflect the primary ranking phrase.,rufus and coco,Rufus & Coco - Free shipping | Chewy,36,"Shop Chewy for low prices and the best products! We carry a large selection and the top brands like Frisco, Littlearth, and more. Find everything you need in one place. FREE shipping on orders $49+ and the BEST customer service!",228,rufus and coco,Rufus & Coco,1,rufus-coco,True,True,False,False,False,False,False,False,13,309,3,,,,,,,1,1,5.0,1,0,0,0,1.0
HVF,Meta,Meta description does not align to main ranking keyword,https://www.chewy.com/f/rugged-ranch_f1v115184,True,Update meta-description templates to reflect the primary ranking phrase.,rugged ranch,Rugged Ranch - Free shipping | Chewy,36,"Shop Chewy for low prices and the best products! We carry a large selection and the top brands like Frisco, Littlearth, and more. Find everything you need in one place. FREE shipping on orders $49+ and the BEST customer service!",228,rugged ranch,Rugged Ranch,1,rugged-ranch,True,True,False,False,False,False,False,False,10,312,3,,,,,,,1,1,,0,0,0,1,1.0
HVF,Meta,Meta description does not align to main ranking keyword,https://www.chewy.com/f/salifert_f1v333222,True,Update meta-description templates to reflect the primary ranking phrase.,salifert,Salifert - Free shipping | Chewy,32,"Shop Chewy for low prices and the best products! We carry a large selection and the top brands like Frisco, Littlearth, and more. Find everything you need in one place. FREE shipping on orders $49+ and the BEST customer service!",228,salifert,Salifert,1,salifert,True,False,False,False,False,False,False,False,12,314,3,,,,,,,1,1,27.0,0,0,1,0,1.0
HVF,Meta,Meta description does not align to main ranking keyword,https://www.chewy.com/f/sams-pets_f1v538108,True,Update meta-description templates to reflect the primary ranking phrase.,sam's pets,Sam's Pets - Free shipping | Chewy,34,"Shop Chewy for low prices and the best products! We carry a large selection and the top brands like Frisco, Littlearth, and more. Find everything you need in one place. FREE shipping on orders $49+ and the BEST customer service!",228,sam's pets,Sam's Pets,1,sams-pets,True,True,False,False,False,False,False,False,145,339,3,,,,,,,1,1,5.0,1,0,0,0,1.0
HVF,Meta,Meta description does not align to main ranking keyword,https://www.chewy.com/f/savory-prime_f1v390400,True,Update meta-description templates to reflect the primary ranking phrase.,savory prime,Savory Prime - Free shipping | Chewy,36,"Shop Chewy for low prices and the best products! We carry a large selection and the top brands like Frisco, Littlearth, and more. Find everything you need in one place. FREE shipping on orders $49+ and the BEST customer service!",228,savory prime,Savory Prime,1,savory-prime,True,True,False,False,False,False,False,False,57,338,3,,,,,,,2,2,12.0,0,1,0,1,1.0
HVF,Meta,Meta description does not align to main ranking keyword,https://www.chewy.com/f/scamper-co_f1v191693,True,Update meta-description templates to reflect the primary ranking phrase.,scamper and co,Scamper & Co - Free shipping | Chewy,36,"Shop Chewy for low prices and the best products! We carry a large selection and the top brands like Frisco, Littlearth, and more. Find everything you need in one place. FREE shipping on orders $49+ and the BEST customer service!",228,scamper and co,Scamper & Co,1,scamper-co,True,True,False,False,False,False,False,False,92,340,3,,,,,,,1,1,4.0,1,0,0,0,4.0
HVF,Meta,Meta description does not align to main ranking keyword,https://www.chewy.com/f/schoen-farms_f1v393879,True,Update meta-description templates to reflect the primary ranking phrase.,schoen farms,Schoen Farms - Free shipping | Chewy,36,"Shop Chewy for low prices and the best products! We carry a large selection and the top brands like Frisco, Littlearth, and more. Find everything you need in one place. FREE shipping on orders $49+ and the BEST customer service!",228,schoen farms,Schoen Farms,1,schoen-farms,True,True,False,False,False,False,False,False,7,307,3,,,,,,,1,1,18.0,0,1,0,0,1.0
HVF,Meta,Meta description does not align to main ranking keyword,https://www.chewy.com/f/sergeants_f1v388446,True,Update meta-description templates to reflect the primary ranking phrase.,sergeant's,Sergeant's - Free shipping | Chewy,34,"Shop Chewy for low prices and the best products! We carry a large selection and the top brands like Frisco, Littlearth, and more. Find everything you need in one place. FREE shipping on orders $49+ and the BEST customer service!",228,sergeant's,Sergeant's,1,sergeants,True,True,False,False,False,False,False,False,8,310,3,,,,,,,1,1,16.0,0,1,0,0,1.0
HVF,Meta,Meta description does not align to main ranking keyword,https://www.chewy.com/f/shameless-pets_f1v151909,True,Update meta-description templates to reflect the primary ranking phrase.,shameless pets dog treats,Shameless Pets - Free shipping | Chewy,38,"Shop Chewy for low prices and the best products! We carry a large selection and the top brands like Frisco, Littlearth, and more. Find everything you need in one place. FREE shipping on orders $49+ and the BEST customer service!",228,shameless pets dog treats,Shameless Pets,1,shameless-pets,True,True,False,False,False,False,False,False,51,332,3,,,,,,,2,2,20.0,0,1,0,1,1.0
