page_type,category,issue,normalized_url,matched_botify,recommendation,evidence_value,title,title_length,meta_description,meta_description_length,main_keyword,h1,h1_count,url_slug,canonical_points_to_self,in_sitemaps,noindex,nofollow,breadcrumb_exists,product_exists,offer_exists,faq_exists,unique_inlinks,unique_outlinks,depth,lcp_status,lcp_value,cls_status,cls_value,inp_status,inp_value,ranking_keyword_rows,distinct_keywords,avg_current_rank,top10_keywords,quick_win_11_20_keywords,striking_distance_21_50_keywords,lost_or_unranked_keywords,botify_audience_keywords_to_90pct
HVF,H1,H1 is too generic,https://www.chewy.com/f/delectables_f1v32446,True,Make the H1 more descriptive of the page intent.,Delectables,Delectables - Free shipping | Chewy,35,"Shop Chewy for low prices and the best products! We carry a large selection and the top brands like Frisco, Littlearth, and more. Find everything you need in one place. FREE shipping on orders $49+ and the BEST customer service!",228,,Delectables,1,delectables,True,True,False,False,False,False,False,False,173,339,2,,,,,,,,,,,,,,1.0
HVF,H1,H1 is too generic,https://www.chewy.com/f/therapetmd_f1v31086,True,Make the H1 more descriptive of the page intent.,TherapetMD,TherapetMD - Free shipping | Chewy,34,"Shop Chewy for low prices and the best products! We carry a large selection and the top brands like Frisco, Littlearth, and more. Find everything you need in one place. FREE shipping on orders $49+ and the BEST customer service!",228,,TherapetMD,1,therapetmd,True,True,False,False,False,False,False,False,215,307,2,,,,,,,,,,,,,,1.0
HVF,H1,H1 is too generic,https://www.chewy.com/f/casfuy_f1v431047,True,Make the H1 more descriptive of the page intent.,Casfuy,Casfuy - Free shipping | Chewy,30,"Shop Chewy for low prices and the best products! We carry a large selection and the top brands like Frisco, Littlearth, and more. Find everything you need in one place. FREE shipping on orders $49+ and the BEST customer service!",228,,Casfuy,1,casfuy,True,True,False,False,False,False,False,False,162,339,3,,,,,,,,,,,,,,1.0
HVF,H1,H1 is too generic,https://www.chewy.com/f/wanpy_f1v28070,True,Make the H1 more descriptive of the page intent.,Wanpy,Wanpy - Free shipping | Chewy,29,"Shop Chewy for low prices and the best products! We carry a large selection and the top brands like Frisco, Littlearth, and more. Find everything you need in one place. FREE shipping on orders $49+ and the BEST customer service!",228,,Wanpy,1,wanpy,True,True,False,False,False,False,False,False,27,325,3,,,,,,,,,,,,,,
HVF,H1,H1 is too generic,https://www.chewy.com/f/tweezerman_f1v20110,True,Make the H1 more descriptive of the page intent.,Tweezerman,Tweezerman - Free shipping | Chewy,34,"Shop Chewy for low prices and the best products! We carry a large selection and the top brands like Frisco, Littlearth, and more. Find everything you need in one place. FREE shipping on orders $49+ and the BEST customer service!",228,,Tweezerman,1,tweezerman,True,True,False,False,False,False,False,False,14,313,3,,,,,,,,,,,,,,1.0
HVF,H1,H1 is too generic,https://www.chewy.com/f/abdragons_f1v506877,True,Make the H1 more descriptive of the page intent.,ABDragons,ABDragons - Free shipping | Chewy,33,"Shop Chewy for low prices and the best products! We carry a large selection and the top brands like Frisco, Littlearth, and more. Find everything you need in one place. FREE shipping on orders $49+ and the BEST customer service!",228,abdragons,ABDragons,1,abdragons,True,True,False,False,False,False,False,False,184,339,3,,,,,,,1,1,8.0,1,0,0,0,1.0
HVF,H1,H1 is too generic,https://www.chewy.com/f/sungrow_f1v220074,True,Make the H1 more descriptive of the page intent.,SunGrow,SunGrow - Free shipping | Chewy,31,"Shop Chewy for low prices and the best products! We carry a large selection and the top brands like Frisco, Littlearth, and more. Find everything you need in one place. FREE shipping on orders $49+ and the BEST customer service!",228,,SunGrow,1,sungrow,True,True,False,False,False,False,False,False,213,340,3,,,,,,,,,,,,,,1.0
HVF,H1,H1 is too generic,https://www.chewy.com/f/komodo_f1v364190,True,Make the H1 more descriptive of the page intent.,Komodo,Komodo - Free shipping | Chewy,30,"Shop Chewy for low prices and the best products! We carry a large selection and the top brands like Frisco, Littlearth, and more. Find everything you need in one place. FREE shipping on orders $49+ and the BEST customer service!",228,,Komodo,1,komodo,True,True,False,False,False,False,False,False,70,339,3,,,,,,,,,,,,,,1.0
HVF,H1,H1 is too generic,https://www.chewy.com/f/durvet_f1v433703,True,Make the H1 more descriptive of the page intent.,Durvet,Durvet - Free shipping | Chewy,30,"Shop Chewy for low prices and the best products! We carry a large selection and the top brands like Frisco, Littlearth, and more. Find everything you need in one place. FREE shipping on orders $49+ and the BEST customer service!",228,durvet,Durvet,1,durvet,True,True,False,False,False,False,False,False,117,339,3,,,,,,,1,1,,0,0,0,1,3.0
HVF,H1,H1 is too generic,https://www.chewy.com/f/rentacoop_f1v422384,True,Make the H1 more descriptive of the page intent.,RentACoop,RentACoop - Free shipping | Chewy,33,"Shop Chewy for low prices and the best products! We carry a large selection and the top brands like Frisco, Littlearth, and more. Find everything you need in one place. FREE shipping on orders $49+ and the BEST customer service!",228,,RentACoop,1,rentacoop,True,True,False,False,False,False,False,False,87,339,3,,,,,,,,,,,,,,1.0
HVF,H1,H1 is too generic,https://www.chewy.com/f/buddycheer_f1v28750,True,Make the H1 more descriptive of the page intent.,BuddyCheer,BuddyCheer - Free shipping | Chewy,34,"Shop Chewy for low prices and the best products! We carry a large selection and the top brands like Frisco, Littlearth, and more. Find everything you need in one place. FREE shipping on orders $49+ and the BEST customer service!",228,,BuddyCheer,1,buddycheer,True,True,False,False,False,False,False,False,20,322,3,,,,,,,,,,,,,,2.0
HVF,H1,H1 is too generic,https://www.chewy.com/f/standlee_f1v468575,True,Make the H1 more descriptive of the page intent.,Standlee,Standlee - Free shipping | Chewy,32,"Shop Chewy for low prices and the best products! We carry a large selection and the top brands like Frisco, Littlearth, and more. Find everything you need in one place. FREE shipping on orders $49+ and the BEST customer service!",228,standlee,Standlee,1,standlee,True,True,False,False,False,False,False,False,30,329,3,,,,,,,1,1,26.0,0,0,1,0,1.0
HVF,H1,H1 is too generic,https://www.chewy.com/f/tough1_f1v20102,True,Make the H1 more descriptive of the page intent.,Tough1,Tough1 - Free shipping | Chewy,30,"Shop Chewy for low prices and the best products! We carry a large selection and the top brands like Frisco, Littlearth, and more. Find everything you need in one place. FREE shipping on orders $49+ and the BEST customer service!",228,,Tough1,1,tough1,True,True,False,False,False,False,False,False,1672,339,3,,,,,,,,,,,,,,1.0
HVF,H1,H1 is too generic,https://www.chewy.com/f/shark_f1v293892,True,Make the H1 more descriptive of the page intent.,Shark,Shark - Free shipping | Chewy,29,"Shop Chewy for low prices and the best products! We carry a large selection and the top brands like Frisco, Littlearth, and more. Find everything you need in one place. FREE shipping on orders $49+ and the BEST customer service!",228,,Shark,1,shark,True,True,False,False,False,False,False,False,84,340,3,,,,,,,,,,,,,,2.0
HVF,H1,H1 is too generic,https://www.chewy.com/f/nityers_f1v31702,True,Make the H1 more descriptive of the page intent.,Nityers,Nityers - Free shipping | Chewy,31,"Shop Chewy for low prices and the best products! We carry a large selection and the top brands like Frisco, Littlearth, and more. Find everything you need in one place. FREE shipping on orders $49+ and the BEST customer service!",228,,Nityers,1,nityers,True,True,False,False,False,False,False,False,4,306,3,,,,,,,,,,,,,,1.0
HVF,H1,H1 is too generic,https://www.chewy.com/f/glitzhome_f1v354327,True,Make the H1 more descriptive of the page intent.,Glitzhome,Glitzhome - Free shipping | Chewy,33,"Shop Chewy for low prices and the best products! We carry a large selection and the top brands like Frisco, Littlearth, and more. Find everything you need in one place. FREE shipping on orders $49+ and the BEST customer service!",228,,Glitzhome,1,glitzhome,True,True,False,False,False,False,False,False,66,339,3,,,,,,,,,,,,,,
HVF,H1,H1 is too generic,https://www.chewy.com/f/birdfy_f1v18238,True,Make the H1 more descriptive of the page intent.,Birdfy,Birdfy - Free shipping | Chewy,30,"Shop Chewy for low prices and the best products! We carry a large selection and the top brands like Frisco, Littlearth, and more. Find everything you need in one place. FREE shipping on orders $49+ and the BEST customer service!",228,,Birdfy,1,birdfy,True,True,False,False,False,False,False,False,28,330,3,,,,,,,,,,,,,,1.0
HVF,H1,H1 is too generic,https://www.chewy.com/f/panacea_f1v31350,True,Make the H1 more descriptive of the page intent.,Panacea,Panacea - Free shipping | Chewy,31,"Shop Chewy for low prices and the best products! We carry a large selection and the top brands like Frisco, Littlearth, and more. Find everything you need in one place. FREE shipping on orders $49+ and the BEST customer service!",228,,Panacea,1,panacea,True,False,False,False,False,False,False,False,87,339,3,,,,,,,,,,,,,,
HVF,H1,H1 is too generic,https://www.chewy.com/f/gladog_f1v30094,True,Make the H1 more descriptive of the page intent.,GLADOG,GLADOG - Free shipping | Chewy,30,"Shop Chewy for low prices and the best products! We carry a large selection and the top brands like Frisco, Littlearth, and more. Find everything you need in one place. FREE shipping on orders $49+ and the BEST customer service!",228,,GLADOG,1,gladog,True,True,False,False,False,False,False,False,17,311,3,,,,,,,,,,,,,,1.0
HVF,H1,H1 is too generic,https://www.chewy.com/f/pawhut_f1v706256,True,Make the H1 more descriptive of the page intent.,PawHut,PawHut - Free shipping | Chewy,30,"Shop Chewy for low prices and the best products! We carry a large selection and the top brands like Frisco, Littlearth, and more. Find everything you need in one place. FREE shipping on orders $49+ and the BEST customer service!",228,pawhut,PawHut,1,pawhut,True,True,False,False,False,False,False,False,591,339,3,,,,,,,1,1,17.0,0,1,0,0,1.0
HVF,H1,H1 is too generic,https://www.chewy.com/f/aivituvin_f1v114229,True,Make the H1 more descriptive of the page intent.,Aivituvin,Aivituvin - Free shipping | Chewy,33,"Shop Chewy for low prices and the best products! We carry a large selection and the top brands like Frisco, Littlearth, and more. Find everything you need in one place. FREE shipping on orders $49+ and the BEST customer service!",228,,Aivituvin,1,aivituvin,True,True,False,False,False,False,False,False,185,339,3,,,,,,,,,,,,,,1.0
HVF,H1,H1 is too generic,https://www.chewy.com/f/futam_f1v27814,True,Make the H1 more descriptive of the page intent.,FUTAM,FUTAM - Free shipping | Chewy,29,"Shop Chewy for low prices and the best products! We carry a large selection and the top brands like Frisco, Littlearth, and more. Find everything you need in one place. FREE shipping on orders $49+ and the BEST customer service!",228,,FUTAM,1,futam,True,True,False,False,False,False,False,False,19,318,3,,,,,,,,,,,,,,1.0
HVF,H1,H1 is too generic,https://www.chewy.com/f/ashman_f1v507048,True,Make the H1 more descriptive of the page intent.,Ashman,Ashman - Free shipping | Chewy,30,"Shop Chewy for low prices and the best products! We carry a large selection and the top brands like Frisco, Littlearth, and more. Find everything you need in one place. FREE shipping on orders $49+ and the BEST customer service!",228,,Ashman,1,ashman,True,True,False,False,False,False,False,False,82,339,3,,,,,,,,,,,,,,
HVF,H1,H1 is too generic,https://www.chewy.com/f/fukumaru_f1v21038,True,Make the H1 more descriptive of the page intent.,FUKUMARU,FUKUMARU - Free shipping | Chewy,32,"Shop Chewy for low prices and the best products! We carry a large selection and the top brands like Frisco, Littlearth, and more. Find everything you need in one place. FREE shipping on orders $49+ and the BEST customer service!",228,,FUKUMARU,1,fukumaru,True,False,False,False,False,False,False,False,69,339,3,,,,,,,,,,,,,,1.0
HVF,H1,H1 is too generic,https://www.chewy.com/f/nonopets_f1v24134,True,Make the H1 more descriptive of the page intent.,NonoPets,NonoPets - Free shipping | Chewy,32,"Shop Chewy for low prices and the best products! We carry a large selection and the top brands like Frisco, Littlearth, and more. Find everything you need in one place. FREE shipping on orders $49+ and the BEST customer service!",228,,NonoPets,1,nonopets,True,True,False,False,False,False,False,False,1092,340,3,good,1901.0,good,0.065,,,,,,,,,,9.0
HVF,H1,H1 is too generic,https://www.chewy.com/f/sunglo_f1v367428,True,Make the H1 more descriptive of the page intent.,Sunglo,Sunglo - Free shipping | Chewy,30,"Shop Chewy for low prices and the best products! We carry a large selection and the top brands like Frisco, Littlearth, and more. Find everything you need in one place. FREE shipping on orders $49+ and the BEST customer service!",228,,Sunglo,1,sunglo,True,True,False,False,False,False,False,False,19,320,3,,,,,,,,,,,,,,1.0
HVF,H1,H1 is too generic,https://www.chewy.com/f/fuufome_f1v27150,True,Make the H1 more descriptive of the page intent.,FUUFOME,FUUFOME - Free shipping | Chewy,31,"Shop Chewy for low prices and the best products! We carry a large selection and the top brands like Frisco, Littlearth, and more. Find everything you need in one place. FREE shipping on orders $49+ and the BEST customer service!",228,,FUUFOME,1,fuufome,True,True,False,False,False,False,False,False,62,339,3,,,,,,,,,,,,,,1.0
HVF,H1,H1 is too generic,https://www.chewy.com/f/oneisall_f1v505067,True,Make the H1 more descriptive of the page intent.,OneIsAll,OneIsAll - Free shipping | Chewy,32,"Shop Chewy for low prices and the best products! We carry a large selection and the top brands like Frisco, Littlearth, and more. Find everything you need in one place. FREE shipping on orders $49+ and the BEST customer service!",228,oneisall,OneIsAll,1,oneisall,True,True,False,False,False,False,False,False,54,340,3,good,1834.0,needs,0.12000000000000001,,,1,1,12.0,0,1,0,0,3.0
HVF,H1,H1 is too generic,https://www.chewy.com/f/potaroma_f1v23918,True,Make the H1 more descriptive of the page intent.,Potaroma,Potaroma - Free shipping | Chewy,32,"Shop Chewy for low prices and the best products! We carry a large selection and the top brands like Frisco, Littlearth, and more. Find everything you need in one place. FREE shipping on orders $49+ and the BEST customer service!",228,,Potaroma,1,potaroma,True,True,False,False,False,False,False,False,226,339,3,,,,,,,,,,,,,,3.0
HVF,H1,H1 is too generic,https://www.chewy.com/f/strellalab_f1v248918,True,Make the H1 more descriptive of the page intent.,StrellaLab,StrellaLab - Free shipping | Chewy,34,"Shop Chewy for low prices and the best products! We carry a large selection and the top brands like Frisco, Littlearth, and more. Find everything you need in one place. FREE shipping on orders $49+ and the BEST customer service!",228,,StrellaLab,1,strellalab,True,True,False,False,False,False,False,False,67,331,3,,,,,,,,,,,,,,1.0
HVF,H1,H1 is too generic,https://www.chewy.com/f/reptichip_f1v20598,True,Make the H1 more descriptive of the page intent.,ReptiChip,ReptiChip - Free shipping | Chewy,33,"Shop Chewy for low prices and the best products! We carry a large selection and the top brands like Frisco, Littlearth, and more. Find everything you need in one place. FREE shipping on orders $49+ and the BEST customer service!",228,,ReptiChip,1,reptichip,True,True,False,False,False,False,False,False,13,309,3,,,,,,,,,,,,,,1.0
HVF,H1,H1 is too generic,https://www.chewy.com/f/miele_f1v26662,True,Make the H1 more descriptive of the page intent.,Miele,Miele - Free shipping | Chewy,29,"Shop Chewy for low prices and the best products! We carry a large selection and the top brands like Frisco, Littlearth, and more. Find everything you need in one place. FREE shipping on orders $49+ and the BEST customer service!",228,,Miele,1,miele,True,False,False,False,False,False,False,False,14,317,3,,,,,,,,,,,,,,3.0
HVF,H1,H1 is too generic,https://www.chewy.com/f/semican_f1v22254,True,Make the H1 more descriptive of the page intent.,Semican,Semican - Free shipping | Chewy,31,"Shop Chewy for low prices and the best products! We carry a large selection and the top brands like Frisco, Littlearth, and more. Find everything you need in one place. FREE shipping on orders $49+ and the BEST customer service!",228,,Semican,1,semican,True,True,False,False,False,False,False,False,39,338,3,,,,,,,,,,,,,,1.0
HVF,H1,H1 is too generic,https://www.chewy.com/f/kingsyard_f1v22630,True,Make the H1 more descriptive of the page intent.,Kingsyard,Kingsyard - Free shipping | Chewy,33,"Shop Chewy for low prices and the best products! We carry a large selection and the top brands like Frisco, Littlearth, and more. Find everything you need in one place. FREE shipping on orders $49+ and the BEST customer service!",228,,Kingsyard,1,kingsyard,True,True,False,False,False,False,False,False,116,339,3,,,,,,,,,,,,,,1.0
HVF,H1,H1 is too generic,https://www.chewy.com/f/furvii_f1v30294,True,Make the H1 more descriptive of the page intent.,Furvii,Furvii - Free shipping | Chewy,30,"Shop Chewy for low prices and the best products! We carry a large selection and the top brands like Frisco, Littlearth, and more. Find everything you need in one place. FREE shipping on orders $49+ and the BEST customer service!",228,,Furvii,1,furvii,True,True,False,False,False,False,False,False,27,314,3,,,,,,,,,,,,,,
HVF,H1,H1 is too generic,https://www.chewy.com/f/dupray_f1v21358,True,Make the H1 more descriptive of the page intent.,Dupray,Dupray - Free shipping | Chewy,30,"Shop Chewy for low prices and the best products! We carry a large selection and the top brands like Frisco, Littlearth, and more. Find everything you need in one place. FREE shipping on orders $49+ and the BEST customer service!",228,,Dupray,1,dupray,True,True,False,False,False,False,False,False,5,308,3,,,,,,,,,,,,,,1.0
HVF,H1,H1 is too generic,https://www.chewy.com/f/collardirect_f1v424727,True,Make the H1 more descriptive of the page intent.,CollarDirect,CollarDirect - Free shipping | Chewy,36,"Shop Chewy for low prices and the best products! We carry a large selection and the top brands like Frisco, Littlearth, and more. Find everything you need in one place. FREE shipping on orders $49+ and the BEST customer service!",228,,CollarDirect,1,collardirect,True,True,False,False,False,False,False,False,462,339,3,,,,,,,,,,,,,,1.0
HVF,H1,H1 is too generic,https://www.chewy.com/f/clindamycin_f1v533338,True,Make the H1 more descriptive of the page intent.,Clindamycin,Clindamycin - Free shipping | Chewy,35,"Shop Chewy for low prices and the best products! We carry a large selection and the top brands like Frisco, Littlearth, and more. Find everything you need in one place. FREE shipping on orders $49+ and the BEST customer service!",228,,Clindamycin,1,clindamycin,,False,False,False,False,False,False,False,23,305,3,,,,,,,,,,,,,,
HVF,H1,H1 is too generic,https://www.chewy.com/f/halinfer_f1v25102,True,Make the H1 more descriptive of the page intent.,Halinfer,Halinfer - Free shipping | Chewy,32,"Shop Chewy for low prices and the best products! We carry a large selection and the top brands like Frisco, Littlearth, and more. Find everything you need in one place. FREE shipping on orders $49+ and the BEST customer service!",228,,Halinfer,1,halinfer,True,False,False,False,False,False,False,False,119,340,3,,,,,,,,,,,,,,1.0
HVF,H1,H1 is too generic,https://www.chewy.com/f/hugsmart_f1v23598,True,Make the H1 more descriptive of the page intent.,HugSmart,HugSmart - Free shipping | Chewy,32,"Shop Chewy for low prices and the best products! We carry a large selection and the top brands like Frisco, Littlearth, and more. Find everything you need in one place. FREE shipping on orders $49+ and the BEST customer service!",228,,HugSmart,1,hugsmart,True,True,False,False,False,False,False,False,223,339,3,,,,,,,,,,,,,,1.0
HVF,H1,H1 is too generic,https://www.chewy.com/f/thornevet_f1v23214,True,Make the H1 more descriptive of the page intent.,ThorneVET,ThorneVET - Free shipping | Chewy,33,"Shop Chewy for low prices and the best products! We carry a large selection and the top brands like Frisco, Littlearth, and more. Find everything you need in one place. FREE shipping on orders $49+ and the BEST customer service!",228,,ThorneVET,1,thornevet,True,True,False,False,False,False,False,False,36,338,3,,,,,,,,,,,,,,3.0
HVF,H1,H1 is too generic,https://www.chewy.com/f/vetreska_f1v184079,True,Make the H1 more descriptive of the page intent.,VETRESKA,VETRESKA - Free shipping | Chewy,32,"Shop Chewy for low prices and the best products! We carry a large selection and the top brands like Frisco, Littlearth, and more. Find everything you need in one place. FREE shipping on orders $49+ and the BEST customer service!",228,,VETRESKA,1,vetreska,True,True,False,False,False,False,False,False,81,339,3,,,,,,,,,,,,,,4.0
HVF,H1,H1 is too generic,https://www.chewy.com/f/brightkins_f1v355151,True,Make the H1 more descriptive of the page intent.,Brightkins,Brightkins - Free shipping | Chewy,34,"Shop Chewy for low prices and the best products! We carry a large selection and the top brands like Frisco, Littlearth, and more. Find everything you need in one place. FREE shipping on orders $49+ and the BEST customer service!",228,,Brightkins,1,brightkins,True,True,False,False,False,False,False,False,49,339,3,,,,,,,,,,,,,,1.0
HVF,H1,H1 is too generic,https://www.chewy.com/f/martins_f1v432522,True,Make the H1 more descriptive of the page intent.,Martin's,Martin's - Free shipping | Chewy,32,"Shop Chewy for low prices and the best products! We carry a large selection and the top brands like Frisco, Littlearth, and more. Find everything you need in one place. FREE shipping on orders $49+ and the BEST customer service!",228,,Martin's,1,martins,True,True,False,False,False,False,False,False,21,317,3,,,,,,,,,,,,,,1.0
HVF,H1,H1 is too generic,https://www.chewy.com/f/palmers_f1v458990,True,Make the H1 more descriptive of the page intent.,Palmer's,Palmer's - Free shipping | Chewy,32,"Shop Chewy for low prices and the best products! We carry a large selection and the top brands like Frisco, Littlearth, and more. Find everything you need in one place. FREE shipping on orders $49+ and the BEST customer service!",228,,Palmer's,1,palmers,True,False,False,False,False,False,False,False,5,307,3,,,,,,,,,,,,,,2.0
HVF,H1,H1 is too generic,https://www.chewy.com/f/coastal_f1v39238,True,Make the H1 more descriptive of the page intent.,Coastal,Coastal - Free shipping | Chewy,31,"Shop Chewy for low prices and the best products! We carry a large selection and the top brands like Frisco, Littlearth, and more. Find everything you need in one place. FREE shipping on orders $49+ and the BEST customer service!",228,,Coastal,1,coastal,,False,False,False,False,False,False,False,3,304,3,,,,,,,,,,,,,,
HVF,H1,H1 is too generic,https://www.chewy.com/f/slowton_f1v493686,True,Make the H1 more descriptive of the page intent.,SlowTon,SlowTon - Free shipping | Chewy,31,"Shop Chewy for low prices and the best products! We carry a large selection and the top brands like Frisco, Littlearth, and more. Find everything you need in one place. FREE shipping on orders $49+ and the BEST customer service!",228,slowton,SlowTon,1,slowton,True,True,False,False,False,False,False,False,34,313,3,,,,,,,1,1,8.0,1,0,0,0,1.0
HVF,H1,H1 is too generic,https://www.chewy.com/f/teewy_f1v29558,True,Make the H1 more descriptive of the page intent.,TEEWY,TEEWY - Free shipping | Chewy,29,"Shop Chewy for low prices and the best products! We carry a large selection and the top brands like Frisco, Littlearth, and more. Find everything you need in one place. FREE shipping on orders $49+ and the BEST customer service!",228,,TEEWY,1,teewy,True,True,False,False,False,False,False,False,13,314,3,,,,,,,,,,,,,,1.0
HVF,H1,H1 is too generic,https://www.chewy.com/f/clorox_f1v496889,True,Make the H1 more descriptive of the page intent.,Clorox,Clorox - Free shipping | Chewy,30,"Shop Chewy for low prices and the best products! We carry a large selection and the top brands like Frisco, Littlearth, and more. Find everything you need in one place. FREE shipping on orders $49+ and the BEST customer service!",228,,Clorox,1,clorox,True,True,False,False,False,False,False,False,9,312,3,,,,,,,,,,,,,,1.0
HVF,H1,H1 is too generic,https://www.chewy.com/f/yaheetech_f1v110230,True,Make the H1 more descriptive of the page intent.,Yaheetech,Yaheetech - Free shipping | Chewy,33,"Shop Chewy for low prices and the best products! We carry a large selection and the top brands like Frisco, Littlearth, and more. Find everything you need in one place. FREE shipping on orders $49+ and the BEST customer service!",228,,Yaheetech,1,yaheetech,True,True,False,False,False,False,False,False,325,339,3,good,1684.0,good,0.07,,,,,,,,,,1.0
HVF,H1,H1 is too generic,https://www.chewy.com/f/homagico_f1v24502,True,Make the H1 more descriptive of the page intent.,HOMAGICO,HOMAGICO - Free shipping | Chewy,32,"Shop Chewy for low prices and the best products! We carry a large selection and the top brands like Frisco, Littlearth, and more. Find everything you need in one place. FREE shipping on orders $49+ and the BEST customer service!",228,,HOMAGICO,1,homagico,True,True,False,False,False,False,False,False,126,340,3,,,,,,,,,,,,,,
HVF,H1,H1 is too generic,https://www.chewy.com/f/truranch_f1v291865,True,Make the H1 more descriptive of the page intent.,TruRanch,TruRanch - Free shipping | Chewy,32,"Shop Chewy for low prices and the best products! We carry a large selection and the top brands like Frisco, Littlearth, and more. Find everything you need in one place. FREE shipping on orders $49+ and the BEST customer service!",228,,TruRanch,1,truranch,True,True,False,False,False,False,False,False,44,339,3,,,,,,,,,,,,,,1.0
HVF,H1,H1 is too generic,https://www.chewy.com/f/dandylion_f1v501870,True,Make the H1 more descriptive of the page intent.,Dandylion,Dandylion - Free shipping | Chewy,33,"Shop Chewy for low prices and the best products! We carry a large selection and the top brands like Frisco, Littlearth, and more. Find everything you need in one place. FREE shipping on orders $49+ and the BEST customer service!",228,dandylion,Dandylion,1,dandylion,True,True,False,False,False,False,False,False,20,319,3,,,,,,,1,1,16.0,0,1,0,0,1.0
HVF,H1,H1 is too generic,https://www.chewy.com/f/equinavia_f1v19398,True,Make the H1 more descriptive of the page intent.,Equinavia,Equinavia - Free shipping | Chewy,33,"Shop Chewy for low prices and the best products! We carry a large selection and the top brands like Frisco, Littlearth, and more. Find everything you need in one place. FREE shipping on orders $49+ and the BEST customer service!",228,,Equinavia,1,equinavia,True,True,False,False,False,False,False,False,1821,339,3,,,,,,,,,,,,,,1.0
HVF,H1,H1 is too generic,https://www.chewy.com/f/woodlink_f1v18734,True,Make the H1 more descriptive of the page intent.,Woodlink,Woodlink - Free shipping | Chewy,32,"Shop Chewy for low prices and the best products! We carry a large selection and the top brands like Frisco, Littlearth, and more. Find everything you need in one place. FREE shipping on orders $49+ and the BEST customer service!",228,,Woodlink,1,woodlink,True,True,False,False,False,False,False,False,19,321,3,,,,,,,,,,,,,,1.0
HVF,H1,H1 is too generic,https://www.chewy.com/f/kseroo_f1v25406,True,Make the H1 more descriptive of the page intent.,Kseroo,Kseroo - Free shipping | Chewy,30,"Shop Chewy for low prices and the best products! We carry a large selection and the top brands like Frisco, Littlearth, and more. Find everything you need in one place. FREE shipping on orders $49+ and the BEST customer service!",228,,Kseroo,1,kseroo,True,True,False,False,False,False,False,False,679,339,3,,,,,,,,,,,,,,1.0
HVF,H1,H1 is too generic,https://www.chewy.com/f/protecto_f1v21646,True,Make the H1 more descriptive of the page intent.,Protecto,Protecto - Free shipping | Chewy,32,"Shop Chewy for low prices and the best products! We carry a large selection and the top brands like Frisco, Littlearth, and more. Find everything you need in one place. FREE shipping on orders $49+ and the BEST customer service!",228,,Protecto,1,protecto,True,True,False,False,False,False,False,False,79,333,3,,,,,,,,,,,,,,1.0
HVF,H1,H1 is too generic,https://www.chewy.com/f/vila_f1v434420,True,Make the H1 more descriptive of the page intent.,Vila,Vila - Free shipping | Chewy,28,"Shop Chewy for low prices and the best products! We carry a large selection and the top brands like Frisco, Littlearth, and more. Find everything you need in one place. FREE shipping on orders $49+ and the BEST customer service!",228,,Vila,1,vila,True,True,False,False,False,False,False,False,44,340,3,,,,,,,,,,,,,,1.0
HVF,H1,H1 is too generic,https://www.chewy.com/f/heath_f1v328176,True,Make the H1 more descriptive of the page intent.,Heath,Heath - Free shipping | Chewy,29,"Shop Chewy for low prices and the best products! We carry a large selection and the top brands like Frisco, Littlearth, and more. Find everything you need in one place. FREE shipping on orders $49+ and the BEST customer service!",228,,Heath,1,heath,True,True,False,False,False,False,False,False,47,339,3,,,,,,,,,,,,,,1.0
HVF,H1,H1 is too generic,https://www.chewy.com/f/heusom_f1v38038,True,Make the H1 more descriptive of the page intent.,Heusom,Heusom - Free shipping | Chewy,30,"Shop Chewy for low prices and the best products! We carry a large selection and the top brands like Frisco, Littlearth, and more. Find everything you need in one place. FREE shipping on orders $49+ and the BEST customer service!",228,,Heusom,1,heusom,True,False,False,False,False,False,False,False,4,306,3,,,,,,,,,,,,,,
HVF,H1,H1 is too generic,https://www.chewy.com/f/nickerdoodles_f1v859105,True,Make the H1 more descriptive of the page intent.,NickerDoodles,NickerDoodles - Free shipping | Chewy,37,"Shop Chewy for low prices and the best products! We carry a large selection and the top brands like Frisco, Littlearth, and more. Find everything you need in one place. FREE shipping on orders $49+ and the BEST customer service!",228,,NickerDoodles,1,nickerdoodles,,False,False,False,False,False,False,False,4,304,3,,,,,,,,,,,,,,
HVF,H1,H1 is too generic,https://www.chewy.com/f/domipet_f1v38294,True,Make the H1 more descriptive of the page intent.,DOMIPET,DOMIPET - Free shipping | Chewy,31,"Shop Chewy for low prices and the best products! We carry a large selection and the top brands like Frisco, Littlearth, and more. Find everything you need in one place. FREE shipping on orders $49+ and the BEST customer service!",228,,DOMIPET,1,domipet,True,True,False,False,False,False,False,False,12,311,3,,,,,,,,,,,,,,1.0
HVF,H1,H1 is too generic,https://www.chewy.com/f/ecostrong_f1v191778,True,Make the H1 more descriptive of the page intent.,EcoStrong,EcoStrong - Free shipping | Chewy,33,"Shop Chewy for low prices and the best products! We carry a large selection and the top brands like Frisco, Littlearth, and more. Find everything you need in one place. FREE shipping on orders $49+ and the BEST customer service!",228,ecostrong,EcoStrong,1,ecostrong,True,True,False,False,False,False,False,False,26,318,3,,,,,,,1,1,14.0,0,1,0,0,1.0
HVF,H1,H1 is too generic,https://www.chewy.com/f/shele_f1v108134,True,Make the H1 more descriptive of the page intent.,Shele,Shele - Free shipping | Chewy,29,"Shop Chewy for low prices and the best products! We carry a large selection and the top brands like Frisco, Littlearth, and more. Find everything you need in one place. FREE shipping on orders $49+ and the BEST customer service!",228,,Shele,1,shele,True,True,False,False,False,False,False,False,24,319,3,,,,,,,,,,,,,,1.0
HVF,H1,H1 is too generic,https://www.chewy.com/f/bellyguard_f1v403705,True,Make the H1 more descriptive of the page intent.,BellyGuard,BellyGuard - Free shipping | Chewy,34,"Shop Chewy for low prices and the best products! We carry a large selection and the top brands like Frisco, Littlearth, and more. Find everything you need in one place. FREE shipping on orders $49+ and the BEST customer service!",228,,BellyGuard,1,bellyguard,True,True,False,False,False,False,False,False,23,306,3,,,,,,,,,,,,,,1.0
HVF,H1,H1 is too generic,https://www.chewy.com/f/vitafur_f1v503867,True,Make the H1 more descriptive of the page intent.,Vitafur,Vitafur - Free shipping | Chewy,31,"Shop Chewy for low prices and the best products! We carry a large selection and the top brands like Frisco, Littlearth, and more. Find everything you need in one place. FREE shipping on orders $49+ and the BEST customer service!",228,,Vitafur,1,vitafur,True,True,False,False,False,False,False,False,18,320,3,,,,,,,,,,,,,,1.0
HVF,H1,H1 is too generic,https://www.chewy.com/f/bute_f1v498122,True,Make the H1 more descriptive of the page intent.,Bute,Bute - Free shipping | Chewy,28,"Shop Chewy for low prices and the best products! We carry a large selection and the top brands like Frisco, Littlearth, and more. Find everything you need in one place. FREE shipping on orders $49+ and the BEST customer service!",228,,Bute,1,bute,,False,False,False,False,False,False,False,6,305,3,,,,,,,,,,,,,,
HVF,H1,H1 is too generic,https://www.chewy.com/f/formula-707_f1v390854,True,Make the H1 more descriptive of the page intent.,Formula 707,Formula 707 - Free shipping | Chewy,35,"Shop Chewy for low prices and the best products! We carry a large selection and the top brands like Frisco, Littlearth, and more. Find everything you need in one place. FREE shipping on orders $49+ and the BEST customer service!",228,,Formula 707,1,formula,True,True,False,False,False,False,False,False,32,324,3,,,,,,,,,,,,,,1.0
HVF,H1,H1 is too generic,https://www.chewy.com/f/levetiracetam_f1v291450,True,Make the H1 more descriptive of the page intent.,Levetiracetam,Levetiracetam - Free shipping | Chewy,37,"Shop Chewy for low prices and the best products! We carry a large selection and the top brands like Frisco, Littlearth, and more. Find everything you need in one place. FREE shipping on orders $49+ and the BEST customer service!",228,,Levetiracetam,1,levetiracetam,True,True,False,False,False,False,False,False,33,306,3,,,,,,,,,,,,,,4.0
HVF,H1,H1 is too generic,https://www.chewy.com/f/normosol-r_f1v433276,True,Make the H1 more descriptive of the page intent.,Normosol-R,Normosol-R - Free shipping | Chewy,34,"Shop Chewy for low prices and the best products! We carry a large selection and the top brands like Frisco, Littlearth, and more. Find everything you need in one place. FREE shipping on orders $49+ and the BEST customer service!",228,,Normosol-R,1,normosol-r,,False,False,False,False,False,False,False,3,304,3,,,,,,,,,,,,,,
HVF,H1,H1 is too generic,https://www.chewy.com/f/pyranha_f1v121339,True,Make the H1 more descriptive of the page intent.,Pyranha,Pyranha - Free shipping | Chewy,31,"Shop Chewy for low prices and the best products! We carry a large selection and the top brands like Frisco, Littlearth, and more. Find everything you need in one place. FREE shipping on orders $49+ and the BEST customer service!",228,,Pyranha,1,pyranha,True,True,False,False,False,False,False,False,36,320,3,,,,,,,,,,,,,,1.0
HVF,H1,H1 is too generic,https://www.chewy.com/f/luciphia_f1v29718,True,Make the H1 more descriptive of the page intent.,Luciphia,Luciphia - Free shipping | Chewy,32,"Shop Chewy for low prices and the best products! We carry a large selection and the top brands like Frisco, Littlearth, and more. Find everything you need in one place. FREE shipping on orders $49+ and the BEST customer service!",228,,Luciphia,1,luciphia,True,True,False,False,False,False,False,False,119,321,3,,,,,,,,,,,,,,1.0
HVF,H1,H1 is too generic,https://www.chewy.com/f/funxplore_f1v22662,True,Make the H1 more descriptive of the page intent.,FunXplore,FunXplore - Free shipping | Chewy,33,"Shop Chewy for low prices and the best products! We carry a large selection and the top brands like Frisco, Littlearth, and more. Find everything you need in one place. FREE shipping on orders $49+ and the BEST customer service!",228,,FunXplore,1,funxplore,True,True,False,False,False,False,False,False,38,334,3,,,,,,,,,,,,,,1.0
HVF,H1,H1 is too generic,https://www.chewy.com/f/tobramycin_f1v259804,True,Make the H1 more descriptive of the page intent.,Tobramycin,Tobramycin - Free shipping | Chewy,34,"Shop Chewy for low prices and the best products! We carry a large selection and the top brands like Frisco, Littlearth, and more. Find everything you need in one place. FREE shipping on orders $49+ and the BEST customer service!",228,,Tobramycin,1,tobramycin,,False,False,False,False,False,False,False,2,304,3,,,,,,,,,,,,,,
HVF,H1,H1 is too generic,https://www.chewy.com/f/adengl_f1v29886,True,Make the H1 more descriptive of the page intent.,ADENGL,ADENGL - Free shipping | Chewy,30,"Shop Chewy for low prices and the best products! We carry a large selection and the top brands like Frisco, Littlearth, and more. Find everything you need in one place. FREE shipping on orders $49+ and the BEST customer service!",228,,ADENGL,1,adengl,True,True,False,False,False,False,False,False,31,326,3,,,,,,,,,,,,,,1.0
HVF,H1,H1 is too generic,https://www.chewy.com/f/mixjoy_f1v30542,True,Make the H1 more descriptive of the page intent.,MIXJOY,MIXJOY - Free shipping | Chewy,30,"Shop Chewy for low prices and the best products! We carry a large selection and the top brands like Frisco, Littlearth, and more. Find everything you need in one place. FREE shipping on orders $49+ and the BEST customer service!",228,,MIXJOY,1,mixjoy,True,True,False,False,False,False,False,False,187,339,3,,,,,,,,,,,,,,1.0
HVF,H1,H1 is too generic,https://www.chewy.com/f/bedsure_f1v18406,True,Make the H1 more descriptive of the page intent.,Bedsure,Bedsure - Free shipping | Chewy,31,"Shop Chewy for low prices and the best products! We carry a large selection and the top brands like Frisco, Littlearth, and more. Find everything you need in one place. FREE shipping on orders $49+ and the BEST customer service!",228,,Bedsure,1,bedsure,True,True,False,False,False,False,False,False,292,340,3,good,1730.0,good,0.09,,,,,,,,,,2.0
HVF,H1,H1 is too generic,https://www.chewy.com/f/clavacillin_f1v393844,True,Make the H1 more descriptive of the page intent.,Clavacillin,Clavacillin - Free shipping | Chewy,35,"Shop Chewy for low prices and the best products! We carry a large selection and the top brands like Frisco, Littlearth, and more. Find everything you need in one place. FREE shipping on orders $49+ and the BEST customer service!",228,,Clavacillin,1,clavacillin,,False,False,False,False,False,False,False,17,304,3,,,,,,,,,,,,,,
HVF,H1,H1 is too generic,https://www.chewy.com/f/ramard_f1v226819,True,Make the H1 more descriptive of the page intent.,Ramard,Ramard - Free shipping | Chewy,30,"Shop Chewy for low prices and the best products! We carry a large selection and the top brands like Frisco, Littlearth, and more. Find everything you need in one place. FREE shipping on orders $49+ and the BEST customer service!",228,ramard,Ramard,1,ramard,True,True,False,False,False,False,False,False,14,315,3,,,,,,,1,1,14.0,0,1,0,0,1.0
HVF,H1,H1 is too generic,https://www.chewy.com/f/flockleader_f1v458955,True,Make the H1 more descriptive of the page intent.,FlockLeader,FlockLeader - Free shipping | Chewy,35,"Shop Chewy for low prices and the best products! We carry a large selection and the top brands like Frisco, Littlearth, and more. Find everything you need in one place. FREE shipping on orders $49+ and the BEST customer service!",228,,FlockLeader,1,flockleader,True,True,False,False,False,False,False,False,15,313,3,,,,,,,,,,,,,,1.0
HVF,H1,H1 is too generic,https://www.chewy.com/f/pow_f1v33398,True,Make the H1 more descriptive of the page intent.,POW,POW - Free shipping | Chewy,27,"Shop Chewy for low prices and the best products! We carry a large selection and the top brands like Frisco, Littlearth, and more. Find everything you need in one place. FREE shipping on orders $49+ and the BEST customer service!",228,,POW,1,pow,True,True,False,False,False,False,False,False,7,309,3,,,,,,,,,,,,,,
HVF,H1,H1 is too generic,https://www.chewy.com/f/woolite_f1v37678,True,Make the H1 more descriptive of the page intent.,Woolite,Woolite - Free shipping | Chewy,31,"Shop Chewy for low prices and the best products! We carry a large selection and the top brands like Frisco, Littlearth, and more. Find everything you need in one place. FREE shipping on orders $49+ and the BEST customer service!",228,,Woolite,1,woolite,,False,False,False,False,False,False,False,3,306,3,,,,,,,,,,,,,,
HVF,H1,H1 is too generic,https://www.chewy.com/f/yarty_f1v28774,True,Make the H1 more descriptive of the page intent.,Yarty,Yarty - Free shipping | Chewy,29,"Shop Chewy for low prices and the best products! We carry a large selection and the top brands like Frisco, Littlearth, and more. Find everything you need in one place. FREE shipping on orders $49+ and the BEST customer service!",228,,Yarty,1,yarty,True,True,False,False,False,False,False,False,15,309,3,,,,,,,,,,,,,,
HVF,H1,H1 is too generic,https://www.chewy.com/f/petbeing_f1v21574,True,Make the H1 more descriptive of the page intent.,PetBeing,PetBeing - Free shipping | Chewy,32,"Shop Chewy for low prices and the best products! We carry a large selection and the top brands like Frisco, Littlearth, and more. Find everything you need in one place. FREE shipping on orders $49+ and the BEST customer service!",228,,PetBeing,1,petbeing,True,True,False,False,False,False,False,False,26,320,3,,,,,,,,,,,,,,1.0
HVF,H1,H1 is too generic,https://www.chewy.com/f/petami_f1v182947,True,Make the H1 more descriptive of the page intent.,PetAmi,PetAmi - Free shipping | Chewy,30,"Shop Chewy for low prices and the best products! We carry a large selection and the top brands like Frisco, Littlearth, and more. Find everything you need in one place. FREE shipping on orders $49+ and the BEST customer service!",228,petami,PetAmi,1,petami,True,True,False,False,False,False,False,False,491,339,3,,,,,,,1,1,7.0,1,0,0,0,2.0
HVF,H1,H1 is too generic,https://www.chewy.com/f/timolol_f1v215573,True,Make the H1 more descriptive of the page intent.,Timolol,Timolol - Free shipping | Chewy,31,"Shop Chewy for low prices and the best products! We carry a large selection and the top brands like Frisco, Littlearth, and more. Find everything you need in one place. FREE shipping on orders $49+ and the BEST customer service!",228,,Timolol,1,timolol,,False,False,False,False,False,False,False,5,305,3,,,,,,,,,,,,,,
HVF,H1,H1 is too generic,https://www.chewy.com/f/dac_f1v178473,True,Make the H1 more descriptive of the page intent.,DAC,DAC - Free shipping | Chewy,27,"Shop Chewy for low prices and the best products! We carry a large selection and the top brands like Frisco, Littlearth, and more. Find everything you need in one place. FREE shipping on orders $49+ and the BEST customer service!",228,,DAC,1,dac,True,True,False,False,False,False,False,False,18,315,3,,,,,,,,,,,,,,1.0
HVF,H1,H1 is too generic,https://www.chewy.com/f/hh-pets_f1v251942,True,Make the H1 more descriptive of the page intent.,H&H Pets,H&H Pets - Free shipping | Chewy,32,"Shop Chewy for low prices and the best products! We carry a large selection and the top brands like Frisco, Littlearth, and more. Find everything you need in one place. FREE shipping on orders $49+ and the BEST customer service!",228,handh pets,H&H Pets,1,hh-pets,True,True,False,False,False,False,False,False,33,323,3,,,,,,,1,1,4.0,1,0,0,0,1.0
HVF,H1,H1 is too generic,https://www.chewy.com/f/fluoxetine_f1v352365,True,Make the H1 more descriptive of the page intent.,Fluoxetine,Fluoxetine - Free shipping | Chewy,34,"Shop Chewy for low prices and the best products! We carry a large selection and the top brands like Frisco, Littlearth, and more. Find everything you need in one place. FREE shipping on orders $49+ and the BEST customer service!",228,,Fluoxetine,1,fluoxetine,True,True,False,False,False,False,False,False,30,306,3,,,,,,,,,,,,,,2.0
HVF,H1,H1 is too generic,https://www.chewy.com/f/dopzer_f1v33270,True,Make the H1 more descriptive of the page intent.,DOPZER,DOPZER - Free shipping | Chewy,30,"Shop Chewy for low prices and the best products! We carry a large selection and the top brands like Frisco, Littlearth, and more. Find everything you need in one place. FREE shipping on orders $49+ and the BEST customer service!",228,,DOPZER,1,dopzer,True,True,False,False,False,False,False,False,142,340,3,,,,,,,,,,,,,,1.0
HVF,H1,H1 is too generic,https://www.chewy.com/f/globlazer_f1v22102,True,Make the H1 more descriptive of the page intent.,Globlazer,Globlazer - Free shipping | Chewy,33,"Shop Chewy for low prices and the best products! We carry a large selection and the top brands like Frisco, Littlearth, and more. Find everything you need in one place. FREE shipping on orders $49+ and the BEST customer service!",228,,Globlazer,1,globlazer,True,False,False,False,False,False,False,False,74,328,3,,,,,,,,,,,,,,1.0
HVF,H1,H1 is too generic,https://www.chewy.com/f/thrushbuster_f1v23870,True,Make the H1 more descriptive of the page intent.,Thrushbuster,Thrushbuster - Free shipping | Chewy,36,"Shop Chewy for low prices and the best products! We carry a large selection and the top brands like Frisco, Littlearth, and more. Find everything you need in one place. FREE shipping on orders $49+ and the BEST customer service!",228,,Thrushbuster,1,thrushbuster,,False,False,False,False,False,False,False,2,304,3,,,,,,,,,,,,,,
HVF,H1,H1 is too generic,https://www.chewy.com/f/petajoy_f1v31158,True,Make the H1 more descriptive of the page intent.,Petajoy,Petajoy - Free shipping | Chewy,31,"Shop Chewy for low prices and the best products! We carry a large selection and the top brands like Frisco, Littlearth, and more. Find everything you need in one place. FREE shipping on orders $49+ and the BEST customer service!",228,,Petajoy,1,petajoy,True,True,False,False,False,False,False,False,26,319,3,,,,,,,,,,,,,,1.0
HVF,H1,H1 is too generic,https://www.chewy.com/f/coziwow_f1v849429,True,Make the H1 more descriptive of the page intent.,Coziwow,Coziwow - Free shipping | Chewy,31,"Shop Chewy for low prices and the best products! We carry a large selection and the top brands like Frisco, Littlearth, and more. Find everything you need in one place. FREE shipping on orders $49+ and the BEST customer service!",228,coziwow,Coziwow,1,coziwow,True,True,False,False,False,False,False,False,233,340,3,,,,,,,1,1,13.0,0,1,0,0,1.0
HVF,H1,H1 is too generic,https://www.chewy.com/f/scrubby_f1v504724,True,Make the H1 more descriptive of the page intent.,Scrubby,Scrubby - Free shipping | Chewy,31,"Shop Chewy for low prices and the best products! We carry a large selection and the top brands like Frisco, Littlearth, and more. Find everything you need in one place. FREE shipping on orders $49+ and the BEST customer service!",228,,Scrubby,1,scrubby,,False,False,False,False,False,False,False,4,305,3,,,,,,,,,,,,,,
HVF,H1,H1 is too generic,https://www.chewy.com/f/petlovers_f1v24830,True,Make the H1 more descriptive of the page intent.,PetLovers,PetLovers - Free shipping | Chewy,33,"Shop Chewy for low prices and the best products! We carry a large selection and the top brands like Frisco, Littlearth, and more. Find everything you need in one place. FREE shipping on orders $49+ and the BEST customer service!",228,,PetLovers,1,petlovers,,False,False,False,False,False,False,False,4,304,3,,,,,,,,,,,,,,
HVF,H1,H1 is too generic,https://www.chewy.com/f/dorzolamide_f1v538052,True,Make the H1 more descriptive of the page intent.,Dorzolamide,Dorzolamide - Free shipping | Chewy,35,"Shop Chewy for low prices and the best products! We carry a large selection and the top brands like Frisco, Littlearth, and more. Find everything you need in one place. FREE shipping on orders $49+ and the BEST customer service!",228,,Dorzolamide,1,dorzolamide,,False,False,False,False,False,False,False,4,305,3,,,,,,,,,,,,,,
HVF,H1,H1 is too generic,https://www.chewy.com/f/zycosan_f1v508429,True,Make the H1 more descriptive of the page intent.,Zycosan,Zycosan - Free shipping | Chewy,31,"Shop Chewy for low prices and the best products! We carry a large selection and the top brands like Frisco, Littlearth, and more. Find everything you need in one place. FREE shipping on orders $49+ and the BEST customer service!",228,,Zycosan,1,zycosan,,False,False,False,False,False,False,False,3,304,3,,,,,,,,,,,,,,
HVF,H1,H1 is too generic,https://www.chewy.com/f/onizoomi_f1v22990,True,Make the H1 more descriptive of the page intent.,ONIZOOMI,ONIZOOMI - Free shipping | Chewy,32,"Shop Chewy for low prices and the best products! We carry a large selection and the top brands like Frisco, Littlearth, and more. Find everything you need in one place. FREE shipping on orders $49+ and the BEST customer service!",228,,ONIZOOMI,1,onizoomi,True,True,False,False,False,False,False,False,18,318,3,,,,,,,,,,,,,,1.0
HVF,H1,H1 is too generic,https://www.chewy.com/f/ring_f1v462253,True,Make the H1 more descriptive of the page intent.,Ring,Ring - Free shipping | Chewy,28,"Shop Chewy for low prices and the best products! We carry a large selection and the top brands like Frisco, Littlearth, and more. Find everything you need in one place. FREE shipping on orders $49+ and the BEST customer service!",228,,Ring,1,ring,True,True,False,False,False,False,False,False,21,318,3,,,,,,,,,,,,,,1.0
HVF,H1,H1 is too generic,https://www.chewy.com/f/northfin_f1v803148,True,Make the H1 more descriptive of the page intent.,NorthFin,NorthFin - Free shipping | Chewy,32,"Shop Chewy for low prices and the best products! We carry a large selection and the top brands like Frisco, Littlearth, and more. Find everything you need in one place. FREE shipping on orders $49+ and the BEST customer service!",228,northfin,NorthFin,1,northfin,True,True,False,False,False,False,False,False,79,332,3,,,,,,,1,1,11.0,0,1,0,0,1.0
HVF,H1,H1 is too generic,https://www.chewy.com/f/gargeer_f1v19630,True,Make the H1 more descriptive of the page intent.,Gargeer,Gargeer - Free shipping | Chewy,31,"Shop Chewy for low prices and the best products! We carry a large selection and the top brands like Frisco, Littlearth, and more. Find everything you need in one place. FREE shipping on orders $49+ and the BEST customer service!",228,,Gargeer,1,gargeer,True,True,False,False,False,False,False,False,79,339,3,,,,,,,,,,,,,,1.0
HVF,H1,H1 is too generic,https://www.chewy.com/f/decflow_f1v28110,True,Make the H1 more descriptive of the page intent.,Decflow,Decflow - Free shipping | Chewy,31,"Shop Chewy for low prices and the best products! We carry a large selection and the top brands like Frisco, Littlearth, and more. Find everything you need in one place. FREE shipping on orders $49+ and the BEST customer service!",228,,Decflow,1,decflow,True,True,False,False,False,False,False,False,57,339,3,,,,,,,,,,,,,,
HVF,H1,H1 is too generic,https://www.chewy.com/f/equiderma_f1v396966,True,Make the H1 more descriptive of the page intent.,Equiderma,Equiderma - Free shipping | Chewy,33,"Shop Chewy for low prices and the best products! We carry a large selection and the top brands like Frisco, Littlearth, and more. Find everything you need in one place. FREE shipping on orders $49+ and the BEST customer service!",228,equiderma,Equiderma,1,equiderma,True,False,False,False,False,False,False,False,13,313,3,,,,,,,1,1,8.0,1,0,0,0,1.0
HVF,H1,H1 is too generic,https://www.chewy.com/f/knuti_f1v19734,True,Make the H1 more descriptive of the page intent.,KNUTI,KNUTI - Free shipping | Chewy,29,"Shop Chewy for low prices and the best products! We carry a large selection and the top brands like Frisco, Littlearth, and more. Find everything you need in one place. FREE shipping on orders $49+ and the BEST customer service!",228,,KNUTI,1,knuti,True,True,False,False,False,False,False,False,35,318,3,,,,,,,,,,,,,,
HVF,H1,H1 is too generic,https://www.chewy.com/f/deftpet_f1v30134,True,Make the H1 more descriptive of the page intent.,Deftpet,Deftpet - Free shipping | Chewy,31,"Shop Chewy for low prices and the best products! We carry a large selection and the top brands like Frisco, Littlearth, and more. Find everything you need in one place. FREE shipping on orders $49+ and the BEST customer service!",228,,Deftpet,1,deftpet,True,True,False,False,False,False,False,False,12,312,3,,,,,,,,,,,,,,1.0
HVF,H1,H1 is too generic,https://www.chewy.com/f/woodys_f1v19438,True,Make the H1 more descriptive of the page intent.,WOODY'S,WOODY'S - Free shipping | Chewy,31,"Shop Chewy for low prices and the best products! We carry a large selection and the top brands like Frisco, Littlearth, and more. Find everything you need in one place. FREE shipping on orders $49+ and the BEST customer service!",228,,WOODY'S,1,woodys,True,True,False,False,False,False,False,False,5,307,3,,,,,,,,,,,,,,1.0
HVF,H1,H1 is too generic,https://www.chewy.com/f/top-performance_f1v143251,True,Make the H1 more descriptive of the page intent.,Top Performance,Top Performance - Free shipping | Chewy,39,"Shop Chewy for low prices and the best products! We carry a large selection and the top brands like Frisco, Littlearth, and more. Find everything you need in one place. FREE shipping on orders $49+ and the BEST customer service!",228,,Top Performance,1,top-performance,True,True,False,False,False,False,False,False,106,340,3,,,,,,,,,,,,,,1.0
HVF,H1,H1 is too generic,https://www.chewy.com/f/groovies_f1v18678,True,Make the H1 more descriptive of the page intent.,Groovies,Groovies - Free shipping | Chewy,32,"Shop Chewy for low prices and the best products! We carry a large selection and the top brands like Frisco, Littlearth, and more. Find everything you need in one place. FREE shipping on orders $49+ and the BEST customer service!",228,,Groovies,1,groovies,True,True,False,False,False,False,False,False,39,314,3,,,,,,,,,,,,,,1.0
HVF,H1,H1 is too generic,https://www.chewy.com/f/doxycycline_f1v502549,True,Make the H1 more descriptive of the page intent.,Doxycycline,Doxycycline - Free shipping | Chewy,35,"Shop Chewy for low prices and the best products! We carry a large selection and the top brands like Frisco, Littlearth, and more. Find everything you need in one place. FREE shipping on orders $49+ and the BEST customer service!",228,,Doxycycline,1,doxycycline,True,False,False,False,False,False,False,False,26,306,3,,,,,,,,,,,,,,3.0
HVF,H1,H1 is too generic,https://www.chewy.com/f/ecospaw_f1v219977,True,Make the H1 more descriptive of the page intent.,EcoSpaw,EcoSpaw - Free shipping | Chewy,31,"Shop Chewy for low prices and the best products! We carry a large selection and the top brands like Frisco, Littlearth, and more. Find everything you need in one place. FREE shipping on orders $49+ and the BEST customer service!",228,,EcoSpaw,1,ecospaw,True,True,False,False,False,False,False,False,18,316,3,,,,,,,,,,,,,,1.0
HVF,H1,H1 is too generic,https://www.chewy.com/f/odoban_f1v112453,True,Make the H1 more descriptive of the page intent.,OdoBan,OdoBan - Free shipping | Chewy,30,"Shop Chewy for low prices and the best products! We carry a large selection and the top brands like Frisco, Littlearth, and more. Find everything you need in one place. FREE shipping on orders $49+ and the BEST customer service!",228,odoban,OdoBan,1,odoban,True,True,False,False,False,False,False,False,23,325,3,,,,,,,1,1,18.0,0,1,0,0,3.0
HVF,H1,H1 is too generic,https://www.chewy.com/f/happycat_f1v28462,True,Make the H1 more descriptive of the page intent.,HappyCat,HappyCat - Free shipping | Chewy,32,"Shop Chewy for low prices and the best products! We carry a large selection and the top brands like Frisco, Littlearth, and more. Find everything you need in one place. FREE shipping on orders $49+ and the BEST customer service!",228,,HappyCat,1,happycat,True,True,False,False,False,False,False,False,16,318,3,,,,,,,,,,,,,,1.0
HVF,H1,H1 is too generic,https://www.chewy.com/f/catwater_f1v362057,True,Make the H1 more descriptive of the page intent.,CatWater,CatWater - Free shipping | Chewy,32,"Shop Chewy for low prices and the best products! We carry a large selection and the top brands like Frisco, Littlearth, and more. Find everything you need in one place. FREE shipping on orders $49+ and the BEST customer service!",228,,CatWater,1,catwater,,False,False,False,False,False,False,False,4,304,3,,,,,,,,,,,,,,
HVF,H1,H1 is too generic,https://www.chewy.com/f/nurturecalm_f1v251003,True,Make the H1 more descriptive of the page intent.,NurtureCALM,NurtureCALM - Free shipping | Chewy,35,"Shop Chewy for low prices and the best products! We carry a large selection and the top brands like Frisco, Littlearth, and more. Find everything you need in one place. FREE shipping on orders $49+ and the BEST customer service!",228,,NurtureCALM,1,nurturecalm,,False,False,False,False,False,False,False,3,304,3,,,,,,,,,,,,,,
HVF,H1,H1 is too generic,https://www.chewy.com/f/adm_f1v227981,True,Make the H1 more descriptive of the page intent.,ADM,ADM - Free shipping | Chewy,27,"Shop Chewy for low prices and the best products! We carry a large selection and the top brands like Frisco, Littlearth, and more. Find everything you need in one place. FREE shipping on orders $49+ and the BEST customer service!",228,,ADM,1,adm,True,True,False,False,False,False,False,False,35,335,3,,,,,,,,,,,,,,1.0
HVF,H1,H1 is too generic,https://www.chewy.com/f/ptlom_f1v21590,True,Make the H1 more descriptive of the page intent.,Ptlom,Ptlom - Free shipping | Chewy,29,"Shop Chewy for low prices and the best products! We carry a large selection and the top brands like Frisco, Littlearth, and more. Find everything you need in one place. FREE shipping on orders $49+ and the BEST customer service!",228,,Ptlom,1,ptlom,True,True,False,False,False,False,False,False,97,320,3,,,,,,,,,,,,,,1.0
HVF,H1,H1 is too generic,https://www.chewy.com/f/helloreef_f1v19198,True,Make the H1 more descriptive of the page intent.,HelloReef,HelloReef - Free shipping | Chewy,33,"Shop Chewy for low prices and the best products! We carry a large selection and the top brands like Frisco, Littlearth, and more. Find everything you need in one place. FREE shipping on orders $49+ and the BEST customer service!",228,,HelloReef,1,helloreef,True,True,False,False,False,False,False,False,7,308,3,,,,,,,,,,,,,,1.0
HVF,H1,H1 is too generic,https://www.chewy.com/f/finfare_f1v25286,True,Make the H1 more descriptive of the page intent.,Finfare,Finfare - Free shipping | Chewy,31,"Shop Chewy for low prices and the best products! We carry a large selection and the top brands like Frisco, Littlearth, and more. Find everything you need in one place. FREE shipping on orders $49+ and the BEST customer service!",228,,Finfare,1,finfare,True,True,False,False,False,False,False,False,16,311,3,,,,,,,,,,,,,,3.0
HVF,H1,H1 is too generic,https://www.chewy.com/f/roostys_f1v31582,True,Make the H1 more descriptive of the page intent.,Roosty's,Roosty's - Free shipping | Chewy,32,"Shop Chewy for low prices and the best products! We carry a large selection and the top brands like Frisco, Littlearth, and more. Find everything you need in one place. FREE shipping on orders $49+ and the BEST customer service!",228,,Roosty's,1,roostys,True,True,False,False,False,False,False,False,4,306,3,,,,,,,,,,,,,,1.0
HVF,H1,H1 is too generic,https://www.chewy.com/f/aspca_f1v294032,True,Make the H1 more descriptive of the page intent.,ASPCA,ASPCA - Free shipping | Chewy,29,"Shop Chewy for low prices and the best products! We carry a large selection and the top brands like Frisco, Littlearth, and more. Find everything you need in one place. FREE shipping on orders $49+ and the BEST customer service!",228,,ASPCA,1,aspca,True,True,False,False,False,False,False,False,56,339,3,,,,,,,,,,,,,,2.0
HVF,H1,H1 is too generic,https://www.chewy.com/f/selarid_f1v259726,True,Make the H1 more descriptive of the page intent.,Selarid,Selarid - Free shipping | Chewy,31,"Shop Chewy for low prices and the best products! We carry a large selection and the top brands like Frisco, Littlearth, and more. Find everything you need in one place. FREE shipping on orders $49+ and the BEST customer service!",228,,Selarid,1,selarid,True,True,False,False,False,False,False,False,8,310,3,,,,,,,,,,,,,,1.0
HVF,H1,H1 is too generic,https://www.chewy.com/f/birdology_f1v26990,True,Make the H1 more descriptive of the page intent.,Birdology,Birdology - Free shipping | Chewy,33,"Shop Chewy for low prices and the best products! We carry a large selection and the top brands like Frisco, Littlearth, and more. Find everything you need in one place. FREE shipping on orders $49+ and the BEST customer service!",228,,Birdology,1,birdology,True,True,False,False,False,False,False,False,20,318,3,,,,,,,,,,,,,,1.0
HVF,H1,H1 is too generic,https://www.chewy.com/f/atrix_f1v18862,True,Make the H1 more descriptive of the page intent.,Atrix,Atrix - Free shipping | Chewy,29,"Shop Chewy for low prices and the best products! We carry a large selection and the top brands like Frisco, Littlearth, and more. Find everything you need in one place. FREE shipping on orders $49+ and the BEST customer service!",228,,Atrix,1,atrix,True,True,False,False,False,False,False,False,22,325,3,,,,,,,,,,,,,,1.0
HVF,H1,H1 is too generic,https://www.chewy.com/f/aumuca_f1v20022,True,Make the H1 more descriptive of the page intent.,aumuca,aumuca - Free shipping | Chewy,30,"Shop Chewy for low prices and the best products! We carry a large selection and the top brands like Frisco, Littlearth, and more. Find everything you need in one place. FREE shipping on orders $49+ and the BEST customer service!",228,,aumuca,1,aumuca,True,True,False,False,False,False,False,False,13,311,3,,,,,,,,,,,,,,1.0
HVF,H1,H1 is too generic,https://www.chewy.com/f/easotic_f1v145847,True,Make the H1 more descriptive of the page intent.,Easotic,Easotic - Free shipping | Chewy,31,"Shop Chewy for low prices and the best products! We carry a large selection and the top brands like Frisco, Littlearth, and more. Find everything you need in one place. FREE shipping on orders $49+ and the BEST customer service!",228,,Easotic,1,easotic,,False,False,False,False,False,False,False,2,304,3,,,,,,,,,,,,,,
HVF,H1,H1 is too generic,https://www.chewy.com/f/kylinsure_f1v25182,True,Make the H1 more descriptive of the page intent.,Kylinsure,Kylinsure - Free shipping | Chewy,33,"Shop Chewy for low prices and the best products! We carry a large selection and the top brands like Frisco, Littlearth, and more. Find everything you need in one place. FREE shipping on orders $49+ and the BEST customer service!",228,,Kylinsure,1,kylinsure,True,True,False,False,False,False,False,False,159,326,3,,,,,,,,,,,,,,1.0
HVF,H1,H1 is too generic,https://www.chewy.com/f/norbrook_f1v22638,True,Make the H1 more descriptive of the page intent.,Norbrook,Norbrook - Free shipping | Chewy,32,"Shop Chewy for low prices and the best products! We carry a large selection and the top brands like Frisco, Littlearth, and more. Find everything you need in one place. FREE shipping on orders $49+ and the BEST customer service!",228,,Norbrook,1,norbrook,True,True,False,False,False,False,False,False,11,307,3,,,,,,,,,,,,,,
HVF,H1,H1 is too generic,https://www.chewy.com/f/feandrea_f1v328011,True,Make the H1 more descriptive of the page intent.,FEANDREA,FEANDREA - Free shipping | Chewy,32,"Shop Chewy for low prices and the best products! We carry a large selection and the top brands like Frisco, Littlearth, and more. Find everything you need in one place. FREE shipping on orders $49+ and the BEST customer service!",228,feandrea,FEANDREA,1,feandrea,True,True,False,False,False,False,False,False,149,339,3,,,,,,,1,1,9.0,1,0,0,0,3.0
HVF,H1,H1 is too generic,https://www.chewy.com/f/ellenpent_f1v27118,True,Make the H1 more descriptive of the page intent.,Ellenpent,Ellenpent - Free shipping | Chewy,33,"Shop Chewy for low prices and the best products! We carry a large selection and the top brands like Frisco, Littlearth, and more. Find everything you need in one place. FREE shipping on orders $49+ and the BEST customer service!",228,,Ellenpent,1,ellenpent,True,True,False,False,False,False,False,False,10,309,3,,,,,,,,,,,,,,1.0
HVF,H1,H1 is too generic,https://www.chewy.com/f/oase_f1v34094,True,Make the H1 more descriptive of the page intent.,Oase,Oase - Free shipping | Chewy,28,"Shop Chewy for low prices and the best products! We carry a large selection and the top brands like Frisco, Littlearth, and more. Find everything you need in one place. FREE shipping on orders $49+ and the BEST customer service!",228,,Oase,1,oase,True,True,False,False,False,False,False,False,21,323,3,,,,,,,,,,,,,,1.0
HVF,H1,H1 is too generic,https://www.chewy.com/f/icelandic_f1v815111,True,Make the H1 more descriptive of the page intent.,Icelandic+,Icelandic+ - Free shipping | Chewy,34,"Shop Chewy for low prices and the best products! We carry a large selection and the top brands like Frisco, Littlearth, and more. Find everything you need in one place. FREE shipping on orders $49+ and the BEST customer service!",228,icelandic dog treats,Icelandic+,1,icelandic,True,False,False,False,False,False,False,False,77,339,3,,,,,,,2,2,12.0,1,1,0,0,1.0
HVF,H1,H1 is too generic,https://www.chewy.com/f/bonkers_f1v361161,True,Make the H1 more descriptive of the page intent.,BONKERS,BONKERS - Free shipping | Chewy,31,"Shop Chewy for low prices and the best products! We carry a large selection and the top brands like Frisco, Littlearth, and more. Find everything you need in one place. FREE shipping on orders $49+ and the BEST customer service!",228,,BONKERS,1,bonkers,True,True,False,False,False,False,False,False,54,339,3,,,,,,,,,,,,,,7.0
HVF,H1,H1 is too generic,https://www.chewy.com/f/boyd_f1v528124,True,Make the H1 more descriptive of the page intent.,Boyd,Boyd - Free shipping | Chewy,28,"Shop Chewy for low prices and the best products! We carry a large selection and the top brands like Frisco, Littlearth, and more. Find everything you need in one place. FREE shipping on orders $49+ and the BEST customer service!",228,,Boyd,1,boyd,True,True,False,False,False,False,False,False,26,314,3,,,,,,,,,,,,,,1.0
HVF,H1,H1 is too generic,https://www.chewy.com/f/furrihop_f1v33934,True,Make the H1 more descriptive of the page intent.,FurriHop,FurriHop - Free shipping | Chewy,32,"Shop Chewy for low prices and the best products! We carry a large selection and the top brands like Frisco, Littlearth, and more. Find everything you need in one place. FREE shipping on orders $49+ and the BEST customer service!",228,,FurriHop,1,furrihop,True,True,False,False,False,False,False,False,15,315,3,,,,,,,,,,,,,,
HVF,H1,H1 is too generic,https://www.chewy.com/f/forticept_f1v357417,True,Make the H1 more descriptive of the page intent.,Forticept,Forticept - Free shipping | Chewy,33,"Shop Chewy for low prices and the best products! We carry a large selection and the top brands like Frisco, Littlearth, and more. Find everything you need in one place. FREE shipping on orders $49+ and the BEST customer service!",228,,Forticept,1,forticept,True,True,False,False,False,False,False,False,10,311,3,,,,,,,,,,,,,,1.0
HVF,H1,H1 is too generic,https://www.chewy.com/f/petsmont_f1v457853,True,Make the H1 more descriptive of the page intent.,Petsmont,Petsmont - Free shipping | Chewy,32,"Shop Chewy for low prices and the best products! We carry a large selection and the top brands like Frisco, Littlearth, and more. Find everything you need in one place. FREE shipping on orders $49+ and the BEST customer service!",228,petsmont,Petsmont,1,petsmont,True,True,False,False,False,False,False,False,8,309,3,,,,,,,1,1,7.0,1,0,0,0,2.0
HVF,H1,H1 is too generic,https://www.chewy.com/f/oopsdoggy_f1v26798,True,Make the H1 more descriptive of the page intent.,OOPSDOGGY,OOPSDOGGY - Free shipping | Chewy,33,"Shop Chewy for low prices and the best products! We carry a large selection and the top brands like Frisco, Littlearth, and more. Find everything you need in one place. FREE shipping on orders $49+ and the BEST customer service!",228,,OOPSDOGGY,1,oopsdoggy,True,True,False,False,False,False,False,False,300,321,3,,,,,,,,,,,,,,2.0
HVF,H1,H1 is too generic,https://www.chewy.com/f/cheerpals_f1v29878,True,Make the H1 more descriptive of the page intent.,CheerPals,CheerPals - Free shipping | Chewy,33,"Shop Chewy for low prices and the best products! We carry a large selection and the top brands like Frisco, Littlearth, and more. Find everything you need in one place. FREE shipping on orders $49+ and the BEST customer service!",228,,CheerPals,1,cheerpals,True,True,False,False,False,False,False,False,46,326,3,,,,,,,,,,,,,,3.0
HVF,H1,H1 is too generic,https://www.chewy.com/f/cyclosporine_f1v463251,True,Make the H1 more descriptive of the page intent.,Cyclosporine,Cyclosporine - Free shipping | Chewy,36,"Shop Chewy for low prices and the best products! We carry a large selection and the top brands like Frisco, Littlearth, and more. Find everything you need in one place. FREE shipping on orders $49+ and the BEST customer service!",228,,Cyclosporine,1,cyclosporine,,False,False,False,False,False,False,False,21,305,3,,,,,,,,,,,,,,
HVF,H1,H1 is too generic,https://www.chewy.com/f/instinct_f1v397386,True,Make the H1 more descriptive of the page intent.,Instinct,Instinct - Free shipping | Chewy,32,"Shop Chewy for low prices and the best products! We carry a large selection and the top brands like Frisco, Littlearth, and more. Find everything you need in one place. FREE shipping on orders $49+ and the BEST customer service!",228,,Instinct,1,instinct,True,False,False,False,False,False,False,False,287,339,3,,,,,,,,,,,,,,
HVF,H1,H1 is too generic,https://www.chewy.com/f/redmond_f1v295943,True,Make the H1 more descriptive of the page intent.,Redmond,Redmond - Free shipping | Chewy,31,"Shop Chewy for low prices and the best products! We carry a large selection and the top brands like Frisco, Littlearth, and more. Find everything you need in one place. FREE shipping on orders $49+ and the BEST customer service!",228,,Redmond,1,redmond,True,True,False,False,False,False,False,False,26,324,3,,,,,,,,,,,,,,1.0
HVF,H1,H1 is too generic,https://www.chewy.com/f/rescue_f1v23646,True,Make the H1 more descriptive of the page intent.,Rescue!,Rescue! - Free shipping | Chewy,31,"Shop Chewy for low prices and the best products! We carry a large selection and the top brands like Frisco, Littlearth, and more. Find everything you need in one place. FREE shipping on orders $49+ and the BEST customer service!",228,,Rescue!,1,rescue,True,True,False,False,False,False,False,False,10,312,3,,,,,,,,,,,,,,1.0
HVF,H1,H1 is too generic,https://www.chewy.com/f/eureka_f1v116838,True,Make the H1 more descriptive of the page intent.,Eureka,Eureka - Free shipping | Chewy,30,"Shop Chewy for low prices and the best products! We carry a large selection and the top brands like Frisco, Littlearth, and more. Find everything you need in one place. FREE shipping on orders $49+ and the BEST customer service!",228,,Eureka,1,eureka,True,True,False,False,False,False,False,False,21,324,3,,,,,,,,,,,,,,1.0
HVF,H1,H1 is too generic,https://www.chewy.com/f/optiwize_f1v27758,True,Make the H1 more descriptive of the page intent.,OptiWize,OptiWize - Free shipping | Chewy,32,"Shop Chewy for low prices and the best products! We carry a large selection and the top brands like Frisco, Littlearth, and more. Find everything you need in one place. FREE shipping on orders $49+ and the BEST customer service!",228,,OptiWize,1,optiwize,True,True,False,False,False,False,False,False,9,306,3,,,,,,,,,,,,,,1.0
HVF,H1,H1 is too generic,https://www.chewy.com/f/latanoprost_f1v117029,True,Make the H1 more descriptive of the page intent.,Latanoprost,Latanoprost - Free shipping | Chewy,35,"Shop Chewy for low prices and the best products! We carry a large selection and the top brands like Frisco, Littlearth, and more. Find everything you need in one place. FREE shipping on orders $49+ and the BEST customer service!",228,,Latanoprost,1,latanoprost,,False,False,False,False,False,False,False,3,304,3,,,,,,,,,,,,,,
HVF,H1,H1 is too generic,https://www.chewy.com/f/eox_f1v25486,True,Make the H1 more descriptive of the page intent.,EOX,EOX - Free shipping | Chewy,27,"Shop Chewy for low prices and the best products! We carry a large selection and the top brands like Frisco, Littlearth, and more. Find everything you need in one place. FREE shipping on orders $49+ and the BEST customer service!",228,,EOX,1,eox,True,True,False,False,False,False,False,False,15,315,3,,,,,,,,,,,,,,
HVF,H1,H1 is too generic,https://www.chewy.com/f/invenho_f1v23182,True,Make the H1 more descriptive of the page intent.,Invenho,Invenho - Free shipping | Chewy,31,"Shop Chewy for low prices and the best products! We carry a large selection and the top brands like Frisco, Littlearth, and more. Find everything you need in one place. FREE shipping on orders $49+ and the BEST customer service!",228,,Invenho,1,invenho,True,True,False,False,False,False,False,False,129,336,3,,,,,,,,,,,,,,
HVF,H1,H1 is too generic,https://www.chewy.com/f/felanorm_f1v18358,True,Make the H1 more descriptive of the page intent.,Felanorm,Felanorm - Free shipping | Chewy,32,"Shop Chewy for low prices and the best products! We carry a large selection and the top brands like Frisco, Littlearth, and more. Find everything you need in one place. FREE shipping on orders $49+ and the BEST customer service!",228,,Felanorm,1,felanorm,,False,False,False,False,False,False,False,3,304,3,,,,,,,,,,,,,,
HVF,H1,H1 is too generic,https://www.chewy.com/f/mpco_f1v213552,True,Make the H1 more descriptive of the page intent.,MPCO,MPCO - Free shipping | Chewy,28,"Shop Chewy for low prices and the best products! We carry a large selection and the top brands like Frisco, Littlearth, and more. Find everything you need in one place. FREE shipping on orders $49+ and the BEST customer service!",228,,MPCO,1,mpco,,False,False,False,False,False,False,False,2,304,3,,,,,,,,,,,,,,
HVF,H1,H1 is too generic,https://www.chewy.com/f/coohgrubs_f1v400535,True,Make the H1 more descriptive of the page intent.,COOHGRUBS,COOHGRUBS - Free shipping | Chewy,33,"Shop Chewy for low prices and the best products! We carry a large selection and the top brands like Frisco, Littlearth, and more. Find everything you need in one place. FREE shipping on orders $49+ and the BEST customer service!",228,,COOHGRUBS,1,coohgrubs,,False,False,False,False,False,False,False,7,305,3,,,,,,,,,,,,,,
HVF,H1,H1 is too generic,https://www.chewy.com/f/tobydic_f1v19614,True,Make the H1 more descriptive of the page intent.,TOBYDIC,TOBYDIC - Free shipping | Chewy,31,"Shop Chewy for low prices and the best products! We carry a large selection and the top brands like Frisco, Littlearth, and more. Find everything you need in one place. FREE shipping on orders $49+ and the BEST customer service!",228,,TOBYDIC,1,tobydic,True,True,False,False,False,False,False,False,8,310,3,,,,,,,,,,,,,,1.0
HVF,H1,H1 is too generic,https://www.chewy.com/f/patpet_f1v401599,True,Make the H1 more descriptive of the page intent.,PATPET,PATPET - Free shipping | Chewy,30,"Shop Chewy for low prices and the best products! We carry a large selection and the top brands like Frisco, Littlearth, and more. Find everything you need in one place. FREE shipping on orders $49+ and the BEST customer service!",228,,PATPET,1,patpet,True,False,False,False,False,False,False,False,156,340,3,,,,,,,,,,,,,,1.0
HVF,H1,H1 is too generic,https://www.chewy.com/f/seedshub_f1v27710,True,Make the H1 more descriptive of the page intent.,Seedshub,Seedshub - Free shipping | Chewy,32,"Shop Chewy for low prices and the best products! We carry a large selection and the top brands like Frisco, Littlearth, and more. Find everything you need in one place. FREE shipping on orders $49+ and the BEST customer service!",228,,Seedshub,1,seedshub,True,True,False,False,False,False,False,False,10,311,3,,,,,,,,,,,,,,1.0
HVF,H1,H1 is too generic,https://www.chewy.com/f/warcat_f1v25566,True,Make the H1 more descriptive of the page intent.,WARCAT,WARCAT - Free shipping | Chewy,30,"Shop Chewy for low prices and the best products! We carry a large selection and the top brands like Frisco, Littlearth, and more. Find everything you need in one place. FREE shipping on orders $49+ and the BEST customer service!",228,,WARCAT,1,warcat,True,True,False,False,False,False,False,False,28,313,3,,,,,,,,,,,,,,1.0
HVF,H1,H1 is too generic,https://www.chewy.com/f/oiibo_f1v286358,True,Make the H1 more descriptive of the page intent.,OiiBO,OiiBO - Free shipping | Chewy,29,"Shop Chewy for low prices and the best products! We carry a large selection and the top brands like Frisco, Littlearth, and more. Find everything you need in one place. FREE shipping on orders $49+ and the BEST customer service!",228,oiibo,OiiBO,1,oiibo,True,True,False,False,False,False,False,False,17,313,3,,,,,,,1,1,2.0,1,0,0,0,1.0
HVF,H1,H1 is too generic,https://www.chewy.com/f/seaview_f1v156590,True,Make the H1 more descriptive of the page intent.,Seaview,Seaview - Free shipping | Chewy,31,"Shop Chewy for low prices and the best products! We carry a large selection and the top brands like Frisco, Littlearth, and more. Find everything you need in one place. FREE shipping on orders $49+ and the BEST customer service!",228,,Seaview,1,seaview,,False,False,False,False,False,False,False,16,305,3,,,,,,,,,,,,,,
HVF,H1,H1 is too generic,https://www.chewy.com/f/cutebone_f1v224815,True,Make the H1 more descriptive of the page intent.,CuteBone,CuteBone - Free shipping | Chewy,32,"Shop Chewy for low prices and the best products! We carry a large selection and the top brands like Frisco, Littlearth, and more. Find everything you need in one place. FREE shipping on orders $49+ and the BEST customer service!",228,,CuteBone,1,cutebone,True,True,False,False,False,False,False,False,397,339,3,,,,,,,,,,,,,,
HVF,H1,H1 is too generic,https://www.chewy.com/f/pawbee_f1v180498,True,Make the H1 more descriptive of the page intent.,PAWBEE,PAWBEE - Free shipping | Chewy,30,"Shop Chewy for low prices and the best products! We carry a large selection and the top brands like Frisco, Littlearth, and more. Find everything you need in one place. FREE shipping on orders $49+ and the BEST customer service!",228,pawbee,PAWBEE,1,pawbee,True,False,False,False,False,False,False,False,12,314,3,,,,,,,1,1,5.0,1,0,0,0,1.0
HVF,H1,H1 is too generic,https://www.chewy.com/f/barrier_f1v149745,True,Make the H1 more descriptive of the page intent.,Barrier,Barrier - Free shipping | Chewy,31,"Shop Chewy for low prices and the best products! We carry a large selection and the top brands like Frisco, Littlearth, and more. Find everything you need in one place. FREE shipping on orders $49+ and the BEST customer service!",228,,Barrier,1,barrier,True,True,False,False,False,False,False,False,9,311,3,,,,,,,,,,,,,,
HVF,H1,H1 is too generic,https://www.chewy.com/f/bonza_f1v357000,True,Make the H1 more descriptive of the page intent.,Bonza,Bonza - Free shipping | Chewy,29,"Shop Chewy for low prices and the best products! We carry a large selection and the top brands like Frisco, Littlearth, and more. Find everything you need in one place. FREE shipping on orders $49+ and the BEST customer service!",228,,Bonza,1,bonza,,False,False,False,False,False,False,False,18,305,3,,,,,,,,,,,,,,
HVF,H1,H1 is too generic,https://www.chewy.com/f/cocoyo_f1v462289,True,Make the H1 more descriptive of the page intent.,COCOYO,COCOYO - Free shipping | Chewy,30,"Shop Chewy for low prices and the best products! We carry a large selection and the top brands like Frisco, Littlearth, and more. Find everything you need in one place. FREE shipping on orders $49+ and the BEST customer service!",228,,COCOYO,1,cocoyo,True,True,False,False,False,False,False,False,31,318,3,,,,,,,,,,,,,,1.0
HVF,H1,H1 is too generic,https://www.chewy.com/f/monoject_f1v254170,True,Make the H1 more descriptive of the page intent.,Monoject,Monoject - Free shipping | Chewy,32,"Shop Chewy for low prices and the best products! We carry a large selection and the top brands like Frisco, Littlearth, and more. Find everything you need in one place. FREE shipping on orders $49+ and the BEST customer service!",228,,Monoject,1,monoject,,False,False,False,False,False,False,False,4,305,3,,,,,,,,,,,,,,
HVF,H1,H1 is too generic,https://www.chewy.com/f/sirwu_f1v31806,True,Make the H1 more descriptive of the page intent.,Sirwu,Sirwu - Free shipping | Chewy,29,"Shop Chewy for low prices and the best products! We carry a large selection and the top brands like Frisco, Littlearth, and more. Find everything you need in one place. FREE shipping on orders $49+ and the BEST customer service!",228,,Sirwu,1,sirwu,,False,False,False,False,False,False,False,3,305,3,,,,,,,,,,,,,,
HVF,H1,H1 is too generic,https://www.chewy.com/f/csi_f1v803363,True,Make the H1 more descriptive of the page intent.,CSI,CSI - Free shipping | Chewy,27,"Shop Chewy for low prices and the best products! We carry a large selection and the top brands like Frisco, Littlearth, and more. Find everything you need in one place. FREE shipping on orders $49+ and the BEST customer service!",228,,CSI,1,csi,True,True,False,False,False,False,False,False,17,315,3,,,,,,,,,,,,,,1.0
HVF,H1,H1 is too generic,https://www.chewy.com/f/delomo_f1v21766,True,Make the H1 more descriptive of the page intent.,Delomo,Delomo - Free shipping | Chewy,30,"Shop Chewy for low prices and the best products! We carry a large selection and the top brands like Frisco, Littlearth, and more. Find everything you need in one place. FREE shipping on orders $49+ and the BEST customer service!",228,,Delomo,1,delomo,True,True,False,False,False,False,False,False,17,310,3,,,,,,,,,,,,,,1.0
HVF,H1,H1 is too generic,https://www.chewy.com/f/tscomon_f1v21030,True,Make the H1 more descriptive of the page intent.,TSCOMON,TSCOMON - Free shipping | Chewy,31,"Shop Chewy for low prices and the best products! We carry a large selection and the top brands like Frisco, Littlearth, and more. Find everything you need in one place. FREE shipping on orders $49+ and the BEST customer service!",228,,TSCOMON,1,tscomon,True,True,False,False,False,False,False,False,30,312,3,,,,,,,,,,,,,,
HVF,H1,H1 is too generic,https://www.chewy.com/f/bueteka_f1v322302,True,Make the H1 more descriptive of the page intent.,Bueteka,Bueteka - Free shipping | Chewy,31,"Shop Chewy for low prices and the best products! We carry a large selection and the top brands like Frisco, Littlearth, and more. Find everything you need in one place. FREE shipping on orders $49+ and the BEST customer service!",228,bueteka,Bueteka,1,bueteka,True,True,False,False,False,False,False,False,21,323,3,,,,,,,1,1,2.0,1,0,0,0,1.0
HVF,H1,H1 is too generic,https://www.chewy.com/f/revolt_f1v211354,True,Make the H1 more descriptive of the page intent.,Revolt,Revolt - Free shipping | Chewy,30,"Shop Chewy for low prices and the best products! We carry a large selection and the top brands like Frisco, Littlearth, and more. Find everything you need in one place. FREE shipping on orders $49+ and the BEST customer service!",228,,Revolt,1,revolt,True,True,False,False,False,False,False,False,16,311,3,,,,,,,,,,,,,,
HVF,H1,H1 is too generic,https://www.chewy.com/f/w-animals_f1v27398,True,Make the H1 more descriptive of the page intent.,A&W Animals,A&W Animals - Free shipping | Chewy,35,"Shop Chewy for low prices and the best products! We carry a large selection and the top brands like Frisco, Littlearth, and more. Find everything you need in one place. FREE shipping on orders $49+ and the BEST customer service!",228,,A&W Animals,1,w-animals,,False,False,False,False,False,False,False,1,304,3,,,,,,,,,,,,,,
HVF,H1,H1 is too generic,https://www.chewy.com/f/abba_f1v25670,True,Make the H1 more descriptive of the page intent.,ABBA,ABBA - Free shipping | Chewy,28,"Shop Chewy for low prices and the best products! We carry a large selection and the top brands like Frisco, Littlearth, and more. Find everything you need in one place. FREE shipping on orders $49+ and the BEST customer service!",228,,ABBA,1,abba,True,False,False,False,False,False,False,False,8,310,3,,,,,,,,,,,,,,1.0
HVF,H1,H1 is too generic,https://www.chewy.com/f/abbidot_f1v29758,True,Make the H1 more descriptive of the page intent.,ABBIDOT,ABBIDOT - Free shipping | Chewy,31,"Shop Chewy for low prices and the best products! We carry a large selection and the top brands like Frisco, Littlearth, and more. Find everything you need in one place. FREE shipping on orders $49+ and the BEST customer service!",228,,ABBIDOT,1,abbidot,True,True,False,False,False,False,False,False,5,306,3,,,,,,,,,,,,,,1.0
HVF,H1,H1 is too generic,https://www.chewy.com/f/ace2ace_f1v30422,True,Make the H1 more descriptive of the page intent.,ACE2ACE,ACE2ACE - Free shipping | Chewy,31,"Shop Chewy for low prices and the best products! We carry a large selection and the top brands like Frisco, Littlearth, and more. Find everything you need in one place. FREE shipping on orders $49+ and the BEST customer service!",228,,ACE2ACE,1,ace2ace,True,True,False,False,False,False,False,False,10,308,3,,,,,,,,,,,,,,1.0
HVF,H1,H1 is too generic,https://www.chewy.com/f/acepromazine_f1v286124,True,Make the H1 more descriptive of the page intent.,Acepromazine,Acepromazine - Free shipping | Chewy,36,"Shop Chewy for low prices and the best products! We carry a large selection and the top brands like Frisco, Littlearth, and more. Find everything you need in one place. FREE shipping on orders $49+ and the BEST customer service!",228,,Acepromazine,1,acepromazine,,False,False,False,False,False,False,False,12,305,3,,,,,,,,,,,,,,
HVF,H1,H1 is too generic,https://www.chewy.com/f/acetazolamide_f1v252079,True,Make the H1 more descriptive of the page intent.,Acetazolamide,Acetazolamide - Free shipping | Chewy,37,"Shop Chewy for low prices and the best products! We carry a large selection and the top brands like Frisco, Littlearth, and more. Find everything you need in one place. FREE shipping on orders $49+ and the BEST customer service!",228,,Acetazolamide,1,acetazolamide,,False,False,False,False,False,False,False,13,304,3,,,,,,,,,,,,,,
HVF,H1,H1 is too generic,https://www.chewy.com/f/active_f1v33462,True,Make the H1 more descriptive of the page intent.,ACTIVE,ACTIVE - Free shipping | Chewy,30,"Shop Chewy for low prices and the best products! We carry a large selection and the top brands like Frisco, Littlearth, and more. Find everything you need in one place. FREE shipping on orders $49+ and the BEST customer service!",228,,ACTIVE,1,active,True,True,False,False,False,False,False,False,5,308,3,,,,,,,,,,,,,,1.0
HVF,H1,H1 is too generic,https://www.chewy.com/f/acurel_f1v496101,True,Make the H1 more descriptive of the page intent.,Acurel,Acurel - Free shipping | Chewy,30,"Shop Chewy for low prices and the best products! We carry a large selection and the top brands like Frisco, Littlearth, and more. Find everything you need in one place. FREE shipping on orders $49+ and the BEST customer service!",228,,Acurel,1,acurel,,False,False,False,False,False,False,False,7,305,3,,,,,,,,,,,,,,
HVF,H1,H1 is too generic,https://www.chewy.com/f/adams_f1v331105,True,Make the H1 more descriptive of the page intent.,ADAMS,ADAMS - Free shipping | Chewy,29,"Shop Chewy for low prices and the best products! We carry a large selection and the top brands like Frisco, Littlearth, and more. Find everything you need in one place. FREE shipping on orders $49+ and the BEST customer service!",228,adams dog grooming supplies,ADAMS,1,adams,True,True,False,False,False,False,False,False,35,329,3,,,,,,,1,1,23.0,0,0,1,0,1.0
HVF,H1,H1 is too generic,https://www.chewy.com/f/addicted_f1v37878,True,Make the H1 more descriptive of the page intent.,Addicted,Addicted - Free shipping | Chewy,32,"Shop Chewy for low prices and the best products! We carry a large selection and the top brands like Frisco, Littlearth, and more. Find everything you need in one place. FREE shipping on orders $49+ and the BEST customer service!",228,,Addicted,1,addicted,True,False,False,False,False,False,False,False,10,312,3,,,,,,,,,,,,,,
HVF,H1,H1 is too generic,https://www.chewy.com/f/adeptus_f1v323774,True,Make the H1 more descriptive of the page intent.,Adeptus,Adeptus - Free shipping | Chewy,31,"Shop Chewy for low prices and the best products! We carry a large selection and the top brands like Frisco, Littlearth, and more. Find everything you need in one place. FREE shipping on orders $49+ and the BEST customer service!",228,,Adeptus,1,adeptus,True,True,False,False,False,False,False,False,18,310,3,,,,,,,,,,,,,,
HVF,H1,H1 is too generic,https://www.chewy.com/f/advanllent_f1v29830,True,Make the H1 more descriptive of the page intent.,Advanllent,Advanllent - Free shipping | Chewy,34,"Shop Chewy for low prices and the best products! We carry a large selection and the top brands like Frisco, Littlearth, and more. Find everything you need in one place. FREE shipping on orders $49+ and the BEST customer service!",228,,Advanllent,1,advanllent,True,True,False,False,False,False,False,False,12,313,3,,,,,,,,,,,,,,1.0
HVF,H1,H1 is too generic,https://www.chewy.com/f/advocate_f1v368411,True,Make the H1 more descriptive of the page intent.,Advocate,Advocate - Free shipping | Chewy,32,"Shop Chewy for low prices and the best products! We carry a large selection and the top brands like Frisco, Littlearth, and more. Find everything you need in one place. FREE shipping on orders $49+ and the BEST customer service!",228,,Advocate,1,advocate,,False,False,False,False,False,False,False,2,304,3,,,,,,,,,,,,,,
HVF,H1,H1 is too generic,https://www.chewy.com/f/aera_f1v28454,True,Make the H1 more descriptive of the page intent.,Aera,Aera - Free shipping | Chewy,28,"Shop Chewy for low prices and the best products! We carry a large selection and the top brands like Frisco, Littlearth, and more. Find everything you need in one place. FREE shipping on orders $49+ and the BEST customer service!",228,,Aera,1,aera,True,True,False,False,False,False,False,False,7,310,3,,,,,,,,,,,,,,1.0
HVF,H1,H1 is too generic,https://www.chewy.com/f/aetertek_f1v257666,True,Make the H1 more descriptive of the page intent.,Aetertek,Aetertek - Free shipping | Chewy,32,"Shop Chewy for low prices and the best products! We carry a large selection and the top brands like Frisco, Littlearth, and more. Find everything you need in one place. FREE shipping on orders $49+ and the BEST customer service!",228,,Aetertek,1,aetertek,,False,False,False,False,False,False,False,2,304,3,,,,,,,,,,,,,,
HVF,H1,H1 is too generic,https://www.chewy.com/f/agon_f1v182560,True,Make the H1 more descriptive of the page intent.,Agon,Agon - Free shipping | Chewy,28,"Shop Chewy for low prices and the best products! We carry a large selection and the top brands like Frisco, Littlearth, and more. Find everything you need in one place. FREE shipping on orders $49+ and the BEST customer service!",228,,Agon,1,agon,True,True,False,False,False,False,False,False,14,306,3,,,,,,,,,,,,,,
HVF,H1,H1 is too generic,https://www.chewy.com/f/aikeep_f1v22110,True,Make the H1 more descriptive of the page intent.,Aikeep,Aikeep - Free shipping | Chewy,30,"Shop Chewy for low prices and the best products! We carry a large selection and the top brands like Frisco, Littlearth, and more. Find everything you need in one place. FREE shipping on orders $49+ and the BEST customer service!",228,,Aikeep,1,aikeep,,False,False,False,False,False,False,False,3,304,3,,,,,,,,,,,,,,
HVF,H1,H1 is too generic,https://www.chewy.com/f/aiperro_f1v29854,True,Make the H1 more descriptive of the page intent.,AIPERRO,AIPERRO - Free shipping | Chewy,31,"Shop Chewy for low prices and the best products! We carry a large selection and the top brands like Frisco, Littlearth, and more. Find everything you need in one place. FREE shipping on orders $49+ and the BEST customer service!",228,,AIPERRO,1,aiperro,True,True,False,False,False,False,False,False,57,319,3,,,,,,,,,,,,,,1.0
HVF,H1,H1 is too generic,https://www.chewy.com/f/airdoctor_f1v25030,True,Make the H1 more descriptive of the page intent.,AirDoctor,AirDoctor - Free shipping | Chewy,33,"Shop Chewy for low prices and the best products! We carry a large selection and the top brands like Frisco, Littlearth, and more. Find everything you need in one place. FREE shipping on orders $49+ and the BEST customer service!",228,,AirDoctor,1,airdoctor,True,True,False,False,False,False,False,False,4,307,3,,,,,,,,,,,,,,3.0
HVF,H1,H1 is too generic,https://www.chewy.com/f/airpet_f1v20622,True,Make the H1 more descriptive of the page intent.,Airpet,Airpet - Free shipping | Chewy,30,"Shop Chewy for low prices and the best products! We carry a large selection and the top brands like Frisco, Littlearth, and more. Find everything you need in one place. FREE shipping on orders $49+ and the BEST customer service!",228,,Airpet,1,airpet,,False,False,False,False,False,False,False,2,304,3,,,,,,,,,,,,,,
HVF,H1,H1 is too generic,https://www.chewy.com/f/albacon_f1v25878,True,Make the H1 more descriptive of the page intent.,ALBACON,ALBACON - Free shipping | Chewy,31,"Shop Chewy for low prices and the best products! We carry a large selection and the top brands like Frisco, Littlearth, and more. Find everything you need in one place. FREE shipping on orders $49+ and the BEST customer service!",228,,ALBACON,1,albacon,True,True,False,False,False,False,False,False,14,308,3,,,,,,,,,,,,,,
HVF,H1,H1 is too generic,https://www.chewy.com/f/albuterol_f1v290662,True,Make the H1 more descriptive of the page intent.,Albuterol,Albuterol - Free shipping | Chewy,33,"Shop Chewy for low prices and the best products! We carry a large selection and the top brands like Frisco, Littlearth, and more. Find everything you need in one place. FREE shipping on orders $49+ and the BEST customer service!",228,,Albuterol,1,albuterol,,False,False,False,False,False,False,False,3,305,3,,,,,,,,,,,,,,
HVF,H1,H1 is too generic,https://www.chewy.com/f/alcott_f1v543612,True,Make the H1 more descriptive of the page intent.,Alcott,Alcott - Free shipping | Chewy,30,"Shop Chewy for low prices and the best products! We carry a large selection and the top brands like Frisco, Littlearth, and more. Find everything you need in one place. FREE shipping on orders $49+ and the BEST customer service!",228,,Alcott,1,alcott,True,True,False,False,False,False,False,False,54,307,3,,,,,,,,,,,,,,1.0
HVF,H1,H1 is too generic,https://www.chewy.com/f/alfatok_f1v32302,True,Make the H1 more descriptive of the page intent.,ALFATOK,ALFATOK - Free shipping | Chewy,31,"Shop Chewy for low prices and the best products! We carry a large selection and the top brands like Frisco, Littlearth, and more. Find everything you need in one place. FREE shipping on orders $49+ and the BEST customer service!",228,,ALFATOK,1,alfatok,True,True,False,False,False,False,False,False,10,307,3,,,,,,,,,,,,,,1.0
HVF,H1,H1 is too generic,https://www.chewy.com/f/alifuraha_f1v32238,True,Make the H1 more descriptive of the page intent.,Alifuraha,Alifuraha - Free shipping | Chewy,33,"Shop Chewy for low prices and the best products! We carry a large selection and the top brands like Frisco, Littlearth, and more. Find everything you need in one place. FREE shipping on orders $49+ and the BEST customer service!",228,,Alifuraha,1,alifuraha,,False,False,False,False,False,False,False,2,305,3,,,,,,,,,,,,,,
HVF,H1,H1 is too generic,https://www.chewy.com/f/alkazone_f1v28382,True,Make the H1 more descriptive of the page intent.,Alkazone,Alkazone - Free shipping | Chewy,32,"Shop Chewy for low prices and the best products! We carry a large selection and the top brands like Frisco, Littlearth, and more. Find everything you need in one place. FREE shipping on orders $49+ and the BEST customer service!",228,,Alkazone,1,alkazone,,False,False,False,False,False,False,False,3,305,3,,,,,,,,,,,,,,
HVF,H1,H1 is too generic,https://www.chewy.com/f/allforpaws_f1v19670,True,Make the H1 more descriptive of the page intent.,allforpaws,allforpaws - Free shipping | Chewy,34,"Shop Chewy for low prices and the best products! We carry a large selection and the top brands like Frisco, Littlearth, and more. Find everything you need in one place. FREE shipping on orders $49+ and the BEST customer service!",228,,allforpaws,1,allforpaws,True,True,False,False,False,False,False,False,264,340,3,,,,,,,,,,,,,,1.0
HVF,H1,H1 is too generic,https://www.chewy.com/f/allisandro_f1v214714,True,Make the H1 more descriptive of the page intent.,Allisandro,Allisandro - Free shipping | Chewy,34,"Shop Chewy for low prices and the best products! We carry a large selection and the top brands like Frisco, Littlearth, and more. Find everything you need in one place. FREE shipping on orders $49+ and the BEST customer service!",228,allisandro,Allisandro,1,allisandro,True,True,False,False,False,False,False,False,441,340,3,,,,,,,1,1,7.0,1,0,0,0,1.0
HVF,H1,H1 is too generic,https://www.chewy.com/f/allopurinol_f1v859122,True,Make the H1 more descriptive of the page intent.,Allopurinol,Allopurinol - Free shipping | Chewy,35,"Shop Chewy for low prices and the best products! We carry a large selection and the top brands like Frisco, Littlearth, and more. Find everything you need in one place. FREE shipping on orders $49+ and the BEST customer service!",228,,Allopurinol,1,allopurinol,,False,False,False,False,False,False,False,13,304,3,,,,,,,,,,,,,,
HVF,H1,H1 is too generic,https://www.chewy.com/f/aloeplus_f1v25214,True,Make the H1 more descriptive of the page intent.,Aloeplus,Aloeplus - Free shipping | Chewy,32,"Shop Chewy for low prices and the best products! We carry a large selection and the top brands like Frisco, Littlearth, and more. Find everything you need in one place. FREE shipping on orders $49+ and the BEST customer service!",228,,Aloeplus,1,aloeplus,True,True,False,False,False,False,False,False,20,320,3,,,,,,,,,,,,,,1.0
HVF,H1,H1 is too generic,https://www.chewy.com/f/alphapak_f1v33614,True,Make the H1 more descriptive of the page intent.,AlphaPak,AlphaPak - Free shipping | Chewy,32,"Shop Chewy for low prices and the best products! We carry a large selection and the top brands like Frisco, Littlearth, and more. Find everything you need in one place. FREE shipping on orders $49+ and the BEST customer service!",228,,AlphaPak,1,alphapak,True,True,False,False,False,False,False,False,5,307,3,,,,,,,,,,,,,,1.0
HVF,H1,H1 is too generic,https://www.chewy.com/f/altira_f1v26718,True,Make the H1 more descriptive of the page intent.,Altira,Altira - Free shipping | Chewy,30,"Shop Chewy for low prices and the best products! We carry a large selection and the top brands like Frisco, Littlearth, and more. Find everything you need in one place. FREE shipping on orders $49+ and the BEST customer service!",228,,Altira,1,altira,True,True,False,False,False,False,False,False,4,306,3,,,,,,,,,,,,,,1.0
HVF,H1,H1 is too generic,https://www.chewy.com/f/altren_f1v291488,True,Make the H1 more descriptive of the page intent.,Altren,Altren - Free shipping | Chewy,30,"Shop Chewy for low prices and the best products! We carry a large selection and the top brands like Frisco, Littlearth, and more. Find everything you need in one place. FREE shipping on orders $49+ and the BEST customer service!",228,,Altren,1,altren,,False,False,False,False,False,False,False,3,304,3,,,,,,,,,,,,,,
HVF,H1,H1 is too generic,https://www.chewy.com/f/alzoo_f1v114174,True,Make the H1 more descriptive of the page intent.,ALZOO,ALZOO - Free shipping | Chewy,29,"Shop Chewy for low prices and the best products! We carry a large selection and the top brands like Frisco, Littlearth, and more. Find everything you need in one place. FREE shipping on orders $49+ and the BEST customer service!",228,alzoo,ALZOO,1,alzoo,True,True,False,False,False,False,False,False,67,340,3,,,,,,,2,1,8.5,2,0,0,0,1.0
HVF,H1,H1 is too generic,https://www.chewy.com/f/amazonia_f1v377377,True,Make the H1 more descriptive of the page intent.,Amazonia,Amazonia - Free shipping | Chewy,32,"Shop Chewy for low prices and the best products! We carry a large selection and the top brands like Frisco, Littlearth, and more. Find everything you need in one place. FREE shipping on orders $49+ and the BEST customer service!",228,,Amazonia,1,amazonia,True,True,False,False,False,False,False,False,9,312,3,,,,,,,,,,,,,,1.0
HVF,H1,H1 is too generic,https://www.chewy.com/f/amerihome_f1v184041,True,Make the H1 more descriptive of the page intent.,AmeriHome,AmeriHome - Free shipping | Chewy,33,"Shop Chewy for low prices and the best products! We carry a large selection and the top brands like Frisco, Littlearth, and more. Find everything you need in one place. FREE shipping on orders $49+ and the BEST customer service!",228,,AmeriHome,1,amerihome,True,True,False,False,False,False,False,False,14,310,3,,,,,,,,,,,,,,
HVF,H1,H1 is too generic,https://www.chewy.com/f/ametza_f1v227743,True,Make the H1 more descriptive of the page intent.,Ametza,Ametza - Free shipping | Chewy,30,"Shop Chewy for low prices and the best products! We carry a large selection and the top brands like Frisco, Littlearth, and more. Find everything you need in one place. FREE shipping on orders $49+ and the BEST customer service!",228,,Ametza,1,ametza,True,True,False,False,False,False,False,False,7,309,3,,,,,,,,,,,,,,1.0
HVF,H1,H1 is too generic,https://www.chewy.com/f/ami_f1v24478,True,Make the H1 more descriptive of the page intent.,Ami,Ami - Free shipping | Chewy,27,"Shop Chewy for low prices and the best products! We carry a large selection and the top brands like Frisco, Littlearth, and more. Find everything you need in one place. FREE shipping on orders $49+ and the BEST customer service!",228,,Ami,1,ami,True,True,False,False,False,False,False,False,7,309,3,,,,,,,,,,,,,,1.0
HVF,H1,H1 is too generic,https://www.chewy.com/f/aminamend_f1v28326,True,Make the H1 more descriptive of the page intent.,AminAmend,AminAmend - Free shipping | Chewy,33,"Shop Chewy for low prices and the best products! We carry a large selection and the top brands like Frisco, Littlearth, and more. Find everything you need in one place. FREE shipping on orders $49+ and the BEST customer service!",228,,AminAmend,1,aminamend,,False,False,False,False,False,False,False,3,305,3,,,,,,,,,,,,,,
HVF,H1,H1 is too generic,https://www.chewy.com/f/aminavast_f1v352898,True,Make the H1 more descriptive of the page intent.,AminAvast,AminAvast - Free shipping | Chewy,33,"Shop Chewy for low prices and the best products! We carry a large selection and the top brands like Frisco, Littlearth, and more. Find everything you need in one place. FREE shipping on orders $49+ and the BEST customer service!",228,,AminAvast,1,aminavast,True,True,False,False,False,False,False,False,5,307,3,,,,,,,,,,,,,,1.0
HVF,H1,H1 is too generic,https://www.chewy.com/f/aminodyl_f1v29174,True,Make the H1 more descriptive of the page intent.,Aminodyl,Aminodyl - Free shipping | Chewy,32,"Shop Chewy for low prices and the best products! We carry a large selection and the top brands like Frisco, Littlearth, and more. Find everything you need in one place. FREE shipping on orders $49+ and the BEST customer service!",228,,Aminodyl,1,aminodyl,,False,False,False,False,False,False,False,3,305,3,,,,,,,,,,,,,,
HVF,H1,H1 is too generic,https://www.chewy.com/f/amitriptyline_f1v428060,True,Make the H1 more descriptive of the page intent.,Amitriptyline,Amitriptyline - Free shipping | Chewy,37,"Shop Chewy for low prices and the best products! We carry a large selection and the top brands like Frisco, Littlearth, and more. Find everything you need in one place. FREE shipping on orders $49+ and the BEST customer service!",228,,Amitriptyline,1,amitriptyline,,False,False,False,False,False,False,False,25,304,3,,,,,,,,,,,,,,
HVF,H1,H1 is too generic,https://www.chewy.com/f/amlodipine_f1v541374,True,Make the H1 more descriptive of the page intent.,Amlodipine,Amlodipine - Free shipping | Chewy,34,"Shop Chewy for low prices and the best products! We carry a large selection and the top brands like Frisco, Littlearth, and more. Find everything you need in one place. FREE shipping on orders $49+ and the BEST customer service!",228,,Amlodipine,1,amlodipine,,False,False,False,False,False,False,False,13,304,3,,,,,,,,,,,,,,
HVF,H1,H1 is too generic,https://www.chewy.com/f/ammosorb_f1v437952,True,Make the H1 more descriptive of the page intent.,AmmoSorb,AmmoSorb - Free shipping | Chewy,32,"Shop Chewy for low prices and the best products! We carry a large selection and the top brands like Frisco, Littlearth, and more. Find everything you need in one place. FREE shipping on orders $49+ and the BEST customer service!",228,,AmmoSorb,1,ammosorb,,False,False,False,False,False,False,False,2,305,3,,,,,,,,,,,,,,
HVF,H1,H1 is too generic,https://www.chewy.com/f/amoxicillin_f1v762099,True,Make the H1 more descriptive of the page intent.,Amoxicillin,Amoxicillin - Free shipping | Chewy,35,"Shop Chewy for low prices and the best products! We carry a large selection and the top brands like Frisco, Littlearth, and more. Find everything you need in one place. FREE shipping on orders $49+ and the BEST customer service!",228,,Amoxicillin,1,amoxicillin,,False,False,False,False,False,False,False,13,305,3,,,,,,,,,,,,,,
HVF,H1,H1 is too generic,https://www.chewy.com/f/ampicillin_f1v294778,True,Make the H1 more descriptive of the page intent.,Ampicillin,Ampicillin - Free shipping | Chewy,34,"Shop Chewy for low prices and the best products! We carry a large selection and the top brands like Frisco, Littlearth, and more. Find everything you need in one place. FREE shipping on orders $49+ and the BEST customer service!",228,,Ampicillin,1,ampicillin,,False,False,False,False,False,False,False,6,304,3,,,,,,,,,,,,,,
HVF,H1,H1 is too generic,https://www.chewy.com/f/amzey_f1v143688,True,Make the H1 more descriptive of the page intent.,Amzey,Amzey - Free shipping | Chewy,29,"Shop Chewy for low prices and the best products! We carry a large selection and the top brands like Frisco, Littlearth, and more. Find everything you need in one place. FREE shipping on orders $49+ and the BEST customer service!",228,,Amzey,1,amzey,True,False,False,False,False,False,False,False,29,324,3,,,,,,,,,,,,,,1.0
HVF,H1,H1 is too generic,https://www.chewy.com/f/angel_f1v432352,True,Make the H1 more descriptive of the page intent.,Angel,Angel - Free shipping | Chewy,29,"Shop Chewy for low prices and the best products! We carry a large selection and the top brands like Frisco, Littlearth, and more. Find everything you need in one place. FREE shipping on orders $49+ and the BEST customer service!",228,,Angel,1,angel,True,True,False,False,False,False,False,False,285,336,3,,,,,,,,,,,,,,1.0
HVF,H1,H1 is too generic,https://www.chewy.com/f/animalbiome_f1v22862,True,Make the H1 more descriptive of the page intent.,AnimalBiome,AnimalBiome - Free shipping | Chewy,35,"Shop Chewy for low prices and the best products! We carry a large selection and the top brands like Frisco, Littlearth, and more. Find everything you need in one place. FREE shipping on orders $49+ and the BEST customer service!",228,,AnimalBiome,1,animalbiome,True,True,False,False,False,False,False,False,11,312,3,,,,,,,,,,,,,,1.0
HVF,H1,H1 is too generic,https://www.chewy.com/f/anivatio_f1v30086,True,Make the H1 more descriptive of the page intent.,AniVatio,AniVatio - Free shipping | Chewy,32,"Shop Chewy for low prices and the best products! We carry a large selection and the top brands like Frisco, Littlearth, and more. Find everything you need in one place. FREE shipping on orders $49+ and the BEST customer service!",228,,AniVatio,1,anivatio,True,True,False,False,False,False,False,False,8,307,3,,,,,,,,,,,,,,
HVF,H1,H1 is too generic,https://www.chewy.com/f/anivida_f1v30366,True,Make the H1 more descriptive of the page intent.,Anivida,Anivida - Free shipping | Chewy,31,"Shop Chewy for low prices and the best products! We carry a large selection and the top brands like Frisco, Littlearth, and more. Find everything you need in one place. FREE shipping on orders $49+ and the BEST customer service!",228,,Anivida,1,anivida,True,True,False,False,False,False,False,False,13,308,3,,,,,,,,,,,,,,1.0
HVF,H1,H1 is too generic,https://www.chewy.com/f/aniwell_f1v25270,True,Make the H1 more descriptive of the page intent.,Aniwell,Aniwell - Free shipping | Chewy,31,"Shop Chewy for low prices and the best products! We carry a large selection and the top brands like Frisco, Littlearth, and more. Find everything you need in one place. FREE shipping on orders $49+ and the BEST customer service!",228,,Aniwell,1,aniwell,True,True,False,False,False,False,False,False,17,319,3,,,,,,,,,,,,,,1.0
HVF,H1,H1 is too generic,https://www.chewy.com/f/anjon_f1v353439,True,Make the H1 more descriptive of the page intent.,Anjon,Anjon - Free shipping | Chewy,29,"Shop Chewy for low prices and the best products! We carry a large selection and the top brands like Frisco, Littlearth, and more. Find everything you need in one place. FREE shipping on orders $49+ and the BEST customer service!",228,,Anjon,1,anjon,True,False,False,False,False,False,False,False,41,315,3,,,,,,,,,,,,,,
HVF,H1,H1 is too generic,https://www.chewy.com/f/aoruefar_f1v22550,True,Make the H1 more descriptive of the page intent.,Aoruefar,Aoruefar - Free shipping | Chewy,32,"Shop Chewy for low prices and the best products! We carry a large selection and the top brands like Frisco, Littlearth, and more. Find everything you need in one place. FREE shipping on orders $49+ and the BEST customer service!",228,,Aoruefar,1,aoruefar,True,True,False,False,False,False,False,False,17,315,3,,,,,,,,,,,,,,2.0
HVF,H1,H1 is too generic,https://www.chewy.com/f/aosom_f1v20718,True,Make the H1 more descriptive of the page intent.,Aosom,Aosom - Free shipping | Chewy,29,"Shop Chewy for low prices and the best products! We carry a large selection and the top brands like Frisco, Littlearth, and more. Find everything you need in one place. FREE shipping on orders $49+ and the BEST customer service!",228,,Aosom,1,aosom,True,True,False,False,False,False,False,False,16,309,3,,,,,,,,,,,,,,1.0
HVF,H1,H1 is too generic,https://www.chewy.com/f/aostirmotor_f1v25502,True,Make the H1 more descriptive of the page intent.,AOSTIRMOTOR,AOSTIRMOTOR - Free shipping | Chewy,35,"Shop Chewy for low prices and the best products! We carry a large selection and the top brands like Frisco, Littlearth, and more. Find everything you need in one place. FREE shipping on orders $49+ and the BEST customer service!",228,,AOSTIRMOTOR,1,aostirmotor,True,True,False,False,False,False,False,False,35,329,3,,,,,,,,,,,,,,
HVF,H1,H1 is too generic,https://www.chewy.com/f/aphyxen_f1v24838,True,Make the H1 more descriptive of the page intent.,Aphyxen,Aphyxen - Free shipping | Chewy,31,"Shop Chewy for low prices and the best products! We carry a large selection and the top brands like Frisco, Littlearth, and more. Find everything you need in one place. FREE shipping on orders $49+ and the BEST customer service!",228,,Aphyxen,1,aphyxen,True,True,False,False,False,False,False,False,25,314,3,,,,,,,,,,,,,,1.0
HVF,H1,H1 is too generic,https://www.chewy.com/f/apocaps_f1v295187,True,Make the H1 more descriptive of the page intent.,Apocaps,Apocaps - Free shipping | Chewy,31,"Shop Chewy for low prices and the best products! We carry a large selection and the top brands like Frisco, Littlearth, and more. Find everything you need in one place. FREE shipping on orders $49+ and the BEST customer service!",228,,Apocaps,1,apocaps,,False,False,False,False,False,False,False,2,304,3,,,,,,,,,,,,,,
HVF,H1,H1 is too generic,https://www.chewy.com/f/apple_f1v29894,True,Make the H1 more descriptive of the page intent.,Apple,Apple - Free shipping | Chewy,29,"Shop Chewy for low prices and the best products! We carry a large selection and the top brands like Frisco, Littlearth, and more. Find everything you need in one place. FREE shipping on orders $49+ and the BEST customer service!",228,,Apple,1,apple,True,True,False,False,False,False,False,False,5,306,3,,,,,,,,,,,,,,1.0
HVF,H1,H1 is too generic,https://www.chewy.com/f/aquael_f1v287075,True,Make the H1 more descriptive of the page intent.,Aquael,Aquael - Free shipping | Chewy,30,"Shop Chewy for low prices and the best products! We carry a large selection and the top brands like Frisco, Littlearth, and more. Find everything you need in one place. FREE shipping on orders $49+ and the BEST customer service!",228,aquael,Aquael,1,aquael,True,True,False,False,False,False,False,False,44,329,3,,,,,,,1,1,20.0,0,1,0,0,1.0
HVF,H1,H1 is too generic,https://www.chewy.com/f/aquaforest_f1v23654,True,Make the H1 more descriptive of the page intent.,AquaForest,AquaForest - Free shipping | Chewy,34,"Shop Chewy for low prices and the best products! We carry a large selection and the top brands like Frisco, Littlearth, and more. Find everything you need in one place. FREE shipping on orders $49+ and the BEST customer service!",228,,AquaForest,1,aquaforest,True,True,False,False,False,False,False,False,9,308,3,,,,,,,,,,,,,,1.0
HVF,H1,H1 is too generic,https://www.chewy.com/f/aquafx_f1v825753,True,Make the H1 more descriptive of the page intent.,AquaFX,AquaFX - Free shipping | Chewy,30,"Shop Chewy for low prices and the best products! We carry a large selection and the top brands like Frisco, Littlearth, and more. Find everything you need in one place. FREE shipping on orders $49+ and the BEST customer service!",228,,AquaFX,1,aquafx,True,True,False,False,False,False,False,False,6,307,3,,,,,,,,,,,,,,1.0
HVF,H1,H1 is too generic,https://www.chewy.com/f/aquaillumination_f1v117687,True,Make the H1 more descriptive of the page intent.,Aquaillumination,Aquaillumination - Free shipping | Chewy,40,"Shop Chewy for low prices and the best products! We carry a large selection and the top brands like Frisco, Littlearth, and more. Find everything you need in one place. FREE shipping on orders $49+ and the BEST customer service!",228,,Aquaillumination,1,aquaillumination,True,True,False,False,False,False,False,False,12,311,3,,,,,,,,,,,,,,1.0
HVF,H1,H1 is too generic,https://www.chewy.com/f/aqualighter_f1v366515,True,Make the H1 more descriptive of the page intent.,AquaLighter,AquaLighter - Free shipping | Chewy,35,"Shop Chewy for low prices and the best products! We carry a large selection and the top brands like Frisco, Littlearth, and more. Find everything you need in one place. FREE shipping on orders $49+ and the BEST customer service!",228,,AquaLighter,1,aqualighter,,False,False,False,False,False,False,False,5,305,3,,,,,,,,,,,,,,
HVF,H1,H1 is too generic,https://www.chewy.com/f/aquaready_f1v19190,True,Make the H1 more descriptive of the page intent.,AquaReady,AquaReady - Free shipping | Chewy,33,"Shop Chewy for low prices and the best products! We carry a large selection and the top brands like Frisco, Littlearth, and more. Find everything you need in one place. FREE shipping on orders $49+ and the BEST customer service!",228,,AquaReady,1,aquaready,True,True,False,False,False,False,False,False,12,314,3,,,,,,,,,,,,,,1.0
HVF,H1,H1 is too generic,https://www.chewy.com/f/aquascape_f1v400014,True,Make the H1 more descriptive of the page intent.,Aquascape,Aquascape - Free shipping | Chewy,33,"Shop Chewy for low prices and the best products! We carry a large selection and the top brands like Frisco, Littlearth, and more. Find everything you need in one place. FREE shipping on orders $49+ and the BEST customer service!",228,,Aquascape,1,aquascape,True,True,False,False,False,False,False,False,28,322,3,,,,,,,,,,,,,,1.0
HVF,H1,H1 is too generic,https://www.chewy.com/f/aquasprouts_f1v155520,True,Make the H1 more descriptive of the page intent.,AquaSprouts,AquaSprouts - Free shipping | Chewy,35,"Shop Chewy for low prices and the best products! We carry a large selection and the top brands like Frisco, Littlearth, and more. Find everything you need in one place. FREE shipping on orders $49+ and the BEST customer service!",228,,AquaSprouts,1,aquasprouts,True,True,False,False,False,False,False,False,6,308,3,,,,,,,,,,,,,,1.0
HVF,H1,H1 is too generic,https://www.chewy.com/f/aquatlantis_f1v21918,True,Make the H1 more descriptive of the page intent.,Aquatlantis,Aquatlantis - Free shipping | Chewy,35,"Shop Chewy for low prices and the best products! We carry a large selection and the top brands like Frisco, Littlearth, and more. Find everything you need in one place. FREE shipping on orders $49+ and the BEST customer service!",228,,Aquatlantis,1,aquatlantis,,False,False,False,False,False,False,False,3,304,3,,,,,,,,,,,,,,
HVF,H1,H1 is too generic,https://www.chewy.com/f/aquazen_f1v23718,True,Make the H1 more descriptive of the page intent.,AquaZen,AquaZen - Free shipping | Chewy,31,"Shop Chewy for low prices and the best products! We carry a large selection and the top brands like Frisco, Littlearth, and more. Find everything you need in one place. FREE shipping on orders $49+ and the BEST customer service!",228,,AquaZen,1,aquazen,True,True,False,False,False,False,False,False,46,336,3,,,,,,,,,,,,,,1.0
HVF,H1,H1 is too generic,https://www.chewy.com/f/arcequine_f1v30014,True,Make the H1 more descriptive of the page intent.,ArcEquine,ArcEquine - Free shipping | Chewy,33,"Shop Chewy for low prices and the best products! We carry a large selection and the top brands like Frisco, Littlearth, and more. Find everything you need in one place. FREE shipping on orders $49+ and the BEST customer service!",228,,ArcEquine,1,arcequine,,False,False,False,False,False,False,False,2,304,3,,,,,,,,,,,,,,
HVF,H1,H1 is too generic,https://www.chewy.com/f/archway_f1v22910,True,Make the H1 more descriptive of the page intent.,Archway,Archway - Free shipping | Chewy,31,"Shop Chewy for low prices and the best products! We carry a large selection and the top brands like Frisco, Littlearth, and more. Find everything you need in one place. FREE shipping on orders $49+ and the BEST customer service!",228,,Archway,1,archway,True,True,False,False,False,False,False,False,12,313,3,,,,,,,,,,,,,,1.0
HVF,H1,H1 is too generic,https://www.chewy.com/f/arden_f1v150951,True,Make the H1 more descriptive of the page intent.,Arden,Arden - Free shipping | Chewy,29,"Shop Chewy for low prices and the best products! We carry a large selection and the top brands like Frisco, Littlearth, and more. Find everything you need in one place. FREE shipping on orders $49+ and the BEST customer service!",228,,Arden,1,arden,,False,False,False,False,False,False,False,2,304,3,,,,,,,,,,,,,,
HVF,H1,H1 is too generic,https://www.chewy.com/f/arenti_f1v25742,True,Make the H1 more descriptive of the page intent.,Arenti,Arenti - Free shipping | Chewy,30,"Shop Chewy for low prices and the best products! We carry a large selection and the top brands like Frisco, Littlearth, and more. Find everything you need in one place. FREE shipping on orders $49+ and the BEST customer service!",228,,Arenti,1,arenti,True,True,False,False,False,False,False,False,7,310,3,,,,,,,,,,,,,,1.0
HVF,H1,H1 is too generic,https://www.chewy.com/f/arkus_f1v287229,True,Make the H1 more descriptive of the page intent.,Arkus,Arkus - Free shipping | Chewy,29,"Shop Chewy for low prices and the best products! We carry a large selection and the top brands like Frisco, Littlearth, and more. Find everything you need in one place. FREE shipping on orders $49+ and the BEST customer service!",228,,Arkus,1,arkus,,False,False,False,False,False,False,False,3,305,3,,,,,,,,,,,,,,
HVF,H1,H1 is too generic,https://www.chewy.com/f/artemis_f1v322366,True,Make the H1 more descriptive of the page intent.,Artemis,Artemis - Free shipping | Chewy,31,"Shop Chewy for low prices and the best products! We carry a large selection and the top brands like Frisco, Littlearth, and more. Find everything you need in one place. FREE shipping on orders $49+ and the BEST customer service!",228,,Artemis,1,artemis,True,True,False,False,False,False,False,False,29,322,3,,,,,,,,,,,,,,1.0
HVF,H1,H1 is too generic,https://www.chewy.com/f/artero_f1v29502,True,Make the H1 more descriptive of the page intent.,ARTERO,ARTERO - Free shipping | Chewy,30,"Shop Chewy for low prices and the best products! We carry a large selection and the top brands like Frisco, Littlearth, and more. Find everything you need in one place. FREE shipping on orders $49+ and the BEST customer service!",228,,ARTERO,1,artero,True,True,False,False,False,False,False,False,56,340,3,,,,,,,,,,,,,,1.0
HVF,H1,H1 is too generic,https://www.chewy.com/f/arterra_f1v19958,True,Make the H1 more descriptive of the page intent.,Arterra,Arterra - Free shipping | Chewy,31,"Shop Chewy for low prices and the best products! We carry a large selection and the top brands like Frisco, Littlearth, and more. Find everything you need in one place. FREE shipping on orders $49+ and the BEST customer service!",228,,Arterra,1,arterra,True,True,False,False,False,False,False,False,11,307,3,,,,,,,,,,,,,,3.0
HVF,H1,H1 is too generic,https://www.chewy.com/f/asf_f1v455418,True,Make the H1 more descriptive of the page intent.,ASF,ASF - Free shipping | Chewy,27,"Shop Chewy for low prices and the best products! We carry a large selection and the top brands like Frisco, Littlearth, and more. Find everything you need in one place. FREE shipping on orders $49+ and the BEST customer service!",228,,ASF,1,asf,True,True,False,False,False,False,False,False,61,339,3,,,,,,,,,,,,,,1.0
HVF,H1,H1 is too generic,https://www.chewy.com/f/aspects_f1v31022,True,Make the H1 more descriptive of the page intent.,Aspects,Aspects - Free shipping | Chewy,31,"Shop Chewy for low prices and the best products! We carry a large selection and the top brands like Frisco, Littlearth, and more. Find everything you need in one place. FREE shipping on orders $49+ and the BEST customer service!",228,,Aspects,1,aspects,True,True,False,False,False,False,False,False,21,320,3,,,,,,,,,,,,,,1.0
HVF,H1,H1 is too generic,https://www.chewy.com/f/astropet_f1v33078,True,Make the H1 more descriptive of the page intent.,AstroPet,AstroPet - Free shipping | Chewy,32,"Shop Chewy for low prices and the best products! We carry a large selection and the top brands like Frisco, Littlearth, and more. Find everything you need in one place. FREE shipping on orders $49+ and the BEST customer service!",228,,AstroPet,1,astropet,True,False,False,False,False,False,False,False,4,306,3,,,,,,,,,,,,,,
HVF,H1,H1 is too generic,https://www.chewy.com/f/atenolol_f1v285956,True,Make the H1 more descriptive of the page intent.,Atenolol,Atenolol - Free shipping | Chewy,32,"Shop Chewy for low prices and the best products! We carry a large selection and the top brands like Frisco, Littlearth, and more. Find everything you need in one place. FREE shipping on orders $49+ and the BEST customer service!",228,,Atenolol,1,atenolol,,False,False,False,False,False,False,False,11,304,3,,,,,,,,,,,,,,
HVF,H1,H1 is too generic,https://www.chewy.com/f/atifbop_f1v19606,True,Make the H1 more descriptive of the page intent.,ATIFBOP,ATIFBOP - Free shipping | Chewy,31,"Shop Chewy for low prices and the best products! We carry a large selection and the top brands like Frisco, Littlearth, and more. Find everything you need in one place. FREE shipping on orders $49+ and the BEST customer service!",228,,ATIFBOP,1,atifbop,True,True,False,False,False,False,False,False,18,310,3,,,,,,,,,,,,,,1.0
HVF,H1,H1 is too generic,https://www.chewy.com/f/atjafurn_f1v29590,True,Make the H1 more descriptive of the page intent.,ATJafurn,ATJafurn - Free shipping | Chewy,32,"Shop Chewy for low prices and the best products! We carry a large selection and the top brands like Frisco, Littlearth, and more. Find everything you need in one place. FREE shipping on orders $49+ and the BEST customer service!",228,,ATJafurn,1,atjafurn,True,True,False,False,False,False,False,False,22,318,3,,,,,,,,,,,,,,1.0
HVF,H1,H1 is too generic,https://www.chewy.com/f/atlantic_f1v34070,True,Make the H1 more descriptive of the page intent.,Atlantic,Atlantic - Free shipping | Chewy,32,"Shop Chewy for low prices and the best products! We carry a large selection and the top brands like Frisco, Littlearth, and more. Find everything you need in one place. FREE shipping on orders $49+ and the BEST customer service!",228,,Atlantic,1,atlantic,True,True,False,False,False,False,False,False,21,313,3,,,,,,,,,,,,,,
HVF,H1,H1 is too generic,https://www.chewy.com/f/atopivet_f1v21094,True,Make the H1 more descriptive of the page intent.,Atopivet,Atopivet - Free shipping | Chewy,32,"Shop Chewy for low prices and the best products! We carry a large selection and the top brands like Frisco, Littlearth, and more. Find everything you need in one place. FREE shipping on orders $49+ and the BEST customer service!",228,,Atopivet,1,atopivet,True,True,False,False,False,False,False,False,5,306,3,,,,,,,,,,,,,,1.0
HVF,H1,H1 is too generic,https://www.chewy.com/f/aubiose_f1v319315,True,Make the H1 more descriptive of the page intent.,Aubiose,Aubiose - Free shipping | Chewy,31,"Shop Chewy for low prices and the best products! We carry a large selection and the top brands like Frisco, Littlearth, and more. Find everything you need in one place. FREE shipping on orders $49+ and the BEST customer service!",228,,Aubiose,1,aubiose,,False,False,False,False,False,False,False,3,305,3,,,,,,,,,,,,,,
HVF,H1,H1 is too generic,https://www.chewy.com/f/audubon_f1v18246,True,Make the H1 more descriptive of the page intent.,Audubon,Audubon - Free shipping | Chewy,31,"Shop Chewy for low prices and the best products! We carry a large selection and the top brands like Frisco, Littlearth, and more. Find everything you need in one place. FREE shipping on orders $49+ and the BEST customer service!",228,,Audubon,1,audubon,True,True,False,False,False,False,False,False,15,316,3,,,,,,,,,,,,,,1.0
HVF,H1,H1 is too generic,https://www.chewy.com/f/autoslide_f1v389538,True,Make the H1 more descriptive of the page intent.,Autoslide,Autoslide - Free shipping | Chewy,33,"Shop Chewy for low prices and the best products! We carry a large selection and the top brands like Frisco, Littlearth, and more. Find everything you need in one place. FREE shipping on orders $49+ and the BEST customer service!",228,,Autoslide,1,autoslide,,False,False,False,False,False,False,False,2,304,3,,,,,,,,,,,,,,
HVF,H1,H1 is too generic,https://www.chewy.com/f/aventix_f1v739770,True,Make the H1 more descriptive of the page intent.,Aventix,Aventix - Free shipping | Chewy,31,"Shop Chewy for low prices and the best products! We carry a large selection and the top brands like Frisco, Littlearth, and more. Find everything you need in one place. FREE shipping on orders $49+ and the BEST customer service!",228,aventix,Aventix,1,aventix,True,True,False,False,False,False,False,False,4,306,3,,,,,,,1,1,9.0,1,0,0,0,1.0
HVF,H1,H1 is too generic,https://www.chewy.com/f/awoo_f1v226713,True,Make the H1 more descriptive of the page intent.,Awoo,Awoo - Free shipping | Chewy,28,"Shop Chewy for low prices and the best products! We carry a large selection and the top brands like Frisco, Littlearth, and more. Find everything you need in one place. FREE shipping on orders $49+ and the BEST customer service!",228,awoo,Awoo,1,awoo,True,True,False,False,False,False,False,False,252,339,3,,,,,,,1,1,12.0,0,1,0,0,2.0
HVF,H1,H1 is too generic,https://www.chewy.com/f/azathioprine_f1v365041,True,Make the H1 more descriptive of the page intent.,Azathioprine,Azathioprine - Free shipping | Chewy,36,"Shop Chewy for low prices and the best products! We carry a large selection and the top brands like Frisco, Littlearth, and more. Find everything you need in one place. FREE shipping on orders $49+ and the BEST customer service!",228,,Azathioprine,1,azathioprine,,False,False,False,False,False,False,False,7,304,3,,,,,,,,,,,,,,
HVF,H1,H1 is too generic,https://www.chewy.com/f/azestfor_f1v24422,True,Make the H1 more descriptive of the page intent.,Azestfor,Azestfor - Free shipping | Chewy,32,"Shop Chewy for low prices and the best products! We carry a large selection and the top brands like Frisco, Littlearth, and more. Find everything you need in one place. FREE shipping on orders $49+ and the BEST customer service!",228,,Azestfor,1,azestfor,True,True,False,False,False,False,False,False,5,307,3,,,,,,,,,,,,,,1.0
HVF,H1,H1 is too generic,https://www.chewy.com/f/azithromycin_f1v502588,True,Make the H1 more descriptive of the page intent.,Azithromycin,Azithromycin - Free shipping | Chewy,36,"Shop Chewy for low prices and the best products! We carry a large selection and the top brands like Frisco, Littlearth, and more. Find everything you need in one place. FREE shipping on orders $49+ and the BEST customer service!",228,,Azithromycin,1,azithromycin,,False,False,False,False,False,False,False,4,304,3,,,,,,,,,,,,,,
HVF,H1,H1 is too generic,https://www.chewy.com/f/azuna_f1v33350,True,Make the H1 more descriptive of the page intent.,Azuna,Azuna - Free shipping | Chewy,29,"Shop Chewy for low prices and the best products! We carry a large selection and the top brands like Frisco, Littlearth, and more. Find everything you need in one place. FREE shipping on orders $49+ and the BEST customer service!",228,,Azuna,1,azuna,True,True,False,False,False,False,False,False,5,308,3,,,,,,,,,,,,,,1.0
HVF,H1,H1 is too generic,https://www.chewy.com/f/b-vertigo_f1v363194,True,Make the H1 more descriptive of the page intent.,B Vertigo,B Vertigo - Free shipping | Chewy,33,"Shop Chewy for low prices and the best products! We carry a large selection and the top brands like Frisco, Littlearth, and more. Find everything you need in one place. FREE shipping on orders $49+ and the BEST customer service!",228,b vertigo,B Vertigo,1,b-vertigo,True,True,False,False,False,False,False,False,140,338,3,,,,,,,1,1,27.0,0,0,1,0,1.0
HVF,H1,H1 is too generic,https://www.chewy.com/f/b-complete_f1v21686,True,Make the H1 more descriptive of the page intent.,B-COMPLETE,B-COMPLETE - Free shipping | Chewy,34,"Shop Chewy for low prices and the best products! We carry a large selection and the top brands like Frisco, Littlearth, and more. Find everything you need in one place. FREE shipping on orders $49+ and the BEST customer service!",228,,B-COMPLETE,1,b-complete,,False,False,False,False,False,False,False,3,304,3,,,,,,,,,,,,,,
HVF,H1,H1 is too generic,https://www.chewy.com/f/baker_f1v531076,True,Make the H1 more descriptive of the page intent.,Baker,Baker - Free shipping | Chewy,29,"Shop Chewy for low prices and the best products! We carry a large selection and the top brands like Frisco, Littlearth, and more. Find everything you need in one place. FREE shipping on orders $49+ and the BEST customer service!",228,,Baker,1,baker,,False,False,False,False,False,False,False,5,304,3,,,,,,,,,,,,,,
HVF,H1,H1 is too generic,https://www.chewy.com/f/balancegi_f1v22542,True,Make the H1 more descriptive of the page intent.,BalanceGI,BalanceGI - Free shipping | Chewy,33,"Shop Chewy for low prices and the best products! We carry a large selection and the top brands like Frisco, Littlearth, and more. Find everything you need in one place. FREE shipping on orders $49+ and the BEST customer service!",228,,BalanceGI,1,balancegi,,False,False,False,False,False,False,False,3,304,3,,,,,,,,,,,,,,
HVF,H1,H1 is too generic,https://www.chewy.com/f/balto_f1v504884,True,Make the H1 more descriptive of the page intent.,Balto,Balto - Free shipping | Chewy,29,"Shop Chewy for low prices and the best products! We carry a large selection and the top brands like Frisco, Littlearth, and more. Find everything you need in one place. FREE shipping on orders $49+ and the BEST customer service!",228,,Balto,1,balto,True,True,False,False,False,False,False,False,90,318,3,,,,,,,,,,,,,,1.0
HVF,H1,H1 is too generic,https://www.chewy.com/f/barbour_f1v17902,True,Make the H1 more descriptive of the page intent.,Barbour,Barbour - Free shipping | Chewy,31,"Shop Chewy for low prices and the best products! We carry a large selection and the top brands like Frisco, Littlearth, and more. Find everything you need in one place. FREE shipping on orders $49+ and the BEST customer service!",228,,Barbour,1,barbour,True,True,False,False,False,False,False,False,154,339,3,,,,,,,,,,,,,,3.0
HVF,H1,H1 is too generic,https://www.chewy.com/f/bark2basics_f1v246681,True,Make the H1 more descriptive of the page intent.,Bark2Basics,Bark2Basics - Free shipping | Chewy,35,"Shop Chewy for low prices and the best products! We carry a large selection and the top brands like Frisco, Littlearth, and more. Find everything you need in one place. FREE shipping on orders $49+ and the BEST customer service!",228,,Bark2Basics,1,bark2basics,,False,False,False,False,False,False,False,2,304,3,,,,,,,,,,,,,,
HVF,H1,H1 is too generic,https://www.chewy.com/f/barkbay_f1v27006,True,Make the H1 more descriptive of the page intent.,BARKBAY,BARKBAY - Free shipping | Chewy,31,"Shop Chewy for low prices and the best products! We carry a large selection and the top brands like Frisco, Littlearth, and more. Find everything you need in one place. FREE shipping on orders $49+ and the BEST customer service!",228,,BARKBAY,1,barkbay,True,True,False,False,False,False,False,False,356,310,3,,,,,,,,,,,,,,1.0
HVF,H1,H1 is too generic,https://www.chewy.com/f/barkful_f1v27422,True,Make the H1 more descriptive of the page intent.,Barkful,Barkful - Free shipping | Chewy,31,"Shop Chewy for low prices and the best products! We carry a large selection and the top brands like Frisco, Littlearth, and more. Find everything you need in one place. FREE shipping on orders $49+ and the BEST customer service!",228,,Barkful,1,barkful,True,True,False,False,False,False,False,False,6,308,3,,,,,,,,,,,,,,1.0
HVF,H1,H1 is too generic,https://www.chewy.com/f/barkin_f1v33886,True,Make the H1 more descriptive of the page intent.,Barkin,Barkin - Free shipping | Chewy,30,"Shop Chewy for low prices and the best products! We carry a large selection and the top brands like Frisco, Littlearth, and more. Find everything you need in one place. FREE shipping on orders $49+ and the BEST customer service!",228,,Barkin,1,barkin,True,True,False,False,False,False,False,False,10,312,3,,,,,,,,,,,,,,1.0
HVF,H1,H1 is too generic,https://www.chewy.com/f/barkista_f1v32294,True,Make the H1 more descriptive of the page intent.,Barkista,Barkista - Free shipping | Chewy,32,"Shop Chewy for low prices and the best products! We carry a large selection and the top brands like Frisco, Littlearth, and more. Find everything you need in one place. FREE shipping on orders $49+ and the BEST customer service!",228,,Barkista,1,barkista,True,True,False,False,False,False,False,False,5,307,3,,,,,,,,,,,,,,1.0
HVF,H1,H1 is too generic,https://www.chewy.com/f/barkle_f1v29318,True,Make the H1 more descriptive of the page intent.,Barkle,Barkle - Free shipping | Chewy,30,"Shop Chewy for low prices and the best products! We carry a large selection and the top brands like Frisco, Littlearth, and more. Find everything you need in one place. FREE shipping on orders $49+ and the BEST customer service!",228,,Barkle,1,barkle,,False,False,False,False,False,False,False,2,304,3,,,,,,,,,,,,,,
HVF,H1,H1 is too generic,https://www.chewy.com/f/barkly_f1v33742,True,Make the H1 more descriptive of the page intent.,Barkly,Barkly - Free shipping | Chewy,30,"Shop Chewy for low prices and the best products! We carry a large selection and the top brands like Frisco, Littlearth, and more. Find everything you need in one place. FREE shipping on orders $49+ and the BEST customer service!",228,,Barkly,1,barkly,,False,False,False,False,False,False,False,2,304,3,,,,,,,,,,,,,,
HVF,H1,H1 is too generic,https://www.chewy.com/f/barkvites_f1v30254,True,Make the H1 more descriptive of the page intent.,BarkVites,BarkVites - Free shipping | Chewy,33,"Shop Chewy for low prices and the best products! We carry a large selection and the top brands like Frisco, Littlearth, and more. Find everything you need in one place. FREE shipping on orders $49+ and the BEST customer service!",228,,BarkVites,1,barkvites,True,False,False,False,False,False,False,False,4,306,3,,,,,,,,,,,,,,1.0
HVF,H1,H1 is too generic,https://www.chewy.com/f/barpor_f1v22406,True,Make the H1 more descriptive of the page intent.,Barpor,Barpor - Free shipping | Chewy,30,"Shop Chewy for low prices and the best products! We carry a large selection and the top brands like Frisco, Littlearth, and more. Find everything you need in one place. FREE shipping on orders $49+ and the BEST customer service!",228,,Barpor,1,barpor,True,True,False,False,False,False,False,False,28,312,3,,,,,,,,,,,,,,1.0
HVF,H1,H1 is too generic,https://www.chewy.com/f/bartuke_f1v26222,True,Make the H1 more descriptive of the page intent.,Bartuke,Bartuke - Free shipping | Chewy,31,"Shop Chewy for low prices and the best products! We carry a large selection and the top brands like Frisco, Littlearth, and more. Find everything you need in one place. FREE shipping on orders $49+ and the BEST customer service!",228,,Bartuke,1,bartuke,True,True,False,False,False,False,False,False,82,337,3,,,,,,,,,,,,,,1.0
HVF,H1,H1 is too generic,https://www.chewy.com/f/bawan_f1v38318,True,Make the H1 more descriptive of the page intent.,BAWAN,BAWAN - Free shipping | Chewy,29,"Shop Chewy for low prices and the best products! We carry a large selection and the top brands like Frisco, Littlearth, and more. Find everything you need in one place. FREE shipping on orders $49+ and the BEST customer service!",228,,BAWAN,1,bawan,,False,False,False,False,False,False,False,3,305,3,,,,,,,,,,,,,,
HVF,H1,H1 is too generic,https://www.chewy.com/f/baxter_f1v527911,True,Make the H1 more descriptive of the page intent.,Baxter,Baxter - Free shipping | Chewy,30,"Shop Chewy for low prices and the best products! We carry a large selection and the top brands like Frisco, Littlearth, and more. Find everything you need in one place. FREE shipping on orders $49+ and the BEST customer service!",228,,Baxter,1,baxter,,False,False,False,False,False,False,False,9,305,3,,,,,,,,,,,,,,
HVF,H1,H1 is too generic,https://www.chewy.com/f/beaktivity_f1v24590,True,Make the H1 more descriptive of the page intent.,Beaktivity,Beaktivity - Free shipping | Chewy,34,"Shop Chewy for low prices and the best products! We carry a large selection and the top brands like Frisco, Littlearth, and more. Find everything you need in one place. FREE shipping on orders $49+ and the BEST customer service!",228,,Beaktivity,1,beaktivity,True,True,False,False,False,False,False,False,43,317,3,,,,,,,,,,,,,,1.0
HVF,H1,H1 is too generic,https://www.chewy.com/f/beautyrest_f1v331057,True,Make the H1 more descriptive of the page intent.,Beautyrest,Beautyrest - Free shipping | Chewy,34,"Shop Chewy for low prices and the best products! We carry a large selection and the top brands like Frisco, Littlearth, and more. Find everything you need in one place. FREE shipping on orders $49+ and the BEST customer service!",228,,Beautyrest,1,beautyrest,True,True,False,False,False,False,False,False,18,307,3,,,,,,,,,,,,,,1.0
HVF,H1,H1 is too generic,https://www.chewy.com/f/bedvoyage_f1v23414,True,Make the H1 more descriptive of the page intent.,BedVoyage,BedVoyage - Free shipping | Chewy,33,"Shop Chewy for low prices and the best products! We carry a large selection and the top brands like Frisco, Littlearth, and more. Find everything you need in one place. FREE shipping on orders $49+ and the BEST customer service!",228,,BedVoyage,1,bedvoyage,True,True,False,False,False,False,False,False,119,321,3,,,,,,,,,,,,,,1.0
HVF,H1,H1 is too generic,https://www.chewy.com/f/beefeaters_f1v157505,True,Make the H1 more descriptive of the page intent.,Beefeaters,Beefeaters - Free shipping | Chewy,34,"Shop Chewy for low prices and the best products! We carry a large selection and the top brands like Frisco, Littlearth, and more. Find everything you need in one place. FREE shipping on orders $49+ and the BEST customer service!",228,,Beefeaters,1,beefeaters,True,True,False,False,False,False,False,False,54,334,3,,,,,,,,,,,,,,1.0
HVF,H1,H1 is too generic,https://www.chewy.com/f/beenbkks_f1v18110,True,Make the H1 more descriptive of the page intent.,beeNbkks,beeNbkks - Free shipping | Chewy,32,"Shop Chewy for low prices and the best products! We carry a large selection and the top brands like Frisco, Littlearth, and more. Find everything you need in one place. FREE shipping on orders $49+ and the BEST customer service!",228,,beeNbkks,1,beenbkks,True,False,False,False,False,False,False,False,10,311,3,,,,,,,,,,,,,,1.0
HVF,H1,H1 is too generic,https://www.chewy.com/f/begleys_f1v423422,True,Make the H1 more descriptive of the page intent.,Begley's,Begley's - Free shipping | Chewy,32,"Shop Chewy for low prices and the best products! We carry a large selection and the top brands like Frisco, Littlearth, and more. Find everything you need in one place. FREE shipping on orders $49+ and the BEST customer service!",228,,Begley's,1,begleys,True,False,False,False,False,False,False,False,34,315,3,,,,,,,,,,,,,,1.0
HVF,H1,H1 is too generic,https://www.chewy.com/f/behrens_f1v474339,True,Make the H1 more descriptive of the page intent.,Behrens,Behrens - Free shipping | Chewy,31,"Shop Chewy for low prices and the best products! We carry a large selection and the top brands like Frisco, Littlearth, and more. Find everything you need in one place. FREE shipping on orders $49+ and the BEST customer service!",228,,Behrens,1,behrens,True,True,False,False,False,False,False,False,11,310,3,,,,,,,,,,,,,,
HVF,H1,H1 is too generic,https://www.chewy.com/f/bellylabs_f1v26942,True,Make the H1 more descriptive of the page intent.,Bellylabs,Bellylabs - Free shipping | Chewy,33,"Shop Chewy for low prices and the best products! We carry a large selection and the top brands like Frisco, Littlearth, and more. Find everything you need in one place. FREE shipping on orders $49+ and the BEST customer service!",228,,Bellylabs,1,bellylabs,,False,False,False,False,False,False,False,3,305,3,,,,,,,,,,,,,,
HVF,H1,H1 is too generic,https://www.chewy.com/f/bemate_f1v38694,True,Make the H1 more descriptive of the page intent.,BeMate,BeMate - Free shipping | Chewy,30,"Shop Chewy for low prices and the best products! We carry a large selection and the top brands like Frisco, Littlearth, and more. Find everything you need in one place. FREE shipping on orders $49+ and the BEST customer service!",228,,BeMate,1,bemate,True,True,False,False,False,False,False,False,7,309,3,,,,,,,,,,,,,,1.0
HVF,H1,H1 is too generic,https://www.chewy.com/f/bens_f1v361029,True,Make the H1 more descriptive of the page intent.,Ben's,Ben's - Free shipping | Chewy,29,"Shop Chewy for low prices and the best products! We carry a large selection and the top brands like Frisco, Littlearth, and more. Find everything you need in one place. FREE shipping on orders $49+ and the BEST customer service!",228,,Ben's,1,bens,,False,False,False,False,False,False,False,2,304,3,,,,,,,,,,,,,,
HVF,H1,H1 is too generic,https://www.chewy.com/f/benazepril_f1v125426,True,Make the H1 more descriptive of the page intent.,Benazepril,Benazepril - Free shipping | Chewy,34,"Shop Chewy for low prices and the best products! We carry a large selection and the top brands like Frisco, Littlearth, and more. Find everything you need in one place. FREE shipping on orders $49+ and the BEST customer service!",228,,Benazepril,1,benazepril,,False,False,False,False,False,False,False,16,304,3,,,,,,,,,,,,,,
HVF,H1,H1 is too generic,https://www.chewy.com/f/bencmate_f1v18958,True,Make the H1 more descriptive of the page intent.,Bencmate,Bencmate - Free shipping | Chewy,32,"Shop Chewy for low prices and the best products! We carry a large selection and the top brands like Frisco, Littlearth, and more. Find everything you need in one place. FREE shipping on orders $49+ and the BEST customer service!",228,,Bencmate,1,bencmate,,False,False,False,False,False,False,False,22,304,3,,,,,,,,,,,,,,1.0
HVF,H1,H1 is too generic,https://www.chewy.com/f/benefab_f1v4862,True,Make the H1 more descriptive of the page intent.,Benefab,Benefab - Free shipping | Chewy,31,"Shop Chewy for low prices and the best products! We carry a large selection and the top brands like Frisco, Littlearth, and more. Find everything you need in one place. FREE shipping on orders $49+ and the BEST customer service!",228,benefab,Benefab,1,benefab,True,True,False,False,False,False,False,False,22,312,3,,,,,,,1,1,24.0,0,0,1,0,1.0
HVF,H1,H1 is too generic,https://www.chewy.com/f/berenlefe_f1v31878,True,Make the H1 more descriptive of the page intent.,Berenlefe,Berenlefe - Free shipping | Chewy,33,"Shop Chewy for low prices and the best products! We carry a large selection and the top brands like Frisco, Littlearth, and more. Find everything you need in one place. FREE shipping on orders $49+ and the BEST customer service!",228,,Berenlefe,1,berenlefe,,False,False,False,False,False,False,False,11,305,3,,,,,,,,,,,,,,
HVF,H1,H1 is too generic,https://www.chewy.com/f/bernies_f1v368657,True,Make the H1 more descriptive of the page intent.,Bernie's,Bernie's - Free shipping | Chewy,32,"Shop Chewy for low prices and the best products! We carry a large selection and the top brands like Frisco, Littlearth, and more. Find everything you need in one place. FREE shipping on orders $49+ and the BEST customer service!",228,,Bernie's,1,bernies,True,True,False,False,False,False,False,False,15,313,3,,,,,,,,,,,,,,1.0
HVF,H1,H1 is too generic,https://www.chewy.com/f/best-friend_f1v261695,True,Make the H1 more descriptive of the page intent.,Best Friend,Best Friend - Free shipping | Chewy,35,"Shop Chewy for low prices and the best products! We carry a large selection and the top brands like Frisco, Littlearth, and more. Find everything you need in one place. FREE shipping on orders $49+ and the BEST customer service!",228,,Best Friend,1,best-friend,True,True,False,False,False,False,False,False,52,315,3,,,,,,,,,,,,,,
HVF,H1,H1 is too generic,https://www.chewy.com/f/besties_f1v469913,True,Make the H1 more descriptive of the page intent.,Besties,Besties - Free shipping | Chewy,31,"Shop Chewy for low prices and the best products! We carry a large selection and the top brands like Frisco, Littlearth, and more. Find everything you need in one place. FREE shipping on orders $49+ and the BEST customer service!",228,,Besties,1,besties,True,True,False,False,False,False,False,False,505,339,3,,,,,,,,,,,,,,1.0
HVF,H1,H1 is too generic,https://www.chewy.com/f/betterbone_f1v393908,True,Make the H1 more descriptive of the page intent.,BetterBone,BetterBone - Free shipping | Chewy,34,"Shop Chewy for low prices and the best products! We carry a large selection and the top brands like Frisco, Littlearth, and more. Find everything you need in one place. FREE shipping on orders $49+ and the BEST customer service!",228,,BetterBone,1,betterbone,True,True,False,False,False,False,False,False,14,310,3,,,,,,,,,,,,,,1.0
HVF,H1,H1 is too generic,https://www.chewy.com/f/beurer_f1v438020,True,Make the H1 more descriptive of the page intent.,Beurer,Beurer - Free shipping | Chewy,30,"Shop Chewy for low prices and the best products! We carry a large selection and the top brands like Frisco, Littlearth, and more. Find everything you need in one place. FREE shipping on orders $49+ and the BEST customer service!",228,,Beurer,1,beurer,True,True,False,False,False,False,False,False,13,315,3,,,,,,,,,,,,,,
HVF,H1,H1 is too generic,https://www.chewy.com/f/bexacat_f1v144421,True,Make the H1 more descriptive of the page intent.,Bexacat,Bexacat - Free shipping | Chewy,31,"Shop Chewy for low prices and the best products! We carry a large selection and the top brands like Frisco, Littlearth, and more. Find everything you need in one place. FREE shipping on orders $49+ and the BEST customer service!",228,,Bexacat,1,bexacat,,False,False,False,False,False,False,False,3,304,3,,,,,,,,,,,,,,
HVF,H1,H1 is too generic,https://www.chewy.com/f/beyondgreen_f1v355605,True,Make the H1 more descriptive of the page intent.,beyondGREEN,beyondGREEN - Free shipping | Chewy,35,"Shop Chewy for low prices and the best products! We carry a large selection and the top brands like Frisco, Littlearth, and more. Find everything you need in one place. FREE shipping on orders $49+ and the BEST customer service!",228,beyondgreen,beyondGREEN,1,beyondgreen,True,True,False,False,False,False,False,False,15,311,3,,,,,,,1,1,13.0,0,1,0,0,1.0
HVF,H1,H1 is too generic,https://www.chewy.com/f/bfpethome_f1v31990,True,Make the H1 more descriptive of the page intent.,BFPETHOME,BFPETHOME - Free shipping | Chewy,33,"Shop Chewy for low prices and the best products! We carry a large selection and the top brands like Frisco, Littlearth, and more. Find everything you need in one place. FREE shipping on orders $49+ and the BEST customer service!",228,,BFPETHOME,1,bfpethome,True,False,False,False,False,False,False,False,18,306,3,,,,,,,,,,,,,,
HVF,H1,H1 is too generic,https://www.chewy.com/f/bickmore_f1v285057,True,Make the H1 more descriptive of the page intent.,Bickmore,Bickmore - Free shipping | Chewy,32,"Shop Chewy for low prices and the best products! We carry a large selection and the top brands like Frisco, Littlearth, and more. Find everything you need in one place. FREE shipping on orders $49+ and the BEST customer service!",228,,Bickmore,1,bickmore,True,True,False,False,False,False,False,False,7,307,3,,,,,,,,,,,,,,1.0
HVF,H1,H1 is too generic,https://www.chewy.com/f/bifid_f1v18518,True,Make the H1 more descriptive of the page intent.,bifid,bifid - Free shipping | Chewy,29,"Shop Chewy for low prices and the best products! We carry a large selection and the top brands like Frisco, Littlearth, and more. Find everything you need in one place. FREE shipping on orders $49+ and the BEST customer service!",228,,bifid,1,bifid,True,True,False,False,False,False,False,False,9,311,3,,,,,,,,,,,,,,
HVF,H1,H1 is too generic,https://www.chewy.com/f/bimeda_f1v770766,True,Make the H1 more descriptive of the page intent.,Bimeda,Bimeda - Free shipping | Chewy,30,"Shop Chewy for low prices and the best products! We carry a large selection and the top brands like Frisco, Littlearth, and more. Find everything you need in one place. FREE shipping on orders $49+ and the BEST customer service!",228,,Bimeda,1,bimeda,True,True,False,False,False,False,False,False,7,309,3,,,,,,,,,,,,,,1.0
HVF,H1,H1 is too generic,https://www.chewy.com/f/bingopaw_f1v20974,True,Make the H1 more descriptive of the page intent.,BingoPaw,BingoPaw - Free shipping | Chewy,32,"Shop Chewy for low prices and the best products! We carry a large selection and the top brands like Frisco, Littlearth, and more. Find everything you need in one place. FREE shipping on orders $49+ and the BEST customer service!",228,,BingoPaw,1,bingopaw,True,True,False,False,False,False,False,False,117,339,3,,,,,,,,,,,,,,1.0
HVF,H1,H1 is too generic,https://www.chewy.com/f/biobag_f1v325839,True,Make the H1 more descriptive of the page intent.,BioBag,BioBag - Free shipping | Chewy,30,"Shop Chewy for low prices and the best products! We carry a large selection and the top brands like Frisco, Littlearth, and more. Find everything you need in one place. FREE shipping on orders $49+ and the BEST customer service!",228,biobag,BioBag,1,biobag,True,True,False,False,False,False,False,False,5,307,3,,,,,,,1,1,,0,0,0,1,1.0
HVF,H1,H1 is too generic,https://www.chewy.com/f/bioez_f1v399342,True,Make the H1 more descriptive of the page intent.,BioEZ,BioEZ - Free shipping | Chewy,29,"Shop Chewy for low prices and the best products! We carry a large selection and the top brands like Frisco, Littlearth, and more. Find everything you need in one place. FREE shipping on orders $49+ and the BEST customer service!",228,,BioEZ,1,bioez,,False,False,False,False,False,False,False,5,305,3,,,,,,,,,,,,,,
HVF,H1,H1 is too generic,https://www.chewy.com/f/bioline_f1v27542,True,Make the H1 more descriptive of the page intent.,Bioline,Bioline - Free shipping | Chewy,31,"Shop Chewy for low prices and the best products! We carry a large selection and the top brands like Frisco, Littlearth, and more. Find everything you need in one place. FREE shipping on orders $49+ and the BEST customer service!",228,,Bioline,1,bioline,True,True,False,False,False,False,False,False,13,313,3,,,,,,,,,,,,,,1.0
HVF,H1,H1 is too generic,https://www.chewy.com/f/bionic_f1v454975,True,Make the H1 more descriptive of the page intent.,Bionic,Bionic - Free shipping | Chewy,30,"Shop Chewy for low prices and the best products! We carry a large selection and the top brands like Frisco, Littlearth, and more. Find everything you need in one place. FREE shipping on orders $49+ and the BEST customer service!",228,,Bionic,1,bionic,True,True,False,False,False,False,False,False,15,311,3,,,,,,,,,,,,,,
HVF,H1,H1 is too generic,https://www.chewy.com/f/biopup_f1v26142,True,Make the H1 more descriptive of the page intent.,BioPup,BioPup - Free shipping | Chewy,30,"Shop Chewy for low prices and the best products! We carry a large selection and the top brands like Frisco, Littlearth, and more. Find everything you need in one place. FREE shipping on orders $49+ and the BEST customer service!",228,,BioPup,1,biopup,,False,False,False,False,False,False,False,2,304,3,,,,,,,,,,,,,,
HVF,H1,H1 is too generic,https://www.chewy.com/f/biorb_f1v258592,True,Make the H1 more descriptive of the page intent.,biOrb,biOrb - Free shipping | Chewy,29,"Shop Chewy for low prices and the best products! We carry a large selection and the top brands like Frisco, Littlearth, and more. Find everything you need in one place. FREE shipping on orders $49+ and the BEST customer service!",228,biorb,biOrb,1,biorb,True,True,False,False,False,False,False,False,64,338,3,,,,,,,1,1,21.0,0,0,1,0,1.0
HVF,H1,H1 is too generic,https://www.chewy.com/f/biosilk_f1v497254,True,Make the H1 more descriptive of the page intent.,BioSilk,BioSilk - Free shipping | Chewy,31,"Shop Chewy for low prices and the best products! We carry a large selection and the top brands like Frisco, Littlearth, and more. Find everything you need in one place. FREE shipping on orders $49+ and the BEST customer service!",228,,BioSilk,1,biosilk,True,True,False,False,False,False,False,False,14,316,3,,,,,,,,,,,,,,1.0
HVF,H1,H1 is too generic,https://www.chewy.com/f/bird-x_f1v255443,True,Make the H1 more descriptive of the page intent.,Bird-X,Bird-X - Free shipping | Chewy,30,"Shop Chewy for low prices and the best products! We carry a large selection and the top brands like Frisco, Littlearth, and more. Find everything you need in one place. FREE shipping on orders $49+ and the BEST customer service!",228,,Bird-X,1,bird-x,,False,False,False,False,False,False,False,2,304,3,,,,,,,,,,,,,,
HVF,H1,H1 is too generic,https://www.chewy.com/f/bitebuster_f1v495919,True,Make the H1 more descriptive of the page intent.,Bitebuster,Bitebuster - Free shipping | Chewy,34,"Shop Chewy for low prices and the best products! We carry a large selection and the top brands like Frisco, Littlearth, and more. Find everything you need in one place. FREE shipping on orders $49+ and the BEST customer service!",228,,Bitebuster,1,bitebuster,True,False,False,False,False,False,False,False,6,306,3,,,,,,,,,,,,,,1.0
HVF,H1,H1 is too generic,https://www.chewy.com/f/blazin_f1v431503,True,Make the H1 more descriptive of the page intent.,Blazin,Blazin - Free shipping | Chewy,30,"Shop Chewy for low prices and the best products! We carry a large selection and the top brands like Frisco, Littlearth, and more. Find everything you need in one place. FREE shipping on orders $49+ and the BEST customer service!",228,,Blazin,1,blazin,True,True,False,False,False,False,False,False,86,308,3,,,,,,,,,,,,,,1.0
HVF,H1,H1 is too generic,https://www.chewy.com/f/blue-9_f1v21398,True,Make the H1 more descriptive of the page intent.,Blue-9,Blue-9 - Free shipping | Chewy,30,"Shop Chewy for low prices and the best products! We carry a large selection and the top brands like Frisco, Littlearth, and more. Find everything you need in one place. FREE shipping on orders $49+ and the BEST customer service!",228,,Blue-9,1,blue,True,True,False,False,False,False,False,False,134,321,3,,,,,,,,,,,,,,1.0
HVF,H1,H1 is too generic,https://www.chewy.com/f/blueacorn_f1v29206,True,Make the H1 more descriptive of the page intent.,BlueAcorn,BlueAcorn - Free shipping | Chewy,33,"Shop Chewy for low prices and the best products! We carry a large selection and the top brands like Frisco, Littlearth, and more. Find everything you need in one place. FREE shipping on orders $49+ and the BEST customer service!",228,,BlueAcorn,1,blueacorn,,False,False,False,False,False,False,False,4,305,3,,,,,,,,,,,,,,
HVF,H1,H1 is too generic,https://www.chewy.com/f/blurams_f1v27206,True,Make the H1 more descriptive of the page intent.,blurams,blurams - Free shipping | Chewy,31,"Shop Chewy for low prices and the best products! We carry a large selection and the top brands like Frisco, Littlearth, and more. Find everything you need in one place. FREE shipping on orders $49+ and the BEST customer service!",228,,blurams,1,blurams,True,True,False,False,False,False,False,False,8,311,3,,,,,,,,,,,,,,
HVF,H1,H1 is too generic,https://www.chewy.com/f/blushiez_f1v31214,True,Make the H1 more descriptive of the page intent.,Blushiez,Blushiez - Free shipping | Chewy,32,"Shop Chewy for low prices and the best products! We carry a large selection and the top brands like Frisco, Littlearth, and more. Find everything you need in one place. FREE shipping on orders $49+ and the BEST customer service!",228,,Blushiez,1,blushiez,True,True,False,False,False,False,False,False,8,310,3,,,,,,,,,,,,,,1.0
HVF,H1,H1 is too generic,https://www.chewy.com/f/bobsweep_f1v33926,True,Make the H1 more descriptive of the page intent.,bObsweep,bObsweep - Free shipping | Chewy,32,"Shop Chewy for low prices and the best products! We carry a large selection and the top brands like Frisco, Littlearth, and more. Find everything you need in one place. FREE shipping on orders $49+ and the BEST customer service!",228,,bObsweep,1,bobsweep,True,True,False,False,False,False,False,False,11,314,3,,,,,,,,,,,,,,1.0
HVF,H1,H1 is too generic,https://www.chewy.com/f/boinn_f1v38278,True,Make the H1 more descriptive of the page intent.,BOINN,BOINN - Free shipping | Chewy,29,"Shop Chewy for low prices and the best products! We carry a large selection and the top brands like Frisco, Littlearth, and more. Find everything you need in one place. FREE shipping on orders $49+ and the BEST customer service!",228,,BOINN,1,boinn,True,True,False,False,False,False,False,False,6,308,3,,,,,,,,,,,,,,1.0
HVF,H1,H1 is too generic,https://www.chewy.com/f/bona_f1v186272,True,Make the H1 more descriptive of the page intent.,Bona,Bona - Free shipping | Chewy,28,"Shop Chewy for low prices and the best products! We carry a large selection and the top brands like Frisco, Littlearth, and more. Find everything you need in one place. FREE shipping on orders $49+ and the BEST customer service!",228,,Bona,1,bona,True,True,False,False,False,False,False,False,9,311,3,,,,,,,,,,,,,,
HVF,H1,H1 is too generic,https://www.chewy.com/f/bonies_f1v400685,True,Make the H1 more descriptive of the page intent.,BONIES,BONIES - Free shipping | Chewy,30,"Shop Chewy for low prices and the best products! We carry a large selection and the top brands like Frisco, Littlearth, and more. Find everything you need in one place. FREE shipping on orders $49+ and the BEST customer service!",228,bonies,BONIES,1,bonies,True,True,False,False,False,False,False,False,38,319,3,,,,,,,1,1,10.0,1,0,0,0,2.0
HVF,H1,H1 is too generic,https://www.chewy.com/f/boone_f1v333268,True,Make the H1 more descriptive of the page intent.,Boone,Boone - Free shipping | Chewy,29,"Shop Chewy for low prices and the best products! We carry a large selection and the top brands like Frisco, Littlearth, and more. Find everything you need in one place. FREE shipping on orders $49+ and the BEST customer service!",228,,Boone,1,boone,True,True,False,False,False,False,False,False,14,316,3,,,,,,,,,,,,,,1.0
HVF,H1,H1 is too generic,https://www.chewy.com/f/bos_f1v20118,True,Make the H1 more descriptive of the page intent.,BOS,BOS - Free shipping | Chewy,27,"Shop Chewy for low prices and the best products! We carry a large selection and the top brands like Frisco, Littlearth, and more. Find everything you need in one place. FREE shipping on orders $49+ and the BEST customer service!",228,,BOS,1,bos,,False,False,False,False,False,False,False,9,305,3,,,,,,,,,,,,,,
HVF,H1,H1 is too generic,https://www.chewy.com/f/boshel_f1v821456,True,Make the H1 more descriptive of the page intent.,Boshel,Boshel - Free shipping | Chewy,30,"Shop Chewy for low prices and the best products! We carry a large selection and the top brands like Frisco, Littlearth, and more. Find everything you need in one place. FREE shipping on orders $49+ and the BEST customer service!",228,boshel,Boshel,1,boshel,True,True,False,False,False,False,False,False,14,315,3,,,,,,,1,1,16.0,0,1,0,0,1.0
HVF,H1,H1 is too generic,https://www.chewy.com/f/botvax-b_f1v20894,True,Make the H1 more descriptive of the page intent.,BotVax B,BotVax B - Free shipping | Chewy,32,"Shop Chewy for low prices and the best products! We carry a large selection and the top brands like Frisco, Littlearth, and more. Find everything you need in one place. FREE shipping on orders $49+ and the BEST customer service!",228,,BotVax B,1,botvax-b,,False,False,False,False,False,False,False,2,304,3,,,,,,,,,,,,,,
HVF,H1,H1 is too generic,https://www.chewy.com/f/boulevard_f1v356414,True,Make the H1 more descriptive of the page intent.,Boulevard,Boulevard - Free shipping | Chewy,33,"Shop Chewy for low prices and the best products! We carry a large selection and the top brands like Frisco, Littlearth, and more. Find everything you need in one place. FREE shipping on orders $49+ and the BEST customer service!",228,,Boulevard,1,boulevard,True,True,False,False,False,False,False,False,121,339,3,,,,,,,,,,,,,,1.0
HVF,H1,H1 is too generic,https://www.chewy.com/f/bousnic_f1v125180,True,Make the H1 more descriptive of the page intent.,Bousnic,Bousnic - Free shipping | Chewy,31,"Shop Chewy for low prices and the best products! We carry a large selection and the top brands like Frisco, Littlearth, and more. Find everything you need in one place. FREE shipping on orders $49+ and the BEST customer service!",228,bousnic,Bousnic,1,bousnic,True,True,False,False,False,False,False,False,71,340,3,,,,,,,1,1,,0,0,0,1,3.0
HVF,H1,H1 is too generic,https://www.chewy.com/f/braideez_f1v32806,True,Make the H1 more descriptive of the page intent.,Braideez,Braideez - Free shipping | Chewy,32,"Shop Chewy for low prices and the best products! We carry a large selection and the top brands like Frisco, Littlearth, and more. Find everything you need in one place. FREE shipping on orders $49+ and the BEST customer service!",228,,Braideez,1,braideez,,False,False,False,False,False,False,False,4,304,3,,,,,,,,,,,,,,
HVF,H1,H1 is too generic,https://www.chewy.com/f/bravowalk_f1v22014,True,Make the H1 more descriptive of the page intent.,BravoWalk,BravoWalk - Free shipping | Chewy,33,"Shop Chewy for low prices and the best products! We carry a large selection and the top brands like Frisco, Littlearth, and more. Find everything you need in one place. FREE shipping on orders $49+ and the BEST customer service!",228,,BravoWalk,1,bravowalk,,False,False,False,False,False,False,False,3,304,3,,,,,,,,,,,,,,
HVF,H1,H1 is too generic,https://www.chewy.com/f/brecknell_f1v390342,True,Make the H1 more descriptive of the page intent.,Brecknell,Brecknell - Free shipping | Chewy,33,"Shop Chewy for low prices and the best products! We carry a large selection and the top brands like Frisco, Littlearth, and more. Find everything you need in one place. FREE shipping on orders $49+ and the BEST customer service!",228,brecknell,Brecknell,1,brecknell,True,True,False,False,False,False,False,False,6,308,3,,,,,,,1,1,,0,0,0,1,1.0
HVF,H1,H1 is too generic,https://www.chewy.com/f/breyer_f1v425586,True,Make the H1 more descriptive of the page intent.,Breyer,Breyer - Free shipping | Chewy,30,"Shop Chewy for low prices and the best products! We carry a large selection and the top brands like Frisco, Littlearth, and more. Find everything you need in one place. FREE shipping on orders $49+ and the BEST customer service!",228,,Breyer,1,breyer,,False,False,False,False,False,False,False,3,306,3,,,,,,,,,,,,,,
HVF,H1,H1 is too generic,https://www.chewy.com/f/brilliant_f1v18198,True,Make the H1 more descriptive of the page intent.,Brilliant,Brilliant - Free shipping | Chewy,33,"Shop Chewy for low prices and the best products! We carry a large selection and the top brands like Frisco, Littlearth, and more. Find everything you need in one place. FREE shipping on orders $49+ and the BEST customer service!",228,,Brilliant,1,brilliant,True,True,False,False,False,False,False,False,6,306,3,,,,,,,,,,,,,,
HVF,H1,H1 is too generic,https://www.chewy.com/f/brilliantpad_f1v167100,True,Make the H1 more descriptive of the page intent.,BrilliantPad,BrilliantPad - Free shipping | Chewy,36,"Shop Chewy for low prices and the best products! We carry a large selection and the top brands like Frisco, Littlearth, and more. Find everything you need in one place. FREE shipping on orders $49+ and the BEST customer service!",228,,BrilliantPad,1,brilliantpad,True,True,False,False,False,False,False,False,6,308,3,,,,,,,,,,,,,,
HVF,H1,H1 is too generic,https://www.chewy.com/f/brinsea_f1v422287,True,Make the H1 more descriptive of the page intent.,Brinsea,Brinsea - Free shipping | Chewy,31,"Shop Chewy for low prices and the best products! We carry a large selection and the top brands like Frisco, Littlearth, and more. Find everything you need in one place. FREE shipping on orders $49+ and the BEST customer service!",228,brinsea,Brinsea,1,brinsea,True,True,False,False,False,False,False,False,39,338,3,,,,,,,1,1,,0,0,0,1,1.0
HVF,H1,H1 is too generic,https://www.chewy.com/f/brome_f1v31614,True,Make the H1 more descriptive of the page intent.,Brome,Brome - Free shipping | Chewy,29,"Shop Chewy for low prices and the best products! We carry a large selection and the top brands like Frisco, Littlearth, and more. Find everything you need in one place. FREE shipping on orders $49+ and the BEST customer service!",228,,Brome,1,brome,True,False,False,False,False,False,False,False,4,306,3,,,,,,,,,,,,,,1.0
HVF,H1,H1 is too generic,https://www.chewy.com/f/bronzedog_f1v17886,True,Make the H1 more descriptive of the page intent.,BRONZEDOG,BRONZEDOG - Free shipping | Chewy,33,"Shop Chewy for low prices and the best products! We carry a large selection and the top brands like Frisco, Littlearth, and more. Find everything you need in one place. FREE shipping on orders $49+ and the BEST customer service!",228,,BRONZEDOG,1,bronzedog,True,True,False,False,False,False,False,False,37,319,3,,,,,,,,,,,,,,2.0
HVF,H1,H1 is too generic,https://www.chewy.com/f/brytin_f1v158810,True,Make the H1 more descriptive of the page intent.,Brytin,Brytin - Free shipping | Chewy,30,"Shop Chewy for low prices and the best products! We carry a large selection and the top brands like Frisco, Littlearth, and more. Find everything you need in one place. FREE shipping on orders $49+ and the BEST customer service!",228,brytin,Brytin,1,brytin,True,True,False,False,False,False,False,False,14,310,3,,,,,,,1,1,1.0,1,0,0,0,1.0
HVF,H1,H1 is too generic,https://www.chewy.com/f/bserene_f1v217916,True,Make the H1 more descriptive of the page intent.,bSerene,bSerene - Free shipping | Chewy,31,"Shop Chewy for low prices and the best products! We carry a large selection and the top brands like Frisco, Littlearth, and more. Find everything you need in one place. FREE shipping on orders $49+ and the BEST customer service!",228,,bSerene,1,bserene,,False,False,False,False,False,False,False,3,304,3,,,,,,,,,,,,,,
HVF,H1,H1 is too generic,https://www.chewy.com/f/bucatstate_f1v32870,True,Make the H1 more descriptive of the page intent.,BUCATSTATE,BUCATSTATE - Free shipping | Chewy,34,"Shop Chewy for low prices and the best products! We carry a large selection and the top brands like Frisco, Littlearth, and more. Find everything you need in one place. FREE shipping on orders $49+ and the BEST customer service!",228,,BUCATSTATE,1,bucatstate,,False,False,False,False,False,False,False,2,304,3,,,,,,,,,,,,,,
HVF,H1,H1 is too generic,https://www.chewy.com/f/buddybiotics_f1v27726,True,Make the H1 more descriptive of the page intent.,BuddyBiotics,BuddyBiotics - Free shipping | Chewy,36,"Shop Chewy for low prices and the best products! We carry a large selection and the top brands like Frisco, Littlearth, and more. Find everything you need in one place. FREE shipping on orders $49+ and the BEST customer service!",228,,BuddyBiotics,1,buddybiotics,True,True,False,False,False,False,False,False,9,311,3,,,,,,,,,,,,,,1.0
HVF,H1,H1 is too generic,https://www.chewy.com/f/buddycare_f1v26518,True,Make the H1 more descriptive of the page intent.,Buddycare,Buddycare - Free shipping | Chewy,33,"Shop Chewy for low prices and the best products! We carry a large selection and the top brands like Frisco, Littlearth, and more. Find everything you need in one place. FREE shipping on orders $49+ and the BEST customer service!",228,,Buddycare,1,buddycare,True,True,False,False,False,False,False,False,34,337,3,,,,,,,,,,,,,,1.0
HVF,H1,H1 is too generic,https://www.chewy.com/f/buddyrest_f1v165047,True,Make the H1 more descriptive of the page intent.,BuddyRest,BuddyRest - Free shipping | Chewy,33,"Shop Chewy for low prices and the best products! We carry a large selection and the top brands like Frisco, Littlearth, and more. Find everything you need in one place. FREE shipping on orders $49+ and the BEST customer service!",228,,BuddyRest,1,buddyrest,True,True,False,False,False,False,False,False,17,310,3,,,,,,,,,,,,,,1.0
HVF,H1,H1 is too generic,https://www.chewy.com/f/budesonide_f1v110434,True,Make the H1 more descriptive of the page intent.,Budesonide,Budesonide - Free shipping | Chewy,34,"Shop Chewy for low prices and the best products! We carry a large selection and the top brands like Frisco, Littlearth, and more. Find everything you need in one place. FREE shipping on orders $49+ and the BEST customer service!",228,,Budesonide,1,budesonide,,False,False,False,False,False,False,False,6,304,3,,,,,,,,,,,,,,
HVF,H1,H1 is too generic,https://www.chewy.com/f/budweiser_f1v21894,True,Make the H1 more descriptive of the page intent.,Budweiser,Budweiser - Free shipping | Chewy,33,"Shop Chewy for low prices and the best products! We carry a large selection and the top brands like Frisco, Littlearth, and more. Find everything you need in one place. FREE shipping on orders $49+ and the BEST customer service!",228,,Budweiser,1,budweiser,True,True,False,False,False,False,False,False,9,310,3,,,,,,,,,,,,,,1.0
HVF,H1,H1 is too generic,https://www.chewy.com/f/bugco_f1v23790,True,Make the H1 more descriptive of the page intent.,BugCo,BugCo - Free shipping | Chewy,29,"Shop Chewy for low prices and the best products! We carry a large selection and the top brands like Frisco, Littlearth, and more. Find everything you need in one place. FREE shipping on orders $49+ and the BEST customer service!",228,,BugCo,1,bugco,True,True,False,False,False,False,False,False,45,314,3,,,,,,,,,,,,,,
HVF,H1,H1 is too generic,https://www.chewy.com/f/bugmd_f1v25094,True,Make the H1 more descriptive of the page intent.,BugMD,BugMD - Free shipping | Chewy,29,"Shop Chewy for low prices and the best products! We carry a large selection and the top brands like Frisco, Littlearth, and more. Find everything you need in one place. FREE shipping on orders $49+ and the BEST customer service!",228,,BugMD,1,bugmd,True,True,False,False,False,False,False,False,5,307,3,,,,,,,,,,,,,,1.0
HVF,H1,H1 is too generic,https://www.chewy.com/f/bugpellent_f1v21150,True,Make the H1 more descriptive of the page intent.,BugPellent,BugPellent - Free shipping | Chewy,34,"Shop Chewy for low prices and the best products! We carry a large selection and the top brands like Frisco, Littlearth, and more. Find everything you need in one place. FREE shipping on orders $49+ and the BEST customer service!",228,,BugPellent,1,bugpellent,True,True,False,False,False,False,False,False,6,307,3,,,,,,,,,,,,,,1.0
HVF,H1,H1 is too generic,https://www.chewy.com/f/bullhug_f1v28822,True,Make the H1 more descriptive of the page intent.,BullHug,BullHug - Free shipping | Chewy,31,"Shop Chewy for low prices and the best products! We carry a large selection and the top brands like Frisco, Littlearth, and more. Find everything you need in one place. FREE shipping on orders $49+ and the BEST customer service!",228,,BullHug,1,bullhug,True,True,False,False,False,False,False,False,96,317,3,,,,,,,,,,,,,,1.0
HVF,H1,H1 is too generic,https://www.chewy.com/f/bullibone_f1v827062,True,Make the H1 more descriptive of the page intent.,BulliBone,BulliBone - Free shipping | Chewy,33,"Shop Chewy for low prices and the best products! We carry a large selection and the top brands like Frisco, Littlearth, and more. Find everything you need in one place. FREE shipping on orders $49+ and the BEST customer service!",228,bullibone,BulliBone,1,bullibone,True,True,False,False,False,False,False,False,36,311,3,,,,,,,1,1,6.0,1,0,0,0,2.0
HVF,H1,H1 is too generic,https://www.chewy.com/f/bullymake_f1v354639,True,Make the H1 more descriptive of the page intent.,BULLYMAKE,BULLYMAKE - Free shipping | Chewy,33,"Shop Chewy for low prices and the best products! We carry a large selection and the top brands like Frisco, Littlearth, and more. Find everything you need in one place. FREE shipping on orders $49+ and the BEST customer service!",228,bullymake,BULLYMAKE,1,bullymake,True,True,False,False,False,False,False,False,10,312,3,,,,,,,1,1,18.0,0,1,0,0,2.0
HVF,H1,H1 is too generic,https://www.chewy.com/f/bullyyaker_f1v291756,True,Make the H1 more descriptive of the page intent.,BullyYaker,BullyYaker - Free shipping | Chewy,34,"Shop Chewy for low prices and the best products! We carry a large selection and the top brands like Frisco, Littlearth, and more. Find everything you need in one place. FREE shipping on orders $49+ and the BEST customer service!",228,,BullyYaker,1,bullyyaker,,False,False,False,False,False,False,False,2,304,3,,,,,,,,,,,,,,
HVF,H1,H1 is too generic,https://www.chewy.com/f/burley_f1v192760,True,Make the H1 more descriptive of the page intent.,Burley,Burley - Free shipping | Chewy,30,"Shop Chewy for low prices and the best products! We carry a large selection and the top brands like Frisco, Littlearth, and more. Find everything you need in one place. FREE shipping on orders $49+ and the BEST customer service!",228,,Burley,1,burley,True,True,False,False,False,False,False,False,11,309,3,,,,,,,,,,,,,,1.0
HVF,H1,H1 is too generic,https://www.chewy.com/f/buspirone_f1v248568,True,Make the H1 more descriptive of the page intent.,Buspirone,Buspirone - Free shipping | Chewy,33,"Shop Chewy for low prices and the best products! We carry a large selection and the top brands like Frisco, Littlearth, and more. Find everything you need in one place. FREE shipping on orders $49+ and the BEST customer service!",228,,Buspirone,1,buspirone,,False,False,False,False,False,False,False,16,304,3,,,,,,,,,,,,,,
HVF,H1,H1 is too generic,https://www.chewy.com/f/butcher-shop_f1v461089,True,Make the H1 more descriptive of the page intent.,Butcher Shop,Butcher Shop - Free shipping | Chewy,36,"Shop Chewy for low prices and the best products! We carry a large selection and the top brands like Frisco, Littlearth, and more. Find everything you need in one place. FREE shipping on orders $49+ and the BEST customer service!",228,,Butcher Shop,1,butcher-shop,True,True,False,False,False,False,False,False,12,314,3,,,,,,,,,,,,,,
HVF,H1,H1 is too generic,https://www.chewy.com/f/buy-crave_f1v31526,True,Make the H1 more descriptive of the page intent.,Buy The Crave,Buy The Crave - Free shipping | Chewy,37,"Shop Chewy for low prices and the best products! We carry a large selection and the top brands like Frisco, Littlearth, and more. Find everything you need in one place. FREE shipping on orders $49+ and the BEST customer service!",228,,Buy The Crave,1,buy-crave,,False,False,False,False,False,False,False,2,304,3,,,,,,,,,,,,,,
HVF,H1,H1 is too generic,https://www.chewy.com/f/cf_f1v176383,True,Make the H1 more descriptive of the page intent.,C&F,C&F - Free shipping | Chewy,27,"Shop Chewy for low prices and the best products! We carry a large selection and the top brands like Frisco, Littlearth, and more. Find everything you need in one place. FREE shipping on orders $49+ and the BEST customer service!",228,,C&F,1,cf,True,True,False,False,False,False,False,False,7,309,3,,,,,,,,,,,,,,1.0
HVF,H1,H1 is too generic,https://www.chewy.com/f/caghash_f1v26494,True,Make the H1 more descriptive of the page intent.,Caghash,Caghash - Free shipping | Chewy,31,"Shop Chewy for low prices and the best products! We carry a large selection and the top brands like Frisco, Littlearth, and more. Find everything you need in one place. FREE shipping on orders $49+ and the BEST customer service!",228,,Caghash,1,caghash,True,True,False,False,False,False,False,False,27,318,3,,,,,,,,,,,,,,1.0
HVF,H1,H1 is too generic,https://www.chewy.com/f/calitti_f1v22398,True,Make the H1 more descriptive of the page intent.,Calitti,Calitti - Free shipping | Chewy,31,"Shop Chewy for low prices and the best products! We carry a large selection and the top brands like Frisco, Littlearth, and more. Find everything you need in one place. FREE shipping on orders $49+ and the BEST customer service!",228,,Calitti,1,calitti,True,True,False,False,False,False,False,False,5,307,3,,,,,,,,,,,,,,1.0
HVF,H1,H1 is too generic,https://www.chewy.com/f/camelot_f1v19750,True,Make the H1 more descriptive of the page intent.,Camelot,Camelot - Free shipping | Chewy,31,"Shop Chewy for low prices and the best products! We carry a large selection and the top brands like Frisco, Littlearth, and more. Find everything you need in one place. FREE shipping on orders $49+ and the BEST customer service!",228,,Camelot,1,camelot,True,True,False,False,False,False,False,False,62,338,3,,,,,,,,,,,,,,1.0
HVF,H1,H1 is too generic,https://www.chewy.com/f/canineactiv_f1v501727,True,Make the H1 more descriptive of the page intent.,CanineActiv,CanineActiv - Free shipping | Chewy,35,"Shop Chewy for low prices and the best products! We carry a large selection and the top brands like Frisco, Littlearth, and more. Find everything you need in one place. FREE shipping on orders $49+ and the BEST customer service!",228,,CanineActiv,1,canineactiv,,False,False,False,False,False,False,False,3,305,3,,,,,,,,,,,,,,
HVF,H1,H1 is too generic,https://www.chewy.com/f/canisource_f1v362159,True,Make the H1 more descriptive of the page intent.,Canisource,Canisource - Free shipping | Chewy,34,"Shop Chewy for low prices and the best products! We carry a large selection and the top brands like Frisco, Littlearth, and more. Find everything you need in one place. FREE shipping on orders $49+ and the BEST customer service!",228,canisource,Canisource,1,canisource,True,True,False,False,False,False,False,False,27,313,3,,,,,,,1,1,2.0,1,0,0,0,1.0
HVF,H1,H1 is too generic,https://www.chewy.com/f/canny_f1v457514,True,Make the H1 more descriptive of the page intent.,Canny,Canny - Free shipping | Chewy,29,"Shop Chewy for low prices and the best products! We carry a large selection and the top brands like Frisco, Littlearth, and more. Find everything you need in one place. FREE shipping on orders $49+ and the BEST customer service!",228,,Canny,1,canny,True,True,False,False,False,False,False,False,36,308,3,,,,,,,,,,,,,,1.0
HVF,H1,H1 is too generic,https://www.chewy.com/f/canophera_f1v29750,True,Make the H1 more descriptive of the page intent.,Canophera,Canophera - Free shipping | Chewy,33,"Shop Chewy for low prices and the best products! We carry a large selection and the top brands like Frisco, Littlearth, and more. Find everything you need in one place. FREE shipping on orders $49+ and the BEST customer service!",228,,Canophera,1,canophera,,False,False,False,False,False,False,False,11,305,3,,,,,,,,,,,,,,
HVF,H1,H1 is too generic,https://www.chewy.com/f/canpressco_f1v27854,True,Make the H1 more descriptive of the page intent.,Canpressco,Canpressco - Free shipping | Chewy,34,"Shop Chewy for low prices and the best products! We carry a large selection and the top brands like Frisco, Littlearth, and more. Find everything you need in one place. FREE shipping on orders $49+ and the BEST customer service!",228,,Canpressco,1,canpressco,,False,False,False,False,False,False,False,3,304,3,,,,,,,,,,,,,,
HVF,H1,H1 is too generic,https://www.chewy.com/f/carbona_f1v398016,True,Make the H1 more descriptive of the page intent.,Carbona,Carbona - Free shipping | Chewy,31,"Shop Chewy for low prices and the best products! We carry a large selection and the top brands like Frisco, Littlearth, and more. Find everything you need in one place. FREE shipping on orders $49+ and the BEST customer service!",228,,Carbona,1,carbona,,False,False,False,False,False,False,False,3,306,3,,,,,,,,,,,,,,
HVF,H1,H1 is too generic,https://www.chewy.com/f/cardalis_f1v21526,True,Make the H1 more descriptive of the page intent.,Cardalis,Cardalis - Free shipping | Chewy,32,"Shop Chewy for low prices and the best products! We carry a large selection and the top brands like Frisco, Littlearth, and more. Find everything you need in one place. FREE shipping on orders $49+ and the BEST customer service!",228,,Cardalis,1,cardalis,,False,False,False,False,False,False,False,13,304,3,,,,,,,,,,,,,,
HVF,H1,H1 is too generic,https://www.chewy.com/f/cardiomax_f1v293823,True,Make the H1 more descriptive of the page intent.,CardioMAX,CardioMAX - Free shipping | Chewy,33,"Shop Chewy for low prices and the best products! We carry a large selection and the top brands like Frisco, Littlearth, and more. Find everything you need in one place. FREE shipping on orders $49+ and the BEST customer service!",228,,CardioMAX,1,cardiomax,,False,False,False,False,False,False,False,3,305,3,,,,,,,,,,,,,,
HVF,H1,H1 is too generic,https://www.chewy.com/f/caribsea_f1v718839,True,Make the H1 more descriptive of the page intent.,CaribSea,CaribSea - Free shipping | Chewy,32,"Shop Chewy for low prices and the best products! We carry a large selection and the top brands like Frisco, Littlearth, and more. Find everything you need in one place. FREE shipping on orders $49+ and the BEST customer service!",228,,CaribSea,1,caribsea,True,True,False,False,False,False,False,False,89,339,3,,,,,,,,,,,,,,1.0
HVF,H1,H1 is too generic,https://www.chewy.com/f/carmelie_f1v28830,True,Make the H1 more descriptive of the page intent.,Carmelie,Carmelie - Free shipping | Chewy,32,"Shop Chewy for low prices and the best products! We carry a large selection and the top brands like Frisco, Littlearth, and more. Find everything you need in one place. FREE shipping on orders $49+ and the BEST customer service!",228,,Carmelie,1,carmelie,,False,False,False,False,False,False,False,3,305,3,,,,,,,,,,,,,,
HVF,H1,H1 is too generic,https://www.chewy.com/f/carprieve_f1v230667,True,Make the H1 more descriptive of the page intent.,Carprieve,Carprieve - Free shipping | Chewy,33,"Shop Chewy for low prices and the best products! We carry a large selection and the top brands like Frisco, Littlearth, and more. Find everything you need in one place. FREE shipping on orders $49+ and the BEST customer service!",228,,Carprieve,1,carprieve,,False,False,False,False,False,False,False,28,305,3,,,,,,,,,,,,,,
HVF,H1,H1 is too generic,https://www.chewy.com/f/carprofen_f1v115533,True,Make the H1 more descriptive of the page intent.,Carprofen,Carprofen - Free shipping | Chewy,33,"Shop Chewy for low prices and the best products! We carry a large selection and the top brands like Frisco, Littlearth, and more. Find everything you need in one place. FREE shipping on orders $49+ and the BEST customer service!",228,,Carprofen,1,carprofen,True,True,False,False,False,False,False,False,52,306,3,,,,,,,,,,,,,,1.0
HVF,H1,H1 is too generic,https://www.chewy.com/f/carsafe_f1v422741,True,Make the H1 more descriptive of the page intent.,CarSafe,CarSafe - Free shipping | Chewy,31,"Shop Chewy for low prices and the best products! We carry a large selection and the top brands like Frisco, Littlearth, and more. Find everything you need in one place. FREE shipping on orders $49+ and the BEST customer service!",228,,CarSafe,1,carsafe,,False,False,False,False,False,False,False,9,305,3,,,,,,,,,,,,,,
HVF,H1,H1 is too generic,https://www.chewy.com/f/carson_f1v28894,True,Make the H1 more descriptive of the page intent.,Carson,Carson - Free shipping | Chewy,30,"Shop Chewy for low prices and the best products! We carry a large selection and the top brands like Frisco, Littlearth, and more. Find everything you need in one place. FREE shipping on orders $49+ and the BEST customer service!",228,,Carson,1,carson,True,True,False,False,False,False,False,False,9,311,3,,,,,,,,,,,,,,1.0
HVF,H1,H1 is too generic,https://www.chewy.com/f/casabella_f1v28846,True,Make the H1 more descriptive of the page intent.,Casabella,Casabella - Free shipping | Chewy,33,"Shop Chewy for low prices and the best products! We carry a large selection and the top brands like Frisco, Littlearth, and more. Find everything you need in one place. FREE shipping on orders $49+ and the BEST customer service!",228,,Casabella,1,casabella,,False,False,False,False,False,False,False,3,306,3,,,,,,,,,,,,,,
HVF,H1,H1 is too generic,https://www.chewy.com/f/cascade_f1v850772,True,Make the H1 more descriptive of the page intent.,Cascade,Cascade - Free shipping | Chewy,31,"Shop Chewy for low prices and the best products! We carry a large selection and the top brands like Frisco, Littlearth, and more. Find everything you need in one place. FREE shipping on orders $49+ and the BEST customer service!",228,,Cascade,1,cascade,,False,False,False,False,False,False,False,4,305,3,,,,,,,,,,,,,,
HVF,H1,H1 is too generic,https://www.chewy.com/f/cashel_f1v20542,True,Make the H1 more descriptive of the page intent.,Cashel,Cashel - Free shipping | Chewy,30,"Shop Chewy for low prices and the best products! We carry a large selection and the top brands like Frisco, Littlearth, and more. Find everything you need in one place. FREE shipping on orders $49+ and the BEST customer service!",228,,Cashel,1,cashel,True,False,False,False,False,False,False,False,179,335,3,,,,,,,,,,,,,,1.0
HVF,H1,H1 is too generic,https://www.chewy.com/f/casozen_f1v29390,True,Make the H1 more descriptive of the page intent.,Casozen,Casozen - Free shipping | Chewy,31,"Shop Chewy for low prices and the best products! We carry a large selection and the top brands like Frisco, Littlearth, and more. Find everything you need in one place. FREE shipping on orders $49+ and the BEST customer service!",228,,Casozen,1,casozen,,False,False,False,False,False,False,False,3,305,3,,,,,,,,,,,,,,
HVF,H1,H1 is too generic,https://www.chewy.com/f/catago_f1v20854,True,Make the H1 more descriptive of the page intent.,Catago,Catago - Free shipping | Chewy,30,"Shop Chewy for low prices and the best products! We carry a large selection and the top brands like Frisco, Littlearth, and more. Find everything you need in one place. FREE shipping on orders $49+ and the BEST customer service!",228,,Catago,1,catago,True,True,False,False,False,False,False,False,26,308,3,,,,,,,,,,,,,,1.0
HVF,H1,H1 is too generic,https://www.chewy.com/f/catfidence_f1v107837,True,Make the H1 more descriptive of the page intent.,Catfidence,Catfidence - Free shipping | Chewy,34,"Shop Chewy for low prices and the best products! We carry a large selection and the top brands like Frisco, Littlearth, and more. Find everything you need in one place. FREE shipping on orders $49+ and the BEST customer service!",228,,Catfidence,1,catfidence,True,True,False,False,False,False,False,False,6,307,3,,,,,,,,,,,,,,1.0
HVF,H1,H1 is too generic,https://www.chewy.com/f/catguru_f1v871528,True,Make the H1 more descriptive of the page intent.,CatGuru,CatGuru - Free shipping | Chewy,31,"Shop Chewy for low prices and the best products! We carry a large selection and the top brands like Frisco, Littlearth, and more. Find everything you need in one place. FREE shipping on orders $49+ and the BEST customer service!",228,catguru,CatGuru,1,catguru,True,True,False,False,False,False,False,False,13,309,3,,,,,,,1,1,,0,0,0,1,3.0
HVF,H1,H1 is too generic,https://www.chewy.com/f/cathole_f1v540205,True,Make the H1 more descriptive of the page intent.,Cathole,Cathole - Free shipping | Chewy,31,"Shop Chewy for low prices and the best products! We carry a large selection and the top brands like Frisco, Littlearth, and more. Find everything you need in one place. FREE shipping on orders $49+ and the BEST customer service!",228,,Cathole,1,cathole,,False,False,False,False,False,False,False,3,305,3,,,,,,,,,,,,,,
HVF,H1,H1 is too generic,https://www.chewy.com/f/catigy_f1v32542,True,Make the H1 more descriptive of the page intent.,Catigy,Catigy - Free shipping | Chewy,30,"Shop Chewy for low prices and the best products! We carry a large selection and the top brands like Frisco, Littlearth, and more. Find everything you need in one place. FREE shipping on orders $49+ and the BEST customer service!",228,,Catigy,1,catigy,,False,False,False,False,False,False,False,5,304,3,,,,,,,,,,,,,,
HVF,H1,H1 is too generic,https://www.chewy.com/f/catlink_f1v21318,True,Make the H1 more descriptive of the page intent.,CATLINK,CATLINK - Free shipping | Chewy,31,"Shop Chewy for low prices and the best products! We carry a large selection and the top brands like Frisco, Littlearth, and more. Find everything you need in one place. FREE shipping on orders $49+ and the BEST customer service!",228,,CATLINK,1,catlink,True,True,False,False,False,False,False,False,11,313,3,,,,,,,,,,,,,,1.0
HVF,H1,H1 is too generic,https://www.chewy.com/f/catry_f1v111726,True,Make the H1 more descriptive of the page intent.,Catry,Catry - Free shipping | Chewy,29,"Shop Chewy for low prices and the best products! We carry a large selection and the top brands like Frisco, Littlearth, and more. Find everything you need in one place. FREE shipping on orders $49+ and the BEST customer service!",228,catry,Catry,1,catry,True,True,False,False,False,False,False,False,78,324,3,,,,,,,1,1,9.0,1,0,0,0,2.0
HVF,H1,H1 is too generic,https://www.chewy.com/f/catsumo_f1v33518,True,Make the H1 more descriptive of the page intent.,CATSUMO,CATSUMO - Free shipping | Chewy,31,"Shop Chewy for low prices and the best products! We carry a large selection and the top brands like Frisco, Littlearth, and more. Find everything you need in one place. FREE shipping on orders $49+ and the BEST customer service!",228,,CATSUMO,1,catsumo,,False,False,False,False,False,False,False,2,304,3,,,,,,,,,,,,,,
HVF,H1,H1 is too generic,https://www.chewy.com/f/cattington_f1v24966,True,Make the H1 more descriptive of the page intent.,Cattington,Cattington - Free shipping | Chewy,34,"Shop Chewy for low prices and the best products! We carry a large selection and the top brands like Frisco, Littlearth, and more. Find everything you need in one place. FREE shipping on orders $49+ and the BEST customer service!",228,,Cattington,1,cattington,True,True,False,False,False,False,False,False,5,308,3,,,,,,,,,,,,,,1.0
HVF,H1,H1 is too generic,https://www.chewy.com/f/cattwig_f1v351917,True,Make the H1 more descriptive of the page intent.,CatTwig,CatTwig - Free shipping | Chewy,31,"Shop Chewy for low prices and the best products! We carry a large selection and the top brands like Frisco, Littlearth, and more. Find everything you need in one place. FREE shipping on orders $49+ and the BEST customer service!",228,,CatTwig,1,cattwig,,False,False,False,False,False,False,False,2,304,3,,,,,,,,,,,,,,
HVF,H1,H1 is too generic,https://www.chewy.com/f/cavallo_f1v285294,True,Make the H1 more descriptive of the page intent.,Cavallo,Cavallo - Free shipping | Chewy,31,"Shop Chewy for low prices and the best products! We carry a large selection and the top brands like Frisco, Littlearth, and more. Find everything you need in one place. FREE shipping on orders $49+ and the BEST customer service!",228,,Cavallo,1,cavallo,True,True,False,False,False,False,False,False,34,314,3,,,,,,,,,,,,,,1.0
HVF,H1,H1 is too generic,https://www.chewy.com/f/cedarcide_f1v422469,True,Make the H1 more descriptive of the page intent.,Cedarcide,Cedarcide - Free shipping | Chewy,33,"Shop Chewy for low prices and the best products! We carry a large selection and the top brands like Frisco, Littlearth, and more. Find everything you need in one place. FREE shipping on orders $49+ and the BEST customer service!",228,,Cedarcide,1,cedarcide,True,True,False,False,False,False,False,False,18,310,3,,,,,,,,,,,,,,1.0
HVF,H1,H1 is too generic,https://www.chewy.com/f/ceesc_f1v33702,True,Make the H1 more descriptive of the page intent.,CEESC,CEESC - Free shipping | Chewy,29,"Shop Chewy for low prices and the best products! We carry a large selection and the top brands like Frisco, Littlearth, and more. Find everything you need in one place. FREE shipping on orders $49+ and the BEST customer service!",228,,CEESC,1,ceesc,True,True,False,False,False,False,False,False,4,306,3,,,,,,,,,,,,,,1.0
HVF,H1,H1 is too generic,https://www.chewy.com/f/cefpoderm_f1v213420,True,Make the H1 more descriptive of the page intent.,Cefpoderm,Cefpoderm - Free shipping | Chewy,33,"Shop Chewy for low prices and the best products! We carry a large selection and the top brands like Frisco, Littlearth, and more. Find everything you need in one place. FREE shipping on orders $49+ and the BEST customer service!",228,,Cefpoderm,1,cefpoderm,,False,False,False,False,False,False,False,7,304,3,,,,,,,,,,,,,,
HVF,H1,H1 is too generic,https://www.chewy.com/f/cefpodoxime_f1v437749,True,Make the H1 more descriptive of the page intent.,Cefpodoxime,Cefpodoxime - Free shipping | Chewy,35,"Shop Chewy for low prices and the best products! We carry a large selection and the top brands like Frisco, Littlearth, and more. Find everything you need in one place. FREE shipping on orders $49+ and the BEST customer service!",228,,Cefpodoxime,1,cefpodoxime,,False,False,False,False,False,False,False,11,304,3,,,,,,,,,,,,,,
HVF,H1,H1 is too generic,https://www.chewy.com/f/celebrations_f1v21534,True,Make the H1 more descriptive of the page intent.,CELEBRATIONS,CELEBRATIONS - Free shipping | Chewy,36,"Shop Chewy for low prices and the best products! We carry a large selection and the top brands like Frisco, Littlearth, and more. Find everything you need in one place. FREE shipping on orders $49+ and the BEST customer service!",228,,CELEBRATIONS,1,celebrations,True,True,False,False,False,False,False,False,18,317,3,,,,,,,,,,,,,,1.0
HVF,H1,H1 is too generic,https://www.chewy.com/f/cellbio_f1v822403,True,Make the H1 more descriptive of the page intent.,CellBIO,CellBIO - Free shipping | Chewy,31,"Shop Chewy for low prices and the best products! We carry a large selection and the top brands like Frisco, Littlearth, and more. Find everything you need in one place. FREE shipping on orders $49+ and the BEST customer service!",228,,CellBIO,1,cellbio,,False,False,False,False,False,False,False,2,304,3,,,,,,,,,,,,,,
HVF,H1,H1 is too generic,https://www.chewy.com/f/centaur_f1v19742,True,Make the H1 more descriptive of the page intent.,Centaur,Centaur - Free shipping | Chewy,31,"Shop Chewy for low prices and the best products! We carry a large selection and the top brands like Frisco, Littlearth, and more. Find everything you need in one place. FREE shipping on orders $49+ and the BEST customer service!",228,,Centaur,1,centaur,True,True,False,False,False,False,False,False,324,339,3,,,,,,,,,,,,,,1.0
HVF,H1,H1 is too generic,https://www.chewy.com/f/cephalexin_f1v113460,True,Make the H1 more descriptive of the page intent.,Cephalexin,Cephalexin - Free shipping | Chewy,34,"Shop Chewy for low prices and the best products! We carry a large selection and the top brands like Frisco, Littlearth, and more. Find everything you need in one place. FREE shipping on orders $49+ and the BEST customer service!",228,,Cephalexin,1,cephalexin,True,True,False,False,False,False,False,False,18,306,3,,,,,,,,,,,,,,1.0
HVF,H1,H1 is too generic,https://www.chewy.com/f/cesicia_f1v20094,True,Make the H1 more descriptive of the page intent.,Cesicia,Cesicia - Free shipping | Chewy,31,"Shop Chewy for low prices and the best products! We carry a large selection and the top brands like Frisco, Littlearth, and more. Find everything you need in one place. FREE shipping on orders $49+ and the BEST customer service!",228,,Cesicia,1,cesicia,True,True,False,False,False,False,False,False,328,339,3,,,,,,,,,,,,,,1.0
HVF,H1,H1 is too generic,https://www.chewy.com/f/cfowner_f1v33750,True,Make the H1 more descriptive of the page intent.,Cfowner,Cfowner - Free shipping | Chewy,31,"Shop Chewy for low prices and the best products! We carry a large selection and the top brands like Frisco, Littlearth, and more. Find everything you need in one place. FREE shipping on orders $49+ and the BEST customer service!",228,,Cfowner,1,cfowner,True,True,False,False,False,False,False,False,33,316,3,,,,,,,,,,,,,,
HVF,H1,H1 is too generic,https://www.chewy.com/f/charmy_f1v20454,True,Make the H1 more descriptive of the page intent.,Charmy,Charmy - Free shipping | Chewy,30,"Shop Chewy for low prices and the best products! We carry a large selection and the top brands like Frisco, Littlearth, and more. Find everything you need in one place. FREE shipping on orders $49+ and the BEST customer service!",228,,Charmy,1,charmy,True,True,False,False,False,False,False,False,17,313,3,,,,,,,,,,,,,,1.0
HVF,H1,H1 is too generic,https://www.chewy.com/f/cheerble_f1v434664,True,Make the H1 more descriptive of the page intent.,Cheerble,Cheerble - Free shipping | Chewy,32,"Shop Chewy for low prices and the best products! We carry a large selection and the top brands like Frisco, Littlearth, and more. Find everything you need in one place. FREE shipping on orders $49+ and the BEST customer service!",228,,Cheerble,1,cheerble,True,True,False,False,False,False,False,False,25,316,3,,,,,,,,,,,,,,1.0
HVF,H1,H1 is too generic,https://www.chewy.com/f/chefpaw_f1v30942,True,Make the H1 more descriptive of the page intent.,ChefPaw,ChefPaw - Free shipping | Chewy,31,"Shop Chewy for low prices and the best products! We carry a large selection and the top brands like Frisco, Littlearth, and more. Find everything you need in one place. FREE shipping on orders $49+ and the BEST customer service!",228,,ChefPaw,1,chefpaw,True,True,False,False,False,False,False,False,6,308,3,,,,,,,,,,,,,,1.0
HVF,H1,H1 is too generic,https://www.chewy.com/f/chewdoo_f1v26782,True,Make the H1 more descriptive of the page intent.,ChewDoo,ChewDoo - Free shipping | Chewy,31,"Shop Chewy for low prices and the best products! We carry a large selection and the top brands like Frisco, Littlearth, and more. Find everything you need in one place. FREE shipping on orders $49+ and the BEST customer service!",228,,ChewDoo,1,chewdoo,True,True,False,False,False,False,False,False,4,306,3,,,,,,,,,,,,,,
HVF,H1,H1 is too generic,https://www.chewy.com/f/chewffon_f1v27358,True,Make the H1 more descriptive of the page intent.,CHEWFFON,CHEWFFON - Free shipping | Chewy,32,"Shop Chewy for low prices and the best products! We carry a large selection and the top brands like Frisco, Littlearth, and more. Find everything you need in one place. FREE shipping on orders $49+ and the BEST customer service!",228,,CHEWFFON,1,chewffon,True,True,False,False,False,False,False,False,43,339,3,,,,,,,,,,,,,,1.0
HVF,H1,H1 is too generic,https://www.chewy.com/f/chewmasters_f1v439220,True,Make the H1 more descriptive of the page intent.,Chewmasters,Chewmasters - Free shipping | Chewy,35,"Shop Chewy for low prices and the best products! We carry a large selection and the top brands like Frisco, Littlearth, and more. Find everything you need in one place. FREE shipping on orders $49+ and the BEST customer service!",228,,Chewmasters,1,chewmasters,,False,False,False,False,False,False,False,2,304,3,,,,,,,,,,,,,,
HVF,H1,H1 is too generic,https://www.chewy.com/f/chewmate_f1v23510,True,Make the H1 more descriptive of the page intent.,Chewmate,Chewmate - Free shipping | Chewy,32,"Shop Chewy for low prices and the best products! We carry a large selection and the top brands like Frisco, Littlearth, and more. Find everything you need in one place. FREE shipping on orders $49+ and the BEST customer service!",228,,Chewmate,1,chewmate,,False,False,False,False,False,False,False,6,305,3,,,,,,,,,,,,,,
HVF,H1,H1 is too generic,https://www.chewy.com/f/chewmeter_f1v261868,True,Make the H1 more descriptive of the page intent.,chewmeter,chewmeter - Free shipping | Chewy,33,"Shop Chewy for low prices and the best products! We carry a large selection and the top brands like Frisco, Littlearth, and more. Find everything you need in one place. FREE shipping on orders $49+ and the BEST customer service!",228,,chewmeter,1,chewmeter,True,True,False,False,False,False,False,False,10,312,3,,,,,,,,,,,,,,1.0
HVF,H1,H1 is too generic,https://www.chewy.com/f/chewsday_f1v150642,True,Make the H1 more descriptive of the page intent.,Chewsday,Chewsday - Free shipping | Chewy,32,"Shop Chewy for low prices and the best products! We carry a large selection and the top brands like Frisco, Littlearth, and more. Find everything you need in one place. FREE shipping on orders $49+ and the BEST customer service!",228,chewy pet day,Chewsday,1,chewsday,True,True,False,False,False,False,False,False,23,317,3,,,,,,,1,1,,0,0,0,1,1.0
HVF,H1,H1 is too generic,https://www.chewy.com/f/chewy-louie_f1v226613,True,Make the H1 more descriptive of the page intent.,Chewy Louie,Chewy Louie - Free shipping | Chewy,35,"Shop Chewy for low prices and the best products! We carry a large selection and the top brands like Frisco, Littlearth, and more. Find everything you need in one place. FREE shipping on orders $49+ and the BEST customer service!",228,,Chewy Louie,1,chewy-louie,True,True,False,False,False,False,False,False,4,306,3,,,,,,,,,,,,,,
HVF,H1,H1 is too generic,https://www.chewy.com/f/chi_f1v220158,True,Make the H1 more descriptive of the page intent.,CHI,CHI - Free shipping | Chewy,27,"Shop Chewy for low prices and the best products! We carry a large selection and the top brands like Frisco, Littlearth, and more. Find everything you need in one place. FREE shipping on orders $49+ and the BEST customer service!",228,chi dog grooming tools,CHI,1,chi,True,False,False,False,False,False,False,False,30,331,3,,,,,,,1,1,5.0,1,0,0,0,4.0
HVF,H1,H1 is too generic,https://www.chewy.com/f/chickenguard_f1v289622,True,Make the H1 more descriptive of the page intent.,ChickenGuard,ChickenGuard - Free shipping | Chewy,36,"Shop Chewy for low prices and the best products! We carry a large selection and the top brands like Frisco, Littlearth, and more. Find everything you need in one place. FREE shipping on orders $49+ and the BEST customer service!",228,,ChickenGuard,1,chickenguard,True,True,False,False,False,False,False,False,4,306,3,,,,,,,,,,,,,,1.0
HVF,H1,H1 is too generic,https://www.chewy.com/f/chipolo_f1v390411,True,Make the H1 more descriptive of the page intent.,Chipolo,Chipolo - Free shipping | Chewy,31,"Shop Chewy for low prices and the best products! We carry a large selection and the top brands like Frisco, Littlearth, and more. Find everything you need in one place. FREE shipping on orders $49+ and the BEST customer service!",228,,Chipolo,1,chipolo,,False,False,False,False,False,False,False,6,305,3,,,,,,,,,,,,,,
HVF,H1,H1 is too generic,https://www.chewy.com/f/chippin_f1v191767,True,Make the H1 more descriptive of the page intent.,Chippin,Chippin - Free shipping | Chewy,31,"Shop Chewy for low prices and the best products! We carry a large selection and the top brands like Frisco, Littlearth, and more. Find everything you need in one place. FREE shipping on orders $49+ and the BEST customer service!",228,chippin,Chippin,1,chippin,True,True,False,False,False,False,False,False,7,309,3,,,,,,,1,1,14.0,0,1,0,0,1.0
HVF,H1,H1 is too generic,https://www.chewy.com/f/chloramphenicol_f1v505059,True,Make the H1 more descriptive of the page intent.,Chloramphenicol,Chloramphenicol - Free shipping | Chewy,39,"Shop Chewy for low prices and the best products! We carry a large selection and the top brands like Frisco, Littlearth, and more. Find everything you need in one place. FREE shipping on orders $49+ and the BEST customer service!",228,,Chloramphenicol,1,chloramphenicol,,False,False,False,False,False,False,False,16,304,3,,,,,,,,,,,,,,
HVF,H1,H1 is too generic,https://www.chewy.com/f/chlorpheniramine_f1v137217,True,Make the H1 more descriptive of the page intent.,Chlorpheniramine,Chlorpheniramine - Free shipping | Chewy,40,"Shop Chewy for low prices and the best products! We carry a large selection and the top brands like Frisco, Littlearth, and more. Find everything you need in one place. FREE shipping on orders $49+ and the BEST customer service!",228,,Chlorpheniramine,1,chlorpheniramine,,False,False,False,False,False,False,False,6,304,3,,,,,,,,,,,,,,
HVF,H1,H1 is too generic,https://www.chewy.com/f/chomper_f1v22670,True,Make the H1 more descriptive of the page intent.,Chomper,Chomper - Free shipping | Chewy,31,"Shop Chewy for low prices and the best products! We carry a large selection and the top brands like Frisco, Littlearth, and more. Find everything you need in one place. FREE shipping on orders $49+ and the BEST customer service!",228,,Chomper,1,chomper,True,True,False,False,False,False,False,False,27,327,3,,,,,,,,,,,,,,1.0
HVF,H1,H1 is too generic,https://www.chewy.com/f/chromalux_f1v156544,True,Make the H1 more descriptive of the page intent.,Chromalux,Chromalux - Free shipping | Chewy,33,"Shop Chewy for low prices and the best products! We carry a large selection and the top brands like Frisco, Littlearth, and more. Find everything you need in one place. FREE shipping on orders $49+ and the BEST customer service!",228,,Chromalux,1,chromalux,True,True,False,False,False,False,False,False,6,308,3,,,,,,,,,,,,,,1.0
HVF,H1,H1 is too generic,https://www.chewy.com/f/chumajor_f1v25126,True,Make the H1 more descriptive of the page intent.,Chumajor,Chumajor - Free shipping | Chewy,32,"Shop Chewy for low prices and the best products! We carry a large selection and the top brands like Frisco, Littlearth, and more. Find everything you need in one place. FREE shipping on orders $49+ and the BEST customer service!",228,,Chumajor,1,chumajor,,False,False,False,False,False,False,False,3,305,3,,,,,,,,,,,,,,
HVF,H1,H1 is too generic,https://www.chewy.com/f/churpichews_f1v426725,True,Make the H1 more descriptive of the page intent.,ChurpiChews,ChurpiChews - Free shipping | Chewy,35,"Shop Chewy for low prices and the best products! We carry a large selection and the top brands like Frisco, Littlearth, and more. Find everything you need in one place. FREE shipping on orders $49+ and the BEST customer service!",228,,ChurpiChews,1,churpichews,True,True,False,False,False,False,False,False,4,306,3,,,,,,,,,,,,,,
HVF,H1,H1 is too generic,https://www.chewy.com/f/cimetidine_f1v433316,True,Make the H1 more descriptive of the page intent.,Cimetidine,Cimetidine - Free shipping | Chewy,34,"Shop Chewy for low prices and the best products! We carry a large selection and the top brands like Frisco, Littlearth, and more. Find everything you need in one place. FREE shipping on orders $49+ and the BEST customer service!",228,,Cimetidine,1,cimetidine,,False,False,False,False,False,False,False,11,304,3,,,,,,,,,,,,,,
HVF,H1,H1 is too generic,https://www.chewy.com/f/cinnapaws_f1v31478,True,Make the H1 more descriptive of the page intent.,Cinnapaws,Cinnapaws - Free shipping | Chewy,33,"Shop Chewy for low prices and the best products! We carry a large selection and the top brands like Frisco, Littlearth, and more. Find everything you need in one place. FREE shipping on orders $49+ and the BEST customer service!",228,,Cinnapaws,1,cinnapaws,,False,False,False,False,False,False,False,4,304,3,,,,,,,,,,,,,,
HVF,H1,H1 is too generic,https://www.chewy.com/f/ciprofloxacin_f1v322171,True,Make the H1 more descriptive of the page intent.,Ciprofloxacin,Ciprofloxacin - Free shipping | Chewy,37,"Shop Chewy for low prices and the best products! We carry a large selection and the top brands like Frisco, Littlearth, and more. Find everything you need in one place. FREE shipping on orders $49+ and the BEST customer service!",228,,Ciprofloxacin,1,ciprofloxacin,,False,False,False,False,False,False,False,17,305,3,,,,,,,,,,,,,,
HVF,H1,H1 is too generic,https://www.chewy.com/f/circle-y_f1v462593,True,Make the H1 more descriptive of the page intent.,Circle Y,Circle Y - Free shipping | Chewy,32,"Shop Chewy for low prices and the best products! We carry a large selection and the top brands like Frisco, Littlearth, and more. Find everything you need in one place. FREE shipping on orders $49+ and the BEST customer service!",228,,Circle Y,1,circle-y,True,True,False,False,False,False,False,False,104,339,3,,,,,,,,,,,,,,1.0
HVF,H1,H1 is too generic,https://www.chewy.com/f/clawguard_f1v115105,True,Make the H1 more descriptive of the page intent.,CLAWGUARD,CLAWGUARD - Free shipping | Chewy,33,"Shop Chewy for low prices and the best products! We carry a large selection and the top brands like Frisco, Littlearth, and more. Find everything you need in one place. FREE shipping on orders $49+ and the BEST customer service!",228,clawguard,CLAWGUARD,1,clawguard,True,True,False,False,False,False,False,False,18,315,3,,,,,,,1,1,11.0,0,1,0,0,1.0
HVF,H1,H1 is too generic,https://www.chewy.com/f/clawsable_f1v25798,True,Make the H1 more descriptive of the page intent.,Clawsable,Clawsable - Free shipping | Chewy,33,"Shop Chewy for low prices and the best products! We carry a large selection and the top brands like Frisco, Littlearth, and more. Find everything you need in one place. FREE shipping on orders $49+ and the BEST customer service!",228,,Clawsable,1,clawsable,True,True,False,False,False,False,False,False,14,311,3,,,,,,,,,,,,,,1.0
HVF,H1,H1 is too generic,https://www.chewy.com/f/clearfur_f1v25206,True,Make the H1 more descriptive of the page intent.,ClearFur,ClearFur - Free shipping | Chewy,32,"Shop Chewy for low prices and the best products! We carry a large selection and the top brands like Frisco, Littlearth, and more. Find everything you need in one place. FREE shipping on orders $49+ and the BEST customer service!",228,,ClearFur,1,clearfur,True,True,False,False,False,False,False,False,5,306,3,,,,,,,,,,,,,,1.0
HVF,H1,H1 is too generic,https://www.chewy.com/f/clevahome_f1v31510,True,Make the H1 more descriptive of the page intent.,ClevaHome,ClevaHome - Free shipping | Chewy,33,"Shop Chewy for low prices and the best products! We carry a large selection and the top brands like Frisco, Littlearth, and more. Find everything you need in one place. FREE shipping on orders $49+ and the BEST customer service!",228,,ClevaHome,1,clevahome,True,True,False,False,False,False,False,False,12,308,3,,,,,,,,,,,,,,1.0
HVF,H1,H1 is too generic,https://www.chewy.com/f/cleverpup_f1v25006,True,Make the H1 more descriptive of the page intent.,Cleverpup,Cleverpup - Free shipping | Chewy,33,"Shop Chewy for low prices and the best products! We carry a large selection and the top brands like Frisco, Littlearth, and more. Find everything you need in one place. FREE shipping on orders $49+ and the BEST customer service!",228,,Cleverpup,1,cleverpup,True,True,False,False,False,False,False,False,40,311,3,,,,,,,,,,,,,,2.0
HVF,H1,H1 is too generic,https://www.chewy.com/f/clifford_f1v154077,True,Make the H1 more descriptive of the page intent.,Clifford,Clifford - Free shipping | Chewy,32,"Shop Chewy for low prices and the best products! We carry a large selection and the top brands like Frisco, Littlearth, and more. Find everything you need in one place. FREE shipping on orders $49+ and the BEST customer service!",228,,Clifford,1,clifford,True,True,False,False,False,False,False,False,24,326,3,,,,,,,,,,,,,,2.0
HVF,H1,H1 is too generic,https://www.chewy.com/f/clindacure_f1v111507,True,Make the H1 more descriptive of the page intent.,ClindaCure,ClindaCure - Free shipping | Chewy,34,"Shop Chewy for low prices and the best products! We carry a large selection and the top brands like Frisco, Littlearth, and more. Find everything you need in one place. FREE shipping on orders $49+ and the BEST customer service!",228,,ClindaCure,1,clindacure,,False,False,False,False,False,False,False,2,304,3,,,,,,,,,,,,,,
HVF,H1,H1 is too generic,https://www.chewy.com/f/clonidine_f1v33134,True,Make the H1 more descriptive of the page intent.,Clonidine,Clonidine - Free shipping | Chewy,33,"Shop Chewy for low prices and the best products! We carry a large selection and the top brands like Frisco, Littlearth, and more. Find everything you need in one place. FREE shipping on orders $49+ and the BEST customer service!",228,,Clonidine,1,clonidine,,False,False,False,False,False,False,False,13,304,3,,,,,,,,,,,,,,
HVF,H1,H1 is too generic,https://www.chewy.com/f/clover_f1v29494,True,Make the H1 more descriptive of the page intent.,Clover,Clover - Free shipping | Chewy,30,"Shop Chewy for low prices and the best products! We carry a large selection and the top brands like Frisco, Littlearth, and more. Find everything you need in one place. FREE shipping on orders $49+ and the BEST customer service!",228,,Clover,1,clover,,False,False,False,False,False,False,False,2,304,3,,,,,,,,,,,,,,
HVF,H1,H1 is too generic,https://www.chewy.com/f/clueless_f1v21878,True,Make the H1 more descriptive of the page intent.,CLUELESS,CLUELESS - Free shipping | Chewy,32,"Shop Chewy for low prices and the best products! We carry a large selection and the top brands like Frisco, Littlearth, and more. Find everything you need in one place. FREE shipping on orders $49+ and the BEST customer service!",228,,CLUELESS,1,clueless,,False,False,False,False,False,False,False,6,304,3,,,,,,,,,,,,,,
HVF,H1,H1 is too generic,https://www.chewy.com/f/coachi_f1v181630,True,Make the H1 more descriptive of the page intent.,Coachi,Coachi - Free shipping | Chewy,30,"Shop Chewy for low prices and the best products! We carry a large selection and the top brands like Frisco, Littlearth, and more. Find everything you need in one place. FREE shipping on orders $49+ and the BEST customer service!",228,coachi,Coachi,1,coachi,True,True,False,False,False,False,False,False,40,335,3,,,,,,,1,1,9.0,1,0,0,0,1.0
HVF,H1,H1 is too generic,https://www.chewy.com/f/cocopup_f1v28678,True,Make the H1 more descriptive of the page intent.,Cocopup,Cocopup - Free shipping | Chewy,31,"Shop Chewy for low prices and the best products! We carry a large selection and the top brands like Frisco, Littlearth, and more. Find everything you need in one place. FREE shipping on orders $49+ and the BEST customer service!",228,,Cocopup,1,cocopup,,False,False,False,False,False,False,False,2,304,3,,,,,,,,,,,,,,
HVF,H1,H1 is too generic,https://www.chewy.com/f/colapz_f1v19470,True,Make the H1 more descriptive of the page intent.,Colapz,Colapz - Free shipping | Chewy,30,"Shop Chewy for low prices and the best products! We carry a large selection and the top brands like Frisco, Littlearth, and more. Find everything you need in one place. FREE shipping on orders $49+ and the BEST customer service!",228,,Colapz,1,colapz,,False,False,False,False,False,False,False,2,304,3,,,,,,,,,,,,,,
HVF,H1,H1 is too generic,https://www.chewy.com/f/coleaze_f1v30598,True,Make the H1 more descriptive of the page intent.,ColEaze,ColEaze - Free shipping | Chewy,31,"Shop Chewy for low prices and the best products! We carry a large selection and the top brands like Frisco, Littlearth, and more. Find everything you need in one place. FREE shipping on orders $49+ and the BEST customer service!",228,,ColEaze,1,coleaze,True,True,False,False,False,False,False,False,9,310,3,,,,,,,,,,,,,,1.0
HVF,H1,H1 is too generic,https://www.chewy.com/f/coleman_f1v332547,True,Make the H1 more descriptive of the page intent.,Coleman,Coleman - Free shipping | Chewy,31,"Shop Chewy for low prices and the best products! We carry a large selection and the top brands like Frisco, Littlearth, and more. Find everything you need in one place. FREE shipping on orders $49+ and the BEST customer service!",228,,Coleman,1,coleman,True,True,False,False,False,False,False,False,4,306,3,,,,,,,,,,,,,,1.0
HVF,H1,H1 is too generic,https://www.chewy.com/f/collegiate_f1v497396,True,Make the H1 more descriptive of the page intent.,Collegiate,Collegiate - Free shipping | Chewy,34,"Shop Chewy for low prices and the best products! We carry a large selection and the top brands like Frisco, Littlearth, and more. Find everything you need in one place. FREE shipping on orders $49+ and the BEST customer service!",228,,Collegiate,1,collegiate,True,True,False,False,False,False,False,False,210,339,3,,,,,,,,,,,,,,1.0
HVF,H1,H1 is too generic,https://www.chewy.com/f/colorfil_f1v283919,True,Make the H1 more descriptive of the page intent.,Colorfil,Colorfil - Free shipping | Chewy,32,"Shop Chewy for low prices and the best products! We carry a large selection and the top brands like Frisco, Littlearth, and more. Find everything you need in one place. FREE shipping on orders $49+ and the BEST customer service!",228,,Colorfil,1,colorfil,,False,False,False,False,False,False,False,6,305,3,,,,,,,,,,,,,,
HVF,H1,H1 is too generic,https://www.chewy.com/f/colostrx_f1v108896,True,Make the H1 more descriptive of the page intent.,Colostrx,Colostrx - Free shipping | Chewy,32,"Shop Chewy for low prices and the best products! We carry a large selection and the top brands like Frisco, Littlearth, and more. Find everything you need in one place. FREE shipping on orders $49+ and the BEST customer service!",228,,Colostrx,1,colostrx,True,True,False,False,False,False,False,False,4,306,3,,,,,,,,,,,,,,
HVF,H1,H1 is too generic,https://www.chewy.com/f/comfortflex_f1v114455,True,Make the H1 more descriptive of the page intent.,ComfortFlex,ComfortFlex - Free shipping | Chewy,35,"Shop Chewy for low prices and the best products! We carry a large selection and the top brands like Frisco, Littlearth, and more. Find everything you need in one place. FREE shipping on orders $49+ and the BEST customer service!",228,,ComfortFlex,1,comfortflex,,False,False,False,False,False,False,False,174,305,3,,,,,,,,,,,,,,
HVF,H1,H1 is too generic,https://www.chewy.com/f/compositi_f1v19758,True,Make the H1 more descriptive of the page intent.,Compositi,Compositi - Free shipping | Chewy,33,"Shop Chewy for low prices and the best products! We carry a large selection and the top brands like Frisco, Littlearth, and more. Find everything you need in one place. FREE shipping on orders $49+ and the BEST customer service!",228,,Compositi,1,compositi,True,True,False,False,False,False,False,False,9,307,3,,,,,,,,,,,,,,1.0
HVF,H1,H1 is too generic,https://www.chewy.com/f/coolfly_f1v37934,True,Make the H1 more descriptive of the page intent.,CoolFly,CoolFly - Free shipping | Chewy,31,"Shop Chewy for low prices and the best products! We carry a large selection and the top brands like Frisco, Littlearth, and more. Find everything you need in one place. FREE shipping on orders $49+ and the BEST customer service!",228,,CoolFly,1,coolfly,True,False,False,False,False,False,False,False,5,307,3,,,,,,,,,,,,,,1.0
HVF,H1,H1 is too generic,https://www.chewy.com/f/copatchy_f1v457916,True,Make the H1 more descriptive of the page intent.,Copatchy,Copatchy - Free shipping | Chewy,32,"Shop Chewy for low prices and the best products! We carry a large selection and the top brands like Frisco, Littlearth, and more. Find everything you need in one place. FREE shipping on orders $49+ and the BEST customer service!",228,,Copatchy,1,copatchy,,False,False,False,False,False,False,False,21,304,3,,,,,,,,,,,,,,
HVF,H1,H1 is too generic,https://www.chewy.com/f/cordaroys_f1v21718,True,Make the H1 more descriptive of the page intent.,Cordaroys,Cordaroys - Free shipping | Chewy,33,"Shop Chewy for low prices and the best products! We carry a large selection and the top brands like Frisco, Littlearth, and more. Find everything you need in one place. FREE shipping on orders $49+ and the BEST customer service!",228,,Cordaroys,1,cordaroys,,False,False,False,False,False,False,False,13,304,3,,,,,,,,,,,,,,
HVF,H1,H1 is too generic,https://www.chewy.com/f/corona_f1v177023,True,Make the H1 more descriptive of the page intent.,Corona,Corona - Free shipping | Chewy,30,"Shop Chewy for low prices and the best products! We carry a large selection and the top brands like Frisco, Littlearth, and more. Find everything you need in one place. FREE shipping on orders $49+ and the BEST customer service!",228,,Corona,1,corona,True,True,False,False,False,False,False,False,9,309,3,,,,,,,,,,,,,,1.0
HVF,H1,H1 is too generic,https://www.chewy.com/f/county_f1v19766,True,Make the H1 more descriptive of the page intent.,County,County - Free shipping | Chewy,30,"Shop Chewy for low prices and the best products! We carry a large selection and the top brands like Frisco, Littlearth, and more. Find everything you need in one place. FREE shipping on orders $49+ and the BEST customer service!",228,,County,1,county,,False,False,False,False,False,False,False,3,304,3,,,,,,,,,,,,,,
HVF,H1,H1 is too generic,https://www.chewy.com/f/covfresh_f1v32094,True,Make the H1 more descriptive of the page intent.,Covfresh,Covfresh - Free shipping | Chewy,32,"Shop Chewy for low prices and the best products! We carry a large selection and the top brands like Frisco, Littlearth, and more. Find everything you need in one place. FREE shipping on orders $49+ and the BEST customer service!",228,,Covfresh,1,covfresh,True,True,False,False,False,False,False,False,27,310,3,,,,,,,,,,,,,,
HVF,H1,H1 is too generic,https://www.chewy.com/f/cowboys_f1v18222,True,Make the H1 more descriptive of the page intent.,Cowboy's,Cowboy's - Free shipping | Chewy,32,"Shop Chewy for low prices and the best products! We carry a large selection and the top brands like Frisco, Littlearth, and more. Find everything you need in one place. FREE shipping on orders $49+ and the BEST customer service!",228,,Cowboy's,1,cowboys,True,False,False,False,False,False,False,False,5,307,3,,,,,,,,,,,,,,1.0
HVF,H1,H1 is too generic,https://www.chewy.com/f/cozypal_f1v23206,True,Make the H1 more descriptive of the page intent.,Cozypal,Cozypal - Free shipping | Chewy,31,"Shop Chewy for low prices and the best products! We carry a large selection and the top brands like Frisco, Littlearth, and more. Find everything you need in one place. FREE shipping on orders $49+ and the BEST customer service!",228,,Cozypal,1,cozypal,True,True,False,False,False,False,False,False,14,314,3,,,,,,,,,,,,,,1.0
HVF,H1,H1 is too generic,https://www.chewy.com/f/cozyvest_f1v289289,True,Make the H1 more descriptive of the page intent.,CozyVest,CozyVest - Free shipping | Chewy,32,"Shop Chewy for low prices and the best products! We carry a large selection and the top brands like Frisco, Littlearth, and more. Find everything you need in one place. FREE shipping on orders $49+ and the BEST customer service!",228,,CozyVest,1,cozyvest,,False,False,False,False,False,False,False,6,304,3,,,,,,,,,,,,,,
HVF,H1,H1 is too generic,https://www.chewy.com/f/crane_f1v318172,True,Make the H1 more descriptive of the page intent.,Crane,Crane - Free shipping | Chewy,29,"Shop Chewy for low prices and the best products! We carry a large selection and the top brands like Frisco, Littlearth, and more. Find everything you need in one place. FREE shipping on orders $49+ and the BEST customer service!",228,,Crane,1,crane,True,False,False,False,False,False,False,False,7,310,3,,,,,,,,,,,,,,
HVF,H1,H1 is too generic,https://www.chewy.com/f/cranimals_f1v25262,True,Make the H1 more descriptive of the page intent.,Cranimals,Cranimals - Free shipping | Chewy,33,"Shop Chewy for low prices and the best products! We carry a large selection and the top brands like Frisco, Littlearth, and more. Find everything you need in one place. FREE shipping on orders $49+ and the BEST customer service!",228,,Cranimals,1,cranimals,True,True,False,False,False,False,False,False,5,307,3,,,,,,,,,,,,,,1.0
HVF,H1,H1 is too generic,https://www.chewy.com/f/crazycritterthings_f1v507185,True,Make the H1 more descriptive of the page intent.,CrazyCritterThings,CrazyCritterThings - Free shipping | Chewy,42,"Shop Chewy for low prices and the best products! We carry a large selection and the top brands like Frisco, Littlearth, and more. Find everything you need in one place. FREE shipping on orders $49+ and the BEST customer service!",228,crazycritterthings,CrazyCritterThings,1,crazycritterthings,True,True,False,False,False,False,False,False,6,308,3,,,,,,,1,1,8.0,1,0,0,0,1.0
HVF,H1,H1 is too generic,https://www.chewy.com/f/croixdale_f1v17774,True,Make the H1 more descriptive of the page intent.,Croixdale,Croixdale - Free shipping | Chewy,33,"Shop Chewy for low prices and the best products! We carry a large selection and the top brands like Frisco, Littlearth, and more. Find everything you need in one place. FREE shipping on orders $49+ and the BEST customer service!",228,,Croixdale,1,croixdale,,False,False,False,False,False,False,False,4,305,3,,,,,,,,,,,,,,
HVF,H1,H1 is too generic,https://www.chewy.com/f/cube_f1v354358,True,Make the H1 more descriptive of the page intent.,Cube,Cube - Free shipping | Chewy,28,"Shop Chewy for low prices and the best products! We carry a large selection and the top brands like Frisco, Littlearth, and more. Find everything you need in one place. FREE shipping on orders $49+ and the BEST customer service!",228,,Cube,1,cube,True,True,False,False,False,False,False,False,7,309,3,,,,,,,,,,,,,,
HVF,H1,H1 is too generic,https://www.chewy.com/f/culturefly_f1v32662,True,Make the H1 more descriptive of the page intent.,CultureFly,CultureFly - Free shipping | Chewy,34,"Shop Chewy for low prices and the best products! We carry a large selection and the top brands like Frisco, Littlearth, and more. Find everything you need in one place. FREE shipping on orders $49+ and the BEST customer service!",228,,CultureFly,1,culturefly,True,False,False,False,False,False,False,False,5,308,3,,,,,,,,,,,,,,
HVF,H1,H1 is too generic,https://www.chewy.com/f/cumrige_f1v25662,True,Make the H1 more descriptive of the page intent.,Cumrige,Cumrige - Free shipping | Chewy,31,"Shop Chewy for low prices and the best products! We carry a large selection and the top brands like Frisco, Littlearth, and more. Find everything you need in one place. FREE shipping on orders $49+ and the BEST customer service!",228,,Cumrige,1,cumrige,True,True,False,False,False,False,False,False,4,306,3,,,,,,,,,,,,,,
HVF,H1,H1 is too generic,https://www.chewy.com/f/curicyn_f1v435686,True,Make the H1 more descriptive of the page intent.,Curicyn,Curicyn - Free shipping | Chewy,31,"Shop Chewy for low prices and the best products! We carry a large selection and the top brands like Frisco, Littlearth, and more. Find everything you need in one place. FREE shipping on orders $49+ and the BEST customer service!",228,,Curicyn,1,curicyn,True,True,False,False,False,False,False,False,25,321,3,,,,,,,,,,,,,,1.0
HVF,H1,H1 is too generic,https://www.chewy.com/f/curli_f1v333641,True,Make the H1 more descriptive of the page intent.,Curli,Curli - Free shipping | Chewy,29,"Shop Chewy for low prices and the best products! We carry a large selection and the top brands like Frisco, Littlearth, and more. Find everything you need in one place. FREE shipping on orders $49+ and the BEST customer service!",228,curli,Curli,1,curli,True,True,False,False,False,False,False,False,217,318,3,,,,,,,1,1,15.0,0,1,0,0,1.0
HVF,H1,H1 is too generic,https://www.chewy.com/f/cutenfuzzy_f1v29902,True,Make the H1 more descriptive of the page intent.,CuteNfuzzy,CuteNfuzzy - Free shipping | Chewy,34,"Shop Chewy for low prices and the best products! We carry a large selection and the top brands like Frisco, Littlearth, and more. Find everything you need in one place. FREE shipping on orders $49+ and the BEST customer service!",228,,CuteNfuzzy,1,cutenfuzzy,,False,False,False,False,False,False,False,10,304,3,,,,,,,,,,,,,,
HVF,H1,H1 is too generic,https://www.chewy.com/f/cutter_f1v122290,True,Make the H1 more descriptive of the page intent.,Cutter,Cutter - Free shipping | Chewy,30,"Shop Chewy for low prices and the best products! We carry a large selection and the top brands like Frisco, Littlearth, and more. Find everything you need in one place. FREE shipping on orders $49+ and the BEST customer service!",228,,Cutter,1,cutter,,False,False,False,False,False,False,False,2,304,3,,,,,,,,,,,,,,
HVF,H1,H1 is too generic,https://www.chewy.com/f/cyanocobalamin_f1v457513,True,Make the H1 more descriptive of the page intent.,Cyanocobalamin,Cyanocobalamin - Free shipping | Chewy,38,"Shop Chewy for low prices and the best products! We carry a large selection and the top brands like Frisco, Littlearth, and more. Find everything you need in one place. FREE shipping on orders $49+ and the BEST customer service!",228,,Cyanocobalamin,1,cyanocobalamin,,False,False,False,False,False,False,False,2,304,3,,,,,,,,,,,,,,
HVF,H1,H1 is too generic,https://www.chewy.com/f/cyclavance_f1v184077,True,Make the H1 more descriptive of the page intent.,Cyclavance,Cyclavance - Free shipping | Chewy,34,"Shop Chewy for low prices and the best products! We carry a large selection and the top brands like Frisco, Littlearth, and more. Find everything you need in one place. FREE shipping on orders $49+ and the BEST customer service!",228,,Cyclavance,1,cyclavance,,False,False,False,False,False,False,False,5,304,3,,,,,,,,,,,,,,
HVF,H1,H1 is too generic,https://www.chewy.com/f/cyproheptadine_f1v530218,True,Make the H1 more descriptive of the page intent.,Cyproheptadine,Cyproheptadine - Free shipping | Chewy,38,"Shop Chewy for low prices and the best products! We carry a large selection and the top brands like Frisco, Littlearth, and more. Find everything you need in one place. FREE shipping on orders $49+ and the BEST customer service!",228,,Cyproheptadine,1,cyproheptadine,,False,False,False,False,False,False,False,6,304,3,,,,,,,,,,,,,,
HVF,H1,H1 is too generic,https://www.chewy.com/f/dears_f1v30454,True,Make the H1 more descriptive of the page intent.,d'ears,d'ears - Free shipping | Chewy,30,"Shop Chewy for low prices and the best products! We carry a large selection and the top brands like Frisco, Littlearth, and more. Find everything you need in one place. FREE shipping on orders $49+ and the BEST customer service!",228,,d'ears,1,dears,True,True,False,False,False,False,False,False,140,340,3,,,,,,,,,,,,,,
HVF,H1,H1 is too generic,https://www.chewy.com/f/dakota-283_f1v352061,True,Make the H1 more descriptive of the page intent.,Dakota 283,Dakota 283 - Free shipping | Chewy,34,"Shop Chewy for low prices and the best products! We carry a large selection and the top brands like Frisco, Littlearth, and more. Find everything you need in one place. FREE shipping on orders $49+ and the BEST customer service!",228,dakota 283,Dakota 283,1,dakota,True,True,False,False,False,False,False,False,81,324,3,,,,,,,1,1,,0,0,0,1,1.0
HVF,H1,H1 is too generic,https://www.chewy.com/f/danfisk_f1v29326,True,Make the H1 more descriptive of the page intent.,DANFISK,DANFISK - Free shipping | Chewy,31,"Shop Chewy for low prices and the best products! We carry a large selection and the top brands like Frisco, Littlearth, and more. Find everything you need in one place. FREE shipping on orders $49+ and the BEST customer service!",228,,DANFISK,1,danfisk,,False,False,False,False,False,False,False,3,304,3,,,,,,,,,,,,,,
HVF,H1,H1 is too generic,https://www.chewy.com/f/dapplebay_f1v21062,True,Make the H1 more descriptive of the page intent.,Dapplebay,Dapplebay - Free shipping | Chewy,33,"Shop Chewy for low prices and the best products! We carry a large selection and the top brands like Frisco, Littlearth, and more. Find everything you need in one place. FREE shipping on orders $49+ and the BEST customer service!",228,,Dapplebay,1,dapplebay,,False,False,False,False,False,False,False,2,304,3,,,,,,,,,,,,,,
HVF,H1,H1 is too generic,https://www.chewy.com/f/davis_f1v298050,True,Make the H1 more descriptive of the page intent.,Davis,Davis - Free shipping | Chewy,29,"Shop Chewy for low prices and the best products! We carry a large selection and the top brands like Frisco, Littlearth, and more. Find everything you need in one place. FREE shipping on orders $49+ and the BEST customer service!",228,,Davis,1,davis,True,True,False,False,False,False,False,False,69,339,3,,,,,,,,,,,,,,1.0
HVF,H1,H1 is too generic,https://www.chewy.com/f/dawnspaces_f1v21806,True,Make the H1 more descriptive of the page intent.,Dawnspaces,Dawnspaces - Free shipping | Chewy,34,"Shop Chewy for low prices and the best products! We carry a large selection and the top brands like Frisco, Littlearth, and more. Find everything you need in one place. FREE shipping on orders $49+ and the BEST customer service!",228,,Dawnspaces,1,dawnspaces,,False,False,False,False,False,False,False,4,305,3,,,,,,,,,,,,,,
HVF,H1,H1 is too generic,https://www.chewy.com/f/ddmommy_f1v25606,True,Make the H1 more descriptive of the page intent.,DDMOMMY,DDMOMMY - Free shipping | Chewy,31,"Shop Chewy for low prices and the best products! We carry a large selection and the top brands like Frisco, Littlearth, and more. Find everything you need in one place. FREE shipping on orders $49+ and the BEST customer service!",228,,DDMOMMY,1,ddmommy,True,True,False,False,False,False,False,False,18,319,3,,,,,,,,,,,,,,1.0
HVF,H1,H1 is too generic,https://www.chewy.com/f/deeipet_f1v23270,True,Make the H1 more descriptive of the page intent.,DEEIPET,DEEIPET - Free shipping | Chewy,31,"Shop Chewy for low prices and the best products! We carry a large selection and the top brands like Frisco, Littlearth, and more. Find everything you need in one place. FREE shipping on orders $49+ and the BEST customer service!",228,,DEEIPET,1,deeipet,,False,False,False,False,False,False,False,3,305,3,,,,,,,,,,,,,,
HVF,H1,H1 is too generic,https://www.chewy.com/f/dennerle_f1v186104,True,Make the H1 more descriptive of the page intent.,Dennerle,Dennerle - Free shipping | Chewy,32,"Shop Chewy for low prices and the best products! We carry a large selection and the top brands like Frisco, Littlearth, and more. Find everything you need in one place. FREE shipping on orders $49+ and the BEST customer service!",228,dennerle,Dennerle,1,dennerle,True,True,False,False,False,False,False,False,24,320,3,,,,,,,1,1,26.0,0,0,1,0,1.0
HVF,H1,H1 is too generic,https://www.chewy.com/f/denties_f1v32590,True,Make the H1 more descriptive of the page intent.,Denties,Denties - Free shipping | Chewy,31,"Shop Chewy for low prices and the best products! We carry a large selection and the top brands like Frisco, Littlearth, and more. Find everything you need in one place. FREE shipping on orders $49+ and the BEST customer service!",228,,Denties,1,denties,True,True,False,False,False,False,False,False,7,309,3,,,,,,,,,,,,,,1.0
HVF,H1,H1 is too generic,https://www.chewy.com/f/dentimal_f1v28702,True,Make the H1 more descriptive of the page intent.,DENTIMAL,DENTIMAL - Free shipping | Chewy,32,"Shop Chewy for low prices and the best products! We carry a large selection and the top brands like Frisco, Littlearth, and more. Find everything you need in one place. FREE shipping on orders $49+ and the BEST customer service!",228,,DENTIMAL,1,dentimal,,False,False,False,False,False,False,False,2,304,3,,,,,,,,,,,,,,
HVF,H1,H1 is too generic,https://www.chewy.com/f/deracoxib_f1v30830,True,Make the H1 more descriptive of the page intent.,Deracoxib,Deracoxib - Free shipping | Chewy,33,"Shop Chewy for low prices and the best products! We carry a large selection and the top brands like Frisco, Littlearth, and more. Find everything you need in one place. FREE shipping on orders $49+ and the BEST customer service!",228,,Deracoxib,1,deracoxib,,False,False,False,False,False,False,False,25,304,3,,,,,,,,,,,,,,
HVF,H1,H1 is too generic,https://www.chewy.com/f/derbymed_f1v19334,True,Make the H1 more descriptive of the page intent.,derbymed,derbymed - Free shipping | Chewy,32,"Shop Chewy for low prices and the best products! We carry a large selection and the top brands like Frisco, Littlearth, and more. Find everything you need in one place. FREE shipping on orders $49+ and the BEST customer service!",228,,derbymed,1,derbymed,True,True,False,False,False,False,False,False,7,309,3,,,,,,,,,,,,,,1.0
HVF,H1,H1 is too generic,https://www.chewy.com/f/dermagic_f1v436540,True,Make the H1 more descriptive of the page intent.,DERMagic,DERMagic - Free shipping | Chewy,32,"Shop Chewy for low prices and the best products! We carry a large selection and the top brands like Frisco, Littlearth, and more. Find everything you need in one place. FREE shipping on orders $49+ and the BEST customer service!",228,dermagic,DERMagic,1,dermagic,True,True,False,False,False,False,False,False,9,311,3,,,,,,,1,1,,0,0,0,1,1.0
HVF,H1,H1 is too generic,https://www.chewy.com/f/dermalyte_f1v21102,True,Make the H1 more descriptive of the page intent.,DermaLyte,DermaLyte - Free shipping | Chewy,33,"Shop Chewy for low prices and the best products! We carry a large selection and the top brands like Frisco, Littlearth, and more. Find everything you need in one place. FREE shipping on orders $49+ and the BEST customer service!",228,,DermaLyte,1,dermalyte,,False,False,False,False,False,False,False,3,304,3,,,,,,,,,,,,,,
HVF,H1,H1 is too generic,https://www.chewy.com/f/dermoscent_f1v357520,True,Make the H1 more descriptive of the page intent.,Dermoscent,Dermoscent - Free shipping | Chewy,34,"Shop Chewy for low prices and the best products! We carry a large selection and the top brands like Frisco, Littlearth, and more. Find everything you need in one place. FREE shipping on orders $49+ and the BEST customer service!",228,,Dermoscent,1,dermoscent,True,True,False,False,False,False,False,False,14,316,3,,,,,,,,,,,,,,1.0
HVF,H1,H1 is too generic,https://www.chewy.com/f/desmopressin_f1v22302,True,Make the H1 more descriptive of the page intent.,Desmopressin,Desmopressin - Free shipping | Chewy,36,"Shop Chewy for low prices and the best products! We carry a large selection and the top brands like Frisco, Littlearth, and more. Find everything you need in one place. FREE shipping on orders $49+ and the BEST customer service!",228,,Desmopressin,1,desmopressin,,False,False,False,False,False,False,False,13,304,3,,,,,,,,,,,,,,
HVF,H1,H1 is too generic,https://www.chewy.com/f/destructables_f1v23694,True,Make the H1 more descriptive of the page intent.,Destructables,Destructables - Free shipping | Chewy,37,"Shop Chewy for low prices and the best products! We carry a large selection and the top brands like Frisco, Littlearth, and more. Find everything you need in one place. FREE shipping on orders $49+ and the BEST customer service!",228,,Destructables,1,destructables,True,False,False,False,False,False,False,False,4,306,3,,,,,,,,,,,,,,1.0
HVF,H1,H1 is too generic,https://www.chewy.com/f/details_f1v18454,True,Make the H1 more descriptive of the page intent.,Details,Details - Free shipping | Chewy,31,"Shop Chewy for low prices and the best products! We carry a large selection and the top brands like Frisco, Littlearth, and more. Find everything you need in one place. FREE shipping on orders $49+ and the BEST customer service!",228,,Details,1,details,True,True,False,False,False,False,False,False,25,311,3,,,,,,,,,,,,,,
HVF,H1,H1 is too generic,https://www.chewy.com/f/dexamethasone_f1v282614,True,Make the H1 more descriptive of the page intent.,Dexamethasone,Dexamethasone - Free shipping | Chewy,37,"Shop Chewy for low prices and the best products! We carry a large selection and the top brands like Frisco, Littlearth, and more. Find everything you need in one place. FREE shipping on orders $49+ and the BEST customer service!",228,,Dexamethasone,1,dexamethasone,True,True,False,False,False,False,False,False,24,306,3,,,,,,,,,,,,,,2.0
HVF,H1,H1 is too generic,https://www.chewy.com/f/dexasone_f1v111085,True,Make the H1 more descriptive of the page intent.,Dexasone,Dexasone - Free shipping | Chewy,32,"Shop Chewy for low prices and the best products! We carry a large selection and the top brands like Frisco, Littlearth, and more. Find everything you need in one place. FREE shipping on orders $49+ and the BEST customer service!",228,,Dexasone,1,dexasone,,False,False,False,False,False,False,False,4,304,3,,,,,,,,,,,,,,
HVF,H1,H1 is too generic,https://www.chewy.com/f/dexypaws_f1v22502,True,Make the H1 more descriptive of the page intent.,Dexypaws,Dexypaws - Free shipping | Chewy,32,"Shop Chewy for low prices and the best products! We carry a large selection and the top brands like Frisco, Littlearth, and more. Find everything you need in one place. FREE shipping on orders $49+ and the BEST customer service!",228,,Dexypaws,1,dexypaws,True,True,False,False,False,False,False,False,38,328,3,,,,,,,,,,,,,,2.0
HVF,H1,H1 is too generic,https://www.chewy.com/f/diane_f1v285288,True,Make the H1 more descriptive of the page intent.,Diane,Diane - Free shipping | Chewy,29,"Shop Chewy for low prices and the best products! We carry a large selection and the top brands like Frisco, Littlearth, and more. Find everything you need in one place. FREE shipping on orders $49+ and the BEST customer service!",228,,Diane,1,diane,True,True,False,False,False,False,False,False,15,306,3,,,,,,,,,,,,,,1.0
HVF,H1,H1 is too generic,https://www.chewy.com/f/diclofenac_f1v505026,True,Make the H1 more descriptive of the page intent.,Diclofenac,Diclofenac - Free shipping | Chewy,34,"Shop Chewy for low prices and the best products! We carry a large selection and the top brands like Frisco, Littlearth, and more. Find everything you need in one place. FREE shipping on orders $49+ and the BEST customer service!",228,,Diclofenac,1,diclofenac,,False,False,False,False,False,False,False,4,305,3,,,,,,,,,,,,,,
HVF,H1,H1 is too generic,https://www.chewy.com/f/dicloxacillin_f1v111407,True,Make the H1 more descriptive of the page intent.,Dicloxacillin,Dicloxacillin - Free shipping | Chewy,37,"Shop Chewy for low prices and the best products! We carry a large selection and the top brands like Frisco, Littlearth, and more. Find everything you need in one place. FREE shipping on orders $49+ and the BEST customer service!",228,,Dicloxacillin,1,dicloxacillin,,False,False,False,False,False,False,False,11,304,3,,,,,,,,,,,,,,
HVF,H1,H1 is too generic,https://www.chewy.com/f/diggers_f1v22678,True,Make the H1 more descriptive of the page intent.,Digger's,Digger's - Free shipping | Chewy,32,"Shop Chewy for low prices and the best products! We carry a large selection and the top brands like Frisco, Littlearth, and more. Find everything you need in one place. FREE shipping on orders $49+ and the BEST customer service!",228,,Digger's,1,diggers,True,True,False,False,False,False,False,False,51,339,3,,,,,,,,,,,,,,1.0
HVF,H1,H1 is too generic,https://www.chewy.com/f/diggs_f1v224755,True,Make the H1 more descriptive of the page intent.,Diggs,Diggs - Free shipping | Chewy,29,"Shop Chewy for low prices and the best products! We carry a large selection and the top brands like Frisco, Littlearth, and more. Find everything you need in one place. FREE shipping on orders $49+ and the BEST customer service!",228,,Diggs,1,diggs,True,True,False,False,False,False,False,False,20,313,3,,,,,,,,,,,,,,1.0
HVF,H1,H1 is too generic,https://www.chewy.com/f/digoxin_f1v424894,True,Make the H1 more descriptive of the page intent.,Digoxin,Digoxin - Free shipping | Chewy,31,"Shop Chewy for low prices and the best products! We carry a large selection and the top brands like Frisco, Littlearth, and more. Find everything you need in one place. FREE shipping on orders $49+ and the BEST customer service!",228,,Digoxin,1,digoxin,,False,False,False,False,False,False,False,11,304,3,,,,,,,,,,,,,,
HVF,H1,H1 is too generic,https://www.chewy.com/f/diltiazem_f1v144417,True,Make the H1 more descriptive of the page intent.,Diltiazem,Diltiazem - Free shipping | Chewy,33,"Shop Chewy for low prices and the best products! We carry a large selection and the top brands like Frisco, Littlearth, and more. Find everything you need in one place. FREE shipping on orders $49+ and the BEST customer service!",228,,Diltiazem,1,diltiazem,,False,False,False,False,False,False,False,29,305,3,,,,,,,,,,,,,,
HVF,H1,H1 is too generic,https://www.chewy.com/f/dinovite_f1v296154,True,Make the H1 more descriptive of the page intent.,Dinovite,Dinovite - Free shipping | Chewy,32,"Shop Chewy for low prices and the best products! We carry a large selection and the top brands like Frisco, Littlearth, and more. Find everything you need in one place. FREE shipping on orders $49+ and the BEST customer service!",228,,Dinovite,1,dinovite,True,True,False,False,False,False,False,False,24,319,3,,,,,,,,,,,,,,2.0
HVF,H1,H1 is too generic,https://www.chewy.com/f/diphenhydramine_f1v102158,True,Make the H1 more descriptive of the page intent.,Diphenhydramine,Diphenhydramine - Free shipping | Chewy,39,"Shop Chewy for low prices and the best products! We carry a large selection and the top brands like Frisco, Littlearth, and more. Find everything you need in one place. FREE shipping on orders $49+ and the BEST customer service!",228,,Diphenhydramine,1,diphenhydramine,,False,False,False,False,False,False,False,11,304,3,,,,,,,,,,,,,,
