page_type,category,issue,normalized_url,matched_botify,recommendation,evidence_value,title,title_length,meta_description,meta_description_length,main_keyword,h1,h1_count,url_slug,canonical_points_to_self,in_sitemaps,noindex,nofollow,breadcrumb_exists,product_exists,offer_exists,faq_exists,unique_inlinks,unique_outlinks,depth,lcp_status,lcp_value,cls_status,cls_value,inp_status,inp_value,ranking_keyword_rows,distinct_keywords,avg_current_rank,top10_keywords,quick_win_11_20_keywords,striking_distance_21_50_keywords,lost_or_unranked_keywords,botify_audience_keywords_to_90pct
HVSP,Ranking Keywords,Has quick-win keywords in positions 11-20,https://www.chewy.com/sp/cat-treats-human-food,True,Push near-page-one terms with title/H1/meta/linking improvements.,1,Cat Treats Human Food (Free Shipping) | Chewy,45,"Shop Chewy for low prices and the best cat treats human food! We carry a large selection and the top brands like Applaws, PureBites, and more. Find everything you need in one place. FREE shipping on orders $49+ and the BEST customer service!",241,cat food and treats by chewy,Cat Treats Human Food,1,cat-treats-human-food,True,True,False,False,False,False,False,False,331,341,2,,,,,,,1,1,16.0,0,1,0,0,1.0
HVSP,Ranking Keywords,Has quick-win keywords in positions 11-20,https://www.chewy.com/sp/healthy-treats-for-cats,True,Push near-page-one terms with title/H1/meta/linking improvements.,1,Healthy Treats For Cats (Free Shipping) | Chewy,47,"Shop Chewy for low prices and the best healthy treats for cats! We carry a large selection and the top brands like Trilostane Compounded, Wellness, and more. Find everything you need in one place. FREE shipping on orders $49+ and the BEST customer service!",256,healthy treats for cats,Healthy Treats For Cats,1,healthy-treats-for-cats,True,True,False,False,False,False,False,False,687,344,2,,,,,,,4,4,19.0,0,1,1,2,3.0
HVSP,Ranking Keywords,Has quick-win keywords in positions 11-20,https://www.chewy.com/sp/healthy-dog-treats,True,Push near-page-one terms with title/H1/meta/linking improvements.,4,Healthy Dog Treats (Free Shipping) | Chewy,42,"Shop Chewy for low prices and the best healthy dog treats! We carry a large selection and the top brands like Healthy Breeds, Trilostane Compounded, and more. Find everything you need in one place. FREE shipping on orders $49+ and the BEST customer service!",257,chewy dog food treats,Healthy Dog Treats,1,healthy-dog-treats,True,True,False,False,False,False,False,False,2385,344,2,,,,,,,7,7,19.43,0,4,3,0,1.0
HVSP,Ranking Keywords,Has quick-win keywords in positions 11-20,https://www.chewy.com/sp/gerbil-water-feeder,True,Push near-page-one terms with title/H1/meta/linking improvements.,3,Gerbil Water Feeder (Free Shipping) | Chewy,43,"Shop Chewy for low prices and the best gerbil water feeder! We carry a large selection and the top brands like Frisco, Little Giant, and more. Find everything you need in one place. FREE shipping on orders $49+ and the BEST customer service!",241,mongolian gerbil feeder,Gerbil Water Feeder,1,gerbil-water-feeder,True,True,False,False,False,False,False,False,84,344,4,,,,,,,6,4,18.0,0,3,1,2,1.0
HVSP,Ranking Keywords,Has quick-win keywords in positions 11-20,https://www.chewy.com/sp/pink-cat-supplies,True,Push near-page-one terms with title/H1/meta/linking improvements.,2,Pink Cat Supplies (Free Shipping) | Chewy,41,"Shop Chewy for low prices and the best pink cat supplies! We carry a large selection and the top brands like Frisco, Parisian Pet, and more. Find everything you need in one place. FREE shipping on orders $49+ and the BEST customer service!",239,pink cat toys,Pink Cat Supplies,1,pink-cat-supplies,True,True,False,False,False,False,False,False,225,340,2,,,,,,,4,4,10.75,2,2,0,0,4.0
HVSP,Ranking Keywords,Has quick-win keywords in positions 11-20,https://www.chewy.com/sp/dog-toy-hedgehog,False,Push near-page-one terms with title/H1/meta/linking improvements.,1,,,,,dog toy hedgehog,,,,,,,,,,,,,,,,,,,,,2,2,6.5,1,1,0,0,
HVSP,Ranking Keywords,Has quick-win keywords in positions 11-20,https://www.chewy.com/sp/interactive-cat-butterfly-toy,True,Push near-page-one terms with title/H1/meta/linking improvements.,1,Interactive Cat Butterfly Toy (Free Shipping) | Chewy,53,"Shop Chewy for low prices and the best interactive cat butterfly toy! We carry a large selection and the top brands like Meowvale, Migipaws, and more. Find everything you need in one place. FREE shipping on orders $49+ and the BEST customer service!",249,butterfly cat toy,Interactive Cat Butterfly Toy,1,interactive-cat-butterfly-toy,True,True,False,False,False,False,False,False,25,341,3,,,,,,,2,2,6.0,1,1,0,0,4.0
HVSP,Ranking Keywords,Has quick-win keywords in positions 11-20,https://www.chewy.com/sp/self-play-cat-toys,True,Push near-page-one terms with title/H1/meta/linking improvements.,6,Self Play Cat Toys (Free Shipping) | Chewy,42,"Shop Chewy for low prices and the best self play cat toys! We carry a large selection and the top brands like allforpaws, NonoPets, and more. Find everything you need in one place. FREE shipping on orders $49+ and the BEST customer service!",240,cat toys chewy,Self Play Cat Toys,1,self-play-cat-toys,True,True,False,False,False,False,False,False,472,341,2,,,,,,,7,7,18.86,0,6,1,0,1.0
HVSP,Ranking Keywords,Has quick-win keywords in positions 11-20,https://www.chewy.com/sp/indestructible-dog-toys,True,Push near-page-one terms with title/H1/meta/linking improvements.,2,Indestructible Dog Toys (Free Shipping) | Chewy,47,"Shop Chewy for low prices and the best indestructible dog toys! We carry a large selection and the top brands like Pets First, Littlearth, and more. Find everything you need in one place. FREE shipping on orders $49+ and the BEST customer service!",247,indestructible dog toys,Indestructible Dog Toys,1,indestructible-dog-toys,True,True,False,False,False,False,False,False,209,344,3,good,1998.0,good,0.07,,,3,3,19.0,0,2,1,0,6.0
HVSP,Ranking Keywords,Has quick-win keywords in positions 11-20,https://www.chewy.com/sp/bulk-dog-supplies,False,Push near-page-one terms with title/H1/meta/linking improvements.,1,,,,,bulk dog treats,,,,,,,,,,,,,,,,,,,,,9,9,24.33,0,1,8,0,
HVSP,Ranking Keywords,Has quick-win keywords in positions 11-20,https://www.chewy.com/sp/bulk-cat-food,True,Push near-page-one terms with title/H1/meta/linking improvements.,1,Bulk Cat Food (Free Shipping) | Chewy,37,"Shop Chewy for low prices and the best bulk cat food! We carry a large selection and the top brands like Blue Buffalo, Iams, and more. Find everything you need in one place. FREE shipping on orders $49+ and the BEST customer service!",233,bulk cat food,Bulk Cat Food,1,bulk-cat-food,True,True,False,False,False,False,False,False,276,345,2,,,,,,,6,5,13.5,1,1,0,4,24.0
HVSP,Ranking Keywords,Has quick-win keywords in positions 11-20,https://www.chewy.com/sp/dog-travel-crate,True,Push near-page-one terms with title/H1/meta/linking improvements.,4,Dog Travel Crate (Free Shipping) | Chewy,40,"Shop Chewy for low prices and the best dog travel crate! We carry a large selection and the top brands like Frisco, EliteField, and more. Find everything you need in one place. FREE shipping on orders $49+ and the BEST customer service!",236,dog travel crate,Dog Travel Crate,1,dog-travel-crate,True,True,False,False,False,False,False,False,37,344,4,,,,,,,8,8,13.83,2,4,0,2,13.0
HVSP,Ranking Keywords,Has quick-win keywords in positions 11-20,https://www.chewy.com/sp/double-dog-crate,False,Push near-page-one terms with title/H1/meta/linking improvements.,1,,,,,double dog crate,,,,,,,,,,,,,,,,,,,,,5,5,17.2,2,1,2,0,
HVSP,Ranking Keywords,Has quick-win keywords in positions 11-20,https://www.chewy.com/sp/comfortable-dog-collars,True,Push near-page-one terms with title/H1/meta/linking improvements.,1,Comfortable Dog Collars (Free Shipping) | Chewy,47,"Shop Chewy for low prices and the best comfortable dog collars! We carry a large selection and the top brands like Gooby, Frisco, and more. Find everything you need in one place. FREE shipping on orders $49+ and the BEST customer service!",238,comfortable dog collars,Comfortable Dog Collars,1,comfortable-dog-collars,True,True,False,False,False,False,False,False,1921,338,2,,,,,,,3,3,15.33,1,1,1,0,2.0
HVSP,Ranking Keywords,Has quick-win keywords in positions 11-20,https://www.chewy.com/sp/cute-dog-supplies,True,Push near-page-one terms with title/H1/meta/linking improvements.,1,Cute Dog Supplies (Free Shipping) | Chewy,41,"Shop Chewy for low prices and the best cute dog supplies! We carry a large selection and the top brands like OmniPet, Frisco, and more. Find everything you need in one place. FREE shipping on orders $49+ and the BEST customer service!",234,cute dog supplies,Cute Dog Supplies,1,cute-dog-supplies,True,True,False,False,False,False,False,False,210,338,2,,,,,,,2,2,19.5,0,1,1,0,1.0
HVSP,Ranking Keywords,Has quick-win keywords in positions 11-20,https://www.chewy.com/sp/cat-carrier-medium,True,Push near-page-one terms with title/H1/meta/linking improvements.,2,Cat Carrier Medium (Free Shipping) | Chewy,42,"Shop Chewy for low prices and the best cat carrier medium! We carry a large selection and the top brands like Frisco, PetAmi, and more. Find everything you need in one place. FREE shipping on orders $49+ and the BEST customer service!",234,chewy cat carrier,Cat Carrier Medium,1,cat-carrier-medium,True,True,False,False,False,False,False,False,19,345,3,,,,,,,2,2,11.0,0,2,0,0,1.0
HVSP,Ranking Keywords,Has quick-win keywords in positions 11-20,https://www.chewy.com/sp/airline-approved-cat-carriers,False,Push near-page-one terms with title/H1/meta/linking improvements.,1,,,,,cat carrier chewy,,,,,,,,,,,,,,,,,,,,,3,3,21.67,0,1,2,0,
HVSP,Ranking Keywords,Has quick-win keywords in positions 11-20,https://www.chewy.com/sp/cat-enclosures,True,Push near-page-one terms with title/H1/meta/linking improvements.,1,Cat Enclosures (Free Shipping) | Chewy,38,"Shop Chewy for low prices and the best cat enclosures! We carry a large selection and the top brands like The Refined Feline, Cesicia, and more. Find everything you need in one place. FREE shipping on orders $49+ and the BEST customer service!",243,cat enclosures,Cat Enclosures,1,cat-enclosures,True,True,False,False,False,False,False,False,11,344,4,,,,,,,4,4,9.25,2,1,1,0,11.0
HVSP,Ranking Keywords,Has quick-win keywords in positions 11-20,https://www.chewy.com/sp/designer-dog-collars,True,Push near-page-one terms with title/H1/meta/linking improvements.,1,Designer Dog Collars (Free Shipping) | Chewy,44,"Shop Chewy for low prices and the best designer dog collars! We carry a large selection and the top brands like LupinePet, Doggie Design, and more. Find everything you need in one place. FREE shipping on orders $49+ and the BEST customer service!",246,designer dog collars,Designer Dog Collars,1,designer-dog-collars,True,True,False,False,False,False,False,False,841,344,3,,,,,,,2,2,21.5,0,1,1,0,1.0
HVSP,Ranking Keywords,Has quick-win keywords in positions 11-20,https://www.chewy.com/sp/dog-ramp-up-to-bed,False,Push near-page-one terms with title/H1/meta/linking improvements.,1,,,,,chewy dog ramp,,,,,,,,,,,,,,,,,,,,,1,1,12.0,0,1,0,0,
HVSP,Ranking Keywords,Has quick-win keywords in positions 11-20,https://www.chewy.com/sp/cactus-cat-scratcher,False,Push near-page-one terms with title/H1/meta/linking improvements.,2,,,,,cactus cat scratcher,,,,,,,,,,,,,,,,,,,,,2,2,14.0,0,2,0,0,
HVSP,Ranking Keywords,Has quick-win keywords in positions 11-20,https://www.chewy.com/sp/cat-scratcher-wave,False,Push near-page-one terms with title/H1/meta/linking improvements.,1,,,,,cat scratcher wave,,,,,,,,,,,,,,,,,,,,,2,2,11.5,1,1,0,0,
HVSP,Ranking Keywords,Has quick-win keywords in positions 11-20,https://www.chewy.com/sp/indoor-dog-kennels,False,Push near-page-one terms with title/H1/meta/linking improvements.,2,,,,,indoor dog kennels,,,,,,,,,,,,,,,,,,,,,3,3,14.0,0,2,0,1,
HVSP,Ranking Keywords,Has quick-win keywords in positions 11-20,https://www.chewy.com/sp/portable-dog-kennels,False,Push near-page-one terms with title/H1/meta/linking improvements.,1,,,,,portable dog kennels,,,,,,,,,,,,,,,,,,,,,3,3,16.67,1,1,1,0,
HVSP,Ranking Keywords,Has quick-win keywords in positions 11-20,https://www.chewy.com/sp/airline-approved-dog-crates,True,Push near-page-one terms with title/H1/meta/linking improvements.,2,Airline Approved Dog Crates (Free Shipping) | Chewy,51,"Shop Chewy for low prices and the best airline approved dog crates! We carry a large selection and the top brands like EliteField, Petmate, and more. Find everything you need in one place. FREE shipping on orders $49+ and the BEST customer service!",248,airline approved dog crates,Airline Approved Dog Crates,1,airline-approved-dog-crates,True,True,False,False,False,False,False,False,20,339,3,,,,,,,3,3,16.0,0,2,0,1,6.0
HVSP,Ranking Keywords,Has quick-win keywords in positions 11-20,https://www.chewy.com/sp/dog-doors-for-screens,True,Push near-page-one terms with title/H1/meta/linking improvements.,1,Dog Doors For Screens (Free Shipping) | Chewy,45,"Shop Chewy for low prices and the best dog doors for screens! We carry a large selection and the top brands like High Tech Pet Products, Ideal Pet Products, and more. Find everything you need in one place. FREE shipping on orders $49+ and the BEST customer service!",265,dog doors for screens,Dog Doors For Screens,1,dog-doors-for-screens,True,True,False,False,False,False,False,False,130,339,3,,,,,,,2,2,22.5,0,1,1,0,3.0
HVSP,Ranking Keywords,Has quick-win keywords in positions 11-20,https://www.chewy.com/sp/50-lb-bag-of-horse-feed,True,Push near-page-one terms with title/H1/meta/linking improvements.,1,50 Lb Bag Of Horse Feed (Free Shipping) | Chewy,47,"Shop Chewy for low prices and the best 50 lb bag of horse feed! We carry a large selection and the top brands like Stella & Chewy's, Kaytee, and more. Find everything you need in one place. FREE shipping on orders $49+ and the BEST customer service!",249,chewy horse feed,50 Lb Bag Of Horse Feed,1,50-lb-bag-of-horse-feed,True,True,False,False,False,False,False,False,59,344,3,,,,,,,1,1,12.0,0,1,0,0,1.0
HVSP,Ranking Keywords,Has quick-win keywords in positions 11-20,https://www.chewy.com/sp/no-grow-bird-food,True,Push near-page-one terms with title/H1/meta/linking improvements.,1,No Grow Bird Food (Free Shipping) | Chewy,41,"Shop Chewy for low prices and the best no grow bird food! We carry a large selection and the top brands like Kaytee, Brown's, and more. Find everything you need in one place. FREE shipping on orders $49+ and the BEST customer service!",234,no grow bird food,No Grow Bird Food,1,no-grow-bird-food,True,True,False,False,False,False,False,False,63,344,3,,,,,,,2,2,19.5,0,1,1,0,1.0
HVSP,Ranking Keywords,Has quick-win keywords in positions 11-20,https://www.chewy.com/sp/natural-cat-toys,True,Push near-page-one terms with title/H1/meta/linking improvements.,1,Natural Cat Toys (Free Shipping) | Chewy,40,"Shop Chewy for low prices and the best natural cat toys! We carry a large selection and the top brands like Frisco, Hittite, and more. Find everything you need in one place. FREE shipping on orders $49+ and the BEST customer service!",233,organic cat toys,Natural Cat Toys,1,natural-cat-toys,True,True,False,False,False,False,False,False,416,344,2,,,,,,,4,3,15.0,0,1,0,3,1.0
HVSP,Ranking Keywords,Has quick-win keywords in positions 11-20,https://www.chewy.com/sp/wood-blocks-for-bird-toys,True,Push near-page-one terms with title/H1/meta/linking improvements.,1,Wood Blocks For Bird Toys (Free Shipping) | Chewy,49,"Shop Chewy for low prices and the best wood blocks for bird toys! We carry a large selection and the top brands like Super Bird Creations, Caitec, and more. Find everything you need in one place. FREE shipping on orders $49+ and the BEST customer service!",255,wood bird toys,Wood Blocks For Bird Toys,1,wood-blocks-for-bird-toys,True,True,False,False,False,False,False,False,230,344,2,,,,,,,3,3,20.0,0,1,1,1,1.0
HVSP,Ranking Keywords,Has quick-win keywords in positions 11-20,https://www.chewy.com/sp/fish-toys-for-cats,False,Push near-page-one terms with title/H1/meta/linking improvements.,1,,,,,fish toys for cats,,,,,,,,,,,,,,,,,,,,,3,3,5.67,2,1,0,0,
HVSP,Ranking Keywords,Has quick-win keywords in positions 11-20,https://www.chewy.com/sp/coat-conditioner-for-horses,True,Push near-page-one terms with title/H1/meta/linking improvements.,1,Coat Conditioner For Horses (Free Shipping) | Chewy,51,"Shop Chewy for low prices and the best coat conditioner for horses! We carry a large selection and the top brands like Fluconazole Compounded, Prednisone Compounded, and more. Find everything you need in one place. FREE shipping on orders $49+ and the BEST customer service!",274,coat conditioner for horses,Coat Conditioner For Horses,1,coat-conditioner-for-horses,True,True,False,False,False,False,False,False,72,344,2,,,,,,,2,2,14.0,0,1,0,1,1.0
HVSP,Ranking Keywords,Has quick-win keywords in positions 11-20,https://www.chewy.com/sp/ferret-cage-cleaner,True,Push near-page-one terms with title/H1/meta/linking improvements.,1,Ferret Cage Cleaner (Free Shipping) | Chewy,43,"Shop Chewy for low prices and the best ferret cage cleaner! We carry a large selection and the top brands like Avian Fashions, A&E Cage Company, and more. Find everything you need in one place. FREE shipping on orders $49+ and the BEST customer service!",253,ferret cage cleaner,Ferret Cage Cleaner,1,ferret-cage-cleaner,True,True,False,False,False,False,False,False,8,345,3,,,,,,,4,4,7.0,3,1,0,0,1.0
HVSP,Ranking Keywords,Has quick-win keywords in positions 11-20,https://www.chewy.com/sp/dog-pool-toys,True,Push near-page-one terms with title/H1/meta/linking improvements.,5,Dog Pool Toys (Free Shipping) | Chewy,37,"Shop Chewy for low prices and the best dog pool toys! We carry a large selection and the top brands like Pets First, Frisco, and more. Find everything you need in one place. FREE shipping on orders $49+ and the BEST customer service!",233,dog water toys,Dog Pool Toys,1,dog-pool-toys,True,True,False,False,False,False,False,False,166,344,2,,,,,,,7,6,15.43,1,5,1,0,9.0
HVSP,Ranking Keywords,Has quick-win keywords in positions 11-20,https://www.chewy.com/sp/cat-bag,False,Push near-page-one terms with title/H1/meta/linking improvements.,1,,,,,cat bag,,,,,,,,,,,,,,,,,,,,,2,2,11.0,1,1,0,0,
HVSP,Ranking Keywords,Has quick-win keywords in positions 11-20,https://www.chewy.com/sp/duck-dog-toy,False,Push near-page-one terms with title/H1/meta/linking improvements.,1,,,,,duck dog toy,,,,,,,,,,,,,,,,,,,,,2,1,8.0,1,1,0,0,
HVSP,Ranking Keywords,Has quick-win keywords in positions 11-20,https://www.chewy.com/sp/hamster-litter-boxes,True,Push near-page-one terms with title/H1/meta/linking improvements.,1,Hamster Litter Boxes (Free Shipping) | Chewy,44,"Shop Chewy for low prices and the best hamster litter boxes! We carry a large selection and the top brands like Frisco, Buckle-Down, and more. Find everything you need in one place. FREE shipping on orders $49+ and the BEST customer service!",241,hamster litter boxes,Hamster Litter Boxes,1,hamster-litter-boxes,True,True,False,False,False,False,False,False,226,344,3,,,,,,,2,2,8.0,1,1,0,0,1.0
HVSP,Ranking Keywords,Has quick-win keywords in positions 11-20,https://www.chewy.com/sp/loch-ness-monster-dog-toy,False,Push near-page-one terms with title/H1/meta/linking improvements.,1,,,,,loch ness monster dog toy,,,,,,,,,,,,,,,,,,,,,2,1,9.0,1,1,0,0,
HVSP,Ranking Keywords,Has quick-win keywords in positions 11-20,https://www.chewy.com/sp/fish-food-container,True,Push near-page-one terms with title/H1/meta/linking improvements.,1,Fish Food Container (Free Shipping) | Chewy,43,"Shop Chewy for low prices and the best fish food container! We carry a large selection and the top brands like Blue Buffalo, Wellness, and more. Find everything you need in one place. FREE shipping on orders $49+ and the BEST customer service!",243,fish food container,Fish Food Container,1,fish-food-container,True,True,False,False,False,False,False,False,194,344,3,,,,,,,3,2,9.0,1,1,0,1,1.0
HVSP,Ranking Keywords,Has quick-win keywords in positions 11-20,https://www.chewy.com/sp/no-bake-bird-treats,True,Push near-page-one terms with title/H1/meta/linking improvements.,1,No Bake Bird Treats (Free Shipping) | Chewy,43,"Shop Chewy for low prices and the best no bake bird treats! We carry a large selection and the top brands like Fluconazole Compounded, Meloxicam Compounded, and more. Find everything you need in one place. FREE shipping on orders $49+ and the BEST customer service!",265,no bake bird treats,No Bake Bird Treats,1,no-bake-bird-treats,True,True,False,False,False,False,False,False,49,344,3,,,,,,,3,1,11.0,1,1,0,1,1.0
HVSP,Ranking Keywords,Has quick-win keywords in positions 11-20,https://www.chewy.com/sp/pickle-cat-toy,False,Push near-page-one terms with title/H1/meta/linking improvements.,1,,,,,pickle cat toy,,,,,,,,,,,,,,,,,,,,,2,2,11.0,1,1,0,0,
HVSP,Ranking Keywords,Has quick-win keywords in positions 11-20,https://www.chewy.com/sp/turtle-dog-toy,False,Push near-page-one terms with title/H1/meta/linking improvements.,2,,,,,turtle dog toy,,,,,,,,,,,,,,,,,,,,,3,3,10.67,1,2,0,0,
HVSP,Ranking Keywords,Has quick-win keywords in positions 11-20,https://www.chewy.com/sp/turtle-food-dish,False,Push near-page-one terms with title/H1/meta/linking improvements.,1,,,,,turtle food dish,,,,,,,,,,,,,,,,,,,,,3,3,10.5,1,1,0,1,
HVSP,Ranking Keywords,Has quick-win keywords in positions 11-20,https://www.chewy.com/sp/dog-food-for-bully-puppies,True,Push near-page-one terms with title/H1/meta/linking improvements.,2,Dog Food For Bully Puppies (Free Shipping) | Chewy,50,"Shop Chewy for low prices and the best dog food for bully puppies! We carry a large selection and the top brands like Nylabone, Benny Bullys, and more. Find everything you need in one place. FREE shipping on orders $49+ and the BEST customer service!",250,best dog food for bully breeds,Dog Food For Bully Puppies,1,dog-food-for-bully-puppies,True,True,False,False,False,False,False,False,167,340,2,,,,,,,4,4,10.75,2,2,0,0,12.0
HVSP,Ranking Keywords,Has quick-win keywords in positions 11-20,https://www.chewy.com/sp/dog-proof-cat-litter-box,False,Push near-page-one terms with title/H1/meta/linking improvements.,4,,,,,best dog proof litter box,,,,,,,,,,,,,,,,,,,,,9,9,12.44,4,4,1,0,
HVSP,Ranking Keywords,Has quick-win keywords in positions 11-20,https://www.chewy.com/sp/cat-bed-donut,False,Push near-page-one terms with title/H1/meta/linking improvements.,1,,,,,cat bed donut,,,,,,,,,,,,,,,,,,,,,2,2,12.5,1,1,0,0,
HVSP,Ranking Keywords,Has quick-win keywords in positions 11-20,https://www.chewy.com/sp/horse-feed-for-cushings,True,Push near-page-one terms with title/H1/meta/linking improvements.,1,Horse Feed For Cushings (Free Shipping) | Chewy,47,"Shop Chewy for low prices and the best horse feed for cushings! We carry a large selection and the top brands like Trilostane Compounded, Pergolide Compounded, and more. Find everything you need in one place. FREE shipping on orders $49+ and the BEST customer service!",268,horse feed for cushings,Horse Feed For Cushings,1,horse-feed-for-cushings,True,True,False,False,False,False,False,False,32,344,3,,,,,,,5,4,10.67,2,1,0,2,3.0
HVSP,Ranking Keywords,Has quick-win keywords in positions 11-20,https://www.chewy.com/sp/dog-carpet-cleaner,True,Push near-page-one terms with title/H1/meta/linking improvements.,1,Dog Carpet Cleaner (Free Shipping) | Chewy,42,"Shop Chewy for low prices and the best dog carpet cleaner! We carry a large selection and the top brands like Bissell, Nature's Miracle, and more. Find everything you need in one place. FREE shipping on orders $49+ and the BEST customer service!",245,dog carpet cleaner,Dog Carpet Cleaner,1,dog-carpet-cleaner,True,True,False,False,False,False,False,False,9,345,4,,,,,,,2,2,10.0,1,1,0,0,3.0
HVSP,Ranking Keywords,Has quick-win keywords in positions 11-20,https://www.chewy.com/sp/better-wild-allergy-relief-for-dogs,True,Push near-page-one terms with title/H1/meta/linking improvements.,2,Better Wild Allergy Relief For Dogs (Free Shipping) | Chewy,59,"Shop Chewy for low prices and the best better wild allergy relief for dogs! We carry a large selection and the top brands like A Better Treat, Better Belly, and more. Find everything you need in one place. FREE shipping on orders $49+ and the BEST customer service!",265,better wild reviews,Better Wild Allergy Relief For Dogs,1,better-wild-allergy-relief-for-dogs,True,True,False,False,False,False,False,False,57,340,3,,,,,,,3,3,12.67,1,2,0,0,10.0
HVSP,Ranking Keywords,Has quick-win keywords in positions 11-20,https://www.chewy.com/sp/junco-bird-food,True,Push near-page-one terms with title/H1/meta/linking improvements.,1,Junco Bird Food (Free Shipping) | Chewy,39,"Shop Chewy for low prices and the best junco bird food! We carry a large selection and the top brands like Kaytee, Brown's, and more. Find everything you need in one place. FREE shipping on orders $49+ and the BEST customer service!",232,junco food,Junco Bird Food,1,junco-bird-food,True,True,False,False,False,False,False,False,98,344,2,,,,,,,5,5,12.0,2,1,0,2,1.0
HVSP,Ranking Keywords,Has quick-win keywords in positions 11-20,https://www.chewy.com/sp/dog-sunscreen,True,Push near-page-one terms with title/H1/meta/linking improvements.,1,Dog Sunscreen (Free Shipping) | Chewy,37,"Shop Chewy for low prices and the best dog sunscreen! We carry a large selection and the top brands like Pebot, Frisco, and more. Find everything you need in one place. FREE shipping on orders $49+ and the BEST customer service!",228,dog sunscreen,Dog Sunscreen,1,dog-sunscreen,True,True,False,False,False,False,False,False,12,339,3,,,,,,,3,3,12.0,1,1,0,1,10.0
HVSP,Ranking Keywords,Has quick-win keywords in positions 11-20,https://www.chewy.com/sp/rabbit-playpen-mat,False,Push near-page-one terms with title/H1/meta/linking improvements.,1,,,,,rabbit playpen mat,,,,,,,,,,,,,,,,,,,,,2,1,9.5,1,1,0,0,
HVSP,Ranking Keywords,Has quick-win keywords in positions 11-20,https://www.chewy.com/sp/duck-feeders-and-waterers,False,Push near-page-one terms with title/H1/meta/linking improvements.,1,,,,,duck feeders and waterers,,,,,,,,,,,,,,,,,,,,,3,3,12.5,1,1,0,1,
HVSP,Ranking Keywords,Has quick-win keywords in positions 11-20,https://www.chewy.com/sp/gerbil-cage-for-two,True,Push near-page-one terms with title/H1/meta/linking improvements.,1,Gerbil Cage For Two (Free Shipping) | Chewy,43,"Shop Chewy for low prices and the best gerbil cage for two! We carry a large selection and the top brands like A&E Cage Company, PawHut, and more. Find everything you need in one place. FREE shipping on orders $49+ and the BEST customer service!",245,2 gerbils cage,Gerbil Cage For Two,1,gerbil-cage-for-two,True,True,False,False,False,False,False,False,35,344,4,,,,,,,4,3,14.0,1,1,0,2,1.0
HVSP,Ranking Keywords,Has quick-win keywords in positions 11-20,https://www.chewy.com/sp/lysine-immune-support-for-cats,True,Push near-page-one terms with title/H1/meta/linking improvements.,2,Lysine Immune Support For Cats (Free Shipping) | Chewy,54,"Shop Chewy for low prices and the best lysine immune support for cats! We carry a large selection and the top brands like Natura Petz Organics, Vitality Science, and more. Find everything you need in one place. FREE shipping on orders $49+ and the BEST customer service!",270,lysine for cats,Lysine Immune Support For Cats,1,lysine-immune-support-for-cats,True,True,False,False,False,False,False,False,13,341,3,,,,,,,4,3,15.0,1,2,1,0,4.0
HVSP,Ranking Keywords,Has quick-win keywords in positions 11-20,https://www.chewy.com/sp/dog-glasses,True,Push near-page-one terms with title/H1/meta/linking improvements.,1,Dog Glasses (Free Shipping) | Chewy,35,"Shop Chewy for low prices and the best dog glasses! We carry a large selection and the top brands like E&S PETS, Custom Personalization Solutions, and more. Find everything you need in one place. FREE shipping on orders $49+ and the BEST customer service!",255,dog glasses,Dog Glasses,1,dog-glasses,True,True,False,False,False,False,False,False,352,344,3,,,,,,,2,2,14.5,1,1,0,0,3.0
HVSP,Ranking Keywords,Has quick-win keywords in positions 11-20,https://www.chewy.com/sp/dog-ramp-for-pool,False,Push near-page-one terms with title/H1/meta/linking improvements.,1,,,,,dog ramp for pool,,,,,,,,,,,,,,,,,,,,,2,1,10.5,1,1,0,0,
HVSP,Ranking Keywords,Has quick-win keywords in positions 11-20,https://www.chewy.com/sp/goat-medical-supplies,False,Push near-page-one terms with title/H1/meta/linking improvements.,1,,,,,goat medical supplies,,,,,,,,,,,,,,,,,,,,,2,1,10.5,1,1,0,0,
HVSP,Ranking Keywords,Has quick-win keywords in positions 11-20,https://www.chewy.com/sp/horse-tack-hooks,True,Push near-page-one terms with title/H1/meta/linking improvements.,1,Horse Tack Hooks (Free Shipping) | Chewy,40,"Shop Chewy for low prices and the best horse tack hooks! We carry a large selection and the top brands like Equinavia, TuffRider, and more. Find everything you need in one place. FREE shipping on orders $49+ and the BEST customer service!",238,tack hooks,Horse Tack Hooks,1,horse-tack-hooks,True,True,False,False,False,False,False,False,308,344,2,,,,,,,2,2,15.0,1,1,0,0,1.0
HVSP,Ranking Keywords,Has quick-win keywords in positions 11-20,https://www.chewy.com/sp/mealworms-for-turtles,False,Push near-page-one terms with title/H1/meta/linking improvements.,1,,,,,mealworms for turtles,,,,,,,,,,,,,,,,,,,,,2,1,11.5,1,1,0,0,
HVSP,Ranking Keywords,Has quick-win keywords in positions 11-20,https://www.chewy.com/sp/shredded-dog-food,True,Push near-page-one terms with title/H1/meta/linking improvements.,1,Shredded Dog Food (Free Shipping) | Chewy,41,"Shop Chewy for low prices and the best shredded dog food! We carry a large selection and the top brands like Purina Pro Plan, Weruva, and more. Find everything you need in one place. FREE shipping on orders $49+ and the BEST customer service!",242,shredded dog food,Shredded Dog Food,1,shredded-dog-food,True,True,False,False,False,False,False,False,6,344,3,,,,,,,2,1,10.5,1,1,0,0,1.0
HVSP,Ranking Keywords,Has quick-win keywords in positions 11-20,https://www.chewy.com/sp/aesthetic-cat-toys,True,Push near-page-one terms with title/H1/meta/linking improvements.,1,Aesthetic Cat Toys (Free Shipping) | Chewy,42,"Shop Chewy for low prices and the best aesthetic cat toys! We carry a large selection and the top brands like Trend Board Life, Happy & Polly, and more. Find everything you need in one place. FREE shipping on orders $49+ and the BEST customer service!",251,aesthetic cat toys,Aesthetic Cat Toys,1,aesthetic-cat-toys,True,True,False,False,False,False,False,False,248,340,2,,,,,,,1,1,11.0,0,1,0,0,1.0
HVSP,Ranking Keywords,Has quick-win keywords in positions 11-20,https://www.chewy.com/sp/antiseptic-for-dogs,True,Push near-page-one terms with title/H1/meta/linking improvements.,1,Antiseptic For Dogs (Free Shipping) | Chewy,43,"Shop Chewy for low prices and the best antiseptic for dogs! We carry a large selection and the top brands like Miracle Care, Curicyn, and more. Find everything you need in one place. FREE shipping on orders $49+ and the BEST customer service!",242,antiseptic for dogs,Antiseptic For Dogs,1,antiseptic-for-dogs,True,True,False,False,False,False,False,False,8,341,3,,,,,,,1,1,11.0,0,1,0,0,1.0
HVSP,Ranking Keywords,Has quick-win keywords in positions 11-20,https://www.chewy.com/sp/beer-cat-toy,False,Push near-page-one terms with title/H1/meta/linking improvements.,1,,,,,beer cat toy,,,,,,,,,,,,,,,,,,,,,1,1,11.0,0,1,0,0,
HVSP,Ranking Keywords,Has quick-win keywords in positions 11-20,https://www.chewy.com/sp/black-and-white-dog-collars,True,Push near-page-one terms with title/H1/meta/linking improvements.,1,Black And White Dog Collars (Free Shipping) | Chewy,51,"Shop Chewy for low prices and the best black and white dog collars! We carry a large selection and the top brands like Buckle-Down, Angel, and more. Find everything you need in one place. FREE shipping on orders $49+ and the BEST customer service!",247,black and white dog collars,Black And White Dog Collars,1,black-and-white-dog-collars,True,True,False,False,False,False,False,False,916,338,3,,,,,,,1,1,11.0,0,1,0,0,1.0
HVSP,Ranking Keywords,Has quick-win keywords in positions 11-20,https://www.chewy.com/sp/cat-collars-diamante,True,Push near-page-one terms with title/H1/meta/linking improvements.,1,Cat Collars Diamante (Free Shipping) | Chewy,44,"Shop Chewy for low prices and the best cat collars diamante! We carry a large selection and the top brands like Angel, LupinePet, and more. Find everything you need in one place. FREE shipping on orders $49+ and the BEST customer service!",238,cat collars diamante,Cat Collars Diamante,1,cat-collars-diamante,True,True,False,False,False,False,False,False,305,339,2,,,,,,,2,2,11.0,0,1,0,1,1.0
HVSP,Ranking Keywords,Has quick-win keywords in positions 11-20,https://www.chewy.com/sp/dehydrated-carrot-dog-treats,True,Push near-page-one terms with title/H1/meta/linking improvements.,1,Dehydrated Carrot Dog Treats (Free Shipping) | Chewy,52,"Shop Chewy for low prices and the best dehydrated carrot dog treats! We carry a large selection and the top brands like Stella & Chewy's, Farmina, and more. Find everything you need in one place. FREE shipping on orders $49+ and the BEST customer service!",255,dehydrated carrot dog treats,Dehydrated Carrot Dog Treats,1,dehydrated-carrot-dog-treats,True,True,False,False,False,False,False,False,13,340,3,,,,,,,1,1,11.0,0,1,0,0,1.0
HVSP,Ranking Keywords,Has quick-win keywords in positions 11-20,https://www.chewy.com/sp/dog-poop-bag-holder-for-lead,False,Push near-page-one terms with title/H1/meta/linking improvements.,1,,,,,dog poop bag holder for lead,,,,,,,,,,,,,,,,,,,,,1,1,11.0,0,1,0,0,
HVSP,Ranking Keywords,Has quick-win keywords in positions 11-20,https://www.chewy.com/sp/alfalfa-pellets-for-chickens,False,Push near-page-one terms with title/H1/meta/linking improvements.,1,,,,,alfalfa pellets,,,,,,,,,,,,,,,,,,,,,2,2,19.5,0,1,1,0,
HVSP,Ranking Keywords,Has quick-win keywords in positions 11-20,https://www.chewy.com/sp/fiber-for-cats,True,Push near-page-one terms with title/H1/meta/linking improvements.,1,Fiber For Cats (Free Shipping) | Chewy,38,"Shop Chewy for low prices and the best fiber for cats! We carry a large selection and the top brands like Blue Buffalo, Wellness, and more. Find everything you need in one place. FREE shipping on orders $49+ and the BEST customer service!",238,fiber for cats,Fiber For Cats,1,fiber-for-cats,True,True,False,False,False,False,False,False,13,344,4,,,,,,,1,1,11.0,0,1,0,0,7.0
HVSP,Ranking Keywords,Has quick-win keywords in positions 11-20,https://www.chewy.com/sp/fishing-rod-cat-toy,False,Push near-page-one terms with title/H1/meta/linking improvements.,1,,,,,fishing rod cat toy,,,,,,,,,,,,,,,,,,,,,2,2,11.0,0,1,0,1,
HVSP,Ranking Keywords,Has quick-win keywords in positions 11-20,https://www.chewy.com/sp/hamster-treats-fruit,True,Push near-page-one terms with title/H1/meta/linking improvements.,2,Hamster Treats Fruit (Free Shipping) | Chewy,44,"Shop Chewy for low prices and the best hamster treats fruit! We carry a large selection and the top brands like Greenies, Vitakraft, and more. Find everything you need in one place. FREE shipping on orders $49+ and the BEST customer service!",241,hamster treats fruit,Hamster Treats Fruit,1,hamster-treats-fruit,True,True,False,False,False,False,False,False,69,344,3,,,,,,,2,1,12.5,0,2,0,0,1.0
HVSP,Ranking Keywords,Has quick-win keywords in positions 11-20,https://www.chewy.com/sp/krill-fish-food,True,Push near-page-one terms with title/H1/meta/linking improvements.,1,Krill Fish Food (Free Shipping) | Chewy,39,"Shop Chewy for low prices and the best krill fish food! We carry a large selection and the top brands like Blue Buffalo, Purina Pro Plan, and more. Find everything you need in one place. FREE shipping on orders $49+ and the BEST customer service!",246,krill fish food,Krill Fish Food,1,krill-fish-food,True,True,False,False,False,False,False,False,173,344,3,,,,,,,1,1,11.0,0,1,0,0,1.0
HVSP,Ranking Keywords,Has quick-win keywords in positions 11-20,https://www.chewy.com/sp/mermaid-cat-toy,False,Push near-page-one terms with title/H1/meta/linking improvements.,1,,,,,mermaid cat toy,,,,,,,,,,,,,,,,,,,,,1,1,11.0,0,1,0,0,
HVSP,Ranking Keywords,Has quick-win keywords in positions 11-20,https://www.chewy.com/sp/neon-dog-collars,True,Push near-page-one terms with title/H1/meta/linking improvements.,1,Neon Dog Collars (Free Shipping) | Chewy,40,"Shop Chewy for low prices and the best neon dog collars! We carry a large selection and the top brands like LupinePet, Sassy Dog Wear, and more. Find everything you need in one place. FREE shipping on orders $49+ and the BEST customer service!",243,neon dog collars,Neon Dog Collars,1,neon-dog-collars,True,True,False,False,False,False,False,False,3,338,4,,,,,,,1,1,11.0,0,1,0,0,1.0
HVSP,Ranking Keywords,Has quick-win keywords in positions 11-20,https://www.chewy.com/sp/pinkies-snake-food,True,Push near-page-one terms with title/H1/meta/linking improvements.,1,Pinkies Snake Food (Free Shipping) | Chewy,42,"Shop Chewy for low prices and the best pinkies snake food! We carry a large selection and the top brands like MiceDirect, Strike, and more. Find everything you need in one place. FREE shipping on orders $49+ and the BEST customer service!",238,pinkies snake food,Pinkies Snake Food,1,pinkies-snake-food,True,True,False,False,False,False,False,False,45,339,2,,,,,,,1,1,11.0,0,1,0,0,1.0
HVSP,Ranking Keywords,Has quick-win keywords in positions 11-20,https://www.chewy.com/sp/rainbow-fish-food,False,Push near-page-one terms with title/H1/meta/linking improvements.,2,,,,,rainbow fish food,,,,,,,,,,,,,,,,,,,,,4,2,15.67,0,2,1,1,
HVSP,Ranking Keywords,Has quick-win keywords in positions 11-20,https://www.chewy.com/sp/sardines-for-cats,False,Push near-page-one terms with title/H1/meta/linking improvements.,1,,,,,sardines for cats,,,,,,,,,,,,,,,,,,,,,1,1,11.0,0,1,0,0,
HVSP,Ranking Keywords,Has quick-win keywords in positions 11-20,https://www.chewy.com/sp/toys-for-cats-with-cerebellar-hypoplasia,False,Push near-page-one terms with title/H1/meta/linking improvements.,1,,,,,toys for cats with cerebellar hypoplasia,,,,,,,,,,,,,,,,,,,,,1,1,11.0,0,1,0,0,
HVSP,Ranking Keywords,Has quick-win keywords in positions 11-20,https://www.chewy.com/sp/wholehearted-dog-food,False,Push near-page-one terms with title/H1/meta/linking improvements.,4,,,,,wholehearted dog food,,,,,,,,,,,,,,,,,,,,,6,6,14.5,0,4,0,2,
HVSP,Ranking Keywords,Has quick-win keywords in positions 11-20,https://www.chewy.com/sp/antimicrobial-spray-for-dogs,False,Push near-page-one terms with title/H1/meta/linking improvements.,1,,,,,dog antibiotic spray,,,,,,,,,,,,,,,,,,,,,1,1,11.0,0,1,0,0,
HVSP,Ranking Keywords,Has quick-win keywords in positions 11-20,https://www.chewy.com/sp/airline-approved-dog-kennels,False,Push near-page-one terms with title/H1/meta/linking improvements.,1,,,,,airline approved dog kennels,,,,,,,,,,,,,,,,,,,,,1,1,12.0,0,1,0,0,
HVSP,Ranking Keywords,Has quick-win keywords in positions 11-20,https://www.chewy.com/sp/bird-baths-for-parakeets,False,Push near-page-one terms with title/H1/meta/linking improvements.,2,,,,,bird baths for parakeets,,,,,,,,,,,,,,,,,,,,,2,1,13.5,0,2,0,0,
HVSP,Ranking Keywords,Has quick-win keywords in positions 11-20,https://www.chewy.com/sp/bird-treat-sticks,False,Push near-page-one terms with title/H1/meta/linking improvements.,1,,,,,bird treat sticks,,,,,,,,,,,,,,,,,,,,,1,1,12.0,0,1,0,0,
HVSP,Ranking Keywords,Has quick-win keywords in positions 11-20,https://www.chewy.com/sp/studded-dog-collars,True,Push near-page-one terms with title/H1/meta/linking improvements.,1,Studded Dog Collars (Free Shipping) | Chewy,43,"Shop Chewy for low prices and the best studded dog collars! We carry a large selection and the top brands like Angel, Mimi Green, and more. Find everything you need in one place. FREE shipping on orders $49+ and the BEST customer service!",238,black studded dog collars,Studded Dog Collars,1,studded-dog-collars,True,True,False,False,False,False,False,False,2,335,4,,,,,,,2,2,12.0,0,1,0,1,1.0
HVSP,Ranking Keywords,Has quick-win keywords in positions 11-20,https://www.chewy.com/sp/calcium-supplements-for-cattle,False,Push near-page-one terms with title/H1/meta/linking improvements.,1,,,,,calcium supplements for cattle,,,,,,,,,,,,,,,,,,,,,1,1,12.0,0,1,0,0,
HVSP,Ranking Keywords,Has quick-win keywords in positions 11-20,https://www.chewy.com/sp/cat-treats-shaking,True,Push near-page-one terms with title/H1/meta/linking improvements.,1,Cat Treats Shaking (Free Shipping) | Chewy,42,"Shop Chewy for low prices and the best cat treats shaking! We carry a large selection and the top brands like Enalapril Maleate Compounded, Piroxicam Compounded, and more. Find everything you need in one place. FREE shipping on orders $49+ and the BEST customer service!",270,cat treats shaking,Cat Treats Shaking,1,cat-treats-shaking,True,True,False,False,False,False,False,False,21,340,3,,,,,,,1,1,12.0,0,1,0,0,1.0
HVSP,Ranking Keywords,Has quick-win keywords in positions 11-20,https://www.chewy.com/sp/cattle-b12-supplements,False,Push near-page-one terms with title/H1/meta/linking improvements.,1,,,,,cattle b12 supplements,,,,,,,,,,,,,,,,,,,,,3,1,12.0,0,1,0,2,
HVSP,Ranking Keywords,Has quick-win keywords in positions 11-20,https://www.chewy.com/sp/cod-skins-for-dogs,False,Push near-page-one terms with title/H1/meta/linking improvements.,1,,,,,cod skins for dogs,,,,,,,,,,,,,,,,,,,,,2,2,18.5,0,1,1,0,
HVSP,Ranking Keywords,Has quick-win keywords in positions 11-20,https://www.chewy.com/sp/portable-dog-shower,False,Push near-page-one terms with title/H1/meta/linking improvements.,1,,,,,dog shower for car,,,,,,,,,,,,,,,,,,,,,1,1,12.0,0,1,0,0,
HVSP,Ranking Keywords,Has quick-win keywords in positions 11-20,https://www.chewy.com/sp/dog-treat-advent-calendar,False,Push near-page-one terms with title/H1/meta/linking improvements.,4,,,,,dog advent calendar,,,,,,,,,,,,,,,,,,,,,4,4,15.0,0,4,0,0,
HVSP,Ranking Keywords,Has quick-win keywords in positions 11-20,https://www.chewy.com/sp/horse-tack-turquoise,False,Push near-page-one terms with title/H1/meta/linking improvements.,1,,,,,horse tack turquoise,,,,,,,,,,,,,,,,,,,,,1,1,12.0,0,1,0,0,
HVSP,Ranking Keywords,Has quick-win keywords in positions 11-20,https://www.chewy.com/sp/little-one-rat-food,True,Push near-page-one terms with title/H1/meta/linking improvements.,1,Little One Rat Food (Free Shipping) | Chewy,43,"Shop Chewy for low prices and the best little one rat food! We carry a large selection and the top brands like Brown's, Kaytee, and more. Find everything you need in one place. FREE shipping on orders $49+ and the BEST customer service!",236,little one rat food,Little One Rat Food,1,little-one-rat-food,True,True,False,False,False,False,False,False,101,344,2,,,,,,,1,1,12.0,0,1,0,0,1.0
HVSP,Ranking Keywords,Has quick-win keywords in positions 11-20,https://www.chewy.com/sp/neoprene-horse-boots,True,Push near-page-one terms with title/H1/meta/linking improvements.,1,Neoprene Horse Boots (Free Shipping) | Chewy,44,"Shop Chewy for low prices and the best neoprene horse boots! We carry a large selection and the top brands like Professional's Choice, TuffRider, and more. Find everything you need in one place. FREE shipping on orders $49+ and the BEST customer service!",254,neoprene horse boots,Neoprene Horse Boots,1,neoprene-horse-boots,True,True,False,False,False,False,False,False,36,344,3,,,,,,,2,1,12.0,0,1,0,1,1.0
HVSP,Ranking Keywords,Has quick-win keywords in positions 11-20,https://www.chewy.com/sp/optimal-fish-food,False,Push near-page-one terms with title/H1/meta/linking improvements.,1,,,,,optimal fish food,,,,,,,,,,,,,,,,,,,,,1,1,12.0,0,1,0,0,
HVSP,Ranking Keywords,Has quick-win keywords in positions 11-20,https://www.chewy.com/sp/pellet-litter-for-kittens,False,Push near-page-one terms with title/H1/meta/linking improvements.,1,,,,,pellet litter for kittens,,,,,,,,,,,,,,,,,,,,,1,1,12.0,0,1,0,0,
HVSP,Ranking Keywords,Has quick-win keywords in positions 11-20,https://www.chewy.com/sp/rabbit-cage-xl,False,Push near-page-one terms with title/H1/meta/linking improvements.,1,,,,,rabbit cage xl,,,,,,,,,,,,,,,,,,,,,1,1,12.0,0,1,0,0,
HVSP,Ranking Keywords,Has quick-win keywords in positions 11-20,https://www.chewy.com/sp/sanded-bird-perches,True,Push near-page-one terms with title/H1/meta/linking improvements.,1,Sanded Bird Perches (Free Shipping) | Chewy,43,"Shop Chewy for low prices and the best sanded bird perches! We carry a large selection and the top brands like A&E Cage Company, Prevue Pet Products, and more. Find everything you need in one place. FREE shipping on orders $49+ and the BEST customer service!",258,sanded bird perches,Sanded Bird Perches,1,sanded-bird-perches,True,True,False,False,False,False,False,False,38,344,2,,,,,,,1,1,12.0,0,1,0,0,1.0
HVSP,Ranking Keywords,Has quick-win keywords in positions 11-20,https://www.chewy.com/sp/wine-cat-toy,False,Push near-page-one terms with title/H1/meta/linking improvements.,1,,,,,wine cat toy,,,,,,,,,,,,,,,,,,,,,1,1,12.0,0,1,0,0,
HVSP,Ranking Keywords,Has quick-win keywords in positions 11-20,https://www.chewy.com/sp/wood-cat-decor,True,Push near-page-one terms with title/H1/meta/linking improvements.,1,Wood Cat Decor (Free Shipping) | Chewy,38,"Shop Chewy for low prices and the best wood cat decor! We carry a large selection and the top brands like Frisco, Kendrick, and more. Find everything you need in one place. FREE shipping on orders $49+ and the BEST customer service!",232,wood cat decor,Wood Cat Decor,1,wood-cat-decor,True,True,False,False,False,False,False,False,330,343,2,,,,,,,1,1,12.0,0,1,0,0,1.0
HVSP,Ranking Keywords,Has quick-win keywords in positions 11-20,https://www.chewy.com/sp/woodpecker-dog-toy,False,Push near-page-one terms with title/H1/meta/linking improvements.,1,,,,,woodpecker dog toy,,,,,,,,,,,,,,,,,,,,,1,1,12.0,0,1,0,0,
HVSP,Ranking Keywords,Has quick-win keywords in positions 11-20,https://www.chewy.com/sp/heated-dog-house,True,Push near-page-one terms with title/H1/meta/linking improvements.,2,Heated Dog House (Free Shipping) | Chewy,40,"Shop Chewy for low prices and the best heated dog house! We carry a large selection and the top brands like Snoozer Pet Products, Mora Pets, and more. Find everything you need in one place. FREE shipping on orders $49+ and the BEST customer service!",249,heated dog house,Heated Dog House,1,heated-dog-house,True,True,False,False,False,False,False,False,4,342,4,,,,,,,3,3,15.5,0,2,0,1,4.0
HVSP,Ranking Keywords,Has quick-win keywords in positions 11-20,https://www.chewy.com/sp/3-ingredient-dog-treats-no-peanut-butter,True,Push near-page-one terms with title/H1/meta/linking improvements.,1,3 Ingredient Dog Treats No Peanut Butter (Free Shipping) | Chewy,64,"Shop Chewy for low prices and the best 3 ingredient dog treats no peanut butter! We carry a large selection and the top brands like Earth Animal, Icelandic+, and more. Find everything you need in one place. FREE shipping on orders $49+ and the BEST customer service!",266,3 ingredient dog treats no peanut butter,3 Ingredient Dog Treats No Peanut Butter,1,3-ingredient-dog-treats-no-peanut-butter,True,True,False,False,False,False,False,False,26,341,3,,,,,,,1,1,13.0,0,1,0,0,2.0
HVSP,Ranking Keywords,Has quick-win keywords in positions 11-20,https://www.chewy.com/sp/plants-for-bearded-dragon-tank,True,Push near-page-one terms with title/H1/meta/linking improvements.,1,Plants For Bearded Dragon Tank (Free Shipping) | Chewy,54,"Shop Chewy for low prices and the best plants for bearded dragon tank! We carry a large selection and the top brands like Zoo Med, Exo Terra, and more. Find everything you need in one place. FREE shipping on orders $49+ and the BEST customer service!",250,bearded dragon tank plants,Plants For Bearded Dragon Tank,1,plants-for-bearded-dragon-tank,True,True,False,False,False,False,False,False,86,344,2,,,,,,,1,1,13.0,0,1,0,0,1.0
HVSP,Ranking Keywords,Has quick-win keywords in positions 11-20,https://www.chewy.com/sp/blue-leather-dog-collars,True,Push near-page-one terms with title/H1/meta/linking improvements.,1,Blue Leather Dog Collars (Free Shipping) | Chewy,48,"Shop Chewy for low prices and the best blue leather dog collars! We carry a large selection and the top brands like Euro-Dog, PoisePup, and more. Find everything you need in one place. FREE shipping on orders $49+ and the BEST customer service!",244,blue leather dog collars,Blue Leather Dog Collars,1,blue-leather-dog-collars,True,True,False,False,False,False,False,False,1,338,3,,,,,,,1,1,13.0,0,1,0,0,2.0
HVSP,Ranking Keywords,Has quick-win keywords in positions 11-20,https://www.chewy.com/sp/cat-e-cone,False,Push near-page-one terms with title/H1/meta/linking improvements.,1,,,,,cat e cone,,,,,,,,,,,,,,,,,,,,,1,1,13.0,0,1,0,0,
HVSP,Ranking Keywords,Has quick-win keywords in positions 11-20,https://www.chewy.com/sp/cat-harness-with-wings,False,Push near-page-one terms with title/H1/meta/linking improvements.,1,,,,,cat harness with wings,,,,,,,,,,,,,,,,,,,,,1,1,13.0,0,1,0,0,
HVSP,Ranking Keywords,Has quick-win keywords in positions 11-20,https://www.chewy.com/sp/cheese-dog-toy,False,Push near-page-one terms with title/H1/meta/linking improvements.,1,,,,,cheese dog toy,,,,,,,,,,,,,,,,,,,,,1,1,13.0,0,1,0,0,
HVSP,Ranking Keywords,Has quick-win keywords in positions 11-20,https://www.chewy.com/sp/cockatiel-treat-sticks,True,Push near-page-one terms with title/H1/meta/linking improvements.,1,Cockatiel Treat Sticks (Free Shipping) | Chewy,46,"Shop Chewy for low prices and the best cockatiel treat sticks! We carry a large selection and the top brands like Natural Farm, The Treat Shack, and more. Find everything you need in one place. FREE shipping on orders $49+ and the BEST customer service!",253,cockatiel treat sticks,Cockatiel Treat Sticks,1,cockatiel-treat-sticks,True,True,False,False,False,False,False,False,130,344,3,,,,,,,1,1,13.0,0,1,0,0,1.0
HVSP,Ranking Keywords,Has quick-win keywords in positions 11-20,https://www.chewy.com/sp/dog-pacifier,True,Push near-page-one terms with title/H1/meta/linking improvements.,1,Dog Pacifier (Free Shipping) | Chewy,36,"Shop Chewy for low prices and the best dog pacifier! We carry a large selection and the top brands like KONG, Huxley & Kent, and more. Find everything you need in one place. FREE shipping on orders $49+ and the BEST customer service!",233,dog pacifier,Dog Pacifier,1,dog-pacifier,True,True,False,False,False,False,False,False,3,341,3,,,,,,,1,1,13.0,0,1,0,0,13.0
HVSP,Ranking Keywords,Has quick-win keywords in positions 11-20,https://www.chewy.com/sp/essential-horse-riding-gear,True,Push near-page-one terms with title/H1/meta/linking improvements.,1,Essential Horse Riding Gear (Free Shipping) | Chewy,51,"Shop Chewy for low prices and the best essential horse riding gear! We carry a large selection and the top brands like Equinavia, TuffRider, and more. Find everything you need in one place. FREE shipping on orders $49+ and the BEST customer service!",249,essential horse riding gear,Essential Horse Riding Gear,1,essential-horse-riding-gear,True,True,False,False,False,False,False,False,117,344,4,,,,,,,2,2,13.0,0,1,0,1,1.0
HVSP,Ranking Keywords,Has quick-win keywords in positions 11-20,https://www.chewy.com/sp/fish-tank-light-bulbs,True,Push near-page-one terms with title/H1/meta/linking improvements.,1,Fish Tank Light Bulbs (Free Shipping) | Chewy,45,"Shop Chewy for low prices and the best fish tank light bulbs! We carry a large selection and the top brands like Aqueon, Aquatop, and more. Find everything you need in one place. FREE shipping on orders $49+ and the BEST customer service!",238,bulbs for fish tanks,Fish Tank Light Bulbs,1,fish-tank-light-bulbs,True,True,False,False,False,False,False,False,174,344,2,,,,,,,3,3,19.0,0,1,1,1,3.0
HVSP,Ranking Keywords,Has quick-win keywords in positions 11-20,https://www.chewy.com/sp/fish-tank-top,True,Push near-page-one terms with title/H1/meta/linking improvements.,1,Fish Tank Top (Free Shipping) | Chewy,37,"Shop Chewy for low prices and the best fish tank top! We carry a large selection and the top brands like Trilostane Compounded, Pimobendan Compounded, and more. Find everything you need in one place. FREE shipping on orders $49+ and the BEST customer service!",259,fish tank top,Fish Tank Top,1,fish-tank-top,True,True,False,False,False,False,False,False,210,344,3,,,,,,,1,1,13.0,0,1,0,0,1.0
HVSP,Ranking Keywords,Has quick-win keywords in positions 11-20,https://www.chewy.com/sp/ireland-horse-blankets,True,Push near-page-one terms with title/H1/meta/linking improvements.,1,Ireland Horse Blankets (Free Shipping) | Chewy,46,"Shop Chewy for low prices and the best ireland horse blankets! We carry a large selection and the top brands like Equinavia, Tough1, and more. Find everything you need in one place. FREE shipping on orders $49+ and the BEST customer service!",241,ireland horse blankets,Ireland Horse Blankets,1,ireland-horse-blankets,True,True,False,False,False,False,False,False,133,344,3,,,,,,,1,1,13.0,0,1,0,0,1.0
HVSP,Ranking Keywords,Has quick-win keywords in positions 11-20,https://www.chewy.com/sp/omega-horse-treats,True,Push near-page-one terms with title/H1/meta/linking improvements.,1,Omega Horse Treats (Free Shipping) | Chewy,42,"Shop Chewy for low prices and the best omega horse treats! We carry a large selection and the top brands like Trilostane Compounded, Meloxicam Compounded, and more. Find everything you need in one place. FREE shipping on orders $49+ and the BEST customer service!",263,omega horse treats,Omega Horse Treats,1,omega-horse-treats,True,True,False,False,False,False,False,False,57,344,2,,,,,,,1,1,13.0,0,1,0,0,1.0
HVSP,Ranking Keywords,Has quick-win keywords in positions 11-20,https://www.chewy.com/sp/rabbit-hay-bag,True,Push near-page-one terms with title/H1/meta/linking improvements.,1,Rabbit Hay Bag (Free Shipping) | Chewy,38,"Shop Chewy for low prices and the best rabbit hay bag! We carry a large selection and the top brands like Rabbit Hole Hay, Oxbow, and more. Find everything you need in one place. FREE shipping on orders $49+ and the BEST customer service!",238,rabbit hay bag,Rabbit Hay Bag,1,rabbit-hay-bag,True,True,False,False,False,False,False,False,21,344,4,,,,,,,1,1,13.0,0,1,0,0,1.0
HVSP,Ranking Keywords,Has quick-win keywords in positions 11-20,https://www.chewy.com/sp/reptile-heat-lamp-no-light,True,Push near-page-one terms with title/H1/meta/linking improvements.,1,Reptile Heat Lamp No Light (Free Shipping) | Chewy,50,"Shop Chewy for low prices and the best reptile heat lamp no light! We carry a large selection and the top brands like Zoo Med, Arcadia Reptile, and more. Find everything you need in one place. FREE shipping on orders $49+ and the BEST customer service!",252,reptile heat lamp no light,Reptile Heat Lamp No Light,1,reptile-heat-lamp-no-light,True,True,False,False,False,False,False,False,73,344,2,,,,,,,1,1,13.0,0,1,0,0,1.0
HVSP,Ranking Keywords,Has quick-win keywords in positions 11-20,https://www.chewy.com/sp/short-dog-leash,False,Push near-page-one terms with title/H1/meta/linking improvements.,1,,,,,short dog leash,,,,,,,,,,,,,,,,,,,,,1,1,13.0,0,1,0,0,
HVSP,Ranking Keywords,Has quick-win keywords in positions 11-20,https://www.chewy.com/sp/sisal-fabric-for-cat-scratching-posts,False,Push near-page-one terms with title/H1/meta/linking improvements.,1,,,,,sisal fabric for cat scratching posts,,,,,,,,,,,,,,,,,,,,,1,1,13.0,0,1,0,0,
HVSP,Ranking Keywords,Has quick-win keywords in positions 11-20,https://www.chewy.com/sp/zombie-dog-toy,False,Push near-page-one terms with title/H1/meta/linking improvements.,1,,,,,zombie dog toy,,,,,,,,,,,,,,,,,,,,,1,1,13.0,0,1,0,0,
HVSP,Ranking Keywords,Has quick-win keywords in positions 11-20,https://www.chewy.com/sp/dog-is-human-multivitamin,True,Push near-page-one terms with title/H1/meta/linking improvements.,1,Dog Is Human Multivitamin (Free Shipping) | Chewy,49,"Shop Chewy for low prices and the best dog is human multivitamin! We carry a large selection and the top brands like Healthy Breeds, Wholistic Pet Organics, and more. Find everything you need in one place. FREE shipping on orders $49+ and the BEST customer service!",265,dog human,Dog Is Human Multivitamin,1,dog-is-human-multivitamin,True,True,False,False,False,False,False,False,600,340,2,,,,,,,4,4,19.0,0,1,1,2,26.0
HVSP,Ranking Keywords,Has quick-win keywords in positions 11-20,https://www.chewy.com/sp/sun-conure-food,True,Push near-page-one terms with title/H1/meta/linking improvements.,2,Sun Conure Food (Free Shipping) | Chewy,39,"Shop Chewy for low prices and the best sun conure food! We carry a large selection and the top brands like Kaytee, Vitakraft, and more. Find everything you need in one place. FREE shipping on orders $49+ and the BEST customer service!",234,sun conure diet,Sun Conure Food,1,sun-conure-food,True,True,False,False,False,False,False,False,53,344,3,,,,,,,4,3,18.0,0,2,1,1,1.0
HVSP,Ranking Keywords,Has quick-win keywords in positions 11-20,https://www.chewy.com/sp/alfalfa-hay-for-horses,False,Push near-page-one terms with title/H1/meta/linking improvements.,2,,,,,alfalfa hay,,,,,,,,,,,,,,,,,,,,,3,3,19.33,0,2,1,0,
HVSP,Ranking Keywords,Has quick-win keywords in positions 11-20,https://www.chewy.com/sp/alligator-dog-toy,False,Push near-page-one terms with title/H1/meta/linking improvements.,2,,,,,alligator dog toy,,,,,,,,,,,,,,,,,,,,,2,2,16.0,0,2,0,0,
HVSP,Ranking Keywords,Has quick-win keywords in positions 11-20,https://www.chewy.com/sp/black-cat-calendars,False,Push near-page-one terms with title/H1/meta/linking improvements.,1,,,,,black cat calendars,,,,,,,,,,,,,,,,,,,,,1,1,14.0,0,1,0,0,
HVSP,Ranking Keywords,Has quick-win keywords in positions 11-20,https://www.chewy.com/sp/cat-doors-for-screens,True,Push near-page-one terms with title/H1/meta/linking improvements.,1,Cat Doors For Screens (Free Shipping) | Chewy,45,"Shop Chewy for low prices and the best cat doors for screens! We carry a large selection and the top brands like Deck the Door Decor, CLAWGUARD, and more. Find everything you need in one place. FREE shipping on orders $49+ and the BEST customer service!",253,cat doors for screens,Cat Doors For Screens,1,cat-doors-for-screens,True,True,False,False,False,False,False,False,41,339,3,,,,,,,1,1,14.0,0,1,0,0,2.0
HVSP,Ranking Keywords,Has quick-win keywords in positions 11-20,https://www.chewy.com/sp/cat-necklace,True,Push near-page-one terms with title/H1/meta/linking improvements.,2,Cat Necklace (Free Shipping) | Chewy,36,"Shop Chewy for low prices and the best cat necklace! We carry a large selection and the top brands like Made By Cleo, Safe Cat, and more. Find everything you need in one place. FREE shipping on orders $49+ and the BEST customer service!",236,cat necklace,Cat Necklace,1,cat-necklace,True,True,False,False,False,False,False,False,10,341,3,,,,,,,3,3,15.5,0,2,0,1,2.0
HVSP,Ranking Keywords,Has quick-win keywords in positions 11-20,https://www.chewy.com/sp/catnip-mat,False,Push near-page-one terms with title/H1/meta/linking improvements.,1,,,,,catnip mat,,,,,,,,,,,,,,,,,,,,,1,1,14.0,0,1,0,0,
HVSP,Ranking Keywords,Has quick-win keywords in positions 11-20,https://www.chewy.com/sp/chicken-dog-toy,False,Push near-page-one terms with title/H1/meta/linking improvements.,1,,,,,chicken dog toy,,,,,,,,,,,,,,,,,,,,,1,1,14.0,0,1,0,0,
HVSP,Ranking Keywords,Has quick-win keywords in positions 11-20,https://www.chewy.com/sp/chicken-neck-dog-treats,False,Push near-page-one terms with title/H1/meta/linking improvements.,1,,,,,chicken neck dog treats,,,,,,,,,,,,,,,,,,,,,1,1,14.0,0,1,0,0,
HVSP,Ranking Keywords,Has quick-win keywords in positions 11-20,https://www.chewy.com/sp/clear-plastic-fish-tanks,True,Push near-page-one terms with title/H1/meta/linking improvements.,1,Clear Plastic Fish Tanks (Free Shipping) | Chewy,48,"Shop Chewy for low prices and the best clear plastic fish tanks! We carry a large selection and the top brands like Penn-Plax, biOrb, and more. Find everything you need in one place. FREE shipping on orders $49+ and the BEST customer service!",242,clear plastic fish tanks,Clear Plastic Fish Tanks,1,clear-plastic-fish-tanks,True,True,False,False,False,False,False,False,10,343,3,,,,,,,1,1,14.0,0,1,0,0,1.0
HVSP,Ranking Keywords,Has quick-win keywords in positions 11-20,https://www.chewy.com/sp/crash-tested-dog-crates,True,Push near-page-one terms with title/H1/meta/linking improvements.,1,Crash Tested Dog Crates (Free Shipping) | Chewy,47,"Shop Chewy for low prices and the best crash tested dog crates! We carry a large selection and the top brands like MidWest, SportPet Designs, and more. Find everything you need in one place. FREE shipping on orders $49+ and the BEST customer service!",250,crash tested dog crates,Crash Tested Dog Crates,1,crash-tested-dog-crates,True,True,False,False,False,False,False,False,2,339,3,,,,,,,1,1,14.0,0,1,0,0,7.0
HVSP,Ranking Keywords,Has quick-win keywords in positions 11-20,https://www.chewy.com/sp/dog-paw-covers,True,Push near-page-one terms with title/H1/meta/linking improvements.,1,Dog Paw Covers (Free Shipping) | Chewy,38,"Shop Chewy for low prices and the best dog paw covers! We carry a large selection and the top brands like Noah & Paw, Plush Paws Products, and more. Find everything you need in one place. FREE shipping on orders $49+ and the BEST customer service!",247,dog paw covers,Dog Paw Covers,1,dog-paw-covers,True,True,False,False,False,False,False,False,698,338,3,,,,,,,1,1,14.0,0,1,0,0,4.0
HVSP,Ranking Keywords,Has quick-win keywords in positions 11-20,https://www.chewy.com/sp/feeders-supply-dog-food,True,Push near-page-one terms with title/H1/meta/linking improvements.,1,Feeders Supply Dog Food (Free Shipping) | Chewy,47,"Shop Chewy for low prices and the best feeders supply dog food! We carry a large selection and the top brands like Frisco, Littlearth, and more. Find everything you need in one place. FREE shipping on orders $49+ and the BEST customer service!",243,feeders supply dog food,Feeders Supply Dog Food,1,feeders-supply-dog-food,True,True,False,False,False,False,False,False,554,344,2,,,,,,,1,1,14.0,0,1,0,0,1.0
HVSP,Ranking Keywords,Has quick-win keywords in positions 11-20,https://www.chewy.com/sp/filter-media-mesh-bags,False,Push near-page-one terms with title/H1/meta/linking improvements.,1,,,,,filter media mesh bags,,,,,,,,,,,,,,,,,,,,,1,1,14.0,0,1,0,0,
HVSP,Ranking Keywords,Has quick-win keywords in positions 11-20,https://www.chewy.com/sp/finch-bird-supplies,False,Push near-page-one terms with title/H1/meta/linking improvements.,2,,,,,finch bird supplies,,,,,,,,,,,,,,,,,,,,,5,5,18.0,0,2,1,2,
HVSP,Ranking Keywords,Has quick-win keywords in positions 11-20,https://www.chewy.com/sp/horse-tack-buckles,True,Push near-page-one terms with title/H1/meta/linking improvements.,1,Horse Tack Buckles (Free Shipping) | Chewy,42,"Shop Chewy for low prices and the best horse tack buckles! We carry a large selection and the top brands like Equinavia, TuffRider, and more. Find everything you need in one place. FREE shipping on orders $49+ and the BEST customer service!",240,horse tack buckles,Horse Tack Buckles,1,horse-tack-buckles,True,True,False,False,False,False,False,False,185,344,3,,,,,,,2,1,14.0,0,1,0,1,1.0
HVSP,Ranking Keywords,Has quick-win keywords in positions 11-20,https://www.chewy.com/sp/insulated-dog-kennels,False,Push near-page-one terms with title/H1/meta/linking improvements.,1,,,,,insulated dog kennels,,,,,,,,,,,,,,,,,,,,,1,1,14.0,0,1,0,0,
HVSP,Ranking Keywords,Has quick-win keywords in positions 11-20,https://www.chewy.com/sp/ker-horse-supplements,True,Push near-page-one terms with title/H1/meta/linking improvements.,1,Ker Horse Supplements (Free Shipping) | Chewy,45,"Shop Chewy for low prices and the best ker horse supplements! We carry a large selection and the top brands like Trilostane Compounded, SmartPak, and more. Find everything you need in one place. FREE shipping on orders $49+ and the BEST customer service!",254,ker horse supplements,Ker Horse Supplements,1,ker-horse-supplements,True,True,False,False,False,False,False,False,66,344,3,,,,,,,1,1,14.0,0,1,0,0,1.0
HVSP,Ranking Keywords,Has quick-win keywords in positions 11-20,https://www.chewy.com/sp/large-horse-clippers,True,Push near-page-one terms with title/H1/meta/linking improvements.,1,Large Horse Clippers (Free Shipping) | Chewy,44,"Shop Chewy for low prices and the best large horse clippers! We carry a large selection and the top brands like Equinavia, LeMieux, and more. Find everything you need in one place. FREE shipping on orders $49+ and the BEST customer service!",240,horse clipper,Large Horse Clippers,1,large-horse-clippers,True,True,False,False,False,False,False,False,40,344,3,,,,,,,2,2,19.0,0,1,1,0,1.0
HVSP,Ranking Keywords,Has quick-win keywords in positions 11-20,https://www.chewy.com/sp/owl-dog-toy,False,Push near-page-one terms with title/H1/meta/linking improvements.,1,,,,,owl dog toy,,,,,,,,,,,,,,,,,,,,,1,1,14.0,0,1,0,0,
HVSP,Ranking Keywords,Has quick-win keywords in positions 11-20,https://www.chewy.com/sp/pumpkin-for-dogs,True,Push near-page-one terms with title/H1/meta/linking improvements.,1,Pumpkin For Dogs (Free Shipping) | Chewy,40,"Shop Chewy for low prices and the best pumpkin for dogs! We carry a large selection and the top brands like Stella & Chewy's, Instinct, and more. Find everything you need in one place. FREE shipping on orders $49+ and the BEST customer service!",244,pumpkin for dogs,Pumpkin For Dogs,1,pumpkin-for-dogs,True,True,False,False,False,False,False,False,65,344,3,,,,,,,1,1,14.0,0,1,0,0,1.0
HVSP,Ranking Keywords,Has quick-win keywords in positions 11-20,https://www.chewy.com/sp/multi-puppy-feeder,False,Push near-page-one terms with title/H1/meta/linking improvements.,1,,,,,puppy multi feeder,,,,,,,,,,,,,,,,,,,,,1,1,14.0,0,1,0,0,
HVSP,Ranking Keywords,Has quick-win keywords in positions 11-20,https://www.chewy.com/sp/quail-bird-food,False,Push near-page-one terms with title/H1/meta/linking improvements.,1,,,,,quail bird food,,,,,,,,,,,,,,,,,,,,,1,1,14.0,0,1,0,0,
HVSP,Ranking Keywords,Has quick-win keywords in positions 11-20,https://www.chewy.com/sp/tequila-dog-toy,False,Push near-page-one terms with title/H1/meta/linking improvements.,1,,,,,tequila dog toy,,,,,,,,,,,,,,,,,,,,,1,1,14.0,0,1,0,0,
HVSP,Ranking Keywords,Has quick-win keywords in positions 11-20,https://www.chewy.com/sp/moose-antlers-for-dogs,True,Push near-page-one terms with title/H1/meta/linking improvements.,1,Moose Antlers For Dogs (Free Shipping) | Chewy,46,"Shop Chewy for low prices and the best moose antlers for dogs! We carry a large selection and the top brands like HOTSPOT PETS, Good Trouble, and more. Find everything you need in one place. FREE shipping on orders $49+ and the BEST customer service!",250,best moose antlers for dogs,Moose Antlers For Dogs,1,moose-antlers-for-dogs,True,True,False,False,False,False,False,False,20,341,3,,,,,,,1,1,14.0,0,1,0,0,2.0
HVSP,Ranking Keywords,Has quick-win keywords in positions 11-20,https://www.chewy.com/sp/dog-yeast-infection-treatment,True,Push near-page-one terms with title/H1/meta/linking improvements.,1,Dog Yeast Infection Treatment (Free Shipping) | Chewy,53,"Shop Chewy for low prices and the best dog yeast infection treatment! We carry a large selection and the top brands like Ketoconazole Compounded, Fluconazole Compounded, and more. Find everything you need in one place. FREE shipping on orders $49+ and the BEST customer service!",278,yeast treatment for dogs,Dog Yeast Infection Treatment,1,dog-yeast-infection-treatment,True,True,False,False,False,False,False,False,1,339,4,,,,,,,1,1,14.0,0,1,0,0,23.0
HVSP,Ranking Keywords,Has quick-win keywords in positions 11-20,https://www.chewy.com/sp/bag-for-horse-riding-gear,True,Push near-page-one terms with title/H1/meta/linking improvements.,1,Bag For Horse Riding Gear (Free Shipping) | Chewy,49,"Shop Chewy for low prices and the best bag for horse riding gear! We carry a large selection and the top brands like Equinavia, TuffRider, and more. Find everything you need in one place. FREE shipping on orders $49+ and the BEST customer service!",247,bag for horse riding gear,Bag For Horse Riding Gear,1,bag-for-horse-riding-gear,True,True,False,False,False,False,False,False,116,344,3,,,,,,,1,1,15.0,0,1,0,0,1.0
HVSP,Ranking Keywords,Has quick-win keywords in positions 11-20,https://www.chewy.com/sp/black-riding-gloves,False,Push near-page-one terms with title/H1/meta/linking improvements.,1,,,,,black riding gloves,,,,,,,,,,,,,,,,,,,,,1,1,15.0,0,1,0,0,
HVSP,Ranking Keywords,Has quick-win keywords in positions 11-20,https://www.chewy.com/sp/goat-brushes,False,Push near-page-one terms with title/H1/meta/linking improvements.,1,,,,,brushes for goats,,,,,,,,,,,,,,,,,,,,,1,1,15.0,0,1,0,0,
HVSP,Ranking Keywords,Has quick-win keywords in positions 11-20,https://www.chewy.com/sp/burger-dog-toy,False,Push near-page-one terms with title/H1/meta/linking improvements.,1,,,,,burger dog toy,,,,,,,,,,,,,,,,,,,,,1,1,15.0,0,1,0,0,
HVSP,Ranking Keywords,Has quick-win keywords in positions 11-20,https://www.chewy.com/sp/unicorn-cat-toy,False,Push near-page-one terms with title/H1/meta/linking improvements.,2,,,,,unicorn cat toy,,,,,,,,,,,,,,,,,,,,,2,2,15.0,0,2,0,0,
HVSP,Ranking Keywords,Has quick-win keywords in positions 11-20,https://www.chewy.com/sp/catnip-oil-for-cats,True,Push near-page-one terms with title/H1/meta/linking improvements.,1,Catnip Oil For Cats (Free Shipping) | Chewy,43,"Shop Chewy for low prices and the best catnip oil for cats! We carry a large selection and the top brands like Hemp Well, Zesty Paws, and more. Find everything you need in one place. FREE shipping on orders $49+ and the BEST customer service!",242,catnip oil for cats,Catnip Oil For Cats,1,catnip-oil-for-cats,True,True,False,False,False,False,False,False,7,341,3,,,,,,,1,1,15.0,0,1,0,0,1.0
HVSP,Ranking Keywords,Has quick-win keywords in positions 11-20,https://www.chewy.com/sp/cattle-joint-supplements,False,Push near-page-one terms with title/H1/meta/linking improvements.,1,,,,,cattle joint supplements,,,,,,,,,,,,,,,,,,,,,1,1,15.0,0,1,0,0,
HVSP,Ranking Keywords,Has quick-win keywords in positions 11-20,https://www.chewy.com/sp/diamond-dog-collar,False,Push near-page-one terms with title/H1/meta/linking improvements.,1,,,,,diamond dog collar,,,,,,,,,,,,,,,,,,,,,1,1,15.0,0,1,0,0,
HVSP,Ranking Keywords,Has quick-win keywords in positions 11-20,https://www.chewy.com/sp/dog-carrier-for-bike,True,Push near-page-one terms with title/H1/meta/linking improvements.,1,Dog Carrier For Bike (Free Shipping) | Chewy,44,"Shop Chewy for low prices and the best dog carrier for bike! We carry a large selection and the top brands like Yafylly, Aosom, and more. Find everything you need in one place. FREE shipping on orders $49+ and the BEST customer service!",236,dog carrier for bike,Dog Carrier For Bike,1,dog-carrier-for-bike,True,True,False,False,False,False,False,False,24,340,3,,,,,,,1,1,15.0,0,1,0,0,13.0
HVSP,Ranking Keywords,Has quick-win keywords in positions 11-20,https://www.chewy.com/sp/dog-clothing-london,False,Push near-page-one terms with title/H1/meta/linking improvements.,1,,,,,dog clothing london,,,,,,,,,,,,,,,,,,,,,1,1,15.0,0,1,0,0,
HVSP,Ranking Keywords,Has quick-win keywords in positions 11-20,https://www.chewy.com/sp/dog-toy-with-water-bottle,True,Push near-page-one terms with title/H1/meta/linking improvements.,2,Dog Toy With Water Bottle (Free Shipping) | Chewy,49,"Shop Chewy for low prices and the best dog toy with water bottle! We carry a large selection and the top brands like The Memory Company, E&S PETS, and more. Find everything you need in one place. FREE shipping on orders $49+ and the BEST customer service!",255,dog toy with water bottle,Dog Toy With Water Bottle,1,dog-toy-with-water-bottle,True,True,False,False,False,False,False,False,7,341,3,,,,,,,2,2,15.5,0,2,0,0,5.0
HVSP,Ranking Keywords,Has quick-win keywords in positions 11-20,https://www.chewy.com/sp/fox-dog-toy,False,Push near-page-one terms with title/H1/meta/linking improvements.,1,,,,,fox dog toy,,,,,,,,,,,,,,,,,,,,,1,1,15.0,0,1,0,0,
HVSP,Ranking Keywords,Has quick-win keywords in positions 11-20,https://www.chewy.com/sp/freeze-dried-organ-meat-for-dogs,False,Push near-page-one terms with title/H1/meta/linking improvements.,1,,,,,freeze dried organ meat for dogs,,,,,,,,,,,,,,,,,,,,,2,1,15.0,0,1,0,1,
HVSP,Ranking Keywords,Has quick-win keywords in positions 11-20,https://www.chewy.com/sp/horse-clippers-lister,True,Push near-page-one terms with title/H1/meta/linking improvements.,1,Horse Clippers Lister (Free Shipping) | Chewy,45,"Shop Chewy for low prices and the best horse clippers lister! We carry a large selection and the top brands like Andis, Hoof Boss, and more. Find everything you need in one place. FREE shipping on orders $49+ and the BEST customer service!",239,horse clippers lister,Horse Clippers Lister,1,horse-clippers-lister,True,True,False,False,False,False,False,False,4,340,3,,,,,,,2,2,15.0,0,1,0,1,1.0
HVSP,Ranking Keywords,Has quick-win keywords in positions 11-20,https://www.chewy.com/sp/horse-feed-grass,True,Push near-page-one terms with title/H1/meta/linking improvements.,1,Horse Feed Grass (Free Shipping) | Chewy,40,"Shop Chewy for low prices and the best horse feed grass! We carry a large selection and the top brands like Blue Buffalo, Nulo, and more. Find everything you need in one place. FREE shipping on orders $49+ and the BEST customer service!",236,horse feed grass,Horse Feed Grass,1,horse-feed-grass,True,True,False,False,False,False,False,False,147,344,2,,,,,,,1,1,15.0,0,1,0,0,1.0
HVSP,Ranking Keywords,Has quick-win keywords in positions 11-20,https://www.chewy.com/sp/horse-toys-plastic,True,Push near-page-one terms with title/H1/meta/linking improvements.,1,Horse Toys Plastic (Free Shipping) | Chewy,42,"Shop Chewy for low prices and the best horse toys plastic! We carry a large selection and the top brands like Trilostane Compounded, Fluconazole Compounded, and more. Find everything you need in one place. FREE shipping on orders $49+ and the BEST customer service!",265,horse toys plastic,Horse Toys Plastic,1,horse-toys-plastic,True,True,False,False,False,False,False,False,78,344,3,,,,,,,1,1,15.0,0,1,0,0,1.0
HVSP,Ranking Keywords,Has quick-win keywords in positions 11-20,https://www.chewy.com/sp/pet-medicine-bottles,False,Push near-page-one terms with title/H1/meta/linking improvements.,1,,,,,pet medicine bottles,,,,,,,,,,,,,,,,,,,,,1,1,15.0,0,1,0,0,
HVSP,Ranking Keywords,Has quick-win keywords in positions 11-20,https://www.chewy.com/sp/reptile-skull-hide,True,Push near-page-one terms with title/H1/meta/linking improvements.,1,Reptile Skull Hide (Free Shipping) | Chewy,42,"Shop Chewy for low prices and the best reptile skull hide! We carry a large selection and the top brands like Fluker's, Zoo Med, and more. Find everything you need in one place. FREE shipping on orders $49+ and the BEST customer service!",237,reptile skull hide,Reptile Skull Hide,1,reptile-skull-hide,True,True,False,False,False,False,False,False,210,339,2,,,,,,,1,1,15.0,0,1,0,0,1.0
HVSP,Ranking Keywords,Has quick-win keywords in positions 11-20,https://www.chewy.com/sp/seapora-aquariums,False,Push near-page-one terms with title/H1/meta/linking improvements.,1,,,,,seapora aquariums,,,,,,,,,,,,,,,,,,,,,1,1,15.0,0,1,0,0,
HVSP,Ranking Keywords,Has quick-win keywords in positions 11-20,https://www.chewy.com/sp/stingray-dog-toy,False,Push near-page-one terms with title/H1/meta/linking improvements.,1,,,,,stingray dog toy,,,,,,,,,,,,,,,,,,,,,2,1,15.0,0,1,0,1,
HVSP,Ranking Keywords,Has quick-win keywords in positions 11-20,https://www.chewy.com/sp/wild-bird-food-storage-containers,True,Push near-page-one terms with title/H1/meta/linking improvements.,1,Wild Bird Food Storage Containers (Free Shipping) | Chewy,57,"Shop Chewy for low prices and the best wild bird food storage containers! We carry a large selection and the top brands like IRIS, C&S, and more. Find everything you need in one place. FREE shipping on orders $49+ and the BEST customer service!",244,best containers to store bird seed,Wild Bird Food Storage Containers,1,wild-bird-food-storage-containers,True,True,False,False,False,False,False,False,366,340,2,,,,,,,2,2,22.5,0,1,1,0,6.0
HVSP,Ranking Keywords,Has quick-win keywords in positions 11-20,https://www.chewy.com/sp/outdoor-cat-food,True,Push near-page-one terms with title/H1/meta/linking improvements.,1,Outdoor Cat Food (Free Shipping) | Chewy,40,"Shop Chewy for low prices and the best outdoor cat food! We carry a large selection and the top brands like Frisco, NexGard, and more. Find everything you need in one place. FREE shipping on orders $49+ and the BEST customer service!",233,outdoor cat food,Outdoor Cat Food,1,outdoor-cat-food,True,True,False,False,False,False,False,False,1257,340,2,,,,,,,2,2,16.0,0,1,0,1,2.0
HVSP,Ranking Keywords,Has quick-win keywords in positions 11-20,https://www.chewy.com/sp/dog-collar-with-chain,False,Push near-page-one terms with title/H1/meta/linking improvements.,1,,,,,chain collar for dogs,,,,,,,,,,,,,,,,,,,,,3,3,19.67,0,1,2,0,
HVSP,Ranking Keywords,Has quick-win keywords in positions 11-20,https://www.chewy.com/sp/20-gallon-fish-tank-stand,False,Push near-page-one terms with title/H1/meta/linking improvements.,1,,,,,20 gallon fish tank stand,,,,,,,,,,,,,,,,,,,,,1,1,16.0,0,1,0,0,
HVSP,Ranking Keywords,Has quick-win keywords in positions 11-20,https://www.chewy.com/sp/5-gallon-fish-tank,False,Push near-page-one terms with title/H1/meta/linking improvements.,1,,,,,5 gallon fish tank,,,,,,,,,,,,,,,,,,,,,2,2,16.0,0,1,0,1,
HVSP,Ranking Keywords,Has quick-win keywords in positions 11-20,https://www.chewy.com/sp/alfalfa-hay-for-goats,False,Push near-page-one terms with title/H1/meta/linking improvements.,1,,,,,alfalfa hay for goats,,,,,,,,,,,,,,,,,,,,,2,2,16.0,0,1,0,1,
HVSP,Ranking Keywords,Has quick-win keywords in positions 11-20,https://www.chewy.com/sp/bird-feeder-stand,False,Push near-page-one terms with title/H1/meta/linking improvements.,1,,,,,bird food holder,,,,,,,,,,,,,,,,,,,,,2,2,16.0,0,1,0,1,
HVSP,Ranking Keywords,Has quick-win keywords in positions 11-20,https://www.chewy.com/sp/black-fish-tank-stands,True,Push near-page-one terms with title/H1/meta/linking improvements.,1,Black Fish Tank Stands (Free Shipping) | Chewy,46,"Shop Chewy for low prices and the best black fish tank stands! We carry a large selection and the top brands like API, Penn-Plax, and more. Find everything you need in one place. FREE shipping on orders $49+ and the BEST customer service!",238,black fish tank stands,Black Fish Tank Stands,1,black-fish-tank-stands,True,True,False,False,False,False,False,False,49,344,3,,,,,,,1,1,16.0,0,1,0,0,1.0
HVSP,Ranking Keywords,Has quick-win keywords in positions 11-20,https://www.chewy.com/sp/butterfly-dog-toy,False,Push near-page-one terms with title/H1/meta/linking improvements.,1,,,,,butterfly dog toy,,,,,,,,,,,,,,,,,,,,,1,1,16.0,0,1,0,0,
HVSP,Ranking Keywords,Has quick-win keywords in positions 11-20,https://www.chewy.com/sp/canvas-dog-bowl,False,Push near-page-one terms with title/H1/meta/linking improvements.,1,,,,,canvas dog bowl,,,,,,,,,,,,,,,,,,,,,1,1,16.0,0,1,0,0,
HVSP,Ranking Keywords,Has quick-win keywords in positions 11-20,https://www.chewy.com/sp/cat-scratch-deterrent,False,Push near-page-one terms with title/H1/meta/linking improvements.,1,,,,,cat scratch deterrent,,,,,,,,,,,,,,,,,,,,,1,1,18.0,0,1,0,0,
HVSP,Ranking Keywords,Has quick-win keywords in positions 11-20,https://www.chewy.com/sp/chicken-feed-oats,False,Push near-page-one terms with title/H1/meta/linking improvements.,1,,,,,chicken feed oats,,,,,,,,,,,,,,,,,,,,,1,1,16.0,0,1,0,0,
HVSP,Ranking Keywords,Has quick-win keywords in positions 11-20,https://www.chewy.com/sp/conure-foraging-toys,True,Push near-page-one terms with title/H1/meta/linking improvements.,1,Conure Foraging Toys (Free Shipping) | Chewy,44,"Shop Chewy for low prices and the best conure foraging toys! We carry a large selection and the top brands like Polly's Pet Products, Super Bird Creations, and more. Find everything you need in one place. FREE shipping on orders $49+ and the BEST customer service!",264,conure foraging toys,Conure Foraging Toys,1,conure-foraging-toys,True,True,False,False,False,False,False,False,52,344,3,,,,,,,3,3,21.5,0,1,1,1,1.0
HVSP,Ranking Keywords,Has quick-win keywords in positions 11-20,https://www.chewy.com/sp/dog-bone-grooming,True,Push near-page-one terms with title/H1/meta/linking improvements.,1,Dog Bone Grooming (Free Shipping) | Chewy,41,"Shop Chewy for low prices and the best dog bone grooming! We carry a large selection and the top brands like Bone Dry, Treatly, and more. Find everything you need in one place. FREE shipping on orders $49+ and the BEST customer service!",236,dog bone grooming,Dog Bone Grooming,1,dog-bone-grooming,True,True,False,False,False,False,False,False,584,340,2,,,,,,,1,1,16.0,0,1,0,0,1.0
HVSP,Ranking Keywords,Has quick-win keywords in positions 11-20,https://www.chewy.com/sp/dog-poop-eating-deterrent,True,Push near-page-one terms with title/H1/meta/linking improvements.,1,Dog Poop Eating Deterrent (Free Shipping) | Chewy,49,"Shop Chewy for low prices and the best dog poop eating deterrent! We carry a large selection and the top brands like NaturVet, Chew + Heal, and more. Find everything you need in one place. FREE shipping on orders $49+ and the BEST customer service!",248,dog poop eating deterrent,Dog Poop Eating Deterrent,1,dog-poop-eating-deterrent,True,True,False,False,False,False,False,False,2,340,4,,,,,,,3,2,16.0,0,1,0,2,2.0
HVSP,Ranking Keywords,Has quick-win keywords in positions 11-20,https://www.chewy.com/sp/fish-tank-stand,True,Push near-page-one terms with title/H1/meta/linking improvements.,1,Fish Tank Stand (Free Shipping) | Chewy,39,"Shop Chewy for low prices and the best fish tank stand! We carry a large selection and the top brands like Underwater Treasures, Tetra, and more. Find everything you need in one place. FREE shipping on orders $49+ and the BEST customer service!",244,fish tank stand,Fish Tank Stand,1,fish-tank-stand,True,True,False,False,False,False,False,False,82,344,3,,,,,,,2,2,22.5,0,1,1,0,2.0
HVSP,Ranking Keywords,Has quick-win keywords in positions 11-20,https://www.chewy.com/sp/gorilla-dog-toy,False,Push near-page-one terms with title/H1/meta/linking improvements.,1,,,,,gorilla dog toy,,,,,,,,,,,,,,,,,,,,,1,1,16.0,0,1,0,0,
HVSP,Ranking Keywords,Has quick-win keywords in positions 11-20,https://www.chewy.com/sp/hippopotamus-dog-toy,False,Push near-page-one terms with title/H1/meta/linking improvements.,1,,,,,hippopotamus dog toy,,,,,,,,,,,,,,,,,,,,,1,1,16.0,0,1,0,0,
HVSP,Ranking Keywords,Has quick-win keywords in positions 11-20,https://www.chewy.com/sp/insulated-dog-house,False,Push near-page-one terms with title/H1/meta/linking improvements.,1,,,,,insulated dog house,,,,,,,,,,,,,,,,,,,,,1,1,16.0,0,1,0,0,
HVSP,Ranking Keywords,Has quick-win keywords in positions 11-20,https://www.chewy.com/sp/koi-fish-vitamins,False,Push near-page-one terms with title/H1/meta/linking improvements.,1,,,,,koi fish vitamins,,,,,,,,,,,,,,,,,,,,,3,1,16.0,0,1,0,2,
HVSP,Ranking Keywords,Has quick-win keywords in positions 11-20,https://www.chewy.com/sp/medicated-fish-food,True,Push near-page-one terms with title/H1/meta/linking improvements.,1,Medicated Fish Food (Free Shipping) | Chewy,43,"Shop Chewy for low prices and the best medicated fish food! We carry a large selection and the top brands like Blue Buffalo, Trilostane Compounded, and more. Find everything you need in one place. FREE shipping on orders $49+ and the BEST customer service!",256,medicated fish food,Medicated Fish Food,1,medicated-fish-food,True,True,False,False,False,False,False,False,193,344,3,,,,,,,2,1,16.0,0,1,0,1,3.0
HVSP,Ranking Keywords,Has quick-win keywords in positions 11-20,https://www.chewy.com/sp/mini-dog-bone,True,Push near-page-one terms with title/H1/meta/linking improvements.,1,Mini Dog Bone (Free Shipping) | Chewy,37,"Shop Chewy for low prices and the best mini dog bone! We carry a large selection and the top brands like Imagine This Company, Milk-Bone, and more. Find everything you need in one place. FREE shipping on orders $49+ and the BEST customer service!",246,mini dog bone,Mini Dog Bone,1,mini-dog-bone,True,True,False,False,False,False,False,False,21,340,3,,,,,,,1,1,16.0,0,1,0,0,1.0
HVSP,Ranking Keywords,Has quick-win keywords in positions 11-20,https://www.chewy.com/sp/selenium-and-vitamin-e-supplements-for-sheep,False,Push near-page-one terms with title/H1/meta/linking improvements.,1,,,,,selenium and vitamin e supplements for sheep,,,,,,,,,,,,,,,,,,,,,1,1,16.0,0,1,0,0,
HVSP,Ranking Keywords,Has quick-win keywords in positions 11-20,https://www.chewy.com/sp/timer-for-lizard-lights,True,Push near-page-one terms with title/H1/meta/linking improvements.,1,Timer For Lizard Lights (Free Shipping) | Chewy,47,"Shop Chewy for low prices and the best timer for lizard lights! We carry a large selection and the top brands like Zoo Med, Arcadia Reptile, and more. Find everything you need in one place. FREE shipping on orders $49+ and the BEST customer service!",249,timer for lizard lights,Timer For Lizard Lights,1,timer-for-lizard-lights,True,True,False,False,False,False,False,False,97,344,3,,,,,,,1,1,16.0,0,1,0,0,1.0
HVSP,Ranking Keywords,Has quick-win keywords in positions 11-20,https://www.chewy.com/sp/tubing-for-pond-pumps,False,Push near-page-one terms with title/H1/meta/linking improvements.,1,,,,,tubing for pond pumps,,,,,,,,,,,,,,,,,,,,,1,1,16.0,0,1,0,0,
HVSP,Ranking Keywords,Has quick-win keywords in positions 11-20,https://www.chewy.com/sp/acrylic-aquarium-stand,False,Push near-page-one terms with title/H1/meta/linking improvements.,1,,,,,acrylic aquarium stand,,,,,,,,,,,,,,,,,,,,,1,1,17.0,0,1,0,0,
HVSP,Ranking Keywords,Has quick-win keywords in positions 11-20,https://www.chewy.com/sp/egg-food-for-birds,True,Push near-page-one terms with title/H1/meta/linking improvements.,1,Egg Food For Birds (Free Shipping) | Chewy,42,"Shop Chewy for low prices and the best egg food for birds! We carry a large selection and the top brands like Blue Buffalo, Purina Pro Plan, and more. Find everything you need in one place. FREE shipping on orders $49+ and the BEST customer service!",249,bird egg food,Egg Food For Birds,1,egg-food-for-birds,True,True,False,False,False,False,False,False,134,344,3,,,,,,,1,1,17.0,0,1,0,0,1.0
HVSP,Ranking Keywords,Has quick-win keywords in positions 11-20,https://www.chewy.com/sp/cat-dryer-box,True,Push near-page-one terms with title/H1/meta/linking improvements.,1,Cat Dryer Box (Free Shipping) | Chewy,37,"Shop Chewy for low prices and the best cat dryer box! We carry a large selection and the top brands like XPOWER, IRIS, and more. Find everything you need in one place. FREE shipping on orders $49+ and the BEST customer service!",227,cat dryer box,Cat Dryer Box,1,cat-dryer-box,True,True,False,False,False,False,False,False,7,341,3,,,,,,,1,1,17.0,0,1,0,0,2.0
HVSP,Ranking Keywords,Has quick-win keywords in positions 11-20,https://www.chewy.com/sp/cattle-feed-corn,False,Push near-page-one terms with title/H1/meta/linking improvements.,1,,,,,cattle feed corn,,,,,,,,,,,,,,,,,,,,,1,1,17.0,0,1,0,0,
HVSP,Ranking Keywords,Has quick-win keywords in positions 11-20,https://www.chewy.com/sp/chicken-feed-bucket,False,Push near-page-one terms with title/H1/meta/linking improvements.,1,,,,,chicken feed bucket,,,,,,,,,,,,,,,,,,,,,1,1,17.0,0,1,0,0,
HVSP,Ranking Keywords,Has quick-win keywords in positions 11-20,https://www.chewy.com/sp/chicken-feed-storage,False,Push near-page-one terms with title/H1/meta/linking improvements.,1,,,,,chicken feed storage,,,,,,,,,,,,,,,,,,,,,1,1,17.0,0,1,0,0,
HVSP,Ranking Keywords,Has quick-win keywords in positions 11-20,https://www.chewy.com/sp/chicken-strips-dog-treats,False,Push near-page-one terms with title/H1/meta/linking improvements.,1,,,,,chicken strips dog treats,,,,,,,,,,,,,,,,,,,,,1,1,17.0,0,1,0,0,
HVSP,Ranking Keywords,Has quick-win keywords in positions 11-20,https://www.chewy.com/sp/dehydrated-chicken-dog-treats,False,Push near-page-one terms with title/H1/meta/linking improvements.,1,,,,,dehydrated chicken dog treats,,,,,,,,,,,,,,,,,,,,,4,3,22.0,0,1,3,0,
HVSP,Ranking Keywords,Has quick-win keywords in positions 11-20,https://www.chewy.com/sp/dog-bath-tub,False,Push near-page-one terms with title/H1/meta/linking improvements.,1,,,,,dog bath tub,,,,,,,,,,,,,,,,,,,,,1,1,17.0,0,1,0,0,
HVSP,Ranking Keywords,Has quick-win keywords in positions 11-20,https://www.chewy.com/sp/dog-jewelry,True,Push near-page-one terms with title/H1/meta/linking improvements.,2,Dog Jewelry (Free Shipping) | Chewy,35,"Shop Chewy for low prices and the best dog jewelry! We carry a large selection and the top brands like E&S PETS, ISlide, and more. Find everything you need in one place. FREE shipping on orders $49+ and the BEST customer service!",229,dog jewelry,Dog Jewelry,1,dog-jewelry,True,True,False,False,False,False,False,False,542,344,3,,,,,,,2,2,17.0,0,2,0,0,1.0
HVSP,Ranking Keywords,Has quick-win keywords in positions 11-20,https://www.chewy.com/sp/foam-cat-shampoo,False,Push near-page-one terms with title/H1/meta/linking improvements.,1,,,,,foam cat shampoo,,,,,,,,,,,,,,,,,,,,,1,1,17.0,0,1,0,0,
HVSP,Ranking Keywords,Has quick-win keywords in positions 11-20,https://www.chewy.com/sp/goat-feed-mix,False,Push near-page-one terms with title/H1/meta/linking improvements.,1,,,,,goat feed mix,,,,,,,,,,,,,,,,,,,,,1,1,17.0,0,1,0,0,
HVSP,Ranking Keywords,Has quick-win keywords in positions 11-20,https://www.chewy.com/sp/ground-dog-food,True,Push near-page-one terms with title/H1/meta/linking improvements.,1,Ground Dog Food (Free Shipping) | Chewy,39,"Shop Chewy for low prices and the best ground dog food! We carry a large selection and the top brands like Stella & Chewy's, Instinct, and more. Find everything you need in one place. FREE shipping on orders $49+ and the BEST customer service!",243,ground dog food,Ground Dog Food,1,ground-dog-food,True,True,False,False,False,False,False,False,1694,344,2,,,,,,,1,1,17.0,0,1,0,0,1.0
HVSP,Ranking Keywords,Has quick-win keywords in positions 11-20,https://www.chewy.com/sp/horse-coolers-with-neck,False,Push near-page-one terms with title/H1/meta/linking improvements.,1,,,,,horse coolers with neck,,,,,,,,,,,,,,,,,,,,,1,1,17.0,0,1,0,0,
HVSP,Ranking Keywords,Has quick-win keywords in positions 11-20,https://www.chewy.com/sp/knitted-dog-hats,False,Push near-page-one terms with title/H1/meta/linking improvements.,1,,,,,knitted dog hats,,,,,,,,,,,,,,,,,,,,,1,1,17.0,0,1,0,0,
HVSP,Ranking Keywords,Has quick-win keywords in positions 11-20,https://www.chewy.com/sp/outdoor-cat-repellent,False,Push near-page-one terms with title/H1/meta/linking improvements.,1,,,,,outdoor cat repellent,,,,,,,,,,,,,,,,,,,,,1,1,17.0,0,1,0,0,
HVSP,Ranking Keywords,Has quick-win keywords in positions 11-20,https://www.chewy.com/sp/pond-filter-replacement,False,Push near-page-one terms with title/H1/meta/linking improvements.,1,,,,,pond filter replacement,,,,,,,,,,,,,,,,,,,,,1,1,17.0,0,1,0,0,
HVSP,Ranking Keywords,Has quick-win keywords in positions 11-20,https://www.chewy.com/sp/red-dog-bow-tie,False,Push near-page-one terms with title/H1/meta/linking improvements.,1,,,,,red dog bow tie,,,,,,,,,,,,,,,,,,,,,1,1,17.0,0,1,0,0,
HVSP,Ranking Keywords,Has quick-win keywords in positions 11-20,https://www.chewy.com/sp/snake-sand-bags,True,Push near-page-one terms with title/H1/meta/linking improvements.,1,Snake Sand Bags (Free Shipping) | Chewy,39,"Shop Chewy for low prices and the best snake sand bags! We carry a large selection and the top brands like CaribSea, Kensington Protective Products, and more. Find everything you need in one place. FREE shipping on orders $49+ and the BEST customer service!",257,snake sand bags,Snake Sand Bags,1,snake-sand-bags,True,True,False,False,False,False,False,False,26,342,3,,,,,,,1,1,17.0,0,1,0,0,1.0
HVSP,Ranking Keywords,Has quick-win keywords in positions 11-20,https://www.chewy.com/sp/stuffed-bone-dog-toy,False,Push near-page-one terms with title/H1/meta/linking improvements.,1,,,,,stuffed bone dog toy,,,,,,,,,,,,,,,,,,,,,1,1,17.0,0,1,0,0,
HVSP,Ranking Keywords,Has quick-win keywords in positions 11-20,https://www.chewy.com/sp/leopard-gecko-habitat,True,Push near-page-one terms with title/H1/meta/linking improvements.,1,Leopard Gecko Habitat (Free Shipping) | Chewy,45,"Shop Chewy for low prices and the best leopard gecko habitat! We carry a large selection and the top brands like Zoo Med, Exo Terra, and more. Find everything you need in one place. FREE shipping on orders $49+ and the BEST customer service!",241,leopard gecko habitat,Leopard Gecko Habitat,1,leopard-gecko-habitat,True,True,False,False,False,False,False,False,64,344,3,,,,,,,2,2,19.0,0,1,1,0,1.0
HVSP,Ranking Keywords,Has quick-win keywords in positions 11-20,https://www.chewy.com/sp/bow-ties-dog-grooming,True,Push near-page-one terms with title/H1/meta/linking improvements.,1,Bow Ties Dog Grooming (Free Shipping) | Chewy,45,"Shop Chewy for low prices and the best bow ties dog grooming! We carry a large selection and the top brands like The Worthy Dog, DAPPER DEXTER, and more. Find everything you need in one place. FREE shipping on orders $49+ and the BEST customer service!",252,bow ties dog grooming,Bow Ties Dog Grooming,1,bow-ties-dog-grooming,True,True,False,False,False,False,False,False,107,340,2,,,,,,,1,1,18.0,0,1,0,0,1.0
HVSP,Ranking Keywords,Has quick-win keywords in positions 11-20,https://www.chewy.com/sp/cat-tracker,True,Push near-page-one terms with title/H1/meta/linking improvements.,1,Cat Tracker (Free Shipping) | Chewy,35,"Shop Chewy for low prices and the best cat tracker! We carry a large selection and the top brands like Besties, GoTags, and more. Find everything you need in one place. FREE shipping on orders $49+ and the BEST customer service!",228,cat tracker,Cat Tracker,1,cat-tracker,True,True,False,False,False,False,False,False,1,339,3,,,,,,,1,1,18.0,0,1,0,0,2.0
HVSP,Ranking Keywords,Has quick-win keywords in positions 11-20,https://www.chewy.com/sp/dog-crate-covers-for-winter,True,Push near-page-one terms with title/H1/meta/linking improvements.,1,Dog Crate Covers For Winter (Free Shipping) | Chewy,51,"Shop Chewy for low prices and the best dog crate covers for winter! We carry a large selection and the top brands like Frisco, Snoozer Pet Products, and more. Find everything you need in one place. FREE shipping on orders $49+ and the BEST customer service!",257,dog crate covers for winter,Dog Crate Covers For Winter,1,dog-crate-covers-for-winter,True,True,False,False,False,False,False,False,147,339,3,,,,,,,1,1,18.0,0,1,0,0,1.0
HVSP,Ranking Keywords,Has quick-win keywords in positions 11-20,https://www.chewy.com/sp/dog-harness-with-handle,True,Push near-page-one terms with title/H1/meta/linking improvements.,1,Dog Harness With Handle (Free Shipping) | Chewy,47,"Shop Chewy for low prices and the best dog harness with handle! We carry a large selection and the top brands like Littlearth, Non-stop Dogwear, and more. Find everything you need in one place. FREE shipping on orders $49+ and the BEST customer service!",253,dog harness with handle,Dog Harness With Handle,1,dog-harness-with-handle,True,True,False,False,False,False,False,False,1,339,4,,,,,,,1,1,18.0,0,1,0,0,4.0
HVSP,Ranking Keywords,Has quick-win keywords in positions 11-20,https://www.chewy.com/sp/elephant-cat-toy,False,Push near-page-one terms with title/H1/meta/linking improvements.,1,,,,,elephant cat toy,,,,,,,,,,,,,,,,,,,,,1,1,18.0,0,1,0,0,
HVSP,Ranking Keywords,Has quick-win keywords in positions 11-20,https://www.chewy.com/sp/indoor-dog-fence,True,Push near-page-one terms with title/H1/meta/linking improvements.,1,Indoor Dog Fence (Free Shipping) | Chewy,40,"Shop Chewy for low prices and the best indoor dog fence! We carry a large selection and the top brands like FXW, PetSafe, and more. Find everything you need in one place. FREE shipping on orders $49+ and the BEST customer service!",230,indoor dog fence,Indoor Dog Fence,1,indoor-dog-fence,True,True,False,False,False,False,False,False,5,339,3,,,,,,,3,2,20.33,0,1,2,0,4.0
HVSP,Ranking Keywords,Has quick-win keywords in positions 11-20,https://www.chewy.com/sp/knuckle-bones-for-dogs,True,Push near-page-one terms with title/H1/meta/linking improvements.,1,Knuckle Bones For Dogs (Free Shipping) | Chewy,46,"Shop Chewy for low prices and the best knuckle bones for dogs! We carry a large selection and the top brands like The Treat Shack, Balto, and more. Find everything you need in one place. FREE shipping on orders $49+ and the BEST customer service!",246,knuckle bones for dogs,Knuckle Bones For Dogs,1,knuckle-bones-for-dogs,True,True,False,False,False,False,False,False,5,340,3,,,,,,,1,1,18.0,0,1,0,0,1.0
HVSP,Ranking Keywords,Has quick-win keywords in positions 11-20,https://www.chewy.com/sp/plastic-tubing-for-fish-tanks,False,Push near-page-one terms with title/H1/meta/linking improvements.,1,,,,,plastic tubing for fish tanks,,,,,,,,,,,,,,,,,,,,,1,1,18.0,0,1,0,0,
HVSP,Ranking Keywords,Has quick-win keywords in positions 11-20,https://www.chewy.com/sp/sausage-dog-treats,False,Push near-page-one terms with title/H1/meta/linking improvements.,1,,,,,sausage dog treats,,,,,,,,,,,,,,,,,,,,,1,1,18.0,0,1,0,0,
HVSP,Ranking Keywords,Has quick-win keywords in positions 11-20,https://www.chewy.com/sp/turtle-food-with-calcium,False,Push near-page-one terms with title/H1/meta/linking improvements.,1,,,,,turtle food with calcium,,,,,,,,,,,,,,,,,,,,,1,1,18.0,0,1,0,0,
HVSP,Ranking Keywords,Has quick-win keywords in positions 11-20,https://www.chewy.com/sp/yellow-parrot-food,True,Push near-page-one terms with title/H1/meta/linking improvements.,1,Yellow Parrot Food (Free Shipping) | Chewy,42,"Shop Chewy for low prices and the best yellow parrot food! We carry a large selection and the top brands like Kaytee, Pedigree, and more. Find everything you need in one place. FREE shipping on orders $49+ and the BEST customer service!",236,yellow parrot food,Yellow Parrot Food,1,yellow-parrot-food,True,True,False,False,False,False,False,False,110,344,2,,,,,,,2,1,18.0,0,1,0,1,1.0
HVSP,Ranking Keywords,Has quick-win keywords in positions 11-20,https://www.chewy.com/sp/large-aquarium-rocks,False,Push near-page-one terms with title/H1/meta/linking improvements.,1,,,,,aquarium stones,,,,,,,,,,,,,,,,,,,,,1,1,18.0,0,1,0,0,
HVSP,Ranking Keywords,Has quick-win keywords in positions 11-20,https://www.chewy.com/sp/cat-shower,True,Push near-page-one terms with title/H1/meta/linking improvements.,1,Cat Shower (Free Shipping) | Chewy,34,"Shop Chewy for low prices and the best cat shower! We carry a large selection and the top brands like Bone Dry, XPOWER, and more. Find everything you need in one place. FREE shipping on orders $49+ and the BEST customer service!",228,shower kitty,Cat Shower,1,cat-shower,True,True,False,False,False,False,False,False,12,340,3,,,,,,,1,1,18.0,0,1,0,0,6.0
HVSP,Ranking Keywords,Has quick-win keywords in positions 11-20,https://www.chewy.com/sp/airtag-dog-collars,True,Push near-page-one terms with title/H1/meta/linking improvements.,1,Airtag Dog Collars (Free Shipping) | Chewy,42,"Shop Chewy for low prices and the best airtag dog collars! We carry a large selection and the top brands like Besties, DOG iD, and more. Find everything you need in one place. FREE shipping on orders $49+ and the BEST customer service!",235,airtag dog collars,Airtag Dog Collars,1,airtag-dog-collars,True,True,False,False,False,False,False,False,165,338,3,,,,,,,1,1,19.0,0,1,0,0,9.0
HVSP,Ranking Keywords,Has quick-win keywords in positions 11-20,https://www.chewy.com/sp/aquarium-stand-steel,False,Push near-page-one terms with title/H1/meta/linking improvements.,1,,,,,aquarium stand steel,,,,,,,,,,,,,,,,,,,,,1,1,19.0,0,1,0,0,
HVSP,Ranking Keywords,Has quick-win keywords in positions 11-20,https://www.chewy.com/sp/cichlid-aquarium-lighting,True,Push near-page-one terms with title/H1/meta/linking improvements.,1,Cichlid Aquarium Lighting (Free Shipping) | Chewy,49,"Shop Chewy for low prices and the best cichlid aquarium lighting! We carry a large selection and the top brands like Aqueon, API, and more. Find everything you need in one place. FREE shipping on orders $49+ and the BEST customer service!",238,cichlid aquarium lighting,Cichlid Aquarium Lighting,1,cichlid-aquarium-lighting,True,True,False,False,False,False,False,False,33,344,3,,,,,,,1,1,19.0,0,1,0,0,
HVSP,Ranking Keywords,Has quick-win keywords in positions 11-20,https://www.chewy.com/sp/dog-toy-reindeer,False,Push near-page-one terms with title/H1/meta/linking improvements.,1,,,,,dog toy reindeer,,,,,,,,,,,,,,,,,,,,,1,1,19.0,0,1,0,0,
HVSP,Ranking Keywords,Has quick-win keywords in positions 11-20,https://www.chewy.com/sp/dog-treats-snaps,True,Push near-page-one terms with title/H1/meta/linking improvements.,1,Dog Treats Snaps (Free Shipping) | Chewy,40,"Shop Chewy for low prices and the best dog treats snaps! We carry a large selection and the top brands like Sunny Tails, Blue Buffalo, and more. Find everything you need in one place. FREE shipping on orders $49+ and the BEST customer service!",243,dog treats snaps,Dog Treats Snaps,1,dog-treats-snaps,True,True,False,False,False,False,False,False,333,340,2,,,,,,,1,1,19.0,0,1,0,0,1.0
HVSP,Ranking Keywords,Has quick-win keywords in positions 11-20,https://www.chewy.com/sp/filter-media-pads,False,Push near-page-one terms with title/H1/meta/linking improvements.,1,,,,,filter media pads,,,,,,,,,,,,,,,,,,,,,1,1,19.0,0,1,0,0,
HVSP,Ranking Keywords,Has quick-win keywords in positions 11-20,https://www.chewy.com/sp/gerbil-cage-cleaning,True,Push near-page-one terms with title/H1/meta/linking improvements.,1,Gerbil Cage Cleaning (Free Shipping) | Chewy,44,"Shop Chewy for low prices and the best gerbil cage cleaning! We carry a large selection and the top brands like A&E Cage Company, PawHut, and more. Find everything you need in one place. FREE shipping on orders $49+ and the BEST customer service!",246,gerbil cage cleaning,Gerbil Cage Cleaning,1,gerbil-cage-cleaning,True,True,False,False,False,False,False,False,72,344,3,,,,,,,1,1,19.0,0,1,0,0,1.0
HVSP,Ranking Keywords,Has quick-win keywords in positions 11-20,https://www.chewy.com/sp/horse-hay-bale-feeder,False,Push near-page-one terms with title/H1/meta/linking improvements.,1,,,,,horse hay bale feeder,,,,,,,,,,,,,,,,,,,,,1,1,19.0,0,1,0,0,
HVSP,Ranking Keywords,Has quick-win keywords in positions 11-20,https://www.chewy.com/sp/liver-dog-treats-dehydrator,False,Push near-page-one terms with title/H1/meta/linking improvements.,1,,,,,liver dog treats dehydrator,,,,,,,,,,,,,,,,,,,,,1,1,19.0,0,1,0,0,
HVSP,Ranking Keywords,Has quick-win keywords in positions 11-20,https://www.chewy.com/sp/non-gmo-cattle-feed,False,Push near-page-one terms with title/H1/meta/linking improvements.,1,,,,,non gmo cattle feed,,,,,,,,,,,,,,,,,,,,,1,1,19.0,0,1,0,0,
HVSP,Ranking Keywords,Has quick-win keywords in positions 11-20,https://www.chewy.com/sp/otter-dog-toy,False,Push near-page-one terms with title/H1/meta/linking improvements.,1,,,,,otter dog toy,,,,,,,,,,,,,,,,,,,,,1,1,19.0,0,1,0,0,
HVSP,Ranking Keywords,Has quick-win keywords in positions 11-20,https://www.chewy.com/sp/pizza-cat-toy,False,Push near-page-one terms with title/H1/meta/linking improvements.,1,,,,,pizza cat toy,,,,,,,,,,,,,,,,,,,,,1,1,19.0,0,1,0,0,
HVSP,Ranking Keywords,Has quick-win keywords in positions 11-20,https://www.chewy.com/sp/reptile-bark-substrate,True,Push near-page-one terms with title/H1/meta/linking improvements.,1,Reptile Bark Substrate (Free Shipping) | Chewy,46,"Shop Chewy for low prices and the best reptile bark substrate! We carry a large selection and the top brands like Zoo Med, Galapagos, and more. Find everything you need in one place. FREE shipping on orders $49+ and the BEST customer service!",242,reptile bark substrate,Reptile Bark Substrate,1,reptile-bark-substrate,True,True,False,False,False,False,False,False,79,344,2,,,,,,,1,1,19.0,0,1,0,0,1.0
HVSP,Ranking Keywords,Has quick-win keywords in positions 11-20,https://www.chewy.com/sp/timothy-horse-hay,True,Push near-page-one terms with title/H1/meta/linking improvements.,1,Timothy Horse Hay (Free Shipping) | Chewy,41,"Shop Chewy for low prices and the best timothy horse hay! We carry a large selection and the top brands like Tough1, Kensington Protective Products, and more. Find everything you need in one place. FREE shipping on orders $49+ and the BEST customer service!",257,timothy horse hay,Timothy Horse Hay,1,timothy-horse-hay,True,True,False,False,False,False,False,False,15,344,3,,,,,,,1,1,19.0,0,1,0,0,2.0
HVSP,Ranking Keywords,Has quick-win keywords in positions 11-20,https://www.chewy.com/sp/velvet-dog-collars,True,Push near-page-one terms with title/H1/meta/linking improvements.,1,Velvet Dog Collars (Free Shipping) | Chewy,42,"Shop Chewy for low prices and the best velvet dog collars! We carry a large selection and the top brands like Littlearth, Mimi Green, and more. Find everything you need in one place. FREE shipping on orders $49+ and the BEST customer service!",242,velvet dog collars,Velvet Dog Collars,1,velvet-dog-collars,True,True,False,False,False,False,False,False,107,337,3,,,,,,,1,1,19.0,0,1,0,0,1.0
HVSP,Ranking Keywords,Has quick-win keywords in positions 11-20,https://www.chewy.com/sp/whisper-fish-tank-filters,True,Push near-page-one terms with title/H1/meta/linking improvements.,1,Whisper Fish Tank Filters (Free Shipping) | Chewy,49,"Shop Chewy for low prices and the best whisper fish tank filters! We carry a large selection and the top brands like Fluval, Tetra, and more. Find everything you need in one place. FREE shipping on orders $49+ and the BEST customer service!",240,whisper fish tank filters,Whisper Fish Tank Filters,1,whisper-fish-tank-filters,True,True,False,False,False,False,False,False,238,344,2,,,,,,,1,1,19.0,0,1,0,0,1.0
HVSP,Ranking Keywords,Has quick-win keywords in positions 11-20,https://www.chewy.com/sp/fish-tank-divider,False,Push near-page-one terms with title/H1/meta/linking improvements.,1,,,,,fish tank dividers,,,,,,,,,,,,,,,,,,,,,3,3,22.67,0,1,2,0,
HVSP,Ranking Keywords,Has quick-win keywords in positions 11-20,https://www.chewy.com/sp/dog-camera-harness,False,Push near-page-one terms with title/H1/meta/linking improvements.,1,,,,,dog camera harness,,,,,,,,,,,,,,,,,,,,,1,1,20.0,0,1,0,0,
HVSP,Ranking Keywords,Has quick-win keywords in positions 11-20,https://www.chewy.com/sp/dog-chain,True,Push near-page-one terms with title/H1/meta/linking improvements.,1,Dog Chain (Free Shipping) | Chewy,33,"Shop Chewy for low prices and the best dog chain! We carry a large selection and the top brands like PawFurEver, Mimi Green, and more. Find everything you need in one place. FREE shipping on orders $49+ and the BEST customer service!",233,dog chain,Dog Chain,1,dog-chain,True,True,False,False,False,False,False,False,41,342,2,,,,,,,1,1,20.0,0,1,0,0,1.0
HVSP,Ranking Keywords,Has quick-win keywords in positions 11-20,https://www.chewy.com/sp/dog-puzzle-toys-nina-ottosson,True,Push near-page-one terms with title/H1/meta/linking improvements.,1,Dog Puzzle Toys Nina Ottosson (Free Shipping) | Chewy,53,"Shop Chewy for low prices and the best dog puzzle toys nina ottosson! We carry a large selection and the top brands like Outward Hound, KADTC, and more. Find everything you need in one place. FREE shipping on orders $49+ and the BEST customer service!",251,dog puzzle toys nina ottosson,Dog Puzzle Toys Nina Ottosson,1,dog-puzzle-toys-nina-ottosson,True,True,False,False,False,False,False,False,30,341,2,,,,,,,1,1,20.0,0,1,0,0,1.0
HVSP,Ranking Keywords,Has quick-win keywords in positions 11-20,https://www.chewy.com/sp/dog-stool-softener,False,Push near-page-one terms with title/H1/meta/linking improvements.,1,,,,,dog stool softener,,,,,,,,,,,,,,,,,,,,,1,1,20.0,0,1,0,0,
HVSP,Ranking Keywords,Has quick-win keywords in positions 11-20,https://www.chewy.com/sp/english-horse-supplies,True,Push near-page-one terms with title/H1/meta/linking improvements.,1,English Horse Supplies (Free Shipping) | Chewy,46,"Shop Chewy for low prices and the best english horse supplies! We carry a large selection and the top brands like Equinavia, TuffRider, and more. Find everything you need in one place. FREE shipping on orders $49+ and the BEST customer service!",244,english horse supplies,English Horse Supplies,1,english-horse-supplies,True,True,False,False,False,False,False,False,424,344,2,,,,,,,1,1,20.0,0,1,0,0,1.0
HVSP,Ranking Keywords,Has quick-win keywords in positions 11-20,https://www.chewy.com/sp/fish-food-ring,False,Push near-page-one terms with title/H1/meta/linking improvements.,1,,,,,fish food ring,,,,,,,,,,,,,,,,,,,,,2,1,21.0,0,1,1,0,
HVSP,Ranking Keywords,Has quick-win keywords in positions 11-20,https://www.chewy.com/sp/carbon-filter-media,False,Push near-page-one terms with title/H1/meta/linking improvements.,1,,,,,fish tank filter carbon,,,,,,,,,,,,,,,,,,,,,2,2,23.5,0,1,1,0,
HVSP,Ranking Keywords,Has quick-win keywords in positions 11-20,https://www.chewy.com/sp/horse-blanket-buckles,False,Push near-page-one terms with title/H1/meta/linking improvements.,1,,,,,horse blanket buckles,,,,,,,,,,,,,,,,,,,,,2,1,20.0,0,1,0,1,
HVSP,Ranking Keywords,Has quick-win keywords in positions 11-20,https://www.chewy.com/sp/horse-brush-to-remove-hair,False,Push near-page-one terms with title/H1/meta/linking improvements.,1,,,,,horse brush to remove hair,,,,,,,,,,,,,,,,,,,,,1,1,20.0,0,1,0,0,
HVSP,Ranking Keywords,Has quick-win keywords in positions 11-20,https://www.chewy.com/sp/latte-dog-toy,False,Push near-page-one terms with title/H1/meta/linking improvements.,1,,,,,latte dog toy,,,,,,,,,,,,,,,,,,,,,1,1,20.0,0,1,0,0,
HVSP,Ranking Keywords,Has quick-win keywords in positions 11-20,https://www.chewy.com/sp/leather-horse-girths,False,Push near-page-one terms with title/H1/meta/linking improvements.,1,,,,,leather horse girths,,,,,,,,,,,,,,,,,,,,,1,1,20.0,0,1,0,0,
HVSP,Ranking Keywords,Has quick-win keywords in positions 11-20,https://www.chewy.com/sp/float-for-dogs,False,Push near-page-one terms with title/H1/meta/linking improvements.,1,,,,,floating dog toys,,,,,,,,,,,,,,,,,,,,,1,1,20.0,0,1,0,0,
