page_type,category,issue,normalized_url,matched_botify,recommendation,evidence_value,title,title_length,meta_description,meta_description_length,main_keyword,h1,h1_count,url_slug,canonical_points_to_self,in_sitemaps,noindex,nofollow,breadcrumb_exists,product_exists,offer_exists,faq_exists,unique_inlinks,unique_outlinks,depth,lcp_status,lcp_value,cls_status,cls_value,inp_status,inp_value,ranking_keyword_rows,distinct_keywords,avg_current_rank,top10_keywords,quick_win_11_20_keywords,striking_distance_21_50_keywords,lost_or_unranked_keywords,botify_audience_keywords_to_90pct
PDP,H1,Duplicate H1 pattern,https://www.chewy.com/healthy-breeds-multi-tabs-plus/dp/230703,True,Make H1s more specific by page/template.,"Healthy Breeds Multi-Tabs Plus Chewable Tablets Dog Supplement, 365 count","HEALTHY BREEDS Multi-Tabs Plus Chewable Tablets Dog Supplement, 365 count - Chewy.com",85,"Buy Healthy Breeds Multi-Tabs Plus Chewable Tablets Dog Supplement, 365 count at Chewy.com. FREE shipping and the BEST customer service!",136,,"Healthy Breeds Multi-Tabs Plus Chewable Tablets Dog Supplement, 365 count",1,healthy-breeds-multi-tabs-plus,True,True,False,False,True,True,True,True,244,543,3,,,,,,,,,,,,,,
PDP,H1,Duplicate H1 pattern,https://www.chewy.com/healthy-breeds-multivitamin-soft/dp/367088,True,Make H1s more specific by page/template.,"Healthy Breeds Multivitamin Soft Chews Dog Supplement, 180 count","HEALTHY BREEDS Multivitamin Soft Chews Dog Supplement, 180 count - Chewy.com",76,"Buy Healthy Breeds Multivitamin Soft Chews Dog Supplement, 180 count at Chewy.com. FREE shipping and the BEST customer service!",127,,"Healthy Breeds Multivitamin Soft Chews Dog Supplement, 180 count",1,healthy-breeds-multivitamin-soft,True,True,False,False,True,True,True,True,233,548,3,,,,,,,,,,,,,,
PDP,H1,Duplicate H1 pattern,https://www.chewy.com/healthy-breeds-multivitamin-soft/dp/366894,True,Make H1s more specific by page/template.,"Healthy Breeds Multivitamin Soft Chews Dog Supplement, 180 count","HEALTHY BREEDS Multivitamin Soft Chews Dog Supplement, 180 count - Chewy.com",76,"Buy Healthy Breeds Multivitamin Soft Chews Dog Supplement, 180 count at Chewy.com. FREE shipping and the BEST customer service!",127,,"Healthy Breeds Multivitamin Soft Chews Dog Supplement, 180 count",1,healthy-breeds-multivitamin-soft,True,True,False,False,True,True,True,True,237,548,3,,,,,,,,,,,,,,
PDP,H1,Duplicate H1 pattern,https://www.chewy.com/healthy-breeds-all-in-one/dp/366211,True,Make H1s more specific by page/template.,"Healthy Breeds All In One Multivitamin Soft Chews Dog Supplement, 120 count","Out of Stock - HEALTHY BREEDS All In One Multivitamin Soft Chews Dog Supplement, 120 count - Chewy.com",102,"Buy Healthy Breeds All In One Multivitamin Soft Chews Dog Supplement, 120 count at Chewy.com. FREE shipping and the BEST customer service!",138,,"Healthy Breeds All In One Multivitamin Soft Chews Dog Supplement, 120 count",1,healthy-breeds-all-in-one,True,True,False,False,True,True,True,True,236,535,3,,,,,,,,,,,,,,
PDP,H1,Duplicate H1 pattern,https://www.chewy.com/healthy-breeds-multivitamin-soft/dp/366930,True,Make H1s more specific by page/template.,"Healthy Breeds Multivitamin Soft Chews Dog Supplement, 180 count","HEALTHY BREEDS Multivitamin Soft Chews Dog Supplement, 180 count - Chewy.com",76,"Buy Healthy Breeds Multivitamin Soft Chews Dog Supplement, 180 count at Chewy.com. FREE shipping and the BEST customer service!",127,,"Healthy Breeds Multivitamin Soft Chews Dog Supplement, 180 count",1,healthy-breeds-multivitamin-soft,True,True,False,False,True,True,True,True,233,548,3,,,,,,,,,,,,,,
PDP,H1,Duplicate H1 pattern,https://www.chewy.com/inaba-churu-terrine-chicken-recipe/dp/4310190,True,Make H1s more specific by page/template.,"Inaba Churu Terrine Chicken Recipe Soft Dog Treat, 4 count, Small","INABA Churu Terrine Chicken Recipe Soft Dog Treat, 4 count, Small - Chewy.com",77,"Buy Inaba Churu Terrine Chicken Recipe Soft Dog Treat, 4 count, Small at Chewy.com. FREE shipping and the BEST customer service!",128,,"Inaba Churu Terrine Chicken Recipe Soft Dog Treat, 4 count, Small",1,inaba-churu-terrine-chicken-recipe,True,True,False,False,True,True,True,False,31,314,3,,,,,,,,,,,,,,1.0
PDP,H1,Duplicate H1 pattern,https://www.chewy.com/inaba-churu-terrine-chicken-recipe/dp/4310222,True,Make H1s more specific by page/template.,"Inaba Churu Terrine Chicken Recipe Soft Dog Treat, 4 count, Medium","INABA Churu Terrine Chicken Recipe Soft Dog Treat, 4 count, Medium - Chewy.com",78,"Buy Inaba Churu Terrine Chicken Recipe Soft Dog Treat, 4 count, Medium at Chewy.com. FREE shipping and the BEST customer service!",129,,"Inaba Churu Terrine Chicken Recipe Soft Dog Treat, 4 count, Medium",1,inaba-churu-terrine-chicken-recipe,True,True,False,False,True,True,True,False,31,314,3,,,,,,,,,,,,,,2.0
PDP,H1,Duplicate H1 pattern,https://www.chewy.com/inaba-churu-terrine-sweet-potato/dp/4310302,True,Make H1s more specific by page/template.,"Inaba Churu Terrine Chicken Recipe Soft Dog Treat, 4 count, Small","INABA Churu Terrine Chicken Recipe Soft Dog Treat, 4 count, Small - Chewy.com",77,"Buy Inaba Churu Terrine Chicken Recipe Soft Dog Treat, 4 count, Small at Chewy.com. FREE shipping and the BEST customer service!",128,,"Inaba Churu Terrine Chicken Recipe Soft Dog Treat, 4 count, Small",1,inaba-churu-terrine-sweet-potato,True,True,False,False,True,True,True,False,26,317,3,,,,,,,,,,,,,,
PDP,H1,Duplicate H1 pattern,https://www.chewy.com/inaba-churu-terrine-chicken-recipe/dp/4310118,True,Make H1s more specific by page/template.,"Inaba Churu Terrine Chicken Recipe Soft Dog Treat, 4 count, Small","INABA Churu Terrine Chicken Recipe Soft Dog Treat, 4 count, Small - Chewy.com",77,"Buy Inaba Churu Terrine Chicken Recipe Soft Dog Treat, 4 count, Small at Chewy.com. FREE shipping and the BEST customer service!",128,,"Inaba Churu Terrine Chicken Recipe Soft Dog Treat, 4 count, Small",1,inaba-churu-terrine-chicken-recipe,True,True,False,False,True,True,True,False,31,314,3,,,,,,,,,,,,,,1.0
PDP,H1,Duplicate H1 pattern,https://www.chewy.com/inaba-churu-terrine-pumpkin-recipe/dp/4310142,True,Make H1s more specific by page/template.,"Inaba Churu Terrine Chicken Recipe Soft Dog Treat, 4 count, Small","INABA Churu Terrine Chicken Recipe Soft Dog Treat, 4 count, Small - Chewy.com",77,"Buy Inaba Churu Terrine Chicken Recipe Soft Dog Treat, 4 count, Small at Chewy.com. FREE shipping and the BEST customer service!",128,,"Inaba Churu Terrine Chicken Recipe Soft Dog Treat, 4 count, Small",1,inaba-churu-terrine-pumpkin-recipe,True,True,False,False,True,True,True,False,30,317,3,,,,,,,,,,,,,,1.0
PDP,H1,Duplicate H1 pattern,https://www.chewy.com/inaba-churu-terrine-chicken-recipe/dp/4310166,True,Make H1s more specific by page/template.,"Inaba Churu Terrine Chicken Recipe Soft Dog Treat, 4 count, Small","INABA Churu Terrine Chicken Recipe Soft Dog Treat, 4 count, Small - Chewy.com",77,"Buy Inaba Churu Terrine Chicken Recipe Soft Dog Treat, 4 count, Small at Chewy.com. FREE shipping and the BEST customer service!",128,,"Inaba Churu Terrine Chicken Recipe Soft Dog Treat, 4 count, Small",1,inaba-churu-terrine-chicken-recipe,True,True,False,False,True,True,True,False,16,314,3,,,,,,,,,,,,,,
PDP,H1,Duplicate H1 pattern,https://www.chewy.com/inaba-churu-terrine-salmon-recipe/dp/4310342,True,Make H1s more specific by page/template.,"Inaba Churu Terrine Chicken Recipe Soft Dog Treat, 4 count, Large","INABA Churu Terrine Chicken Recipe Soft Dog Treat, 4 count, Large - Chewy.com",77,"Buy Inaba Churu Terrine Chicken Recipe Soft Dog Treat, 4 count, Large at Chewy.com. FREE shipping and the BEST customer service!",128,,"Inaba Churu Terrine Chicken Recipe Soft Dog Treat, 4 count, Large",1,inaba-churu-terrine-salmon-recipe,True,True,False,False,True,True,True,False,14,317,3,,,,,,,,,,,,,,1.0
PDP,H1,Duplicate H1 pattern,https://www.chewy.com/inaba-churu-terrine-salmon-recipe/dp/4310246,True,Make H1s more specific by page/template.,"Inaba Churu Terrine Chicken Recipe Soft Dog Treat, 4 count, Small","INABA Churu Terrine Chicken Recipe Soft Dog Treat, 4 count, Small - Chewy.com",77,"Buy Inaba Churu Terrine Chicken Recipe Soft Dog Treat, 4 count, Small at Chewy.com. FREE shipping and the BEST customer service!",128,,"Inaba Churu Terrine Chicken Recipe Soft Dog Treat, 4 count, Small",1,inaba-churu-terrine-salmon-recipe,True,True,False,False,True,True,True,False,22,317,3,,,,,,,,,,,,,,
PDP,H1,Duplicate H1 pattern,https://www.chewy.com/healthy-breeds-multivitamin-soft/dp/366892,True,Make H1s more specific by page/template.,"Healthy Breeds Multivitamin Soft Chews Dog Supplement, 180 count","HEALTHY BREEDS Multivitamin Soft Chews Dog Supplement, 180 count - Chewy.com",76,"Buy Healthy Breeds Multivitamin Soft Chews Dog Supplement, 180 count at Chewy.com. FREE shipping and the BEST customer service!",127,,"Healthy Breeds Multivitamin Soft Chews Dog Supplement, 180 count",1,healthy-breeds-multivitamin-soft,True,True,False,False,True,True,True,True,233,548,3,,,,,,,,,,,,,,
PDP,H1,Duplicate H1 pattern,https://www.chewy.com/inaba-churu-terrine-chicken-recipe/dp/4310214,True,Make H1s more specific by page/template.,"Inaba Churu Terrine Chicken Recipe Soft Dog Treat, 4 count, Small","INABA Churu Terrine Chicken Recipe Soft Dog Treat, 4 count, Small - Chewy.com",77,"Buy Inaba Churu Terrine Chicken Recipe Soft Dog Treat, 4 count, Small at Chewy.com. FREE shipping and the BEST customer service!",128,,"Inaba Churu Terrine Chicken Recipe Soft Dog Treat, 4 count, Small",1,inaba-churu-terrine-chicken-recipe,True,True,False,False,True,True,True,False,11,314,3,,,,,,,,,,,,,,1.0
PDP,H1,Duplicate H1 pattern,https://www.chewy.com/inaba-churu-terrine-chicken-recipe/dp/4310206,True,Make H1s more specific by page/template.,"Inaba Churu Terrine Chicken Recipe Soft Dog Treat, 4 count, Large","INABA Churu Terrine Chicken Recipe Soft Dog Treat, 4 count, Large - Chewy.com",77,"Buy Inaba Churu Terrine Chicken Recipe Soft Dog Treat, 4 count, Large at Chewy.com. FREE shipping and the BEST customer service!",128,,"Inaba Churu Terrine Chicken Recipe Soft Dog Treat, 4 count, Large",1,inaba-churu-terrine-chicken-recipe,True,True,False,False,True,True,True,False,12,314,3,,,,,,,,,,,,,,1.0
PDP,H1,Duplicate H1 pattern,https://www.chewy.com/inaba-churu-terrine-sweet-potato/dp/4310318,True,Make H1s more specific by page/template.,"Inaba Churu Terrine Chicken Recipe Soft Dog Treat, 4 count, Large","INABA Churu Terrine Chicken Recipe Soft Dog Treat, 4 count, Large - Chewy.com",77,"Buy Inaba Churu Terrine Chicken Recipe Soft Dog Treat, 4 count, Large at Chewy.com. FREE shipping and the BEST customer service!",128,,"Inaba Churu Terrine Chicken Recipe Soft Dog Treat, 4 count, Large",1,inaba-churu-terrine-sweet-potato,True,True,False,False,True,True,True,False,8,317,3,,,,,,,,,,,,,,
PDP,H1,Duplicate H1 pattern,https://www.chewy.com/inaba-churu-terrine-chicken-recipe/dp/4310134,True,Make H1s more specific by page/template.,"Inaba Churu Terrine Chicken Recipe Soft Dog Treat, 4 count, Large","INABA Churu Terrine Chicken Recipe Soft Dog Treat, 4 count, Large - Chewy.com",77,"Buy Inaba Churu Terrine Chicken Recipe Soft Dog Treat, 4 count, Large at Chewy.com. FREE shipping and the BEST customer service!",128,,"Inaba Churu Terrine Chicken Recipe Soft Dog Treat, 4 count, Large",1,inaba-churu-terrine-chicken-recipe,True,True,False,False,True,True,True,False,12,314,3,,,,,,,,,,,,,,
PDP,H1,Duplicate H1 pattern,https://www.chewy.com/inaba-churu-terrine-chicken-recipe/dp/4310230,True,Make H1s more specific by page/template.,"Inaba Churu Terrine Chicken Recipe Soft Dog Treat, 4 count, Large","INABA Churu Terrine Chicken Recipe Soft Dog Treat, 4 count, Large - Chewy.com",77,"Buy Inaba Churu Terrine Chicken Recipe Soft Dog Treat, 4 count, Large at Chewy.com. FREE shipping and the BEST customer service!",128,,"Inaba Churu Terrine Chicken Recipe Soft Dog Treat, 4 count, Large",1,inaba-churu-terrine-chicken-recipe,True,True,False,False,True,True,True,False,11,314,3,,,,,,,,,,,,,,
PDP,H1,Duplicate H1 pattern,https://www.chewy.com/inaba-churu-terrine-pumpkin-recipe/dp/4310158,True,Make H1s more specific by page/template.,"Inaba Churu Terrine Chicken Recipe Soft Dog Treat, 4 count, Large","INABA Churu Terrine Chicken Recipe Soft Dog Treat, 4 count, Large - Chewy.com",77,"Buy Inaba Churu Terrine Chicken Recipe Soft Dog Treat, 4 count, Large at Chewy.com. FREE shipping and the BEST customer service!",128,,"Inaba Churu Terrine Chicken Recipe Soft Dog Treat, 4 count, Large",1,inaba-churu-terrine-pumpkin-recipe,True,True,False,False,True,True,True,False,7,317,3,,,,,,,,,,,,,,
PDP,H1,Duplicate H1 pattern,https://www.chewy.com/inaba-churu-terrine-chicken-recipe/dp/4310182,True,Make H1s more specific by page/template.,"Inaba Churu Terrine Chicken Recipe Soft Dog Treat, 4 count, Large","INABA Churu Terrine Chicken Recipe Soft Dog Treat, 4 count, Large - Chewy.com",77,"Buy Inaba Churu Terrine Chicken Recipe Soft Dog Treat, 4 count, Large at Chewy.com. FREE shipping and the BEST customer service!",128,,"Inaba Churu Terrine Chicken Recipe Soft Dog Treat, 4 count, Large",1,inaba-churu-terrine-chicken-recipe,True,True,False,False,True,True,True,False,11,314,3,,,,,,,,,,,,,,
PDP,H1,Duplicate H1 pattern,https://www.chewy.com/inaba-churu-terrine-salmon-recipe/dp/4310262,True,Make H1s more specific by page/template.,"Inaba Churu Terrine Chicken Recipe Soft Dog Treat, 4 count, Large","INABA Churu Terrine Chicken Recipe Soft Dog Treat, 4 count, Large - Chewy.com",77,"Buy Inaba Churu Terrine Chicken Recipe Soft Dog Treat, 4 count, Large at Chewy.com. FREE shipping and the BEST customer service!",128,,"Inaba Churu Terrine Chicken Recipe Soft Dog Treat, 4 count, Large",1,inaba-churu-terrine-salmon-recipe,True,True,False,False,True,True,True,False,15,317,3,,,,,,,,,,,,,,
PDP,H1,Duplicate H1 pattern,https://www.chewy.com/healthy-breeds-multi-tabs-plus/dp/366657,True,Make H1s more specific by page/template.,"Healthy Breeds Multi-Tabs Plus Chewable Tablets Dog Supplement, 365 count","HEALTHY BREEDS Multi-Tabs Plus Chewable Tablets Dog Supplement, 365 count - Chewy.com",85,"Buy Healthy Breeds Multi-Tabs Plus Chewable Tablets Dog Supplement, 365 count at Chewy.com. FREE shipping and the BEST customer service!",136,,"Healthy Breeds Multi-Tabs Plus Chewable Tablets Dog Supplement, 365 count",1,healthy-breeds-multi-tabs-plus,True,True,False,False,True,True,True,True,223,542,4,,,,,,,,,,,,,,
PDP,H1,Duplicate H1 pattern,https://www.chewy.com/healthy-breeds-multi-tabs-plus/dp/366658,True,Make H1s more specific by page/template.,"Healthy Breeds Multi-Tabs Plus Chewable Tablets Dog Supplement, 365 count","HEALTHY BREEDS Multi-Tabs Plus Chewable Tablets Dog Supplement, 365 count - Chewy.com",85,"Buy Healthy Breeds Multi-Tabs Plus Chewable Tablets Dog Supplement, 365 count at Chewy.com. FREE shipping and the BEST customer service!",136,,"Healthy Breeds Multi-Tabs Plus Chewable Tablets Dog Supplement, 365 count",1,healthy-breeds-multi-tabs-plus,True,True,False,False,True,True,True,True,223,543,4,,,,,,,,,,,,,,
PDP,H1,Duplicate H1 pattern,https://www.chewy.com/healthy-breeds-multi-tabs-plus/dp/366659,True,Make H1s more specific by page/template.,"Healthy Breeds Multi-Tabs Plus Chewable Tablets Dog Supplement, 365 count","HEALTHY BREEDS Multi-Tabs Plus Chewable Tablets Dog Supplement, 365 count - Chewy.com",85,"Buy Healthy Breeds Multi-Tabs Plus Chewable Tablets Dog Supplement, 365 count at Chewy.com. FREE shipping and the BEST customer service!",136,,"Healthy Breeds Multi-Tabs Plus Chewable Tablets Dog Supplement, 365 count",1,healthy-breeds-multi-tabs-plus,True,True,False,False,True,True,True,True,223,542,4,,,,,,,,,,,,,,
PDP,H1,Duplicate H1 pattern,https://www.chewy.com/healthy-breeds-multi-tabs-plus/dp/366660,True,Make H1s more specific by page/template.,"Healthy Breeds Multi-Tabs Plus Chewable Tablets Dog Supplement, 365 count","HEALTHY BREEDS Multi-Tabs Plus Chewable Tablets Dog Supplement, 365 count - Chewy.com",85,"Buy Healthy Breeds Multi-Tabs Plus Chewable Tablets Dog Supplement, 365 count at Chewy.com. FREE shipping and the BEST customer service!",136,,"Healthy Breeds Multi-Tabs Plus Chewable Tablets Dog Supplement, 365 count",1,healthy-breeds-multi-tabs-plus,True,True,False,False,True,True,True,True,223,541,4,,,,,,,,,,,,,,
PDP,H1,Duplicate H1 pattern,https://www.chewy.com/healthy-breeds-multi-tabs-plus/dp/366661,True,Make H1s more specific by page/template.,"Healthy Breeds Multi-Tabs Plus Chewable Tablets Dog Supplement, 365 count","HEALTHY BREEDS Multi-Tabs Plus Chewable Tablets Dog Supplement, 365 count - Chewy.com",85,"Buy Healthy Breeds Multi-Tabs Plus Chewable Tablets Dog Supplement, 365 count at Chewy.com. FREE shipping and the BEST customer service!",136,,"Healthy Breeds Multi-Tabs Plus Chewable Tablets Dog Supplement, 365 count",1,healthy-breeds-multi-tabs-plus,True,True,False,False,True,True,True,True,223,543,4,,,,,,,,,,,,,,
PDP,H1,Duplicate H1 pattern,https://www.chewy.com/healthy-breeds-multi-tabs-plus/dp/366662,True,Make H1s more specific by page/template.,"Healthy Breeds Multi-Tabs Plus Chewable Tablets Dog Supplement, 365 count","HEALTHY BREEDS Multi-Tabs Plus Chewable Tablets Dog Supplement, 365 count - Chewy.com",85,"Buy Healthy Breeds Multi-Tabs Plus Chewable Tablets Dog Supplement, 365 count at Chewy.com. FREE shipping and the BEST customer service!",136,,"Healthy Breeds Multi-Tabs Plus Chewable Tablets Dog Supplement, 365 count",1,healthy-breeds-multi-tabs-plus,True,True,False,False,True,True,True,True,223,542,4,,,,,,,,,,,,,,
PDP,H1,Duplicate H1 pattern,https://www.chewy.com/healthy-breeds-multi-tabs-plus/dp/366663,True,Make H1s more specific by page/template.,"Healthy Breeds Multi-Tabs Plus Chewable Tablets Dog Supplement, 365 count","HEALTHY BREEDS Multi-Tabs Plus Chewable Tablets Dog Supplement, 365 count - Chewy.com",85,"Buy Healthy Breeds Multi-Tabs Plus Chewable Tablets Dog Supplement, 365 count at Chewy.com. FREE shipping and the BEST customer service!",136,,"Healthy Breeds Multi-Tabs Plus Chewable Tablets Dog Supplement, 365 count",1,healthy-breeds-multi-tabs-plus,True,True,False,False,True,True,True,True,223,542,4,,,,,,,,,,,,,,
PDP,H1,Duplicate H1 pattern,https://www.chewy.com/healthy-breeds-multi-tabs-plus/dp/366664,True,Make H1s more specific by page/template.,"Healthy Breeds Multi-Tabs Plus Chewable Tablets Dog Supplement, 365 count","HEALTHY BREEDS Multi-Tabs Plus Chewable Tablets Dog Supplement, 365 count - Chewy.com",85,"Buy Healthy Breeds Multi-Tabs Plus Chewable Tablets Dog Supplement, 365 count at Chewy.com. FREE shipping and the BEST customer service!",136,,"Healthy Breeds Multi-Tabs Plus Chewable Tablets Dog Supplement, 365 count",1,healthy-breeds-multi-tabs-plus,True,True,False,False,True,True,True,True,223,543,4,,,,,,,,,,,,,,
PDP,H1,Duplicate H1 pattern,https://www.chewy.com/healthy-breeds-multi-tabs-plus/dp/366665,True,Make H1s more specific by page/template.,"Healthy Breeds Multi-Tabs Plus Chewable Tablets Dog Supplement, 365 count","HEALTHY BREEDS Multi-Tabs Plus Chewable Tablets Dog Supplement, 365 count - Chewy.com",85,"Buy Healthy Breeds Multi-Tabs Plus Chewable Tablets Dog Supplement, 365 count at Chewy.com. FREE shipping and the BEST customer service!",136,,"Healthy Breeds Multi-Tabs Plus Chewable Tablets Dog Supplement, 365 count",1,healthy-breeds-multi-tabs-plus,True,True,False,False,True,True,True,True,223,542,4,,,,,,,,,,,,,,
PDP,H1,Duplicate H1 pattern,https://www.chewy.com/healthy-breeds-multi-tabs-plus/dp/366666,True,Make H1s more specific by page/template.,"Healthy Breeds Multi-Tabs Plus Chewable Tablets Dog Supplement, 365 count","HEALTHY BREEDS Multi-Tabs Plus Chewable Tablets Dog Supplement, 365 count - Chewy.com",85,"Buy Healthy Breeds Multi-Tabs Plus Chewable Tablets Dog Supplement, 365 count at Chewy.com. FREE shipping and the BEST customer service!",136,,"Healthy Breeds Multi-Tabs Plus Chewable Tablets Dog Supplement, 365 count",1,healthy-breeds-multi-tabs-plus,True,True,False,False,True,True,True,True,223,543,4,,,,,,,,,,,,,,
PDP,H1,Duplicate H1 pattern,https://www.chewy.com/healthy-breeds-multi-tabs-plus/dp/366667,True,Make H1s more specific by page/template.,"Healthy Breeds Multi-Tabs Plus Chewable Tablets Dog Supplement, 365 count","HEALTHY BREEDS Multi-Tabs Plus Chewable Tablets Dog Supplement, 365 count - Chewy.com",85,"Buy Healthy Breeds Multi-Tabs Plus Chewable Tablets Dog Supplement, 365 count at Chewy.com. FREE shipping and the BEST customer service!",136,,"Healthy Breeds Multi-Tabs Plus Chewable Tablets Dog Supplement, 365 count",1,healthy-breeds-multi-tabs-plus,True,True,False,False,True,True,True,True,223,542,4,,,,,,,,,,,,,,
PDP,H1,Duplicate H1 pattern,https://www.chewy.com/healthy-breeds-multi-tabs-plus/dp/366668,True,Make H1s more specific by page/template.,"Healthy Breeds Multi-Tabs Plus Chewable Tablets Dog Supplement, 365 count","HEALTHY BREEDS Multi-Tabs Plus Chewable Tablets Dog Supplement, 365 count - Chewy.com",85,"Buy Healthy Breeds Multi-Tabs Plus Chewable Tablets Dog Supplement, 365 count at Chewy.com. FREE shipping and the BEST customer service!",136,,"Healthy Breeds Multi-Tabs Plus Chewable Tablets Dog Supplement, 365 count",1,healthy-breeds-multi-tabs-plus,True,True,False,False,True,True,True,True,223,543,4,,,,,,,,,,,,,,
PDP,H1,Duplicate H1 pattern,https://www.chewy.com/healthy-breeds-multi-tabs-plus/dp/366669,True,Make H1s more specific by page/template.,"Healthy Breeds Multi-Tabs Plus Chewable Tablets Dog Supplement, 365 count","HEALTHY BREEDS Multi-Tabs Plus Chewable Tablets Dog Supplement, 365 count - Chewy.com",85,"Buy Healthy Breeds Multi-Tabs Plus Chewable Tablets Dog Supplement, 365 count at Chewy.com. FREE shipping and the BEST customer service!",136,,"Healthy Breeds Multi-Tabs Plus Chewable Tablets Dog Supplement, 365 count",1,healthy-breeds-multi-tabs-plus,True,True,False,False,True,True,True,True,223,543,4,,,,,,,,,,,,,,
PDP,H1,Duplicate H1 pattern,https://www.chewy.com/healthy-breeds-multi-tabs-plus/dp/366670,True,Make H1s more specific by page/template.,"Healthy Breeds Multi-Tabs Plus Chewable Tablets Dog Supplement, 365 count","HEALTHY BREEDS Multi-Tabs Plus Chewable Tablets Dog Supplement, 365 count - Chewy.com",85,"Buy Healthy Breeds Multi-Tabs Plus Chewable Tablets Dog Supplement, 365 count at Chewy.com. FREE shipping and the BEST customer service!",136,,"Healthy Breeds Multi-Tabs Plus Chewable Tablets Dog Supplement, 365 count",1,healthy-breeds-multi-tabs-plus,True,True,False,False,True,True,True,True,223,543,4,,,,,,,,,,,,,,
PDP,H1,Duplicate H1 pattern,https://www.chewy.com/healthy-breeds-multi-tabs-plus/dp/366671,True,Make H1s more specific by page/template.,"Healthy Breeds Multi-Tabs Plus Chewable Tablets Dog Supplement, 365 count","HEALTHY BREEDS Multi-Tabs Plus Chewable Tablets Dog Supplement, 365 count - Chewy.com",85,"Buy Healthy Breeds Multi-Tabs Plus Chewable Tablets Dog Supplement, 365 count at Chewy.com. FREE shipping and the BEST customer service!",136,,"Healthy Breeds Multi-Tabs Plus Chewable Tablets Dog Supplement, 365 count",1,healthy-breeds-multi-tabs-plus,True,True,False,False,True,True,True,True,223,543,4,,,,,,,,,,,,,,
PDP,H1,Duplicate H1 pattern,https://www.chewy.com/healthy-breeds-multi-tabs-plus/dp/366672,True,Make H1s more specific by page/template.,"Healthy Breeds Multi-Tabs Plus Chewable Tablets Dog Supplement, 365 count","HEALTHY BREEDS Multi-Tabs Plus Chewable Tablets Dog Supplement, 365 count - Chewy.com",85,"Buy Healthy Breeds Multi-Tabs Plus Chewable Tablets Dog Supplement, 365 count at Chewy.com. FREE shipping and the BEST customer service!",136,,"Healthy Breeds Multi-Tabs Plus Chewable Tablets Dog Supplement, 365 count",1,healthy-breeds-multi-tabs-plus,True,True,False,False,True,True,True,True,223,543,4,,,,,,,,,,,,,,
PDP,H1,Duplicate H1 pattern,https://www.chewy.com/healthy-breeds-multi-tabs-plus/dp/366673,True,Make H1s more specific by page/template.,"Healthy Breeds Multi-Tabs Plus Chewable Tablets Dog Supplement, 365 count","HEALTHY BREEDS Multi-Tabs Plus Chewable Tablets Dog Supplement, 365 count - Chewy.com",85,"Buy Healthy Breeds Multi-Tabs Plus Chewable Tablets Dog Supplement, 365 count at Chewy.com. FREE shipping and the BEST customer service!",136,,"Healthy Breeds Multi-Tabs Plus Chewable Tablets Dog Supplement, 365 count",1,healthy-breeds-multi-tabs-plus,True,True,False,False,True,True,True,True,223,537,4,,,,,,,,,,,,,,
PDP,H1,Duplicate H1 pattern,https://www.chewy.com/healthy-breeds-multi-tabs-plus/dp/366674,True,Make H1s more specific by page/template.,"Healthy Breeds Multi-Tabs Plus Chewable Tablets Dog Supplement, 365 count","HEALTHY BREEDS Multi-Tabs Plus Chewable Tablets Dog Supplement, 365 count - Chewy.com",85,"Buy Healthy Breeds Multi-Tabs Plus Chewable Tablets Dog Supplement, 365 count at Chewy.com. FREE shipping and the BEST customer service!",136,,"Healthy Breeds Multi-Tabs Plus Chewable Tablets Dog Supplement, 365 count",1,healthy-breeds-multi-tabs-plus,True,True,False,False,True,True,True,True,223,538,4,,,,,,,,,,,,,,
PDP,H1,Duplicate H1 pattern,https://www.chewy.com/healthy-breeds-multi-tabs-plus/dp/366675,True,Make H1s more specific by page/template.,"Healthy Breeds Multi-Tabs Plus Chewable Tablets Dog Supplement, 365 count","HEALTHY BREEDS Multi-Tabs Plus Chewable Tablets Dog Supplement, 365 count - Chewy.com",85,"Buy Healthy Breeds Multi-Tabs Plus Chewable Tablets Dog Supplement, 365 count at Chewy.com. FREE shipping and the BEST customer service!",136,,"Healthy Breeds Multi-Tabs Plus Chewable Tablets Dog Supplement, 365 count",1,healthy-breeds-multi-tabs-plus,True,True,False,False,True,True,True,True,223,542,4,,,,,,,,,,,,,,
PDP,H1,Duplicate H1 pattern,https://www.chewy.com/healthy-breeds-multi-tabs-plus/dp/366676,True,Make H1s more specific by page/template.,"Healthy Breeds Multi-Tabs Plus Chewable Tablets Dog Supplement, 365 count","HEALTHY BREEDS Multi-Tabs Plus Chewable Tablets Dog Supplement, 365 count - Chewy.com",85,"Buy Healthy Breeds Multi-Tabs Plus Chewable Tablets Dog Supplement, 365 count at Chewy.com. FREE shipping and the BEST customer service!",136,,"Healthy Breeds Multi-Tabs Plus Chewable Tablets Dog Supplement, 365 count",1,healthy-breeds-multi-tabs-plus,True,True,False,False,True,True,True,True,223,542,4,,,,,,,,,,,,,,
PDP,H1,Duplicate H1 pattern,https://www.chewy.com/healthy-breeds-multi-tabs-plus/dp/366677,True,Make H1s more specific by page/template.,"Healthy Breeds Multi-Tabs Plus Chewable Tablets Dog Supplement, 365 count","HEALTHY BREEDS Multi-Tabs Plus Chewable Tablets Dog Supplement, 365 count - Chewy.com",85,"Buy Healthy Breeds Multi-Tabs Plus Chewable Tablets Dog Supplement, 365 count at Chewy.com. FREE shipping and the BEST customer service!",136,,"Healthy Breeds Multi-Tabs Plus Chewable Tablets Dog Supplement, 365 count",1,healthy-breeds-multi-tabs-plus,True,True,False,False,True,True,True,True,223,542,4,,,,,,,,,,,,,,
PDP,H1,Duplicate H1 pattern,https://www.chewy.com/healthy-breeds-multi-tabs-plus/dp/366678,True,Make H1s more specific by page/template.,"Healthy Breeds Multi-Tabs Plus Chewable Tablets Dog Supplement, 365 count","HEALTHY BREEDS Multi-Tabs Plus Chewable Tablets Dog Supplement, 365 count - Chewy.com",85,"Buy Healthy Breeds Multi-Tabs Plus Chewable Tablets Dog Supplement, 365 count at Chewy.com. FREE shipping and the BEST customer service!",136,,"Healthy Breeds Multi-Tabs Plus Chewable Tablets Dog Supplement, 365 count",1,healthy-breeds-multi-tabs-plus,True,True,False,False,True,True,True,True,223,543,4,,,,,,,,,,,,,,
PDP,H1,Duplicate H1 pattern,https://www.chewy.com/healthy-breeds-multi-tabs-plus/dp/366679,True,Make H1s more specific by page/template.,"Healthy Breeds Multi-Tabs Plus Chewable Tablets Dog Supplement, 365 count","HEALTHY BREEDS Multi-Tabs Plus Chewable Tablets Dog Supplement, 365 count - Chewy.com",85,"Buy Healthy Breeds Multi-Tabs Plus Chewable Tablets Dog Supplement, 365 count at Chewy.com. FREE shipping and the BEST customer service!",136,,"Healthy Breeds Multi-Tabs Plus Chewable Tablets Dog Supplement, 365 count",1,healthy-breeds-multi-tabs-plus,True,True,False,False,True,True,True,True,223,542,4,,,,,,,,,,,,,,
PDP,H1,Duplicate H1 pattern,https://www.chewy.com/healthy-breeds-multi-tabs-plus/dp/366680,True,Make H1s more specific by page/template.,"Healthy Breeds Multi-Tabs Plus Chewable Tablets Dog Supplement, 365 count","HEALTHY BREEDS Multi-Tabs Plus Chewable Tablets Dog Supplement, 365 count - Chewy.com",85,"Buy Healthy Breeds Multi-Tabs Plus Chewable Tablets Dog Supplement, 365 count at Chewy.com. FREE shipping and the BEST customer service!",136,,"Healthy Breeds Multi-Tabs Plus Chewable Tablets Dog Supplement, 365 count",1,healthy-breeds-multi-tabs-plus,True,True,False,False,True,True,True,True,223,541,4,,,,,,,,,,,,,,
PDP,H1,Duplicate H1 pattern,https://www.chewy.com/healthy-breeds-multi-tabs-plus/dp/366681,True,Make H1s more specific by page/template.,"Healthy Breeds Multi-Tabs Plus Chewable Tablets Dog Supplement, 365 count","HEALTHY BREEDS Multi-Tabs Plus Chewable Tablets Dog Supplement, 365 count - Chewy.com",85,"Buy Healthy Breeds Multi-Tabs Plus Chewable Tablets Dog Supplement, 365 count at Chewy.com. FREE shipping and the BEST customer service!",136,,"Healthy Breeds Multi-Tabs Plus Chewable Tablets Dog Supplement, 365 count",1,healthy-breeds-multi-tabs-plus,True,True,False,False,True,True,True,True,223,543,4,,,,,,,,,,,,,,
PDP,H1,Duplicate H1 pattern,https://www.chewy.com/healthy-breeds-multi-tabs-plus/dp/366682,True,Make H1s more specific by page/template.,"Healthy Breeds Multi-Tabs Plus Chewable Tablets Dog Supplement, 365 count","HEALTHY BREEDS Multi-Tabs Plus Chewable Tablets Dog Supplement, 365 count - Chewy.com",85,"Buy Healthy Breeds Multi-Tabs Plus Chewable Tablets Dog Supplement, 365 count at Chewy.com. FREE shipping and the BEST customer service!",136,,"Healthy Breeds Multi-Tabs Plus Chewable Tablets Dog Supplement, 365 count",1,healthy-breeds-multi-tabs-plus,True,True,False,False,True,True,True,True,223,536,4,,,,,,,,,,,,,,
PDP,H1,Duplicate H1 pattern,https://www.chewy.com/healthy-breeds-multi-tabs-plus/dp/366683,True,Make H1s more specific by page/template.,"Healthy Breeds Multi-Tabs Plus Chewable Tablets Dog Supplement, 365 count","HEALTHY BREEDS Multi-Tabs Plus Chewable Tablets Dog Supplement, 365 count - Chewy.com",85,"Buy Healthy Breeds Multi-Tabs Plus Chewable Tablets Dog Supplement, 365 count at Chewy.com. FREE shipping and the BEST customer service!",136,,"Healthy Breeds Multi-Tabs Plus Chewable Tablets Dog Supplement, 365 count",1,healthy-breeds-multi-tabs-plus,True,True,False,False,True,True,True,True,223,543,4,,,,,,,,,,,,,,
PDP,H1,Duplicate H1 pattern,https://www.chewy.com/healthy-breeds-multi-tabs-plus/dp/366684,True,Make H1s more specific by page/template.,"Healthy Breeds Multi-Tabs Plus Chewable Tablets Dog Supplement, 365 count","HEALTHY BREEDS Multi-Tabs Plus Chewable Tablets Dog Supplement, 365 count - Chewy.com",85,"Buy Healthy Breeds Multi-Tabs Plus Chewable Tablets Dog Supplement, 365 count at Chewy.com. FREE shipping and the BEST customer service!",136,,"Healthy Breeds Multi-Tabs Plus Chewable Tablets Dog Supplement, 365 count",1,healthy-breeds-multi-tabs-plus,True,True,False,False,True,True,True,True,223,543,4,,,,,,,,,,,,,,
PDP,H1,Duplicate H1 pattern,https://www.chewy.com/healthy-breeds-multi-tabs-plus/dp/366685,True,Make H1s more specific by page/template.,"Healthy Breeds Multi-Tabs Plus Chewable Tablets Dog Supplement, 365 count","HEALTHY BREEDS Multi-Tabs Plus Chewable Tablets Dog Supplement, 365 count - Chewy.com",85,"Buy Healthy Breeds Multi-Tabs Plus Chewable Tablets Dog Supplement, 365 count at Chewy.com. FREE shipping and the BEST customer service!",136,,"Healthy Breeds Multi-Tabs Plus Chewable Tablets Dog Supplement, 365 count",1,healthy-breeds-multi-tabs-plus,True,True,False,False,True,True,True,True,223,543,4,,,,,,,,,,,,,,
PDP,H1,Duplicate H1 pattern,https://www.chewy.com/healthy-breeds-multi-tabs-plus/dp/366686,True,Make H1s more specific by page/template.,"Healthy Breeds Multi-Tabs Plus Chewable Tablets Dog Supplement, 365 count","HEALTHY BREEDS Multi-Tabs Plus Chewable Tablets Dog Supplement, 365 count - Chewy.com",85,"Buy Healthy Breeds Multi-Tabs Plus Chewable Tablets Dog Supplement, 365 count at Chewy.com. FREE shipping and the BEST customer service!",136,,"Healthy Breeds Multi-Tabs Plus Chewable Tablets Dog Supplement, 365 count",1,healthy-breeds-multi-tabs-plus,True,True,False,False,True,True,True,True,223,542,4,,,,,,,,,,,,,,
PDP,H1,Duplicate H1 pattern,https://www.chewy.com/healthy-breeds-multi-tabs-plus/dp/366687,True,Make H1s more specific by page/template.,"Healthy Breeds Multi-Tabs Plus Chewable Tablets Dog Supplement, 365 count","HEALTHY BREEDS Multi-Tabs Plus Chewable Tablets Dog Supplement, 365 count - Chewy.com",85,"Buy Healthy Breeds Multi-Tabs Plus Chewable Tablets Dog Supplement, 365 count at Chewy.com. FREE shipping and the BEST customer service!",136,,"Healthy Breeds Multi-Tabs Plus Chewable Tablets Dog Supplement, 365 count",1,healthy-breeds-multi-tabs-plus,True,True,False,False,True,True,True,True,223,543,4,,,,,,,,,,,,,,
PDP,H1,Duplicate H1 pattern,https://www.chewy.com/healthy-breeds-multi-tabs-plus/dp/366688,True,Make H1s more specific by page/template.,"Healthy Breeds Multi-Tabs Plus Chewable Tablets Dog Supplement, 365 count","HEALTHY BREEDS Multi-Tabs Plus Chewable Tablets Dog Supplement, 365 count - Chewy.com",85,"Buy Healthy Breeds Multi-Tabs Plus Chewable Tablets Dog Supplement, 365 count at Chewy.com. FREE shipping and the BEST customer service!",136,,"Healthy Breeds Multi-Tabs Plus Chewable Tablets Dog Supplement, 365 count",1,healthy-breeds-multi-tabs-plus,True,True,False,False,True,True,True,True,223,543,4,,,,,,,,,,,,,,
PDP,H1,Duplicate H1 pattern,https://www.chewy.com/healthy-breeds-multi-tabs-plus/dp/366689,True,Make H1s more specific by page/template.,"Healthy Breeds Multi-Tabs Plus Chewable Tablets Dog Supplement, 365 count","HEALTHY BREEDS Multi-Tabs Plus Chewable Tablets Dog Supplement, 365 count - Chewy.com",85,"Buy Healthy Breeds Multi-Tabs Plus Chewable Tablets Dog Supplement, 365 count at Chewy.com. FREE shipping and the BEST customer service!",136,,"Healthy Breeds Multi-Tabs Plus Chewable Tablets Dog Supplement, 365 count",1,healthy-breeds-multi-tabs-plus,True,True,False,False,True,True,True,True,223,539,4,,,,,,,,,,,,,,
PDP,H1,Duplicate H1 pattern,https://www.chewy.com/healthy-breeds-multi-tabs-plus/dp/366690,True,Make H1s more specific by page/template.,"Healthy Breeds Multi-Tabs Plus Chewable Tablets Dog Supplement, 365 count","HEALTHY BREEDS Multi-Tabs Plus Chewable Tablets Dog Supplement, 365 count - Chewy.com",85,"Buy Healthy Breeds Multi-Tabs Plus Chewable Tablets Dog Supplement, 365 count at Chewy.com. FREE shipping and the BEST customer service!",136,,"Healthy Breeds Multi-Tabs Plus Chewable Tablets Dog Supplement, 365 count",1,healthy-breeds-multi-tabs-plus,True,True,False,False,True,True,True,True,223,543,4,,,,,,,,,,,,,,
PDP,H1,Duplicate H1 pattern,https://www.chewy.com/healthy-breeds-multi-tabs-plus/dp/366691,True,Make H1s more specific by page/template.,"Healthy Breeds Multi-Tabs Plus Chewable Tablets Dog Supplement, 365 count","HEALTHY BREEDS Multi-Tabs Plus Chewable Tablets Dog Supplement, 365 count - Chewy.com",85,"Buy Healthy Breeds Multi-Tabs Plus Chewable Tablets Dog Supplement, 365 count at Chewy.com. FREE shipping and the BEST customer service!",136,,"Healthy Breeds Multi-Tabs Plus Chewable Tablets Dog Supplement, 365 count",1,healthy-breeds-multi-tabs-plus,True,True,False,False,True,True,True,True,223,542,4,,,,,,,,,,,,,,
PDP,H1,Duplicate H1 pattern,https://www.chewy.com/healthy-breeds-multi-tabs-plus/dp/366692,True,Make H1s more specific by page/template.,"Healthy Breeds Multi-Tabs Plus Chewable Tablets Dog Supplement, 365 count","HEALTHY BREEDS Multi-Tabs Plus Chewable Tablets Dog Supplement, 365 count - Chewy.com",85,"Buy Healthy Breeds Multi-Tabs Plus Chewable Tablets Dog Supplement, 365 count at Chewy.com. FREE shipping and the BEST customer service!",136,,"Healthy Breeds Multi-Tabs Plus Chewable Tablets Dog Supplement, 365 count",1,healthy-breeds-multi-tabs-plus,True,True,False,False,True,True,True,True,223,542,4,,,,,,,,,,,,,,
PDP,H1,Duplicate H1 pattern,https://www.chewy.com/healthy-breeds-multi-tabs-plus/dp/366693,True,Make H1s more specific by page/template.,"Healthy Breeds Multi-Tabs Plus Chewable Tablets Dog Supplement, 365 count","HEALTHY BREEDS Multi-Tabs Plus Chewable Tablets Dog Supplement, 365 count - Chewy.com",85,"Buy Healthy Breeds Multi-Tabs Plus Chewable Tablets Dog Supplement, 365 count at Chewy.com. FREE shipping and the BEST customer service!",136,,"Healthy Breeds Multi-Tabs Plus Chewable Tablets Dog Supplement, 365 count",1,healthy-breeds-multi-tabs-plus,True,True,False,False,True,True,True,True,223,543,4,,,,,,,,,,,,,,
PDP,H1,Duplicate H1 pattern,https://www.chewy.com/healthy-breeds-multi-tabs-plus/dp/366694,True,Make H1s more specific by page/template.,"Healthy Breeds Multi-Tabs Plus Chewable Tablets Dog Supplement, 365 count","HEALTHY BREEDS Multi-Tabs Plus Chewable Tablets Dog Supplement, 365 count - Chewy.com",85,"Buy Healthy Breeds Multi-Tabs Plus Chewable Tablets Dog Supplement, 365 count at Chewy.com. FREE shipping and the BEST customer service!",136,,"Healthy Breeds Multi-Tabs Plus Chewable Tablets Dog Supplement, 365 count",1,healthy-breeds-multi-tabs-plus,True,True,False,False,True,True,True,True,223,542,4,,,,,,,,,,,,,,
PDP,H1,Duplicate H1 pattern,https://www.chewy.com/healthy-breeds-multi-tabs-plus/dp/366695,True,Make H1s more specific by page/template.,"Healthy Breeds Multi-Tabs Plus Chewable Tablets Dog Supplement, 365 count","HEALTHY BREEDS Multi-Tabs Plus Chewable Tablets Dog Supplement, 365 count - Chewy.com",85,"Buy Healthy Breeds Multi-Tabs Plus Chewable Tablets Dog Supplement, 365 count at Chewy.com. FREE shipping and the BEST customer service!",136,,"Healthy Breeds Multi-Tabs Plus Chewable Tablets Dog Supplement, 365 count",1,healthy-breeds-multi-tabs-plus,True,True,False,False,True,True,True,True,223,543,4,,,,,,,,,,,,,,
PDP,H1,Duplicate H1 pattern,https://www.chewy.com/healthy-breeds-multi-tabs-plus/dp/366696,True,Make H1s more specific by page/template.,"Healthy Breeds Multi-Tabs Plus Chewable Tablets Dog Supplement, 365 count","HEALTHY BREEDS Multi-Tabs Plus Chewable Tablets Dog Supplement, 365 count - Chewy.com",85,"Buy Healthy Breeds Multi-Tabs Plus Chewable Tablets Dog Supplement, 365 count at Chewy.com. FREE shipping and the BEST customer service!",136,,"Healthy Breeds Multi-Tabs Plus Chewable Tablets Dog Supplement, 365 count",1,healthy-breeds-multi-tabs-plus,True,True,False,False,True,True,True,True,223,543,4,,,,,,,,,,,,,,
PDP,H1,Duplicate H1 pattern,https://www.chewy.com/healthy-breeds-multi-tabs-plus/dp/366697,True,Make H1s more specific by page/template.,"Healthy Breeds Multi-Tabs Plus Chewable Tablets Dog Supplement, 365 count","HEALTHY BREEDS Multi-Tabs Plus Chewable Tablets Dog Supplement, 365 count - Chewy.com",85,"Buy Healthy Breeds Multi-Tabs Plus Chewable Tablets Dog Supplement, 365 count at Chewy.com. FREE shipping and the BEST customer service!",136,,"Healthy Breeds Multi-Tabs Plus Chewable Tablets Dog Supplement, 365 count",1,healthy-breeds-multi-tabs-plus,True,True,False,False,True,True,True,True,223,542,4,,,,,,,,,,,,,,
PDP,H1,Duplicate H1 pattern,https://www.chewy.com/healthy-breeds-multi-tabs-plus/dp/366698,True,Make H1s more specific by page/template.,"Healthy Breeds Multi-Tabs Plus Chewable Tablets Dog Supplement, 365 count","HEALTHY BREEDS Multi-Tabs Plus Chewable Tablets Dog Supplement, 365 count - Chewy.com",85,"Buy Healthy Breeds Multi-Tabs Plus Chewable Tablets Dog Supplement, 365 count at Chewy.com. FREE shipping and the BEST customer service!",136,,"Healthy Breeds Multi-Tabs Plus Chewable Tablets Dog Supplement, 365 count",1,healthy-breeds-multi-tabs-plus,True,True,False,False,True,True,True,True,223,542,4,,,,,,,,,,,,,,
PDP,H1,Duplicate H1 pattern,https://www.chewy.com/healthy-breeds-multi-tabs-plus/dp/366699,True,Make H1s more specific by page/template.,"Healthy Breeds Multi-Tabs Plus Chewable Tablets Dog Supplement, 365 count","HEALTHY BREEDS Multi-Tabs Plus Chewable Tablets Dog Supplement, 365 count - Chewy.com",85,"Buy Healthy Breeds Multi-Tabs Plus Chewable Tablets Dog Supplement, 365 count at Chewy.com. FREE shipping and the BEST customer service!",136,,"Healthy Breeds Multi-Tabs Plus Chewable Tablets Dog Supplement, 365 count",1,healthy-breeds-multi-tabs-plus,True,True,False,False,True,True,True,True,223,543,4,,,,,,,,,,,,,,
PDP,H1,Duplicate H1 pattern,https://www.chewy.com/healthy-breeds-multi-tabs-plus/dp/366700,True,Make H1s more specific by page/template.,"Healthy Breeds Multi-Tabs Plus Chewable Tablets Dog Supplement, 365 count","HEALTHY BREEDS Multi-Tabs Plus Chewable Tablets Dog Supplement, 365 count - Chewy.com",85,"Buy Healthy Breeds Multi-Tabs Plus Chewable Tablets Dog Supplement, 365 count at Chewy.com. FREE shipping and the BEST customer service!",136,,"Healthy Breeds Multi-Tabs Plus Chewable Tablets Dog Supplement, 365 count",1,healthy-breeds-multi-tabs-plus,True,True,False,False,True,True,True,True,223,541,4,,,,,,,,,,,,,,
PDP,H1,Duplicate H1 pattern,https://www.chewy.com/healthy-breeds-multi-tabs-plus/dp/366701,True,Make H1s more specific by page/template.,"Healthy Breeds Multi-Tabs Plus Chewable Tablets Dog Supplement, 365 count","HEALTHY BREEDS Multi-Tabs Plus Chewable Tablets Dog Supplement, 365 count - Chewy.com",85,"Buy Healthy Breeds Multi-Tabs Plus Chewable Tablets Dog Supplement, 365 count at Chewy.com. FREE shipping and the BEST customer service!",136,,"Healthy Breeds Multi-Tabs Plus Chewable Tablets Dog Supplement, 365 count",1,healthy-breeds-multi-tabs-plus,True,True,False,False,True,True,True,True,223,537,4,,,,,,,,,,,,,,
PDP,H1,Duplicate H1 pattern,https://www.chewy.com/healthy-breeds-multi-tabs-plus/dp/366702,True,Make H1s more specific by page/template.,"Healthy Breeds Multi-Tabs Plus Chewable Tablets Dog Supplement, 365 count","HEALTHY BREEDS Multi-Tabs Plus Chewable Tablets Dog Supplement, 365 count - Chewy.com",85,"Buy Healthy Breeds Multi-Tabs Plus Chewable Tablets Dog Supplement, 365 count at Chewy.com. FREE shipping and the BEST customer service!",136,,"Healthy Breeds Multi-Tabs Plus Chewable Tablets Dog Supplement, 365 count",1,healthy-breeds-multi-tabs-plus,True,True,False,False,True,True,True,True,223,543,4,,,,,,,,,,,,,,1.0
PDP,H1,Duplicate H1 pattern,https://www.chewy.com/healthy-breeds-multi-tabs-plus/dp/366703,True,Make H1s more specific by page/template.,"Healthy Breeds Multi-Tabs Plus Chewable Tablets Dog Supplement, 365 count","HEALTHY BREEDS Multi-Tabs Plus Chewable Tablets Dog Supplement, 365 count - Chewy.com",85,"Buy Healthy Breeds Multi-Tabs Plus Chewable Tablets Dog Supplement, 365 count at Chewy.com. FREE shipping and the BEST customer service!",136,,"Healthy Breeds Multi-Tabs Plus Chewable Tablets Dog Supplement, 365 count",1,healthy-breeds-multi-tabs-plus,True,True,False,False,True,True,True,True,223,538,4,,,,,,,,,,,,,,
PDP,H1,Duplicate H1 pattern,https://www.chewy.com/healthy-breeds-multi-tabs-plus/dp/366704,True,Make H1s more specific by page/template.,"Healthy Breeds Multi-Tabs Plus Chewable Tablets Dog Supplement, 365 count","HEALTHY BREEDS Multi-Tabs Plus Chewable Tablets Dog Supplement, 365 count - Chewy.com",85,"Buy Healthy Breeds Multi-Tabs Plus Chewable Tablets Dog Supplement, 365 count at Chewy.com. FREE shipping and the BEST customer service!",136,,"Healthy Breeds Multi-Tabs Plus Chewable Tablets Dog Supplement, 365 count",1,healthy-breeds-multi-tabs-plus,True,True,False,False,True,True,True,True,223,542,4,,,,,,,,,,,,,,
PDP,H1,Duplicate H1 pattern,https://www.chewy.com/healthy-breeds-multi-tabs-plus/dp/366705,True,Make H1s more specific by page/template.,"Healthy Breeds Multi-Tabs Plus Chewable Tablets Dog Supplement, 365 count","HEALTHY BREEDS Multi-Tabs Plus Chewable Tablets Dog Supplement, 365 count - Chewy.com",85,"Buy Healthy Breeds Multi-Tabs Plus Chewable Tablets Dog Supplement, 365 count at Chewy.com. FREE shipping and the BEST customer service!",136,,"Healthy Breeds Multi-Tabs Plus Chewable Tablets Dog Supplement, 365 count",1,healthy-breeds-multi-tabs-plus,True,True,False,False,True,True,True,True,223,543,4,,,,,,,,,,,,,,
PDP,H1,Duplicate H1 pattern,https://www.chewy.com/healthy-breeds-multi-tabs-plus/dp/366706,True,Make H1s more specific by page/template.,"Healthy Breeds Multi-Tabs Plus Chewable Tablets Dog Supplement, 365 count","HEALTHY BREEDS Multi-Tabs Plus Chewable Tablets Dog Supplement, 365 count - Chewy.com",85,"Buy Healthy Breeds Multi-Tabs Plus Chewable Tablets Dog Supplement, 365 count at Chewy.com. FREE shipping and the BEST customer service!",136,,"Healthy Breeds Multi-Tabs Plus Chewable Tablets Dog Supplement, 365 count",1,healthy-breeds-multi-tabs-plus,True,True,False,False,True,True,True,True,223,543,4,,,,,,,,,,,,,,
PDP,H1,Duplicate H1 pattern,https://www.chewy.com/healthy-breeds-multi-tabs-plus/dp/366707,True,Make H1s more specific by page/template.,"Healthy Breeds Multi-Tabs Plus Chewable Tablets Dog Supplement, 365 count","HEALTHY BREEDS Multi-Tabs Plus Chewable Tablets Dog Supplement, 365 count - Chewy.com",85,"Buy Healthy Breeds Multi-Tabs Plus Chewable Tablets Dog Supplement, 365 count at Chewy.com. FREE shipping and the BEST customer service!",136,,"Healthy Breeds Multi-Tabs Plus Chewable Tablets Dog Supplement, 365 count",1,healthy-breeds-multi-tabs-plus,True,True,False,False,True,True,True,True,223,543,4,,,,,,,,,,,,,,
PDP,H1,Duplicate H1 pattern,https://www.chewy.com/healthy-breeds-multi-tabs-plus/dp/366708,True,Make H1s more specific by page/template.,"Healthy Breeds Multi-Tabs Plus Chewable Tablets Dog Supplement, 365 count","HEALTHY BREEDS Multi-Tabs Plus Chewable Tablets Dog Supplement, 365 count - Chewy.com",85,"Buy Healthy Breeds Multi-Tabs Plus Chewable Tablets Dog Supplement, 365 count at Chewy.com. FREE shipping and the BEST customer service!",136,,"Healthy Breeds Multi-Tabs Plus Chewable Tablets Dog Supplement, 365 count",1,healthy-breeds-multi-tabs-plus,True,True,False,False,True,True,True,True,223,543,4,,,,,,,,,,,,,,
PDP,H1,Duplicate H1 pattern,https://www.chewy.com/healthy-breeds-multi-tabs-plus/dp/366709,True,Make H1s more specific by page/template.,"Healthy Breeds Multi-Tabs Plus Chewable Tablets Dog Supplement, 365 count","HEALTHY BREEDS Multi-Tabs Plus Chewable Tablets Dog Supplement, 365 count - Chewy.com",85,"Buy Healthy Breeds Multi-Tabs Plus Chewable Tablets Dog Supplement, 365 count at Chewy.com. FREE shipping and the BEST customer service!",136,,"Healthy Breeds Multi-Tabs Plus Chewable Tablets Dog Supplement, 365 count",1,healthy-breeds-multi-tabs-plus,True,True,False,False,True,True,True,True,223,543,4,,,,,,,,,,,,,,
PDP,H1,Duplicate H1 pattern,https://www.chewy.com/healthy-breeds-multi-tabs-plus/dp/366710,True,Make H1s more specific by page/template.,"Healthy Breeds Multi-Tabs Plus Chewable Tablets Dog Supplement, 365 count","HEALTHY BREEDS Multi-Tabs Plus Chewable Tablets Dog Supplement, 365 count - Chewy.com",85,"Buy Healthy Breeds Multi-Tabs Plus Chewable Tablets Dog Supplement, 365 count at Chewy.com. FREE shipping and the BEST customer service!",136,,"Healthy Breeds Multi-Tabs Plus Chewable Tablets Dog Supplement, 365 count",1,healthy-breeds-multi-tabs-plus,True,True,False,False,True,True,True,True,223,542,4,,,,,,,,,,,,,,
PDP,H1,Duplicate H1 pattern,https://www.chewy.com/healthy-breeds-multi-tabs-plus/dp/366711,True,Make H1s more specific by page/template.,"Healthy Breeds Multi-Tabs Plus Chewable Tablets Dog Supplement, 365 count","HEALTHY BREEDS Multi-Tabs Plus Chewable Tablets Dog Supplement, 365 count - Chewy.com",85,"Buy Healthy Breeds Multi-Tabs Plus Chewable Tablets Dog Supplement, 365 count at Chewy.com. FREE shipping and the BEST customer service!",136,,"Healthy Breeds Multi-Tabs Plus Chewable Tablets Dog Supplement, 365 count",1,healthy-breeds-multi-tabs-plus,True,True,False,False,True,True,True,True,223,542,4,,,,,,,,,,,,,,
PDP,H1,Duplicate H1 pattern,https://www.chewy.com/healthy-breeds-multi-tabs-plus/dp/366712,True,Make H1s more specific by page/template.,"Healthy Breeds Multi-Tabs Plus Chewable Tablets Dog Supplement, 365 count","HEALTHY BREEDS Multi-Tabs Plus Chewable Tablets Dog Supplement, 365 count - Chewy.com",85,"Buy Healthy Breeds Multi-Tabs Plus Chewable Tablets Dog Supplement, 365 count at Chewy.com. FREE shipping and the BEST customer service!",136,,"Healthy Breeds Multi-Tabs Plus Chewable Tablets Dog Supplement, 365 count",1,healthy-breeds-multi-tabs-plus,True,True,False,False,True,True,True,True,223,543,4,,,,,,,,,,,,,,
PDP,H1,Duplicate H1 pattern,https://www.chewy.com/healthy-breeds-multi-tabs-plus/dp/366713,True,Make H1s more specific by page/template.,"Healthy Breeds Multi-Tabs Plus Chewable Tablets Dog Supplement, 365 count","HEALTHY BREEDS Multi-Tabs Plus Chewable Tablets Dog Supplement, 365 count - Chewy.com",85,"Buy Healthy Breeds Multi-Tabs Plus Chewable Tablets Dog Supplement, 365 count at Chewy.com. FREE shipping and the BEST customer service!",136,,"Healthy Breeds Multi-Tabs Plus Chewable Tablets Dog Supplement, 365 count",1,healthy-breeds-multi-tabs-plus,True,True,False,False,True,True,True,True,223,542,4,,,,,,,,,,,,,,
PDP,H1,Duplicate H1 pattern,https://www.chewy.com/healthy-breeds-multi-tabs-plus/dp/366714,True,Make H1s more specific by page/template.,"Healthy Breeds Multi-Tabs Plus Chewable Tablets Dog Supplement, 365 count","HEALTHY BREEDS Multi-Tabs Plus Chewable Tablets Dog Supplement, 365 count - Chewy.com",85,"Buy Healthy Breeds Multi-Tabs Plus Chewable Tablets Dog Supplement, 365 count at Chewy.com. FREE shipping and the BEST customer service!",136,,"Healthy Breeds Multi-Tabs Plus Chewable Tablets Dog Supplement, 365 count",1,healthy-breeds-multi-tabs-plus,True,True,False,False,True,True,True,True,223,543,4,,,,,,,,,,,,,,
PDP,H1,Duplicate H1 pattern,https://www.chewy.com/healthy-breeds-multi-tabs-plus/dp/366715,True,Make H1s more specific by page/template.,"Healthy Breeds Multi-Tabs Plus Chewable Tablets Dog Supplement, 365 count","HEALTHY BREEDS Multi-Tabs Plus Chewable Tablets Dog Supplement, 365 count - Chewy.com",85,"Buy Healthy Breeds Multi-Tabs Plus Chewable Tablets Dog Supplement, 365 count at Chewy.com. FREE shipping and the BEST customer service!",136,,"Healthy Breeds Multi-Tabs Plus Chewable Tablets Dog Supplement, 365 count",1,healthy-breeds-multi-tabs-plus,True,True,False,False,True,True,True,True,223,542,4,,,,,,,,,,,,,,
PDP,H1,Duplicate H1 pattern,https://www.chewy.com/healthy-breeds-multi-tabs-plus/dp/366716,True,Make H1s more specific by page/template.,"Healthy Breeds Multi-Tabs Plus Chewable Tablets Dog Supplement, 365 count","HEALTHY BREEDS Multi-Tabs Plus Chewable Tablets Dog Supplement, 365 count - Chewy.com",85,"Buy Healthy Breeds Multi-Tabs Plus Chewable Tablets Dog Supplement, 365 count at Chewy.com. FREE shipping and the BEST customer service!",136,,"Healthy Breeds Multi-Tabs Plus Chewable Tablets Dog Supplement, 365 count",1,healthy-breeds-multi-tabs-plus,True,True,False,False,True,True,True,True,223,543,4,,,,,,,,,,,,,,
PDP,H1,Duplicate H1 pattern,https://www.chewy.com/healthy-breeds-multi-tabs-plus/dp/366717,True,Make H1s more specific by page/template.,"Healthy Breeds Multi-Tabs Plus Chewable Tablets Dog Supplement, 365 count","HEALTHY BREEDS Multi-Tabs Plus Chewable Tablets Dog Supplement, 365 count - Chewy.com",85,"Buy Healthy Breeds Multi-Tabs Plus Chewable Tablets Dog Supplement, 365 count at Chewy.com. FREE shipping and the BEST customer service!",136,,"Healthy Breeds Multi-Tabs Plus Chewable Tablets Dog Supplement, 365 count",1,healthy-breeds-multi-tabs-plus,True,True,False,False,True,True,True,True,223,543,4,,,,,,,,,,,,,,
PDP,H1,Duplicate H1 pattern,https://www.chewy.com/healthy-breeds-multi-tabs-plus/dp/366718,True,Make H1s more specific by page/template.,"Healthy Breeds Multi-Tabs Plus Chewable Tablets Dog Supplement, 365 count","HEALTHY BREEDS Multi-Tabs Plus Chewable Tablets Dog Supplement, 365 count - Chewy.com",85,"Buy Healthy Breeds Multi-Tabs Plus Chewable Tablets Dog Supplement, 365 count at Chewy.com. FREE shipping and the BEST customer service!",136,,"Healthy Breeds Multi-Tabs Plus Chewable Tablets Dog Supplement, 365 count",1,healthy-breeds-multi-tabs-plus,True,True,False,False,True,True,True,True,225,542,4,,,,,,,,,,,,,,
PDP,H1,Duplicate H1 pattern,https://www.chewy.com/healthy-breeds-multi-tabs-plus/dp/366719,True,Make H1s more specific by page/template.,"Healthy Breeds Multi-Tabs Plus Chewable Tablets Dog Supplement, 365 count","HEALTHY BREEDS Multi-Tabs Plus Chewable Tablets Dog Supplement, 365 count - Chewy.com",85,"Buy Healthy Breeds Multi-Tabs Plus Chewable Tablets Dog Supplement, 365 count at Chewy.com. FREE shipping and the BEST customer service!",136,,"Healthy Breeds Multi-Tabs Plus Chewable Tablets Dog Supplement, 365 count",1,healthy-breeds-multi-tabs-plus,True,True,False,False,True,True,True,True,223,542,4,,,,,,,,,,,,,,
PDP,H1,Duplicate H1 pattern,https://www.chewy.com/healthy-breeds-multi-tabs-plus/dp/366720,True,Make H1s more specific by page/template.,"Healthy Breeds Multi-Tabs Plus Chewable Tablets Dog Supplement, 365 count","HEALTHY BREEDS Multi-Tabs Plus Chewable Tablets Dog Supplement, 365 count - Chewy.com",85,"Buy Healthy Breeds Multi-Tabs Plus Chewable Tablets Dog Supplement, 365 count at Chewy.com. FREE shipping and the BEST customer service!",136,,"Healthy Breeds Multi-Tabs Plus Chewable Tablets Dog Supplement, 365 count",1,healthy-breeds-multi-tabs-plus,True,True,False,False,True,True,True,True,223,542,4,,,,,,,,,,,,,,
PDP,H1,Duplicate H1 pattern,https://www.chewy.com/healthy-breeds-multi-tabs-plus/dp/366721,True,Make H1s more specific by page/template.,"Healthy Breeds Multi-Tabs Plus Chewable Tablets Dog Supplement, 365 count","HEALTHY BREEDS Multi-Tabs Plus Chewable Tablets Dog Supplement, 365 count - Chewy.com",85,"Buy Healthy Breeds Multi-Tabs Plus Chewable Tablets Dog Supplement, 365 count at Chewy.com. FREE shipping and the BEST customer service!",136,,"Healthy Breeds Multi-Tabs Plus Chewable Tablets Dog Supplement, 365 count",1,healthy-breeds-multi-tabs-plus,True,True,False,False,True,True,True,True,223,543,4,,,,,,,,,,,,,,
PDP,H1,Duplicate H1 pattern,https://www.chewy.com/healthy-breeds-multi-tabs-plus/dp/366722,True,Make H1s more specific by page/template.,"Healthy Breeds Multi-Tabs Plus Chewable Tablets Dog Supplement, 365 count","HEALTHY BREEDS Multi-Tabs Plus Chewable Tablets Dog Supplement, 365 count - Chewy.com",85,"Buy Healthy Breeds Multi-Tabs Plus Chewable Tablets Dog Supplement, 365 count at Chewy.com. FREE shipping and the BEST customer service!",136,,"Healthy Breeds Multi-Tabs Plus Chewable Tablets Dog Supplement, 365 count",1,healthy-breeds-multi-tabs-plus,True,True,False,False,True,True,True,True,223,542,4,,,,,,,,,,,,,,
PDP,H1,Duplicate H1 pattern,https://www.chewy.com/healthy-breeds-multi-tabs-plus/dp/366723,True,Make H1s more specific by page/template.,"Healthy Breeds Multi-Tabs Plus Chewable Tablets Dog Supplement, 365 count","HEALTHY BREEDS Multi-Tabs Plus Chewable Tablets Dog Supplement, 365 count - Chewy.com",85,"Buy Healthy Breeds Multi-Tabs Plus Chewable Tablets Dog Supplement, 365 count at Chewy.com. FREE shipping and the BEST customer service!",136,,"Healthy Breeds Multi-Tabs Plus Chewable Tablets Dog Supplement, 365 count",1,healthy-breeds-multi-tabs-plus,True,True,False,False,True,True,True,True,223,537,4,,,,,,,,,,,,,,
PDP,H1,Duplicate H1 pattern,https://www.chewy.com/healthy-breeds-multi-tabs-plus/dp/366724,True,Make H1s more specific by page/template.,"Healthy Breeds Multi-Tabs Plus Chewable Tablets Dog Supplement, 365 count","HEALTHY BREEDS Multi-Tabs Plus Chewable Tablets Dog Supplement, 365 count - Chewy.com",85,"Buy Healthy Breeds Multi-Tabs Plus Chewable Tablets Dog Supplement, 365 count at Chewy.com. FREE shipping and the BEST customer service!",136,,"Healthy Breeds Multi-Tabs Plus Chewable Tablets Dog Supplement, 365 count",1,healthy-breeds-multi-tabs-plus,True,True,False,False,True,True,True,True,223,542,4,,,,,,,,,,,,,,
PDP,H1,Duplicate H1 pattern,https://www.chewy.com/healthy-breeds-multi-tabs-plus/dp/366725,True,Make H1s more specific by page/template.,"Healthy Breeds Multi-Tabs Plus Chewable Tablets Dog Supplement, 365 count","HEALTHY BREEDS Multi-Tabs Plus Chewable Tablets Dog Supplement, 365 count - Chewy.com",85,"Buy Healthy Breeds Multi-Tabs Plus Chewable Tablets Dog Supplement, 365 count at Chewy.com. FREE shipping and the BEST customer service!",136,,"Healthy Breeds Multi-Tabs Plus Chewable Tablets Dog Supplement, 365 count",1,healthy-breeds-multi-tabs-plus,True,True,False,False,True,True,True,True,223,543,4,,,,,,,,,,,,,,
PDP,H1,Duplicate H1 pattern,https://www.chewy.com/healthy-breeds-multi-tabs-plus/dp/366726,True,Make H1s more specific by page/template.,"Healthy Breeds Multi-Tabs Plus Chewable Tablets Dog Supplement, 365 count","HEALTHY BREEDS Multi-Tabs Plus Chewable Tablets Dog Supplement, 365 count - Chewy.com",85,"Buy Healthy Breeds Multi-Tabs Plus Chewable Tablets Dog Supplement, 365 count at Chewy.com. FREE shipping and the BEST customer service!",136,,"Healthy Breeds Multi-Tabs Plus Chewable Tablets Dog Supplement, 365 count",1,healthy-breeds-multi-tabs-plus,True,True,False,False,True,True,True,True,223,543,4,,,,,,,,,,,,,,
PDP,H1,Duplicate H1 pattern,https://www.chewy.com/healthy-breeds-multi-tabs-plus/dp/366727,True,Make H1s more specific by page/template.,"Healthy Breeds Multi-Tabs Plus Chewable Tablets Dog Supplement, 365 count","HEALTHY BREEDS Multi-Tabs Plus Chewable Tablets Dog Supplement, 365 count - Chewy.com",85,"Buy Healthy Breeds Multi-Tabs Plus Chewable Tablets Dog Supplement, 365 count at Chewy.com. FREE shipping and the BEST customer service!",136,,"Healthy Breeds Multi-Tabs Plus Chewable Tablets Dog Supplement, 365 count",1,healthy-breeds-multi-tabs-plus,True,True,False,False,True,True,True,True,223,543,4,,,,,,,,,,,,,,
PDP,H1,Duplicate H1 pattern,https://www.chewy.com/healthy-breeds-multi-tabs-plus/dp/366728,True,Make H1s more specific by page/template.,"Healthy Breeds Multi-Tabs Plus Chewable Tablets Dog Supplement, 365 count","HEALTHY BREEDS Multi-Tabs Plus Chewable Tablets Dog Supplement, 365 count - Chewy.com",85,"Buy Healthy Breeds Multi-Tabs Plus Chewable Tablets Dog Supplement, 365 count at Chewy.com. FREE shipping and the BEST customer service!",136,,"Healthy Breeds Multi-Tabs Plus Chewable Tablets Dog Supplement, 365 count",1,healthy-breeds-multi-tabs-plus,True,True,False,False,True,True,True,True,223,543,4,,,,,,,,,,,,,,1.0
PDP,H1,Duplicate H1 pattern,https://www.chewy.com/healthy-breeds-multi-tabs-plus/dp/366729,True,Make H1s more specific by page/template.,"Healthy Breeds Multi-Tabs Plus Chewable Tablets Dog Supplement, 365 count","HEALTHY BREEDS Multi-Tabs Plus Chewable Tablets Dog Supplement, 365 count - Chewy.com",85,"Buy Healthy Breeds Multi-Tabs Plus Chewable Tablets Dog Supplement, 365 count at Chewy.com. FREE shipping and the BEST customer service!",136,,"Healthy Breeds Multi-Tabs Plus Chewable Tablets Dog Supplement, 365 count",1,healthy-breeds-multi-tabs-plus,True,True,False,False,True,True,True,True,223,542,4,,,,,,,,,,,,,,
PDP,H1,Duplicate H1 pattern,https://www.chewy.com/healthy-breeds-multi-tabs-plus/dp/366730,True,Make H1s more specific by page/template.,"Healthy Breeds Multi-Tabs Plus Chewable Tablets Dog Supplement, 365 count","HEALTHY BREEDS Multi-Tabs Plus Chewable Tablets Dog Supplement, 365 count - Chewy.com",85,"Buy Healthy Breeds Multi-Tabs Plus Chewable Tablets Dog Supplement, 365 count at Chewy.com. FREE shipping and the BEST customer service!",136,,"Healthy Breeds Multi-Tabs Plus Chewable Tablets Dog Supplement, 365 count",1,healthy-breeds-multi-tabs-plus,True,True,False,False,True,True,True,True,223,542,4,,,,,,,,,,,,,,
PDP,H1,Duplicate H1 pattern,https://www.chewy.com/healthy-breeds-multi-tabs-plus/dp/366731,True,Make H1s more specific by page/template.,"Healthy Breeds Multi-Tabs Plus Chewable Tablets Dog Supplement, 365 count","HEALTHY BREEDS Multi-Tabs Plus Chewable Tablets Dog Supplement, 365 count - Chewy.com",85,"Buy Healthy Breeds Multi-Tabs Plus Chewable Tablets Dog Supplement, 365 count at Chewy.com. FREE shipping and the BEST customer service!",136,,"Healthy Breeds Multi-Tabs Plus Chewable Tablets Dog Supplement, 365 count",1,healthy-breeds-multi-tabs-plus,True,True,False,False,True,True,True,True,223,543,4,,,,,,,,,,,,,,
PDP,H1,Duplicate H1 pattern,https://www.chewy.com/healthy-breeds-multi-tabs-plus/dp/366732,True,Make H1s more specific by page/template.,"Healthy Breeds Multi-Tabs Plus Chewable Tablets Dog Supplement, 365 count","HEALTHY BREEDS Multi-Tabs Plus Chewable Tablets Dog Supplement, 365 count - Chewy.com",85,"Buy Healthy Breeds Multi-Tabs Plus Chewable Tablets Dog Supplement, 365 count at Chewy.com. FREE shipping and the BEST customer service!",136,,"Healthy Breeds Multi-Tabs Plus Chewable Tablets Dog Supplement, 365 count",1,healthy-breeds-multi-tabs-plus,True,True,False,False,True,True,True,True,223,543,4,,,,,,,,,,,,,,
PDP,H1,Duplicate H1 pattern,https://www.chewy.com/healthy-breeds-multi-tabs-plus/dp/366733,True,Make H1s more specific by page/template.,"Healthy Breeds Multi-Tabs Plus Chewable Tablets Dog Supplement, 365 count","HEALTHY BREEDS Multi-Tabs Plus Chewable Tablets Dog Supplement, 365 count - Chewy.com",85,"Buy Healthy Breeds Multi-Tabs Plus Chewable Tablets Dog Supplement, 365 count at Chewy.com. FREE shipping and the BEST customer service!",136,,"Healthy Breeds Multi-Tabs Plus Chewable Tablets Dog Supplement, 365 count",1,healthy-breeds-multi-tabs-plus,True,True,False,False,True,True,True,True,226,536,4,,,,,,,,,,,,,,
PDP,H1,Duplicate H1 pattern,https://www.chewy.com/healthy-breeds-multi-tabs-plus/dp/366734,True,Make H1s more specific by page/template.,"Healthy Breeds Multi-Tabs Plus Chewable Tablets Dog Supplement, 365 count","HEALTHY BREEDS Multi-Tabs Plus Chewable Tablets Dog Supplement, 365 count - Chewy.com",85,"Buy Healthy Breeds Multi-Tabs Plus Chewable Tablets Dog Supplement, 365 count at Chewy.com. FREE shipping and the BEST customer service!",136,,"Healthy Breeds Multi-Tabs Plus Chewable Tablets Dog Supplement, 365 count",1,healthy-breeds-multi-tabs-plus,True,True,False,False,True,True,True,True,223,542,4,,,,,,,,,,,,,,
PDP,H1,Duplicate H1 pattern,https://www.chewy.com/healthy-breeds-multi-tabs-plus/dp/366735,True,Make H1s more specific by page/template.,"Healthy Breeds Multi-Tabs Plus Chewable Tablets Dog Supplement, 365 count","HEALTHY BREEDS Multi-Tabs Plus Chewable Tablets Dog Supplement, 365 count - Chewy.com",85,"Buy Healthy Breeds Multi-Tabs Plus Chewable Tablets Dog Supplement, 365 count at Chewy.com. FREE shipping and the BEST customer service!",136,,"Healthy Breeds Multi-Tabs Plus Chewable Tablets Dog Supplement, 365 count",1,healthy-breeds-multi-tabs-plus,True,True,False,False,True,True,True,True,223,542,4,,,,,,,,,,,,,,
PDP,H1,Duplicate H1 pattern,https://www.chewy.com/healthy-breeds-multi-tabs-plus/dp/366736,True,Make H1s more specific by page/template.,"Healthy Breeds Multi-Tabs Plus Chewable Tablets Dog Supplement, 365 count","HEALTHY BREEDS Multi-Tabs Plus Chewable Tablets Dog Supplement, 365 count - Chewy.com",85,"Buy Healthy Breeds Multi-Tabs Plus Chewable Tablets Dog Supplement, 365 count at Chewy.com. FREE shipping and the BEST customer service!",136,,"Healthy Breeds Multi-Tabs Plus Chewable Tablets Dog Supplement, 365 count",1,healthy-breeds-multi-tabs-plus,True,True,False,False,True,True,True,True,223,542,4,,,,,,,,,,,,,,
PDP,H1,Duplicate H1 pattern,https://www.chewy.com/healthy-breeds-multi-tabs-plus/dp/366737,True,Make H1s more specific by page/template.,"Healthy Breeds Multi-Tabs Plus Chewable Tablets Dog Supplement, 365 count","HEALTHY BREEDS Multi-Tabs Plus Chewable Tablets Dog Supplement, 365 count - Chewy.com",85,"Buy Healthy Breeds Multi-Tabs Plus Chewable Tablets Dog Supplement, 365 count at Chewy.com. FREE shipping and the BEST customer service!",136,,"Healthy Breeds Multi-Tabs Plus Chewable Tablets Dog Supplement, 365 count",1,healthy-breeds-multi-tabs-plus,True,True,False,False,True,True,True,True,223,543,4,,,,,,,,,,,,,,
PDP,H1,Duplicate H1 pattern,https://www.chewy.com/healthy-breeds-multi-tabs-plus/dp/366738,True,Make H1s more specific by page/template.,"Healthy Breeds Multi-Tabs Plus Chewable Tablets Dog Supplement, 365 count","HEALTHY BREEDS Multi-Tabs Plus Chewable Tablets Dog Supplement, 365 count - Chewy.com",85,"Buy Healthy Breeds Multi-Tabs Plus Chewable Tablets Dog Supplement, 365 count at Chewy.com. FREE shipping and the BEST customer service!",136,,"Healthy Breeds Multi-Tabs Plus Chewable Tablets Dog Supplement, 365 count",1,healthy-breeds-multi-tabs-plus,True,True,False,False,True,True,True,True,223,542,4,,,,,,,,,,,,,,
PDP,H1,Duplicate H1 pattern,https://www.chewy.com/healthy-breeds-multi-tabs-plus/dp/366739,True,Make H1s more specific by page/template.,"Healthy Breeds Multi-Tabs Plus Chewable Tablets Dog Supplement, 365 count","HEALTHY BREEDS Multi-Tabs Plus Chewable Tablets Dog Supplement, 365 count - Chewy.com",85,"Buy Healthy Breeds Multi-Tabs Plus Chewable Tablets Dog Supplement, 365 count at Chewy.com. FREE shipping and the BEST customer service!",136,,"Healthy Breeds Multi-Tabs Plus Chewable Tablets Dog Supplement, 365 count",1,healthy-breeds-multi-tabs-plus,True,True,False,False,True,True,True,True,223,543,4,,,,,,,,,,,,,,
PDP,H1,Duplicate H1 pattern,https://www.chewy.com/healthy-breeds-multi-tabs-plus/dp/366740,True,Make H1s more specific by page/template.,"Healthy Breeds Multi-Tabs Plus Chewable Tablets Dog Supplement, 365 count","HEALTHY BREEDS Multi-Tabs Plus Chewable Tablets Dog Supplement, 365 count - Chewy.com",85,"Buy Healthy Breeds Multi-Tabs Plus Chewable Tablets Dog Supplement, 365 count at Chewy.com. FREE shipping and the BEST customer service!",136,,"Healthy Breeds Multi-Tabs Plus Chewable Tablets Dog Supplement, 365 count",1,healthy-breeds-multi-tabs-plus,True,True,False,False,True,True,True,True,223,541,4,,,,,,,,,,,,,,
PDP,H1,Duplicate H1 pattern,https://www.chewy.com/healthy-breeds-multi-tabs-plus/dp/366741,True,Make H1s more specific by page/template.,"Healthy Breeds Multi-Tabs Plus Chewable Tablets Dog Supplement, 365 count","HEALTHY BREEDS Multi-Tabs Plus Chewable Tablets Dog Supplement, 365 count - Chewy.com",85,"Buy Healthy Breeds Multi-Tabs Plus Chewable Tablets Dog Supplement, 365 count at Chewy.com. FREE shipping and the BEST customer service!",136,,"Healthy Breeds Multi-Tabs Plus Chewable Tablets Dog Supplement, 365 count",1,healthy-breeds-multi-tabs-plus,True,True,False,False,True,True,True,True,223,542,4,,,,,,,,,,,,,,
PDP,H1,Duplicate H1 pattern,https://www.chewy.com/healthy-breeds-multi-tabs-plus/dp/366742,True,Make H1s more specific by page/template.,"Healthy Breeds Multi-Tabs Plus Chewable Tablets Dog Supplement, 365 count","HEALTHY BREEDS Multi-Tabs Plus Chewable Tablets Dog Supplement, 365 count - Chewy.com",85,"Buy Healthy Breeds Multi-Tabs Plus Chewable Tablets Dog Supplement, 365 count at Chewy.com. FREE shipping and the BEST customer service!",136,,"Healthy Breeds Multi-Tabs Plus Chewable Tablets Dog Supplement, 365 count",1,healthy-breeds-multi-tabs-plus,True,True,False,False,True,True,True,True,223,542,4,,,,,,,,,,,,,,
PDP,H1,Duplicate H1 pattern,https://www.chewy.com/healthy-breeds-multi-tabs-plus/dp/366743,True,Make H1s more specific by page/template.,"Healthy Breeds Multi-Tabs Plus Chewable Tablets Dog Supplement, 365 count","HEALTHY BREEDS Multi-Tabs Plus Chewable Tablets Dog Supplement, 365 count - Chewy.com",85,"Buy Healthy Breeds Multi-Tabs Plus Chewable Tablets Dog Supplement, 365 count at Chewy.com. FREE shipping and the BEST customer service!",136,,"Healthy Breeds Multi-Tabs Plus Chewable Tablets Dog Supplement, 365 count",1,healthy-breeds-multi-tabs-plus,True,True,False,False,True,True,True,True,223,543,4,,,,,,,,,,,,,,
PDP,H1,Duplicate H1 pattern,https://www.chewy.com/healthy-breeds-multi-tabs-plus/dp/366744,True,Make H1s more specific by page/template.,"Healthy Breeds Multi-Tabs Plus Chewable Tablets Dog Supplement, 365 count","HEALTHY BREEDS Multi-Tabs Plus Chewable Tablets Dog Supplement, 365 count - Chewy.com",85,"Buy Healthy Breeds Multi-Tabs Plus Chewable Tablets Dog Supplement, 365 count at Chewy.com. FREE shipping and the BEST customer service!",136,,"Healthy Breeds Multi-Tabs Plus Chewable Tablets Dog Supplement, 365 count",1,healthy-breeds-multi-tabs-plus,True,True,False,False,True,True,True,True,223,542,4,,,,,,,,,,,,,,
PDP,H1,Duplicate H1 pattern,https://www.chewy.com/healthy-breeds-multi-tabs-plus/dp/366745,True,Make H1s more specific by page/template.,"Healthy Breeds Multi-Tabs Plus Chewable Tablets Dog Supplement, 365 count","HEALTHY BREEDS Multi-Tabs Plus Chewable Tablets Dog Supplement, 365 count - Chewy.com",85,"Buy Healthy Breeds Multi-Tabs Plus Chewable Tablets Dog Supplement, 365 count at Chewy.com. FREE shipping and the BEST customer service!",136,,"Healthy Breeds Multi-Tabs Plus Chewable Tablets Dog Supplement, 365 count",1,healthy-breeds-multi-tabs-plus,True,True,False,False,True,True,True,True,223,543,4,,,,,,,,,,,,,,
PDP,H1,Duplicate H1 pattern,https://www.chewy.com/healthy-breeds-multi-tabs-plus/dp/366746,True,Make H1s more specific by page/template.,"Healthy Breeds Multi-Tabs Plus Chewable Tablets Dog Supplement, 365 count","HEALTHY BREEDS Multi-Tabs Plus Chewable Tablets Dog Supplement, 365 count - Chewy.com",85,"Buy Healthy Breeds Multi-Tabs Plus Chewable Tablets Dog Supplement, 365 count at Chewy.com. FREE shipping and the BEST customer service!",136,,"Healthy Breeds Multi-Tabs Plus Chewable Tablets Dog Supplement, 365 count",1,healthy-breeds-multi-tabs-plus,True,True,False,False,True,True,True,True,223,542,4,,,,,,,,,,,,,,
PDP,H1,Duplicate H1 pattern,https://www.chewy.com/healthy-breeds-multi-tabs-plus/dp/366747,True,Make H1s more specific by page/template.,"Healthy Breeds Multi-Tabs Plus Chewable Tablets Dog Supplement, 365 count","HEALTHY BREEDS Multi-Tabs Plus Chewable Tablets Dog Supplement, 365 count - Chewy.com",85,"Buy Healthy Breeds Multi-Tabs Plus Chewable Tablets Dog Supplement, 365 count at Chewy.com. FREE shipping and the BEST customer service!",136,,"Healthy Breeds Multi-Tabs Plus Chewable Tablets Dog Supplement, 365 count",1,healthy-breeds-multi-tabs-plus,True,True,False,False,True,True,True,True,223,543,4,,,,,,,,,,,,,,
PDP,H1,Duplicate H1 pattern,https://www.chewy.com/healthy-breeds-multi-tabs-plus/dp/366748,True,Make H1s more specific by page/template.,"Healthy Breeds Multi-Tabs Plus Chewable Tablets Dog Supplement, 365 count","HEALTHY BREEDS Multi-Tabs Plus Chewable Tablets Dog Supplement, 365 count - Chewy.com",85,"Buy Healthy Breeds Multi-Tabs Plus Chewable Tablets Dog Supplement, 365 count at Chewy.com. FREE shipping and the BEST customer service!",136,,"Healthy Breeds Multi-Tabs Plus Chewable Tablets Dog Supplement, 365 count",1,healthy-breeds-multi-tabs-plus,True,True,False,False,True,True,True,True,223,543,4,,,,,,,,,,,,,,
PDP,H1,Duplicate H1 pattern,https://www.chewy.com/healthy-breeds-multi-tabs-plus/dp/366749,True,Make H1s more specific by page/template.,"Healthy Breeds Multi-Tabs Plus Chewable Tablets Dog Supplement, 365 count","HEALTHY BREEDS Multi-Tabs Plus Chewable Tablets Dog Supplement, 365 count - Chewy.com",85,"Buy Healthy Breeds Multi-Tabs Plus Chewable Tablets Dog Supplement, 365 count at Chewy.com. FREE shipping and the BEST customer service!",136,,"Healthy Breeds Multi-Tabs Plus Chewable Tablets Dog Supplement, 365 count",1,healthy-breeds-multi-tabs-plus,True,True,False,False,True,True,True,True,223,542,4,,,,,,,,,,,,,,
PDP,H1,Duplicate H1 pattern,https://www.chewy.com/healthy-breeds-multi-tabs-plus/dp/366750,True,Make H1s more specific by page/template.,"Healthy Breeds Multi-Tabs Plus Chewable Tablets Dog Supplement, 365 count","HEALTHY BREEDS Multi-Tabs Plus Chewable Tablets Dog Supplement, 365 count - Chewy.com",85,"Buy Healthy Breeds Multi-Tabs Plus Chewable Tablets Dog Supplement, 365 count at Chewy.com. FREE shipping and the BEST customer service!",136,,"Healthy Breeds Multi-Tabs Plus Chewable Tablets Dog Supplement, 365 count",1,healthy-breeds-multi-tabs-plus,True,True,False,False,True,True,True,True,223,537,4,,,,,,,,,,,,,,
PDP,H1,Duplicate H1 pattern,https://www.chewy.com/healthy-breeds-multi-tabs-plus/dp/366751,True,Make H1s more specific by page/template.,"Healthy Breeds Multi-Tabs Plus Chewable Tablets Dog Supplement, 365 count","HEALTHY BREEDS Multi-Tabs Plus Chewable Tablets Dog Supplement, 365 count - Chewy.com",85,"Buy Healthy Breeds Multi-Tabs Plus Chewable Tablets Dog Supplement, 365 count at Chewy.com. FREE shipping and the BEST customer service!",136,,"Healthy Breeds Multi-Tabs Plus Chewable Tablets Dog Supplement, 365 count",1,healthy-breeds-multi-tabs-plus,True,True,False,False,True,True,True,True,223,539,4,,,,,,,,,,,,,,
PDP,H1,Duplicate H1 pattern,https://www.chewy.com/healthy-breeds-multi-tabs-plus/dp/366752,True,Make H1s more specific by page/template.,"Healthy Breeds Multi-Tabs Plus Chewable Tablets Dog Supplement, 365 count","HEALTHY BREEDS Multi-Tabs Plus Chewable Tablets Dog Supplement, 365 count - Chewy.com",85,"Buy Healthy Breeds Multi-Tabs Plus Chewable Tablets Dog Supplement, 365 count at Chewy.com. FREE shipping and the BEST customer service!",136,,"Healthy Breeds Multi-Tabs Plus Chewable Tablets Dog Supplement, 365 count",1,healthy-breeds-multi-tabs-plus,True,True,False,False,True,True,True,True,223,542,4,,,,,,,,,,,,,,
PDP,H1,Duplicate H1 pattern,https://www.chewy.com/healthy-breeds-multi-tabs-plus/dp/366753,True,Make H1s more specific by page/template.,"Healthy Breeds Multi-Tabs Plus Chewable Tablets Dog Supplement, 365 count","HEALTHY BREEDS Multi-Tabs Plus Chewable Tablets Dog Supplement, 365 count - Chewy.com",85,"Buy Healthy Breeds Multi-Tabs Plus Chewable Tablets Dog Supplement, 365 count at Chewy.com. FREE shipping and the BEST customer service!",136,,"Healthy Breeds Multi-Tabs Plus Chewable Tablets Dog Supplement, 365 count",1,healthy-breeds-multi-tabs-plus,True,True,False,False,True,True,True,True,223,543,4,,,,,,,,,,,,,,
PDP,H1,Duplicate H1 pattern,https://www.chewy.com/healthy-breeds-multi-tabs-plus/dp/366754,True,Make H1s more specific by page/template.,"Healthy Breeds Multi-Tabs Plus Chewable Tablets Dog Supplement, 365 count","HEALTHY BREEDS Multi-Tabs Plus Chewable Tablets Dog Supplement, 365 count - Chewy.com",85,"Buy Healthy Breeds Multi-Tabs Plus Chewable Tablets Dog Supplement, 365 count at Chewy.com. FREE shipping and the BEST customer service!",136,,"Healthy Breeds Multi-Tabs Plus Chewable Tablets Dog Supplement, 365 count",1,healthy-breeds-multi-tabs-plus,True,True,False,False,True,True,True,True,223,543,4,,,,,,,,,,,,,,1.0
PDP,H1,Duplicate H1 pattern,https://www.chewy.com/healthy-breeds-multi-tabs-plus/dp/366755,True,Make H1s more specific by page/template.,"Healthy Breeds Multi-Tabs Plus Chewable Tablets Dog Supplement, 365 count","HEALTHY BREEDS Multi-Tabs Plus Chewable Tablets Dog Supplement, 365 count - Chewy.com",85,"Buy Healthy Breeds Multi-Tabs Plus Chewable Tablets Dog Supplement, 365 count at Chewy.com. FREE shipping and the BEST customer service!",136,,"Healthy Breeds Multi-Tabs Plus Chewable Tablets Dog Supplement, 365 count",1,healthy-breeds-multi-tabs-plus,True,True,False,False,True,True,True,True,223,543,4,,,,,,,,,,,,,,
PDP,H1,Duplicate H1 pattern,https://www.chewy.com/healthy-breeds-multi-tabs-plus/dp/366756,True,Make H1s more specific by page/template.,"Healthy Breeds Multi-Tabs Plus Chewable Tablets Dog Supplement, 365 count","HEALTHY BREEDS Multi-Tabs Plus Chewable Tablets Dog Supplement, 365 count - Chewy.com",85,"Buy Healthy Breeds Multi-Tabs Plus Chewable Tablets Dog Supplement, 365 count at Chewy.com. FREE shipping and the BEST customer service!",136,,"Healthy Breeds Multi-Tabs Plus Chewable Tablets Dog Supplement, 365 count",1,healthy-breeds-multi-tabs-plus,True,True,False,False,True,True,True,True,223,542,4,,,,,,,,,,,,,,
PDP,H1,Duplicate H1 pattern,https://www.chewy.com/healthy-breeds-multi-tabs-plus/dp/366757,True,Make H1s more specific by page/template.,"Healthy Breeds Multi-Tabs Plus Chewable Tablets Dog Supplement, 365 count","HEALTHY BREEDS Multi-Tabs Plus Chewable Tablets Dog Supplement, 365 count - Chewy.com",85,"Buy Healthy Breeds Multi-Tabs Plus Chewable Tablets Dog Supplement, 365 count at Chewy.com. FREE shipping and the BEST customer service!",136,,"Healthy Breeds Multi-Tabs Plus Chewable Tablets Dog Supplement, 365 count",1,healthy-breeds-multi-tabs-plus,True,True,False,False,True,True,True,True,223,543,4,,,,,,,,,,,,,,
PDP,H1,Duplicate H1 pattern,https://www.chewy.com/healthy-breeds-multi-tabs-plus/dp/366758,True,Make H1s more specific by page/template.,"Healthy Breeds Multi-Tabs Plus Chewable Tablets Dog Supplement, 365 count","HEALTHY BREEDS Multi-Tabs Plus Chewable Tablets Dog Supplement, 365 count - Chewy.com",85,"Buy Healthy Breeds Multi-Tabs Plus Chewable Tablets Dog Supplement, 365 count at Chewy.com. FREE shipping and the BEST customer service!",136,,"Healthy Breeds Multi-Tabs Plus Chewable Tablets Dog Supplement, 365 count",1,healthy-breeds-multi-tabs-plus,True,True,False,False,True,True,True,True,223,543,4,,,,,,,,,,,,,,
PDP,H1,Duplicate H1 pattern,https://www.chewy.com/healthy-breeds-multi-tabs-plus/dp/366759,True,Make H1s more specific by page/template.,"Healthy Breeds Multi-Tabs Plus Chewable Tablets Dog Supplement, 365 count","HEALTHY BREEDS Multi-Tabs Plus Chewable Tablets Dog Supplement, 365 count - Chewy.com",85,"Buy Healthy Breeds Multi-Tabs Plus Chewable Tablets Dog Supplement, 365 count at Chewy.com. FREE shipping and the BEST customer service!",136,,"Healthy Breeds Multi-Tabs Plus Chewable Tablets Dog Supplement, 365 count",1,healthy-breeds-multi-tabs-plus,True,True,False,False,True,True,True,True,223,543,4,,,,,,,,,,,,,,
PDP,H1,Duplicate H1 pattern,https://www.chewy.com/healthy-breeds-multi-tabs-plus/dp/366760,True,Make H1s more specific by page/template.,"Healthy Breeds Multi-Tabs Plus Chewable Tablets Dog Supplement, 365 count","HEALTHY BREEDS Multi-Tabs Plus Chewable Tablets Dog Supplement, 365 count - Chewy.com",85,"Buy Healthy Breeds Multi-Tabs Plus Chewable Tablets Dog Supplement, 365 count at Chewy.com. FREE shipping and the BEST customer service!",136,,"Healthy Breeds Multi-Tabs Plus Chewable Tablets Dog Supplement, 365 count",1,healthy-breeds-multi-tabs-plus,True,True,False,False,True,True,True,True,223,542,4,,,,,,,,,,,,,,
PDP,H1,Duplicate H1 pattern,https://www.chewy.com/healthy-breeds-multi-tabs-plus/dp/366761,True,Make H1s more specific by page/template.,"Healthy Breeds Multi-Tabs Plus Chewable Tablets Dog Supplement, 365 count","HEALTHY BREEDS Multi-Tabs Plus Chewable Tablets Dog Supplement, 365 count - Chewy.com",85,"Buy Healthy Breeds Multi-Tabs Plus Chewable Tablets Dog Supplement, 365 count at Chewy.com. FREE shipping and the BEST customer service!",136,,"Healthy Breeds Multi-Tabs Plus Chewable Tablets Dog Supplement, 365 count",1,healthy-breeds-multi-tabs-plus,True,True,False,False,True,True,True,True,223,543,4,,,,,,,,,,,,,,
PDP,H1,Duplicate H1 pattern,https://www.chewy.com/healthy-breeds-multi-tabs-plus/dp/366762,True,Make H1s more specific by page/template.,"Healthy Breeds Multi-Tabs Plus Chewable Tablets Dog Supplement, 365 count","HEALTHY BREEDS Multi-Tabs Plus Chewable Tablets Dog Supplement, 365 count - Chewy.com",85,"Buy Healthy Breeds Multi-Tabs Plus Chewable Tablets Dog Supplement, 365 count at Chewy.com. FREE shipping and the BEST customer service!",136,,"Healthy Breeds Multi-Tabs Plus Chewable Tablets Dog Supplement, 365 count",1,healthy-breeds-multi-tabs-plus,True,True,False,False,True,True,True,True,223,543,4,,,,,,,,,,,,,,
PDP,H1,Duplicate H1 pattern,https://www.chewy.com/healthy-breeds-multi-tabs-plus/dp/366763,True,Make H1s more specific by page/template.,"Healthy Breeds Multi-Tabs Plus Chewable Tablets Dog Supplement, 365 count","HEALTHY BREEDS Multi-Tabs Plus Chewable Tablets Dog Supplement, 365 count - Chewy.com",85,"Buy Healthy Breeds Multi-Tabs Plus Chewable Tablets Dog Supplement, 365 count at Chewy.com. FREE shipping and the BEST customer service!",136,,"Healthy Breeds Multi-Tabs Plus Chewable Tablets Dog Supplement, 365 count",1,healthy-breeds-multi-tabs-plus,True,True,False,False,True,True,True,True,223,543,4,,,,,,,,,,,,,,
PDP,H1,Duplicate H1 pattern,https://www.chewy.com/healthy-breeds-multi-tabs-plus/dp/366764,True,Make H1s more specific by page/template.,"Healthy Breeds Multi-Tabs Plus Chewable Tablets Dog Supplement, 365 count","HEALTHY BREEDS Multi-Tabs Plus Chewable Tablets Dog Supplement, 365 count - Chewy.com",85,"Buy Healthy Breeds Multi-Tabs Plus Chewable Tablets Dog Supplement, 365 count at Chewy.com. FREE shipping and the BEST customer service!",136,,"Healthy Breeds Multi-Tabs Plus Chewable Tablets Dog Supplement, 365 count",1,healthy-breeds-multi-tabs-plus,True,True,False,False,True,True,True,True,223,543,4,,,,,,,,,,,,,,
PDP,H1,Duplicate H1 pattern,https://www.chewy.com/healthy-breeds-multi-tabs-plus/dp/366765,True,Make H1s more specific by page/template.,"Healthy Breeds Multi-Tabs Plus Chewable Tablets Dog Supplement, 365 count","HEALTHY BREEDS Multi-Tabs Plus Chewable Tablets Dog Supplement, 365 count - Chewy.com",85,"Buy Healthy Breeds Multi-Tabs Plus Chewable Tablets Dog Supplement, 365 count at Chewy.com. FREE shipping and the BEST customer service!",136,,"Healthy Breeds Multi-Tabs Plus Chewable Tablets Dog Supplement, 365 count",1,healthy-breeds-multi-tabs-plus,True,True,False,False,True,True,True,True,223,542,4,,,,,,,,,,,,,,
PDP,H1,Duplicate H1 pattern,https://www.chewy.com/healthy-breeds-multi-tabs-plus/dp/366766,True,Make H1s more specific by page/template.,"Healthy Breeds Multi-Tabs Plus Chewable Tablets Dog Supplement, 365 count","HEALTHY BREEDS Multi-Tabs Plus Chewable Tablets Dog Supplement, 365 count - Chewy.com",85,"Buy Healthy Breeds Multi-Tabs Plus Chewable Tablets Dog Supplement, 365 count at Chewy.com. FREE shipping and the BEST customer service!",136,,"Healthy Breeds Multi-Tabs Plus Chewable Tablets Dog Supplement, 365 count",1,healthy-breeds-multi-tabs-plus,True,True,False,False,True,True,True,True,223,542,4,,,,,,,,,,,,,,
PDP,H1,Duplicate H1 pattern,https://www.chewy.com/healthy-breeds-multi-tabs-plus/dp/366767,True,Make H1s more specific by page/template.,"Healthy Breeds Multi-Tabs Plus Chewable Tablets Dog Supplement, 365 count","HEALTHY BREEDS Multi-Tabs Plus Chewable Tablets Dog Supplement, 365 count - Chewy.com",85,"Buy Healthy Breeds Multi-Tabs Plus Chewable Tablets Dog Supplement, 365 count at Chewy.com. FREE shipping and the BEST customer service!",136,,"Healthy Breeds Multi-Tabs Plus Chewable Tablets Dog Supplement, 365 count",1,healthy-breeds-multi-tabs-plus,True,True,False,False,True,True,True,True,223,542,4,,,,,,,,,,,,,,
PDP,H1,Duplicate H1 pattern,https://www.chewy.com/healthy-breeds-multi-tabs-plus/dp/366768,True,Make H1s more specific by page/template.,"Healthy Breeds Multi-Tabs Plus Chewable Tablets Dog Supplement, 365 count","HEALTHY BREEDS Multi-Tabs Plus Chewable Tablets Dog Supplement, 365 count - Chewy.com",85,"Buy Healthy Breeds Multi-Tabs Plus Chewable Tablets Dog Supplement, 365 count at Chewy.com. FREE shipping and the BEST customer service!",136,,"Healthy Breeds Multi-Tabs Plus Chewable Tablets Dog Supplement, 365 count",1,healthy-breeds-multi-tabs-plus,True,True,False,False,True,True,True,True,223,543,4,,,,,,,,,,,,,,
PDP,H1,Duplicate H1 pattern,https://www.chewy.com/healthy-breeds-multi-tabs-plus/dp/366769,True,Make H1s more specific by page/template.,"Healthy Breeds Multi-Tabs Plus Chewable Tablets Dog Supplement, 365 count","HEALTHY BREEDS Multi-Tabs Plus Chewable Tablets Dog Supplement, 365 count - Chewy.com",85,"Buy Healthy Breeds Multi-Tabs Plus Chewable Tablets Dog Supplement, 365 count at Chewy.com. FREE shipping and the BEST customer service!",136,,"Healthy Breeds Multi-Tabs Plus Chewable Tablets Dog Supplement, 365 count",1,healthy-breeds-multi-tabs-plus,True,True,False,False,True,True,True,True,223,543,4,,,,,,,,,,,,,,
PDP,H1,Duplicate H1 pattern,https://www.chewy.com/healthy-breeds-multi-tabs-plus/dp/366770,True,Make H1s more specific by page/template.,"Healthy Breeds Multi-Tabs Plus Chewable Tablets Dog Supplement, 365 count","HEALTHY BREEDS Multi-Tabs Plus Chewable Tablets Dog Supplement, 365 count - Chewy.com",85,"Buy Healthy Breeds Multi-Tabs Plus Chewable Tablets Dog Supplement, 365 count at Chewy.com. FREE shipping and the BEST customer service!",136,,"Healthy Breeds Multi-Tabs Plus Chewable Tablets Dog Supplement, 365 count",1,healthy-breeds-multi-tabs-plus,True,True,False,False,True,True,True,True,223,543,4,,,,,,,,,,,,,,
PDP,H1,Duplicate H1 pattern,https://www.chewy.com/healthy-breeds-multi-tabs-plus/dp/366771,True,Make H1s more specific by page/template.,"Healthy Breeds Multi-Tabs Plus Chewable Tablets Dog Supplement, 365 count","HEALTHY BREEDS Multi-Tabs Plus Chewable Tablets Dog Supplement, 365 count - Chewy.com",85,"Buy Healthy Breeds Multi-Tabs Plus Chewable Tablets Dog Supplement, 365 count at Chewy.com. FREE shipping and the BEST customer service!",136,,"Healthy Breeds Multi-Tabs Plus Chewable Tablets Dog Supplement, 365 count",1,healthy-breeds-multi-tabs-plus,True,True,False,False,True,True,True,True,223,543,4,,,,,,,,,,,,,,
PDP,H1,Duplicate H1 pattern,https://www.chewy.com/healthy-breeds-multi-tabs-plus/dp/366772,True,Make H1s more specific by page/template.,"Healthy Breeds Multi-Tabs Plus Chewable Tablets Dog Supplement, 365 count","HEALTHY BREEDS Multi-Tabs Plus Chewable Tablets Dog Supplement, 365 count - Chewy.com",85,"Buy Healthy Breeds Multi-Tabs Plus Chewable Tablets Dog Supplement, 365 count at Chewy.com. FREE shipping and the BEST customer service!",136,,"Healthy Breeds Multi-Tabs Plus Chewable Tablets Dog Supplement, 365 count",1,healthy-breeds-multi-tabs-plus,True,True,False,False,True,True,True,True,223,543,4,,,,,,,,,,,,,,
PDP,H1,Duplicate H1 pattern,https://www.chewy.com/healthy-breeds-multi-tabs-plus/dp/366773,True,Make H1s more specific by page/template.,"Healthy Breeds Multi-Tabs Plus Chewable Tablets Dog Supplement, 365 count","HEALTHY BREEDS Multi-Tabs Plus Chewable Tablets Dog Supplement, 365 count - Chewy.com",85,"Buy Healthy Breeds Multi-Tabs Plus Chewable Tablets Dog Supplement, 365 count at Chewy.com. FREE shipping and the BEST customer service!",136,,"Healthy Breeds Multi-Tabs Plus Chewable Tablets Dog Supplement, 365 count",1,healthy-breeds-multi-tabs-plus,True,True,False,False,True,True,True,True,223,543,4,,,,,,,,,,,,,,
PDP,H1,Duplicate H1 pattern,https://www.chewy.com/healthy-breeds-multi-tabs-plus/dp/366774,True,Make H1s more specific by page/template.,"Healthy Breeds Multi-Tabs Plus Chewable Tablets Dog Supplement, 365 count","HEALTHY BREEDS Multi-Tabs Plus Chewable Tablets Dog Supplement, 365 count - Chewy.com",85,"Buy Healthy Breeds Multi-Tabs Plus Chewable Tablets Dog Supplement, 365 count at Chewy.com. FREE shipping and the BEST customer service!",136,,"Healthy Breeds Multi-Tabs Plus Chewable Tablets Dog Supplement, 365 count",1,healthy-breeds-multi-tabs-plus,True,True,False,False,True,True,True,True,223,537,4,,,,,,,,,,,,,,
PDP,H1,Duplicate H1 pattern,https://www.chewy.com/healthy-breeds-multi-tabs-plus/dp/366775,True,Make H1s more specific by page/template.,"Healthy Breeds Multi-Tabs Plus Chewable Tablets Dog Supplement, 365 count","HEALTHY BREEDS Multi-Tabs Plus Chewable Tablets Dog Supplement, 365 count - Chewy.com",85,"Buy Healthy Breeds Multi-Tabs Plus Chewable Tablets Dog Supplement, 365 count at Chewy.com. FREE shipping and the BEST customer service!",136,,"Healthy Breeds Multi-Tabs Plus Chewable Tablets Dog Supplement, 365 count",1,healthy-breeds-multi-tabs-plus,True,True,False,False,True,True,True,True,223,543,4,,,,,,,,,,,,,,
PDP,H1,Duplicate H1 pattern,https://www.chewy.com/healthy-breeds-multi-tabs-plus/dp/366776,True,Make H1s more specific by page/template.,"Healthy Breeds Multi-Tabs Plus Chewable Tablets Dog Supplement, 365 count","HEALTHY BREEDS Multi-Tabs Plus Chewable Tablets Dog Supplement, 365 count - Chewy.com",85,"Buy Healthy Breeds Multi-Tabs Plus Chewable Tablets Dog Supplement, 365 count at Chewy.com. FREE shipping and the BEST customer service!",136,,"Healthy Breeds Multi-Tabs Plus Chewable Tablets Dog Supplement, 365 count",1,healthy-breeds-multi-tabs-plus,True,True,False,False,True,True,True,True,223,543,4,,,,,,,,,,,,,,
PDP,H1,Duplicate H1 pattern,https://www.chewy.com/healthy-breeds-multi-tabs-plus/dp/366777,True,Make H1s more specific by page/template.,"Healthy Breeds Multi-Tabs Plus Chewable Tablets Dog Supplement, 365 count","HEALTHY BREEDS Multi-Tabs Plus Chewable Tablets Dog Supplement, 365 count - Chewy.com",85,"Buy Healthy Breeds Multi-Tabs Plus Chewable Tablets Dog Supplement, 365 count at Chewy.com. FREE shipping and the BEST customer service!",136,,"Healthy Breeds Multi-Tabs Plus Chewable Tablets Dog Supplement, 365 count",1,healthy-breeds-multi-tabs-plus,True,True,False,False,True,True,True,True,223,543,4,,,,,,,,,,,,,,
PDP,H1,Duplicate H1 pattern,https://www.chewy.com/healthy-breeds-multi-tabs-plus/dp/366778,True,Make H1s more specific by page/template.,"Healthy Breeds Multi-Tabs Plus Chewable Tablets Dog Supplement, 365 count","HEALTHY BREEDS Multi-Tabs Plus Chewable Tablets Dog Supplement, 365 count - Chewy.com",85,"Buy Healthy Breeds Multi-Tabs Plus Chewable Tablets Dog Supplement, 365 count at Chewy.com. FREE shipping and the BEST customer service!",136,,"Healthy Breeds Multi-Tabs Plus Chewable Tablets Dog Supplement, 365 count",1,healthy-breeds-multi-tabs-plus,True,True,False,False,True,True,True,True,223,543,4,,,,,,,,,,,,,,
PDP,H1,Duplicate H1 pattern,https://www.chewy.com/healthy-breeds-multi-tabs-plus/dp/366779,True,Make H1s more specific by page/template.,"Healthy Breeds Multi-Tabs Plus Chewable Tablets Dog Supplement, 365 count","HEALTHY BREEDS Multi-Tabs Plus Chewable Tablets Dog Supplement, 365 count - Chewy.com",85,"Buy Healthy Breeds Multi-Tabs Plus Chewable Tablets Dog Supplement, 365 count at Chewy.com. FREE shipping and the BEST customer service!",136,,"Healthy Breeds Multi-Tabs Plus Chewable Tablets Dog Supplement, 365 count",1,healthy-breeds-multi-tabs-plus,True,True,False,False,True,True,True,True,223,543,4,,,,,,,,,,,,,,
PDP,H1,Duplicate H1 pattern,https://www.chewy.com/healthy-breeds-multi-tabs-plus/dp/366780,True,Make H1s more specific by page/template.,"Healthy Breeds Multi-Tabs Plus Chewable Tablets Dog Supplement, 365 count","HEALTHY BREEDS Multi-Tabs Plus Chewable Tablets Dog Supplement, 365 count - Chewy.com",85,"Buy Healthy Breeds Multi-Tabs Plus Chewable Tablets Dog Supplement, 365 count at Chewy.com. FREE shipping and the BEST customer service!",136,,"Healthy Breeds Multi-Tabs Plus Chewable Tablets Dog Supplement, 365 count",1,healthy-breeds-multi-tabs-plus,True,True,False,False,True,True,True,True,223,542,4,,,,,,,,,,,,,,
PDP,H1,Duplicate H1 pattern,https://www.chewy.com/healthy-breeds-multi-tabs-plus/dp/366781,True,Make H1s more specific by page/template.,"Healthy Breeds Multi-Tabs Plus Chewable Tablets Dog Supplement, 365 count","HEALTHY BREEDS Multi-Tabs Plus Chewable Tablets Dog Supplement, 365 count - Chewy.com",85,"Buy Healthy Breeds Multi-Tabs Plus Chewable Tablets Dog Supplement, 365 count at Chewy.com. FREE shipping and the BEST customer service!",136,,"Healthy Breeds Multi-Tabs Plus Chewable Tablets Dog Supplement, 365 count",1,healthy-breeds-multi-tabs-plus,True,True,False,False,True,True,True,True,223,543,4,,,,,,,,,,,,,,
PDP,H1,Duplicate H1 pattern,https://www.chewy.com/healthy-breeds-multi-tabs-plus/dp/366782,True,Make H1s more specific by page/template.,"Healthy Breeds Multi-Tabs Plus Chewable Tablets Dog Supplement, 365 count","HEALTHY BREEDS Multi-Tabs Plus Chewable Tablets Dog Supplement, 365 count - Chewy.com",85,"Buy Healthy Breeds Multi-Tabs Plus Chewable Tablets Dog Supplement, 365 count at Chewy.com. FREE shipping and the BEST customer service!",136,,"Healthy Breeds Multi-Tabs Plus Chewable Tablets Dog Supplement, 365 count",1,healthy-breeds-multi-tabs-plus,True,True,False,False,True,True,True,True,223,543,4,,,,,,,,,,,,,,
PDP,H1,Duplicate H1 pattern,https://www.chewy.com/healthy-breeds-multi-tabs-plus/dp/366783,True,Make H1s more specific by page/template.,"Healthy Breeds Multi-Tabs Plus Chewable Tablets Dog Supplement, 365 count","HEALTHY BREEDS Multi-Tabs Plus Chewable Tablets Dog Supplement, 365 count - Chewy.com",85,"Buy Healthy Breeds Multi-Tabs Plus Chewable Tablets Dog Supplement, 365 count at Chewy.com. FREE shipping and the BEST customer service!",136,,"Healthy Breeds Multi-Tabs Plus Chewable Tablets Dog Supplement, 365 count",1,healthy-breeds-multi-tabs-plus,True,True,False,False,True,True,True,True,223,543,4,,,,,,,,,,,,,,
PDP,H1,Duplicate H1 pattern,https://www.chewy.com/healthy-breeds-multi-tabs-plus/dp/366784,True,Make H1s more specific by page/template.,"Healthy Breeds Multi-Tabs Plus Chewable Tablets Dog Supplement, 365 count","HEALTHY BREEDS Multi-Tabs Plus Chewable Tablets Dog Supplement, 365 count - Chewy.com",85,"Buy Healthy Breeds Multi-Tabs Plus Chewable Tablets Dog Supplement, 365 count at Chewy.com. FREE shipping and the BEST customer service!",136,,"Healthy Breeds Multi-Tabs Plus Chewable Tablets Dog Supplement, 365 count",1,healthy-breeds-multi-tabs-plus,True,True,False,False,True,True,True,True,223,543,4,,,,,,,,,,,,,,
PDP,H1,Duplicate H1 pattern,https://www.chewy.com/healthy-breeds-multi-tabs-plus/dp/366785,True,Make H1s more specific by page/template.,"Healthy Breeds Multi-Tabs Plus Chewable Tablets Dog Supplement, 365 count","HEALTHY BREEDS Multi-Tabs Plus Chewable Tablets Dog Supplement, 365 count - Chewy.com",85,"Buy Healthy Breeds Multi-Tabs Plus Chewable Tablets Dog Supplement, 365 count at Chewy.com. FREE shipping and the BEST customer service!",136,,"Healthy Breeds Multi-Tabs Plus Chewable Tablets Dog Supplement, 365 count",1,healthy-breeds-multi-tabs-plus,True,True,False,False,True,True,True,True,223,543,4,,,,,,,,,,,,,,
PDP,H1,Duplicate H1 pattern,https://www.chewy.com/healthy-breeds-multi-tabs-plus/dp/366786,True,Make H1s more specific by page/template.,"Healthy Breeds Multi-Tabs Plus Chewable Tablets Dog Supplement, 365 count","HEALTHY BREEDS Multi-Tabs Plus Chewable Tablets Dog Supplement, 365 count - Chewy.com",85,"Buy Healthy Breeds Multi-Tabs Plus Chewable Tablets Dog Supplement, 365 count at Chewy.com. FREE shipping and the BEST customer service!",136,,"Healthy Breeds Multi-Tabs Plus Chewable Tablets Dog Supplement, 365 count",1,healthy-breeds-multi-tabs-plus,True,True,False,False,True,True,True,True,223,542,4,,,,,,,,,,,,,,
PDP,H1,Duplicate H1 pattern,https://www.chewy.com/healthy-breeds-multi-tabs-plus/dp/366787,True,Make H1s more specific by page/template.,"Healthy Breeds Multi-Tabs Plus Chewable Tablets Dog Supplement, 365 count","HEALTHY BREEDS Multi-Tabs Plus Chewable Tablets Dog Supplement, 365 count - Chewy.com",85,"Buy Healthy Breeds Multi-Tabs Plus Chewable Tablets Dog Supplement, 365 count at Chewy.com. FREE shipping and the BEST customer service!",136,,"Healthy Breeds Multi-Tabs Plus Chewable Tablets Dog Supplement, 365 count",1,healthy-breeds-multi-tabs-plus,True,True,False,False,True,True,True,True,223,542,4,,,,,,,,,,,,,,
PDP,H1,Duplicate H1 pattern,https://www.chewy.com/healthy-breeds-multi-tabs-plus/dp/366788,True,Make H1s more specific by page/template.,"Healthy Breeds Multi-Tabs Plus Chewable Tablets Dog Supplement, 365 count","HEALTHY BREEDS Multi-Tabs Plus Chewable Tablets Dog Supplement, 365 count - Chewy.com",85,"Buy Healthy Breeds Multi-Tabs Plus Chewable Tablets Dog Supplement, 365 count at Chewy.com. FREE shipping and the BEST customer service!",136,,"Healthy Breeds Multi-Tabs Plus Chewable Tablets Dog Supplement, 365 count",1,healthy-breeds-multi-tabs-plus,True,True,False,False,True,True,True,True,223,543,4,,,,,,,,,,,,,,
PDP,H1,Duplicate H1 pattern,https://www.chewy.com/healthy-breeds-multi-tabs-plus/dp/366789,True,Make H1s more specific by page/template.,"Healthy Breeds Multi-Tabs Plus Chewable Tablets Dog Supplement, 365 count","HEALTHY BREEDS Multi-Tabs Plus Chewable Tablets Dog Supplement, 365 count - Chewy.com",85,"Buy Healthy Breeds Multi-Tabs Plus Chewable Tablets Dog Supplement, 365 count at Chewy.com. FREE shipping and the BEST customer service!",136,,"Healthy Breeds Multi-Tabs Plus Chewable Tablets Dog Supplement, 365 count",1,healthy-breeds-multi-tabs-plus,True,True,False,False,True,True,True,True,223,543,4,,,,,,,,,,,,,,
PDP,H1,Duplicate H1 pattern,https://www.chewy.com/healthy-breeds-multi-tabs-plus/dp/366790,True,Make H1s more specific by page/template.,"Healthy Breeds Multi-Tabs Plus Chewable Tablets Dog Supplement, 365 count","HEALTHY BREEDS Multi-Tabs Plus Chewable Tablets Dog Supplement, 365 count - Chewy.com",85,"Buy Healthy Breeds Multi-Tabs Plus Chewable Tablets Dog Supplement, 365 count at Chewy.com. FREE shipping and the BEST customer service!",136,,"Healthy Breeds Multi-Tabs Plus Chewable Tablets Dog Supplement, 365 count",1,healthy-breeds-multi-tabs-plus,True,True,False,False,True,True,True,True,223,542,4,,,,,,,,,,,,,,
PDP,H1,Duplicate H1 pattern,https://www.chewy.com/healthy-breeds-multi-tabs-plus/dp/366791,True,Make H1s more specific by page/template.,"Healthy Breeds Multi-Tabs Plus Chewable Tablets Dog Supplement, 365 count","HEALTHY BREEDS Multi-Tabs Plus Chewable Tablets Dog Supplement, 365 count - Chewy.com",85,"Buy Healthy Breeds Multi-Tabs Plus Chewable Tablets Dog Supplement, 365 count at Chewy.com. FREE shipping and the BEST customer service!",136,,"Healthy Breeds Multi-Tabs Plus Chewable Tablets Dog Supplement, 365 count",1,healthy-breeds-multi-tabs-plus,True,True,False,False,True,True,True,True,224,543,4,,,,,,,,,,,,,,
PDP,H1,Duplicate H1 pattern,https://www.chewy.com/healthy-breeds-multi-tabs-plus/dp/366792,True,Make H1s more specific by page/template.,"Healthy Breeds Multi-Tabs Plus Chewable Tablets Dog Supplement, 365 count","HEALTHY BREEDS Multi-Tabs Plus Chewable Tablets Dog Supplement, 365 count - Chewy.com",85,"Buy Healthy Breeds Multi-Tabs Plus Chewable Tablets Dog Supplement, 365 count at Chewy.com. FREE shipping and the BEST customer service!",136,,"Healthy Breeds Multi-Tabs Plus Chewable Tablets Dog Supplement, 365 count",1,healthy-breeds-multi-tabs-plus,True,True,False,False,True,True,True,True,223,543,4,,,,,,,,,,,,,,
PDP,H1,Duplicate H1 pattern,https://www.chewy.com/healthy-breeds-multi-tabs-plus/dp/366793,True,Make H1s more specific by page/template.,"Healthy Breeds Multi-Tabs Plus Chewable Tablets Dog Supplement, 365 count","HEALTHY BREEDS Multi-Tabs Plus Chewable Tablets Dog Supplement, 365 count - Chewy.com",85,"Buy Healthy Breeds Multi-Tabs Plus Chewable Tablets Dog Supplement, 365 count at Chewy.com. FREE shipping and the BEST customer service!",136,,"Healthy Breeds Multi-Tabs Plus Chewable Tablets Dog Supplement, 365 count",1,healthy-breeds-multi-tabs-plus,True,True,False,False,True,True,True,True,223,543,4,,,,,,,,,,,,,,
PDP,H1,Duplicate H1 pattern,https://www.chewy.com/healthy-breeds-multi-tabs-plus/dp/366794,True,Make H1s more specific by page/template.,"Healthy Breeds Multi-Tabs Plus Chewable Tablets Dog Supplement, 365 count","HEALTHY BREEDS Multi-Tabs Plus Chewable Tablets Dog Supplement, 365 count - Chewy.com",85,"Buy Healthy Breeds Multi-Tabs Plus Chewable Tablets Dog Supplement, 365 count at Chewy.com. FREE shipping and the BEST customer service!",136,,"Healthy Breeds Multi-Tabs Plus Chewable Tablets Dog Supplement, 365 count",1,healthy-breeds-multi-tabs-plus,True,True,False,False,True,True,True,True,223,542,4,,,,,,,,,,,,,,
PDP,H1,Duplicate H1 pattern,https://www.chewy.com/healthy-breeds-multi-tabs-plus/dp/366795,True,Make H1s more specific by page/template.,"Healthy Breeds Multi-Tabs Plus Chewable Tablets Dog Supplement, 365 count","HEALTHY BREEDS Multi-Tabs Plus Chewable Tablets Dog Supplement, 365 count - Chewy.com",85,"Buy Healthy Breeds Multi-Tabs Plus Chewable Tablets Dog Supplement, 365 count at Chewy.com. FREE shipping and the BEST customer service!",136,,"Healthy Breeds Multi-Tabs Plus Chewable Tablets Dog Supplement, 365 count",1,healthy-breeds-multi-tabs-plus,True,True,False,False,True,True,True,True,223,542,4,,,,,,,,,,,,,,
PDP,H1,Duplicate H1 pattern,https://www.chewy.com/healthy-breeds-multi-tabs-plus/dp/366796,True,Make H1s more specific by page/template.,"Healthy Breeds Multi-Tabs Plus Chewable Tablets Dog Supplement, 365 count","HEALTHY BREEDS Multi-Tabs Plus Chewable Tablets Dog Supplement, 365 count - Chewy.com",85,"Buy Healthy Breeds Multi-Tabs Plus Chewable Tablets Dog Supplement, 365 count at Chewy.com. FREE shipping and the BEST customer service!",136,,"Healthy Breeds Multi-Tabs Plus Chewable Tablets Dog Supplement, 365 count",1,healthy-breeds-multi-tabs-plus,True,True,False,False,True,True,True,True,223,543,4,,,,,,,,,,,,,,
PDP,H1,Duplicate H1 pattern,https://www.chewy.com/healthy-breeds-multi-tabs-plus/dp/366797,True,Make H1s more specific by page/template.,"Healthy Breeds Multi-Tabs Plus Chewable Tablets Dog Supplement, 365 count","HEALTHY BREEDS Multi-Tabs Plus Chewable Tablets Dog Supplement, 365 count - Chewy.com",85,"Buy Healthy Breeds Multi-Tabs Plus Chewable Tablets Dog Supplement, 365 count at Chewy.com. FREE shipping and the BEST customer service!",136,,"Healthy Breeds Multi-Tabs Plus Chewable Tablets Dog Supplement, 365 count",1,healthy-breeds-multi-tabs-plus,True,True,False,False,True,True,True,True,223,543,4,,,,,,,,,,,,,,
PDP,H1,Duplicate H1 pattern,https://www.chewy.com/healthy-breeds-multi-tabs-plus/dp/366798,True,Make H1s more specific by page/template.,"Healthy Breeds Multi-Tabs Plus Chewable Tablets Dog Supplement, 365 count","HEALTHY BREEDS Multi-Tabs Plus Chewable Tablets Dog Supplement, 365 count - Chewy.com",85,"Buy Healthy Breeds Multi-Tabs Plus Chewable Tablets Dog Supplement, 365 count at Chewy.com. FREE shipping and the BEST customer service!",136,,"Healthy Breeds Multi-Tabs Plus Chewable Tablets Dog Supplement, 365 count",1,healthy-breeds-multi-tabs-plus,True,True,False,False,True,True,True,True,223,543,4,,,,,,,,,,,,,,
PDP,H1,Duplicate H1 pattern,https://www.chewy.com/healthy-breeds-multi-tabs-plus/dp/366799,True,Make H1s more specific by page/template.,"Healthy Breeds Multi-Tabs Plus Chewable Tablets Dog Supplement, 365 count","HEALTHY BREEDS Multi-Tabs Plus Chewable Tablets Dog Supplement, 365 count - Chewy.com",85,"Buy Healthy Breeds Multi-Tabs Plus Chewable Tablets Dog Supplement, 365 count at Chewy.com. FREE shipping and the BEST customer service!",136,,"Healthy Breeds Multi-Tabs Plus Chewable Tablets Dog Supplement, 365 count",1,healthy-breeds-multi-tabs-plus,True,True,False,False,True,True,True,True,223,543,4,,,,,,,,,,,,,,
PDP,H1,Duplicate H1 pattern,https://www.chewy.com/healthy-breeds-multi-tabs-plus/dp/366800,True,Make H1s more specific by page/template.,"Healthy Breeds Multi-Tabs Plus Chewable Tablets Dog Supplement, 365 count","HEALTHY BREEDS Multi-Tabs Plus Chewable Tablets Dog Supplement, 365 count - Chewy.com",85,"Buy Healthy Breeds Multi-Tabs Plus Chewable Tablets Dog Supplement, 365 count at Chewy.com. FREE shipping and the BEST customer service!",136,,"Healthy Breeds Multi-Tabs Plus Chewable Tablets Dog Supplement, 365 count",1,healthy-breeds-multi-tabs-plus,True,True,False,False,True,True,True,True,223,542,4,,,,,,,,,,,,,,
PDP,H1,Duplicate H1 pattern,https://www.chewy.com/healthy-breeds-multi-tabs-plus/dp/366801,True,Make H1s more specific by page/template.,"Healthy Breeds Multi-Tabs Plus Chewable Tablets Dog Supplement, 365 count","HEALTHY BREEDS Multi-Tabs Plus Chewable Tablets Dog Supplement, 365 count - Chewy.com",85,"Buy Healthy Breeds Multi-Tabs Plus Chewable Tablets Dog Supplement, 365 count at Chewy.com. FREE shipping and the BEST customer service!",136,,"Healthy Breeds Multi-Tabs Plus Chewable Tablets Dog Supplement, 365 count",1,healthy-breeds-multi-tabs-plus,True,True,False,False,True,True,True,True,224,537,4,,,,,,,,,,,,,,
PDP,H1,Duplicate H1 pattern,https://www.chewy.com/healthy-breeds-multi-tabs-plus/dp/366802,True,Make H1s more specific by page/template.,"Healthy Breeds Multi-Tabs Plus Chewable Tablets Dog Supplement, 365 count","HEALTHY BREEDS Multi-Tabs Plus Chewable Tablets Dog Supplement, 365 count - Chewy.com",85,"Buy Healthy Breeds Multi-Tabs Plus Chewable Tablets Dog Supplement, 365 count at Chewy.com. FREE shipping and the BEST customer service!",136,,"Healthy Breeds Multi-Tabs Plus Chewable Tablets Dog Supplement, 365 count",1,healthy-breeds-multi-tabs-plus,True,True,False,False,True,True,True,True,223,542,4,,,,,,,,,,,,,,
PDP,H1,Duplicate H1 pattern,https://www.chewy.com/healthy-breeds-multi-tabs-plus/dp/366803,True,Make H1s more specific by page/template.,"Healthy Breeds Multi-Tabs Plus Chewable Tablets Dog Supplement, 365 count","HEALTHY BREEDS Multi-Tabs Plus Chewable Tablets Dog Supplement, 365 count - Chewy.com",85,"Buy Healthy Breeds Multi-Tabs Plus Chewable Tablets Dog Supplement, 365 count at Chewy.com. FREE shipping and the BEST customer service!",136,,"Healthy Breeds Multi-Tabs Plus Chewable Tablets Dog Supplement, 365 count",1,healthy-breeds-multi-tabs-plus,True,True,False,False,True,True,True,True,599,543,4,,,,,,,,,,,,,,
PDP,H1,Duplicate H1 pattern,https://www.chewy.com/healthy-breeds-multi-tabs-plus/dp/366804,True,Make H1s more specific by page/template.,"Healthy Breeds Multi-Tabs Plus Chewable Tablets Dog Supplement, 365 count","HEALTHY BREEDS Multi-Tabs Plus Chewable Tablets Dog Supplement, 365 count - Chewy.com",85,"Buy Healthy Breeds Multi-Tabs Plus Chewable Tablets Dog Supplement, 365 count at Chewy.com. FREE shipping and the BEST customer service!",136,,"Healthy Breeds Multi-Tabs Plus Chewable Tablets Dog Supplement, 365 count",1,healthy-breeds-multi-tabs-plus,True,True,False,False,True,True,True,True,223,542,4,,,,,,,,,,,,,,
PDP,H1,Duplicate H1 pattern,https://www.chewy.com/healthy-breeds-multi-tabs-plus/dp/366805,True,Make H1s more specific by page/template.,"Healthy Breeds Multi-Tabs Plus Chewable Tablets Dog Supplement, 365 count","HEALTHY BREEDS Multi-Tabs Plus Chewable Tablets Dog Supplement, 365 count - Chewy.com",85,"Buy Healthy Breeds Multi-Tabs Plus Chewable Tablets Dog Supplement, 365 count at Chewy.com. FREE shipping and the BEST customer service!",136,,"Healthy Breeds Multi-Tabs Plus Chewable Tablets Dog Supplement, 365 count",1,healthy-breeds-multi-tabs-plus,True,True,False,False,True,True,True,True,223,542,4,,,,,,,,,,,,,,
PDP,H1,Duplicate H1 pattern,https://www.chewy.com/healthy-breeds-multi-tabs-plus/dp/366806,True,Make H1s more specific by page/template.,"Healthy Breeds Multi-Tabs Plus Chewable Tablets Dog Supplement, 365 count","HEALTHY BREEDS Multi-Tabs Plus Chewable Tablets Dog Supplement, 365 count - Chewy.com",85,"Buy Healthy Breeds Multi-Tabs Plus Chewable Tablets Dog Supplement, 365 count at Chewy.com. FREE shipping and the BEST customer service!",136,,"Healthy Breeds Multi-Tabs Plus Chewable Tablets Dog Supplement, 365 count",1,healthy-breeds-multi-tabs-plus,True,True,False,False,True,True,True,True,223,543,4,,,,,,,,,,,,,,
PDP,H1,Duplicate H1 pattern,https://www.chewy.com/healthy-breeds-multi-tabs-plus/dp/366807,True,Make H1s more specific by page/template.,"Healthy Breeds Multi-Tabs Plus Chewable Tablets Dog Supplement, 365 count","HEALTHY BREEDS Multi-Tabs Plus Chewable Tablets Dog Supplement, 365 count - Chewy.com",85,"Buy Healthy Breeds Multi-Tabs Plus Chewable Tablets Dog Supplement, 365 count at Chewy.com. FREE shipping and the BEST customer service!",136,,"Healthy Breeds Multi-Tabs Plus Chewable Tablets Dog Supplement, 365 count",1,healthy-breeds-multi-tabs-plus,True,True,False,False,True,True,True,True,223,542,4,,,,,,,,,,,,,,
PDP,H1,Duplicate H1 pattern,https://www.chewy.com/healthy-breeds-multi-tabs-plus/dp/366808,True,Make H1s more specific by page/template.,"Healthy Breeds Multi-Tabs Plus Chewable Tablets Dog Supplement, 365 count","HEALTHY BREEDS Multi-Tabs Plus Chewable Tablets Dog Supplement, 365 count - Chewy.com",85,"Buy Healthy Breeds Multi-Tabs Plus Chewable Tablets Dog Supplement, 365 count at Chewy.com. FREE shipping and the BEST customer service!",136,,"Healthy Breeds Multi-Tabs Plus Chewable Tablets Dog Supplement, 365 count",1,healthy-breeds-multi-tabs-plus,True,True,False,False,True,True,True,True,223,543,4,,,,,,,,,,,,,,
PDP,H1,Duplicate H1 pattern,https://www.chewy.com/healthy-breeds-multi-tabs-plus/dp/366809,True,Make H1s more specific by page/template.,"Healthy Breeds Multi-Tabs Plus Chewable Tablets Dog Supplement, 365 count","HEALTHY BREEDS Multi-Tabs Plus Chewable Tablets Dog Supplement, 365 count - Chewy.com",85,"Buy Healthy Breeds Multi-Tabs Plus Chewable Tablets Dog Supplement, 365 count at Chewy.com. FREE shipping and the BEST customer service!",136,,"Healthy Breeds Multi-Tabs Plus Chewable Tablets Dog Supplement, 365 count",1,healthy-breeds-multi-tabs-plus,True,True,False,False,True,True,True,True,223,542,4,,,,,,,,,,,,,,
PDP,H1,Duplicate H1 pattern,https://www.chewy.com/healthy-breeds-multi-tabs-plus/dp/366810,True,Make H1s more specific by page/template.,"Healthy Breeds Multi-Tabs Plus Chewable Tablets Dog Supplement, 365 count","HEALTHY BREEDS Multi-Tabs Plus Chewable Tablets Dog Supplement, 365 count - Chewy.com",85,"Buy Healthy Breeds Multi-Tabs Plus Chewable Tablets Dog Supplement, 365 count at Chewy.com. FREE shipping and the BEST customer service!",136,,"Healthy Breeds Multi-Tabs Plus Chewable Tablets Dog Supplement, 365 count",1,healthy-breeds-multi-tabs-plus,True,True,False,False,True,True,True,True,223,543,4,,,,,,,,,,,,,,
PDP,H1,Duplicate H1 pattern,https://www.chewy.com/healthy-breeds-multi-tabs-plus/dp/366811,True,Make H1s more specific by page/template.,"Healthy Breeds Multi-Tabs Plus Chewable Tablets Dog Supplement, 365 count","HEALTHY BREEDS Multi-Tabs Plus Chewable Tablets Dog Supplement, 365 count - Chewy.com",85,"Buy Healthy Breeds Multi-Tabs Plus Chewable Tablets Dog Supplement, 365 count at Chewy.com. FREE shipping and the BEST customer service!",136,,"Healthy Breeds Multi-Tabs Plus Chewable Tablets Dog Supplement, 365 count",1,healthy-breeds-multi-tabs-plus,True,True,False,False,True,True,True,True,223,542,4,,,,,,,,,,,,,,
PDP,H1,Duplicate H1 pattern,https://www.chewy.com/healthy-breeds-multi-tabs-plus/dp/366812,True,Make H1s more specific by page/template.,"Healthy Breeds Multi-Tabs Plus Chewable Tablets Dog Supplement, 365 count","HEALTHY BREEDS Multi-Tabs Plus Chewable Tablets Dog Supplement, 365 count - Chewy.com",85,"Buy Healthy Breeds Multi-Tabs Plus Chewable Tablets Dog Supplement, 365 count at Chewy.com. FREE shipping and the BEST customer service!",136,,"Healthy Breeds Multi-Tabs Plus Chewable Tablets Dog Supplement, 365 count",1,healthy-breeds-multi-tabs-plus,True,True,False,False,True,True,True,True,223,543,4,,,,,,,,,,,,,,
PDP,H1,Duplicate H1 pattern,https://www.chewy.com/healthy-breeds-multi-tabs-plus/dp/366813,True,Make H1s more specific by page/template.,"Healthy Breeds Multi-Tabs Plus Chewable Tablets Dog Supplement, 365 count","HEALTHY BREEDS Multi-Tabs Plus Chewable Tablets Dog Supplement, 365 count - Chewy.com",85,"Buy Healthy Breeds Multi-Tabs Plus Chewable Tablets Dog Supplement, 365 count at Chewy.com. FREE shipping and the BEST customer service!",136,,"Healthy Breeds Multi-Tabs Plus Chewable Tablets Dog Supplement, 365 count",1,healthy-breeds-multi-tabs-plus,True,True,False,False,True,True,True,True,223,543,4,,,,,,,,,,,,,,
PDP,H1,Duplicate H1 pattern,https://www.chewy.com/healthy-breeds-multi-tabs-plus/dp/366814,True,Make H1s more specific by page/template.,"Healthy Breeds Multi-Tabs Plus Chewable Tablets Dog Supplement, 365 count","HEALTHY BREEDS Multi-Tabs Plus Chewable Tablets Dog Supplement, 365 count - Chewy.com",85,"Buy Healthy Breeds Multi-Tabs Plus Chewable Tablets Dog Supplement, 365 count at Chewy.com. FREE shipping and the BEST customer service!",136,,"Healthy Breeds Multi-Tabs Plus Chewable Tablets Dog Supplement, 365 count",1,healthy-breeds-multi-tabs-plus,True,True,False,False,True,True,True,True,223,542,4,,,,,,,,,,,,,,
PDP,H1,Duplicate H1 pattern,https://www.chewy.com/healthy-breeds-multi-tabs-plus/dp/366815,True,Make H1s more specific by page/template.,"Healthy Breeds Multi-Tabs Plus Chewable Tablets Dog Supplement, 365 count","HEALTHY BREEDS Multi-Tabs Plus Chewable Tablets Dog Supplement, 365 count - Chewy.com",85,"Buy Healthy Breeds Multi-Tabs Plus Chewable Tablets Dog Supplement, 365 count at Chewy.com. FREE shipping and the BEST customer service!",136,,"Healthy Breeds Multi-Tabs Plus Chewable Tablets Dog Supplement, 365 count",1,healthy-breeds-multi-tabs-plus,True,True,False,False,True,True,True,True,223,542,4,,,,,,,,,,,,,,
PDP,H1,Duplicate H1 pattern,https://www.chewy.com/healthy-breeds-multi-tabs-plus/dp/366816,True,Make H1s more specific by page/template.,"Healthy Breeds Multi-Tabs Plus Chewable Tablets Dog Supplement, 365 count","HEALTHY BREEDS Multi-Tabs Plus Chewable Tablets Dog Supplement, 365 count - Chewy.com",85,"Buy Healthy Breeds Multi-Tabs Plus Chewable Tablets Dog Supplement, 365 count at Chewy.com. FREE shipping and the BEST customer service!",136,,"Healthy Breeds Multi-Tabs Plus Chewable Tablets Dog Supplement, 365 count",1,healthy-breeds-multi-tabs-plus,True,True,False,False,True,True,True,True,223,543,4,,,,,,,,,,,,,,1.0
PDP,H1,Duplicate H1 pattern,https://www.chewy.com/healthy-breeds-multi-tabs-plus/dp/366817,True,Make H1s more specific by page/template.,"Healthy Breeds Multi-Tabs Plus Chewable Tablets Dog Supplement, 365 count","HEALTHY BREEDS Multi-Tabs Plus Chewable Tablets Dog Supplement, 365 count - Chewy.com",85,"Buy Healthy Breeds Multi-Tabs Plus Chewable Tablets Dog Supplement, 365 count at Chewy.com. FREE shipping and the BEST customer service!",136,,"Healthy Breeds Multi-Tabs Plus Chewable Tablets Dog Supplement, 365 count",1,healthy-breeds-multi-tabs-plus,True,True,False,False,True,True,True,True,223,542,4,,,,,,,,,,,,,,
PDP,H1,Duplicate H1 pattern,https://www.chewy.com/healthy-breeds-multi-tabs-plus/dp/366818,True,Make H1s more specific by page/template.,"Healthy Breeds Multi-Tabs Plus Chewable Tablets Dog Supplement, 365 count","HEALTHY BREEDS Multi-Tabs Plus Chewable Tablets Dog Supplement, 365 count - Chewy.com",85,"Buy Healthy Breeds Multi-Tabs Plus Chewable Tablets Dog Supplement, 365 count at Chewy.com. FREE shipping and the BEST customer service!",136,,"Healthy Breeds Multi-Tabs Plus Chewable Tablets Dog Supplement, 365 count",1,healthy-breeds-multi-tabs-plus,True,True,False,False,True,True,True,True,223,543,4,,,,,,,,,,,,,,
PDP,H1,Duplicate H1 pattern,https://www.chewy.com/healthy-breeds-multi-tabs-plus/dp/366819,True,Make H1s more specific by page/template.,"Healthy Breeds Multi-Tabs Plus Chewable Tablets Dog Supplement, 365 count","HEALTHY BREEDS Multi-Tabs Plus Chewable Tablets Dog Supplement, 365 count - Chewy.com",85,"Buy Healthy Breeds Multi-Tabs Plus Chewable Tablets Dog Supplement, 365 count at Chewy.com. FREE shipping and the BEST customer service!",136,,"Healthy Breeds Multi-Tabs Plus Chewable Tablets Dog Supplement, 365 count",1,healthy-breeds-multi-tabs-plus,True,True,False,False,True,True,True,True,228,543,4,,,,,,,,,,,,,,
PDP,H1,Duplicate H1 pattern,https://www.chewy.com/healthy-breeds-multi-tabs-plus/dp/366820,True,Make H1s more specific by page/template.,"Healthy Breeds Multi-Tabs Plus Chewable Tablets Dog Supplement, 365 count","HEALTHY BREEDS Multi-Tabs Plus Chewable Tablets Dog Supplement, 365 count - Chewy.com",85,"Buy Healthy Breeds Multi-Tabs Plus Chewable Tablets Dog Supplement, 365 count at Chewy.com. FREE shipping and the BEST customer service!",136,,"Healthy Breeds Multi-Tabs Plus Chewable Tablets Dog Supplement, 365 count",1,healthy-breeds-multi-tabs-plus,True,True,False,False,True,True,True,True,223,542,4,,,,,,,,,,,,,,
PDP,H1,Duplicate H1 pattern,https://www.chewy.com/healthy-breeds-multi-tabs-plus/dp/366821,True,Make H1s more specific by page/template.,"Healthy Breeds Multi-Tabs Plus Chewable Tablets Dog Supplement, 365 count","HEALTHY BREEDS Multi-Tabs Plus Chewable Tablets Dog Supplement, 365 count - Chewy.com",85,"Buy Healthy Breeds Multi-Tabs Plus Chewable Tablets Dog Supplement, 365 count at Chewy.com. FREE shipping and the BEST customer service!",136,,"Healthy Breeds Multi-Tabs Plus Chewable Tablets Dog Supplement, 365 count",1,healthy-breeds-multi-tabs-plus,True,True,False,False,True,True,True,True,223,542,4,,,,,,,,,,,,,,
PDP,H1,Duplicate H1 pattern,https://www.chewy.com/healthy-breeds-multi-tabs-plus/dp/366822,True,Make H1s more specific by page/template.,"Healthy Breeds Multi-Tabs Plus Chewable Tablets Dog Supplement, 365 count","HEALTHY BREEDS Multi-Tabs Plus Chewable Tablets Dog Supplement, 365 count - Chewy.com",85,"Buy Healthy Breeds Multi-Tabs Plus Chewable Tablets Dog Supplement, 365 count at Chewy.com. FREE shipping and the BEST customer service!",136,,"Healthy Breeds Multi-Tabs Plus Chewable Tablets Dog Supplement, 365 count",1,healthy-breeds-multi-tabs-plus,True,True,False,False,True,True,True,True,223,543,4,,,,,,,,,,,,,,
PDP,H1,Duplicate H1 pattern,https://www.chewy.com/healthy-breeds-multi-tabs-plus/dp/366823,True,Make H1s more specific by page/template.,"Healthy Breeds Multi-Tabs Plus Chewable Tablets Dog Supplement, 365 count","HEALTHY BREEDS Multi-Tabs Plus Chewable Tablets Dog Supplement, 365 count - Chewy.com",85,"Buy Healthy Breeds Multi-Tabs Plus Chewable Tablets Dog Supplement, 365 count at Chewy.com. FREE shipping and the BEST customer service!",136,,"Healthy Breeds Multi-Tabs Plus Chewable Tablets Dog Supplement, 365 count",1,healthy-breeds-multi-tabs-plus,True,True,False,False,True,True,True,True,223,543,4,,,,,,,,,,,,,,1.0
PDP,H1,Duplicate H1 pattern,https://www.chewy.com/healthy-breeds-multi-tabs-plus/dp/366824,True,Make H1s more specific by page/template.,"Healthy Breeds Multi-Tabs Plus Chewable Tablets Dog Supplement, 365 count","HEALTHY BREEDS Multi-Tabs Plus Chewable Tablets Dog Supplement, 365 count - Chewy.com",85,"Buy Healthy Breeds Multi-Tabs Plus Chewable Tablets Dog Supplement, 365 count at Chewy.com. FREE shipping and the BEST customer service!",136,,"Healthy Breeds Multi-Tabs Plus Chewable Tablets Dog Supplement, 365 count",1,healthy-breeds-multi-tabs-plus,True,True,False,False,True,True,True,True,223,543,4,,,,,,,,,,,,,,
PDP,H1,Duplicate H1 pattern,https://www.chewy.com/healthy-breeds-multi-tabs-plus/dp/366825,True,Make H1s more specific by page/template.,"Healthy Breeds Multi-Tabs Plus Chewable Tablets Dog Supplement, 365 count","HEALTHY BREEDS Multi-Tabs Plus Chewable Tablets Dog Supplement, 365 count - Chewy.com",85,"Buy Healthy Breeds Multi-Tabs Plus Chewable Tablets Dog Supplement, 365 count at Chewy.com. FREE shipping and the BEST customer service!",136,,"Healthy Breeds Multi-Tabs Plus Chewable Tablets Dog Supplement, 365 count",1,healthy-breeds-multi-tabs-plus,True,True,False,False,True,True,True,True,223,543,4,,,,,,,,,,,,,,
PDP,H1,Duplicate H1 pattern,https://www.chewy.com/healthy-breeds-multi-tabs-plus/dp/366826,True,Make H1s more specific by page/template.,"Healthy Breeds Multi-Tabs Plus Chewable Tablets Dog Supplement, 365 count","HEALTHY BREEDS Multi-Tabs Plus Chewable Tablets Dog Supplement, 365 count - Chewy.com",85,"Buy Healthy Breeds Multi-Tabs Plus Chewable Tablets Dog Supplement, 365 count at Chewy.com. FREE shipping and the BEST customer service!",136,,"Healthy Breeds Multi-Tabs Plus Chewable Tablets Dog Supplement, 365 count",1,healthy-breeds-multi-tabs-plus,True,True,False,False,True,True,True,True,223,542,4,,,,,,,,,,,,,,
PDP,H1,Duplicate H1 pattern,https://www.chewy.com/healthy-breeds-multi-tabs-plus/dp/366827,True,Make H1s more specific by page/template.,"Healthy Breeds Multi-Tabs Plus Chewable Tablets Dog Supplement, 365 count","HEALTHY BREEDS Multi-Tabs Plus Chewable Tablets Dog Supplement, 365 count - Chewy.com",85,"Buy Healthy Breeds Multi-Tabs Plus Chewable Tablets Dog Supplement, 365 count at Chewy.com. FREE shipping and the BEST customer service!",136,,"Healthy Breeds Multi-Tabs Plus Chewable Tablets Dog Supplement, 365 count",1,healthy-breeds-multi-tabs-plus,True,True,False,False,True,True,True,True,223,542,4,,,,,,,,,,,,,,
PDP,H1,Duplicate H1 pattern,https://www.chewy.com/healthy-breeds-multi-tabs-plus/dp/366828,True,Make H1s more specific by page/template.,"Healthy Breeds Multi-Tabs Plus Chewable Tablets Dog Supplement, 365 count","HEALTHY BREEDS Multi-Tabs Plus Chewable Tablets Dog Supplement, 365 count - Chewy.com",85,"Buy Healthy Breeds Multi-Tabs Plus Chewable Tablets Dog Supplement, 365 count at Chewy.com. FREE shipping and the BEST customer service!",136,,"Healthy Breeds Multi-Tabs Plus Chewable Tablets Dog Supplement, 365 count",1,healthy-breeds-multi-tabs-plus,True,True,False,False,True,True,True,True,223,543,4,,,,,,,,,,,,,,
PDP,H1,Duplicate H1 pattern,https://www.chewy.com/healthy-breeds-multi-tabs-plus/dp/366829,True,Make H1s more specific by page/template.,"Healthy Breeds Multi-Tabs Plus Chewable Tablets Dog Supplement, 365 count","HEALTHY BREEDS Multi-Tabs Plus Chewable Tablets Dog Supplement, 365 count - Chewy.com",85,"Buy Healthy Breeds Multi-Tabs Plus Chewable Tablets Dog Supplement, 365 count at Chewy.com. FREE shipping and the BEST customer service!",136,,"Healthy Breeds Multi-Tabs Plus Chewable Tablets Dog Supplement, 365 count",1,healthy-breeds-multi-tabs-plus,True,True,False,False,True,True,True,True,223,542,4,,,,,,,,,,,,,,
PDP,H1,Duplicate H1 pattern,https://www.chewy.com/healthy-breeds-multi-tabs-plus/dp/366830,True,Make H1s more specific by page/template.,"Healthy Breeds Multi-Tabs Plus Chewable Tablets Dog Supplement, 365 count","HEALTHY BREEDS Multi-Tabs Plus Chewable Tablets Dog Supplement, 365 count - Chewy.com",85,"Buy Healthy Breeds Multi-Tabs Plus Chewable Tablets Dog Supplement, 365 count at Chewy.com. FREE shipping and the BEST customer service!",136,,"Healthy Breeds Multi-Tabs Plus Chewable Tablets Dog Supplement, 365 count",1,healthy-breeds-multi-tabs-plus,True,True,False,False,True,True,True,True,223,543,4,,,,,,,,,,,,,,
PDP,H1,Duplicate H1 pattern,https://www.chewy.com/healthy-breeds-multi-tabs-plus/dp/366831,True,Make H1s more specific by page/template.,"Healthy Breeds Multi-Tabs Plus Chewable Tablets Dog Supplement, 365 count","HEALTHY BREEDS Multi-Tabs Plus Chewable Tablets Dog Supplement, 365 count - Chewy.com",85,"Buy Healthy Breeds Multi-Tabs Plus Chewable Tablets Dog Supplement, 365 count at Chewy.com. FREE shipping and the BEST customer service!",136,,"Healthy Breeds Multi-Tabs Plus Chewable Tablets Dog Supplement, 365 count",1,healthy-breeds-multi-tabs-plus,True,True,False,False,True,True,True,True,223,537,4,,,,,,,,,,,,,,
PDP,H1,Duplicate H1 pattern,https://www.chewy.com/healthy-breeds-multi-tabs-plus/dp/366832,True,Make H1s more specific by page/template.,"Healthy Breeds Multi-Tabs Plus Chewable Tablets Dog Supplement, 365 count","HEALTHY BREEDS Multi-Tabs Plus Chewable Tablets Dog Supplement, 365 count - Chewy.com",85,"Buy Healthy Breeds Multi-Tabs Plus Chewable Tablets Dog Supplement, 365 count at Chewy.com. FREE shipping and the BEST customer service!",136,,"Healthy Breeds Multi-Tabs Plus Chewable Tablets Dog Supplement, 365 count",1,healthy-breeds-multi-tabs-plus,True,True,False,False,True,True,True,True,223,542,4,,,,,,,,,,,,,,
PDP,H1,Duplicate H1 pattern,https://www.chewy.com/healthy-breeds-multi-tabs-plus/dp/366833,True,Make H1s more specific by page/template.,"Healthy Breeds Multi-Tabs Plus Chewable Tablets Dog Supplement, 365 count","HEALTHY BREEDS Multi-Tabs Plus Chewable Tablets Dog Supplement, 365 count - Chewy.com",85,"Buy Healthy Breeds Multi-Tabs Plus Chewable Tablets Dog Supplement, 365 count at Chewy.com. FREE shipping and the BEST customer service!",136,,"Healthy Breeds Multi-Tabs Plus Chewable Tablets Dog Supplement, 365 count",1,healthy-breeds-multi-tabs-plus,True,True,False,False,True,True,True,True,224,541,4,,,,,,,,,,,,,,
PDP,H1,Duplicate H1 pattern,https://www.chewy.com/healthy-breeds-multi-tabs-plus/dp/366834,True,Make H1s more specific by page/template.,"Healthy Breeds Multi-Tabs Plus Chewable Tablets Dog Supplement, 365 count","HEALTHY BREEDS Multi-Tabs Plus Chewable Tablets Dog Supplement, 365 count - Chewy.com",85,"Buy Healthy Breeds Multi-Tabs Plus Chewable Tablets Dog Supplement, 365 count at Chewy.com. FREE shipping and the BEST customer service!",136,,"Healthy Breeds Multi-Tabs Plus Chewable Tablets Dog Supplement, 365 count",1,healthy-breeds-multi-tabs-plus,True,True,False,False,True,True,True,True,223,543,4,,,,,,,,,,,,,,
PDP,H1,Duplicate H1 pattern,https://www.chewy.com/healthy-breeds-multi-tabs-plus/dp/366835,True,Make H1s more specific by page/template.,"Healthy Breeds Multi-Tabs Plus Chewable Tablets Dog Supplement, 365 count","HEALTHY BREEDS Multi-Tabs Plus Chewable Tablets Dog Supplement, 365 count - Chewy.com",85,"Buy Healthy Breeds Multi-Tabs Plus Chewable Tablets Dog Supplement, 365 count at Chewy.com. FREE shipping and the BEST customer service!",136,,"Healthy Breeds Multi-Tabs Plus Chewable Tablets Dog Supplement, 365 count",1,healthy-breeds-multi-tabs-plus,True,True,False,False,True,True,True,True,223,543,4,,,,,,,,,,,,,,
PDP,H1,Duplicate H1 pattern,https://www.chewy.com/healthy-breeds-multi-tabs-plus/dp/366836,True,Make H1s more specific by page/template.,"Healthy Breeds Multi-Tabs Plus Chewable Tablets Dog Supplement, 365 count","HEALTHY BREEDS Multi-Tabs Plus Chewable Tablets Dog Supplement, 365 count - Chewy.com",85,"Buy Healthy Breeds Multi-Tabs Plus Chewable Tablets Dog Supplement, 365 count at Chewy.com. FREE shipping and the BEST customer service!",136,,"Healthy Breeds Multi-Tabs Plus Chewable Tablets Dog Supplement, 365 count",1,healthy-breeds-multi-tabs-plus,True,True,False,False,True,True,True,True,223,543,4,,,,,,,,,,,,,,
PDP,H1,Duplicate H1 pattern,https://www.chewy.com/healthy-breeds-multi-tabs-plus/dp/366837,True,Make H1s more specific by page/template.,"Healthy Breeds Multi-Tabs Plus Chewable Tablets Dog Supplement, 365 count","HEALTHY BREEDS Multi-Tabs Plus Chewable Tablets Dog Supplement, 365 count - Chewy.com",85,"Buy Healthy Breeds Multi-Tabs Plus Chewable Tablets Dog Supplement, 365 count at Chewy.com. FREE shipping and the BEST customer service!",136,,"Healthy Breeds Multi-Tabs Plus Chewable Tablets Dog Supplement, 365 count",1,healthy-breeds-multi-tabs-plus,True,True,False,False,True,True,True,True,223,542,4,,,,,,,,,,,,,,
PDP,H1,Duplicate H1 pattern,https://www.chewy.com/healthy-breeds-multi-tabs-plus/dp/366838,True,Make H1s more specific by page/template.,"Healthy Breeds Multi-Tabs Plus Chewable Tablets Dog Supplement, 365 count","HEALTHY BREEDS Multi-Tabs Plus Chewable Tablets Dog Supplement, 365 count - Chewy.com",85,"Buy Healthy Breeds Multi-Tabs Plus Chewable Tablets Dog Supplement, 365 count at Chewy.com. FREE shipping and the BEST customer service!",136,,"Healthy Breeds Multi-Tabs Plus Chewable Tablets Dog Supplement, 365 count",1,healthy-breeds-multi-tabs-plus,True,True,False,False,True,True,True,True,223,542,4,,,,,,,,,,,,,,
PDP,H1,Duplicate H1 pattern,https://www.chewy.com/healthy-breeds-multi-tabs-plus/dp/366839,True,Make H1s more specific by page/template.,"Healthy Breeds Multi-Tabs Plus Chewable Tablets Dog Supplement, 365 count","HEALTHY BREEDS Multi-Tabs Plus Chewable Tablets Dog Supplement, 365 count - Chewy.com",85,"Buy Healthy Breeds Multi-Tabs Plus Chewable Tablets Dog Supplement, 365 count at Chewy.com. FREE shipping and the BEST customer service!",136,,"Healthy Breeds Multi-Tabs Plus Chewable Tablets Dog Supplement, 365 count",1,healthy-breeds-multi-tabs-plus,True,True,False,False,True,True,True,True,223,543,4,,,,,,,,,,,,,,
PDP,H1,Duplicate H1 pattern,https://www.chewy.com/healthy-breeds-multi-tabs-plus/dp/366840,True,Make H1s more specific by page/template.,"Healthy Breeds Multi-Tabs Plus Chewable Tablets Dog Supplement, 365 count","HEALTHY BREEDS Multi-Tabs Plus Chewable Tablets Dog Supplement, 365 count - Chewy.com",85,"Buy Healthy Breeds Multi-Tabs Plus Chewable Tablets Dog Supplement, 365 count at Chewy.com. FREE shipping and the BEST customer service!",136,,"Healthy Breeds Multi-Tabs Plus Chewable Tablets Dog Supplement, 365 count",1,healthy-breeds-multi-tabs-plus,True,True,False,False,True,True,True,True,223,541,4,,,,,,,,,,,,,,1.0
PDP,H1,Duplicate H1 pattern,https://www.chewy.com/healthy-breeds-multi-tabs-plus/dp/366841,True,Make H1s more specific by page/template.,"Healthy Breeds Multi-Tabs Plus Chewable Tablets Dog Supplement, 365 count","HEALTHY BREEDS Multi-Tabs Plus Chewable Tablets Dog Supplement, 365 count - Chewy.com",85,"Buy Healthy Breeds Multi-Tabs Plus Chewable Tablets Dog Supplement, 365 count at Chewy.com. FREE shipping and the BEST customer service!",136,,"Healthy Breeds Multi-Tabs Plus Chewable Tablets Dog Supplement, 365 count",1,healthy-breeds-multi-tabs-plus,True,True,False,False,True,True,True,True,223,543,4,,,,,,,,,,,,,,
PDP,H1,Duplicate H1 pattern,https://www.chewy.com/healthy-breeds-multi-tabs-plus/dp/366842,True,Make H1s more specific by page/template.,"Healthy Breeds Multi-Tabs Plus Chewable Tablets Dog Supplement, 365 count","HEALTHY BREEDS Multi-Tabs Plus Chewable Tablets Dog Supplement, 365 count - Chewy.com",85,"Buy Healthy Breeds Multi-Tabs Plus Chewable Tablets Dog Supplement, 365 count at Chewy.com. FREE shipping and the BEST customer service!",136,,"Healthy Breeds Multi-Tabs Plus Chewable Tablets Dog Supplement, 365 count",1,healthy-breeds-multi-tabs-plus,True,True,False,False,True,True,True,True,223,542,4,,,,,,,,,,,,,,
PDP,H1,Duplicate H1 pattern,https://www.chewy.com/healthy-breeds-multi-tabs-plus/dp/366843,True,Make H1s more specific by page/template.,"Healthy Breeds Multi-Tabs Plus Chewable Tablets Dog Supplement, 365 count","HEALTHY BREEDS Multi-Tabs Plus Chewable Tablets Dog Supplement, 365 count - Chewy.com",85,"Buy Healthy Breeds Multi-Tabs Plus Chewable Tablets Dog Supplement, 365 count at Chewy.com. FREE shipping and the BEST customer service!",136,,"Healthy Breeds Multi-Tabs Plus Chewable Tablets Dog Supplement, 365 count",1,healthy-breeds-multi-tabs-plus,True,True,False,False,True,True,True,True,223,542,4,,,,,,,,,,,,,,
PDP,H1,Duplicate H1 pattern,https://www.chewy.com/healthy-breeds-multi-tabs-plus/dp/366844,True,Make H1s more specific by page/template.,"Healthy Breeds Multi-Tabs Plus Chewable Tablets Dog Supplement, 365 count","HEALTHY BREEDS Multi-Tabs Plus Chewable Tablets Dog Supplement, 365 count - Chewy.com",85,"Buy Healthy Breeds Multi-Tabs Plus Chewable Tablets Dog Supplement, 365 count at Chewy.com. FREE shipping and the BEST customer service!",136,,"Healthy Breeds Multi-Tabs Plus Chewable Tablets Dog Supplement, 365 count",1,healthy-breeds-multi-tabs-plus,True,True,False,False,True,True,True,True,223,543,4,,,,,,,,,,,,,,
PDP,H1,Duplicate H1 pattern,https://www.chewy.com/healthy-breeds-multi-tabs-plus/dp/366845,True,Make H1s more specific by page/template.,"Healthy Breeds Multi-Tabs Plus Chewable Tablets Dog Supplement, 365 count","HEALTHY BREEDS Multi-Tabs Plus Chewable Tablets Dog Supplement, 365 count - Chewy.com",85,"Buy Healthy Breeds Multi-Tabs Plus Chewable Tablets Dog Supplement, 365 count at Chewy.com. FREE shipping and the BEST customer service!",136,,"Healthy Breeds Multi-Tabs Plus Chewable Tablets Dog Supplement, 365 count",1,healthy-breeds-multi-tabs-plus,True,True,False,False,True,True,True,True,223,543,4,,,,,,,,,,,,,,
PDP,H1,Duplicate H1 pattern,https://www.chewy.com/healthy-breeds-multi-tabs-plus/dp/366846,True,Make H1s more specific by page/template.,"Healthy Breeds Multi-Tabs Plus Chewable Tablets Dog Supplement, 365 count","HEALTHY BREEDS Multi-Tabs Plus Chewable Tablets Dog Supplement, 365 count - Chewy.com",85,"Buy Healthy Breeds Multi-Tabs Plus Chewable Tablets Dog Supplement, 365 count at Chewy.com. FREE shipping and the BEST customer service!",136,,"Healthy Breeds Multi-Tabs Plus Chewable Tablets Dog Supplement, 365 count",1,healthy-breeds-multi-tabs-plus,True,True,False,False,True,True,True,True,223,542,4,,,,,,,,,,,,,,
PDP,H1,Duplicate H1 pattern,https://www.chewy.com/healthy-breeds-multi-tabs-plus/dp/366847,True,Make H1s more specific by page/template.,"Healthy Breeds Multi-Tabs Plus Chewable Tablets Dog Supplement, 365 count","HEALTHY BREEDS Multi-Tabs Plus Chewable Tablets Dog Supplement, 365 count - Chewy.com",85,"Buy Healthy Breeds Multi-Tabs Plus Chewable Tablets Dog Supplement, 365 count at Chewy.com. FREE shipping and the BEST customer service!",136,,"Healthy Breeds Multi-Tabs Plus Chewable Tablets Dog Supplement, 365 count",1,healthy-breeds-multi-tabs-plus,True,True,False,False,True,True,True,True,223,543,4,,,,,,,,,,,,,,1.0
PDP,H1,Duplicate H1 pattern,https://www.chewy.com/healthy-breeds-multi-tabs-plus/dp/366848,True,Make H1s more specific by page/template.,"Healthy Breeds Multi-Tabs Plus Chewable Tablets Dog Supplement, 365 count","HEALTHY BREEDS Multi-Tabs Plus Chewable Tablets Dog Supplement, 365 count - Chewy.com",85,"Buy Healthy Breeds Multi-Tabs Plus Chewable Tablets Dog Supplement, 365 count at Chewy.com. FREE shipping and the BEST customer service!",136,,"Healthy Breeds Multi-Tabs Plus Chewable Tablets Dog Supplement, 365 count",1,healthy-breeds-multi-tabs-plus,True,True,False,False,True,True,True,True,223,543,4,,,,,,,,,,,,,,
PDP,H1,Duplicate H1 pattern,https://www.chewy.com/healthy-breeds-multi-tabs-plus/dp/366849,True,Make H1s more specific by page/template.,"Healthy Breeds Multi-Tabs Plus Chewable Tablets Dog Supplement, 365 count","HEALTHY BREEDS Multi-Tabs Plus Chewable Tablets Dog Supplement, 365 count - Chewy.com",85,"Buy Healthy Breeds Multi-Tabs Plus Chewable Tablets Dog Supplement, 365 count at Chewy.com. FREE shipping and the BEST customer service!",136,,"Healthy Breeds Multi-Tabs Plus Chewable Tablets Dog Supplement, 365 count",1,healthy-breeds-multi-tabs-plus,True,True,False,False,True,True,True,True,223,542,4,,,,,,,,,,,,,,
PDP,H1,Duplicate H1 pattern,https://www.chewy.com/healthy-breeds-multi-tabs-plus/dp/366850,True,Make H1s more specific by page/template.,"Healthy Breeds Multi-Tabs Plus Chewable Tablets Dog Supplement, 365 count","HEALTHY BREEDS Multi-Tabs Plus Chewable Tablets Dog Supplement, 365 count - Chewy.com",85,"Buy Healthy Breeds Multi-Tabs Plus Chewable Tablets Dog Supplement, 365 count at Chewy.com. FREE shipping and the BEST customer service!",136,,"Healthy Breeds Multi-Tabs Plus Chewable Tablets Dog Supplement, 365 count",1,healthy-breeds-multi-tabs-plus,True,True,False,False,True,True,True,True,223,542,4,,,,,,,,,,,,,,
PDP,H1,Duplicate H1 pattern,https://www.chewy.com/healthy-breeds-multi-tabs-plus/dp/366851,True,Make H1s more specific by page/template.,"Healthy Breeds Multi-Tabs Plus Chewable Tablets Dog Supplement, 365 count","HEALTHY BREEDS Multi-Tabs Plus Chewable Tablets Dog Supplement, 365 count - Chewy.com",85,"Buy Healthy Breeds Multi-Tabs Plus Chewable Tablets Dog Supplement, 365 count at Chewy.com. FREE shipping and the BEST customer service!",136,,"Healthy Breeds Multi-Tabs Plus Chewable Tablets Dog Supplement, 365 count",1,healthy-breeds-multi-tabs-plus,True,True,False,False,True,True,True,True,223,542,4,,,,,,,,,,,,,,
PDP,H1,Duplicate H1 pattern,https://www.chewy.com/healthy-breeds-multi-tabs-plus/dp/366852,True,Make H1s more specific by page/template.,"Healthy Breeds Multi-Tabs Plus Chewable Tablets Dog Supplement, 365 count","HEALTHY BREEDS Multi-Tabs Plus Chewable Tablets Dog Supplement, 365 count - Chewy.com",85,"Buy Healthy Breeds Multi-Tabs Plus Chewable Tablets Dog Supplement, 365 count at Chewy.com. FREE shipping and the BEST customer service!",136,,"Healthy Breeds Multi-Tabs Plus Chewable Tablets Dog Supplement, 365 count",1,healthy-breeds-multi-tabs-plus,True,True,False,False,True,True,True,True,223,543,4,,,,,,,,,,,,,,
PDP,H1,Duplicate H1 pattern,https://www.chewy.com/healthy-breeds-multi-tabs-plus/dp/366853,True,Make H1s more specific by page/template.,"Healthy Breeds Multi-Tabs Plus Chewable Tablets Dog Supplement, 365 count","HEALTHY BREEDS Multi-Tabs Plus Chewable Tablets Dog Supplement, 365 count - Chewy.com",85,"Buy Healthy Breeds Multi-Tabs Plus Chewable Tablets Dog Supplement, 365 count at Chewy.com. FREE shipping and the BEST customer service!",136,,"Healthy Breeds Multi-Tabs Plus Chewable Tablets Dog Supplement, 365 count",1,healthy-breeds-multi-tabs-plus,True,True,False,False,True,True,True,True,223,542,4,,,,,,,,,,,,,,
PDP,H1,Duplicate H1 pattern,https://www.chewy.com/healthy-breeds-multi-tabs-plus/dp/366854,True,Make H1s more specific by page/template.,"Healthy Breeds Multi-Tabs Plus Chewable Tablets Dog Supplement, 365 count","HEALTHY BREEDS Multi-Tabs Plus Chewable Tablets Dog Supplement, 365 count - Chewy.com",85,"Buy Healthy Breeds Multi-Tabs Plus Chewable Tablets Dog Supplement, 365 count at Chewy.com. FREE shipping and the BEST customer service!",136,,"Healthy Breeds Multi-Tabs Plus Chewable Tablets Dog Supplement, 365 count",1,healthy-breeds-multi-tabs-plus,True,True,False,False,True,True,True,True,223,543,4,,,,,,,,,,,,,,
PDP,H1,Duplicate H1 pattern,https://www.chewy.com/healthy-breeds-multi-tabs-plus/dp/366855,True,Make H1s more specific by page/template.,"Healthy Breeds Multi-Tabs Plus Chewable Tablets Dog Supplement, 365 count","HEALTHY BREEDS Multi-Tabs Plus Chewable Tablets Dog Supplement, 365 count - Chewy.com",85,"Buy Healthy Breeds Multi-Tabs Plus Chewable Tablets Dog Supplement, 365 count at Chewy.com. FREE shipping and the BEST customer service!",136,,"Healthy Breeds Multi-Tabs Plus Chewable Tablets Dog Supplement, 365 count",1,healthy-breeds-multi-tabs-plus,True,True,False,False,True,True,True,True,223,543,4,,,,,,,,,,,,,,
PDP,H1,Duplicate H1 pattern,https://www.chewy.com/healthy-breeds-multi-tabs-plus/dp/366856,True,Make H1s more specific by page/template.,"Healthy Breeds Multi-Tabs Plus Chewable Tablets Dog Supplement, 365 count","HEALTHY BREEDS Multi-Tabs Plus Chewable Tablets Dog Supplement, 365 count - Chewy.com",85,"Buy Healthy Breeds Multi-Tabs Plus Chewable Tablets Dog Supplement, 365 count at Chewy.com. FREE shipping and the BEST customer service!",136,,"Healthy Breeds Multi-Tabs Plus Chewable Tablets Dog Supplement, 365 count",1,healthy-breeds-multi-tabs-plus,True,True,False,False,True,True,True,True,223,542,4,,,,,,,,,,,,,,
PDP,H1,Duplicate H1 pattern,https://www.chewy.com/healthy-breeds-multi-tabs-plus/dp/366857,True,Make H1s more specific by page/template.,"Healthy Breeds Multi-Tabs Plus Chewable Tablets Dog Supplement, 365 count","HEALTHY BREEDS Multi-Tabs Plus Chewable Tablets Dog Supplement, 365 count - Chewy.com",85,"Buy Healthy Breeds Multi-Tabs Plus Chewable Tablets Dog Supplement, 365 count at Chewy.com. FREE shipping and the BEST customer service!",136,,"Healthy Breeds Multi-Tabs Plus Chewable Tablets Dog Supplement, 365 count",1,healthy-breeds-multi-tabs-plus,True,True,False,False,True,True,True,True,223,543,4,,,,,,,,,,,,,,
PDP,H1,Duplicate H1 pattern,https://www.chewy.com/healthy-breeds-multi-tabs-plus/dp/366858,True,Make H1s more specific by page/template.,"Healthy Breeds Multi-Tabs Plus Chewable Tablets Dog Supplement, 365 count","HEALTHY BREEDS Multi-Tabs Plus Chewable Tablets Dog Supplement, 365 count - Chewy.com",85,"Buy Healthy Breeds Multi-Tabs Plus Chewable Tablets Dog Supplement, 365 count at Chewy.com. FREE shipping and the BEST customer service!",136,,"Healthy Breeds Multi-Tabs Plus Chewable Tablets Dog Supplement, 365 count",1,healthy-breeds-multi-tabs-plus,True,True,False,False,True,True,True,True,223,543,4,,,,,,,,,,,,,,
PDP,H1,Duplicate H1 pattern,https://www.chewy.com/healthy-breeds-multi-tabs-plus/dp/366859,True,Make H1s more specific by page/template.,"Healthy Breeds Multi-Tabs Plus Chewable Tablets Dog Supplement, 365 count","HEALTHY BREEDS Multi-Tabs Plus Chewable Tablets Dog Supplement, 365 count - Chewy.com",85,"Buy Healthy Breeds Multi-Tabs Plus Chewable Tablets Dog Supplement, 365 count at Chewy.com. FREE shipping and the BEST customer service!",136,,"Healthy Breeds Multi-Tabs Plus Chewable Tablets Dog Supplement, 365 count",1,healthy-breeds-multi-tabs-plus,True,True,False,False,True,True,True,True,223,543,4,,,,,,,,,,,,,,
PDP,H1,Duplicate H1 pattern,https://www.chewy.com/healthy-breeds-multi-tabs-plus/dp/366860,True,Make H1s more specific by page/template.,"Healthy Breeds Multi-Tabs Plus Chewable Tablets Dog Supplement, 365 count","HEALTHY BREEDS Multi-Tabs Plus Chewable Tablets Dog Supplement, 365 count - Chewy.com",85,"Buy Healthy Breeds Multi-Tabs Plus Chewable Tablets Dog Supplement, 365 count at Chewy.com. FREE shipping and the BEST customer service!",136,,"Healthy Breeds Multi-Tabs Plus Chewable Tablets Dog Supplement, 365 count",1,healthy-breeds-multi-tabs-plus,True,True,False,False,True,True,True,True,223,542,4,,,,,,,,,,,,,,
PDP,H1,Duplicate H1 pattern,https://www.chewy.com/healthy-breeds-multi-tabs-plus/dp/366861,True,Make H1s more specific by page/template.,"Healthy Breeds Multi-Tabs Plus Chewable Tablets Dog Supplement, 365 count","HEALTHY BREEDS Multi-Tabs Plus Chewable Tablets Dog Supplement, 365 count - Chewy.com",85,"Buy Healthy Breeds Multi-Tabs Plus Chewable Tablets Dog Supplement, 365 count at Chewy.com. FREE shipping and the BEST customer service!",136,,"Healthy Breeds Multi-Tabs Plus Chewable Tablets Dog Supplement, 365 count",1,healthy-breeds-multi-tabs-plus,True,True,False,False,True,True,True,True,223,542,4,,,,,,,,,,,,,,
PDP,H1,Duplicate H1 pattern,https://www.chewy.com/healthy-breeds-multi-tabs-plus/dp/366862,True,Make H1s more specific by page/template.,"Healthy Breeds Multi-Tabs Plus Chewable Tablets Dog Supplement, 365 count","HEALTHY BREEDS Multi-Tabs Plus Chewable Tablets Dog Supplement, 365 count - Chewy.com",85,"Buy Healthy Breeds Multi-Tabs Plus Chewable Tablets Dog Supplement, 365 count at Chewy.com. FREE shipping and the BEST customer service!",136,,"Healthy Breeds Multi-Tabs Plus Chewable Tablets Dog Supplement, 365 count",1,healthy-breeds-multi-tabs-plus,True,True,False,False,True,True,True,True,223,542,4,,,,,,,,,,,,,,
PDP,H1,Duplicate H1 pattern,https://www.chewy.com/healthy-breeds-multi-tabs-plus/dp/366863,True,Make H1s more specific by page/template.,"Healthy Breeds Multi-Tabs Plus Chewable Tablets Dog Supplement, 365 count","HEALTHY BREEDS Multi-Tabs Plus Chewable Tablets Dog Supplement, 365 count - Chewy.com",85,"Buy Healthy Breeds Multi-Tabs Plus Chewable Tablets Dog Supplement, 365 count at Chewy.com. FREE shipping and the BEST customer service!",136,,"Healthy Breeds Multi-Tabs Plus Chewable Tablets Dog Supplement, 365 count",1,healthy-breeds-multi-tabs-plus,True,True,False,False,True,True,True,True,223,542,4,,,,,,,,,,,,,,
PDP,H1,Duplicate H1 pattern,https://www.chewy.com/healthy-breeds-multi-tabs-plus/dp/366864,True,Make H1s more specific by page/template.,"Healthy Breeds Multi-Tabs Plus Chewable Tablets Dog Supplement, 365 count","HEALTHY BREEDS Multi-Tabs Plus Chewable Tablets Dog Supplement, 365 count - Chewy.com",85,"Buy Healthy Breeds Multi-Tabs Plus Chewable Tablets Dog Supplement, 365 count at Chewy.com. FREE shipping and the BEST customer service!",136,,"Healthy Breeds Multi-Tabs Plus Chewable Tablets Dog Supplement, 365 count",1,healthy-breeds-multi-tabs-plus,True,True,False,False,True,True,True,True,223,542,4,,,,,,,,,,,,,,
PDP,H1,Duplicate H1 pattern,https://www.chewy.com/healthy-breeds-multi-tabs-plus/dp/366865,True,Make H1s more specific by page/template.,"Healthy Breeds Multi-Tabs Plus Chewable Tablets Dog Supplement, 365 count","HEALTHY BREEDS Multi-Tabs Plus Chewable Tablets Dog Supplement, 365 count - Chewy.com",85,"Buy Healthy Breeds Multi-Tabs Plus Chewable Tablets Dog Supplement, 365 count at Chewy.com. FREE shipping and the BEST customer service!",136,,"Healthy Breeds Multi-Tabs Plus Chewable Tablets Dog Supplement, 365 count",1,healthy-breeds-multi-tabs-plus,True,True,False,False,True,True,True,True,223,542,4,,,,,,,,,,,,,,
PDP,H1,Duplicate H1 pattern,https://www.chewy.com/healthy-breeds-multi-tabs-plus/dp/366866,True,Make H1s more specific by page/template.,"Healthy Breeds Multi-Tabs Plus Chewable Tablets Dog Supplement, 365 count","HEALTHY BREEDS Multi-Tabs Plus Chewable Tablets Dog Supplement, 365 count - Chewy.com",85,"Buy Healthy Breeds Multi-Tabs Plus Chewable Tablets Dog Supplement, 365 count at Chewy.com. FREE shipping and the BEST customer service!",136,,"Healthy Breeds Multi-Tabs Plus Chewable Tablets Dog Supplement, 365 count",1,healthy-breeds-multi-tabs-plus,True,True,False,False,True,True,True,True,223,542,4,,,,,,,,,,,,,,
PDP,H1,Duplicate H1 pattern,https://www.chewy.com/healthy-breeds-multi-tabs-plus/dp/366867,True,Make H1s more specific by page/template.,"Healthy Breeds Multi-Tabs Plus Chewable Tablets Dog Supplement, 365 count","HEALTHY BREEDS Multi-Tabs Plus Chewable Tablets Dog Supplement, 365 count - Chewy.com",85,"Buy Healthy Breeds Multi-Tabs Plus Chewable Tablets Dog Supplement, 365 count at Chewy.com. FREE shipping and the BEST customer service!",136,,"Healthy Breeds Multi-Tabs Plus Chewable Tablets Dog Supplement, 365 count",1,healthy-breeds-multi-tabs-plus,True,True,False,False,True,True,True,True,223,543,4,,,,,,,,,,,,,,
PDP,H1,Duplicate H1 pattern,https://www.chewy.com/healthy-breeds-multi-tabs-plus/dp/366868,True,Make H1s more specific by page/template.,"Healthy Breeds Multi-Tabs Plus Chewable Tablets Dog Supplement, 365 count","HEALTHY BREEDS Multi-Tabs Plus Chewable Tablets Dog Supplement, 365 count - Chewy.com",85,"Buy Healthy Breeds Multi-Tabs Plus Chewable Tablets Dog Supplement, 365 count at Chewy.com. FREE shipping and the BEST customer service!",136,,"Healthy Breeds Multi-Tabs Plus Chewable Tablets Dog Supplement, 365 count",1,healthy-breeds-multi-tabs-plus,True,True,False,False,True,True,True,True,223,543,4,,,,,,,,,,,,,,
PDP,H1,Duplicate H1 pattern,https://www.chewy.com/healthy-breeds-multi-tabs-plus/dp/366869,True,Make H1s more specific by page/template.,"Healthy Breeds Multi-Tabs Plus Chewable Tablets Dog Supplement, 365 count","HEALTHY BREEDS Multi-Tabs Plus Chewable Tablets Dog Supplement, 365 count - Chewy.com",85,"Buy Healthy Breeds Multi-Tabs Plus Chewable Tablets Dog Supplement, 365 count at Chewy.com. FREE shipping and the BEST customer service!",136,,"Healthy Breeds Multi-Tabs Plus Chewable Tablets Dog Supplement, 365 count",1,healthy-breeds-multi-tabs-plus,True,True,False,False,True,True,True,True,223,543,4,,,,,,,,,,,,,,
PDP,H1,Duplicate H1 pattern,https://www.chewy.com/healthy-breeds-multi-tabs-plus/dp/366870,True,Make H1s more specific by page/template.,"Healthy Breeds Multi-Tabs Plus Chewable Tablets Dog Supplement, 365 count","HEALTHY BREEDS Multi-Tabs Plus Chewable Tablets Dog Supplement, 365 count - Chewy.com",85,"Buy Healthy Breeds Multi-Tabs Plus Chewable Tablets Dog Supplement, 365 count at Chewy.com. FREE shipping and the BEST customer service!",136,,"Healthy Breeds Multi-Tabs Plus Chewable Tablets Dog Supplement, 365 count",1,healthy-breeds-multi-tabs-plus,True,True,False,False,True,True,True,True,223,543,4,,,,,,,,,,,,,,
PDP,H1,Duplicate H1 pattern,https://www.chewy.com/healthy-breeds-multi-tabs-plus/dp/366871,True,Make H1s more specific by page/template.,"Healthy Breeds Multi-Tabs Plus Chewable Tablets Dog Supplement, 365 count","HEALTHY BREEDS Multi-Tabs Plus Chewable Tablets Dog Supplement, 365 count - Chewy.com",85,"Buy Healthy Breeds Multi-Tabs Plus Chewable Tablets Dog Supplement, 365 count at Chewy.com. FREE shipping and the BEST customer service!",136,,"Healthy Breeds Multi-Tabs Plus Chewable Tablets Dog Supplement, 365 count",1,healthy-breeds-multi-tabs-plus,True,True,False,False,True,True,True,True,223,542,4,,,,,,,,,,,,,,
PDP,H1,Duplicate H1 pattern,https://www.chewy.com/healthy-breeds-multi-tabs-plus/dp/366872,True,Make H1s more specific by page/template.,"Healthy Breeds Multi-Tabs Plus Chewable Tablets Dog Supplement, 365 count","HEALTHY BREEDS Multi-Tabs Plus Chewable Tablets Dog Supplement, 365 count - Chewy.com",85,"Buy Healthy Breeds Multi-Tabs Plus Chewable Tablets Dog Supplement, 365 count at Chewy.com. FREE shipping and the BEST customer service!",136,,"Healthy Breeds Multi-Tabs Plus Chewable Tablets Dog Supplement, 365 count",1,healthy-breeds-multi-tabs-plus,True,True,False,False,True,True,True,True,223,542,4,,,,,,,,,,,,,,
PDP,H1,Duplicate H1 pattern,https://www.chewy.com/healthy-breeds-multi-tabs-plus/dp/366873,True,Make H1s more specific by page/template.,"Healthy Breeds Multi-Tabs Plus Chewable Tablets Dog Supplement, 365 count","HEALTHY BREEDS Multi-Tabs Plus Chewable Tablets Dog Supplement, 365 count - Chewy.com",85,"Buy Healthy Breeds Multi-Tabs Plus Chewable Tablets Dog Supplement, 365 count at Chewy.com. FREE shipping and the BEST customer service!",136,,"Healthy Breeds Multi-Tabs Plus Chewable Tablets Dog Supplement, 365 count",1,healthy-breeds-multi-tabs-plus,True,True,False,False,True,True,True,True,223,543,4,,,,,,,,,,,,,,
PDP,H1,Duplicate H1 pattern,https://www.chewy.com/healthy-breeds-multi-tabs-plus/dp/366874,True,Make H1s more specific by page/template.,"Healthy Breeds Multi-Tabs Plus Chewable Tablets Dog Supplement, 365 count","HEALTHY BREEDS Multi-Tabs Plus Chewable Tablets Dog Supplement, 365 count - Chewy.com",85,"Buy Healthy Breeds Multi-Tabs Plus Chewable Tablets Dog Supplement, 365 count at Chewy.com. FREE shipping and the BEST customer service!",136,,"Healthy Breeds Multi-Tabs Plus Chewable Tablets Dog Supplement, 365 count",1,healthy-breeds-multi-tabs-plus,True,True,False,False,True,True,True,True,223,542,4,,,,,,,,,,,,,,
PDP,H1,Duplicate H1 pattern,https://www.chewy.com/healthy-breeds-multi-tabs-plus/dp/366875,True,Make H1s more specific by page/template.,"Healthy Breeds Multi-Tabs Plus Chewable Tablets Dog Supplement, 365 count","HEALTHY BREEDS Multi-Tabs Plus Chewable Tablets Dog Supplement, 365 count - Chewy.com",85,"Buy Healthy Breeds Multi-Tabs Plus Chewable Tablets Dog Supplement, 365 count at Chewy.com. FREE shipping and the BEST customer service!",136,,"Healthy Breeds Multi-Tabs Plus Chewable Tablets Dog Supplement, 365 count",1,healthy-breeds-multi-tabs-plus,True,True,False,False,True,True,True,True,223,536,4,,,,,,,,,,,,,,
PDP,H1,Duplicate H1 pattern,https://www.chewy.com/healthy-breeds-multi-tabs-plus/dp/366876,True,Make H1s more specific by page/template.,"Healthy Breeds Multi-Tabs Plus Chewable Tablets Dog Supplement, 365 count","HEALTHY BREEDS Multi-Tabs Plus Chewable Tablets Dog Supplement, 365 count - Chewy.com",85,"Buy Healthy Breeds Multi-Tabs Plus Chewable Tablets Dog Supplement, 365 count at Chewy.com. FREE shipping and the BEST customer service!",136,,"Healthy Breeds Multi-Tabs Plus Chewable Tablets Dog Supplement, 365 count",1,healthy-breeds-multi-tabs-plus,True,True,False,False,True,True,True,True,223,543,4,,,,,,,,,,,,,,
PDP,H1,Duplicate H1 pattern,https://www.chewy.com/healthy-breeds-multi-tabs-plus/dp/366877,True,Make H1s more specific by page/template.,"Healthy Breeds Multi-Tabs Plus Chewable Tablets Dog Supplement, 365 count","HEALTHY BREEDS Multi-Tabs Plus Chewable Tablets Dog Supplement, 365 count - Chewy.com",85,"Buy Healthy Breeds Multi-Tabs Plus Chewable Tablets Dog Supplement, 365 count at Chewy.com. FREE shipping and the BEST customer service!",136,,"Healthy Breeds Multi-Tabs Plus Chewable Tablets Dog Supplement, 365 count",1,healthy-breeds-multi-tabs-plus,True,True,False,False,True,True,True,True,223,542,4,,,,,,,,,,,,,,
PDP,H1,Duplicate H1 pattern,https://www.chewy.com/healthy-breeds-multi-tabs-plus/dp/366878,True,Make H1s more specific by page/template.,"Healthy Breeds Multi-Tabs Plus Chewable Tablets Dog Supplement, 365 count","HEALTHY BREEDS Multi-Tabs Plus Chewable Tablets Dog Supplement, 365 count - Chewy.com",85,"Buy Healthy Breeds Multi-Tabs Plus Chewable Tablets Dog Supplement, 365 count at Chewy.com. FREE shipping and the BEST customer service!",136,,"Healthy Breeds Multi-Tabs Plus Chewable Tablets Dog Supplement, 365 count",1,healthy-breeds-multi-tabs-plus,True,True,False,False,True,True,True,True,223,543,4,,,,,,,,,,,,,,
PDP,H1,Duplicate H1 pattern,https://www.chewy.com/healthy-breeds-multi-tabs-plus/dp/366879,True,Make H1s more specific by page/template.,"Healthy Breeds Multi-Tabs Plus Chewable Tablets Dog Supplement, 365 count","HEALTHY BREEDS Multi-Tabs Plus Chewable Tablets Dog Supplement, 365 count - Chewy.com",85,"Buy Healthy Breeds Multi-Tabs Plus Chewable Tablets Dog Supplement, 365 count at Chewy.com. FREE shipping and the BEST customer service!",136,,"Healthy Breeds Multi-Tabs Plus Chewable Tablets Dog Supplement, 365 count",1,healthy-breeds-multi-tabs-plus,True,True,False,False,True,True,True,True,223,543,4,,,,,,,,,,,,,,
PDP,H1,Duplicate H1 pattern,https://www.chewy.com/healthy-breeds-z-flex-max-hip-joint/dp/367679,True,Make H1s more specific by page/template.,"Healthy Breeds Z-Flex Max Hip & Joint Soft Chews Dog Supplement, 100 count","HEALTHY BREEDS Z-Flex Max Hip & Joint Soft Chews Dog Supplement, 100 count - Chewy.com",86,"Buy Healthy Breeds Z-Flex Max Hip & Joint Soft Chews Dog Supplement, 100 count at Chewy.com. FREE shipping and the BEST customer service!",137,,"Healthy Breeds Z-Flex Max Hip & Joint Soft Chews Dog Supplement, 100 count",1,healthy-breeds-z-flex-max-hip-joint,True,True,False,False,True,True,True,True,75,492,4,,,,,,,,,,,,,,
PDP,H1,Duplicate H1 pattern,https://www.chewy.com/healthy-breeds-z-flex-max-hip-joint/dp/230667,True,Make H1s more specific by page/template.,"Healthy Breeds Z-Flex Max Hip & Joint Soft Chews Dog Supplement, 180 count","HEALTHY BREEDS Z-Flex Max Hip & Joint Soft Chews Dog Supplement, 180 count - Chewy.com",86,"Buy Healthy Breeds Z-Flex Max Hip & Joint Soft Chews Dog Supplement, 180 count at Chewy.com. FREE shipping and the BEST customer service!",137,,"Healthy Breeds Z-Flex Max Hip & Joint Soft Chews Dog Supplement, 180 count",1,healthy-breeds-z-flex-max-hip-joint,True,True,False,False,True,True,True,True,426,491,4,,,,,,,,,,,,,,
PDP,H1,Duplicate H1 pattern,https://www.chewy.com/healthy-breeds-hip-joint-care-soft/dp/230725,True,Make H1s more specific by page/template.,"Healthy Breeds Hip & Joint Care Soft Chews Dog Supplement, 120 count","HEALTHY BREEDS Hip & Joint Care Soft Chews Dog Supplement, 120 count - Chewy.com",80,"Buy Healthy Breeds Hip & Joint Care Soft Chews Dog Supplement, 120 count at Chewy.com. FREE shipping and the BEST customer service!",131,,"Healthy Breeds Hip & Joint Care Soft Chews Dog Supplement, 120 count",1,healthy-breeds-hip-joint-care-soft,True,True,False,False,True,True,True,True,246,541,4,,,,,,,,,,,,,,
PDP,H1,Duplicate H1 pattern,https://www.chewy.com/healthy-breeds-synovial-3-joint/dp/367658,True,Make H1s more specific by page/template.,"Healthy Breeds Synovial-3 Joint Health Formulation Soft Chews Dog Supplement, 120 count","Out of Stock - HEALTHY BREEDS Synovial-3 Joint Health Formulation Soft Chews Dog Supplement, 120 count - Chewy.com",114,"Buy Healthy Breeds Synovial-3 Joint Health Formulation Soft Chews Dog Supplement, 120 count at Chewy.com. FREE shipping and the BEST customer service!",150,,"Healthy Breeds Synovial-3 Joint Health Formulation Soft Chews Dog Supplement, 120 count",1,healthy-breeds-synovial-3-joint,True,True,False,False,True,True,True,True,238,537,4,,,,,,,,,,,,,,
PDP,H1,Duplicate H1 pattern,https://www.chewy.com/healthy-breeds-z-flex-max-hip-joint/dp/367721,True,Make H1s more specific by page/template.,"Healthy Breeds Z-Flex Max Hip & Joint Soft Chews Dog Supplement, 100 count","HEALTHY BREEDS Z-Flex Max Hip & Joint Soft Chews Dog Supplement, 100 count - Chewy.com",86,"Buy Healthy Breeds Z-Flex Max Hip & Joint Soft Chews Dog Supplement, 100 count at Chewy.com. FREE shipping and the BEST customer service!",137,,"Healthy Breeds Z-Flex Max Hip & Joint Soft Chews Dog Supplement, 100 count",1,healthy-breeds-z-flex-max-hip-joint,True,True,False,False,True,True,True,True,65,491,4,,,,,,,,,,,,,,
PDP,H1,Duplicate H1 pattern,https://www.chewy.com/healthy-breeds-multivitamin-soft/dp/367044,True,Make H1s more specific by page/template.,"Healthy Breeds Multivitamin Soft Chews Dog Supplement, 180 count","HEALTHY BREEDS Multivitamin Soft Chews Dog Supplement, 180 count - Chewy.com",76,"Buy Healthy Breeds Multivitamin Soft Chews Dog Supplement, 180 count at Chewy.com. FREE shipping and the BEST customer service!",127,,"Healthy Breeds Multivitamin Soft Chews Dog Supplement, 180 count",1,healthy-breeds-multivitamin-soft,True,True,False,False,True,True,True,True,219,548,4,,,,,,,,,,,,,,1.0
PDP,H1,Duplicate H1 pattern,https://www.chewy.com/healthy-breeds-multivitamin-soft/dp/366881,True,Make H1s more specific by page/template.,"Healthy Breeds Multivitamin Soft Chews Dog Supplement, 180 count","HEALTHY BREEDS Multivitamin Soft Chews Dog Supplement, 180 count - Chewy.com",76,"Buy Healthy Breeds Multivitamin Soft Chews Dog Supplement, 180 count at Chewy.com. FREE shipping and the BEST customer service!",127,,"Healthy Breeds Multivitamin Soft Chews Dog Supplement, 180 count",1,healthy-breeds-multivitamin-soft,True,True,False,False,True,True,True,True,232,548,4,,,,,,,,,,,,,,
PDP,H1,Duplicate H1 pattern,https://www.chewy.com/healthy-breeds-multivitamin-soft/dp/366882,True,Make H1s more specific by page/template.,"Healthy Breeds Multivitamin Soft Chews Dog Supplement, 180 count","HEALTHY BREEDS Multivitamin Soft Chews Dog Supplement, 180 count - Chewy.com",76,"Buy Healthy Breeds Multivitamin Soft Chews Dog Supplement, 180 count at Chewy.com. FREE shipping and the BEST customer service!",127,,"Healthy Breeds Multivitamin Soft Chews Dog Supplement, 180 count",1,healthy-breeds-multivitamin-soft,True,True,False,False,True,True,True,True,233,548,4,,,,,,,,,,,,,,
PDP,H1,Duplicate H1 pattern,https://www.chewy.com/healthy-breeds-multivitamin-soft/dp/366883,True,Make H1s more specific by page/template.,"Healthy Breeds Multivitamin Soft Chews Dog Supplement, 180 count","HEALTHY BREEDS Multivitamin Soft Chews Dog Supplement, 180 count - Chewy.com",76,"Buy Healthy Breeds Multivitamin Soft Chews Dog Supplement, 180 count at Chewy.com. FREE shipping and the BEST customer service!",127,,"Healthy Breeds Multivitamin Soft Chews Dog Supplement, 180 count",1,healthy-breeds-multivitamin-soft,True,True,False,False,True,True,True,True,232,548,4,,,,,,,,,,,,,,
PDP,H1,Duplicate H1 pattern,https://www.chewy.com/healthy-breeds-multivitamin-soft/dp/366884,True,Make H1s more specific by page/template.,"Healthy Breeds Multivitamin Soft Chews Dog Supplement, 180 count","HEALTHY BREEDS Multivitamin Soft Chews Dog Supplement, 180 count - Chewy.com",76,"Buy Healthy Breeds Multivitamin Soft Chews Dog Supplement, 180 count at Chewy.com. FREE shipping and the BEST customer service!",127,,"Healthy Breeds Multivitamin Soft Chews Dog Supplement, 180 count",1,healthy-breeds-multivitamin-soft,True,True,False,False,True,True,True,True,232,548,4,,,,,,,,,,,,,,
PDP,H1,Duplicate H1 pattern,https://www.chewy.com/healthy-breeds-multivitamin-soft/dp/366885,True,Make H1s more specific by page/template.,"Healthy Breeds Multivitamin Soft Chews Dog Supplement, 180 count","HEALTHY BREEDS Multivitamin Soft Chews Dog Supplement, 180 count - Chewy.com",76,"Buy Healthy Breeds Multivitamin Soft Chews Dog Supplement, 180 count at Chewy.com. FREE shipping and the BEST customer service!",127,,"Healthy Breeds Multivitamin Soft Chews Dog Supplement, 180 count",1,healthy-breeds-multivitamin-soft,True,True,False,False,True,True,True,True,232,548,4,,,,,,,,,,,,,,
PDP,H1,Duplicate H1 pattern,https://www.chewy.com/healthy-breeds-multivitamin-soft/dp/366886,True,Make H1s more specific by page/template.,"Healthy Breeds Multivitamin Soft Chews Dog Supplement, 180 count","HEALTHY BREEDS Multivitamin Soft Chews Dog Supplement, 180 count - Chewy.com",76,"Buy Healthy Breeds Multivitamin Soft Chews Dog Supplement, 180 count at Chewy.com. FREE shipping and the BEST customer service!",127,,"Healthy Breeds Multivitamin Soft Chews Dog Supplement, 180 count",1,healthy-breeds-multivitamin-soft,True,True,False,False,True,True,True,True,232,548,4,,,,,,,,,,,,,,
PDP,H1,Duplicate H1 pattern,https://www.chewy.com/healthy-breeds-multivitamin-soft/dp/366887,True,Make H1s more specific by page/template.,"Healthy Breeds Multivitamin Soft Chews Dog Supplement, 180 count","HEALTHY BREEDS Multivitamin Soft Chews Dog Supplement, 180 count - Chewy.com",76,"Buy Healthy Breeds Multivitamin Soft Chews Dog Supplement, 180 count at Chewy.com. FREE shipping and the BEST customer service!",127,,"Healthy Breeds Multivitamin Soft Chews Dog Supplement, 180 count",1,healthy-breeds-multivitamin-soft,True,True,False,False,True,True,True,True,232,548,4,,,,,,,,,,,,,,
PDP,H1,Duplicate H1 pattern,https://www.chewy.com/healthy-breeds-multivitamin-soft/dp/366888,True,Make H1s more specific by page/template.,"Healthy Breeds Multivitamin Soft Chews Dog Supplement, 180 count","HEALTHY BREEDS Multivitamin Soft Chews Dog Supplement, 180 count - Chewy.com",76,"Buy Healthy Breeds Multivitamin Soft Chews Dog Supplement, 180 count at Chewy.com. FREE shipping and the BEST customer service!",127,,"Healthy Breeds Multivitamin Soft Chews Dog Supplement, 180 count",1,healthy-breeds-multivitamin-soft,True,True,False,False,True,True,True,True,232,548,4,,,,,,,,,,,,,,
PDP,H1,Duplicate H1 pattern,https://www.chewy.com/healthy-breeds-multivitamin-soft/dp/366889,True,Make H1s more specific by page/template.,"Healthy Breeds Multivitamin Soft Chews Dog Supplement, 180 count","HEALTHY BREEDS Multivitamin Soft Chews Dog Supplement, 180 count - Chewy.com",76,"Buy Healthy Breeds Multivitamin Soft Chews Dog Supplement, 180 count at Chewy.com. FREE shipping and the BEST customer service!",127,,"Healthy Breeds Multivitamin Soft Chews Dog Supplement, 180 count",1,healthy-breeds-multivitamin-soft,True,True,False,False,True,True,True,True,232,548,4,,,,,,,,,,,,,,
PDP,H1,Duplicate H1 pattern,https://www.chewy.com/healthy-breeds-multivitamin-soft/dp/366890,True,Make H1s more specific by page/template.,"Healthy Breeds Multivitamin Soft Chews Dog Supplement, 180 count","HEALTHY BREEDS Multivitamin Soft Chews Dog Supplement, 180 count - Chewy.com",76,"Buy Healthy Breeds Multivitamin Soft Chews Dog Supplement, 180 count at Chewy.com. FREE shipping and the BEST customer service!",127,,"Healthy Breeds Multivitamin Soft Chews Dog Supplement, 180 count",1,healthy-breeds-multivitamin-soft,True,True,False,False,True,True,True,True,232,548,4,,,,,,,,,,,,,,
PDP,H1,Duplicate H1 pattern,https://www.chewy.com/healthy-breeds-multivitamin-soft/dp/366891,True,Make H1s more specific by page/template.,"Healthy Breeds Multivitamin Soft Chews Dog Supplement, 180 count","HEALTHY BREEDS Multivitamin Soft Chews Dog Supplement, 180 count - Chewy.com",76,"Buy Healthy Breeds Multivitamin Soft Chews Dog Supplement, 180 count at Chewy.com. FREE shipping and the BEST customer service!",127,,"Healthy Breeds Multivitamin Soft Chews Dog Supplement, 180 count",1,healthy-breeds-multivitamin-soft,True,True,False,False,True,True,True,True,232,548,4,,,,,,,,,,,,,,
PDP,H1,Duplicate H1 pattern,https://www.chewy.com/healthy-breeds-multivitamin-soft/dp/366893,True,Make H1s more specific by page/template.,"Healthy Breeds Multivitamin Soft Chews Dog Supplement, 180 count","HEALTHY BREEDS Multivitamin Soft Chews Dog Supplement, 180 count - Chewy.com",76,"Buy Healthy Breeds Multivitamin Soft Chews Dog Supplement, 180 count at Chewy.com. FREE shipping and the BEST customer service!",127,,"Healthy Breeds Multivitamin Soft Chews Dog Supplement, 180 count",1,healthy-breeds-multivitamin-soft,True,True,False,False,True,True,True,True,232,548,4,,,,,,,,,,,,,,
PDP,H1,Duplicate H1 pattern,https://www.chewy.com/healthy-breeds-multivitamin-soft/dp/366895,True,Make H1s more specific by page/template.,"Healthy Breeds Multivitamin Soft Chews Dog Supplement, 180 count","HEALTHY BREEDS Multivitamin Soft Chews Dog Supplement, 180 count - Chewy.com",76,"Buy Healthy Breeds Multivitamin Soft Chews Dog Supplement, 180 count at Chewy.com. FREE shipping and the BEST customer service!",127,,"Healthy Breeds Multivitamin Soft Chews Dog Supplement, 180 count",1,healthy-breeds-multivitamin-soft,True,True,False,False,True,True,True,True,232,548,4,,,,,,,,,,,,,,
PDP,H1,Duplicate H1 pattern,https://www.chewy.com/healthy-breeds-multivitamin-soft/dp/366896,True,Make H1s more specific by page/template.,"Healthy Breeds Multivitamin Soft Chews Dog Supplement, 180 count","HEALTHY BREEDS Multivitamin Soft Chews Dog Supplement, 180 count - Chewy.com",76,"Buy Healthy Breeds Multivitamin Soft Chews Dog Supplement, 180 count at Chewy.com. FREE shipping and the BEST customer service!",127,,"Healthy Breeds Multivitamin Soft Chews Dog Supplement, 180 count",1,healthy-breeds-multivitamin-soft,True,True,False,False,True,True,True,True,232,548,4,,,,,,,,,,,,,,
PDP,H1,Duplicate H1 pattern,https://www.chewy.com/healthy-breeds-multivitamin-soft/dp/366897,True,Make H1s more specific by page/template.,"Healthy Breeds Multivitamin Soft Chews Dog Supplement, 180 count","HEALTHY BREEDS Multivitamin Soft Chews Dog Supplement, 180 count - Chewy.com",76,"Buy Healthy Breeds Multivitamin Soft Chews Dog Supplement, 180 count at Chewy.com. FREE shipping and the BEST customer service!",127,,"Healthy Breeds Multivitamin Soft Chews Dog Supplement, 180 count",1,healthy-breeds-multivitamin-soft,True,True,False,False,True,True,True,True,232,548,4,,,,,,,,,,,,,,
PDP,H1,Duplicate H1 pattern,https://www.chewy.com/healthy-breeds-multivitamin-soft/dp/366898,True,Make H1s more specific by page/template.,"Healthy Breeds Multivitamin Soft Chews Dog Supplement, 180 count","HEALTHY BREEDS Multivitamin Soft Chews Dog Supplement, 180 count - Chewy.com",76,"Buy Healthy Breeds Multivitamin Soft Chews Dog Supplement, 180 count at Chewy.com. FREE shipping and the BEST customer service!",127,,"Healthy Breeds Multivitamin Soft Chews Dog Supplement, 180 count",1,healthy-breeds-multivitamin-soft,True,True,False,False,True,True,True,True,232,548,4,,,,,,,,,,,,,,
PDP,H1,Duplicate H1 pattern,https://www.chewy.com/healthy-breeds-multivitamin-soft/dp/366899,True,Make H1s more specific by page/template.,"Healthy Breeds Multivitamin Soft Chews Dog Supplement, 180 count","HEALTHY BREEDS Multivitamin Soft Chews Dog Supplement, 180 count - Chewy.com",76,"Buy Healthy Breeds Multivitamin Soft Chews Dog Supplement, 180 count at Chewy.com. FREE shipping and the BEST customer service!",127,,"Healthy Breeds Multivitamin Soft Chews Dog Supplement, 180 count",1,healthy-breeds-multivitamin-soft,True,True,False,False,True,True,True,True,232,548,4,,,,,,,,,,,,,,
PDP,H1,Duplicate H1 pattern,https://www.chewy.com/healthy-breeds-multivitamin-soft/dp/366900,True,Make H1s more specific by page/template.,"Healthy Breeds Multivitamin Soft Chews Dog Supplement, 180 count","HEALTHY BREEDS Multivitamin Soft Chews Dog Supplement, 180 count - Chewy.com",76,"Buy Healthy Breeds Multivitamin Soft Chews Dog Supplement, 180 count at Chewy.com. FREE shipping and the BEST customer service!",127,,"Healthy Breeds Multivitamin Soft Chews Dog Supplement, 180 count",1,healthy-breeds-multivitamin-soft,True,True,False,False,True,True,True,True,232,539,4,,,,,,,,,,,,,,
PDP,H1,Duplicate H1 pattern,https://www.chewy.com/healthy-breeds-multivitamin-soft/dp/366901,True,Make H1s more specific by page/template.,"Healthy Breeds Multivitamin Soft Chews Dog Supplement, 180 count","HEALTHY BREEDS Multivitamin Soft Chews Dog Supplement, 180 count - Chewy.com",76,"Buy Healthy Breeds Multivitamin Soft Chews Dog Supplement, 180 count at Chewy.com. FREE shipping and the BEST customer service!",127,,"Healthy Breeds Multivitamin Soft Chews Dog Supplement, 180 count",1,healthy-breeds-multivitamin-soft,True,True,False,False,True,True,True,True,232,548,4,,,,,,,,,,,,,,
PDP,H1,Duplicate H1 pattern,https://www.chewy.com/healthy-breeds-multivitamin-soft/dp/366902,True,Make H1s more specific by page/template.,"Healthy Breeds Multivitamin Soft Chews Dog Supplement, 180 count","HEALTHY BREEDS Multivitamin Soft Chews Dog Supplement, 180 count - Chewy.com",76,"Buy Healthy Breeds Multivitamin Soft Chews Dog Supplement, 180 count at Chewy.com. FREE shipping and the BEST customer service!",127,,"Healthy Breeds Multivitamin Soft Chews Dog Supplement, 180 count",1,healthy-breeds-multivitamin-soft,True,True,False,False,True,True,True,True,232,548,4,,,,,,,,,,,,,,
PDP,H1,Duplicate H1 pattern,https://www.chewy.com/healthy-breeds-multivitamin-soft/dp/366903,True,Make H1s more specific by page/template.,"Healthy Breeds Multivitamin Soft Chews Dog Supplement, 180 count","HEALTHY BREEDS Multivitamin Soft Chews Dog Supplement, 180 count - Chewy.com",76,"Buy Healthy Breeds Multivitamin Soft Chews Dog Supplement, 180 count at Chewy.com. FREE shipping and the BEST customer service!",127,,"Healthy Breeds Multivitamin Soft Chews Dog Supplement, 180 count",1,healthy-breeds-multivitamin-soft,True,True,False,False,True,True,True,True,232,548,4,,,,,,,,,,,,,,
PDP,H1,Duplicate H1 pattern,https://www.chewy.com/healthy-breeds-multivitamin-soft/dp/366904,True,Make H1s more specific by page/template.,"Healthy Breeds Multivitamin Soft Chews Dog Supplement, 180 count","HEALTHY BREEDS Multivitamin Soft Chews Dog Supplement, 180 count - Chewy.com",76,"Buy Healthy Breeds Multivitamin Soft Chews Dog Supplement, 180 count at Chewy.com. FREE shipping and the BEST customer service!",127,,"Healthy Breeds Multivitamin Soft Chews Dog Supplement, 180 count",1,healthy-breeds-multivitamin-soft,True,True,False,False,True,True,True,True,232,548,4,,,,,,,,,,,,,,
PDP,H1,Duplicate H1 pattern,https://www.chewy.com/healthy-breeds-multivitamin-soft/dp/366905,True,Make H1s more specific by page/template.,"Healthy Breeds Multivitamin Soft Chews Dog Supplement, 180 count","HEALTHY BREEDS Multivitamin Soft Chews Dog Supplement, 180 count - Chewy.com",76,"Buy Healthy Breeds Multivitamin Soft Chews Dog Supplement, 180 count at Chewy.com. FREE shipping and the BEST customer service!",127,,"Healthy Breeds Multivitamin Soft Chews Dog Supplement, 180 count",1,healthy-breeds-multivitamin-soft,True,True,False,False,True,True,True,True,233,548,4,,,,,,,,,,,,,,
PDP,H1,Duplicate H1 pattern,https://www.chewy.com/healthy-breeds-multivitamin-soft/dp/366906,True,Make H1s more specific by page/template.,"Healthy Breeds Multivitamin Soft Chews Dog Supplement, 180 count","HEALTHY BREEDS Multivitamin Soft Chews Dog Supplement, 180 count - Chewy.com",76,"Buy Healthy Breeds Multivitamin Soft Chews Dog Supplement, 180 count at Chewy.com. FREE shipping and the BEST customer service!",127,,"Healthy Breeds Multivitamin Soft Chews Dog Supplement, 180 count",1,healthy-breeds-multivitamin-soft,True,True,False,False,True,True,True,True,232,548,4,,,,,,,,,,,,,,
PDP,H1,Duplicate H1 pattern,https://www.chewy.com/healthy-breeds-multivitamin-soft/dp/366907,True,Make H1s more specific by page/template.,"Healthy Breeds Multivitamin Soft Chews Dog Supplement, 180 count","HEALTHY BREEDS Multivitamin Soft Chews Dog Supplement, 180 count - Chewy.com",76,"Buy Healthy Breeds Multivitamin Soft Chews Dog Supplement, 180 count at Chewy.com. FREE shipping and the BEST customer service!",127,,"Healthy Breeds Multivitamin Soft Chews Dog Supplement, 180 count",1,healthy-breeds-multivitamin-soft,True,True,False,False,True,True,True,True,232,548,4,,,,,,,,,,,,,,
PDP,H1,Duplicate H1 pattern,https://www.chewy.com/healthy-breeds-multivitamin-soft/dp/366908,True,Make H1s more specific by page/template.,"Healthy Breeds Multivitamin Soft Chews Dog Supplement, 180 count","HEALTHY BREEDS Multivitamin Soft Chews Dog Supplement, 180 count - Chewy.com",76,"Buy Healthy Breeds Multivitamin Soft Chews Dog Supplement, 180 count at Chewy.com. FREE shipping and the BEST customer service!",127,,"Healthy Breeds Multivitamin Soft Chews Dog Supplement, 180 count",1,healthy-breeds-multivitamin-soft,True,True,False,False,True,True,True,True,232,548,4,,,,,,,,,,,,,,
PDP,H1,Duplicate H1 pattern,https://www.chewy.com/healthy-breeds-multivitamin-soft/dp/366909,True,Make H1s more specific by page/template.,"Healthy Breeds Multivitamin Soft Chews Dog Supplement, 180 count","HEALTHY BREEDS Multivitamin Soft Chews Dog Supplement, 180 count - Chewy.com",76,"Buy Healthy Breeds Multivitamin Soft Chews Dog Supplement, 180 count at Chewy.com. FREE shipping and the BEST customer service!",127,,"Healthy Breeds Multivitamin Soft Chews Dog Supplement, 180 count",1,healthy-breeds-multivitamin-soft,True,True,False,False,True,True,True,True,232,548,4,,,,,,,,,,,,,,
PDP,H1,Duplicate H1 pattern,https://www.chewy.com/healthy-breeds-multivitamin-soft/dp/366910,True,Make H1s more specific by page/template.,"Healthy Breeds Multivitamin Soft Chews Dog Supplement, 180 count","HEALTHY BREEDS Multivitamin Soft Chews Dog Supplement, 180 count - Chewy.com",76,"Buy Healthy Breeds Multivitamin Soft Chews Dog Supplement, 180 count at Chewy.com. FREE shipping and the BEST customer service!",127,,"Healthy Breeds Multivitamin Soft Chews Dog Supplement, 180 count",1,healthy-breeds-multivitamin-soft,True,True,False,False,True,True,True,True,232,548,4,,,,,,,,,,,,,,
PDP,H1,Duplicate H1 pattern,https://www.chewy.com/healthy-breeds-multivitamin-soft/dp/366911,True,Make H1s more specific by page/template.,"Healthy Breeds Multivitamin Soft Chews Dog Supplement, 180 count","HEALTHY BREEDS Multivitamin Soft Chews Dog Supplement, 180 count - Chewy.com",76,"Buy Healthy Breeds Multivitamin Soft Chews Dog Supplement, 180 count at Chewy.com. FREE shipping and the BEST customer service!",127,,"Healthy Breeds Multivitamin Soft Chews Dog Supplement, 180 count",1,healthy-breeds-multivitamin-soft,True,True,False,False,True,True,True,True,232,548,4,,,,,,,,,,,,,,
PDP,H1,Duplicate H1 pattern,https://www.chewy.com/healthy-breeds-multivitamin-soft/dp/366912,True,Make H1s more specific by page/template.,"Healthy Breeds Multivitamin Soft Chews Dog Supplement, 180 count","HEALTHY BREEDS Multivitamin Soft Chews Dog Supplement, 180 count - Chewy.com",76,"Buy Healthy Breeds Multivitamin Soft Chews Dog Supplement, 180 count at Chewy.com. FREE shipping and the BEST customer service!",127,,"Healthy Breeds Multivitamin Soft Chews Dog Supplement, 180 count",1,healthy-breeds-multivitamin-soft,True,True,False,False,True,True,True,True,232,548,4,,,,,,,,,,,,,,
PDP,H1,Duplicate H1 pattern,https://www.chewy.com/healthy-breeds-multivitamin-soft/dp/366913,True,Make H1s more specific by page/template.,"Healthy Breeds Multivitamin Soft Chews Dog Supplement, 180 count","HEALTHY BREEDS Multivitamin Soft Chews Dog Supplement, 180 count - Chewy.com",76,"Buy Healthy Breeds Multivitamin Soft Chews Dog Supplement, 180 count at Chewy.com. FREE shipping and the BEST customer service!",127,,"Healthy Breeds Multivitamin Soft Chews Dog Supplement, 180 count",1,healthy-breeds-multivitamin-soft,True,True,False,False,True,True,True,True,232,548,4,,,,,,,,,,,,,,
PDP,H1,Duplicate H1 pattern,https://www.chewy.com/healthy-breeds-multivitamin-soft/dp/366914,True,Make H1s more specific by page/template.,"Healthy Breeds Multivitamin Soft Chews Dog Supplement, 180 count","HEALTHY BREEDS Multivitamin Soft Chews Dog Supplement, 180 count - Chewy.com",76,"Buy Healthy Breeds Multivitamin Soft Chews Dog Supplement, 180 count at Chewy.com. FREE shipping and the BEST customer service!",127,,"Healthy Breeds Multivitamin Soft Chews Dog Supplement, 180 count",1,healthy-breeds-multivitamin-soft,True,True,False,False,True,True,True,True,232,548,4,,,,,,,,,,,,,,
PDP,H1,Duplicate H1 pattern,https://www.chewy.com/healthy-breeds-multivitamin-soft/dp/366915,True,Make H1s more specific by page/template.,"Healthy Breeds Multivitamin Soft Chews Dog Supplement, 180 count","HEALTHY BREEDS Multivitamin Soft Chews Dog Supplement, 180 count - Chewy.com",76,"Buy Healthy Breeds Multivitamin Soft Chews Dog Supplement, 180 count at Chewy.com. FREE shipping and the BEST customer service!",127,,"Healthy Breeds Multivitamin Soft Chews Dog Supplement, 180 count",1,healthy-breeds-multivitamin-soft,True,True,False,False,True,True,True,True,232,548,4,,,,,,,,,,,,,,
PDP,H1,Duplicate H1 pattern,https://www.chewy.com/healthy-breeds-multivitamin-soft/dp/366916,True,Make H1s more specific by page/template.,"Healthy Breeds Multivitamin Soft Chews Dog Supplement, 180 count","HEALTHY BREEDS Multivitamin Soft Chews Dog Supplement, 180 count - Chewy.com",76,"Buy Healthy Breeds Multivitamin Soft Chews Dog Supplement, 180 count at Chewy.com. FREE shipping and the BEST customer service!",127,,"Healthy Breeds Multivitamin Soft Chews Dog Supplement, 180 count",1,healthy-breeds-multivitamin-soft,True,True,False,False,True,True,True,True,232,548,4,,,,,,,,,,,,,,
PDP,H1,Duplicate H1 pattern,https://www.chewy.com/healthy-breeds-multivitamin-soft/dp/366917,True,Make H1s more specific by page/template.,"Healthy Breeds Multivitamin Soft Chews Dog Supplement, 180 count","HEALTHY BREEDS Multivitamin Soft Chews Dog Supplement, 180 count - Chewy.com",76,"Buy Healthy Breeds Multivitamin Soft Chews Dog Supplement, 180 count at Chewy.com. FREE shipping and the BEST customer service!",127,,"Healthy Breeds Multivitamin Soft Chews Dog Supplement, 180 count",1,healthy-breeds-multivitamin-soft,True,True,False,False,True,True,True,True,233,548,4,,,,,,,,,,,,,,
PDP,H1,Duplicate H1 pattern,https://www.chewy.com/healthy-breeds-multivitamin-soft/dp/366918,True,Make H1s more specific by page/template.,"Healthy Breeds Multivitamin Soft Chews Dog Supplement, 180 count","HEALTHY BREEDS Multivitamin Soft Chews Dog Supplement, 180 count - Chewy.com",76,"Buy Healthy Breeds Multivitamin Soft Chews Dog Supplement, 180 count at Chewy.com. FREE shipping and the BEST customer service!",127,,"Healthy Breeds Multivitamin Soft Chews Dog Supplement, 180 count",1,healthy-breeds-multivitamin-soft,True,True,False,False,True,True,True,True,232,548,4,,,,,,,,,,,,,,
PDP,H1,Duplicate H1 pattern,https://www.chewy.com/healthy-breeds-multivitamin-soft/dp/366920,True,Make H1s more specific by page/template.,"Healthy Breeds Multivitamin Soft Chews Dog Supplement, 180 count","HEALTHY BREEDS Multivitamin Soft Chews Dog Supplement, 180 count - Chewy.com",76,"Buy Healthy Breeds Multivitamin Soft Chews Dog Supplement, 180 count at Chewy.com. FREE shipping and the BEST customer service!",127,,"Healthy Breeds Multivitamin Soft Chews Dog Supplement, 180 count",1,healthy-breeds-multivitamin-soft,True,True,False,False,True,True,True,True,232,547,4,,,,,,,,,,,,,,
PDP,H1,Duplicate H1 pattern,https://www.chewy.com/healthy-breeds-multivitamin-soft/dp/366921,True,Make H1s more specific by page/template.,"Healthy Breeds Multivitamin Soft Chews Dog Supplement, 180 count","HEALTHY BREEDS Multivitamin Soft Chews Dog Supplement, 180 count - Chewy.com",76,"Buy Healthy Breeds Multivitamin Soft Chews Dog Supplement, 180 count at Chewy.com. FREE shipping and the BEST customer service!",127,,"Healthy Breeds Multivitamin Soft Chews Dog Supplement, 180 count",1,healthy-breeds-multivitamin-soft,True,True,False,False,True,True,True,True,232,548,4,,,,,,,,,,,,,,
PDP,H1,Duplicate H1 pattern,https://www.chewy.com/healthy-breeds-multivitamin-soft/dp/366922,True,Make H1s more specific by page/template.,"Healthy Breeds Multivitamin Soft Chews Dog Supplement, 180 count","HEALTHY BREEDS Multivitamin Soft Chews Dog Supplement, 180 count - Chewy.com",76,"Buy Healthy Breeds Multivitamin Soft Chews Dog Supplement, 180 count at Chewy.com. FREE shipping and the BEST customer service!",127,,"Healthy Breeds Multivitamin Soft Chews Dog Supplement, 180 count",1,healthy-breeds-multivitamin-soft,True,True,False,False,True,True,True,True,232,548,4,,,,,,,,,,,,,,
PDP,H1,Duplicate H1 pattern,https://www.chewy.com/healthy-breeds-multivitamin-soft/dp/366923,True,Make H1s more specific by page/template.,"Healthy Breeds Multivitamin Soft Chews Dog Supplement, 180 count","HEALTHY BREEDS Multivitamin Soft Chews Dog Supplement, 180 count - Chewy.com",76,"Buy Healthy Breeds Multivitamin Soft Chews Dog Supplement, 180 count at Chewy.com. FREE shipping and the BEST customer service!",127,,"Healthy Breeds Multivitamin Soft Chews Dog Supplement, 180 count",1,healthy-breeds-multivitamin-soft,True,True,False,False,True,True,True,True,232,548,4,,,,,,,,,,,,,,
PDP,H1,Duplicate H1 pattern,https://www.chewy.com/healthy-breeds-multivitamin-soft/dp/366924,True,Make H1s more specific by page/template.,"Healthy Breeds Multivitamin Soft Chews Dog Supplement, 180 count","HEALTHY BREEDS Multivitamin Soft Chews Dog Supplement, 180 count - Chewy.com",76,"Buy Healthy Breeds Multivitamin Soft Chews Dog Supplement, 180 count at Chewy.com. FREE shipping and the BEST customer service!",127,,"Healthy Breeds Multivitamin Soft Chews Dog Supplement, 180 count",1,healthy-breeds-multivitamin-soft,True,True,False,False,True,True,True,True,232,548,4,,,,,,,,,,,,,,
PDP,H1,Duplicate H1 pattern,https://www.chewy.com/healthy-breeds-multivitamin-soft/dp/366926,True,Make H1s more specific by page/template.,"Healthy Breeds Multivitamin Soft Chews Dog Supplement, 180 count","HEALTHY BREEDS Multivitamin Soft Chews Dog Supplement, 180 count - Chewy.com",76,"Buy Healthy Breeds Multivitamin Soft Chews Dog Supplement, 180 count at Chewy.com. FREE shipping and the BEST customer service!",127,,"Healthy Breeds Multivitamin Soft Chews Dog Supplement, 180 count",1,healthy-breeds-multivitamin-soft,True,True,False,False,True,True,True,True,234,548,4,,,,,,,,,,,,,,
PDP,H1,Duplicate H1 pattern,https://www.chewy.com/healthy-breeds-multivitamin-soft/dp/366927,True,Make H1s more specific by page/template.,"Healthy Breeds Multivitamin Soft Chews Dog Supplement, 180 count","HEALTHY BREEDS Multivitamin Soft Chews Dog Supplement, 180 count - Chewy.com",76,"Buy Healthy Breeds Multivitamin Soft Chews Dog Supplement, 180 count at Chewy.com. FREE shipping and the BEST customer service!",127,,"Healthy Breeds Multivitamin Soft Chews Dog Supplement, 180 count",1,healthy-breeds-multivitamin-soft,True,True,False,False,True,True,True,True,232,548,4,,,,,,,,,,,,,,
PDP,H1,Duplicate H1 pattern,https://www.chewy.com/healthy-breeds-multivitamin-soft/dp/366928,True,Make H1s more specific by page/template.,"Healthy Breeds Multivitamin Soft Chews Dog Supplement, 180 count","HEALTHY BREEDS Multivitamin Soft Chews Dog Supplement, 180 count - Chewy.com",76,"Buy Healthy Breeds Multivitamin Soft Chews Dog Supplement, 180 count at Chewy.com. FREE shipping and the BEST customer service!",127,,"Healthy Breeds Multivitamin Soft Chews Dog Supplement, 180 count",1,healthy-breeds-multivitamin-soft,True,True,False,False,True,True,True,False,232,548,4,,,,,,,,,,,,,,
PDP,H1,Duplicate H1 pattern,https://www.chewy.com/healthy-breeds-multivitamin-soft/dp/366929,True,Make H1s more specific by page/template.,"Healthy Breeds Multivitamin Soft Chews Dog Supplement, 180 count","HEALTHY BREEDS Multivitamin Soft Chews Dog Supplement, 180 count - Chewy.com",76,"Buy Healthy Breeds Multivitamin Soft Chews Dog Supplement, 180 count at Chewy.com. FREE shipping and the BEST customer service!",127,,"Healthy Breeds Multivitamin Soft Chews Dog Supplement, 180 count",1,healthy-breeds-multivitamin-soft,True,True,False,False,True,True,True,True,232,548,4,,,,,,,,,,,,,,
PDP,H1,Duplicate H1 pattern,https://www.chewy.com/healthy-breeds-multivitamin-soft/dp/366931,True,Make H1s more specific by page/template.,"Healthy Breeds Multivitamin Soft Chews Dog Supplement, 180 count","HEALTHY BREEDS Multivitamin Soft Chews Dog Supplement, 180 count - Chewy.com",76,"Buy Healthy Breeds Multivitamin Soft Chews Dog Supplement, 180 count at Chewy.com. FREE shipping and the BEST customer service!",127,,"Healthy Breeds Multivitamin Soft Chews Dog Supplement, 180 count",1,healthy-breeds-multivitamin-soft,True,True,False,False,True,True,True,True,232,548,4,,,,,,,,,,,,,,
PDP,H1,Duplicate H1 pattern,https://www.chewy.com/healthy-breeds-multivitamin-soft/dp/366932,True,Make H1s more specific by page/template.,"Healthy Breeds Multivitamin Soft Chews Dog Supplement, 180 count","HEALTHY BREEDS Multivitamin Soft Chews Dog Supplement, 180 count - Chewy.com",76,"Buy Healthy Breeds Multivitamin Soft Chews Dog Supplement, 180 count at Chewy.com. FREE shipping and the BEST customer service!",127,,"Healthy Breeds Multivitamin Soft Chews Dog Supplement, 180 count",1,healthy-breeds-multivitamin-soft,True,True,False,False,True,True,True,True,233,548,4,,,,,,,,,,,,,,
PDP,H1,Duplicate H1 pattern,https://www.chewy.com/healthy-breeds-multivitamin-soft/dp/366933,True,Make H1s more specific by page/template.,"Healthy Breeds Multivitamin Soft Chews Dog Supplement, 180 count","HEALTHY BREEDS Multivitamin Soft Chews Dog Supplement, 180 count - Chewy.com",76,"Buy Healthy Breeds Multivitamin Soft Chews Dog Supplement, 180 count at Chewy.com. FREE shipping and the BEST customer service!",127,,"Healthy Breeds Multivitamin Soft Chews Dog Supplement, 180 count",1,healthy-breeds-multivitamin-soft,True,True,False,False,True,True,True,True,232,548,4,,,,,,,,,,,,,,
PDP,H1,Duplicate H1 pattern,https://www.chewy.com/healthy-breeds-multivitamin-soft/dp/366934,True,Make H1s more specific by page/template.,"Healthy Breeds Multivitamin Soft Chews Dog Supplement, 180 count","HEALTHY BREEDS Multivitamin Soft Chews Dog Supplement, 180 count - Chewy.com",76,"Buy Healthy Breeds Multivitamin Soft Chews Dog Supplement, 180 count at Chewy.com. FREE shipping and the BEST customer service!",127,,"Healthy Breeds Multivitamin Soft Chews Dog Supplement, 180 count",1,healthy-breeds-multivitamin-soft,True,True,False,False,True,True,True,True,232,548,4,,,,,,,,,,,,,,
PDP,H1,Duplicate H1 pattern,https://www.chewy.com/healthy-breeds-multivitamin-soft/dp/366935,True,Make H1s more specific by page/template.,"Healthy Breeds Multivitamin Soft Chews Dog Supplement, 180 count","HEALTHY BREEDS Multivitamin Soft Chews Dog Supplement, 180 count - Chewy.com",76,"Buy Healthy Breeds Multivitamin Soft Chews Dog Supplement, 180 count at Chewy.com. FREE shipping and the BEST customer service!",127,,"Healthy Breeds Multivitamin Soft Chews Dog Supplement, 180 count",1,healthy-breeds-multivitamin-soft,True,True,False,False,True,True,True,True,232,548,4,,,,,,,,,,,,,,
PDP,H1,Duplicate H1 pattern,https://www.chewy.com/healthy-breeds-multivitamin-soft/dp/366937,True,Make H1s more specific by page/template.,"Healthy Breeds Multivitamin Soft Chews Dog Supplement, 180 count","HEALTHY BREEDS Multivitamin Soft Chews Dog Supplement, 180 count - Chewy.com",76,"Buy Healthy Breeds Multivitamin Soft Chews Dog Supplement, 180 count at Chewy.com. FREE shipping and the BEST customer service!",127,,"Healthy Breeds Multivitamin Soft Chews Dog Supplement, 180 count",1,healthy-breeds-multivitamin-soft,True,True,False,False,True,True,True,True,232,548,4,,,,,,,,,,,,,,
PDP,H1,Duplicate H1 pattern,https://www.chewy.com/healthy-breeds-multivitamin-soft/dp/366938,True,Make H1s more specific by page/template.,"Healthy Breeds Multivitamin Soft Chews Dog Supplement, 180 count","HEALTHY BREEDS Multivitamin Soft Chews Dog Supplement, 180 count - Chewy.com",76,"Buy Healthy Breeds Multivitamin Soft Chews Dog Supplement, 180 count at Chewy.com. FREE shipping and the BEST customer service!",127,,"Healthy Breeds Multivitamin Soft Chews Dog Supplement, 180 count",1,healthy-breeds-multivitamin-soft,True,True,False,False,True,True,True,True,232,548,4,,,,,,,,,,,,,,
PDP,H1,Duplicate H1 pattern,https://www.chewy.com/healthy-breeds-multivitamin-soft/dp/366939,True,Make H1s more specific by page/template.,"Healthy Breeds Multivitamin Soft Chews Dog Supplement, 180 count","HEALTHY BREEDS Multivitamin Soft Chews Dog Supplement, 180 count - Chewy.com",76,"Buy Healthy Breeds Multivitamin Soft Chews Dog Supplement, 180 count at Chewy.com. FREE shipping and the BEST customer service!",127,,"Healthy Breeds Multivitamin Soft Chews Dog Supplement, 180 count",1,healthy-breeds-multivitamin-soft,True,True,False,False,True,True,True,True,232,548,4,,,,,,,,,,,,,,
PDP,H1,Duplicate H1 pattern,https://www.chewy.com/healthy-breeds-multivitamin-soft/dp/366940,True,Make H1s more specific by page/template.,"Healthy Breeds Multivitamin Soft Chews Dog Supplement, 180 count","HEALTHY BREEDS Multivitamin Soft Chews Dog Supplement, 180 count - Chewy.com",76,"Buy Healthy Breeds Multivitamin Soft Chews Dog Supplement, 180 count at Chewy.com. FREE shipping and the BEST customer service!",127,,"Healthy Breeds Multivitamin Soft Chews Dog Supplement, 180 count",1,healthy-breeds-multivitamin-soft,True,True,False,False,True,True,True,True,232,539,4,,,,,,,,,,,,,,
PDP,H1,Duplicate H1 pattern,https://www.chewy.com/healthy-breeds-multivitamin-soft/dp/366941,True,Make H1s more specific by page/template.,"Healthy Breeds Multivitamin Soft Chews Dog Supplement, 180 count","HEALTHY BREEDS Multivitamin Soft Chews Dog Supplement, 180 count - Chewy.com",76,"Buy Healthy Breeds Multivitamin Soft Chews Dog Supplement, 180 count at Chewy.com. FREE shipping and the BEST customer service!",127,,"Healthy Breeds Multivitamin Soft Chews Dog Supplement, 180 count",1,healthy-breeds-multivitamin-soft,True,True,False,False,True,True,True,True,232,548,4,,,,,,,,,,,,,,
PDP,H1,Duplicate H1 pattern,https://www.chewy.com/healthy-breeds-multivitamin-soft/dp/366942,True,Make H1s more specific by page/template.,"Healthy Breeds Multivitamin Soft Chews Dog Supplement, 180 count","HEALTHY BREEDS Multivitamin Soft Chews Dog Supplement, 180 count - Chewy.com",76,"Buy Healthy Breeds Multivitamin Soft Chews Dog Supplement, 180 count at Chewy.com. FREE shipping and the BEST customer service!",127,,"Healthy Breeds Multivitamin Soft Chews Dog Supplement, 180 count",1,healthy-breeds-multivitamin-soft,True,True,False,False,True,True,True,True,232,548,4,,,,,,,,,,,,,,
PDP,H1,Duplicate H1 pattern,https://www.chewy.com/healthy-breeds-multivitamin-soft/dp/366943,True,Make H1s more specific by page/template.,"Healthy Breeds Multivitamin Soft Chews Dog Supplement, 180 count","HEALTHY BREEDS Multivitamin Soft Chews Dog Supplement, 180 count - Chewy.com",76,"Buy Healthy Breeds Multivitamin Soft Chews Dog Supplement, 180 count at Chewy.com. FREE shipping and the BEST customer service!",127,,"Healthy Breeds Multivitamin Soft Chews Dog Supplement, 180 count",1,healthy-breeds-multivitamin-soft,True,True,False,False,True,True,True,True,232,548,4,,,,,,,,,,,,,,
PDP,H1,Duplicate H1 pattern,https://www.chewy.com/healthy-breeds-multivitamin-soft/dp/366944,True,Make H1s more specific by page/template.,"Healthy Breeds Multivitamin Soft Chews Dog Supplement, 180 count","HEALTHY BREEDS Multivitamin Soft Chews Dog Supplement, 180 count - Chewy.com",76,"Buy Healthy Breeds Multivitamin Soft Chews Dog Supplement, 180 count at Chewy.com. FREE shipping and the BEST customer service!",127,,"Healthy Breeds Multivitamin Soft Chews Dog Supplement, 180 count",1,healthy-breeds-multivitamin-soft,True,True,False,False,True,True,True,True,232,548,4,,,,,,,,,,,,,,
PDP,H1,Duplicate H1 pattern,https://www.chewy.com/healthy-breeds-multivitamin-soft/dp/366945,True,Make H1s more specific by page/template.,"Healthy Breeds Multivitamin Soft Chews Dog Supplement, 180 count","HEALTHY BREEDS Multivitamin Soft Chews Dog Supplement, 180 count - Chewy.com",76,"Buy Healthy Breeds Multivitamin Soft Chews Dog Supplement, 180 count at Chewy.com. FREE shipping and the BEST customer service!",127,,"Healthy Breeds Multivitamin Soft Chews Dog Supplement, 180 count",1,healthy-breeds-multivitamin-soft,True,True,False,False,True,True,True,True,233,548,4,,,,,,,,,,,,,,
PDP,H1,Duplicate H1 pattern,https://www.chewy.com/healthy-breeds-multivitamin-soft/dp/366946,True,Make H1s more specific by page/template.,"Healthy Breeds Multivitamin Soft Chews Dog Supplement, 180 count","HEALTHY BREEDS Multivitamin Soft Chews Dog Supplement, 180 count - Chewy.com",76,"Buy Healthy Breeds Multivitamin Soft Chews Dog Supplement, 180 count at Chewy.com. FREE shipping and the BEST customer service!",127,,"Healthy Breeds Multivitamin Soft Chews Dog Supplement, 180 count",1,healthy-breeds-multivitamin-soft,True,True,False,False,True,True,True,True,232,548,4,,,,,,,,,,,,,,
PDP,H1,Duplicate H1 pattern,https://www.chewy.com/healthy-breeds-multivitamin-soft/dp/366947,True,Make H1s more specific by page/template.,"Healthy Breeds Multivitamin Soft Chews Dog Supplement, 180 count","HEALTHY BREEDS Multivitamin Soft Chews Dog Supplement, 180 count - Chewy.com",76,"Buy Healthy Breeds Multivitamin Soft Chews Dog Supplement, 180 count at Chewy.com. FREE shipping and the BEST customer service!",127,,"Healthy Breeds Multivitamin Soft Chews Dog Supplement, 180 count",1,healthy-breeds-multivitamin-soft,True,True,False,False,True,True,True,True,232,548,4,,,,,,,,,,,,,,
PDP,H1,Duplicate H1 pattern,https://www.chewy.com/healthy-breeds-multivitamin-soft/dp/366948,True,Make H1s more specific by page/template.,"Healthy Breeds Multivitamin Soft Chews Dog Supplement, 180 count","HEALTHY BREEDS Multivitamin Soft Chews Dog Supplement, 180 count - Chewy.com",76,"Buy Healthy Breeds Multivitamin Soft Chews Dog Supplement, 180 count at Chewy.com. FREE shipping and the BEST customer service!",127,,"Healthy Breeds Multivitamin Soft Chews Dog Supplement, 180 count",1,healthy-breeds-multivitamin-soft,True,True,False,False,True,True,True,True,232,548,4,,,,,,,,,,,,,,
PDP,H1,Duplicate H1 pattern,https://www.chewy.com/healthy-breeds-multivitamin-soft/dp/366949,True,Make H1s more specific by page/template.,"Healthy Breeds Multivitamin Soft Chews Dog Supplement, 180 count","HEALTHY BREEDS Multivitamin Soft Chews Dog Supplement, 180 count - Chewy.com",76,"Buy Healthy Breeds Multivitamin Soft Chews Dog Supplement, 180 count at Chewy.com. FREE shipping and the BEST customer service!",127,,"Healthy Breeds Multivitamin Soft Chews Dog Supplement, 180 count",1,healthy-breeds-multivitamin-soft,True,True,False,False,True,True,True,True,233,548,4,,,,,,,,,,,,,,
PDP,H1,Duplicate H1 pattern,https://www.chewy.com/healthy-breeds-multivitamin-soft/dp/366951,True,Make H1s more specific by page/template.,"Healthy Breeds Multivitamin Soft Chews Dog Supplement, 180 count","HEALTHY BREEDS Multivitamin Soft Chews Dog Supplement, 180 count - Chewy.com",76,"Buy Healthy Breeds Multivitamin Soft Chews Dog Supplement, 180 count at Chewy.com. FREE shipping and the BEST customer service!",127,,"Healthy Breeds Multivitamin Soft Chews Dog Supplement, 180 count",1,healthy-breeds-multivitamin-soft,True,True,False,False,True,True,True,True,232,548,4,,,,,,,,,,,,,,
PDP,H1,Duplicate H1 pattern,https://www.chewy.com/healthy-breeds-multivitamin-soft/dp/366952,True,Make H1s more specific by page/template.,"Healthy Breeds Multivitamin Soft Chews Dog Supplement, 180 count","HEALTHY BREEDS Multivitamin Soft Chews Dog Supplement, 180 count - Chewy.com",76,"Buy Healthy Breeds Multivitamin Soft Chews Dog Supplement, 180 count at Chewy.com. FREE shipping and the BEST customer service!",127,,"Healthy Breeds Multivitamin Soft Chews Dog Supplement, 180 count",1,healthy-breeds-multivitamin-soft,True,True,False,False,True,True,True,True,232,548,4,,,,,,,,,,,,,,
PDP,H1,Duplicate H1 pattern,https://www.chewy.com/healthy-breeds-multivitamin-soft/dp/366953,True,Make H1s more specific by page/template.,"Healthy Breeds Multivitamin Soft Chews Dog Supplement, 180 count","HEALTHY BREEDS Multivitamin Soft Chews Dog Supplement, 180 count - Chewy.com",76,"Buy Healthy Breeds Multivitamin Soft Chews Dog Supplement, 180 count at Chewy.com. FREE shipping and the BEST customer service!",127,,"Healthy Breeds Multivitamin Soft Chews Dog Supplement, 180 count",1,healthy-breeds-multivitamin-soft,True,True,False,False,True,True,True,True,232,548,4,,,,,,,,,,,,,,
PDP,H1,Duplicate H1 pattern,https://www.chewy.com/healthy-breeds-multivitamin-soft/dp/366954,True,Make H1s more specific by page/template.,"Healthy Breeds Multivitamin Soft Chews Dog Supplement, 180 count","HEALTHY BREEDS Multivitamin Soft Chews Dog Supplement, 180 count - Chewy.com",76,"Buy Healthy Breeds Multivitamin Soft Chews Dog Supplement, 180 count at Chewy.com. FREE shipping and the BEST customer service!",127,,"Healthy Breeds Multivitamin Soft Chews Dog Supplement, 180 count",1,healthy-breeds-multivitamin-soft,True,True,False,False,True,True,True,True,233,548,4,,,,,,,,,,,,,,
PDP,H1,Duplicate H1 pattern,https://www.chewy.com/healthy-breeds-multivitamin-soft/dp/366955,True,Make H1s more specific by page/template.,"Healthy Breeds Multivitamin Soft Chews Dog Supplement, 180 count","HEALTHY BREEDS Multivitamin Soft Chews Dog Supplement, 180 count - Chewy.com",76,"Buy Healthy Breeds Multivitamin Soft Chews Dog Supplement, 180 count at Chewy.com. FREE shipping and the BEST customer service!",127,,"Healthy Breeds Multivitamin Soft Chews Dog Supplement, 180 count",1,healthy-breeds-multivitamin-soft,True,True,False,False,True,True,True,True,232,548,4,,,,,,,,,,,,,,
PDP,H1,Duplicate H1 pattern,https://www.chewy.com/healthy-breeds-multivitamin-soft/dp/366956,True,Make H1s more specific by page/template.,"Healthy Breeds Multivitamin Soft Chews Dog Supplement, 180 count","HEALTHY BREEDS Multivitamin Soft Chews Dog Supplement, 180 count - Chewy.com",76,"Buy Healthy Breeds Multivitamin Soft Chews Dog Supplement, 180 count at Chewy.com. FREE shipping and the BEST customer service!",127,,"Healthy Breeds Multivitamin Soft Chews Dog Supplement, 180 count",1,healthy-breeds-multivitamin-soft,True,True,False,False,True,True,True,True,232,548,4,,,,,,,,,,,,,,
PDP,H1,Duplicate H1 pattern,https://www.chewy.com/healthy-breeds-multivitamin-soft/dp/366957,True,Make H1s more specific by page/template.,"Healthy Breeds Multivitamin Soft Chews Dog Supplement, 180 count","HEALTHY BREEDS Multivitamin Soft Chews Dog Supplement, 180 count - Chewy.com",76,"Buy Healthy Breeds Multivitamin Soft Chews Dog Supplement, 180 count at Chewy.com. FREE shipping and the BEST customer service!",127,,"Healthy Breeds Multivitamin Soft Chews Dog Supplement, 180 count",1,healthy-breeds-multivitamin-soft,True,True,False,False,True,True,True,True,232,548,4,,,,,,,,,,,,,,
PDP,H1,Duplicate H1 pattern,https://www.chewy.com/healthy-breeds-multivitamin-soft/dp/366958,True,Make H1s more specific by page/template.,"Healthy Breeds Multivitamin Soft Chews Dog Supplement, 180 count","HEALTHY BREEDS Multivitamin Soft Chews Dog Supplement, 180 count - Chewy.com",76,"Buy Healthy Breeds Multivitamin Soft Chews Dog Supplement, 180 count at Chewy.com. FREE shipping and the BEST customer service!",127,,"Healthy Breeds Multivitamin Soft Chews Dog Supplement, 180 count",1,healthy-breeds-multivitamin-soft,True,True,False,False,True,True,True,True,232,548,4,,,,,,,,,,,,,,
PDP,H1,Duplicate H1 pattern,https://www.chewy.com/healthy-breeds-multivitamin-soft/dp/366959,True,Make H1s more specific by page/template.,"Healthy Breeds Multivitamin Soft Chews Dog Supplement, 180 count","HEALTHY BREEDS Multivitamin Soft Chews Dog Supplement, 180 count - Chewy.com",76,"Buy Healthy Breeds Multivitamin Soft Chews Dog Supplement, 180 count at Chewy.com. FREE shipping and the BEST customer service!",127,,"Healthy Breeds Multivitamin Soft Chews Dog Supplement, 180 count",1,healthy-breeds-multivitamin-soft,True,True,False,False,True,True,True,True,232,548,4,,,,,,,,,,,,,,
PDP,H1,Duplicate H1 pattern,https://www.chewy.com/healthy-breeds-multivitamin-soft/dp/366960,True,Make H1s more specific by page/template.,"Healthy Breeds Multivitamin Soft Chews Dog Supplement, 180 count","HEALTHY BREEDS Multivitamin Soft Chews Dog Supplement, 180 count - Chewy.com",76,"Buy Healthy Breeds Multivitamin Soft Chews Dog Supplement, 180 count at Chewy.com. FREE shipping and the BEST customer service!",127,,"Healthy Breeds Multivitamin Soft Chews Dog Supplement, 180 count",1,healthy-breeds-multivitamin-soft,True,True,False,False,True,True,True,True,232,542,4,,,,,,,,,,,,,,
PDP,H1,Duplicate H1 pattern,https://www.chewy.com/healthy-breeds-multivitamin-soft/dp/366961,True,Make H1s more specific by page/template.,"Healthy Breeds Multivitamin Soft Chews Dog Supplement, 180 count","HEALTHY BREEDS Multivitamin Soft Chews Dog Supplement, 180 count - Chewy.com",76,"Buy Healthy Breeds Multivitamin Soft Chews Dog Supplement, 180 count at Chewy.com. FREE shipping and the BEST customer service!",127,,"Healthy Breeds Multivitamin Soft Chews Dog Supplement, 180 count",1,healthy-breeds-multivitamin-soft,True,True,False,False,True,True,True,True,232,548,4,,,,,,,,,,,,,,
PDP,H1,Duplicate H1 pattern,https://www.chewy.com/healthy-breeds-multivitamin-soft/dp/366962,True,Make H1s more specific by page/template.,"Healthy Breeds Multivitamin Soft Chews Dog Supplement, 180 count","HEALTHY BREEDS Multivitamin Soft Chews Dog Supplement, 180 count - Chewy.com",76,"Buy Healthy Breeds Multivitamin Soft Chews Dog Supplement, 180 count at Chewy.com. FREE shipping and the BEST customer service!",127,,"Healthy Breeds Multivitamin Soft Chews Dog Supplement, 180 count",1,healthy-breeds-multivitamin-soft,True,True,False,False,True,True,True,True,232,548,4,,,,,,,,,,,,,,
PDP,H1,Duplicate H1 pattern,https://www.chewy.com/healthy-breeds-multivitamin-soft/dp/366963,True,Make H1s more specific by page/template.,"Healthy Breeds Multivitamin Soft Chews Dog Supplement, 180 count","HEALTHY BREEDS Multivitamin Soft Chews Dog Supplement, 180 count - Chewy.com",76,"Buy Healthy Breeds Multivitamin Soft Chews Dog Supplement, 180 count at Chewy.com. FREE shipping and the BEST customer service!",127,,"Healthy Breeds Multivitamin Soft Chews Dog Supplement, 180 count",1,healthy-breeds-multivitamin-soft,True,True,False,False,True,True,True,True,232,548,4,,,,,,,,,,,,,,
PDP,H1,Duplicate H1 pattern,https://www.chewy.com/healthy-breeds-multivitamin-soft/dp/366964,True,Make H1s more specific by page/template.,"Healthy Breeds Multivitamin Soft Chews Dog Supplement, 180 count","HEALTHY BREEDS Multivitamin Soft Chews Dog Supplement, 180 count - Chewy.com",76,"Buy Healthy Breeds Multivitamin Soft Chews Dog Supplement, 180 count at Chewy.com. FREE shipping and the BEST customer service!",127,,"Healthy Breeds Multivitamin Soft Chews Dog Supplement, 180 count",1,healthy-breeds-multivitamin-soft,True,True,False,False,True,True,True,True,232,548,4,,,,,,,,,,,,,,
PDP,H1,Duplicate H1 pattern,https://www.chewy.com/healthy-breeds-multivitamin-soft/dp/366965,True,Make H1s more specific by page/template.,"Healthy Breeds Multivitamin Soft Chews Dog Supplement, 180 count","HEALTHY BREEDS Multivitamin Soft Chews Dog Supplement, 180 count - Chewy.com",76,"Buy Healthy Breeds Multivitamin Soft Chews Dog Supplement, 180 count at Chewy.com. FREE shipping and the BEST customer service!",127,,"Healthy Breeds Multivitamin Soft Chews Dog Supplement, 180 count",1,healthy-breeds-multivitamin-soft,True,True,False,False,True,True,True,True,232,548,4,,,,,,,,,,,,,,
PDP,H1,Duplicate H1 pattern,https://www.chewy.com/healthy-breeds-multivitamin-soft/dp/366966,True,Make H1s more specific by page/template.,"Healthy Breeds Multivitamin Soft Chews Dog Supplement, 180 count","HEALTHY BREEDS Multivitamin Soft Chews Dog Supplement, 180 count - Chewy.com",76,"Buy Healthy Breeds Multivitamin Soft Chews Dog Supplement, 180 count at Chewy.com. FREE shipping and the BEST customer service!",127,,"Healthy Breeds Multivitamin Soft Chews Dog Supplement, 180 count",1,healthy-breeds-multivitamin-soft,True,True,False,False,True,True,True,True,232,548,4,,,,,,,,,,,,,,
PDP,H1,Duplicate H1 pattern,https://www.chewy.com/healthy-breeds-multivitamin-soft/dp/366967,True,Make H1s more specific by page/template.,"Healthy Breeds Multivitamin Soft Chews Dog Supplement, 180 count","HEALTHY BREEDS Multivitamin Soft Chews Dog Supplement, 180 count - Chewy.com",76,"Buy Healthy Breeds Multivitamin Soft Chews Dog Supplement, 180 count at Chewy.com. FREE shipping and the BEST customer service!",127,,"Healthy Breeds Multivitamin Soft Chews Dog Supplement, 180 count",1,healthy-breeds-multivitamin-soft,True,True,False,False,True,True,True,True,232,548,4,,,,,,,,,,,,,,
PDP,H1,Duplicate H1 pattern,https://www.chewy.com/healthy-breeds-multivitamin-soft/dp/366968,True,Make H1s more specific by page/template.,"Healthy Breeds Multivitamin Soft Chews Dog Supplement, 180 count","HEALTHY BREEDS Multivitamin Soft Chews Dog Supplement, 180 count - Chewy.com",76,"Buy Healthy Breeds Multivitamin Soft Chews Dog Supplement, 180 count at Chewy.com. FREE shipping and the BEST customer service!",127,,"Healthy Breeds Multivitamin Soft Chews Dog Supplement, 180 count",1,healthy-breeds-multivitamin-soft,True,True,False,False,True,True,True,True,234,548,4,,,,,,,,,,,,,,1.0
PDP,H1,Duplicate H1 pattern,https://www.chewy.com/healthy-breeds-multivitamin-soft/dp/366969,True,Make H1s more specific by page/template.,"Healthy Breeds Multivitamin Soft Chews Dog Supplement, 180 count","HEALTHY BREEDS Multivitamin Soft Chews Dog Supplement, 180 count - Chewy.com",76,"Buy Healthy Breeds Multivitamin Soft Chews Dog Supplement, 180 count at Chewy.com. FREE shipping and the BEST customer service!",127,,"Healthy Breeds Multivitamin Soft Chews Dog Supplement, 180 count",1,healthy-breeds-multivitamin-soft,True,True,False,False,True,True,True,True,232,548,4,,,,,,,,,,,,,,
PDP,H1,Duplicate H1 pattern,https://www.chewy.com/healthy-breeds-multivitamin-soft/dp/366971,True,Make H1s more specific by page/template.,"Healthy Breeds Multivitamin Soft Chews Dog Supplement, 180 count","HEALTHY BREEDS Multivitamin Soft Chews Dog Supplement, 180 count - Chewy.com",76,"Buy Healthy Breeds Multivitamin Soft Chews Dog Supplement, 180 count at Chewy.com. FREE shipping and the BEST customer service!",127,,"Healthy Breeds Multivitamin Soft Chews Dog Supplement, 180 count",1,healthy-breeds-multivitamin-soft,True,True,False,False,True,True,True,True,232,548,4,,,,,,,,,,,,,,
PDP,H1,Duplicate H1 pattern,https://www.chewy.com/healthy-breeds-multivitamin-soft/dp/366972,True,Make H1s more specific by page/template.,"Healthy Breeds Multivitamin Soft Chews Dog Supplement, 180 count","HEALTHY BREEDS Multivitamin Soft Chews Dog Supplement, 180 count - Chewy.com",76,"Buy Healthy Breeds Multivitamin Soft Chews Dog Supplement, 180 count at Chewy.com. FREE shipping and the BEST customer service!",127,,"Healthy Breeds Multivitamin Soft Chews Dog Supplement, 180 count",1,healthy-breeds-multivitamin-soft,True,True,False,False,True,True,True,True,232,548,4,,,,,,,,,,,,,,
PDP,H1,Duplicate H1 pattern,https://www.chewy.com/healthy-breeds-multivitamin-soft/dp/366973,True,Make H1s more specific by page/template.,"Healthy Breeds Multivitamin Soft Chews Dog Supplement, 180 count","HEALTHY BREEDS Multivitamin Soft Chews Dog Supplement, 180 count - Chewy.com",76,"Buy Healthy Breeds Multivitamin Soft Chews Dog Supplement, 180 count at Chewy.com. FREE shipping and the BEST customer service!",127,,"Healthy Breeds Multivitamin Soft Chews Dog Supplement, 180 count",1,healthy-breeds-multivitamin-soft,True,True,False,False,True,True,True,True,232,548,4,,,,,,,,,,,,,,
PDP,H1,Duplicate H1 pattern,https://www.chewy.com/healthy-breeds-multivitamin-soft/dp/366974,True,Make H1s more specific by page/template.,"Healthy Breeds Multivitamin Soft Chews Dog Supplement, 180 count","HEALTHY BREEDS Multivitamin Soft Chews Dog Supplement, 180 count - Chewy.com",76,"Buy Healthy Breeds Multivitamin Soft Chews Dog Supplement, 180 count at Chewy.com. FREE shipping and the BEST customer service!",127,,"Healthy Breeds Multivitamin Soft Chews Dog Supplement, 180 count",1,healthy-breeds-multivitamin-soft,True,True,False,False,True,True,True,True,232,548,4,,,,,,,,,,,,,,
PDP,H1,Duplicate H1 pattern,https://www.chewy.com/healthy-breeds-multivitamin-soft/dp/366976,True,Make H1s more specific by page/template.,"Healthy Breeds Multivitamin Soft Chews Dog Supplement, 180 count","HEALTHY BREEDS Multivitamin Soft Chews Dog Supplement, 180 count - Chewy.com",76,"Buy Healthy Breeds Multivitamin Soft Chews Dog Supplement, 180 count at Chewy.com. FREE shipping and the BEST customer service!",127,,"Healthy Breeds Multivitamin Soft Chews Dog Supplement, 180 count",1,healthy-breeds-multivitamin-soft,True,True,False,False,True,True,True,True,232,548,4,,,,,,,,,,,,,,
PDP,H1,Duplicate H1 pattern,https://www.chewy.com/healthy-breeds-multivitamin-soft/dp/366977,True,Make H1s more specific by page/template.,"Healthy Breeds Multivitamin Soft Chews Dog Supplement, 180 count","HEALTHY BREEDS Multivitamin Soft Chews Dog Supplement, 180 count - Chewy.com",76,"Buy Healthy Breeds Multivitamin Soft Chews Dog Supplement, 180 count at Chewy.com. FREE shipping and the BEST customer service!",127,,"Healthy Breeds Multivitamin Soft Chews Dog Supplement, 180 count",1,healthy-breeds-multivitamin-soft,True,True,False,False,True,True,True,True,232,548,4,,,,,,,,,,,,,,
PDP,H1,Duplicate H1 pattern,https://www.chewy.com/healthy-breeds-multivitamin-soft/dp/366978,True,Make H1s more specific by page/template.,"Healthy Breeds Multivitamin Soft Chews Dog Supplement, 180 count","HEALTHY BREEDS Multivitamin Soft Chews Dog Supplement, 180 count - Chewy.com",76,"Buy Healthy Breeds Multivitamin Soft Chews Dog Supplement, 180 count at Chewy.com. FREE shipping and the BEST customer service!",127,,"Healthy Breeds Multivitamin Soft Chews Dog Supplement, 180 count",1,healthy-breeds-multivitamin-soft,True,True,False,False,True,True,True,True,232,548,4,,,,,,,,,,,,,,
PDP,H1,Duplicate H1 pattern,https://www.chewy.com/healthy-breeds-multivitamin-soft/dp/366980,True,Make H1s more specific by page/template.,"Healthy Breeds Multivitamin Soft Chews Dog Supplement, 180 count","HEALTHY BREEDS Multivitamin Soft Chews Dog Supplement, 180 count - Chewy.com",76,"Buy Healthy Breeds Multivitamin Soft Chews Dog Supplement, 180 count at Chewy.com. FREE shipping and the BEST customer service!",127,,"Healthy Breeds Multivitamin Soft Chews Dog Supplement, 180 count",1,healthy-breeds-multivitamin-soft,True,True,False,False,True,True,True,True,232,540,4,,,,,,,,,,,,,,
PDP,H1,Duplicate H1 pattern,https://www.chewy.com/healthy-breeds-multivitamin-soft/dp/366981,True,Make H1s more specific by page/template.,"Healthy Breeds Multivitamin Soft Chews Dog Supplement, 180 count","HEALTHY BREEDS Multivitamin Soft Chews Dog Supplement, 180 count - Chewy.com",76,"Buy Healthy Breeds Multivitamin Soft Chews Dog Supplement, 180 count at Chewy.com. FREE shipping and the BEST customer service!",127,,"Healthy Breeds Multivitamin Soft Chews Dog Supplement, 180 count",1,healthy-breeds-multivitamin-soft,True,True,False,False,True,True,True,True,232,548,4,,,,,,,,,,,,,,
PDP,H1,Duplicate H1 pattern,https://www.chewy.com/healthy-breeds-multivitamin-soft/dp/366982,True,Make H1s more specific by page/template.,"Healthy Breeds Multivitamin Soft Chews Dog Supplement, 180 count","HEALTHY BREEDS Multivitamin Soft Chews Dog Supplement, 180 count - Chewy.com",76,"Buy Healthy Breeds Multivitamin Soft Chews Dog Supplement, 180 count at Chewy.com. FREE shipping and the BEST customer service!",127,,"Healthy Breeds Multivitamin Soft Chews Dog Supplement, 180 count",1,healthy-breeds-multivitamin-soft,True,True,False,False,True,True,True,True,232,548,4,,,,,,,,,,,,,,
PDP,H1,Duplicate H1 pattern,https://www.chewy.com/healthy-breeds-multivitamin-soft/dp/366983,True,Make H1s more specific by page/template.,"Healthy Breeds Multivitamin Soft Chews Dog Supplement, 180 count","HEALTHY BREEDS Multivitamin Soft Chews Dog Supplement, 180 count - Chewy.com",76,"Buy Healthy Breeds Multivitamin Soft Chews Dog Supplement, 180 count at Chewy.com. FREE shipping and the BEST customer service!",127,,"Healthy Breeds Multivitamin Soft Chews Dog Supplement, 180 count",1,healthy-breeds-multivitamin-soft,True,True,False,False,True,True,True,True,232,548,4,,,,,,,,,,,,,,
PDP,H1,Duplicate H1 pattern,https://www.chewy.com/healthy-breeds-multivitamin-soft/dp/366984,True,Make H1s more specific by page/template.,"Healthy Breeds Multivitamin Soft Chews Dog Supplement, 180 count","HEALTHY BREEDS Multivitamin Soft Chews Dog Supplement, 180 count - Chewy.com",76,"Buy Healthy Breeds Multivitamin Soft Chews Dog Supplement, 180 count at Chewy.com. FREE shipping and the BEST customer service!",127,,"Healthy Breeds Multivitamin Soft Chews Dog Supplement, 180 count",1,healthy-breeds-multivitamin-soft,True,True,False,False,True,True,True,True,232,548,4,,,,,,,,,,,,,,1.0
PDP,H1,Duplicate H1 pattern,https://www.chewy.com/healthy-breeds-multivitamin-soft/dp/366985,True,Make H1s more specific by page/template.,"Healthy Breeds Multivitamin Soft Chews Dog Supplement, 180 count","HEALTHY BREEDS Multivitamin Soft Chews Dog Supplement, 180 count - Chewy.com",76,"Buy Healthy Breeds Multivitamin Soft Chews Dog Supplement, 180 count at Chewy.com. FREE shipping and the BEST customer service!",127,,"Healthy Breeds Multivitamin Soft Chews Dog Supplement, 180 count",1,healthy-breeds-multivitamin-soft,True,True,False,False,True,True,True,True,232,548,4,,,,,,,,,,,,,,
PDP,H1,Duplicate H1 pattern,https://www.chewy.com/healthy-breeds-multivitamin-soft/dp/366986,True,Make H1s more specific by page/template.,"Healthy Breeds Multivitamin Soft Chews Dog Supplement, 180 count","HEALTHY BREEDS Multivitamin Soft Chews Dog Supplement, 180 count - Chewy.com",76,"Buy Healthy Breeds Multivitamin Soft Chews Dog Supplement, 180 count at Chewy.com. FREE shipping and the BEST customer service!",127,,"Healthy Breeds Multivitamin Soft Chews Dog Supplement, 180 count",1,healthy-breeds-multivitamin-soft,True,True,False,False,True,True,True,True,232,548,4,,,,,,,,,,,,,,
PDP,H1,Duplicate H1 pattern,https://www.chewy.com/healthy-breeds-multivitamin-soft/dp/366987,True,Make H1s more specific by page/template.,"Healthy Breeds Multivitamin Soft Chews Dog Supplement, 180 count","HEALTHY BREEDS Multivitamin Soft Chews Dog Supplement, 180 count - Chewy.com",76,"Buy Healthy Breeds Multivitamin Soft Chews Dog Supplement, 180 count at Chewy.com. FREE shipping and the BEST customer service!",127,,"Healthy Breeds Multivitamin Soft Chews Dog Supplement, 180 count",1,healthy-breeds-multivitamin-soft,True,True,False,False,True,True,True,True,232,548,4,,,,,,,,,,,,,,
PDP,H1,Duplicate H1 pattern,https://www.chewy.com/healthy-breeds-multivitamin-soft/dp/366988,True,Make H1s more specific by page/template.,"Healthy Breeds Multivitamin Soft Chews Dog Supplement, 180 count","HEALTHY BREEDS Multivitamin Soft Chews Dog Supplement, 180 count - Chewy.com",76,"Buy Healthy Breeds Multivitamin Soft Chews Dog Supplement, 180 count at Chewy.com. FREE shipping and the BEST customer service!",127,,"Healthy Breeds Multivitamin Soft Chews Dog Supplement, 180 count",1,healthy-breeds-multivitamin-soft,True,True,False,False,True,True,True,True,232,548,4,,,,,,,,,,,,,,
PDP,H1,Duplicate H1 pattern,https://www.chewy.com/healthy-breeds-multivitamin-soft/dp/366989,True,Make H1s more specific by page/template.,"Healthy Breeds Multivitamin Soft Chews Dog Supplement, 180 count","HEALTHY BREEDS Multivitamin Soft Chews Dog Supplement, 180 count - Chewy.com",76,"Buy Healthy Breeds Multivitamin Soft Chews Dog Supplement, 180 count at Chewy.com. FREE shipping and the BEST customer service!",127,,"Healthy Breeds Multivitamin Soft Chews Dog Supplement, 180 count",1,healthy-breeds-multivitamin-soft,True,True,False,False,True,True,True,True,232,548,4,,,,,,,,,,,,,,
PDP,H1,Duplicate H1 pattern,https://www.chewy.com/healthy-breeds-multivitamin-soft/dp/366990,True,Make H1s more specific by page/template.,"Healthy Breeds Multivitamin Soft Chews Dog Supplement, 180 count","HEALTHY BREEDS Multivitamin Soft Chews Dog Supplement, 180 count - Chewy.com",76,"Buy Healthy Breeds Multivitamin Soft Chews Dog Supplement, 180 count at Chewy.com. FREE shipping and the BEST customer service!",127,,"Healthy Breeds Multivitamin Soft Chews Dog Supplement, 180 count",1,healthy-breeds-multivitamin-soft,True,True,False,False,True,True,True,True,232,548,4,,,,,,,,,,,,,,
PDP,H1,Duplicate H1 pattern,https://www.chewy.com/healthy-breeds-multivitamin-soft/dp/366991,True,Make H1s more specific by page/template.,"Healthy Breeds Multivitamin Soft Chews Dog Supplement, 180 count","HEALTHY BREEDS Multivitamin Soft Chews Dog Supplement, 180 count - Chewy.com",76,"Buy Healthy Breeds Multivitamin Soft Chews Dog Supplement, 180 count at Chewy.com. FREE shipping and the BEST customer service!",127,,"Healthy Breeds Multivitamin Soft Chews Dog Supplement, 180 count",1,healthy-breeds-multivitamin-soft,True,True,False,False,True,True,True,True,232,548,4,,,,,,,,,,,,,,
PDP,H1,Duplicate H1 pattern,https://www.chewy.com/healthy-breeds-multivitamin-soft/dp/366992,True,Make H1s more specific by page/template.,"Healthy Breeds Multivitamin Soft Chews Dog Supplement, 180 count","HEALTHY BREEDS Multivitamin Soft Chews Dog Supplement, 180 count - Chewy.com",76,"Buy Healthy Breeds Multivitamin Soft Chews Dog Supplement, 180 count at Chewy.com. FREE shipping and the BEST customer service!",127,,"Healthy Breeds Multivitamin Soft Chews Dog Supplement, 180 count",1,healthy-breeds-multivitamin-soft,True,True,False,False,True,True,True,True,232,548,4,,,,,,,,,,,,,,
PDP,H1,Duplicate H1 pattern,https://www.chewy.com/healthy-breeds-multivitamin-soft/dp/366993,True,Make H1s more specific by page/template.,"Healthy Breeds Multivitamin Soft Chews Dog Supplement, 180 count","HEALTHY BREEDS Multivitamin Soft Chews Dog Supplement, 180 count - Chewy.com",76,"Buy Healthy Breeds Multivitamin Soft Chews Dog Supplement, 180 count at Chewy.com. FREE shipping and the BEST customer service!",127,,"Healthy Breeds Multivitamin Soft Chews Dog Supplement, 180 count",1,healthy-breeds-multivitamin-soft,True,True,False,False,True,True,True,True,232,548,4,,,,,,,,,,,,,,
PDP,H1,Duplicate H1 pattern,https://www.chewy.com/healthy-breeds-multivitamin-soft/dp/366994,True,Make H1s more specific by page/template.,"Healthy Breeds Multivitamin Soft Chews Dog Supplement, 180 count","HEALTHY BREEDS Multivitamin Soft Chews Dog Supplement, 180 count - Chewy.com",76,"Buy Healthy Breeds Multivitamin Soft Chews Dog Supplement, 180 count at Chewy.com. FREE shipping and the BEST customer service!",127,,"Healthy Breeds Multivitamin Soft Chews Dog Supplement, 180 count",1,healthy-breeds-multivitamin-soft,True,True,False,False,True,True,True,True,232,548,4,,,,,,,,,,,,,,
PDP,H1,Duplicate H1 pattern,https://www.chewy.com/healthy-breeds-multivitamin-soft/dp/366995,True,Make H1s more specific by page/template.,"Healthy Breeds Multivitamin Soft Chews Dog Supplement, 180 count","HEALTHY BREEDS Multivitamin Soft Chews Dog Supplement, 180 count - Chewy.com",76,"Buy Healthy Breeds Multivitamin Soft Chews Dog Supplement, 180 count at Chewy.com. FREE shipping and the BEST customer service!",127,,"Healthy Breeds Multivitamin Soft Chews Dog Supplement, 180 count",1,healthy-breeds-multivitamin-soft,True,True,False,False,True,True,True,True,232,548,4,,,,,,,,,,,,,,
PDP,H1,Duplicate H1 pattern,https://www.chewy.com/healthy-breeds-multivitamin-soft/dp/366996,True,Make H1s more specific by page/template.,"Healthy Breeds Multivitamin Soft Chews Dog Supplement, 180 count","HEALTHY BREEDS Multivitamin Soft Chews Dog Supplement, 180 count - Chewy.com",76,"Buy Healthy Breeds Multivitamin Soft Chews Dog Supplement, 180 count at Chewy.com. FREE shipping and the BEST customer service!",127,,"Healthy Breeds Multivitamin Soft Chews Dog Supplement, 180 count",1,healthy-breeds-multivitamin-soft,True,True,False,False,True,True,True,True,232,548,4,,,,,,,,,,,,,,
PDP,H1,Duplicate H1 pattern,https://www.chewy.com/healthy-breeds-multivitamin-soft/dp/366997,True,Make H1s more specific by page/template.,"Healthy Breeds Multivitamin Soft Chews Dog Supplement, 180 count","HEALTHY BREEDS Multivitamin Soft Chews Dog Supplement, 180 count - Chewy.com",76,"Buy Healthy Breeds Multivitamin Soft Chews Dog Supplement, 180 count at Chewy.com. FREE shipping and the BEST customer service!",127,,"Healthy Breeds Multivitamin Soft Chews Dog Supplement, 180 count",1,healthy-breeds-multivitamin-soft,True,True,False,False,True,True,True,True,232,548,4,,,,,,,,,,,,,,
PDP,H1,Duplicate H1 pattern,https://www.chewy.com/healthy-breeds-multivitamin-soft/dp/366998,True,Make H1s more specific by page/template.,"Healthy Breeds Multivitamin Soft Chews Dog Supplement, 180 count","HEALTHY BREEDS Multivitamin Soft Chews Dog Supplement, 180 count - Chewy.com",76,"Buy Healthy Breeds Multivitamin Soft Chews Dog Supplement, 180 count at Chewy.com. FREE shipping and the BEST customer service!",127,,"Healthy Breeds Multivitamin Soft Chews Dog Supplement, 180 count",1,healthy-breeds-multivitamin-soft,True,True,False,False,True,True,True,True,232,548,4,,,,,,,,,,,,,,
PDP,H1,Duplicate H1 pattern,https://www.chewy.com/healthy-breeds-multivitamin-soft/dp/366999,True,Make H1s more specific by page/template.,"Healthy Breeds Multivitamin Soft Chews Dog Supplement, 180 count","HEALTHY BREEDS Multivitamin Soft Chews Dog Supplement, 180 count - Chewy.com",76,"Buy Healthy Breeds Multivitamin Soft Chews Dog Supplement, 180 count at Chewy.com. FREE shipping and the BEST customer service!",127,,"Healthy Breeds Multivitamin Soft Chews Dog Supplement, 180 count",1,healthy-breeds-multivitamin-soft,True,True,False,False,True,True,True,True,232,548,4,,,,,,,,,,,,,,
PDP,H1,Duplicate H1 pattern,https://www.chewy.com/healthy-breeds-multivitamin-soft/dp/367000,True,Make H1s more specific by page/template.,"Healthy Breeds Multivitamin Soft Chews Dog Supplement, 180 count","HEALTHY BREEDS Multivitamin Soft Chews Dog Supplement, 180 count - Chewy.com",76,"Buy Healthy Breeds Multivitamin Soft Chews Dog Supplement, 180 count at Chewy.com. FREE shipping and the BEST customer service!",127,,"Healthy Breeds Multivitamin Soft Chews Dog Supplement, 180 count",1,healthy-breeds-multivitamin-soft,True,True,False,False,True,True,True,True,232,545,4,,,,,,,,,,,,,,
PDP,H1,Duplicate H1 pattern,https://www.chewy.com/healthy-breeds-multivitamin-soft/dp/367001,True,Make H1s more specific by page/template.,"Healthy Breeds Multivitamin Soft Chews Dog Supplement, 180 count","HEALTHY BREEDS Multivitamin Soft Chews Dog Supplement, 180 count - Chewy.com",76,"Buy Healthy Breeds Multivitamin Soft Chews Dog Supplement, 180 count at Chewy.com. FREE shipping and the BEST customer service!",127,,"Healthy Breeds Multivitamin Soft Chews Dog Supplement, 180 count",1,healthy-breeds-multivitamin-soft,True,True,False,False,True,True,True,True,232,548,4,,,,,,,,,,,,,,
PDP,H1,Duplicate H1 pattern,https://www.chewy.com/healthy-breeds-multivitamin-soft/dp/367002,True,Make H1s more specific by page/template.,"Healthy Breeds Multivitamin Soft Chews Dog Supplement, 180 count","HEALTHY BREEDS Multivitamin Soft Chews Dog Supplement, 180 count - Chewy.com",76,"Buy Healthy Breeds Multivitamin Soft Chews Dog Supplement, 180 count at Chewy.com. FREE shipping and the BEST customer service!",127,,"Healthy Breeds Multivitamin Soft Chews Dog Supplement, 180 count",1,healthy-breeds-multivitamin-soft,True,True,False,False,True,True,True,True,232,548,4,,,,,,,,,,,,,,
PDP,H1,Duplicate H1 pattern,https://www.chewy.com/healthy-breeds-multivitamin-soft/dp/367003,True,Make H1s more specific by page/template.,"Healthy Breeds Multivitamin Soft Chews Dog Supplement, 180 count","HEALTHY BREEDS Multivitamin Soft Chews Dog Supplement, 180 count - Chewy.com",76,"Buy Healthy Breeds Multivitamin Soft Chews Dog Supplement, 180 count at Chewy.com. FREE shipping and the BEST customer service!",127,,"Healthy Breeds Multivitamin Soft Chews Dog Supplement, 180 count",1,healthy-breeds-multivitamin-soft,True,True,False,False,True,True,True,True,232,548,4,,,,,,,,,,,,,,
PDP,H1,Duplicate H1 pattern,https://www.chewy.com/healthy-breeds-multivitamin-soft/dp/367004,True,Make H1s more specific by page/template.,"Healthy Breeds Multivitamin Soft Chews Dog Supplement, 180 count","HEALTHY BREEDS Multivitamin Soft Chews Dog Supplement, 180 count - Chewy.com",76,"Buy Healthy Breeds Multivitamin Soft Chews Dog Supplement, 180 count at Chewy.com. FREE shipping and the BEST customer service!",127,,"Healthy Breeds Multivitamin Soft Chews Dog Supplement, 180 count",1,healthy-breeds-multivitamin-soft,True,True,False,False,True,True,True,True,233,548,4,,,,,,,,,,,,,,
PDP,H1,Duplicate H1 pattern,https://www.chewy.com/healthy-breeds-multivitamin-soft/dp/367005,True,Make H1s more specific by page/template.,"Healthy Breeds Multivitamin Soft Chews Dog Supplement, 180 count","HEALTHY BREEDS Multivitamin Soft Chews Dog Supplement, 180 count - Chewy.com",76,"Buy Healthy Breeds Multivitamin Soft Chews Dog Supplement, 180 count at Chewy.com. FREE shipping and the BEST customer service!",127,,"Healthy Breeds Multivitamin Soft Chews Dog Supplement, 180 count",1,healthy-breeds-multivitamin-soft,True,True,False,False,True,True,True,True,232,548,4,,,,,,,,,,,,,,
PDP,H1,Duplicate H1 pattern,https://www.chewy.com/healthy-breeds-multivitamin-soft/dp/367006,True,Make H1s more specific by page/template.,"Healthy Breeds Multivitamin Soft Chews Dog Supplement, 180 count","HEALTHY BREEDS Multivitamin Soft Chews Dog Supplement, 180 count - Chewy.com",76,"Buy Healthy Breeds Multivitamin Soft Chews Dog Supplement, 180 count at Chewy.com. FREE shipping and the BEST customer service!",127,,"Healthy Breeds Multivitamin Soft Chews Dog Supplement, 180 count",1,healthy-breeds-multivitamin-soft,True,True,False,False,True,True,True,True,232,548,4,,,,,,,,,,,,,,
PDP,H1,Duplicate H1 pattern,https://www.chewy.com/healthy-breeds-multivitamin-soft/dp/367007,True,Make H1s more specific by page/template.,"Healthy Breeds Multivitamin Soft Chews Dog Supplement, 180 count","HEALTHY BREEDS Multivitamin Soft Chews Dog Supplement, 180 count - Chewy.com",76,"Buy Healthy Breeds Multivitamin Soft Chews Dog Supplement, 180 count at Chewy.com. FREE shipping and the BEST customer service!",127,,"Healthy Breeds Multivitamin Soft Chews Dog Supplement, 180 count",1,healthy-breeds-multivitamin-soft,True,True,False,False,True,True,True,True,232,548,4,,,,,,,,,,,,,,
PDP,H1,Duplicate H1 pattern,https://www.chewy.com/healthy-breeds-multivitamin-soft/dp/367008,True,Make H1s more specific by page/template.,"Healthy Breeds Multivitamin Soft Chews Dog Supplement, 180 count","HEALTHY BREEDS Multivitamin Soft Chews Dog Supplement, 180 count - Chewy.com",76,"Buy Healthy Breeds Multivitamin Soft Chews Dog Supplement, 180 count at Chewy.com. FREE shipping and the BEST customer service!",127,,"Healthy Breeds Multivitamin Soft Chews Dog Supplement, 180 count",1,healthy-breeds-multivitamin-soft,True,True,False,False,True,True,True,True,232,548,4,,,,,,,,,,,,,,
PDP,H1,Duplicate H1 pattern,https://www.chewy.com/healthy-breeds-multivitamin-soft/dp/367009,True,Make H1s more specific by page/template.,"Healthy Breeds Multivitamin Soft Chews Dog Supplement, 180 count","HEALTHY BREEDS Multivitamin Soft Chews Dog Supplement, 180 count - Chewy.com",76,"Buy Healthy Breeds Multivitamin Soft Chews Dog Supplement, 180 count at Chewy.com. FREE shipping and the BEST customer service!",127,,"Healthy Breeds Multivitamin Soft Chews Dog Supplement, 180 count",1,healthy-breeds-multivitamin-soft,True,True,False,False,True,True,True,True,232,548,4,,,,,,,,,,,,,,
PDP,H1,Duplicate H1 pattern,https://www.chewy.com/healthy-breeds-multivitamin-soft/dp/367010,True,Make H1s more specific by page/template.,"Healthy Breeds Multivitamin Soft Chews Dog Supplement, 180 count","HEALTHY BREEDS Multivitamin Soft Chews Dog Supplement, 180 count - Chewy.com",76,"Buy Healthy Breeds Multivitamin Soft Chews Dog Supplement, 180 count at Chewy.com. FREE shipping and the BEST customer service!",127,,"Healthy Breeds Multivitamin Soft Chews Dog Supplement, 180 count",1,healthy-breeds-multivitamin-soft,True,True,False,False,True,True,True,True,232,548,4,,,,,,,,,,,,,,
PDP,H1,Duplicate H1 pattern,https://www.chewy.com/healthy-breeds-multivitamin-soft/dp/367012,True,Make H1s more specific by page/template.,"Healthy Breeds Multivitamin Soft Chews Dog Supplement, 180 count","HEALTHY BREEDS Multivitamin Soft Chews Dog Supplement, 180 count - Chewy.com",76,"Buy Healthy Breeds Multivitamin Soft Chews Dog Supplement, 180 count at Chewy.com. FREE shipping and the BEST customer service!",127,,"Healthy Breeds Multivitamin Soft Chews Dog Supplement, 180 count",1,healthy-breeds-multivitamin-soft,True,True,False,False,True,True,True,True,232,548,4,,,,,,,,,,,,,,
PDP,H1,Duplicate H1 pattern,https://www.chewy.com/healthy-breeds-multivitamin-soft/dp/367013,True,Make H1s more specific by page/template.,"Healthy Breeds Multivitamin Soft Chews Dog Supplement, 180 count","HEALTHY BREEDS Multivitamin Soft Chews Dog Supplement, 180 count - Chewy.com",76,"Buy Healthy Breeds Multivitamin Soft Chews Dog Supplement, 180 count at Chewy.com. FREE shipping and the BEST customer service!",127,,"Healthy Breeds Multivitamin Soft Chews Dog Supplement, 180 count",1,healthy-breeds-multivitamin-soft,True,True,False,False,True,True,True,True,232,548,4,,,,,,,,,,,,,,
PDP,H1,Duplicate H1 pattern,https://www.chewy.com/healthy-breeds-multivitamin-soft/dp/367014,True,Make H1s more specific by page/template.,"Healthy Breeds Multivitamin Soft Chews Dog Supplement, 180 count","HEALTHY BREEDS Multivitamin Soft Chews Dog Supplement, 180 count - Chewy.com",76,"Buy Healthy Breeds Multivitamin Soft Chews Dog Supplement, 180 count at Chewy.com. FREE shipping and the BEST customer service!",127,,"Healthy Breeds Multivitamin Soft Chews Dog Supplement, 180 count",1,healthy-breeds-multivitamin-soft,True,True,False,False,True,True,True,True,232,548,4,,,,,,,,,,,,,,
PDP,H1,Duplicate H1 pattern,https://www.chewy.com/healthy-breeds-multivitamin-soft/dp/367015,True,Make H1s more specific by page/template.,"Healthy Breeds Multivitamin Soft Chews Dog Supplement, 180 count","HEALTHY BREEDS Multivitamin Soft Chews Dog Supplement, 180 count - Chewy.com",76,"Buy Healthy Breeds Multivitamin Soft Chews Dog Supplement, 180 count at Chewy.com. FREE shipping and the BEST customer service!",127,,"Healthy Breeds Multivitamin Soft Chews Dog Supplement, 180 count",1,healthy-breeds-multivitamin-soft,True,True,False,False,True,True,True,True,232,548,4,,,,,,,,,,,,,,
PDP,H1,Duplicate H1 pattern,https://www.chewy.com/healthy-breeds-multivitamin-soft/dp/367016,True,Make H1s more specific by page/template.,"Healthy Breeds Multivitamin Soft Chews Dog Supplement, 180 count","HEALTHY BREEDS Multivitamin Soft Chews Dog Supplement, 180 count - Chewy.com",76,"Buy Healthy Breeds Multivitamin Soft Chews Dog Supplement, 180 count at Chewy.com. FREE shipping and the BEST customer service!",127,,"Healthy Breeds Multivitamin Soft Chews Dog Supplement, 180 count",1,healthy-breeds-multivitamin-soft,True,True,False,False,True,True,True,True,232,548,4,,,,,,,,,,,,,,
PDP,H1,Duplicate H1 pattern,https://www.chewy.com/healthy-breeds-multivitamin-soft/dp/367017,True,Make H1s more specific by page/template.,"Healthy Breeds Multivitamin Soft Chews Dog Supplement, 180 count","HEALTHY BREEDS Multivitamin Soft Chews Dog Supplement, 180 count - Chewy.com",76,"Buy Healthy Breeds Multivitamin Soft Chews Dog Supplement, 180 count at Chewy.com. FREE shipping and the BEST customer service!",127,,"Healthy Breeds Multivitamin Soft Chews Dog Supplement, 180 count",1,healthy-breeds-multivitamin-soft,True,True,False,False,True,True,True,True,232,548,4,,,,,,,,,,,,,,
PDP,H1,Duplicate H1 pattern,https://www.chewy.com/healthy-breeds-multivitamin-soft/dp/367019,True,Make H1s more specific by page/template.,"Healthy Breeds Multivitamin Soft Chews Dog Supplement, 180 count","HEALTHY BREEDS Multivitamin Soft Chews Dog Supplement, 180 count - Chewy.com",76,"Buy Healthy Breeds Multivitamin Soft Chews Dog Supplement, 180 count at Chewy.com. FREE shipping and the BEST customer service!",127,,"Healthy Breeds Multivitamin Soft Chews Dog Supplement, 180 count",1,healthy-breeds-multivitamin-soft,True,True,False,False,True,True,True,True,232,548,4,,,,,,,,,,,,,,
PDP,H1,Duplicate H1 pattern,https://www.chewy.com/healthy-breeds-multivitamin-soft/dp/367020,True,Make H1s more specific by page/template.,"Healthy Breeds Multivitamin Soft Chews Dog Supplement, 180 count","HEALTHY BREEDS Multivitamin Soft Chews Dog Supplement, 180 count - Chewy.com",76,"Buy Healthy Breeds Multivitamin Soft Chews Dog Supplement, 180 count at Chewy.com. FREE shipping and the BEST customer service!",127,,"Healthy Breeds Multivitamin Soft Chews Dog Supplement, 180 count",1,healthy-breeds-multivitamin-soft,True,True,False,False,True,True,True,True,232,537,4,,,,,,,,,,,,,,
PDP,H1,Duplicate H1 pattern,https://www.chewy.com/healthy-breeds-multivitamin-soft/dp/367021,True,Make H1s more specific by page/template.,"Healthy Breeds Multivitamin Soft Chews Dog Supplement, 180 count","HEALTHY BREEDS Multivitamin Soft Chews Dog Supplement, 180 count - Chewy.com",76,"Buy Healthy Breeds Multivitamin Soft Chews Dog Supplement, 180 count at Chewy.com. FREE shipping and the BEST customer service!",127,,"Healthy Breeds Multivitamin Soft Chews Dog Supplement, 180 count",1,healthy-breeds-multivitamin-soft,True,True,False,False,True,True,True,True,233,548,4,,,,,,,,,,,,,,
PDP,H1,Duplicate H1 pattern,https://www.chewy.com/healthy-breeds-multivitamin-soft/dp/367022,True,Make H1s more specific by page/template.,"Healthy Breeds Multivitamin Soft Chews Dog Supplement, 180 count","HEALTHY BREEDS Multivitamin Soft Chews Dog Supplement, 180 count - Chewy.com",76,"Buy Healthy Breeds Multivitamin Soft Chews Dog Supplement, 180 count at Chewy.com. FREE shipping and the BEST customer service!",127,,"Healthy Breeds Multivitamin Soft Chews Dog Supplement, 180 count",1,healthy-breeds-multivitamin-soft,True,True,False,False,True,True,True,True,232,548,4,,,,,,,,,,,,,,
PDP,H1,Duplicate H1 pattern,https://www.chewy.com/healthy-breeds-multivitamin-soft/dp/367023,True,Make H1s more specific by page/template.,"Healthy Breeds Multivitamin Soft Chews Dog Supplement, 180 count","HEALTHY BREEDS Multivitamin Soft Chews Dog Supplement, 180 count - Chewy.com",76,"Buy Healthy Breeds Multivitamin Soft Chews Dog Supplement, 180 count at Chewy.com. FREE shipping and the BEST customer service!",127,,"Healthy Breeds Multivitamin Soft Chews Dog Supplement, 180 count",1,healthy-breeds-multivitamin-soft,True,True,False,False,True,True,True,True,232,548,4,,,,,,,,,,,,,,
PDP,H1,Duplicate H1 pattern,https://www.chewy.com/healthy-breeds-multivitamin-soft/dp/367024,True,Make H1s more specific by page/template.,"Healthy Breeds Multivitamin Soft Chews Dog Supplement, 180 count","HEALTHY BREEDS Multivitamin Soft Chews Dog Supplement, 180 count - Chewy.com",76,"Buy Healthy Breeds Multivitamin Soft Chews Dog Supplement, 180 count at Chewy.com. FREE shipping and the BEST customer service!",127,,"Healthy Breeds Multivitamin Soft Chews Dog Supplement, 180 count",1,healthy-breeds-multivitamin-soft,True,True,False,False,True,True,True,True,232,548,4,,,,,,,,,,,,,,
PDP,H1,Duplicate H1 pattern,https://www.chewy.com/healthy-breeds-multivitamin-soft/dp/367025,True,Make H1s more specific by page/template.,"Healthy Breeds Multivitamin Soft Chews Dog Supplement, 180 count","HEALTHY BREEDS Multivitamin Soft Chews Dog Supplement, 180 count - Chewy.com",76,"Buy Healthy Breeds Multivitamin Soft Chews Dog Supplement, 180 count at Chewy.com. FREE shipping and the BEST customer service!",127,,"Healthy Breeds Multivitamin Soft Chews Dog Supplement, 180 count",1,healthy-breeds-multivitamin-soft,True,True,False,False,True,True,True,True,232,548,4,,,,,,,,,,,,,,
PDP,H1,Duplicate H1 pattern,https://www.chewy.com/healthy-breeds-multivitamin-soft/dp/367026,True,Make H1s more specific by page/template.,"Healthy Breeds Multivitamin Soft Chews Dog Supplement, 180 count","HEALTHY BREEDS Multivitamin Soft Chews Dog Supplement, 180 count - Chewy.com",76,"Buy Healthy Breeds Multivitamin Soft Chews Dog Supplement, 180 count at Chewy.com. FREE shipping and the BEST customer service!",127,,"Healthy Breeds Multivitamin Soft Chews Dog Supplement, 180 count",1,healthy-breeds-multivitamin-soft,True,True,False,False,True,True,True,True,232,548,4,,,,,,,,,,,,,,
PDP,H1,Duplicate H1 pattern,https://www.chewy.com/healthy-breeds-multivitamin-soft/dp/367027,True,Make H1s more specific by page/template.,"Healthy Breeds Multivitamin Soft Chews Dog Supplement, 180 count","HEALTHY BREEDS Multivitamin Soft Chews Dog Supplement, 180 count - Chewy.com",76,"Buy Healthy Breeds Multivitamin Soft Chews Dog Supplement, 180 count at Chewy.com. FREE shipping and the BEST customer service!",127,,"Healthy Breeds Multivitamin Soft Chews Dog Supplement, 180 count",1,healthy-breeds-multivitamin-soft,True,True,False,False,True,True,True,True,232,548,4,,,,,,,,,,,,,,
PDP,H1,Duplicate H1 pattern,https://www.chewy.com/healthy-breeds-multivitamin-soft/dp/367028,True,Make H1s more specific by page/template.,"Healthy Breeds Multivitamin Soft Chews Dog Supplement, 180 count","HEALTHY BREEDS Multivitamin Soft Chews Dog Supplement, 180 count - Chewy.com",76,"Buy Healthy Breeds Multivitamin Soft Chews Dog Supplement, 180 count at Chewy.com. FREE shipping and the BEST customer service!",127,,"Healthy Breeds Multivitamin Soft Chews Dog Supplement, 180 count",1,healthy-breeds-multivitamin-soft,True,True,False,False,True,True,True,True,232,548,4,,,,,,,,,,,,,,
PDP,H1,Duplicate H1 pattern,https://www.chewy.com/healthy-breeds-multivitamin-soft/dp/367029,True,Make H1s more specific by page/template.,"Healthy Breeds Multivitamin Soft Chews Dog Supplement, 180 count","HEALTHY BREEDS Multivitamin Soft Chews Dog Supplement, 180 count - Chewy.com",76,"Buy Healthy Breeds Multivitamin Soft Chews Dog Supplement, 180 count at Chewy.com. FREE shipping and the BEST customer service!",127,,"Healthy Breeds Multivitamin Soft Chews Dog Supplement, 180 count",1,healthy-breeds-multivitamin-soft,True,True,False,False,True,True,True,True,232,548,4,,,,,,,,,,,,,,
PDP,H1,Duplicate H1 pattern,https://www.chewy.com/healthy-breeds-multivitamin-soft/dp/367030,True,Make H1s more specific by page/template.,"Healthy Breeds Multivitamin Soft Chews Dog Supplement, 180 count","HEALTHY BREEDS Multivitamin Soft Chews Dog Supplement, 180 count - Chewy.com",76,"Buy Healthy Breeds Multivitamin Soft Chews Dog Supplement, 180 count at Chewy.com. FREE shipping and the BEST customer service!",127,,"Healthy Breeds Multivitamin Soft Chews Dog Supplement, 180 count",1,healthy-breeds-multivitamin-soft,True,True,False,False,True,True,True,True,232,537,4,,,,,,,,,,,,,,
PDP,H1,Duplicate H1 pattern,https://www.chewy.com/healthy-breeds-multivitamin-soft/dp/367031,True,Make H1s more specific by page/template.,"Healthy Breeds Multivitamin Soft Chews Dog Supplement, 180 count","HEALTHY BREEDS Multivitamin Soft Chews Dog Supplement, 180 count - Chewy.com",76,"Buy Healthy Breeds Multivitamin Soft Chews Dog Supplement, 180 count at Chewy.com. FREE shipping and the BEST customer service!",127,,"Healthy Breeds Multivitamin Soft Chews Dog Supplement, 180 count",1,healthy-breeds-multivitamin-soft,True,True,False,False,True,True,True,True,232,548,4,,,,,,,,,,,,,,
PDP,H1,Duplicate H1 pattern,https://www.chewy.com/healthy-breeds-multivitamin-soft/dp/367032,True,Make H1s more specific by page/template.,"Healthy Breeds Multivitamin Soft Chews Dog Supplement, 180 count","HEALTHY BREEDS Multivitamin Soft Chews Dog Supplement, 180 count - Chewy.com",76,"Buy Healthy Breeds Multivitamin Soft Chews Dog Supplement, 180 count at Chewy.com. FREE shipping and the BEST customer service!",127,,"Healthy Breeds Multivitamin Soft Chews Dog Supplement, 180 count",1,healthy-breeds-multivitamin-soft,True,True,False,False,True,True,True,True,232,548,4,,,,,,,,,,,,,,
PDP,H1,Duplicate H1 pattern,https://www.chewy.com/healthy-breeds-multivitamin-soft/dp/367033,True,Make H1s more specific by page/template.,"Healthy Breeds Multivitamin Soft Chews Dog Supplement, 180 count","HEALTHY BREEDS Multivitamin Soft Chews Dog Supplement, 180 count - Chewy.com",76,"Buy Healthy Breeds Multivitamin Soft Chews Dog Supplement, 180 count at Chewy.com. FREE shipping and the BEST customer service!",127,,"Healthy Breeds Multivitamin Soft Chews Dog Supplement, 180 count",1,healthy-breeds-multivitamin-soft,True,True,False,False,True,True,True,True,232,548,4,,,,,,,,,,,,,,
PDP,H1,Duplicate H1 pattern,https://www.chewy.com/healthy-breeds-multivitamin-soft/dp/367034,True,Make H1s more specific by page/template.,"Healthy Breeds Multivitamin Soft Chews Dog Supplement, 180 count","HEALTHY BREEDS Multivitamin Soft Chews Dog Supplement, 180 count - Chewy.com",76,"Buy Healthy Breeds Multivitamin Soft Chews Dog Supplement, 180 count at Chewy.com. FREE shipping and the BEST customer service!",127,,"Healthy Breeds Multivitamin Soft Chews Dog Supplement, 180 count",1,healthy-breeds-multivitamin-soft,True,True,False,False,True,True,True,True,232,548,4,,,,,,,,,,,,,,
PDP,H1,Duplicate H1 pattern,https://www.chewy.com/healthy-breeds-multivitamin-soft/dp/367035,True,Make H1s more specific by page/template.,"Healthy Breeds Multivitamin Soft Chews Dog Supplement, 180 count","HEALTHY BREEDS Multivitamin Soft Chews Dog Supplement, 180 count - Chewy.com",76,"Buy Healthy Breeds Multivitamin Soft Chews Dog Supplement, 180 count at Chewy.com. FREE shipping and the BEST customer service!",127,,"Healthy Breeds Multivitamin Soft Chews Dog Supplement, 180 count",1,healthy-breeds-multivitamin-soft,True,True,False,False,True,True,True,True,232,548,4,,,,,,,,,,,,,,
PDP,H1,Duplicate H1 pattern,https://www.chewy.com/healthy-breeds-multivitamin-soft/dp/367036,True,Make H1s more specific by page/template.,"Healthy Breeds Multivitamin Soft Chews Dog Supplement, 180 count","HEALTHY BREEDS Multivitamin Soft Chews Dog Supplement, 180 count - Chewy.com",76,"Buy Healthy Breeds Multivitamin Soft Chews Dog Supplement, 180 count at Chewy.com. FREE shipping and the BEST customer service!",127,,"Healthy Breeds Multivitamin Soft Chews Dog Supplement, 180 count",1,healthy-breeds-multivitamin-soft,True,True,False,False,True,True,True,True,232,548,4,,,,,,,,,,,,,,
PDP,H1,Duplicate H1 pattern,https://www.chewy.com/healthy-breeds-multivitamin-soft/dp/367037,True,Make H1s more specific by page/template.,"Healthy Breeds Multivitamin Soft Chews Dog Supplement, 180 count","HEALTHY BREEDS Multivitamin Soft Chews Dog Supplement, 180 count - Chewy.com",76,"Buy Healthy Breeds Multivitamin Soft Chews Dog Supplement, 180 count at Chewy.com. FREE shipping and the BEST customer service!",127,,"Healthy Breeds Multivitamin Soft Chews Dog Supplement, 180 count",1,healthy-breeds-multivitamin-soft,True,True,False,False,True,True,True,True,232,548,4,,,,,,,,,,,,,,
PDP,H1,Duplicate H1 pattern,https://www.chewy.com/healthy-breeds-multivitamin-soft/dp/367038,True,Make H1s more specific by page/template.,"Healthy Breeds Multivitamin Soft Chews Dog Supplement, 180 count","HEALTHY BREEDS Multivitamin Soft Chews Dog Supplement, 180 count - Chewy.com",76,"Buy Healthy Breeds Multivitamin Soft Chews Dog Supplement, 180 count at Chewy.com. FREE shipping and the BEST customer service!",127,,"Healthy Breeds Multivitamin Soft Chews Dog Supplement, 180 count",1,healthy-breeds-multivitamin-soft,True,True,False,False,True,True,True,True,232,548,4,,,,,,,,,,,,,,
PDP,H1,Duplicate H1 pattern,https://www.chewy.com/healthy-breeds-multivitamin-soft/dp/367039,True,Make H1s more specific by page/template.,"Healthy Breeds Multivitamin Soft Chews Dog Supplement, 180 count","HEALTHY BREEDS Multivitamin Soft Chews Dog Supplement, 180 count - Chewy.com",76,"Buy Healthy Breeds Multivitamin Soft Chews Dog Supplement, 180 count at Chewy.com. FREE shipping and the BEST customer service!",127,,"Healthy Breeds Multivitamin Soft Chews Dog Supplement, 180 count",1,healthy-breeds-multivitamin-soft,True,True,False,False,True,True,True,True,232,548,4,,,,,,,,,,,,,,
PDP,H1,Duplicate H1 pattern,https://www.chewy.com/healthy-breeds-multivitamin-soft/dp/367040,True,Make H1s more specific by page/template.,"Healthy Breeds Multivitamin Soft Chews Dog Supplement, 180 count","HEALTHY BREEDS Multivitamin Soft Chews Dog Supplement, 180 count - Chewy.com",76,"Buy Healthy Breeds Multivitamin Soft Chews Dog Supplement, 180 count at Chewy.com. FREE shipping and the BEST customer service!",127,,"Healthy Breeds Multivitamin Soft Chews Dog Supplement, 180 count",1,healthy-breeds-multivitamin-soft,True,True,False,False,True,True,True,True,232,540,4,,,,,,,,,,,,,,
PDP,H1,Duplicate H1 pattern,https://www.chewy.com/healthy-breeds-multivitamin-soft/dp/367041,True,Make H1s more specific by page/template.,"Healthy Breeds Multivitamin Soft Chews Dog Supplement, 180 count","HEALTHY BREEDS Multivitamin Soft Chews Dog Supplement, 180 count - Chewy.com",76,"Buy Healthy Breeds Multivitamin Soft Chews Dog Supplement, 180 count at Chewy.com. FREE shipping and the BEST customer service!",127,,"Healthy Breeds Multivitamin Soft Chews Dog Supplement, 180 count",1,healthy-breeds-multivitamin-soft,True,True,False,False,True,True,True,True,232,548,4,,,,,,,,,,,,,,
PDP,H1,Duplicate H1 pattern,https://www.chewy.com/healthy-breeds-multivitamin-soft/dp/367042,True,Make H1s more specific by page/template.,"Healthy Breeds Multivitamin Soft Chews Dog Supplement, 180 count","HEALTHY BREEDS Multivitamin Soft Chews Dog Supplement, 180 count - Chewy.com",76,"Buy Healthy Breeds Multivitamin Soft Chews Dog Supplement, 180 count at Chewy.com. FREE shipping and the BEST customer service!",127,,"Healthy Breeds Multivitamin Soft Chews Dog Supplement, 180 count",1,healthy-breeds-multivitamin-soft,True,True,False,False,True,True,True,True,232,548,4,,,,,,,,,,,,,,
PDP,H1,Duplicate H1 pattern,https://www.chewy.com/healthy-breeds-multivitamin-soft/dp/367043,True,Make H1s more specific by page/template.,"Healthy Breeds Multivitamin Soft Chews Dog Supplement, 180 count","HEALTHY BREEDS Multivitamin Soft Chews Dog Supplement, 180 count - Chewy.com",76,"Buy Healthy Breeds Multivitamin Soft Chews Dog Supplement, 180 count at Chewy.com. FREE shipping and the BEST customer service!",127,,"Healthy Breeds Multivitamin Soft Chews Dog Supplement, 180 count",1,healthy-breeds-multivitamin-soft,True,True,False,False,True,True,True,True,232,548,4,,,,,,,,,,,,,,
PDP,H1,Duplicate H1 pattern,https://www.chewy.com/healthy-breeds-multivitamin-soft/dp/367045,True,Make H1s more specific by page/template.,"Healthy Breeds Multivitamin Soft Chews Dog Supplement, 180 count","HEALTHY BREEDS Multivitamin Soft Chews Dog Supplement, 180 count - Chewy.com",76,"Buy Healthy Breeds Multivitamin Soft Chews Dog Supplement, 180 count at Chewy.com. FREE shipping and the BEST customer service!",127,,"Healthy Breeds Multivitamin Soft Chews Dog Supplement, 180 count",1,healthy-breeds-multivitamin-soft,True,True,False,False,True,True,True,True,232,548,4,,,,,,,,,,,,,,1.0
PDP,H1,Duplicate H1 pattern,https://www.chewy.com/healthy-breeds-multivitamin-soft/dp/367046,True,Make H1s more specific by page/template.,"Healthy Breeds Multivitamin Soft Chews Dog Supplement, 180 count","HEALTHY BREEDS Multivitamin Soft Chews Dog Supplement, 180 count - Chewy.com",76,"Buy Healthy Breeds Multivitamin Soft Chews Dog Supplement, 180 count at Chewy.com. FREE shipping and the BEST customer service!",127,,"Healthy Breeds Multivitamin Soft Chews Dog Supplement, 180 count",1,healthy-breeds-multivitamin-soft,True,True,False,False,True,True,True,True,232,548,4,,,,,,,,,,,,,,
PDP,H1,Duplicate H1 pattern,https://www.chewy.com/healthy-breeds-multivitamin-soft/dp/367047,True,Make H1s more specific by page/template.,"Healthy Breeds Multivitamin Soft Chews Dog Supplement, 180 count","HEALTHY BREEDS Multivitamin Soft Chews Dog Supplement, 180 count - Chewy.com",76,"Buy Healthy Breeds Multivitamin Soft Chews Dog Supplement, 180 count at Chewy.com. FREE shipping and the BEST customer service!",127,,"Healthy Breeds Multivitamin Soft Chews Dog Supplement, 180 count",1,healthy-breeds-multivitamin-soft,True,True,False,False,True,True,True,True,232,548,4,,,,,,,,,,,,,,
PDP,H1,Duplicate H1 pattern,https://www.chewy.com/healthy-breeds-multivitamin-soft/dp/367048,True,Make H1s more specific by page/template.,"Healthy Breeds Multivitamin Soft Chews Dog Supplement, 180 count","HEALTHY BREEDS Multivitamin Soft Chews Dog Supplement, 180 count - Chewy.com",76,"Buy Healthy Breeds Multivitamin Soft Chews Dog Supplement, 180 count at Chewy.com. FREE shipping and the BEST customer service!",127,,"Healthy Breeds Multivitamin Soft Chews Dog Supplement, 180 count",1,healthy-breeds-multivitamin-soft,True,True,False,False,True,True,True,True,232,548,4,,,,,,,,,,,,,,
PDP,H1,Duplicate H1 pattern,https://www.chewy.com/healthy-breeds-multivitamin-soft/dp/367049,True,Make H1s more specific by page/template.,"Healthy Breeds Multivitamin Soft Chews Dog Supplement, 180 count","HEALTHY BREEDS Multivitamin Soft Chews Dog Supplement, 180 count - Chewy.com",76,"Buy Healthy Breeds Multivitamin Soft Chews Dog Supplement, 180 count at Chewy.com. FREE shipping and the BEST customer service!",127,,"Healthy Breeds Multivitamin Soft Chews Dog Supplement, 180 count",1,healthy-breeds-multivitamin-soft,True,True,False,False,True,True,True,True,232,548,4,,,,,,,,,,,,,,
PDP,H1,Duplicate H1 pattern,https://www.chewy.com/healthy-breeds-multivitamin-soft/dp/367051,True,Make H1s more specific by page/template.,"Healthy Breeds Multivitamin Soft Chews Dog Supplement, 180 count","HEALTHY BREEDS Multivitamin Soft Chews Dog Supplement, 180 count - Chewy.com",76,"Buy Healthy Breeds Multivitamin Soft Chews Dog Supplement, 180 count at Chewy.com. FREE shipping and the BEST customer service!",127,,"Healthy Breeds Multivitamin Soft Chews Dog Supplement, 180 count",1,healthy-breeds-multivitamin-soft,True,True,False,False,True,True,True,True,232,548,4,,,,,,,,,,,,,,
PDP,H1,Duplicate H1 pattern,https://www.chewy.com/healthy-breeds-multivitamin-soft/dp/367052,True,Make H1s more specific by page/template.,"Healthy Breeds Multivitamin Soft Chews Dog Supplement, 180 count","HEALTHY BREEDS Multivitamin Soft Chews Dog Supplement, 180 count - Chewy.com",76,"Buy Healthy Breeds Multivitamin Soft Chews Dog Supplement, 180 count at Chewy.com. FREE shipping and the BEST customer service!",127,,"Healthy Breeds Multivitamin Soft Chews Dog Supplement, 180 count",1,healthy-breeds-multivitamin-soft,True,True,False,False,True,True,True,True,232,548,4,,,,,,,,,,,,,,
PDP,H1,Duplicate H1 pattern,https://www.chewy.com/healthy-breeds-multivitamin-soft/dp/367053,True,Make H1s more specific by page/template.,"Healthy Breeds Multivitamin Soft Chews Dog Supplement, 180 count","HEALTHY BREEDS Multivitamin Soft Chews Dog Supplement, 180 count - Chewy.com",76,"Buy Healthy Breeds Multivitamin Soft Chews Dog Supplement, 180 count at Chewy.com. FREE shipping and the BEST customer service!",127,,"Healthy Breeds Multivitamin Soft Chews Dog Supplement, 180 count",1,healthy-breeds-multivitamin-soft,True,True,False,False,True,True,True,True,232,548,4,,,,,,,,,,,,,,
PDP,H1,Duplicate H1 pattern,https://www.chewy.com/healthy-breeds-multivitamin-soft/dp/367054,True,Make H1s more specific by page/template.,"Healthy Breeds Multivitamin Soft Chews Dog Supplement, 180 count","HEALTHY BREEDS Multivitamin Soft Chews Dog Supplement, 180 count - Chewy.com",76,"Buy Healthy Breeds Multivitamin Soft Chews Dog Supplement, 180 count at Chewy.com. FREE shipping and the BEST customer service!",127,,"Healthy Breeds Multivitamin Soft Chews Dog Supplement, 180 count",1,healthy-breeds-multivitamin-soft,True,True,False,False,True,True,True,True,233,548,4,,,,,,,,,,,,,,
PDP,H1,Duplicate H1 pattern,https://www.chewy.com/healthy-breeds-multivitamin-soft/dp/367055,True,Make H1s more specific by page/template.,"Healthy Breeds Multivitamin Soft Chews Dog Supplement, 180 count","HEALTHY BREEDS Multivitamin Soft Chews Dog Supplement, 180 count - Chewy.com",76,"Buy Healthy Breeds Multivitamin Soft Chews Dog Supplement, 180 count at Chewy.com. FREE shipping and the BEST customer service!",127,,"Healthy Breeds Multivitamin Soft Chews Dog Supplement, 180 count",1,healthy-breeds-multivitamin-soft,True,True,False,False,True,True,True,True,232,548,4,,,,,,,,,,,,,,
PDP,H1,Duplicate H1 pattern,https://www.chewy.com/healthy-breeds-multivitamin-soft/dp/367056,True,Make H1s more specific by page/template.,"Healthy Breeds Multivitamin Soft Chews Dog Supplement, 180 count","HEALTHY BREEDS Multivitamin Soft Chews Dog Supplement, 180 count - Chewy.com",76,"Buy Healthy Breeds Multivitamin Soft Chews Dog Supplement, 180 count at Chewy.com. FREE shipping and the BEST customer service!",127,,"Healthy Breeds Multivitamin Soft Chews Dog Supplement, 180 count",1,healthy-breeds-multivitamin-soft,True,True,False,False,True,True,True,True,234,548,4,,,,,,,,,,,,,,
PDP,H1,Duplicate H1 pattern,https://www.chewy.com/healthy-breeds-multivitamin-soft/dp/367058,True,Make H1s more specific by page/template.,"Healthy Breeds Multivitamin Soft Chews Dog Supplement, 180 count","HEALTHY BREEDS Multivitamin Soft Chews Dog Supplement, 180 count - Chewy.com",76,"Buy Healthy Breeds Multivitamin Soft Chews Dog Supplement, 180 count at Chewy.com. FREE shipping and the BEST customer service!",127,,"Healthy Breeds Multivitamin Soft Chews Dog Supplement, 180 count",1,healthy-breeds-multivitamin-soft,True,True,False,False,True,True,True,True,232,548,4,,,,,,,,,,,,,,
PDP,H1,Duplicate H1 pattern,https://www.chewy.com/healthy-breeds-multivitamin-soft/dp/367059,True,Make H1s more specific by page/template.,"Healthy Breeds Multivitamin Soft Chews Dog Supplement, 180 count","HEALTHY BREEDS Multivitamin Soft Chews Dog Supplement, 180 count - Chewy.com",76,"Buy Healthy Breeds Multivitamin Soft Chews Dog Supplement, 180 count at Chewy.com. FREE shipping and the BEST customer service!",127,,"Healthy Breeds Multivitamin Soft Chews Dog Supplement, 180 count",1,healthy-breeds-multivitamin-soft,True,True,False,False,True,True,True,True,232,548,4,,,,,,,,,,,,,,
PDP,H1,Duplicate H1 pattern,https://www.chewy.com/healthy-breeds-multivitamin-soft/dp/367060,True,Make H1s more specific by page/template.,"Healthy Breeds Multivitamin Soft Chews Dog Supplement, 180 count","HEALTHY BREEDS Multivitamin Soft Chews Dog Supplement, 180 count - Chewy.com",76,"Buy Healthy Breeds Multivitamin Soft Chews Dog Supplement, 180 count at Chewy.com. FREE shipping and the BEST customer service!",127,,"Healthy Breeds Multivitamin Soft Chews Dog Supplement, 180 count",1,healthy-breeds-multivitamin-soft,True,True,False,False,True,True,True,True,232,543,4,,,,,,,,,,,,,,
PDP,H1,Duplicate H1 pattern,https://www.chewy.com/healthy-breeds-multivitamin-soft/dp/367061,True,Make H1s more specific by page/template.,"Healthy Breeds Multivitamin Soft Chews Dog Supplement, 180 count","HEALTHY BREEDS Multivitamin Soft Chews Dog Supplement, 180 count - Chewy.com",76,"Buy Healthy Breeds Multivitamin Soft Chews Dog Supplement, 180 count at Chewy.com. FREE shipping and the BEST customer service!",127,,"Healthy Breeds Multivitamin Soft Chews Dog Supplement, 180 count",1,healthy-breeds-multivitamin-soft,True,True,False,False,True,True,True,True,232,548,4,,,,,,,,,,,,,,
PDP,H1,Duplicate H1 pattern,https://www.chewy.com/healthy-breeds-multivitamin-soft/dp/367062,True,Make H1s more specific by page/template.,"Healthy Breeds Multivitamin Soft Chews Dog Supplement, 180 count","HEALTHY BREEDS Multivitamin Soft Chews Dog Supplement, 180 count - Chewy.com",76,"Buy Healthy Breeds Multivitamin Soft Chews Dog Supplement, 180 count at Chewy.com. FREE shipping and the BEST customer service!",127,,"Healthy Breeds Multivitamin Soft Chews Dog Supplement, 180 count",1,healthy-breeds-multivitamin-soft,True,True,False,False,True,True,True,True,232,548,4,,,,,,,,,,,,,,
PDP,H1,Duplicate H1 pattern,https://www.chewy.com/healthy-breeds-multivitamin-soft/dp/367063,True,Make H1s more specific by page/template.,"Healthy Breeds Multivitamin Soft Chews Dog Supplement, 180 count","HEALTHY BREEDS Multivitamin Soft Chews Dog Supplement, 180 count - Chewy.com",76,"Buy Healthy Breeds Multivitamin Soft Chews Dog Supplement, 180 count at Chewy.com. FREE shipping and the BEST customer service!",127,,"Healthy Breeds Multivitamin Soft Chews Dog Supplement, 180 count",1,healthy-breeds-multivitamin-soft,True,True,False,False,True,True,True,True,232,548,4,,,,,,,,,,,,,,
PDP,H1,Duplicate H1 pattern,https://www.chewy.com/healthy-breeds-multivitamin-soft/dp/367064,True,Make H1s more specific by page/template.,"Healthy Breeds Multivitamin Soft Chews Dog Supplement, 180 count","HEALTHY BREEDS Multivitamin Soft Chews Dog Supplement, 180 count - Chewy.com",76,"Buy Healthy Breeds Multivitamin Soft Chews Dog Supplement, 180 count at Chewy.com. FREE shipping and the BEST customer service!",127,,"Healthy Breeds Multivitamin Soft Chews Dog Supplement, 180 count",1,healthy-breeds-multivitamin-soft,True,True,False,False,True,True,True,True,232,548,4,,,,,,,,,,,,,,
PDP,H1,Duplicate H1 pattern,https://www.chewy.com/healthy-breeds-multivitamin-soft/dp/367065,True,Make H1s more specific by page/template.,"Healthy Breeds Multivitamin Soft Chews Dog Supplement, 180 count","HEALTHY BREEDS Multivitamin Soft Chews Dog Supplement, 180 count - Chewy.com",76,"Buy Healthy Breeds Multivitamin Soft Chews Dog Supplement, 180 count at Chewy.com. FREE shipping and the BEST customer service!",127,,"Healthy Breeds Multivitamin Soft Chews Dog Supplement, 180 count",1,healthy-breeds-multivitamin-soft,True,True,False,False,True,True,True,True,232,548,4,,,,,,,,,,,,,,
PDP,H1,Duplicate H1 pattern,https://www.chewy.com/healthy-breeds-multivitamin-soft/dp/367066,True,Make H1s more specific by page/template.,"Healthy Breeds Multivitamin Soft Chews Dog Supplement, 180 count","HEALTHY BREEDS Multivitamin Soft Chews Dog Supplement, 180 count - Chewy.com",76,"Buy Healthy Breeds Multivitamin Soft Chews Dog Supplement, 180 count at Chewy.com. FREE shipping and the BEST customer service!",127,,"Healthy Breeds Multivitamin Soft Chews Dog Supplement, 180 count",1,healthy-breeds-multivitamin-soft,True,True,False,False,True,True,True,True,232,548,4,,,,,,,,,,,,,,
PDP,H1,Duplicate H1 pattern,https://www.chewy.com/healthy-breeds-multivitamin-soft/dp/367067,True,Make H1s more specific by page/template.,"Healthy Breeds Multivitamin Soft Chews Dog Supplement, 180 count","HEALTHY BREEDS Multivitamin Soft Chews Dog Supplement, 180 count - Chewy.com",76,"Buy Healthy Breeds Multivitamin Soft Chews Dog Supplement, 180 count at Chewy.com. FREE shipping and the BEST customer service!",127,,"Healthy Breeds Multivitamin Soft Chews Dog Supplement, 180 count",1,healthy-breeds-multivitamin-soft,True,True,False,False,True,True,True,True,232,548,4,,,,,,,,,,,,,,
PDP,H1,Duplicate H1 pattern,https://www.chewy.com/healthy-breeds-multivitamin-soft/dp/367068,True,Make H1s more specific by page/template.,"Healthy Breeds Multivitamin Soft Chews Dog Supplement, 180 count","HEALTHY BREEDS Multivitamin Soft Chews Dog Supplement, 180 count - Chewy.com",76,"Buy Healthy Breeds Multivitamin Soft Chews Dog Supplement, 180 count at Chewy.com. FREE shipping and the BEST customer service!",127,,"Healthy Breeds Multivitamin Soft Chews Dog Supplement, 180 count",1,healthy-breeds-multivitamin-soft,True,True,False,False,True,True,True,True,232,548,4,,,,,,,,,,,,,,
PDP,H1,Duplicate H1 pattern,https://www.chewy.com/healthy-breeds-multivitamin-soft/dp/367070,True,Make H1s more specific by page/template.,"Healthy Breeds Multivitamin Soft Chews Dog Supplement, 180 count","HEALTHY BREEDS Multivitamin Soft Chews Dog Supplement, 180 count - Chewy.com",76,"Buy Healthy Breeds Multivitamin Soft Chews Dog Supplement, 180 count at Chewy.com. FREE shipping and the BEST customer service!",127,,"Healthy Breeds Multivitamin Soft Chews Dog Supplement, 180 count",1,healthy-breeds-multivitamin-soft,True,True,False,False,True,True,True,True,232,548,4,,,,,,,,,,,,,,
PDP,H1,Duplicate H1 pattern,https://www.chewy.com/healthy-breeds-multivitamin-soft/dp/367071,True,Make H1s more specific by page/template.,"Healthy Breeds Multivitamin Soft Chews Dog Supplement, 180 count","HEALTHY BREEDS Multivitamin Soft Chews Dog Supplement, 180 count - Chewy.com",76,"Buy Healthy Breeds Multivitamin Soft Chews Dog Supplement, 180 count at Chewy.com. FREE shipping and the BEST customer service!",127,,"Healthy Breeds Multivitamin Soft Chews Dog Supplement, 180 count",1,healthy-breeds-multivitamin-soft,True,True,False,False,True,True,True,True,232,548,4,,,,,,,,,,,,,,
PDP,H1,Duplicate H1 pattern,https://www.chewy.com/healthy-breeds-multivitamin-soft/dp/367072,True,Make H1s more specific by page/template.,"Healthy Breeds Multivitamin Soft Chews Dog Supplement, 180 count","HEALTHY BREEDS Multivitamin Soft Chews Dog Supplement, 180 count - Chewy.com",76,"Buy Healthy Breeds Multivitamin Soft Chews Dog Supplement, 180 count at Chewy.com. FREE shipping and the BEST customer service!",127,,"Healthy Breeds Multivitamin Soft Chews Dog Supplement, 180 count",1,healthy-breeds-multivitamin-soft,True,True,False,False,True,True,True,True,233,548,4,,,,,,,,,,,,,,
PDP,H1,Duplicate H1 pattern,https://www.chewy.com/healthy-breeds-multivitamin-soft/dp/367073,True,Make H1s more specific by page/template.,"Healthy Breeds Multivitamin Soft Chews Dog Supplement, 180 count","HEALTHY BREEDS Multivitamin Soft Chews Dog Supplement, 180 count - Chewy.com",76,"Buy Healthy Breeds Multivitamin Soft Chews Dog Supplement, 180 count at Chewy.com. FREE shipping and the BEST customer service!",127,,"Healthy Breeds Multivitamin Soft Chews Dog Supplement, 180 count",1,healthy-breeds-multivitamin-soft,True,True,False,False,True,True,True,True,232,548,4,,,,,,,,,,,,,,
PDP,H1,Duplicate H1 pattern,https://www.chewy.com/healthy-breeds-multivitamin-soft/dp/367074,True,Make H1s more specific by page/template.,"Healthy Breeds Multivitamin Soft Chews Dog Supplement, 180 count","HEALTHY BREEDS Multivitamin Soft Chews Dog Supplement, 180 count - Chewy.com",76,"Buy Healthy Breeds Multivitamin Soft Chews Dog Supplement, 180 count at Chewy.com. FREE shipping and the BEST customer service!",127,,"Healthy Breeds Multivitamin Soft Chews Dog Supplement, 180 count",1,healthy-breeds-multivitamin-soft,True,True,False,False,True,True,True,True,232,548,4,,,,,,,,,,,,,,
PDP,H1,Duplicate H1 pattern,https://www.chewy.com/healthy-breeds-multivitamin-soft/dp/367075,True,Make H1s more specific by page/template.,"Healthy Breeds Multivitamin Soft Chews Dog Supplement, 180 count","HEALTHY BREEDS Multivitamin Soft Chews Dog Supplement, 180 count - Chewy.com",76,"Buy Healthy Breeds Multivitamin Soft Chews Dog Supplement, 180 count at Chewy.com. FREE shipping and the BEST customer service!",127,,"Healthy Breeds Multivitamin Soft Chews Dog Supplement, 180 count",1,healthy-breeds-multivitamin-soft,True,True,False,False,True,True,True,True,232,548,4,,,,,,,,,,,,,,
PDP,H1,Duplicate H1 pattern,https://www.chewy.com/healthy-breeds-multivitamin-soft/dp/367076,True,Make H1s more specific by page/template.,"Healthy Breeds Multivitamin Soft Chews Dog Supplement, 180 count","HEALTHY BREEDS Multivitamin Soft Chews Dog Supplement, 180 count - Chewy.com",76,"Buy Healthy Breeds Multivitamin Soft Chews Dog Supplement, 180 count at Chewy.com. FREE shipping and the BEST customer service!",127,,"Healthy Breeds Multivitamin Soft Chews Dog Supplement, 180 count",1,healthy-breeds-multivitamin-soft,True,True,False,False,True,True,True,True,232,548,4,,,,,,,,,,,,,,
PDP,H1,Duplicate H1 pattern,https://www.chewy.com/healthy-breeds-multivitamin-soft/dp/367077,True,Make H1s more specific by page/template.,"Healthy Breeds Multivitamin Soft Chews Dog Supplement, 180 count","HEALTHY BREEDS Multivitamin Soft Chews Dog Supplement, 180 count - Chewy.com",76,"Buy Healthy Breeds Multivitamin Soft Chews Dog Supplement, 180 count at Chewy.com. FREE shipping and the BEST customer service!",127,,"Healthy Breeds Multivitamin Soft Chews Dog Supplement, 180 count",1,healthy-breeds-multivitamin-soft,True,True,False,False,True,True,True,True,232,548,4,,,,,,,,,,,,,,
PDP,H1,Duplicate H1 pattern,https://www.chewy.com/healthy-breeds-multivitamin-soft/dp/367078,True,Make H1s more specific by page/template.,"Healthy Breeds Multivitamin Soft Chews Dog Supplement, 180 count","HEALTHY BREEDS Multivitamin Soft Chews Dog Supplement, 180 count - Chewy.com",76,"Buy Healthy Breeds Multivitamin Soft Chews Dog Supplement, 180 count at Chewy.com. FREE shipping and the BEST customer service!",127,,"Healthy Breeds Multivitamin Soft Chews Dog Supplement, 180 count",1,healthy-breeds-multivitamin-soft,True,True,False,False,True,True,True,True,232,548,4,,,,,,,,,,,,,,
PDP,H1,Duplicate H1 pattern,https://www.chewy.com/healthy-breeds-multivitamin-soft/dp/367079,True,Make H1s more specific by page/template.,"Healthy Breeds Multivitamin Soft Chews Dog Supplement, 180 count","HEALTHY BREEDS Multivitamin Soft Chews Dog Supplement, 180 count - Chewy.com",76,"Buy Healthy Breeds Multivitamin Soft Chews Dog Supplement, 180 count at Chewy.com. FREE shipping and the BEST customer service!",127,,"Healthy Breeds Multivitamin Soft Chews Dog Supplement, 180 count",1,healthy-breeds-multivitamin-soft,True,True,False,False,True,True,True,True,232,548,4,,,,,,,,,,,,,,
PDP,H1,Duplicate H1 pattern,https://www.chewy.com/healthy-breeds-multivitamin-soft/dp/367081,True,Make H1s more specific by page/template.,"Healthy Breeds Multivitamin Soft Chews Dog Supplement, 180 count","HEALTHY BREEDS Multivitamin Soft Chews Dog Supplement, 180 count - Chewy.com",76,"Buy Healthy Breeds Multivitamin Soft Chews Dog Supplement, 180 count at Chewy.com. FREE shipping and the BEST customer service!",127,,"Healthy Breeds Multivitamin Soft Chews Dog Supplement, 180 count",1,healthy-breeds-multivitamin-soft,True,True,False,False,True,True,True,True,232,548,4,,,,,,,,,,,,,,
PDP,H1,Duplicate H1 pattern,https://www.chewy.com/healthy-breeds-multivitamin-soft/dp/367082,True,Make H1s more specific by page/template.,"Healthy Breeds Multivitamin Soft Chews Dog Supplement, 180 count","HEALTHY BREEDS Multivitamin Soft Chews Dog Supplement, 180 count - Chewy.com",76,"Buy Healthy Breeds Multivitamin Soft Chews Dog Supplement, 180 count at Chewy.com. FREE shipping and the BEST customer service!",127,,"Healthy Breeds Multivitamin Soft Chews Dog Supplement, 180 count",1,healthy-breeds-multivitamin-soft,True,True,False,False,True,True,True,True,232,548,4,,,,,,,,,,,,,,
PDP,H1,Duplicate H1 pattern,https://www.chewy.com/healthy-breeds-multivitamin-soft/dp/367083,True,Make H1s more specific by page/template.,"Healthy Breeds Multivitamin Soft Chews Dog Supplement, 180 count","HEALTHY BREEDS Multivitamin Soft Chews Dog Supplement, 180 count - Chewy.com",76,"Buy Healthy Breeds Multivitamin Soft Chews Dog Supplement, 180 count at Chewy.com. FREE shipping and the BEST customer service!",127,,"Healthy Breeds Multivitamin Soft Chews Dog Supplement, 180 count",1,healthy-breeds-multivitamin-soft,True,True,False,False,True,True,True,True,232,548,4,,,,,,,,,,,,,,
PDP,H1,Duplicate H1 pattern,https://www.chewy.com/healthy-breeds-multivitamin-soft/dp/367084,True,Make H1s more specific by page/template.,"Healthy Breeds Multivitamin Soft Chews Dog Supplement, 180 count","HEALTHY BREEDS Multivitamin Soft Chews Dog Supplement, 180 count - Chewy.com",76,"Buy Healthy Breeds Multivitamin Soft Chews Dog Supplement, 180 count at Chewy.com. FREE shipping and the BEST customer service!",127,,"Healthy Breeds Multivitamin Soft Chews Dog Supplement, 180 count",1,healthy-breeds-multivitamin-soft,True,True,False,False,True,True,True,True,232,548,4,,,,,,,,,,,,,,
PDP,H1,Duplicate H1 pattern,https://www.chewy.com/healthy-breeds-multivitamin-soft/dp/367085,True,Make H1s more specific by page/template.,"Healthy Breeds Multivitamin Soft Chews Dog Supplement, 180 count","HEALTHY BREEDS Multivitamin Soft Chews Dog Supplement, 180 count - Chewy.com",76,"Buy Healthy Breeds Multivitamin Soft Chews Dog Supplement, 180 count at Chewy.com. FREE shipping and the BEST customer service!",127,,"Healthy Breeds Multivitamin Soft Chews Dog Supplement, 180 count",1,healthy-breeds-multivitamin-soft,True,True,False,False,True,True,True,True,232,548,4,,,,,,,,,,,,,,
PDP,H1,Duplicate H1 pattern,https://www.chewy.com/healthy-breeds-multivitamin-soft/dp/367086,True,Make H1s more specific by page/template.,"Healthy Breeds Multivitamin Soft Chews Dog Supplement, 180 count","HEALTHY BREEDS Multivitamin Soft Chews Dog Supplement, 180 count - Chewy.com",76,"Buy Healthy Breeds Multivitamin Soft Chews Dog Supplement, 180 count at Chewy.com. FREE shipping and the BEST customer service!",127,,"Healthy Breeds Multivitamin Soft Chews Dog Supplement, 180 count",1,healthy-breeds-multivitamin-soft,True,True,False,False,True,True,True,True,232,548,4,,,,,,,,,,,,,,
PDP,H1,Duplicate H1 pattern,https://www.chewy.com/healthy-breeds-multivitamin-soft/dp/367087,True,Make H1s more specific by page/template.,"Healthy Breeds Multivitamin Soft Chews Dog Supplement, 180 count","HEALTHY BREEDS Multivitamin Soft Chews Dog Supplement, 180 count - Chewy.com",76,"Buy Healthy Breeds Multivitamin Soft Chews Dog Supplement, 180 count at Chewy.com. FREE shipping and the BEST customer service!",127,,"Healthy Breeds Multivitamin Soft Chews Dog Supplement, 180 count",1,healthy-breeds-multivitamin-soft,True,True,False,False,True,True,True,True,232,548,4,,,,,,,,,,,,,,
PDP,H1,Duplicate H1 pattern,https://www.chewy.com/healthy-breeds-multivitamin-soft/dp/367089,True,Make H1s more specific by page/template.,"Healthy Breeds Multivitamin Soft Chews Dog Supplement, 180 count","HEALTHY BREEDS Multivitamin Soft Chews Dog Supplement, 180 count - Chewy.com",76,"Buy Healthy Breeds Multivitamin Soft Chews Dog Supplement, 180 count at Chewy.com. FREE shipping and the BEST customer service!",127,,"Healthy Breeds Multivitamin Soft Chews Dog Supplement, 180 count",1,healthy-breeds-multivitamin-soft,True,True,False,False,True,True,True,True,232,548,4,,,,,,,,,,,,,,
PDP,H1,Duplicate H1 pattern,https://www.chewy.com/healthy-breeds-multivitamin-soft/dp/367090,True,Make H1s more specific by page/template.,"Healthy Breeds Multivitamin Soft Chews Dog Supplement, 180 count","HEALTHY BREEDS Multivitamin Soft Chews Dog Supplement, 180 count - Chewy.com",76,"Buy Healthy Breeds Multivitamin Soft Chews Dog Supplement, 180 count at Chewy.com. FREE shipping and the BEST customer service!",127,,"Healthy Breeds Multivitamin Soft Chews Dog Supplement, 180 count",1,healthy-breeds-multivitamin-soft,True,True,False,False,True,True,True,True,232,548,4,,,,,,,,,,,,,,
PDP,H1,Duplicate H1 pattern,https://www.chewy.com/healthy-breeds-multivitamin-soft/dp/367091,True,Make H1s more specific by page/template.,"Healthy Breeds Multivitamin Soft Chews Dog Supplement, 180 count","HEALTHY BREEDS Multivitamin Soft Chews Dog Supplement, 180 count - Chewy.com",76,"Buy Healthy Breeds Multivitamin Soft Chews Dog Supplement, 180 count at Chewy.com. FREE shipping and the BEST customer service!",127,,"Healthy Breeds Multivitamin Soft Chews Dog Supplement, 180 count",1,healthy-breeds-multivitamin-soft,True,True,False,False,True,True,True,True,232,548,4,,,,,,,,,,,,,,
PDP,H1,Duplicate H1 pattern,https://www.chewy.com/healthy-breeds-multivitamin-soft/dp/367092,True,Make H1s more specific by page/template.,"Healthy Breeds Multivitamin Soft Chews Dog Supplement, 180 count","HEALTHY BREEDS Multivitamin Soft Chews Dog Supplement, 180 count - Chewy.com",76,"Buy Healthy Breeds Multivitamin Soft Chews Dog Supplement, 180 count at Chewy.com. FREE shipping and the BEST customer service!",127,,"Healthy Breeds Multivitamin Soft Chews Dog Supplement, 180 count",1,healthy-breeds-multivitamin-soft,True,True,False,False,True,True,True,True,232,548,4,,,,,,,,,,,,,,
PDP,H1,Duplicate H1 pattern,https://www.chewy.com/healthy-breeds-multivitamin-soft/dp/367093,True,Make H1s more specific by page/template.,"Healthy Breeds Multivitamin Soft Chews Dog Supplement, 180 count","HEALTHY BREEDS Multivitamin Soft Chews Dog Supplement, 180 count - Chewy.com",76,"Buy Healthy Breeds Multivitamin Soft Chews Dog Supplement, 180 count at Chewy.com. FREE shipping and the BEST customer service!",127,,"Healthy Breeds Multivitamin Soft Chews Dog Supplement, 180 count",1,healthy-breeds-multivitamin-soft,True,True,False,False,True,True,True,True,232,548,4,,,,,,,,,,,,,,
PDP,H1,Duplicate H1 pattern,https://www.chewy.com/healthy-breeds-multivitamin-soft/dp/367094,True,Make H1s more specific by page/template.,"Healthy Breeds Multivitamin Soft Chews Dog Supplement, 180 count","HEALTHY BREEDS Multivitamin Soft Chews Dog Supplement, 180 count - Chewy.com",76,"Buy Healthy Breeds Multivitamin Soft Chews Dog Supplement, 180 count at Chewy.com. FREE shipping and the BEST customer service!",127,,"Healthy Breeds Multivitamin Soft Chews Dog Supplement, 180 count",1,healthy-breeds-multivitamin-soft,True,True,False,False,True,True,True,True,232,548,4,,,,,,,,,,,,,,
PDP,H1,Duplicate H1 pattern,https://www.chewy.com/healthy-breeds-multivitamin-soft/dp/367095,True,Make H1s more specific by page/template.,"Healthy Breeds Multivitamin Soft Chews Dog Supplement, 180 count","HEALTHY BREEDS Multivitamin Soft Chews Dog Supplement, 180 count - Chewy.com",76,"Buy Healthy Breeds Multivitamin Soft Chews Dog Supplement, 180 count at Chewy.com. FREE shipping and the BEST customer service!",127,,"Healthy Breeds Multivitamin Soft Chews Dog Supplement, 180 count",1,healthy-breeds-multivitamin-soft,True,True,False,False,True,True,True,True,232,548,4,,,,,,,,,,,,,,
PDP,H1,Duplicate H1 pattern,https://www.chewy.com/healthy-breeds-multivitamin-soft/dp/367096,True,Make H1s more specific by page/template.,"Healthy Breeds Multivitamin Soft Chews Dog Supplement, 180 count","HEALTHY BREEDS Multivitamin Soft Chews Dog Supplement, 180 count - Chewy.com",76,"Buy Healthy Breeds Multivitamin Soft Chews Dog Supplement, 180 count at Chewy.com. FREE shipping and the BEST customer service!",127,,"Healthy Breeds Multivitamin Soft Chews Dog Supplement, 180 count",1,healthy-breeds-multivitamin-soft,True,True,False,False,True,True,True,True,232,548,4,,,,,,,,,,,,,,
PDP,H1,Duplicate H1 pattern,https://www.chewy.com/healthy-breeds-multivitamin-soft/dp/367097,True,Make H1s more specific by page/template.,"Healthy Breeds Multivitamin Soft Chews Dog Supplement, 180 count","HEALTHY BREEDS Multivitamin Soft Chews Dog Supplement, 180 count - Chewy.com",76,"Buy Healthy Breeds Multivitamin Soft Chews Dog Supplement, 180 count at Chewy.com. FREE shipping and the BEST customer service!",127,,"Healthy Breeds Multivitamin Soft Chews Dog Supplement, 180 count",1,healthy-breeds-multivitamin-soft,True,True,False,False,True,True,True,False,232,548,4,,,,,,,,,,,,,,
PDP,H1,Duplicate H1 pattern,https://www.chewy.com/healthy-breeds-multivitamin-soft/dp/367098,True,Make H1s more specific by page/template.,"Healthy Breeds Multivitamin Soft Chews Dog Supplement, 180 count","HEALTHY BREEDS Multivitamin Soft Chews Dog Supplement, 180 count - Chewy.com",76,"Buy Healthy Breeds Multivitamin Soft Chews Dog Supplement, 180 count at Chewy.com. FREE shipping and the BEST customer service!",127,,"Healthy Breeds Multivitamin Soft Chews Dog Supplement, 180 count",1,healthy-breeds-multivitamin-soft,True,True,False,False,True,True,True,True,233,548,4,,,,,,,,,,,,,,
PDP,H1,Duplicate H1 pattern,https://www.chewy.com/healthy-breeds-multivitamin-soft/dp/366970,True,Make H1s more specific by page/template.,"Healthy Breeds Multivitamin Soft Chews Dog Supplement, 180 count","HEALTHY BREEDS Multivitamin Soft Chews Dog Supplement, 180 count - Chewy.com",76,"Buy Healthy Breeds Multivitamin Soft Chews Dog Supplement, 180 count at Chewy.com. FREE shipping and the BEST customer service!",127,,"Healthy Breeds Multivitamin Soft Chews Dog Supplement, 180 count",1,healthy-breeds-multivitamin-soft,True,True,False,False,True,True,True,True,232,548,4,,,,,,,,,,,,,,
PDP,H1,Duplicate H1 pattern,https://www.chewy.com/healthy-breeds-multivitamin-soft/dp/367057,True,Make H1s more specific by page/template.,"Healthy Breeds Multivitamin Soft Chews Dog Supplement, 180 count","HEALTHY BREEDS Multivitamin Soft Chews Dog Supplement, 180 count - Chewy.com",76,"Buy Healthy Breeds Multivitamin Soft Chews Dog Supplement, 180 count at Chewy.com. FREE shipping and the BEST customer service!",127,,"Healthy Breeds Multivitamin Soft Chews Dog Supplement, 180 count",1,healthy-breeds-multivitamin-soft,True,True,False,False,True,True,True,True,225,548,4,,,,,,,,,,,,,,
PDP,H1,Duplicate H1 pattern,https://www.chewy.com/healthy-breeds-multivitamin-soft/dp/367011,True,Make H1s more specific by page/template.,"Healthy Breeds Multivitamin Soft Chews Dog Supplement, 180 count","HEALTHY BREEDS Multivitamin Soft Chews Dog Supplement, 180 count - Chewy.com",76,"Buy Healthy Breeds Multivitamin Soft Chews Dog Supplement, 180 count at Chewy.com. FREE shipping and the BEST customer service!",127,,"Healthy Breeds Multivitamin Soft Chews Dog Supplement, 180 count",1,healthy-breeds-multivitamin-soft,True,True,False,False,True,True,True,True,219,548,4,,,,,,,,,,,,,,
PDP,H1,Duplicate H1 pattern,https://www.chewy.com/healthy-breeds-multivitamin-soft/dp/366925,True,Make H1s more specific by page/template.,"Healthy Breeds Multivitamin Soft Chews Dog Supplement, 180 count","HEALTHY BREEDS Multivitamin Soft Chews Dog Supplement, 180 count - Chewy.com",76,"Buy Healthy Breeds Multivitamin Soft Chews Dog Supplement, 180 count at Chewy.com. FREE shipping and the BEST customer service!",127,,"Healthy Breeds Multivitamin Soft Chews Dog Supplement, 180 count",1,healthy-breeds-multivitamin-soft,True,True,False,False,True,True,True,True,219,548,4,,,,,,,,,,,,,,
PDP,H1,Duplicate H1 pattern,https://www.chewy.com/healthy-breeds-z-flex-max-hip-joint/dp/367796,True,Make H1s more specific by page/template.,"Healthy Breeds Z-Flex Max Hip & Joint Soft Chews Dog Supplement, 50 count","HEALTHY BREEDS Z-Flex Max Hip & Joint Soft Chews Dog Supplement, 50 count - Chewy.com",85,"Buy Healthy Breeds Z-Flex Max Hip & Joint Soft Chews Dog Supplement, 50 count at Chewy.com. FREE shipping and the BEST customer service!",136,,"Healthy Breeds Z-Flex Max Hip & Joint Soft Chews Dog Supplement, 50 count",1,healthy-breeds-z-flex-max-hip-joint,True,True,False,False,True,True,True,True,228,491,4,,,,,,,,,,,,,,
PDP,H1,Duplicate H1 pattern,https://www.chewy.com/healthy-breeds-z-flex-max-hip-joint/dp/367688,True,Make H1s more specific by page/template.,"Healthy Breeds Z-Flex Max Hip & Joint Soft Chews Dog Supplement, 100 count","HEALTHY BREEDS Z-Flex Max Hip & Joint Soft Chews Dog Supplement, 100 count - Chewy.com",86,"Buy Healthy Breeds Z-Flex Max Hip & Joint Soft Chews Dog Supplement, 100 count at Chewy.com. FREE shipping and the BEST customer service!",137,,"Healthy Breeds Z-Flex Max Hip & Joint Soft Chews Dog Supplement, 100 count",1,healthy-breeds-z-flex-max-hip-joint,True,True,False,False,True,True,True,True,76,491,4,,,,,,,,,,,,,,
PDP,H1,Duplicate H1 pattern,https://www.chewy.com/healthy-breeds-multivitamin-soft/dp/366919,True,Make H1s more specific by page/template.,"Healthy Breeds Multivitamin Soft Chews Dog Supplement, 180 count","HEALTHY BREEDS Multivitamin Soft Chews Dog Supplement, 180 count - Chewy.com",76,"Buy Healthy Breeds Multivitamin Soft Chews Dog Supplement, 180 count at Chewy.com. FREE shipping and the BEST customer service!",127,,"Healthy Breeds Multivitamin Soft Chews Dog Supplement, 180 count",1,healthy-breeds-multivitamin-soft,True,True,False,False,True,True,True,True,219,548,4,,,,,,,,,,,,,,
PDP,H1,Duplicate H1 pattern,https://www.chewy.com/healthy-breeds-multivitamin-soft/dp/366936,True,Make H1s more specific by page/template.,"Healthy Breeds Multivitamin Soft Chews Dog Supplement, 180 count","HEALTHY BREEDS Multivitamin Soft Chews Dog Supplement, 180 count - Chewy.com",76,"Buy Healthy Breeds Multivitamin Soft Chews Dog Supplement, 180 count at Chewy.com. FREE shipping and the BEST customer service!",127,,"Healthy Breeds Multivitamin Soft Chews Dog Supplement, 180 count",1,healthy-breeds-multivitamin-soft,True,True,False,False,True,True,True,True,219,548,4,,,,,,,,,,,,,,
PDP,H1,Duplicate H1 pattern,https://www.chewy.com/healthy-breeds-multivitamin-soft/dp/366950,True,Make H1s more specific by page/template.,"Healthy Breeds Multivitamin Soft Chews Dog Supplement, 180 count","HEALTHY BREEDS Multivitamin Soft Chews Dog Supplement, 180 count - Chewy.com",76,"Buy Healthy Breeds Multivitamin Soft Chews Dog Supplement, 180 count at Chewy.com. FREE shipping and the BEST customer service!",127,,"Healthy Breeds Multivitamin Soft Chews Dog Supplement, 180 count",1,healthy-breeds-multivitamin-soft,True,True,False,False,True,True,True,True,220,548,4,,,,,,,,,,,,,,
PDP,H1,Duplicate H1 pattern,https://www.chewy.com/healthy-breeds-multivitamin-soft/dp/366975,True,Make H1s more specific by page/template.,"Healthy Breeds Multivitamin Soft Chews Dog Supplement, 180 count","HEALTHY BREEDS Multivitamin Soft Chews Dog Supplement, 180 count - Chewy.com",76,"Buy Healthy Breeds Multivitamin Soft Chews Dog Supplement, 180 count at Chewy.com. FREE shipping and the BEST customer service!",127,,"Healthy Breeds Multivitamin Soft Chews Dog Supplement, 180 count",1,healthy-breeds-multivitamin-soft,True,True,False,False,True,True,True,True,219,548,4,,,,,,,,,,,,,,
PDP,H1,Duplicate H1 pattern,https://www.chewy.com/healthy-breeds-multivitamin-soft/dp/366979,True,Make H1s more specific by page/template.,"Healthy Breeds Multivitamin Soft Chews Dog Supplement, 180 count","HEALTHY BREEDS Multivitamin Soft Chews Dog Supplement, 180 count - Chewy.com",76,"Buy Healthy Breeds Multivitamin Soft Chews Dog Supplement, 180 count at Chewy.com. FREE shipping and the BEST customer service!",127,,"Healthy Breeds Multivitamin Soft Chews Dog Supplement, 180 count",1,healthy-breeds-multivitamin-soft,True,True,False,False,True,True,True,True,219,548,4,,,,,,,,,,,,,,
PDP,H1,Duplicate H1 pattern,https://www.chewy.com/healthy-breeds-multivitamin-soft/dp/367018,True,Make H1s more specific by page/template.,"Healthy Breeds Multivitamin Soft Chews Dog Supplement, 180 count","HEALTHY BREEDS Multivitamin Soft Chews Dog Supplement, 180 count - Chewy.com",76,"Buy Healthy Breeds Multivitamin Soft Chews Dog Supplement, 180 count at Chewy.com. FREE shipping and the BEST customer service!",127,,"Healthy Breeds Multivitamin Soft Chews Dog Supplement, 180 count",1,healthy-breeds-multivitamin-soft,True,True,False,False,True,True,True,True,219,548,4,,,,,,,,,,,,,,
PDP,H1,Duplicate H1 pattern,https://www.chewy.com/healthy-breeds-multivitamin-soft/dp/367050,True,Make H1s more specific by page/template.,"Healthy Breeds Multivitamin Soft Chews Dog Supplement, 180 count","HEALTHY BREEDS Multivitamin Soft Chews Dog Supplement, 180 count - Chewy.com",76,"Buy Healthy Breeds Multivitamin Soft Chews Dog Supplement, 180 count at Chewy.com. FREE shipping and the BEST customer service!",127,,"Healthy Breeds Multivitamin Soft Chews Dog Supplement, 180 count",1,healthy-breeds-multivitamin-soft,True,True,False,False,True,True,True,True,219,548,4,,,,,,,,,,,,,,
PDP,H1,Duplicate H1 pattern,https://www.chewy.com/healthy-breeds-multivitamin-soft/dp/367069,True,Make H1s more specific by page/template.,"Healthy Breeds Multivitamin Soft Chews Dog Supplement, 180 count","HEALTHY BREEDS Multivitamin Soft Chews Dog Supplement, 180 count - Chewy.com",76,"Buy Healthy Breeds Multivitamin Soft Chews Dog Supplement, 180 count at Chewy.com. FREE shipping and the BEST customer service!",127,,"Healthy Breeds Multivitamin Soft Chews Dog Supplement, 180 count",1,healthy-breeds-multivitamin-soft,True,True,False,False,True,True,True,True,219,548,4,,,,,,,,,,,,,,
PDP,H1,Duplicate H1 pattern,https://www.chewy.com/healthy-breeds-multivitamin-soft/dp/367099,True,Make H1s more specific by page/template.,"Healthy Breeds Multivitamin Soft Chews Dog Supplement, 180 count","HEALTHY BREEDS Multivitamin Soft Chews Dog Supplement, 180 count - Chewy.com",76,"Buy Healthy Breeds Multivitamin Soft Chews Dog Supplement, 180 count at Chewy.com. FREE shipping and the BEST customer service!",127,,"Healthy Breeds Multivitamin Soft Chews Dog Supplement, 180 count",1,healthy-breeds-multivitamin-soft,True,True,False,False,True,True,True,True,219,548,4,,,,,,,,,,,,,,
PDP,H1,Duplicate H1 pattern,https://www.chewy.com/healthy-breeds-z-flex-max-hip-joint/dp/367794,True,Make H1s more specific by page/template.,"Healthy Breeds Z-Flex Max Hip & Joint Soft Chews Dog Supplement, 50 count","HEALTHY BREEDS Z-Flex Max Hip & Joint Soft Chews Dog Supplement, 50 count - Chewy.com",85,"Buy Healthy Breeds Z-Flex Max Hip & Joint Soft Chews Dog Supplement, 50 count at Chewy.com. FREE shipping and the BEST customer service!",136,,"Healthy Breeds Z-Flex Max Hip & Joint Soft Chews Dog Supplement, 50 count",1,healthy-breeds-z-flex-max-hip-joint,True,True,False,False,True,True,True,True,218,492,4,,,,,,,,,,,,,,
PDP,H1,Duplicate H1 pattern,https://www.chewy.com/healthy-breeds-z-flex-max-hip-joint/dp/367816,True,Make H1s more specific by page/template.,"Healthy Breeds Z-Flex Max Hip & Joint Soft Chews Dog Supplement, 50 count","HEALTHY BREEDS Z-Flex Max Hip & Joint Soft Chews Dog Supplement, 50 count - Chewy.com",85,"Buy Healthy Breeds Z-Flex Max Hip & Joint Soft Chews Dog Supplement, 50 count at Chewy.com. FREE shipping and the BEST customer service!",136,,"Healthy Breeds Z-Flex Max Hip & Joint Soft Chews Dog Supplement, 50 count",1,healthy-breeds-z-flex-max-hip-joint,True,True,False,False,True,True,True,True,219,492,4,,,,,,,,,,,,,,
PDP,H1,Duplicate H1 pattern,https://www.chewy.com/healthy-breeds-omega-hp-fatty-acid/dp/367164,True,Make H1s more specific by page/template.,"Healthy Breeds Omega HP Fatty Acid Skin & Coat Support Soft Chews Dog Supplement, 90 count","Out of Stock - HEALTHY BREEDS Omega HP Fatty Acid Skin & Coat Support Soft Chews Dog Supplement, 90 count - Chewy.com",117,"Buy Healthy Breeds Omega HP Fatty Acid Skin & Coat Support Soft Chews Dog Supplement, 90 count at Chewy.com. FREE shipping and the BEST customer service!",153,,"Healthy Breeds Omega HP Fatty Acid Skin & Coat Support Soft Chews Dog Supplement, 90 count",1,healthy-breeds-omega-hp-fatty-acid,True,True,False,False,True,True,True,True,138,455,4,,,,,,,,,,,,,,1.0
PDP,H1,Duplicate H1 pattern,https://www.chewy.com/healthy-breeds-omega-hp-fatty-acid/dp/367101,True,Make H1s more specific by page/template.,"Healthy Breeds Omega HP Fatty Acid Skin & Coat Support Soft Chews Dog Supplement, 90 count","Out of Stock - HEALTHY BREEDS Omega HP Fatty Acid Skin & Coat Support Soft Chews Dog Supplement, 90 count - Chewy.com",117,"Buy Healthy Breeds Omega HP Fatty Acid Skin & Coat Support Soft Chews Dog Supplement, 90 count at Chewy.com. FREE shipping and the BEST customer service!",153,,"Healthy Breeds Omega HP Fatty Acid Skin & Coat Support Soft Chews Dog Supplement, 90 count",1,healthy-breeds-omega-hp-fatty-acid,True,True,False,False,True,True,True,True,138,455,4,,,,,,,,,,,,,,
PDP,H1,Duplicate H1 pattern,https://www.chewy.com/healthy-breeds-omega-hp-fatty-acid/dp/367102,True,Make H1s more specific by page/template.,"Healthy Breeds Omega HP Fatty Acid Skin & Coat Support Soft Chews Dog Supplement, 90 count","Out of Stock - HEALTHY BREEDS Omega HP Fatty Acid Skin & Coat Support Soft Chews Dog Supplement, 90 count - Chewy.com",117,"Buy Healthy Breeds Omega HP Fatty Acid Skin & Coat Support Soft Chews Dog Supplement, 90 count at Chewy.com. FREE shipping and the BEST customer service!",153,,"Healthy Breeds Omega HP Fatty Acid Skin & Coat Support Soft Chews Dog Supplement, 90 count",1,healthy-breeds-omega-hp-fatty-acid,True,True,False,False,True,True,True,True,138,455,4,,,,,,,,,,,,,,1.0
PDP,H1,Duplicate H1 pattern,https://www.chewy.com/healthy-breeds-omega-hp-fatty-acid/dp/367103,True,Make H1s more specific by page/template.,"Healthy Breeds Omega HP Fatty Acid Skin & Coat Support Soft Chews Dog Supplement, 90 count","Out of Stock - HEALTHY BREEDS Omega HP Fatty Acid Skin & Coat Support Soft Chews Dog Supplement, 90 count - Chewy.com",117,"Buy Healthy Breeds Omega HP Fatty Acid Skin & Coat Support Soft Chews Dog Supplement, 90 count at Chewy.com. FREE shipping and the BEST customer service!",153,,"Healthy Breeds Omega HP Fatty Acid Skin & Coat Support Soft Chews Dog Supplement, 90 count",1,healthy-breeds-omega-hp-fatty-acid,True,True,False,False,True,True,True,True,138,455,4,,,,,,,,,,,,,,
PDP,H1,Duplicate H1 pattern,https://www.chewy.com/healthy-breeds-omega-hp-fatty-acid/dp/367104,True,Make H1s more specific by page/template.,"Healthy Breeds Omega HP Fatty Acid Skin & Coat Support Soft Chews Dog Supplement, 90 count","Out of Stock - HEALTHY BREEDS Omega HP Fatty Acid Skin & Coat Support Soft Chews Dog Supplement, 90 count - Chewy.com",117,"Buy Healthy Breeds Omega HP Fatty Acid Skin & Coat Support Soft Chews Dog Supplement, 90 count at Chewy.com. FREE shipping and the BEST customer service!",153,,"Healthy Breeds Omega HP Fatty Acid Skin & Coat Support Soft Chews Dog Supplement, 90 count",1,healthy-breeds-omega-hp-fatty-acid,True,True,False,False,True,True,True,True,138,455,4,,,,,,,,,,,,,,
PDP,H1,Duplicate H1 pattern,https://www.chewy.com/healthy-breeds-omega-hp-fatty-acid/dp/367105,True,Make H1s more specific by page/template.,"Healthy Breeds Omega HP Fatty Acid Skin & Coat Support Soft Chews Dog Supplement, 90 count","Out of Stock - HEALTHY BREEDS Omega HP Fatty Acid Skin & Coat Support Soft Chews Dog Supplement, 90 count - Chewy.com",117,"Buy Healthy Breeds Omega HP Fatty Acid Skin & Coat Support Soft Chews Dog Supplement, 90 count at Chewy.com. FREE shipping and the BEST customer service!",153,,"Healthy Breeds Omega HP Fatty Acid Skin & Coat Support Soft Chews Dog Supplement, 90 count",1,healthy-breeds-omega-hp-fatty-acid,True,True,False,False,True,True,True,True,138,455,4,,,,,,,,,,,,,,
PDP,H1,Duplicate H1 pattern,https://www.chewy.com/healthy-breeds-omega-hp-fatty-acid/dp/367106,True,Make H1s more specific by page/template.,"Healthy Breeds Omega HP Fatty Acid Skin & Coat Support Soft Chews Dog Supplement, 90 count","Out of Stock - HEALTHY BREEDS Omega HP Fatty Acid Skin & Coat Support Soft Chews Dog Supplement, 90 count - Chewy.com",117,"Buy Healthy Breeds Omega HP Fatty Acid Skin & Coat Support Soft Chews Dog Supplement, 90 count at Chewy.com. FREE shipping and the BEST customer service!",153,,"Healthy Breeds Omega HP Fatty Acid Skin & Coat Support Soft Chews Dog Supplement, 90 count",1,healthy-breeds-omega-hp-fatty-acid,True,True,False,False,True,True,True,True,138,455,4,,,,,,,,,,,,,,
PDP,H1,Duplicate H1 pattern,https://www.chewy.com/healthy-breeds-omega-hp-fatty-acid/dp/367107,True,Make H1s more specific by page/template.,"Healthy Breeds Omega HP Fatty Acid Skin & Coat Support Soft Chews Dog Supplement, 90 count","Out of Stock - HEALTHY BREEDS Omega HP Fatty Acid Skin & Coat Support Soft Chews Dog Supplement, 90 count - Chewy.com",117,"Buy Healthy Breeds Omega HP Fatty Acid Skin & Coat Support Soft Chews Dog Supplement, 90 count at Chewy.com. FREE shipping and the BEST customer service!",153,,"Healthy Breeds Omega HP Fatty Acid Skin & Coat Support Soft Chews Dog Supplement, 90 count",1,healthy-breeds-omega-hp-fatty-acid,True,True,False,False,True,True,True,True,138,455,4,,,,,,,,,,,,,,
PDP,H1,Duplicate H1 pattern,https://www.chewy.com/healthy-breeds-omega-hp-fatty-acid/dp/367108,True,Make H1s more specific by page/template.,"Healthy Breeds Omega HP Fatty Acid Skin & Coat Support Soft Chews Dog Supplement, 90 count","Out of Stock - HEALTHY BREEDS Omega HP Fatty Acid Skin & Coat Support Soft Chews Dog Supplement, 90 count - Chewy.com",117,"Buy Healthy Breeds Omega HP Fatty Acid Skin & Coat Support Soft Chews Dog Supplement, 90 count at Chewy.com. FREE shipping and the BEST customer service!",153,,"Healthy Breeds Omega HP Fatty Acid Skin & Coat Support Soft Chews Dog Supplement, 90 count",1,healthy-breeds-omega-hp-fatty-acid,True,True,False,False,True,True,True,True,138,455,4,,,,,,,,,,,,,,
PDP,H1,Duplicate H1 pattern,https://www.chewy.com/healthy-breeds-omega-hp-fatty-acid/dp/367109,True,Make H1s more specific by page/template.,"Healthy Breeds Omega HP Fatty Acid Skin & Coat Support Soft Chews Dog Supplement, 90 count","Out of Stock - HEALTHY BREEDS Omega HP Fatty Acid Skin & Coat Support Soft Chews Dog Supplement, 90 count - Chewy.com",117,"Buy Healthy Breeds Omega HP Fatty Acid Skin & Coat Support Soft Chews Dog Supplement, 90 count at Chewy.com. FREE shipping and the BEST customer service!",153,,"Healthy Breeds Omega HP Fatty Acid Skin & Coat Support Soft Chews Dog Supplement, 90 count",1,healthy-breeds-omega-hp-fatty-acid,True,True,False,False,True,True,True,True,138,455,4,,,,,,,,,,,,,,
PDP,H1,Duplicate H1 pattern,https://www.chewy.com/healthy-breeds-omega-hp-fatty-acid/dp/367110,True,Make H1s more specific by page/template.,"Healthy Breeds Omega HP Fatty Acid Skin & Coat Support Soft Chews Dog Supplement, 90 count","Out of Stock - HEALTHY BREEDS Omega HP Fatty Acid Skin & Coat Support Soft Chews Dog Supplement, 90 count - Chewy.com",117,"Buy Healthy Breeds Omega HP Fatty Acid Skin & Coat Support Soft Chews Dog Supplement, 90 count at Chewy.com. FREE shipping and the BEST customer service!",153,,"Healthy Breeds Omega HP Fatty Acid Skin & Coat Support Soft Chews Dog Supplement, 90 count",1,healthy-breeds-omega-hp-fatty-acid,True,True,False,False,True,True,True,True,138,455,4,,,,,,,,,,,,,,
PDP,H1,Duplicate H1 pattern,https://www.chewy.com/healthy-breeds-omega-hp-fatty-acid/dp/367111,True,Make H1s more specific by page/template.,"Healthy Breeds Omega HP Fatty Acid Skin & Coat Support Soft Chews Dog Supplement, 90 count","Out of Stock - HEALTHY BREEDS Omega HP Fatty Acid Skin & Coat Support Soft Chews Dog Supplement, 90 count - Chewy.com",117,"Buy Healthy Breeds Omega HP Fatty Acid Skin & Coat Support Soft Chews Dog Supplement, 90 count at Chewy.com. FREE shipping and the BEST customer service!",153,,"Healthy Breeds Omega HP Fatty Acid Skin & Coat Support Soft Chews Dog Supplement, 90 count",1,healthy-breeds-omega-hp-fatty-acid,True,True,False,False,True,True,True,True,138,455,4,,,,,,,,,,,,,,
PDP,H1,Duplicate H1 pattern,https://www.chewy.com/healthy-breeds-omega-hp-fatty-acid/dp/367112,True,Make H1s more specific by page/template.,"Healthy Breeds Omega HP Fatty Acid Skin & Coat Support Soft Chews Dog Supplement, 90 count","Out of Stock - HEALTHY BREEDS Omega HP Fatty Acid Skin & Coat Support Soft Chews Dog Supplement, 90 count - Chewy.com",117,"Buy Healthy Breeds Omega HP Fatty Acid Skin & Coat Support Soft Chews Dog Supplement, 90 count at Chewy.com. FREE shipping and the BEST customer service!",153,,"Healthy Breeds Omega HP Fatty Acid Skin & Coat Support Soft Chews Dog Supplement, 90 count",1,healthy-breeds-omega-hp-fatty-acid,True,True,False,False,True,True,True,True,138,455,4,,,,,,,,,,,,,,
PDP,H1,Duplicate H1 pattern,https://www.chewy.com/healthy-breeds-omega-hp-fatty-acid/dp/367113,True,Make H1s more specific by page/template.,"Healthy Breeds Omega HP Fatty Acid Skin & Coat Support Soft Chews Dog Supplement, 90 count","Out of Stock - HEALTHY BREEDS Omega HP Fatty Acid Skin & Coat Support Soft Chews Dog Supplement, 90 count - Chewy.com",117,"Buy Healthy Breeds Omega HP Fatty Acid Skin & Coat Support Soft Chews Dog Supplement, 90 count at Chewy.com. FREE shipping and the BEST customer service!",153,,"Healthy Breeds Omega HP Fatty Acid Skin & Coat Support Soft Chews Dog Supplement, 90 count",1,healthy-breeds-omega-hp-fatty-acid,True,True,False,False,True,True,True,True,138,455,4,,,,,,,,,,,,,,1.0
PDP,H1,Duplicate H1 pattern,https://www.chewy.com/healthy-breeds-omega-hp-fatty-acid/dp/367114,True,Make H1s more specific by page/template.,"Healthy Breeds Omega HP Fatty Acid Skin & Coat Support Soft Chews Dog Supplement, 90 count","Out of Stock - HEALTHY BREEDS Omega HP Fatty Acid Skin & Coat Support Soft Chews Dog Supplement, 90 count - Chewy.com",117,"Buy Healthy Breeds Omega HP Fatty Acid Skin & Coat Support Soft Chews Dog Supplement, 90 count at Chewy.com. FREE shipping and the BEST customer service!",153,,"Healthy Breeds Omega HP Fatty Acid Skin & Coat Support Soft Chews Dog Supplement, 90 count",1,healthy-breeds-omega-hp-fatty-acid,True,True,False,False,True,True,True,True,138,455,4,,,,,,,,,,,,,,
PDP,H1,Duplicate H1 pattern,https://www.chewy.com/healthy-breeds-omega-hp-fatty-acid/dp/367115,True,Make H1s more specific by page/template.,"Healthy Breeds Omega HP Fatty Acid Skin & Coat Support Soft Chews Dog Supplement, 90 count","Out of Stock - HEALTHY BREEDS Omega HP Fatty Acid Skin & Coat Support Soft Chews Dog Supplement, 90 count - Chewy.com",117,"Buy Healthy Breeds Omega HP Fatty Acid Skin & Coat Support Soft Chews Dog Supplement, 90 count at Chewy.com. FREE shipping and the BEST customer service!",153,,"Healthy Breeds Omega HP Fatty Acid Skin & Coat Support Soft Chews Dog Supplement, 90 count",1,healthy-breeds-omega-hp-fatty-acid,True,True,False,False,True,True,True,True,138,455,4,,,,,,,,,,,,,,
PDP,H1,Duplicate H1 pattern,https://www.chewy.com/healthy-breeds-omega-hp-fatty-acid/dp/367116,True,Make H1s more specific by page/template.,"Healthy Breeds Omega HP Fatty Acid Skin & Coat Support Soft Chews Dog Supplement, 90 count","Out of Stock - HEALTHY BREEDS Omega HP Fatty Acid Skin & Coat Support Soft Chews Dog Supplement, 90 count - Chewy.com",117,"Buy Healthy Breeds Omega HP Fatty Acid Skin & Coat Support Soft Chews Dog Supplement, 90 count at Chewy.com. FREE shipping and the BEST customer service!",153,,"Healthy Breeds Omega HP Fatty Acid Skin & Coat Support Soft Chews Dog Supplement, 90 count",1,healthy-breeds-omega-hp-fatty-acid,True,True,False,False,True,True,True,True,138,455,4,,,,,,,,,,,,,,
PDP,H1,Duplicate H1 pattern,https://www.chewy.com/healthy-breeds-omega-hp-fatty-acid/dp/367117,True,Make H1s more specific by page/template.,"Healthy Breeds Omega HP Fatty Acid Skin & Coat Support Soft Chews Dog Supplement, 90 count","Out of Stock - HEALTHY BREEDS Omega HP Fatty Acid Skin & Coat Support Soft Chews Dog Supplement, 90 count - Chewy.com",117,"Buy Healthy Breeds Omega HP Fatty Acid Skin & Coat Support Soft Chews Dog Supplement, 90 count at Chewy.com. FREE shipping and the BEST customer service!",153,,"Healthy Breeds Omega HP Fatty Acid Skin & Coat Support Soft Chews Dog Supplement, 90 count",1,healthy-breeds-omega-hp-fatty-acid,True,True,False,False,True,True,True,True,138,455,4,,,,,,,,,,,,,,
PDP,H1,Duplicate H1 pattern,https://www.chewy.com/healthy-breeds-omega-hp-fatty-acid/dp/367118,True,Make H1s more specific by page/template.,"Healthy Breeds Omega HP Fatty Acid Skin & Coat Support Soft Chews Dog Supplement, 90 count","Out of Stock - HEALTHY BREEDS Omega HP Fatty Acid Skin & Coat Support Soft Chews Dog Supplement, 90 count - Chewy.com",117,"Buy Healthy Breeds Omega HP Fatty Acid Skin & Coat Support Soft Chews Dog Supplement, 90 count at Chewy.com. FREE shipping and the BEST customer service!",153,,"Healthy Breeds Omega HP Fatty Acid Skin & Coat Support Soft Chews Dog Supplement, 90 count",1,healthy-breeds-omega-hp-fatty-acid,True,True,False,False,True,True,True,True,138,455,4,,,,,,,,,,,,,,
PDP,H1,Duplicate H1 pattern,https://www.chewy.com/healthy-breeds-omega-hp-fatty-acid/dp/367119,True,Make H1s more specific by page/template.,"Healthy Breeds Omega HP Fatty Acid Skin & Coat Support Soft Chews Dog Supplement, 90 count","Out of Stock - HEALTHY BREEDS Omega HP Fatty Acid Skin & Coat Support Soft Chews Dog Supplement, 90 count - Chewy.com",117,"Buy Healthy Breeds Omega HP Fatty Acid Skin & Coat Support Soft Chews Dog Supplement, 90 count at Chewy.com. FREE shipping and the BEST customer service!",153,,"Healthy Breeds Omega HP Fatty Acid Skin & Coat Support Soft Chews Dog Supplement, 90 count",1,healthy-breeds-omega-hp-fatty-acid,True,True,False,False,True,True,True,True,138,455,4,,,,,,,,,,,,,,
PDP,H1,Duplicate H1 pattern,https://www.chewy.com/healthy-breeds-omega-hp-fatty-acid/dp/367120,True,Make H1s more specific by page/template.,"Healthy Breeds Omega HP Fatty Acid Skin & Coat Support Soft Chews Dog Supplement, 90 count","Out of Stock - HEALTHY BREEDS Omega HP Fatty Acid Skin & Coat Support Soft Chews Dog Supplement, 90 count - Chewy.com",117,"Buy Healthy Breeds Omega HP Fatty Acid Skin & Coat Support Soft Chews Dog Supplement, 90 count at Chewy.com. FREE shipping and the BEST customer service!",153,,"Healthy Breeds Omega HP Fatty Acid Skin & Coat Support Soft Chews Dog Supplement, 90 count",1,healthy-breeds-omega-hp-fatty-acid,True,True,False,False,True,True,True,True,138,455,4,,,,,,,,,,,,,,
PDP,H1,Duplicate H1 pattern,https://www.chewy.com/healthy-breeds-omega-hp-fatty-acid/dp/367121,True,Make H1s more specific by page/template.,"Healthy Breeds Omega HP Fatty Acid Skin & Coat Support Soft Chews Dog Supplement, 90 count","Out of Stock - HEALTHY BREEDS Omega HP Fatty Acid Skin & Coat Support Soft Chews Dog Supplement, 90 count - Chewy.com",117,"Buy Healthy Breeds Omega HP Fatty Acid Skin & Coat Support Soft Chews Dog Supplement, 90 count at Chewy.com. FREE shipping and the BEST customer service!",153,,"Healthy Breeds Omega HP Fatty Acid Skin & Coat Support Soft Chews Dog Supplement, 90 count",1,healthy-breeds-omega-hp-fatty-acid,True,True,False,False,True,True,True,True,138,455,4,,,,,,,,,,,,,,
PDP,H1,Duplicate H1 pattern,https://www.chewy.com/healthy-breeds-omega-hp-fatty-acid/dp/367122,True,Make H1s more specific by page/template.,"Healthy Breeds Omega HP Fatty Acid Skin & Coat Support Soft Chews Dog Supplement, 90 count","Out of Stock - HEALTHY BREEDS Omega HP Fatty Acid Skin & Coat Support Soft Chews Dog Supplement, 90 count - Chewy.com",117,"Buy Healthy Breeds Omega HP Fatty Acid Skin & Coat Support Soft Chews Dog Supplement, 90 count at Chewy.com. FREE shipping and the BEST customer service!",153,,"Healthy Breeds Omega HP Fatty Acid Skin & Coat Support Soft Chews Dog Supplement, 90 count",1,healthy-breeds-omega-hp-fatty-acid,True,True,False,False,True,True,True,True,138,455,4,,,,,,,,,,,,,,
PDP,H1,Duplicate H1 pattern,https://www.chewy.com/healthy-breeds-omega-hp-fatty-acid/dp/367123,True,Make H1s more specific by page/template.,"Healthy Breeds Omega HP Fatty Acid Skin & Coat Support Soft Chews Dog Supplement, 90 count","Out of Stock - HEALTHY BREEDS Omega HP Fatty Acid Skin & Coat Support Soft Chews Dog Supplement, 90 count - Chewy.com",117,"Buy Healthy Breeds Omega HP Fatty Acid Skin & Coat Support Soft Chews Dog Supplement, 90 count at Chewy.com. FREE shipping and the BEST customer service!",153,,"Healthy Breeds Omega HP Fatty Acid Skin & Coat Support Soft Chews Dog Supplement, 90 count",1,healthy-breeds-omega-hp-fatty-acid,True,True,False,False,True,True,True,True,138,455,4,,,,,,,,,,,,,,
PDP,H1,Duplicate H1 pattern,https://www.chewy.com/healthy-breeds-omega-hp-fatty-acid/dp/367124,True,Make H1s more specific by page/template.,"Healthy Breeds Omega HP Fatty Acid Skin & Coat Support Soft Chews Dog Supplement, 90 count","Out of Stock - HEALTHY BREEDS Omega HP Fatty Acid Skin & Coat Support Soft Chews Dog Supplement, 90 count - Chewy.com",117,"Buy Healthy Breeds Omega HP Fatty Acid Skin & Coat Support Soft Chews Dog Supplement, 90 count at Chewy.com. FREE shipping and the BEST customer service!",153,,"Healthy Breeds Omega HP Fatty Acid Skin & Coat Support Soft Chews Dog Supplement, 90 count",1,healthy-breeds-omega-hp-fatty-acid,True,True,False,False,True,True,True,True,138,455,4,,,,,,,,,,,,,,
PDP,H1,Duplicate H1 pattern,https://www.chewy.com/healthy-breeds-omega-hp-fatty-acid/dp/367125,True,Make H1s more specific by page/template.,"Healthy Breeds Omega HP Fatty Acid Skin & Coat Support Soft Chews Dog Supplement, 90 count","Out of Stock - HEALTHY BREEDS Omega HP Fatty Acid Skin & Coat Support Soft Chews Dog Supplement, 90 count - Chewy.com",117,"Buy Healthy Breeds Omega HP Fatty Acid Skin & Coat Support Soft Chews Dog Supplement, 90 count at Chewy.com. FREE shipping and the BEST customer service!",153,,"Healthy Breeds Omega HP Fatty Acid Skin & Coat Support Soft Chews Dog Supplement, 90 count",1,healthy-breeds-omega-hp-fatty-acid,True,True,False,False,True,True,True,True,138,455,4,,,,,,,,,,,,,,
PDP,H1,Duplicate H1 pattern,https://www.chewy.com/healthy-breeds-omega-hp-fatty-acid/dp/367126,True,Make H1s more specific by page/template.,"Healthy Breeds Omega HP Fatty Acid Skin & Coat Support Soft Chews Dog Supplement, 90 count","Out of Stock - HEALTHY BREEDS Omega HP Fatty Acid Skin & Coat Support Soft Chews Dog Supplement, 90 count - Chewy.com",117,"Buy Healthy Breeds Omega HP Fatty Acid Skin & Coat Support Soft Chews Dog Supplement, 90 count at Chewy.com. FREE shipping and the BEST customer service!",153,,"Healthy Breeds Omega HP Fatty Acid Skin & Coat Support Soft Chews Dog Supplement, 90 count",1,healthy-breeds-omega-hp-fatty-acid,True,True,False,False,True,True,True,True,138,455,4,,,,,,,,,,,,,,
PDP,H1,Duplicate H1 pattern,https://www.chewy.com/healthy-breeds-omega-hp-fatty-acid/dp/367127,True,Make H1s more specific by page/template.,"Healthy Breeds Omega HP Fatty Acid Skin & Coat Support Soft Chews Dog Supplement, 90 count","Out of Stock - HEALTHY BREEDS Omega HP Fatty Acid Skin & Coat Support Soft Chews Dog Supplement, 90 count - Chewy.com",117,"Buy Healthy Breeds Omega HP Fatty Acid Skin & Coat Support Soft Chews Dog Supplement, 90 count at Chewy.com. FREE shipping and the BEST customer service!",153,,"Healthy Breeds Omega HP Fatty Acid Skin & Coat Support Soft Chews Dog Supplement, 90 count",1,healthy-breeds-omega-hp-fatty-acid,True,True,False,False,True,True,True,True,138,455,4,,,,,,,,,,,,,,
PDP,H1,Duplicate H1 pattern,https://www.chewy.com/healthy-breeds-omega-hp-fatty-acid/dp/367128,True,Make H1s more specific by page/template.,"Healthy Breeds Omega HP Fatty Acid Skin & Coat Support Soft Chews Dog Supplement, 90 count","Out of Stock - HEALTHY BREEDS Omega HP Fatty Acid Skin & Coat Support Soft Chews Dog Supplement, 90 count - Chewy.com",117,"Buy Healthy Breeds Omega HP Fatty Acid Skin & Coat Support Soft Chews Dog Supplement, 90 count at Chewy.com. FREE shipping and the BEST customer service!",153,,"Healthy Breeds Omega HP Fatty Acid Skin & Coat Support Soft Chews Dog Supplement, 90 count",1,healthy-breeds-omega-hp-fatty-acid,True,True,False,False,True,True,True,True,138,455,4,,,,,,,,,,,,,,
PDP,H1,Duplicate H1 pattern,https://www.chewy.com/healthy-breeds-omega-hp-fatty-acid/dp/367129,True,Make H1s more specific by page/template.,"Healthy Breeds Omega HP Fatty Acid Skin & Coat Support Soft Chews Dog Supplement, 90 count","Out of Stock - HEALTHY BREEDS Omega HP Fatty Acid Skin & Coat Support Soft Chews Dog Supplement, 90 count - Chewy.com",117,"Buy Healthy Breeds Omega HP Fatty Acid Skin & Coat Support Soft Chews Dog Supplement, 90 count at Chewy.com. FREE shipping and the BEST customer service!",153,,"Healthy Breeds Omega HP Fatty Acid Skin & Coat Support Soft Chews Dog Supplement, 90 count",1,healthy-breeds-omega-hp-fatty-acid,True,True,False,False,True,True,True,True,138,455,4,,,,,,,,,,,,,,
PDP,H1,Duplicate H1 pattern,https://www.chewy.com/healthy-breeds-omega-hp-fatty-acid/dp/367130,True,Make H1s more specific by page/template.,"Healthy Breeds Omega HP Fatty Acid Skin & Coat Support Soft Chews Dog Supplement, 90 count","Out of Stock - HEALTHY BREEDS Omega HP Fatty Acid Skin & Coat Support Soft Chews Dog Supplement, 90 count - Chewy.com",117,"Buy Healthy Breeds Omega HP Fatty Acid Skin & Coat Support Soft Chews Dog Supplement, 90 count at Chewy.com. FREE shipping and the BEST customer service!",153,,"Healthy Breeds Omega HP Fatty Acid Skin & Coat Support Soft Chews Dog Supplement, 90 count",1,healthy-breeds-omega-hp-fatty-acid,True,True,False,False,True,True,True,True,138,455,4,,,,,,,,,,,,,,
PDP,H1,Duplicate H1 pattern,https://www.chewy.com/healthy-breeds-omega-hp-fatty-acid/dp/367131,True,Make H1s more specific by page/template.,"Healthy Breeds Omega HP Fatty Acid Skin & Coat Support Soft Chews Dog Supplement, 90 count","Out of Stock - HEALTHY BREEDS Omega HP Fatty Acid Skin & Coat Support Soft Chews Dog Supplement, 90 count - Chewy.com",117,"Buy Healthy Breeds Omega HP Fatty Acid Skin & Coat Support Soft Chews Dog Supplement, 90 count at Chewy.com. FREE shipping and the BEST customer service!",153,,"Healthy Breeds Omega HP Fatty Acid Skin & Coat Support Soft Chews Dog Supplement, 90 count",1,healthy-breeds-omega-hp-fatty-acid,True,True,False,False,True,True,True,True,138,455,4,,,,,,,,,,,,,,
