page_type,category,issue,normalized_url,matched_botify,recommendation,evidence_value,title,title_length,meta_description,meta_description_length,main_keyword,h1,h1_count,url_slug,canonical_points_to_self,in_sitemaps,noindex,nofollow,breadcrumb_exists,product_exists,offer_exists,faq_exists,unique_inlinks,unique_outlinks,depth,lcp_status,lcp_value,cls_status,cls_value,inp_status,inp_value,ranking_keyword_rows,distinct_keywords,avg_current_rank,top10_keywords,quick_win_11_20_keywords,striking_distance_21_50_keywords,lost_or_unranked_keywords,botify_audience_keywords_to_90pct
PDP,Meta,Duplicate page title,https://www.chewy.com/chewy-egift-card/dp/226306,True,Make titles unique at the page/template level.,Chewy eGift Cards For Pet Lovers | Chewy,Chewy eGift Cards For Pet Lovers | Chewy,40,"Buy Chewy eGift Cards, the perfect gift for pet parents. Available from $25 - $500. FREE delivery and the BEST customer service!",128,gift card for dogs,"Chewy eGift Card, Chewy Pet Lovers, $50",1,chewy-egift-card,True,True,False,False,True,True,True,True,318255,328,1,needs,2608.0,good,0.03,,,9,9,5.5,5,1,0,3,19.0
PDP,Meta,Duplicate page title,https://www.chewy.com/reconcile-fluoxetine-hydrochloride/dp/191440,True,Make titles unique at the page/template level.,"RECONCILE (fluoxetine hydrochloride) Tablets for Dogs, 32-mg - Easy Refills | Chewy Rx","RECONCILE (fluoxetine hydrochloride) Tablets for Dogs, 32-mg - Easy Refills | Chewy Rx",86,"Help your canine companion cope with separation anxiety by giving him Reconcile Tablets for Dogs. These flavored, chewable tablets are formulated with fluoxetine hydrochloride and are FDA-approved for the treatment of canine separation anxiety when combined with a behavior modification plan. Reconcile not only helps your pup stay calm during stressful moments of separation, but it can also help reduce harmful behavior and even make him more open to training.",462,,"Reconcile (fluoxetine hydrochloride) Tablets for Dogs, 32-mg, 30 tablets",1,reconcile-fluoxetine-hydrochloride,True,True,False,False,True,True,True,True,49,322,2,good,2101.0,good,0.08,,,,,,,,,,2.0
PDP,Meta,Duplicate page title,https://www.chewy.com/clomipramine-hydrochloride-generic/dp/396183,True,Make titles unique at the page/template level.,"CLOMIPRAMINE HYDROCHLORIDE (Generic) Tablets, 20 mg - Easy Refills | Chewy Rx","CLOMIPRAMINE HYDROCHLORIDE (Generic) Tablets, 20 mg - Easy Refills | Chewy Rx",77,"Some furry friends have a very hard time being separated from their pet parents, but thankfully there are ways to help. Clomipramine Hydrochloride (Generic) Tablets is a prescriptions medication formulated to help reduce clinical signs of separation anxiety. It works by affecting serotonergic and noradrenergic neuronal transmission into your pets central nervous system.",372,,"Clomipramine Hydrochloride (Generic) Tablets, 20 mg, 30 tablets",1,clomipramine-hydrochloride-generic,True,False,False,False,True,True,True,True,87,325,2,,,,,,,,,,,,,,2.0
PDP,Meta,Duplicate page title,https://www.chewy.com/acepromazine-maleate-generic-tablets/dp/320693,True,Make titles unique at the page/template level.,"ACEPROMAZINE Maleate (Generic) Tablets for Dogs, 25-mg - Easy Refills | Chewy Rx","ACEPROMAZINE Maleate (Generic) Tablets for Dogs, 25-mg - Easy Refills | Chewy Rx",80,"Acepromazine Maleate is a prescription medication for dogs who need tranquilization. This medication is not a pain reliever but can be used to sedate animals for minor procedures, such as nail trims. It comes in an uncoated tablet form, so you can easily hide it in a pill pocket and give it as a tasty treat or disguise it in your dog's favorite wet food.",356,,"Acepromazine Maleate (Generic) Tablets for Dogs, 25-mg, 30 tablets",1,acepromazine-maleate-generic-tablets,True,False,False,False,True,True,True,True,43,322,2,,,,,,,,,,,,,,
PDP,Meta,Duplicate page title,https://www.chewy.com/cerenia-maropitant-citrate-tablets/dp/173067,True,Make titles unique at the page/template level.,"CERENIA (Maropitant Citrate) Tablets for Dogs, 16-mg - Easy Refills | Chewy Rx","CERENIA (Maropitant Citrate) Tablets for Dogs, 16-mg - Easy Refills | Chewy Rx",78,"Cerenia is the first and only FDA-approved medication prescribed by veterinarians for dogs to help treat and help prevent vomiting caused by motion sickness. Each tablet is scored, allowing for easy and accurate dosing. As many as 1 in 5 dogs suffer from canine motion sickness, so whether you are taking your furry friend to the vet or going on a road trip together, Cerenia tablets are the number one choice among veterinarians to help stop your pal from feeling sick.",470,cerenia,"Cerenia (Maropitant Citrate) Tablets for Dogs, 16-mg, 4 tablets",1,cerenia-maropitant-citrate-tablets,True,True,False,False,True,True,True,True,371,324,2,good,2176.0,good,0.04,,,3,2,1.0,1,0,0,2,25.0
PDP,Meta,Duplicate page title,https://www.chewy.com/fluoxetine-generic-tablets-dogs-10-mg/dp/322086,True,Make titles unique at the page/template level.,"FLUOXETINE (Generic) Tablets, 10-mg - Easy Refills | Chewy Rx","FLUOXETINE (Generic) Tablets, 10-mg - Easy Refills | Chewy Rx",61,"Fluoxetine is in the class of medications called selective serotonin reuptake inhibitors (SSRIs) that are prescribed for humans to treat a wide range of anxiety disorders (Major Depressive Disorder, Obsessive Compulsive Disorder, Bulimia Nervosa, and Panic Disorder). In companion animals, fluoxetine is used to alleviate their anxiety and helps to decrease their destructive, anxiety-related behaviors. Veterinarians prescribe fluoxetine in generic, proprietary (Prozac) and compounded formulations to dogs, cats and birds for a variety of behavioral problems.",561,,"Fluoxetine (Generic) Tablets, 10-mg, 30 tablets",1,fluoxetine-generic-tablets-dogs-10-mg,True,False,False,False,True,True,True,True,48,323,2,good,2286.0,good,0.065,,,,,,,,,,3.0
PDP,Meta,Duplicate page title,https://www.chewy.com/selegiline-hcl-generic-capsules-dogs/dp/3546358,True,Make titles unique at the page/template level.,"SELEGILINE HCl (Generic) Capsules, 5-mg - Easy Refills | Chewy Rx","SELEGILINE HCl (Generic) Capsules, 5-mg - Easy Refills | Chewy Rx",65,"Selegiline is an oral prescription medication used to treat cognitive dysfunction and senility in older dogs. It can also be used to treat Cushing's disease when it is caused by a pituitary tumor. Its a generic alternative to Anipryl, and its the only FDA-approved drug for canine senility.",290,,"Selegiline HCl (Generic) Capsules, 5-mg, 60 Capsules",1,selegiline-hcl-generic-capsules-dogs,True,False,False,False,True,True,True,True,56,324,2,,,,,,,,,,,,,,1.0
PDP,Meta,Duplicate page title,https://www.chewy.com/diphenhydramine-hcl-generic-capsules/dp/1069278,True,Make titles unique at the page/template level.,"DIPHENHYDRAMINE HCl (Generic) Capsules, 50-mg - Easy Refills | Chewy Rx","DIPHENHYDRAMINE HCl (Generic) Capsules, 50-mg - Easy Refills | Chewy Rx",71,"Diphenhydramine HCI, commonly known as Benadryl is an antihistamine prescribed to help relieve allergy symptoms. Some of these symptoms may include coughing and itching caused by insect bites, pollen, house dust along with other allergy triggers. This medication may also help control vomiting and motion sickness and may be prescribed as a mild sedative to help treat muscle tremors caused by toxins or other medications.",422,,"Diphenhydramine HCl (Generic) Capsules, 50-mg, 120 capsules",1,diphenhydramine-hcl-generic-capsules,True,False,False,False,True,True,True,True,88,321,2,,,,,,,,,,,,,,1.0
PDP,Meta,Duplicate page title,https://www.chewy.com/hydroxyzine-pamoate-generic-capsules/dp/1069374,True,Make titles unique at the page/template level.,"HYDROXYZINE Pamoate (Generic) Capsules, 50-mg - Easy Refills | Chewy Rx","HYDROXYZINE Pamoate (Generic) Capsules, 50-mg - Easy Refills | Chewy Rx",71,"Hydroxyzine Pamoate is a prescription medication that is used to treat itchy skin due to allergies. With fewer side effects than corticosteroids, it blocks the histamines that cause allergic reactions. It can also be used as a sedative.",236,,"Hydroxyzine Pamoate (Generic) Capsules, 50-mg, 120 capsules",1,hydroxyzine-pamoate-generic-capsules,True,False,False,False,True,True,True,True,97,323,2,,,,,,,,,,,,,,1.0
PDP,Meta,Duplicate page title,https://www.chewy.com/natural-balance-limited-ingredient/dp/264438,True,Make titles unique at the page/template level.,Natural Balance L.I.D. Limited Ingredient Diets Sweet Potato & Fish Formula Grain-Free Dry Dog Food | Chewy,Natural Balance L.I.D. Limited Ingredient Diets Sweet Potato & Fish Formula Grain-Free Dry Dog Food | Chewy,107,"Buy Natural Balance Limited Ingredient Grain-Free Salmon & Sweet Potato Recipe Dry Dog Food, 24-lb bag at Chewy.com. FREE shipping and the BEST customer service!",161,,"Natural Balance Limited Ingredient Grain-Free Salmon & Sweet Potato Recipe Dry Dog Food, 24-lb bag",1,natural-balance-limited-ingredient,True,True,False,False,True,True,True,True,187,335,2,,,,,,,,,,,,,,1.0
PDP,Meta,Duplicate page title,https://www.chewy.com/purina-pro-plan-small-breed-adult/dp/169449,True,Make titles unique at the page/template level.,Purina Pro Plan Focus Small Breed Adult Sensitive Skin & Stomach Formula Dry Dog Food | Chewy,Purina Pro Plan Focus Small Breed Adult Sensitive Skin & Stomach Formula Dry Dog Food | Chewy,93,"Buy Purina Pro Plan Small Breed Adult Sensitive Skin & Stomach Formula Dry Dog Food, 16-lb bag at Chewy.com. FREE shipping and the BEST customer service!",153,,"Purina Pro Plan Small Breed Adult Sensitive Skin & Stomach Formula Dry Dog Food, 16-lb bag",1,purina-pro-plan-small-breed-adult,True,True,False,False,True,True,True,True,132,331,2,good,2116.0,good,0.065,,,,,,,,,,9.0
PDP,Meta,Duplicate page title,https://www.chewy.com/greenies-feline-oven-roasted-chicken/dp/241297,True,Make titles unique at the page/template level.,Greenies Feline Oven Roasted Chicken Flavor Adult Dental Cat Treats | Chewy (Free Shipping),Greenies Feline Oven Roasted Chicken Flavor Adult Dental Cat Treats | Chewy (Free Shipping),91,"Buy Greenies Feline Oven Roasted Chicken Flavor Adult Natural Dental Cat Treats, 4.6-oz bag at Chewy.com. FREE shipping and the BEST customer service!",150,,"Greenies Feline Oven Roasted Chicken Flavor Adult Natural Dental Cat Treats, 4.6-oz bag",1,greenies-feline-oven-roasted-chicken,True,True,False,False,True,True,True,True,215,330,2,,,,,,,,,,,,,,1.0
PDP,Meta,Duplicate page title,https://www.chewy.com/advantage-ii-flea-spot-treatment-cats/dp/101831,True,Make titles unique at the page/template level.,Advantage II Flea Treatment for Large Cats Over 9 lbs (Free Shipping) | Chewy,Advantage II Flea Treatment for Large Cats Over 9 lbs (Free Shipping) | Chewy,77,"Buy Advantage II Flea Spot Treatment for Cats, over 9 lbs, 6 Doses (6-mos. supply) at Chewy.com. FREE shipping and the BEST customer service!",141,advantage ii reviews cats,"Advantage II Flea Spot Treatment for Cats, over 9 lbs, 6 Doses (6-mos. supply)",1,advantage-ii-flea-spot-treatment-cats,True,True,False,False,True,True,True,True,103,334,2,good,2302.0,good,0.055,,,10,10,7.38,7,1,0,2,54.0
PDP,Meta,Duplicate page title,https://www.chewy.com/virbac-cet-enzymatic-poultry-flavor/dp/41742,True,Make titles unique at the page/template level.,"VIRBAC C.E.T. Enzymatic Poultry Flavor Dog & Cat Toothpaste, 70 gram - Chewy.com","VIRBAC C.E.T. Enzymatic Poultry Flavor Dog & Cat Toothpaste, 70 gram - Chewy.com",80,"Buy Virbac C.E.T. Enzymatic Poultry Flavor Dog & Cat Toothpaste, 70 gram at Chewy.com. FREE shipping and the BEST customer service!",131,virbac dog toothpaste,"Virbac C.E.T. Enzymatic Poultry Flavor Dog & Cat Toothpaste, 70 gram",1,virbac-cet-enzymatic-poultry-flavor,True,True,False,False,True,True,True,True,271,331,2,good,2099.0,good,0.07,,,2,2,8.0,1,0,0,1,54.0
PDP,Meta,Duplicate page title,https://www.chewy.com/petarmor-plus-flea-tick-spot/dp/181528,True,Make titles unique at the page/template level.,PetArmor Plus Flea & Tick Squeeze-On Treatment for Cats Over 1.5 lbs | Chewy (Free Shipping),PetArmor Plus Flea & Tick Squeeze-On Treatment for Cats Over 1.5 lbs | Chewy (Free Shipping),92,"Buy PetArmor Plus Flea & Tick Spot Treatment for Cats, over 1.5 lbs, 6 Doses (6-mos. supply) at Chewy.com. FREE shipping and the BEST customer service!",151,,"PetArmor Plus Flea & Tick Spot Treatment for Cats, over 1.5 lbs, 6 Doses (6-mos. supply)",1,petarmor-plus-flea-tick-spot,True,True,False,False,True,True,True,True,113,331,2,good,2149.0,good,0.085,,,,,,,,,,7.0
PDP,Meta,Duplicate page title,https://www.chewy.com/advantage-ii-flea-spot-treatment-cats/dp/101840,True,Make titles unique at the page/template level.,Advantage II Flea Treatment for Small Cats 5 lbs to 9 lbs & Ferrets | Chewy (Free Shipping),Advantage II Flea Treatment for Small Cats 5 lbs to 9 lbs & Ferrets | Chewy (Free Shipping),91,"Buy Advantage II Flea Spot Treatment for Cats, 5-9 lbs, 6 Doses (6-mos. supply) at Chewy.com. FREE shipping and the BEST customer service!",138,,"Advantage II Flea Spot Treatment for Cats, 5-9 lbs, 6 Doses (6-mos. supply)",1,advantage-ii-flea-spot-treatment-cats,True,True,False,False,True,True,True,True,87,331,2,,,,,,,,,,,,,,1.0
PDP,Meta,Duplicate page title,https://www.chewy.com/nutramax-proviable-probiotics/dp/101471,True,Make titles unique at the page/template level.,Nutramax Proviable-DC Capsules Dog & Cat Supplement (Free Shipping) | Chewy,Nutramax Proviable-DC Capsules Dog & Cat Supplement (Free Shipping) | Chewy,75,"Buy Nutramax Proviable Probiotics & Prebiotics Digestive Health Supplement for Dogs & Cats, 80 count at Chewy.com. FREE shipping and the BEST customer service!",159,,"Nutramax Proviable Probiotics & Prebiotics Digestive Health Supplement for Dogs & Cats, 80 count",1,nutramax-proviable-probiotics,True,True,False,False,True,True,True,True,267,330,2,good,2278.0,good,0.060000000000000005,,,,,,,,,,7.0
PDP,Meta,Duplicate page title,https://www.chewy.com/capstar-flea-oral-treatment-cats-2-25/dp/181622,True,Make titles unique at the page/template level.,"CAPSTAR Flea Oral Treatment for Cats, 2-25 lbs, 6 Tablets - Chewy.com","CAPSTAR Flea Oral Treatment for Cats, 2-25 lbs, 6 Tablets - Chewy.com",69,"Buy Capstar Flea Oral Treatment for Cats, 2-25 lbs, 6 Tablets at Chewy.com. FREE shipping and the BEST customer service!",120,,"Capstar Flea Oral Treatment for Cats, 2-25 lbs, 6 Tablets",1,capstar-flea-oral-treatment-cats-2,True,True,False,False,True,True,True,True,202,320,2,good,2142.0,good,0.07,,,,,,,,,,27.0
PDP,Meta,Duplicate page title,https://www.chewy.com/virbac-epi-otic-advanced-ear-cleaner/dp/52808,True,Make titles unique at the page/template level.,Virbac Epi-Otic Advanced Ear Cleaner for Dogs & Cats (Free Shipping) | Chewy,Virbac Epi-Otic Advanced Ear Cleaner for Dogs & Cats (Free Shipping) | Chewy,76,"Buy Virbac Epi-Otic Advanced Ear Cleaner for Dogs & Cats, 8-fl oz bottle at Chewy.com. FREE shipping and the BEST customer service!",131,,"Virbac Epi-Otic Advanced Ear Cleaner for Dogs & Cats, 8-fl oz bottle",1,virbac-epi-otic-advanced-ear-cleaner,True,True,False,False,True,True,True,True,166,331,2,good,2093.0,good,0.05500000000000001,,,,,,,,,,9.0
PDP,Meta,Duplicate page title,https://www.chewy.com/trizultra-keto-flush-dogs-cats-horses/dp/173767,True,Make titles unique at the page/template level.,"TrizULTRA + Keto Flush for Dogs, Cats & Horses (Free Shipping) | Chewy","TrizULTRA + Keto Flush for Dogs, Cats & Horses (Free Shipping) | Chewy",70,"Buy TrizULTRA + Keto Flush for Dogs, Cats & Horses, 12-fl oz bottle at Chewy.com. FREE shipping and the BEST customer service!",126,trizultra,"TrizULTRA + Keto Flush for Dogs, Cats & Horses, 12-fl oz bottle",1,trizultra-keto-flush-dogs-cats-horses,True,True,False,False,True,True,True,True,145,330,2,good,2051.0,good,0.03,,,1,1,2.0,1,0,0,0,11.0
PDP,Meta,Duplicate page title,https://www.chewy.com/doxycycline-hyclate-generic-tablets/dp/322025,True,Make titles unique at the page/template level.,"DOXYCYCLINE Hyclate (Generic) Tablets, 100-mg - Easy Refills | Chewy Rx","DOXYCYCLINE Hyclate (Generic) Tablets, 100-mg - Easy Refills | Chewy Rx",71,"Doxycycline Hyclate is an antibiotic prescribed to treat a variety of infections including Lyme disease, rocky mountain spotted fever, chlamydia and bacterial infections. It might also help with urinary tract, respiratory tract and wound infections. This medication comes in an uncoated oral tablet form.",304,,"Doxycycline Hyclate (Generic) Tablets, 100-mg, 60 tablets",1,doxycycline-hyclate-generic-tablets,True,False,False,False,True,True,True,True,101,322,2,,,,,,,,,,,,,,3.0
PDP,Meta,Duplicate page title,https://www.chewy.com/doxycycline-hyclate-compounded-powder/dp/669774,True,Make titles unique at the page/template level.,"DOXYCYCLINE COMPOUNDED Apple Powder, 5 GM/15CC scoop, for Veterinary use - Easy Refills | Chewy Rx","DOXYCYCLINE COMPOUNDED Apple Powder, 5 GM/15CC scoop, for Veterinary use - Easy Refills | Chewy Rx",98,Doxycycline Compounded appearance may vary as compounded products are made specifically for your horse.,103,,"Doxycycline Compounded Apple Powder, 5 GM/15CC scoop, 60 scoops for Veterinary use",1,doxycycline-hyclate-compounded-powder,True,True,False,False,True,True,True,True,52,323,2,,,,,,,,,,,,,,1.0
PDP,Meta,Duplicate page title,https://www.chewy.com/neo-poly-dex-generic-ophthalmic/dp/173654,True,Make titles unique at the page/template level.,"NEO-POLY-DEX (Generic) Ophthalmic Suspension, 5-mL - Easy Refills | Chewy Rx","NEO-POLY-DEX (Generic) Ophthalmic Suspension, 5-mL - Easy Refills | Chewy Rx",76,Neo-Poly-Dex is a multiple steroid eyedrop prescribed to help treat bacterial infections of the eyes and eyelids. Broad-spectrum action helps to treat different bacteria and it contains a corticosteroid that can help relieve related eye swelling and inflammation. Veterinarians use this medication to treat companion animals.,325,,"Neo-Poly-Dex (Generic) Ophthalmic Suspension, 5-mL",1,neo-poly-dex-generic-ophthalmic,True,True,False,False,True,True,True,True,117,320,2,good,2064.0,good,0.05,,,,,,,,,,36.0
PDP,Meta,Duplicate page title,https://www.chewy.com/cefpodoxime-proxetil-generic-tablets/dp/321975,True,Make titles unique at the page/template level.,"CEFPODOXIME Proxetil (Generic) Tablets for Dogs, 200-mg - Easy Refills | Chewy Rx","CEFPODOXIME Proxetil (Generic) Tablets for Dogs, 200-mg - Easy Refills | Chewy Rx",81,"Cefpodoxime Proxetil is a prescription medication for dogs to treat bacterial infections of the skin including wounds and abscesses, as well as bladder and respiratory infections. Plus, since this medication comes in an uncoated tablet form, it can be easily disguised in your dogs favorite food. Customers may receive this drug under the names Simplicef, Vantin.",363,,"Cefpodoxime Proxetil (Generic) Tablets for Dogs, 200-mg, 30 tablets",1,cefpodoxime-proxetil-generic-tablets,True,False,False,False,True,True,True,True,80,322,2,good,2092.0,good,0.09,,,,,,,,,,2.0
PDP,Meta,Duplicate page title,https://www.chewy.com/doxycycline-hyclate-generic-capsules/dp/316416,True,Make titles unique at the page/template level.,"DOXYCYCLINE Hyclate (Generic) Capsules, 50-mg - Easy Refills | Chewy Rx","DOXYCYCLINE Hyclate (Generic) Capsules, 50-mg - Easy Refills | Chewy Rx",71,"Doxycycline Hyclate is an antibiotic prescribed to treat a variety of infections including Lyme disease, rocky mountain spotted fever, chlamydia and bacterial infections. It might also help with urinary tract, respiratory tract and wound infections. This medication comes in an oral capsule form.",296,,"Doxycycline Hyclate (Generic) Capsules, 50-mg, 60 capsules",1,doxycycline-hyclate-generic-capsules,True,False,False,False,True,True,True,True,90,323,2,,,,,,,,,,,,,,1.0
PDP,Meta,Duplicate page title,https://www.chewy.com/rachael-ray-nutrish-indoor-complete/dp/135909,True,Make titles unique at the page/template level.,Rachael Ray Nutrish Indoor Complete Chicken with Lentils & Salmon Recipe Natural Dry Cat Food | Chewy,Rachael Ray Nutrish Indoor Complete Chicken with Lentils & Salmon Recipe Natural Dry Cat Food | Chewy,101,"Buy Rachael Ray Nutrish Indoor Complete Chicken, Lentils & Salmon Recipe Dry Cat Food, 14-lb bag at Chewy.com. FREE shipping and the BEST customer service!",155,,"Rachael Ray Nutrish Indoor Complete Chicken, Lentils & Salmon Recipe Dry Cat Food, 14-lb bag",1,rachael-ray-nutrish-indoor-complete,True,True,False,False,True,True,True,True,120,332,2,,,,,,,,,,,,,,1.0
PDP,Meta,Duplicate page title,https://www.chewy.com/purina-one-plus-indoor-advantage-real/dp/167230,True,Make titles unique at the page/template level.,Purina ONE Indoor Advantage Adult Dry Cat Food (Free Shipping) | Chewy,Purina ONE Indoor Advantage Adult Dry Cat Food (Free Shipping) | Chewy,70,"Buy Purina ONE +Plus Indoor Advantage Adult Natural, Low Fat, Weight Control, Indoor Real Turkey Dry Cat Food, 22-lb bag at Chewy.com. FREE shipping and the BEST customer service!",179,,"Purina ONE +Plus Indoor Advantage Adult Natural, Low Fat, Weight Control, Indoor Real Turkey Dry Cat Food, 22-lb bag",1,purina-one-plus-indoor-advantage-real,True,True,False,False,True,True,True,True,85,331,2,good,2412.0,good,0.065,,,,,,,,,,2.0
PDP,Meta,Duplicate page title,https://www.chewy.com/multipet-lamb-chop-squeaky-plush-dog/dp/52999,True,Make titles unique at the page/template level.,Multipet Lamb Chop Squeaky Plush Dog Toy (Free Shipping) | Chewy,Multipet Lamb Chop Squeaky Plush Dog Toy (Free Shipping) | Chewy,64,"Buy Multipet Lamb Chop Squeaky Plush Dog Toy, Regular at Chewy.com. FREE shipping and the BEST customer service!",112,lamb chop dog toy,"Multipet Lamb Chop Squeaky Plush Dog Toy, Regular",1,multipet-lamb-chop-squeaky-plush-dog,True,True,False,False,True,True,True,True,586,328,2,good,2007.0,poor,0.26,,,1,1,,0,0,0,1,18.0
PDP,Meta,Duplicate page title,https://www.chewy.com/kong-squeakair-balls-packs-dog-toy/dp/44146,True,Make titles unique at the page/template level.,KONG AirDog Squeakair Balls Packs Dog Toy (Free Shipping) | Chewy,KONG AirDog Squeakair Balls Packs Dog Toy (Free Shipping) | Chewy,65,"Buy KONG Squeakair Balls Packs Dog Toy, Medium at Chewy.com. FREE shipping and the BEST customer service!",105,,"KONG Squeakair Balls Packs Dog Toy, Medium",1,kong-squeakair-balls-packs-dog-toy,True,True,False,False,True,True,True,True,41,326,2,good,1882.0,needs,0.2,,,,,,,,,,4.0
PDP,Meta,Duplicate page title,https://www.chewy.com/simparica-trio-chewable-tablet-dogs/dp/251351,True,Make titles unique at the page/template level.,"SIMPARICA TRIO Chewable Tablet for Dogs, 44.1-88 lbs, (Green Box) - Easy Refills | Chewy Rx","SIMPARICA TRIO Chewable Tablet for Dogs, 44.1-88 lbs, (Green Box) - Easy Refills | Chewy Rx",91,"Help your furry friend fight off pests with Simparica Trio Chewable Tablets for Dogs! Every purchase comes with individual treatments that are specially formulated for canine companions 8 weeks of age and older, weighing between 44.1 and 88 pounds. Simparica Trio is the first and only product that combines sarolaner, moxidectin and pyrantel in each treatment to help prevent heartworm disease, kill fleas before they can lay eggs, kill 5 types of ticks, treat and prevent flea infestations and treat and control roundworms and hookworms.",539,simparica trio dog medicine,"Simparica Trio Chewable Tablet for Dogs, 44.1-88 lbs, (Green Box), 6 Chewable Tablets (6-mos. supply)",1,simparica-trio-chewable-tablet-dogs,True,True,False,False,True,True,True,True,253,326,2,good,2227.0,good,0.065,,,8,8,11.0,1,2,0,5,102.0
PDP,Meta,Duplicate page title,https://www.chewy.com/nexgard-plus-chew-dogs-331-66-lbs/dp/899750,True,Make titles unique at the page/template level.,"NEXGARD PLUS Chewables for Dogs, 33.1-66 lbs. (Purple Box) - Easy Refills | Chewy Rx","NEXGARD PLUS Chewables for Dogs, 33.1-66 lbs. (Purple Box) - Easy Refills | Chewy Rx",84,"NexGard® PLUS (afoxolaner, moxidectin, and pyrantel chewable tablets) is the one you want for one-and-done monthly parasite protection for your dog. It gives you the power to protect your dog from fleas and ticks, PLUS heartworm disease, roundworms, and hookworms – all in a delicious, beef-flavored, soft chew. NexGard® PLUS chewables are safe and approved for puppies as young as 8 weeks of age.",397,,"NexGard PLUS Chewables for Dogs, 33.1-66 lbs. (Purple Box) 1 Chewable Tablet (1-mo. supply)",1,nexgard-plus-chew-dogs-331-66-lbs,True,True,False,False,True,True,True,True,28,325,2,good,2309.0,good,0.04,,,,,,,,,,5.0
PDP,Meta,Duplicate page title,https://www.chewy.com/nexgard-combo-topical-cats-56-165-lbs/dp/851782,True,Make titles unique at the page/template level.,"NEXGARD COMBO Topical for Cats, 5.6-16.5 lbs. (Yellow Box) - Easy Refills | Chewy Rx","NEXGARD COMBO Topical for Cats, 5.6-16.5 lbs. (Yellow Box) - Easy Refills | Chewy Rx",84,"NexGard COMBO (esafoxolaner, eprinomectin, and praziquantel topical solution) for Cats kills fleas and ticks, prevents heartworm disease, and treats and controls hookworms, roundworms and tapeworms. NexGard COMBO topical solution is parasite protection for cats from the maker of vet-recommended NexGard (afoxolaner) and HEARTGARD Plus (ivermectin/pyrantel). All cats need parasite protection, even indoor cats.",411,,"NexGard COMBO Topical for Cats, 5.6-16.5 lbs. (Yellow Box), 3 Doses (3-mos. supply)",1,nexgard-combo-topical-cats-56-165-lbs,True,True,False,False,True,True,True,True,325,321,2,good,2270.0,good,0.0,,,,,,,,,,2.0
PDP,Meta,Duplicate page title,https://www.chewy.com/revolution-plus-topical-solution-cats/dp/185730,True,Make titles unique at the page/template level.,"REVOLUTION PLUS Topical Solution for Cats, 5.6-11 lbs, (Orange Box) - Easy Refills | Chewy Rx","REVOLUTION PLUS Topical Solution for Cats, 5.6-11 lbs, (Orange Box) - Easy Refills | Chewy Rx",93,"Help protect your four-legged friend from pesky critters with this 6-in-1 broad spectrum monthly Topical Solution for Cats by Revolution Plus. Simply apply the quick-drying, small-volume prescription to help: kill fleas before they lay eggs, kill ticks for a full month, prevent heartworm disease and treat and control roundworms, hookworms and ear mites. This topical medication is suitable for cats and kittens eight weeks of age or older, weighing between 5.",461,revolution plus,"Revolution Plus Topical Solution for Cats, 5.6-11 lbs, (Orange Box), 6 Doses (6-mos. supply)",1,revolution-plus-topical-solution-cats,True,True,False,False,True,True,True,True,205,323,2,good,2072.0,good,0.07,,,6,5,8.17,4,2,0,0,37.0
PDP,Meta,Duplicate page title,https://www.chewy.com/heartgard-plus-chew-dogs-51-100-lbs/dp/173234,True,Make titles unique at the page/template level.,"HEARTGARD Plus Chew for Dogs, 51-100 lbs, (Brown Box) - Easy Refills | Chewy Rx","HEARTGARD Plus Chew for Dogs, 51-100 lbs, (Brown Box) - Easy Refills | Chewy Rx",79,"**For use in animals only.** Heartgard Plus Chew for Dogs, 51-100 lbs. is a heartworm preventative that kills heartworms and also helps treat and control roundworms and hookworms.",179,heartgard plus chew for dogs 51-100 lbs brown box 6 chews (6-mos. supply,"Heartgard Plus Chew for Dogs, 51-100 lbs, (Brown Box), 6 Chews (6-mos. supply)",1,heartgard-plus-chew-dogs-51-100-lbs,True,True,False,False,True,True,True,True,137,322,2,good,2192.0,good,0.075,,,1,1,1.0,1,0,0,0,31.0
PDP,Meta,Duplicate page title,https://www.chewy.com/nexgard-chew-dogs-241-60-lbs-purple/dp/173252,True,Make titles unique at the page/template level.,"NEXGARD Chewables for Dogs, 24.1-60 lbs, (Purple Box) - Easy Refills | Chewy Rx","NEXGARD Chewables for Dogs, 24.1-60 lbs, (Purple Box) - Easy Refills | Chewy Rx",79,"NexGard Chewables for Dogs, 24.1-60 lbs. are vet-recommended and FDA-approved to kill adult fleas fast before they have a chance to lay eggs.",141,nexgard for dogs 24-60,"NexGard Chewables for Dogs, 24.1-60 lbs, (Purple Box), 6 Chewable Tablets (6-mos. supply)",1,nexgard-chew-dogs-241-60-lbs-purple,True,True,False,False,True,True,True,True,185,324,2,good,2421.0,good,0.07,,,1,1,5.0,1,0,0,0,18.0
PDP,Meta,Duplicate page title,https://www.chewy.com/simparica-trio-chewable-tablet-dogs/dp/323070,True,Make titles unique at the page/template level.,"SIMPARICA TRIO Chewable Tablet for Dogs, 44.1-88 lbs, (Green Box) - Easy Refills | Chewy Rx","SIMPARICA TRIO Chewable Tablet for Dogs, 44.1-88 lbs, (Green Box) - Easy Refills | Chewy Rx",91,"Help your furry friend fight off pests with Simparica Trio Chewable Tablets for Dogs! Every purchase comes with individual treatments that are specially formulated for canine companions 8 weeks of age and older, weighing between 44.1 and 88 pounds. Simparica Trio is the first and only product that combines sarolaner, moxidectin and pyrantel in each treatment to help prevent heartworm disease, kill fleas before they can lay eggs, kill 5 types of ticks, treat and prevent flea infestations and treat and control roundworms and hookworms.",539,,"Simparica Trio Chewable Tablet for Dogs, 44.1-88 lbs, (Green Box), 12 Chewable Tablets (12-mos. supply)",1,simparica-trio-chewable-tablet-dogs,True,False,False,False,True,True,True,True,17,326,2,good,2470.0,good,0.030000000000000002,,,,,,,,,,25.0
PDP,Meta,Duplicate page title,https://www.chewy.com/revolution-plus-topical-solution-cats/dp/185729,True,Make titles unique at the page/template level.,"REVOLUTION PLUS Topical Solution for Cats, 5.6-11 lbs, (Orange Box) - Easy Refills | Chewy Rx","REVOLUTION PLUS Topical Solution for Cats, 5.6-11 lbs, (Orange Box) - Easy Refills | Chewy Rx",93,"Help protect your four-legged friend from pesky critters with this 6-in-1 broad spectrum monthly Topical Solution for Cats by Revolution Plus. Simply apply the quick-drying, small-volume prescription to help: kill fleas before they lay eggs, kill ticks for a full month, prevent heartworm disease and treat and control roundworms, hookworms and ear mites. This topical medication is suitable for cats and kittens eight weeks of age or older, weighing between 5.",461,chewy cat flea medicine,"Revolution Plus Topical Solution for Cats, 5.6-11 lbs, (Orange Box), 3 Doses (3-mos. supply)",1,revolution-plus-topical-solution-cats,True,True,False,False,True,True,True,True,241,323,2,good,2244.0,good,0.05,,,3,3,,0,0,0,3,28.0
PDP,Meta,Duplicate page title,https://www.chewy.com/heartgard-plus-chew-dogs-up-to-25-lbs/dp/179481,True,Make titles unique at the page/template level.,"HEARTGARD Plus Chew for Dogs, up to 25 lbs, (Blue Box) - Easy Refills | Chewy Rx","HEARTGARD Plus Chew for Dogs, up to 25 lbs, (Blue Box) - Easy Refills | Chewy Rx",80,"**For use in animals only.** Heartgard Plus Chew for Dogs, up to 25 lbs. is a heartworm preventative that kills heartworms and also helps treat and control roundworms and hookworms.",181,heartgard plus chew for dogs up to 25 lbs blue box 6 chews (6-mos. supply,"Heartgard Plus Chew for Dogs, up to 25 lbs, (Blue Box), 12 Chews (12-mos. supply)",1,heartgard-plus-chew-dogs-up-to-25-lbs,True,True,False,False,True,True,True,True,15,323,2,good,2420.0,good,0.075,,,2,2,12.5,1,0,1,0,23.0
PDP,Meta,Duplicate page title,https://www.chewy.com/simparica-chewable-tablet-dogs-441-88/dp/323064,True,Make titles unique at the page/template level.,"SIMPARICA Chewable Tablet for Dogs, 44.1-88 lbs, (Green Box) - Easy Refills | Chewy Rx","SIMPARICA Chewable Tablet for Dogs, 44.1-88 lbs, (Green Box) - Easy Refills | Chewy Rx",86,"Say goodbye to pesky, persistent pests and hello to Simparica. This once-a-month tablet gives you an easy, reliable way to protect your dog from fleas and ticks. It's a tasty tablet that works to shield your pet for a full 35 days, killing fleas before they can lay eggs.",271,,"Simparica Chewable Tablet for Dogs, 44.1-88 lbs, (Green Box), 12 Chewable Tablets (12-mos. supply)",1,simparica-chewable-tablet-dogs-441,True,False,False,False,True,True,True,True,9,327,2,,,good,0.05,,,,,,,,,,4.0
PDP,Meta,Duplicate page title,https://www.chewy.com/simparica-trio-chewable-tablet-dogs/dp/251349,True,Make titles unique at the page/template level.,"SIMPARICA TRIO Chewable Tablet for Dogs, 22.1-44.0 lbs, (Teal Box) - Easy Refills | Chewy Rx","SIMPARICA TRIO Chewable Tablet for Dogs, 22.1-44.0 lbs, (Teal Box) - Easy Refills | Chewy Rx",92,"Help your furry friend fight off pests with Simparica Trio Chewable Tablets for Dogs! Every purchase comes with individual treatments that are specially formulated for canine companions 8 weeks of age and older, weighing between 22.1 and 44 pounds. Simparica Trio is the first and only product that combines sarolaner, moxidectin and pyrantel in each treatment to help prevent heartworm disease, kill fleas before they can lay eggs, kill 5 types of ticks, treat and prevent flea infestations and treat and control roundworms and hookworms.",539,simparica trio,"Simparica Trio Chewable Tablet for Dogs, 22.1-44.0 lbs, (Teal Box), 6 Chewable Tablets (6-mos. supply)",1,simparica-trio-chewable-tablet-dogs,True,True,False,False,True,True,True,True,107,325,2,good,2262.0,good,0.07,,,4,4,3.25,4,0,0,0,11.0
PDP,Meta,Duplicate page title,https://www.chewy.com/heartgard-plus-chew-dogs-51-100-lbs/dp/179483,True,Make titles unique at the page/template level.,"HEARTGARD Plus Chew for Dogs, 51-100 lbs, (Brown Box) - Easy Refills | Chewy Rx","HEARTGARD Plus Chew for Dogs, 51-100 lbs, (Brown Box) - Easy Refills | Chewy Rx",79,"**For use in animals only.** Heartgard Plus Chew for Dogs, 51-100 lbs. is a heartworm preventative that kills heartworms and also helps treat and control roundworms and hookworms.",179,heartgard dog heartworm medicine,"Heartgard Plus Chew for Dogs, 51-100 lbs, (Brown Box), 12 Chews (12-mos. supply)",1,heartgard-plus-chew-dogs-51-100-lbs,True,True,False,False,True,True,True,True,8,322,2,good,2285.0,good,0.07,,,3,2,14.0,1,2,0,0,16.0
PDP,Meta,Duplicate page title,https://www.chewy.com/thyro-tabs-levothyroxine-sodium/dp/323110,True,Make titles unique at the page/template level.,"THYRO-TABS (Levothyroxine Sodium) Tablets for Dogs, 0.7-mg - Easy Refills | Chewy Rx","THYRO-TABS (Levothyroxine Sodium) Tablets for Dogs, 0.7-mg - Easy Refills | Chewy Rx",84,Thyro-Tabs are an oral prescription tablet that provides hormone replacement therapy in dogs and cats to treat the symptoms of hypothyroidism when thyroid production is lower than normal. Having a balanced amount of thyroid hormone is important in sustaining normal mental health and physical activity for your pets.**We directly source prescription medications from manufacturers and wholesale distributors registered with the FDA and licensed by applicable state boards.,472,,"Thyro-Tabs (Levothyroxine Sodium) Tablets for Dogs, 0.7-mg, 60 tablets",1,thyro-tabs-levothyroxine-sodium,True,False,False,False,True,True,True,True,17,329,2,,,,,,,,,,,,,,
PDP,Meta,Duplicate page title,https://www.chewy.com/simparica-trio-chewable-tablet-dogs/dp/976550,True,Make titles unique at the page/template level.,"SIMPARICA TRIO Chewable Tablet for Dogs, 11.1-22.0 lbs, (Caramel Box) - Easy Refills | Chewy Rx","SIMPARICA TRIO Chewable Tablet for Dogs, 11.1-22.0 lbs, (Caramel Box) - Easy Refills | Chewy Rx",95,"Help your furry friend fight off pests with Simparica Trio Chewable Tablets for Dogs! Every purchase comes with individual treatments that are specially formulated for canine companions 8 weeks of age and older, weighing between 11.1 and 22 pounds. Simparica Trio is the first and only product that combines sarolaner, moxidectin and pyrantel in each treatment to help prevent heartworm disease, kill fleas before they can lay eggs, kill 5 types of ticks, treat and prevent flea infestations and treat and control roundworms and hookworms.",539,,"Simparica Trio Chewable Tablet for Dogs, 11.1-22.0 lbs, (Caramel Box), 1 Chewable Tablet (1-mo. supply)",1,simparica-trio-chewable-tablet-dogs,True,True,False,False,True,True,True,True,43,325,2,,,,,,,,,,,,,,1.0
PDP,Meta,Duplicate page title,https://www.chewy.com/revolution-topical-solution-dogs-101/dp/323038,True,Make titles unique at the page/template level.,"REVOLUTION Topical Solution for Dogs, 10.1-20 lbs, (Brown Box) - Easy Refills | Chewy Rx","REVOLUTION Topical Solution for Dogs, 10.1-20 lbs, (Brown Box) - Easy Refills | Chewy Rx",88,**Your furry friend must have a current heartworm test result on file with your veterinarian in order to be prescribed heartworm medication. Please visit your veterinarian to have this test performed annually to protect your four-legged friend.** Revolution is a medication that is applied directly on your furry friend's skin to protect them from biting critters.,364,,"Revolution Topical Solution for Dogs, 10.1-20 lbs, (Brown Box), 12 Doses (12-mos. supply)",1,revolution-topical-solution-dogs,True,False,False,False,True,True,True,True,13,326,2,,,,,,,,,,,,,,1.0
PDP,Meta,Duplicate page title,https://www.chewy.com/heartgard-plus-chew-dogs-26-50-lbs/dp/179482,True,Make titles unique at the page/template level.,"HEARTGARD Plus Chew for Dogs, 26-50 lbs, (Green Box) - Easy Refills | Chewy Rx","HEARTGARD Plus Chew for Dogs, 26-50 lbs, (Green Box) - Easy Refills | Chewy Rx",78,"**For use in animals only.** Heartgard Plus Chew for Dogs, 26-50 lbs. is a heartworm preventative that kills heartworms and also helps treat and control roundworms and hookworms.",178,,"Heartgard Plus Chew for Dogs, 26-50 lbs, (Green Box), 12 Chews (12-mos. supply)",1,heartgard-plus-chew-dogs-26-50-lbs,True,True,False,False,True,True,True,True,7,322,2,,,,,,,,,,,,,,1.0
PDP,Meta,Duplicate page title,https://www.chewy.com/simparica-chewable-tablet-dogs-111-22/dp/173123,True,Make titles unique at the page/template level.,"SIMPARICA Chewable Tablet for Dogs, 11.1-22 lbs, (Orange Box) - Easy Refills | Chewy Rx","SIMPARICA Chewable Tablet for Dogs, 11.1-22 lbs, (Orange Box) - Easy Refills | Chewy Rx",87,"Say goodbye to pesky, persistent pests and hello to Simparica. This once-a-month tablet gives you an easy, reliable way to protect your dog from fleas and ticks. It's a tasty tablet that works to shield your pet for a full 35 days, killing fleas before they can lay eggs.",271,,"Simparica Chewable Tablet for Dogs, 11.1-22 lbs, (Orange Box), 6 Chewable Tablets (6-mos. supply)",1,simparica-chewable-tablet-dogs-111,True,True,False,False,True,True,True,True,63,326,2,good,2334.0,good,0.07,,,,,,,,,,1.0
PDP,Meta,Duplicate page title,https://www.chewy.com/simparica-trio-chewable-tablet-dogs/dp/323067,True,Make titles unique at the page/template level.,"SIMPARICA TRIO Chewable Tablet for Dogs, 5.6-11.0 lbs, (Purple Box) - Easy Refills | Chewy Rx","SIMPARICA TRIO Chewable Tablet for Dogs, 5.6-11.0 lbs, (Purple Box) - Easy Refills | Chewy Rx",93,"Help your furry friend fight off pests with Simparica Trio Chewable Tablets for Dogs! Every purchase comes with individual treatments that are specially formulated for canine companions 8 weeks of age and older, weighing between 5.6 and 11 pounds. Simparica Trio is the first and only product that combines sarolaner, moxidectin and pyrantel in each treatment to help prevent heartworm disease, kill fleas before they can lay eggs, kill 5 types of ticks, treat and prevent flea infestations and treat and control roundworms and hookworms.",538,,"Simparica Trio Chewable Tablet for Dogs, 5.6-11.0 lbs, (Purple Box), 12 Chewable Tablets (12-mos. supply)",1,simparica-trio-chewable-tablet-dogs,True,False,False,False,True,True,True,True,14,326,2,,,,,,,,,,,,,,1.0
PDP,Meta,Duplicate page title,https://www.chewy.com/creative-science-cough-tablets-dogs/dp/322007,True,Make titles unique at the page/template level.,CREATIVE SCIENCE Cough Tablets for Dogs & Cats - Easy Refills | Chewy Rx,CREATIVE SCIENCE Cough Tablets for Dogs & Cats - Easy Refills | Chewy Rx,72,"Creative Science cough tablets combine an effective expectorant and antitussive cough suppressant for the temporary relief of cough symptoms.**We directly source prescription medications from manufacturers and wholesale distributors registered with the FDA and licensed by applicable state boards. Guaranteed genuine, and where applicable, backed by the manufacturer.",367,,"Creative Science Cough Tablets for Dogs & Cats, 30 tablets",1,creative-science-cough-tablets-dogs,True,False,False,False,True,True,True,True,7,320,2,good,2098.0,good,0.07,,,,,,,,,,5.0
PDP,Meta,Duplicate page title,https://www.chewy.com/revolution-topical-solution-dogs-51/dp/323037,True,Make titles unique at the page/template level.,"REVOLUTION Topical Solution for Dogs, 5.1-10 lbs, (Purple Box) - Easy Refills | Chewy Rx","REVOLUTION Topical Solution for Dogs, 5.1-10 lbs, (Purple Box) - Easy Refills | Chewy Rx",88,**Your furry friend must have a current heartworm test result on file with your veterinarian in order to be prescribed heartworm medication. Please visit your veterinarian to have this test performed annually to protect your four-legged friend.** Revolution is a medication that is applied directly on your furry friend's skin to protect them from biting critters.,364,revolution pet pharmacy medications,"Revolution Topical Solution for Dogs, 5.1-10 lbs, (Purple Box), 12 Doses (12-mos. supply)",1,revolution-topical-solution-dogs,True,False,False,False,True,True,True,True,12,326,2,,,,,,,1,1,,0,0,0,1,6.0
PDP,Meta,Duplicate page title,https://www.chewy.com/durvet-chlorhexidine-solution-horse/dp/139643,True,Make titles unique at the page/template level.,"DURVET Chlorhexidine Solution Horse & Dog Antibacterial Wound Cleaner, 1-gal bottle - Chewy.com","DURVET Chlorhexidine Solution Horse & Dog Antibacterial Wound Cleaner, 1-gal bottle - Chewy.com",95,"Buy Durvet Chlorhexidine Solution Horse & Dog Antibacterial Wound Cleaner, 1-gal bottle at Chewy.com. FREE shipping and the BEST customer service!",146,,"Durvet Chlorhexidine Solution Horse & Dog Antibacterial Wound Cleaner, 1-gal bottle",1,durvet-chlorhexidine-solution-horse,True,True,False,False,True,True,True,True,205,331,2,good,2118.0,good,0.049999999999999996,,,,,,,,,,30.0
PDP,Meta,Duplicate page title,https://www.chewy.com/odoban-disinfectant-laundry-air/dp/196340,True,Make titles unique at the page/template level.,"OdoBan Disinfectant Laundry & Air Freshener Concentrate, Eucalyptus Scent | Chewy","OdoBan Disinfectant Laundry & Air Freshener Concentrate, Eucalyptus Scent | Chewy",81,"Buy OdoBan Disinfectant Laundry & Air Freshener Concentrate, Eucalyptus Scent, 1-gal bottle at Chewy.com. FREE shipping and the BEST customer service!",150,,"OdoBan Disinfectant Laundry & Air Freshener Concentrate, Eucalyptus Scent, 1-gal bottle",1,odoban-disinfectant-laundry-air,True,True,False,False,True,True,True,True,126,323,2,,,,,,,,,,,,,,1.0
PDP,Meta,Duplicate page title,https://www.chewy.com/simple-green-outdoor-dog-cat-odor/dp/160845,True,Make titles unique at the page/template level.,Simple Green Outdoor Dog & Cat Odor Eliminator (Free Shipping) | Chewy,Simple Green Outdoor Dog & Cat Odor Eliminator (Free Shipping) | Chewy,70,"Buy Simple Green Outdoor Dog & Cat Odor Eliminator, 1-gal jug at Chewy.com. FREE shipping and the BEST customer service!",120,,"Simple Green Outdoor Dog & Cat Odor Eliminator, 1-gal jug",1,simple-green-outdoor-dog-cat-odor,True,True,False,False,True,True,True,True,77,329,2,,,,,,,,,,,,,,1.0
PDP,Meta,Duplicate page title,https://www.chewy.com/kaytee-baked-carrot-timothy-biscuit/dp/122925,True,Make titles unique at the page/template level.,"KAYTEE Baked Carrot Timothy Biscuit Small Animal Treats, 4-oz bag - Chewy.com","KAYTEE Baked Carrot Timothy Biscuit Small Animal Treats, 4-oz bag - Chewy.com",77,"Buy Kaytee Baked Carrot Timothy Biscuit Small Animal Treats, 4-oz bag at Chewy.com. FREE shipping and the BEST customer service!",128,,"Kaytee Baked Carrot Timothy Biscuit Small Animal Treats, 4-oz bag",1,kaytee-baked-carrot-timothy-biscuit,True,True,False,False,True,True,True,True,150,329,2,,,,,,,,,,,,,,1.0
PDP,Meta,Duplicate page title,https://www.chewy.com/oxbow-essentials-adult-rabbit-food/dp/123563,True,Make titles unique at the page/template level.,Oxbow Essentials Bunny Basics/T Adult Rabbit Food (Free Shipping) | Chewy,Oxbow Essentials Bunny Basics/T Adult Rabbit Food (Free Shipping) | Chewy,73,"Buy Oxbow Essentials Adult Rabbit Food All Natural Adult Rabbit Pellets, 5-lb bag at Chewy.com. FREE shipping and the BEST customer service!",140,,"Oxbow Essentials Adult Rabbit Food All Natural Adult Rabbit Pellets, 5-lb bag",1,oxbow-essentials-adult-rabbit-food,True,True,False,False,True,True,True,True,104,333,2,,,,,,,,,,,,,,1.0
PDP,Meta,Duplicate page title,https://www.chewy.com/oxbow-essentials-adult-rabbit-food/dp/123565,True,Make titles unique at the page/template level.,Oxbow Essentials Bunny Basics/T Adult Rabbit Food (Free Shipping) | Chewy,Oxbow Essentials Bunny Basics/T Adult Rabbit Food (Free Shipping) | Chewy,73,"Buy Oxbow Essentials Adult Rabbit Food All Natural Adult Rabbit Pellets, 25-lb bag at Chewy.com. FREE shipping and the BEST customer service!",141,,"Oxbow Essentials Adult Rabbit Food All Natural Adult Rabbit Pellets, 25-lb bag",1,oxbow-essentials-adult-rabbit-food,True,True,False,False,True,True,True,True,118,333,2,,,,,,,,,,,,,,1.0
PDP,Meta,Duplicate page title,https://www.chewy.com/oxbow-simple-rewards-oven-baked-apple/dp/123671,True,Make titles unique at the page/template level.,"OXBOW Simple Rewards Oven Baked with Apple & Banana Small Animal Treats, 3-oz bag - Chewy.com","OXBOW Simple Rewards Oven Baked with Apple & Banana Small Animal Treats, 3-oz bag - Chewy.com",93,"Buy Oxbow Simple Rewards Oven Baked with Apple & Banana Small Animal Treats, 3-oz bag at Chewy.com. FREE shipping and the BEST customer service!",144,,"Oxbow Simple Rewards Oven Baked with Apple & Banana Small Animal Treats, 3-oz bag",1,oxbow-simple-rewards-oven-baked-apple,True,True,False,False,True,True,True,True,165,329,2,,,,,,,,,,,,,,1.0
PDP,Meta,Duplicate page title,https://www.chewy.com/api-stress-coat-aquarium-water/dp/122094,True,Make titles unique at the page/template level.,API Stress Coat Aquarium Water Conditioner (Free Shipping) | Chewy,API Stress Coat Aquarium Water Conditioner (Free Shipping) | Chewy,66,"Buy API Stress Coat Aquarium Water Conditioner, 16-fl oz bottle at Chewy.com. FREE shipping and the BEST customer service!",122,,"API Stress Coat Aquarium Water Conditioner, 16-fl oz bottle",1,api-stress-coat-aquarium-water,True,True,False,False,True,True,True,True,167,333,2,,,,,,,,,,,,,,1.0
PDP,Meta,Duplicate page title,https://www.chewy.com/company-animals-pet-corrector-dog/dp/178203,True,Make titles unique at the page/template level.,The Company of Animals Pet Corrector Dog Training Aid (Free Shipping) | Chewy,The Company of Animals Pet Corrector Dog Training Aid (Free Shipping) | Chewy,77,"Buy The Company of Animals Pet Corrector Dog Training & Bark Stopping Aid, 30-mL at Chewy.com. FREE shipping and the BEST customer service!",139,,"The Company of Animals Pet Corrector Dog Training & Bark Stopping Aid, 30-mL",1,company-animals-pet-corrector-dog,True,True,False,False,True,True,True,True,78,335,2,,,,,,,,,,,,,,1.0
PDP,Meta,Duplicate page title,https://www.chewy.com/arm-hammer-litter-slide-multi-cat/dp/234132,True,Make titles unique at the page/template level.,Arm & Hammer Litter Slide Multi-Cat Scented Clumping Clay Cat Litter | Chewy (Free Shipping),Arm & Hammer Litter Slide Multi-Cat Scented Clumping Clay Cat Litter | Chewy (Free Shipping),92,"Buy Arm & Hammer Litter Slide Multi-Cat Scented Clumping Clay Cat Litter, 38-lb box at Chewy.com. FREE shipping and the BEST customer service!",142,,"Arm & Hammer Litter Slide Multi-Cat Scented Clumping Clay Cat Litter, 38-lb box",1,arm-hammer-litter-slide-multi-cat,True,True,False,False,True,True,True,True,221,334,2,good,2136.0,good,0.07,,,,,,,,,,2.0
PDP,Meta,Duplicate page title,https://www.chewy.com/purina-pro-plan-adult-large-breed/dp/52395,True,Make titles unique at the page/template level.,Purina Pro Plan Adult Large Breed Chicken & Rice Dry Dog Food | Chewy,Purina Pro Plan Adult Large Breed Chicken & Rice Dry Dog Food | Chewy,69,"Buy Purina Pro Plan Adult Large Breed High Protein Chicken & Rice Dry Dog Food, 18-lb bag at Chewy.com. FREE shipping and the BEST customer service!",148,,"Purina Pro Plan Adult Large Breed High Protein Chicken & Rice Dry Dog Food, 18-lb bag",1,purina-pro-plan-adult-large-breed,True,True,False,False,True,True,True,True,28,330,2,,,,,,,,,,,,,,8.0
PDP,Meta,Duplicate page title,https://www.chewy.com/royal-canin-veterinary-diet-adult/dp/35480,True,Make titles unique at the page/template level.,Royal Canin Veterinary Diet Hydrolyzed Protein HP Dry Cat Food | Chewy (Free Shipping),Royal Canin Veterinary Diet Hydrolyzed Protein HP Dry Cat Food | Chewy (Free Shipping),86,"Buy Royal Canin Veterinary Diet Adult Hydrolyzed Protein HP Dry Cat Food, 7.7-lb bag at Chewy.com. FREE shipping and the BEST customer service!",143,hydrolyzed protein wet cat food,"Royal Canin Veterinary Diet Adult Hydrolyzed Protein HP Dry Cat Food, 7.7-lb bag",1,royal-canin-veterinary-diet-adult,True,True,False,False,True,True,True,True,431,330,2,good,2239.0,good,0.09,,,2,2,12.0,0,1,0,1,22.0
PDP,Meta,Duplicate page title,https://www.chewy.com/hills-science-diet-adult-urinary/dp/118242,True,Make titles unique at the page/template level.,Hill's Science Diet Adult Urinary Hairball Control Dry Cat Food | Chewy (Free Shipping),Hill's Science Diet Adult Urinary Hairball Control Dry Cat Food | Chewy (Free Shipping),87,"Buy Hill's Science Diet Adult Urinary & Hairball Control Chicken & Rice Recipe Dry Cat Food, 15.5-lb bag at Chewy.com. FREE shipping and the BEST customer service!",163,,"Hill's Science Diet Adult Urinary & Hairball Control Chicken & Rice Recipe Dry Cat Food, 15.5-lb bag",1,hills-science-diet-adult-urinary,True,True,False,False,True,True,True,True,108,328,2,good,2191.0,good,0.08,,,,,,,,,,1.0
PDP,Meta,Duplicate page title,https://www.chewy.com/nutramax-cosequin-hip-joint/dp/126227,True,Make titles unique at the page/template level.,Nutramax Cosequin Maximum Strength (DS) Plus MSM Soft Chews Joint Health Dog Supplement | Chewy,Nutramax Cosequin Maximum Strength (DS) Plus MSM Soft Chews Joint Health Dog Supplement | Chewy,95,"Buy Nutramax Cosequin Joint Health Supplement with Glucosamine, Chondroitin, MSM & Omega-3's Soft Chews for Dogs, 120 count at Chewy.com. FREE shipping and the BEST customer service!",182,,"Nutramax Cosequin Joint Health Supplement with Glucosamine, Chondroitin, MSM & Omega-3's Soft Chews for Dogs, 120 count",1,nutramax-cosequin-hip-joint,True,True,False,False,True,True,True,True,38,319,2,good,2418.0,good,0.049999999999999996,,,,,,,,,,3.0
PDP,Meta,Duplicate page title,https://www.chewy.com/rescue-remedy-stress-relief-pet/dp/139818,True,Make titles unique at the page/template level.,Rescue Remedy Stress Relief Pet Supplement (Free Shipping) | Chewy,Rescue Remedy Stress Relief Pet Supplement (Free Shipping) | Chewy,66,"Buy RESCUE Stress Relief Pet Supplement, 20-mL bottle at Chewy.com. FREE shipping and the BEST customer service!",112,,"RESCUE Stress Relief Pet Supplement, 20-mL bottle",1,rescue-remedy-stress-relief-pet,True,True,False,False,True,True,True,True,86,328,2,,,,,,,,,,,,,,1.0
PDP,Meta,Duplicate page title,https://www.chewy.com/feliway-multicat-30-day-starter-kit/dp/121802,True,Make titles unique at the page/template level.,Feliway MultiCat Diffuser Plug-In + Refill (Free Shipping) | Chewy,Feliway MultiCat Diffuser Plug-In + Refill (Free Shipping) | Chewy,66,"Buy Feliway MultiCat 30 Day Starter Kit Calming Pheromone Diffuser for Cats, 1 count at Chewy.com. FREE shipping and the BEST customer service!",143,,"Feliway MultiCat 30 Day Starter Kit Calming Pheromone Diffuser for Cats, 1 count",1,feliway-multicat-30-day-starter-kit,True,True,False,False,True,True,True,True,194,329,2,good,2130.0,good,0.0,,,,,,,,,,1.0
PDP,Meta,Duplicate page title,https://www.chewy.com/felycin-ca1-sirolimus-delayed-release/dp/3686830,True,Make titles unique at the page/template level.,"FELYCIN-CA1 (sirolimus delayed-release tablets) for Cats, 1.2-mg - Easy Refills | Chewy Rx","FELYCIN-CA1 (sirolimus delayed-release tablets) for Cats, 1.2-mg - Easy Refills | Chewy Rx",90,"The first FDA conditionally approved, once-weekly drug for the management of ventricular hypertrophy in cats with subclinical hypertrophic cardiomyopathy; or HCM. A silent killer of cats that affects one of every seven cats. The solution of Felycin-CA1 is the only disease-modifying drug for cats with HCM.",306,,"Felycin-CA1 (sirolimus delayed-release tablets) for Cats, 1.2-mg, 12 Tablets",1,felycin-ca1-sirolimus-delayed-release,True,True,False,False,True,True,True,True,22,314,2,,,,,,,,,,,,,,1.0
PDP,Meta,Duplicate page title,https://www.chewy.com/medrol-methylprednisolone-tablets/dp/322154,True,Make titles unique at the page/template level.,"MEDROL (Methylprednisolone) Tablets for Dogs & Cats, 4-mg - Easy Refills | Chewy Rx","MEDROL (Methylprednisolone) Tablets for Dogs & Cats, 4-mg - Easy Refills | Chewy Rx",83,"Methylprednisolone is an oral medication prescribed by vets to help treat a variety of conditions in dogs and cats. This anti-inflammatory agent is used to treat certain skin conditions, allergies and arthritis, as well as diseases including Addisons Disease. This medication comes in an oral tablet form, making it especially easy to disguise in your dog or cat's favorite food.",379,,"Medrol (Methylprednisolone) Tablets for Dogs & Cats, 4-mg, 60 tablets",1,medrol-methylprednisolone-tablets,True,False,False,False,True,True,True,True,42,319,2,,,,,,,,,,,,,,1.0
PDP,Meta,Duplicate page title,https://www.chewy.com/cyclosporine-generic-modified/dp/322011,True,Make titles unique at the page/template level.,"CYCLOSPORINE (Generic) Modified Capsules for Dogs, 100-mg - Easy Refills | Chewy Rx","CYCLOSPORINE (Generic) Modified Capsules for Dogs, 100-mg - Easy Refills | Chewy Rx",83,"Cyclosporine is a prescription medication given to treat atopy (allergies to airborne substances) and immune diseases, especially those affecting the blood or skin. It works by suppressing the action of certain cells in the immune system. Plus, it comes in a modified capsule form, so it's easy to disguise in your pet's favorite food.",335,,"Cyclosporine (Generic) Modified Capsules for Dogs, 100-mg, 30 capsules",1,cyclosporine-generic-modified,True,False,False,False,True,True,True,True,69,325,2,,,,,,,,,,,,,,1.0
PDP,Meta,Duplicate page title,https://www.chewy.com/numelvi-atinvicitinib-tablets-dogs/dp/4000542,True,Make titles unique at the page/template level.,"NUMELVI (atinvicitinib) Tablets for Dogs, 31.6-mg - Easy Refills | Chewy Rx","NUMELVI (atinvicitinib) Tablets for Dogs, 31.6-mg - Easy Refills | Chewy Rx",75,"Numelvi® (atinvicitinib tablets) is a second-generation Janus kinase (JAK) inhibitor for the control of pruritus associated with allergic dermatitis in dogs 6 months of age and older. Numelvi relieves itch from allergic dermatitis while simplifying treatment for dogs, their owners, and veterinarians. Safe for dogs and puppies as young as 6 months of age and can be used in dogs weighing at least 2 kg.",403,,"Numelvi (atinvicitinib) Tablets for Dogs, 31.6-mg, 30 Tablets",1,numelvi-atinvicitinib-tablets-dogs,True,False,False,False,True,True,True,True,18,325,2,good,2074.0,good,0.035,,,,,,,,,,58.0
PDP,Meta,Duplicate page title,https://www.chewy.com/creative-science-cough-tablets-dogs/dp/322008,True,Make titles unique at the page/template level.,CREATIVE SCIENCE Cough Tablets for Dogs & Cats - Easy Refills | Chewy Rx,CREATIVE SCIENCE Cough Tablets for Dogs & Cats - Easy Refills | Chewy Rx,72,"Creative Science cough tablets combine an effective expectorant and antitussive cough suppressant for the temporary relief of cough symptoms.**We directly source prescription medications from manufacturers and wholesale distributors registered with the FDA and licensed by applicable state boards. Guaranteed genuine, and where applicable, backed by the manufacturer.",367,,"Creative Science Cough Tablets for Dogs & Cats, 60 tablets",1,creative-science-cough-tablets-dogs,True,False,False,False,True,True,True,True,21,320,2,,,,,,,,,,,,,,1.0
PDP,Meta,Duplicate page title,https://www.chewy.com/temaril-p-trimeprazine-tartrate/dp/323085,True,Make titles unique at the page/template level.,TEMARIL-P (trimeprazine tartrate with prednisolone) Tablets for Dogs - Easy Refills | Chewy Rx,TEMARIL-P (trimeprazine tartrate with prednisolone) Tablets for Dogs - Easy Refills | Chewy Rx,94,"Temaril-P is an oral medication prescribed to relieve irritation of the throat and coughing associated with allergic bronchitis. This easy-to-administer medication helps to relieve itching and inflammation due to allergies and other causes, working to prevent and suppress coughing. Plus, it comes in a tablet form, so you can feed it by mouth.",344,temaril-p,"Temaril-P (trimeprazine tartrate with prednisolone) Tablets for Dogs, 30 tablets",1,temaril-p-trimeprazine-tartrate,True,False,False,False,True,True,True,True,27,319,2,,,,,,,1,1,24.0,0,0,1,0,6.0
PDP,Meta,Duplicate page title,https://www.chewy.com/dexamethasone-generic-tablets-dogs/dp/724822,True,Make titles unique at the page/template level.,"DEXAMETHASONE (Generic) Tablets for Dogs & Cats, 0.5-mg - Easy Refills | Chewy Rx","DEXAMETHASONE (Generic) Tablets for Dogs & Cats, 0.5-mg - Easy Refills | Chewy Rx",81,"Dexamethasone Tablets are prescribed to help reduce inflammation. They may also be used in the treatment of certain autoimmune diseases, blood disorders, bronchitis caused by allergy triggers, some spinal cord diseases, brain swelling, along with other diseases. Customers may receive this drug under the namesAzium, Dexasone, Pet-Derm.",336,,"Dexamethasone (Generic) Tablets for Dogs & Cats, 0.5-mg, 30 tablets",1,dexamethasone-generic-tablets-dogs,True,False,False,False,True,True,True,True,107,327,2,,,,,,,,,,,,,,
PDP,Meta,Duplicate page title,https://www.chewy.com/palladia-toceranib-phosphate-tablets/dp/173063,True,Make titles unique at the page/template level.,"PALLADIA (toceranib phosphate) Tablets for Dogs, 10-mg - Easy Refills | Chewy Rx","PALLADIA (toceranib phosphate) Tablets for Dogs, 10-mg - Easy Refills | Chewy Rx",80,"Palladia, a multi-kinase inhibitor, is a drug prescribed by veterinarians to treat mast cell tumors, a common cancer found in canines. It may help by killing tumor cells and cutting off blood supply to the tumor affecting your dog.**We directly source prescription medications from manufacturers and wholesale distributors registered with the FDA and licensed by applicable state boards.",387,,"Palladia (toceranib phosphate) Tablets for Dogs, 10-mg, 1 tablet",1,palladia-toceranib-phosphate-tablets,True,True,False,False,True,True,True,True,160,324,2,,,,,,,,,,,,,,4.0
PDP,Meta,Duplicate page title,https://www.chewy.com/prascend-pergolide-tablets-horses-1/dp/371768,True,Make titles unique at the page/template level.,"PRASCEND (Pergolide) Tablets for Horses, 1-mg - Easy Refills | Chewy Rx","PRASCEND (Pergolide) Tablets for Horses, 1-mg - Easy Refills | Chewy Rx",71,"Prascend Tablets for Horses is a dopamine receptor agonist that works to help control the signs of PPID also known as Cushings disease in your horse. PPID is known to affect over 20% of older horses and ponies, generally over the age of 15 years old. Prascend Tablets for Horses can offer you an easy and effective way to help manage symptoms, while also helping to treat the pain and discomfort associated with Cushings disease.",429,,"Prascend (Pergolide) Tablets for Horses, 1-mg, 60 tablets",1,prascend-pergolide-tablets-horses,True,False,False,False,True,True,True,True,18,321,2,,,,,,,,,,,,,,2.0
PDP,Meta,Duplicate page title,https://www.chewy.com/ketoconazole-generic-tablets-200-mg/dp/322127,True,Make titles unique at the page/template level.,"KETOCONAZOLE (Generic) Tablets, 200-mg - Easy Refills | Chewy Rx","KETOCONAZOLE (Generic) Tablets, 200-mg - Easy Refills | Chewy Rx",64,"Ketoconazole is an antifungal medication used to treat fungal and yeast infections, as well as some infections caused by ringworm. Veterinarians sometimes use this medication for companion animals. Customers may receive this uncoated tablet under the names Nizoral, Ketochlor.",276,,"Ketoconazole (Generic) Tablets, 200-mg, 30 tablets",1,ketoconazole-generic-tablets-200-mg,True,False,False,False,True,True,True,True,93,322,2,,,,,,,,,,,,,,7.0
PDP,Meta,Duplicate page title,https://www.chewy.com/monoject-insulin-syringes-u-40-05-in/dp/204483,True,Make titles unique at the page/template level.,"MONOJECT Insulin Syringes U-40 0.5-in x 29G, 0.5-cc - Easy Refills | Chewy Rx","MONOJECT Insulin Syringes U-40 0.5-in x 29G, 0.5-cc - Easy Refills | Chewy Rx",77,"Insulin Syringes/Needles U-40 29 Gauge x 0.5-in are prescribed by your vet for the injection of U-40 (40 units per ml) insulin in your diabetic pet. However, its important to note that more than one concentration of insulin exists, so be sure that the syringe used matches the type of insulin prescribed for your pet.",317,,"Monoject Insulin Syringes U-40 0.5-in x 29G, 0.5-cc, 100 syringes",1,monoject-insulin-syringes-u-40-05-in,True,True,False,False,True,True,True,True,87,318,2,good,2151.0,good,0.09,,,,,,,,,,1.0
PDP,Meta,Duplicate page title,https://www.chewy.com/vetone-vetrijec-insulin-syringes-u/dp/316362,True,Make titles unique at the page/template level.,"VETONE VetriJec Insulin Syringes U-100 0.5-in x 29G, 0.3-cc - Easy Refills | Chewy Rx","VETONE VetriJec Insulin Syringes U-100 0.5-in x 29G, 0.3-cc - Easy Refills | Chewy Rx",85,"VetOne U-100 syringes (100 units per mL) are prescribed by your veterinarian to administer insulin. However, its important to note that more than one concentration of insulin exists, so be sure that the syringe used matches the type of insulin prescribed for your pet. Verify that you are ordering the correct syringe to suit the insulin that your pet is being givenusing an incorrect syringe size will result in incorrect insulin dosing.",438,,"VetOne VetriJec Insulin Syringes U-100 0.5-in x 29G, 0.3-cc, 50 syringes",1,vetone-vetrijec-insulin-syringes-u,True,False,False,False,True,True,True,True,31,320,2,,,,,,,,,,,,,,1.0
PDP,Meta,Duplicate page title,https://www.chewy.com/yeowww-catnip-yellow-banana-cat-toy/dp/130264,True,Make titles unique at the page/template level.,Yeowww! Catnip Yellow Banana Cat Toy (Free Shipping) | Chewy,Yeowww! Catnip Yellow Banana Cat Toy (Free Shipping) | Chewy,60,Buy Yeowww! Catnip Yellow Banana Cat Toy at Chewy.com. FREE shipping and the BEST customer service!,99,,Yeowww! Catnip Yellow Banana Cat Toy,1,yeowww-catnip-yellow-banana-cat-toy,True,True,False,False,True,True,True,True,404,331,2,,,,,,,,,,,,,,1.0
PDP,Meta,Duplicate page title,https://www.chewy.com/chewy-egift-card/dp/817382,True,Make titles unique at the page/template level.,Chewy eGift Cards For Pet Lovers | Chewy,Chewy eGift Cards For Pet Lovers | Chewy,40,"Buy Chewy eGift Cards, the perfect gift for pet parents. Available from $25 - $500. FREE delivery and the BEST customer service!",128,,"Chewy eGift Card, Cat Joy, $50",1,chewy-egift-card,True,True,False,False,True,True,True,True,22,328,2,,,,,,,,,,,,,,1.0
PDP,Meta,Duplicate page title,https://www.chewy.com/chewy-egift-card/dp/506814,True,Make titles unique at the page/template level.,Chewy eGift Cards For Pet Lovers | Chewy,Chewy eGift Cards For Pet Lovers | Chewy,40,"Buy Chewy eGift Cards, the perfect gift for pet parents. Available from $25 - $500. FREE delivery and the BEST customer service!",128,,"Chewy eGift Card, Spring Into Happy, $50",1,chewy-egift-card,True,True,False,False,True,True,True,True,22,328,2,,,,,,,,,,,,,,1.0
PDP,Meta,Duplicate page title,https://www.chewy.com/chewy-egift-card/dp/271039,True,Make titles unique at the page/template level.,Chewy eGift Cards For Pet Lovers | Chewy,Chewy eGift Cards For Pet Lovers | Chewy,40,"Buy Chewy eGift Cards, the perfect gift for pet parents. Available from $25 - $500. FREE delivery and the BEST customer service!",128,,"Chewy eGift Card, Special Delivery Dog, $50",1,chewy-egift-card,True,True,False,False,True,True,True,True,22,328,2,,,,,,,,,,,,,,1.0
PDP,Meta,Duplicate page title,https://www.chewy.com/chewy-egift-card/dp/347963,True,Make titles unique at the page/template level.,Chewy eGift Cards For Pet Lovers | Chewy,Chewy eGift Cards For Pet Lovers | Chewy,40,"Buy Chewy eGift Cards, the perfect gift for pet parents. Available from $25 - $500. FREE delivery and the BEST customer service!",128,,"Chewy eGift Card, Treat Yourself Dog, $50",1,chewy-egift-card,True,True,False,False,True,True,True,True,22,328,2,,,,,,,,,,,,,,1.0
PDP,Meta,Duplicate page title,https://www.chewy.com/chewy-egift-card/dp/271035,True,Make titles unique at the page/template level.,Chewy eGift Cards For Pet Lovers | Chewy,Chewy eGift Cards For Pet Lovers | Chewy,40,"Buy Chewy eGift Cards, the perfect gift for pet parents. Available from $25 - $500. FREE delivery and the BEST customer service!",128,,"Chewy eGift Card, Pets Bring Us Together, $50",1,chewy-egift-card,True,True,False,False,True,True,True,True,22,328,2,,,,,,,,,,,,,,1.0
PDP,Meta,Duplicate page title,https://www.chewy.com/chewy-egift-card/dp/288415,True,Make titles unique at the page/template level.,Chewy eGift Cards For Pet Lovers | Chewy,Chewy eGift Cards For Pet Lovers | Chewy,40,"Buy Chewy eGift Cards, the perfect gift for pet parents. Available from $25 - $500. FREE delivery and the BEST customer service!",128,,"Chewy eGift Card, Congrats New Bestie Dog, $50",1,chewy-egift-card,True,True,False,False,True,True,True,True,22,328,2,,,,,,,,,,,,,,
PDP,Meta,Duplicate page title,https://www.chewy.com/chewy-egift-card/dp/288419,True,Make titles unique at the page/template level.,Chewy eGift Cards For Pet Lovers | Chewy,Chewy eGift Cards For Pet Lovers | Chewy,40,"Buy Chewy eGift Cards, the perfect gift for pet parents. Available from $25 - $500. FREE delivery and the BEST customer service!",128,,"Chewy eGift Card, Congrats New Bestie Cat, $50",1,chewy-egift-card,True,True,False,False,True,True,True,True,22,328,2,,,,,,,,,,,,,,1.0
PDP,Meta,Duplicate page title,https://www.chewy.com/chewy-egift-card/dp/283558,True,Make titles unique at the page/template level.,Chewy eGift Cards For Pet Lovers | Chewy,Chewy eGift Cards For Pet Lovers | Chewy,40,"Buy Chewy eGift Cards, the perfect gift for pet parents. Available from $25 - $500. FREE delivery and the BEST customer service!",128,chewy gift cards,"Chewy eGift Card, Purr-fect Gift, $50",1,chewy-egift-card,True,True,False,False,True,True,True,True,23,328,2,,,,,,,5,5,10.5,1,1,0,3,1.0
PDP,Meta,Duplicate page title,https://www.chewy.com/chewy-egift-card/dp/630326,True,Make titles unique at the page/template level.,Chewy eGift Cards For Pet Lovers | Chewy,Chewy eGift Cards For Pet Lovers | Chewy,40,"Buy Chewy eGift Cards, the perfect gift for pet parents. Available from $25 - $500. FREE delivery and the BEST customer service!",128,can i personalize the chewy egift card at check out?,"Chewy eGift Card, Birthday Bear, $50",1,chewy-egift-card,True,True,False,False,True,True,True,True,22,328,2,,,,,,,1,1,,0,0,0,1,1.0
PDP,Meta,Duplicate page title,https://www.chewy.com/chewy-egift-card/dp/630382,True,Make titles unique at the page/template level.,Chewy eGift Cards For Pet Lovers | Chewy,Chewy eGift Cards For Pet Lovers | Chewy,40,"Buy Chewy eGift Cards, the perfect gift for pet parents. Available from $25 - $500. FREE delivery and the BEST customer service!",128,,"Chewy eGift Card, Yay B-Day, $50",1,chewy-egift-card,True,True,False,False,True,True,True,True,22,328,2,,,,,,,,,,,,,,1.0
PDP,Meta,Duplicate page title,https://www.chewy.com/chewy-egift-card/dp/387666,True,Make titles unique at the page/template level.,Chewy eGift Cards For Pet Lovers | Chewy,Chewy eGift Cards For Pet Lovers | Chewy,40,"Buy Chewy eGift Cards, the perfect gift for pet parents. Available from $25 - $500. FREE delivery and the BEST customer service!",128,,"Chewy eGift Card, Small Pets Big Hearts, $50",1,chewy-egift-card,True,True,False,False,True,True,True,True,22,328,2,,,,,,,,,,,,,,
PDP,Meta,Duplicate page title,https://www.chewy.com/chewy-egift-card/dp/817158,True,Make titles unique at the page/template level.,Chewy eGift Cards For Pet Lovers | Chewy,Chewy eGift Cards For Pet Lovers | Chewy,40,"Buy Chewy eGift Cards, the perfect gift for pet parents. Available from $25 - $500. FREE delivery and the BEST customer service!",128,,"Chewy eGift Card, World's Best Cat Dad, $50",1,chewy-egift-card,True,True,False,False,True,True,True,True,22,328,2,,,,,,,,,,,,,,1.0
PDP,Meta,Duplicate page title,https://www.chewy.com/chewy-egift-card/dp/541798,True,Make titles unique at the page/template level.,Chewy eGift Cards For Pet Lovers | Chewy,Chewy eGift Cards For Pet Lovers | Chewy,40,"Buy Chewy eGift Cards, the perfect gift for pet parents. Available from $25 - $500. FREE delivery and the BEST customer service!",128,,"Chewy eGift Card, Dad's Day, $50",1,chewy-egift-card,True,True,False,False,True,True,True,True,22,328,2,,,,,,,,,,,,,,1.0
PDP,Meta,Duplicate page title,https://www.chewy.com/chewy-egift-card/dp/541854,True,Make titles unique at the page/template level.,Chewy eGift Cards For Pet Lovers | Chewy,Chewy eGift Cards For Pet Lovers | Chewy,40,"Buy Chewy eGift Cards, the perfect gift for pet parents. Available from $25 - $500. FREE delivery and the BEST customer service!",128,,"Chewy eGift Card, Number One Dad, $50",1,chewy-egift-card,True,True,False,False,True,True,True,True,22,328,2,,,,,,,,,,,,,,1.0
PDP,Meta,Duplicate page title,https://www.chewy.com/chewy-egift-card/dp/321458,True,Make titles unique at the page/template level.,Chewy eGift Cards For Pet Lovers | Chewy,Chewy eGift Cards For Pet Lovers | Chewy,40,"Buy Chewy eGift Cards, the perfect gift for pet parents. Available from $25 - $500. FREE delivery and the BEST customer service!",128,,"Chewy eGift Card, Fun & Sun, $50",1,chewy-egift-card,True,True,False,False,True,True,True,True,22,328,2,,,,,,,,,,,,,,1.0
PDP,Meta,Duplicate page title,https://www.chewy.com/chewy-egift-card/dp/226305,True,Make titles unique at the page/template level.,Chewy eGift Cards For Pet Lovers | Chewy,Chewy eGift Cards For Pet Lovers | Chewy,40,"Buy Chewy eGift Cards, the perfect gift for pet parents. Available from $25 - $500. FREE delivery and the BEST customer service!",128,chewy gift cards,"Chewy eGift Card, Chewy Pet Lovers, $25",1,chewy-egift-card,True,True,False,False,True,True,True,True,22,328,2,needs,2679.0,good,0.03,,,5,5,5.33,2,1,0,2,4.0
PDP,Meta,Duplicate page title,https://www.chewy.com/chewy-egift-card/dp/226307,True,Make titles unique at the page/template level.,Chewy eGift Cards For Pet Lovers | Chewy,Chewy eGift Cards For Pet Lovers | Chewy,40,"Buy Chewy eGift Cards, the perfect gift for pet parents. Available from $25 - $500. FREE delivery and the BEST customer service!",128,how can i purchase a bulk or corporate order of chewy egift cards?,"Chewy eGift Card, Chewy Pet Lovers, $75",1,chewy-egift-card,True,True,False,False,True,True,True,True,22,328,2,,,,,,,5,5,11.8,3,1,1,0,1.0
PDP,Meta,Duplicate page title,https://www.chewy.com/chewy-egift-card/dp/226308,True,Make titles unique at the page/template level.,Chewy eGift Cards For Pet Lovers | Chewy,Chewy eGift Cards For Pet Lovers | Chewy,40,"Buy Chewy eGift Cards, the perfect gift for pet parents. Available from $25 - $500. FREE delivery and the BEST customer service!",128,,"Chewy eGift Card, Chewy Pet Lovers, $100",1,chewy-egift-card,True,True,False,False,True,True,True,True,22,328,2,,,,,,,,,,,,,,1.0
PDP,Meta,Duplicate page title,https://www.chewy.com/chewy-egift-card/dp/304584,True,Make titles unique at the page/template level.,Chewy eGift Cards For Pet Lovers | Chewy,Chewy eGift Cards For Pet Lovers | Chewy,40,"Buy Chewy eGift Cards, the perfect gift for pet parents. Available from $25 - $500. FREE delivery and the BEST customer service!",128,,"Chewy eGift Card, Chewy Pet Lovers, $150",1,chewy-egift-card,True,True,False,False,True,True,True,True,22,328,2,,,,,,,,,,,,,,1.0
PDP,Meta,Duplicate page title,https://www.chewy.com/chewy-egift-card/dp/304585,True,Make titles unique at the page/template level.,Chewy eGift Cards For Pet Lovers | Chewy,Chewy eGift Cards For Pet Lovers | Chewy,40,"Buy Chewy eGift Cards, the perfect gift for pet parents. Available from $25 - $500. FREE delivery and the BEST customer service!",128,,"Chewy eGift Card, Chewy Pet Lovers, $200",1,chewy-egift-card,True,True,False,False,True,True,True,True,22,328,2,,,,,,,,,,,,,,1.0
PDP,Meta,Duplicate page title,https://www.chewy.com/chewy-egift-card/dp/335267,True,Make titles unique at the page/template level.,Chewy eGift Cards For Pet Lovers | Chewy,Chewy eGift Cards For Pet Lovers | Chewy,40,"Buy Chewy eGift Cards, the perfect gift for pet parents. Available from $25 - $500. FREE delivery and the BEST customer service!",128,,"Chewy eGift Card, Chewy Pet Lovers, $500",1,chewy-egift-card,True,True,False,False,True,True,True,True,22,328,2,,,,,,,,,,,,,,1.0
PDP,Meta,Duplicate page title,https://www.chewy.com/revolution-plus-topical-solution-cats/dp/185733,True,Make titles unique at the page/template level.,"REVOLUTION PLUS Topical Solution for Cats, 11.1-22 lbs, (Green Box) - Easy Refills | Chewy Rx","REVOLUTION PLUS Topical Solution for Cats, 11.1-22 lbs, (Green Box) - Easy Refills | Chewy Rx",93,"Help protect your four-legged friend from pesky critters with this 6-in-1 broad spectrum monthly Topical Solution for Cats by Revolution Plus. Simply apply the quick-drying, small-volume prescription to help: kill fleas before they lay eggs, kill ticks for a full month, prevent heartworm disease and treat and control roundworms, hookworms and ear mites. This topical medication is suitable for cats and kittens eight weeks of age or older, weighing between 11.",462,revolution plus for cats reviews,"Revolution Plus Topical Solution for Cats, 11.1-22 lbs, (Green Box), 6 Doses (6-mos. supply)",1,revolution-plus-topical-solution-cats,True,True,False,False,True,True,True,True,125,323,2,good,2097.0,good,0.065,,,2,2,6.0,2,0,0,0,52.0
PDP,Meta,Duplicate page title,https://www.chewy.com/profender-topical-solution-cats-55-11/dp/173197,True,Make titles unique at the page/template level.,"PROFENDER Topical Solution for Cats, 5.5-11 lbs, (Orange Box) - Easy Refills | Chewy Rx","PROFENDER Topical Solution for Cats, 5.5-11 lbs, (Orange Box) - Easy Refills | Chewy Rx",87,"Profender is a topical deworming medication that's prescribed by veterinarians to control and treat hookworms, roundworms, and tapeworms in our feline companions. It's the only dewormer that can be used on your cats' skin to treat and control common intestinal parasites. Plus, it's easy to use for every pet parent's convenience.",330,profender pet pharmacy medications,"Profender Topical Solution for Cats, 5.5-11 lbs, (Orange Box), 1 Dose",1,profender-topical-solution-cats-55,True,True,False,False,True,True,True,True,43,321,2,good,2151.0,good,0.04,,,1,1,,0,0,0,1,4.0
PDP,Meta,Duplicate page title,https://www.chewy.com/credelio-chewable-tablets-cats-41-17/dp/322389,True,Make titles unique at the page/template level.,"CREDELIO Chewable Tablets for Cats, 4.1-17 lbs, (Teal Box) - Easy Refills | Chewy Rx","CREDELIO Chewable Tablets for Cats, 4.1-17 lbs, (Teal Box) - Easy Refills | Chewy Rx",84,Credelio CAT is the first flea and tick chewable tablet that protects cats 4.1-17.0 lbs.,88,,"Credelio Chewable Tablets for Cats, 4.1-17 lbs, (Teal Box), 6 Chewable Tablets (6-mos. supply)",1,credelio-chewable-tablets-cats-41,True,True,False,False,True,True,True,False,133,320,2,good,2206.0,good,0.045,,,,,,,,,,42.0
PDP,Meta,Duplicate page title,https://www.chewy.com/nexgard-combo-topical-cats-56-165-lbs/dp/851790,True,Make titles unique at the page/template level.,"NEXGARD COMBO Topical for Cats, 5.6-16.5 lbs. (Yellow Box) - Easy Refills | Chewy Rx","NEXGARD COMBO Topical for Cats, 5.6-16.5 lbs. (Yellow Box) - Easy Refills | Chewy Rx",84,"NexGard COMBO (esafoxolaner, eprinomectin, and praziquantel topical solution) for Cats kills fleas and ticks, prevents heartworm disease, and treats and controls hookworms, roundworms and tapeworms. NexGard COMBO topical solution is parasite protection for cats from the maker of vet-recommended NexGard (afoxolaner) and HEARTGARD Plus (ivermectin/pyrantel). All cats need parasite protection, even indoor cats.",411,nexgard combo,"NexGard COMBO Topical for Cats, 5.6-16.5 lbs. (Yellow Box), 6 Doses (6-mos. supply)",1,nexgard-combo-topical-cats-56-165-lbs,True,True,False,False,True,True,True,True,143,321,2,good,2161.0,good,0.04,,,1,1,3.0,1,0,0,0,12.0
PDP,Meta,Duplicate page title,https://www.chewy.com/bravecto-plus-topical-solution-cats/dp/241131,True,Make titles unique at the page/template level.,"BRAVECTO Plus Topical Solution for Cats, >6.2-13.8 lbs, (Blue Box) - Easy Refills | Chewy Rx","BRAVECTO Plus Topical Solution for Cats, >6.2-13.8 lbs, (Blue Box) - Easy Refills | Chewy Rx",92,"BRAVECTO PLUS (fluralaner and moxidectin topical solution) for Cats offers protection against fleas, ticks and heartworms for 2 months, and treats and controls roundworms, and hookworms. This vet-recommended and FDA approved topical solution for cats is the first and only U.S.",277,bravecto for cats,"Bravecto Plus Topical Solution for Cats, >6.2-13.8 lbs, (Blue Box), 1 Dose (2-mos. supply)",1,bravecto-plus-topical-solution-cats,True,True,False,False,True,True,True,True,57,320,2,good,2127.0,good,0.05,,,1,1,4.0,1,0,0,0,15.0
PDP,Meta,Duplicate page title,https://www.chewy.com/profender-topical-solution-cats-11/dp/173199,True,Make titles unique at the page/template level.,"PROFENDER Topical Solution for Cats, 11-17.6 lbs, (Purple Box) - Easy Refills | Chewy Rx","PROFENDER Topical Solution for Cats, 11-17.6 lbs, (Purple Box) - Easy Refills | Chewy Rx",88,"Profender is a topical deworming medication that's prescribed by veterinarians to control and treat hookworms, roundworms, and tapeworms in our feline companions. It's the only dewormer that can be used on your cats' skin to treat and control common intestinal parasites. Plus, it's easy to use for every pet parent's convenience.",330,chewy cat dewormer,"Profender Topical Solution for Cats, 11-17.6 lbs, (Purple Box), 1 Dose",1,profender-topical-solution-cats,True,True,False,False,True,True,True,True,41,321,2,good,2180.0,good,0.035,,,1,1,21.0,0,0,1,0,7.0
PDP,Meta,Duplicate page title,https://www.chewy.com/bravecto-topical-solution-cats-62-138/dp/172889,True,Make titles unique at the page/template level.,"BRAVECTO Topical Solution for Cats, 6.2-13.8 lbs, (Blue Box) - Easy Refills | Chewy Rx","BRAVECTO Topical Solution for Cats, 6.2-13.8 lbs, (Blue Box) - Easy Refills | Chewy Rx",86,BRAVECTO (fluralaner topical solution) for Cats is the first and only U.S. flea and tick product that provides protection against the Asian longhorned tick and kills 100% of fleas within 8 hours.,195,bravecto cat flea tick spot,"Bravecto Topical Solution for Cats, 6.2-13.8 lbs, (Blue Box), 1 Dose (12-wks. supply)",1,bravecto-topical-solution-cats-62,True,True,False,False,True,True,True,True,48,322,2,good,2135.0,good,0.055,,,1,1,2.0,1,0,0,0,32.0
PDP,Meta,Duplicate page title,https://www.chewy.com/profender-topical-solution-cats-22-55/dp/173195,True,Make titles unique at the page/template level.,"PROFENDER Topical Solution for Cats, 2.2-5.5 lbs, (Green Box) - Easy Refills | Chewy Rx","PROFENDER Topical Solution for Cats, 2.2-5.5 lbs, (Green Box) - Easy Refills | Chewy Rx",87,"Profender is a topical deworming medication that's prescribed by veterinarians to control and treat hookworms, roundworms, and tapeworms in our feline companions. It's the only dewormer that can be used on your cat's skin to treat and control common intestinal parasites. Plus, it's easy to use for every pet parent's convenience.",330,,"Profender Topical Solution for Cats, 2.2-5.5 lbs, (Green Box), 1 Dose",1,profender-topical-solution-cats-22,True,True,False,False,True,True,True,True,25,312,2,,,,,,,,,,,,,,2.0
PDP,Meta,Duplicate page title,https://www.chewy.com/revolt-topical-solution-cats-51-15/dp/316885,True,Make titles unique at the page/template level.,"REVOLT Topical Solution for Cats, 5.1-15 lbs, (Blue Box) - Easy Refills | Chewy Rx","REVOLT Topical Solution for Cats, 5.1-15 lbs, (Blue Box) - Easy Refills | Chewy Rx",82,Parasite prevention is easier with our award-winning Twist-N-Apply tube. Simply twist the tip to break the seal and apply! No need to remove the cap. Protect your pet from pesky pests with Revolt Topical Solution for Cats®.,223,,"Revolt Topical Solution for Cats, 5.1-15 lbs, (Blue Box), 6 Doses (6-mos. supply)",1,revolt-topical-solution-cats-51,True,True,False,False,True,True,True,True,109,321,2,good,2193.0,good,0.05,,,,,,,,,,1.0
PDP,Meta,Duplicate page title,https://www.chewy.com/advantage-multi-topical-solution-cats/dp/173155,True,Make titles unique at the page/template level.,"ADVANTAGE MULTI Topical Solution for Cats, 9.1-18 lbs, (Purple Box) - Easy Refills | Chewy Rx","ADVANTAGE MULTI Topical Solution for Cats, 9.1-18 lbs, (Purple Box) - Easy Refills | Chewy Rx",93,"Advantage Multi for Cats is a broad-spectrum topical solution prescribed by veterinarians to provide pet parents with a convenient monthly application to help alleviate symptoms caused by pesky parasites. This easy-to-use solution works to kill adult fleas, treat and control ear mites, roundworm and hookwormsit may also help to prevent heartworm disease in some cats. **We directly source prescription medications from manufacturers and wholesale distributors registered with the FDA and licensed by applicable state boards.",526,advantage multi flea treatment cats,"Advantage Multi Topical Solution for Cats, 9.1-18 lbs, (Purple Box), 6 Doses (6-mos. supply)",1,advantage-multi-topical-solution-cats,True,True,False,False,True,True,True,True,79,322,2,good,2134.0,good,0.055,,,2,2,14.0,1,0,1,0,16.0
PDP,Meta,Duplicate page title,https://www.chewy.com/revolution-topical-solution-cats-51/dp/173099,True,Make titles unique at the page/template level.,"REVOLUTION Topical Solution for Cats, 5.1-15 lbs, (Blue Box) - Easy Refills | Chewy Rx","REVOLUTION Topical Solution for Cats, 5.1-15 lbs, (Blue Box) - Easy Refills | Chewy Rx",86,"Revolution is a medication that is applied directly to your furry friend's skin to protect them from biting critters. When applied every 30 days, Revolution protects against heartworms and fleas. It may also be effective in preventing and treating ear mites, roundworms, and hookworms.",285,revolution heartworm medicine cats,"Revolution Topical Solution for Cats, 5.1-15 lbs, (Blue Box), 6 Doses (6-mos. supply)",1,revolution-topical-solution-cats,True,True,False,False,True,True,True,True,108,322,2,good,1975.0,good,0.025,,,1,1,16.0,0,1,0,0,29.0
PDP,Meta,Duplicate page title,https://www.chewy.com/bravecto-topical-solution-cats-138/dp/172891,True,Make titles unique at the page/template level.,"BRAVECTO Topical Solution for Cats, 13.8-27.5 lbs, (Purple Box) - Easy Refills | Chewy Rx","BRAVECTO Topical Solution for Cats, 13.8-27.5 lbs, (Purple Box) - Easy Refills | Chewy Rx",89,BRAVECTO (fluralaner topical solution) for Cats is the first and only U.S. flea and tick product that provides protection against the Asian longhorned tick and kills 100% of fleas within 8 hours.,195,,"Bravecto Topical Solution for Cats, 13.8-27.5 lbs, (Purple Box), 1 Dose (12-wks. supply)",1,bravecto-topical-solution-cats,True,True,False,False,True,True,True,True,31,321,2,good,2153.0,good,0.08,,,,,,,,,,6.0
PDP,Meta,Duplicate page title,https://www.chewy.com/ketochlor-medicated-shampoo-dogs-cats/dp/173269,True,Make titles unique at the page/template level.,KetoChlor Medicated Shampoo for Dogs & Cats (Free Shipping) | Chewy,KetoChlor Medicated Shampoo for Dogs & Cats (Free Shipping) | Chewy,67,"Buy KetoChlor Medicated Shampoo for Dogs & Cats, 16-oz bottle at Chewy.com. FREE shipping and the BEST customer service!",120,ketochlor,"KetoChlor Medicated Shampoo for Dogs & Cats, 16-oz bottle",1,ketochlor-medicated-shampoo-dogs-cats,True,True,False,False,True,True,True,True,67,319,2,,,,,,,1,1,3.0,1,0,0,0,22.0
PDP,Meta,Duplicate page title,https://www.chewy.com/tresaderm-thiabendazole-dexamethasone/dp/173260,True,Make titles unique at the page/template level.,"TRESADERM (thiabendazole, dexamethasone, neomycin sulfate solution) Topical Solution for Dogs & Cats, 7.5-mL - Easy Refills | Chewy Rx","TRESADERM (thiabendazole, dexamethasone, neomycin sulfate solution) Topical Solution for Dogs & Cats, 7.5-mL - Easy Refills | Chewy Rx",134,"Tresaderm is an FDA-approved combination ear and skin medication prescribed to dogs and cats. This medication contains an antifungal, corticosteroid and a broad-spectrum antibiotic to treat inflammation, as well as bacterial and fungal infections of the ear and skin. Tresaderm contains an anti-fungal, a broad-spectrum antibiotic, and a corticosteroid.",353,,"Tresaderm (thiabendazole, dexamethasone, neomycin sulfate solution) Topical Solution for Dogs & Cats, 7.5-mL",1,tresaderm-thiabendazole-dexamethasone,True,True,False,False,True,True,True,True,105,322,2,good,2129.0,good,0.045,,,,,,,,,,9.0
PDP,Meta,Duplicate page title,https://www.chewy.com/osurnia-florfenicol-terbinafine/dp/2270494,True,Make titles unique at the page/template level.,"OSURNIA (florfenicol, terbinafine, betamethasone acetate) Otic Gel for Dogs, 1-mL - Easy Refills | Chewy Rx","OSURNIA (florfenicol, terbinafine, betamethasone acetate) Otic Gel for Dogs, 1-mL - Easy Refills | Chewy Rx",107,"Osurnia is formulated for dogs to help treat otitis externa an infection of the ear canal better known as swimmers ears in humans. While there are many causes for otitis externa in dogs, Osurnia is designed to help your pal feel better. It applies like a liquid and stays like a gel, which penetrates deep.",306,,"Osurnia (florfenicol, terbinafine, betamethasone acetate) Otic Gel for Dogs, 1-mL, 2 tubes",1,osurnia-florfenicol-terbinafine,True,False,False,False,True,True,True,True,27,320,2,,,,,,,,,,,,,,6.0
PDP,Meta,Duplicate page title,https://www.chewy.com/revolution-topical-solution-kittens/dp/173081,True,Make titles unique at the page/template level.,"REVOLUTION Topical Solution for Kittens & Puppies, under 5 lbs, (Mauve Box) - Easy Refills | Chewy Rx","REVOLUTION Topical Solution for Kittens & Puppies, under 5 lbs, (Mauve Box) - Easy Refills | Chewy Rx",101,"Revolution is a medication that is applied directly to your furry friend's skin to protect them from biting critters. When applied every 30 days, Revolution protects against heartworms and fleas. It may also be effective in preventing and treating ear mites, roundworms, and hookworms.",285,,"Revolution Topical Solution for Kittens & Puppies, under 5 lbs, (Mauve Box), 3 Doses (3-mos. supply)",1,revolution-topical-solution-kittens,True,True,False,False,True,True,True,True,108,327,2,good,2148.0,good,0.075,,,,,,,,,,2.0
PDP,Meta,Duplicate page title,https://www.chewy.com/nexgard-combo-topical-cats-18-55lbs/dp/851742,True,Make titles unique at the page/template level.,"NEXGARD COMBO Topical for Cats, 1.8-5.5lbs (Purple Box) - Easy Refills | Chewy Rx","NEXGARD COMBO Topical for Cats, 1.8-5.5lbs (Purple Box) - Easy Refills | Chewy Rx",81,"NexGard COMBO (esafoxolaner, eprinomectin, and praziquantel topical solution) for Cats kills fleas and ticks, prevents heartworm disease, and treats and controls hookworms, roundworms and tapeworms. NexGard COMBO topical solution is parasite protection for cats from the maker of vet-recommended NexGard (afoxolaner) and HEARTGARD Plus (ivermectin/pyrantel). All cats need parasite protection, even indoor cats.",411,chewy nexgard combo for cats,"NexGard COMBO Topical for Cats, 1.8-5.5lbs (Purple Box), 1 Dose (1-mo. supply)",1,nexgard-combo-topical-cats-18-55lbs,True,True,False,False,True,True,True,True,66,321,2,good,2166.0,good,0.035,,,1,1,2.0,1,0,0,0,6.0
PDP,Meta,Duplicate page title,https://www.chewy.com/advantage-multi-topical-solution-cats/dp/173153,True,Make titles unique at the page/template level.,"ADVANTAGE MULTI Topical Solution for Cats & Ferrets, 5.1-9 lbs (Orange Box) - Easy Refills | Chewy Rx","ADVANTAGE MULTI Topical Solution for Cats & Ferrets, 5.1-9 lbs (Orange Box) - Easy Refills | Chewy Rx",101,"Advantage Multi for Cats is a broad-spectrum topical solution prescribed by veterinarians to provide pet parents with a convenient monthly application to help protect their cat or ferret from pesky parasites. This easy-to-use solution works to kill adult fleas, treat and control ear mites, roundworm and hookwormsit may also help to prevent heartworm disease in some cats and ferrets. **We directly source prescription medications from manufacturers and wholesale distributors registered with the FDA and licensed by applicable state boards.",542,,"Advantage Multi Topical Solution for Cats & Ferrets, 5.1-9 lbs (Orange Box), 6 Doses (6-mos. supply)",1,advantage-multi-topical-solution-cats,True,True,False,False,True,True,True,True,55,313,2,,,,,,,,,,,,,,1.0
PDP,Meta,Duplicate page title,https://www.chewy.com/revolution-topical-solution-cats-151/dp/173102,True,Make titles unique at the page/template level.,"REVOLUTION Topical Solution for Cats, 15.1-22 lbs, (Taupe Box) - Easy Refills | Chewy Rx","REVOLUTION Topical Solution for Cats, 15.1-22 lbs, (Taupe Box) - Easy Refills | Chewy Rx",88,"Revolution is a medication that is applied directly to your furry friend's skin to protect them from biting critters. When applied every 30 days, Revolution protects against heartworms and fleas. It may also be effective in preventing and treating ear mites, roundworms, and hookworms.",285,,"Revolution Topical Solution for Cats, 15.1-22 lbs, (Taupe Box), 6 Doses (6-mos. supply)",1,revolution-topical-solution-cats,True,True,False,False,True,True,True,True,41,313,2,,,,,,,,,,,,,,1.0
PDP,Meta,Duplicate page title,https://www.chewy.com/bravecto-topical-solution-cats-26-62/dp/172887,True,Make titles unique at the page/template level.,"BRAVECTO Topical Solution for Cats, 2.6-6.2 lbs, (Green Box) - Easy Refills | Chewy Rx","BRAVECTO Topical Solution for Cats, 2.6-6.2 lbs, (Green Box) - Easy Refills | Chewy Rx",86,BRAVECTO (fluralaner topical solution) for Cats is the first and only U.S. flea and tick product that provides protection against the Asian longhorned tick and kills 100% of fleas within 8 hours.,195,,"Bravecto Topical Solution for Cats, 2.6-6.2 lbs, (Green Box), 1 Dose (12-wks. supply)",1,bravecto-topical-solution-cats-26,True,True,False,False,True,True,True,True,28,309,2,,,,,,,,,,,,,,1.0
PDP,Meta,Duplicate page title,https://www.chewy.com/frisco-335-in-sisal-cat-scratching/dp/190457,True,Make titles unique at the page/template level.,"FRISCO 33-in Heavy Duty Sisal Cat Scratching Post, Gray - Chewy.com","FRISCO 33-in Heavy Duty Sisal Cat Scratching Post, Gray - Chewy.com",67,"Buy Frisco 33-in Heavy Duty Sisal Cat Scratching Post, Gray at Chewy.com. FREE shipping and the BEST customer service!",118,frisco cat scratchers,"Frisco 33-in Heavy Duty Sisal Cat Scratching Post, Gray",1,frisco-335-in-sisal-cat-scratching,True,True,False,False,True,True,True,True,66,320,2,good,2012.0,needs,0.12,,,3,3,1.0,1,0,0,2,7.0
PDP,Meta,Duplicate page title,https://www.chewy.com/smartcat-ultimate-32-in-sisal-cat/dp/49134,True,Make titles unique at the page/template level.,SmartCat The Ultimate 32-in Sisal Cat Scratching Post (Free Shipping) | Chewy,SmartCat The Ultimate 32-in Sisal Cat Scratching Post (Free Shipping) | Chewy,77,"Buy SmartCat The Ultimate 32-in Sisal Cat Scratching Post, Beige at Chewy.com. FREE shipping and the BEST customer service!",123,chewy scratch post,"SmartCat The Ultimate 32-in Sisal Cat Scratching Post, Beige",1,smartcat-ultimate-32-in-sisal-cat,True,True,False,False,True,True,True,True,107,329,2,good,1958.0,good,0.06,,,1,1,20.0,0,1,0,0,10.0
PDP,Meta,Duplicate page title,https://www.chewy.com/pethonesty-allergy-support-salmon/dp/190535,True,Make titles unique at the page/template level.,PetHonesty Allergy Relief Snacks Immunity Strength & Digestive Health Soft Chews Dog Supplement | Chewy,PetHonesty Allergy Relief Snacks Immunity Strength & Digestive Health Soft Chews Dog Supplement | Chewy,103,"Buy Pet Honesty Allergy Support Salmon Flavored Colostrum & Turmeric Chews, Itchy Skin, Immune & Allergy Relief Supplement for Dogs, 90 count at Chewy.com. FREE shipping and the BEST customer service!",200,,"Pet Honesty Allergy Support Salmon Flavored Colostrum & Turmeric Chews, Itchy Skin, Immune & Allergy Relief Supplement for Dogs, 90 count",1,pethonesty-allergy-support-salmon,True,True,False,False,True,True,True,True,280,332,2,,,,,,,,,,,,,,1.0
PDP,Meta,Duplicate page title,https://www.chewy.com/heartgard-plus-chew-dogs-up-to-25-lbs/dp/173230,True,Make titles unique at the page/template level.,"HEARTGARD Plus Chew for Dogs, up to 25 lbs, (Blue Box) - Easy Refills | Chewy Rx","HEARTGARD Plus Chew for Dogs, up to 25 lbs, (Blue Box) - Easy Refills | Chewy Rx",80,"**For use in animals only.** Heartgard Plus Chew for Dogs, up to 25 lbs. is a heartworm preventative that kills heartworms and also helps treat and control roundworms and hookworms.",181,heartgard,"Heartgard Plus Chew for Dogs, up to 25 lbs, (Blue Box), 6 Chews (6-mos. supply)",1,heartgard-plus-chew-dogs-up-to-25-lbs,True,True,False,False,True,True,True,True,71,323,2,good,2229.0,good,0.07500000000000001,,,4,4,8.25,3,1,0,0,25.0
PDP,Meta,Duplicate page title,https://www.chewy.com/simparica-trio-chewable-tablet-dogs/dp/251347,True,Make titles unique at the page/template level.,"SIMPARICA TRIO Chewable Tablet for Dogs, 11.1-22.0 lbs, (Caramel Box) - Easy Refills | Chewy Rx","SIMPARICA TRIO Chewable Tablet for Dogs, 11.1-22.0 lbs, (Caramel Box) - Easy Refills | Chewy Rx",95,"Help your furry friend fight off pests with Simparica Trio Chewable Tablets for Dogs! Every purchase comes with individual treatments that are specially formulated for canine companions 8 weeks of age and older, weighing between 11.1 and 22 pounds. Simparica Trio is the first and only product that combines sarolaner, moxidectin and pyrantel in each treatment to help prevent heartworm disease, kill fleas before they can lay eggs, kill 5 types of ticks, treat and prevent flea infestations and treat and control roundworms and hookworms.",539,simparica trio chewable tablet for dogs 11.1-22.0 lbs caramel box 6 chewable tablets (6-mos. supply,"Simparica Trio Chewable Tablet for Dogs, 11.1-22.0 lbs, (Caramel Box), 6 Chewable Tablets (6-mos. supply)",1,simparica-trio-chewable-tablet-dogs,True,True,False,False,True,True,True,True,84,325,2,good,2244.0,good,0.075,,,1,1,2.0,1,0,0,0,25.0
PDP,Meta,Duplicate page title,https://www.chewy.com/seresto-flea-tick-collar-dogs-over-18/dp/46498,True,Make titles unique at the page/template level.,Seresto 8 Month Flea & Tick Collar for Large Dogs & Puppies at Low Prices - Free Shipping at Chewy.com,Seresto 8 Month Flea & Tick Collar for Large Dogs & Puppies at Low Prices - Free Shipping at Chewy.com,102,Shop Chewy for the Seresto 8 Month Flea & Tick Collar and get Free Shipping! The flea collar offers a breakthrough in tick and flea control for your precious pup as this veterinarian-recommended treatment is specifically formulated to repel and kill fleas and ticks that works for up to 8 months. Buy Seresto 8 Month Flea & Tick Collar for Large Dogs & Puppies - from 7 weeks and older.,386,seresto collar reviews,"Seresto Flea & Tick Collar for Dogs, over 18-lbs, 1 Collar (8-mos. supply)",1,seresto-flea-tick-collar-dogs-over,True,True,False,False,True,True,True,True,140,322,2,good,2254.0,good,0.06,,,8,8,9.29,5,1,1,1,80.0
PDP,Meta,Duplicate page title,https://www.chewy.com/zoo-med-eco-earth-loose-coconut-fiber/dp/123773,True,Make titles unique at the page/template level.,Zoo Med Eco Earth Loose Coconut Fiber Reptile Substrate | Chewy (Free Shipping),Zoo Med Eco Earth Loose Coconut Fiber Reptile Substrate | Chewy (Free Shipping),79,"Buy Zoo Med Eco Earth Loose Coconut Fiber Reptile Substrate, 24-qt bag at Chewy.com. FREE shipping and the BEST customer service!",129,,"Zoo Med Eco Earth Loose Coconut Fiber Reptile Substrate, 24-qt bag",1,zoo-med-eco-earth-loose-coconut-fiber,True,True,False,False,True,True,True,True,113,331,2,,,,,,,,,,,,,,1.0
PDP,Meta,Duplicate page title,https://www.chewy.com/hills-science-diet-adult-small-bites/dp/141444,True,Make titles unique at the page/template level.,Hill's Science Diet Adult Small Bites Chicken & Barley Recipe Dry Dog Food | Chewy,Hill's Science Diet Adult Small Bites Chicken & Barley Recipe Dry Dog Food | Chewy,82,"Buy Hill's Science Diet Adult Small Bites Chicken & Barley Recipe Dry Dog Food, 35-lb bag at Chewy.com. FREE shipping and the BEST customer service!",148,,"Hill's Science Diet Adult Small Bites Chicken & Barley Recipe Dry Dog Food, 35-lb bag",1,hills-science-diet-adult-small-bites,True,True,False,False,True,True,True,True,91,329,2,good,2151.0,needs,0.17,,,,,,,,,,2.0
PDP,Meta,Duplicate page title,https://www.chewy.com/hills-science-diet-adult-perfect/dp/102146,True,Make titles unique at the page/template level.,Hill's Science Diet Adult Perfect Weight Chicken Recipe Dry Cat Food | Chewy (Free Shipping),Hill's Science Diet Adult Perfect Weight Chicken Recipe Dry Cat Food | Chewy (Free Shipping),92,"Buy Hill's Science Diet Adult Perfect Weight Management Chicken Recipe Dry Cat Food, 15-lb bag at Chewy.com. FREE shipping and the BEST customer service!",153,hills science diet cat food,"Hill's Science Diet Adult Perfect Weight Management Chicken Recipe Dry Cat Food, 15-lb bag",1,hills-science-diet-adult-perfect,True,True,False,False,True,True,True,True,102,329,2,good,2292.0,good,0.08000000000000002,,,1,1,17.0,0,1,0,0,12.0
PDP,Meta,Duplicate page title,https://www.chewy.com/hills-science-diet-adult-large-breed/dp/141446,True,Make titles unique at the page/template level.,Hill's Science Diet Adult Large Breed Chicken & Barley Recipe Dry Dog Food | Chewy,Hill's Science Diet Adult Large Breed Chicken & Barley Recipe Dry Dog Food | Chewy,82,"Buy Hill's Science Diet Adult Large Breed Chicken & Barley Dry Dog Food, 35-lb bag at Chewy.com. FREE shipping and the BEST customer service!",141,,"Hill's Science Diet Adult Large Breed Chicken & Barley Dry Dog Food, 35-lb bag",1,hills-science-diet-adult-large-breed,True,True,False,False,True,True,True,True,124,327,2,good,2256.0,good,0.055,,,,,,,,,,2.0
PDP,Meta,Duplicate page title,https://www.chewy.com/chewy-limited-ingredient-turkey/dp/1759438,True,Make titles unique at the page/template level.,Chewy Branded Turkey & Sweet Potato Grain-Free Dry Dog Food | Chewy Exclusive,Chewy Branded Turkey & Sweet Potato Grain-Free Dry Dog Food | Chewy Exclusive,77,"Buy Chewy Made Limited Ingredient Turkey & Sweet Potato Recipe Grain-Free Dry Dog Food (FORMERLY AMERICAN JOURNEY), 24-lb bag at Chewy.com. FREE shipping and the BEST customer service!",184,,"Chewy Made Limited Ingredient Turkey & Sweet Potato Recipe Grain-Free Dry Dog Food (FORMERLY AMERICAN JOURNEY), 24-lb bag",1,chewy-limited-ingredient-turkey,True,True,False,False,True,True,True,True,79,325,2,,,,,,,,,,,,,,1.0
PDP,Meta,Duplicate page title,https://www.chewy.com/adequan-canine-polysulfated/dp/176383,True,Make titles unique at the page/template level.,"ADEQUAN CANINE (polysulfated glycosaminoglycan) Injectable for Dogs, 100-mg/ml, 5-mL - Easy Refills | Chewy Rx","ADEQUAN CANINE (polysulfated glycosaminoglycan) Injectable for Dogs, 100-mg/ml, 5-mL - Easy Refills | Chewy Rx",110,"Adequan Injectable for Dogs is an injectable medication prescribed to help manage arthritis and joint problems in dogs. It may also help restore joint lubrication, relieve inflammation and renew the foundation of healthy cartilage. For over 20 years, this medication has been prescribed and trusted by veterinarians to help moderate signs connected with non-infectious degenerative and/or traumatic arthritis of canine synovial joints.",435,,"Adequan Canine (polysulfated glycosaminoglycan) Injectable for Dogs, 100-mg/ml, 5-mL, 2 count",1,adequan-canine-polysulfated,True,True,False,False,True,True,True,True,146,318,2,good,2001.0,good,0.045,,,,,,,,,,17.0
PDP,Meta,Duplicate page title,https://www.chewy.com/carprofen-generic-flavored-tablets/dp/321970,True,Make titles unique at the page/template level.,"CARPROFEN (Generic) FLAVORED TABLETS for Dogs, 75-mg - Easy Refills | Chewy Rx","CARPROFEN (Generic) FLAVORED TABLETS for Dogs, 75-mg - Easy Refills | Chewy Rx",78,"Carprofen is prescribed to relieve pain and inflammation caused by arthritis and other joint problems, so you can help your dog maintain her regular activity levels and quality of life. Carprofen may also help to reduce pain associated with surgeries and other painful conditions, and works by limiting your dog's production of prostaglandins, which are substances that can trigger inflammation. And since these uncoated tablets have a wag-worthy beef flavor, your dog won't mind taking his medication!**We directly source prescription medications from manufacturers and wholesale distributors registered with the FDA and licensed by applicable state boards.",658,,"Carprofen (Generic) FLAVORED TABLETS for Dogs, 75-mg, 60 tablets",1,carprofen-generic-flavored-tablets,True,False,False,False,True,True,True,True,27,326,2,good,2098.0,good,0.034999999999999996,,,,,,,,,,5.0
PDP,Meta,Duplicate page title,https://www.chewy.com/amantadine-generic-hcl-tablets-100-mg/dp/1919438,True,Make titles unique at the page/template level.,"Amantadine (Generic) HCL Tablets, 100-mg - Easy Refills | Chewy Rx","Amantadine (Generic) HCL Tablets, 100-mg - Easy Refills | Chewy Rx",66,"Amantadine may be used in small animal species for adjunctive treatment of neuropathic or chronic pain, and in patients in which other analgesics (eg, NSAIDs, gabapentin) no longer provide adequate analgesia. It is generally considered ineffective when used alone; use in combination with an NSAID or gabapentin/pregabalin is typical. Several weeks of treatment may be required to break a pain cycle.",400,,"Amantadine (Generic) HCL Tablets, 100-mg, 1 tablet",1,amantadine-generic-hcl-tablets-100-mg,True,True,False,False,True,True,True,True,82,323,2,,,,,,,,,,,,,,1.0
PDP,Meta,Duplicate page title,https://www.chewy.com/deramaxx-deracoxib-chewable-tablets/dp/323219,True,Make titles unique at the page/template level.,"DERAMAXX (deracoxib) Chewable Tablets for Dogs, 75-mg - Easy Refills | Chewy Rx","DERAMAXX (deracoxib) Chewable Tablets for Dogs, 75-mg - Easy Refills | Chewy Rx",79,Deramaxx is a chewable medication prescribed by veterinarians to help control postoperative pain and inflammation in dogs. These beef-flavored tablets make feeding your pal his medication a snapjust like a treator they can be easily disguised in his favorite food. **We directly source prescription medications from manufacturers and wholesale distributors registered with the FDA and licensed by applicable state boards.,421,,"Deramaxx (deracoxib) Chewable Tablets for Dogs, 75-mg, 30 tablets",1,deramaxx-deracoxib-chewable-tablets,True,False,False,False,True,True,True,True,30,324,2,,,,,,,,,,,,,,3.0
PDP,Meta,Duplicate page title,https://www.chewy.com/previcox-firocoxib-chewable-tablets/dp/322713,True,Make titles unique at the page/template level.,"PREVICOX (Firocoxib) Chewable Tablets for Dogs, 227-mg - Easy Refills | Chewy Rx","PREVICOX (Firocoxib) Chewable Tablets for Dogs, 227-mg - Easy Refills | Chewy Rx",80,"Previcox is a non-steroidal, anti-inflammatory drug (NSAID) prescribed by your vet to treat your canine companion's pain and inflammation caused by osteoarthritis. It can also help control postoperative pain and inflammation often associated with soft-tissue and orthopedic surgery. This medication comes in a chewable tablet form, which means it can be easily crushed up and disguised in your pet's favorite food.",414,,"Previcox (Firocoxib) Chewable Tablets for Dogs, 227-mg, 30 tablets",1,previcox-firocoxib-chewable-tablets,True,False,False,False,True,True,True,True,29,323,2,,,,,,,,,,,,,,6.0
PDP,Meta,Duplicate page title,https://www.chewy.com/methocarbamol-generic-tablets-dogs/dp/322157,True,Make titles unique at the page/template level.,"METHOCARBAMOL (Generic) Tablets for Dogs & Cats, 500-mg - Easy Refills | Chewy Rx","METHOCARBAMOL (Generic) Tablets for Dogs & Cats, 500-mg - Easy Refills | Chewy Rx",81,"Methocarbamol is an oral medication prescribed by veterinarians to help treat muscle spasms in dogs and cats. More specifically, this relaxant is used to treat muscle spasms caused by acute inflammation, as well as traumatic conditions, or spasms occurring from poisoning. Methocarbamol comes in an uncoated tablet making it especially easy to disguise in your canine or feline's favorite food.",394,,"Methocarbamol (Generic) Tablets for Dogs & Cats, 500-mg, 60 tablets",1,methocarbamol-generic-tablets-dogs,True,False,False,False,True,True,True,True,103,323,2,,,,,,,,,,,,,,2.0
PDP,Meta,Duplicate page title,https://www.chewy.com/amantadine-hcl-generic-capsules-100/dp/321544,True,Make titles unique at the page/template level.,"AMANTADINE HCL (Generic) Capsules, 100-mg - Easy Refills | Chewy Rx","AMANTADINE HCL (Generic) Capsules, 100-mg - Easy Refills | Chewy Rx",67,"Help relieve pain with Amantadine HCI. Not only has this prescription medication been used to treat pain, but it may also be prescribed as an antiviral agent. More specifically, Amantadine HCI may be used for the treatment of arthritis and neuropathic pain due to nerve injury.",277,,"Amantadine HCl (Generic) Capsules, 100-mg, 60 capsules",1,amantadine-hcl-generic-capsules,True,False,False,False,True,True,True,True,65,321,2,,,,,,,,,,,,,,1.0
PDP,Meta,Duplicate page title,https://www.chewy.com/firox-firocoxib-chewable-tablets-dogs/dp/1079454,True,Make titles unique at the page/template level.,"FIROX (firocoxib) Chewable Tablets for Dogs, 227-mg - Easy Refills | Chewy Rx","FIROX (firocoxib) Chewable Tablets for Dogs, 227-mg - Easy Refills | Chewy Rx",77,"Firox (firocoxib) Chewable Tablets are indicated for the control of pain and inflammation associated with osteoarthritis and for the control of postoperative pain and inflammation associated with soft-tissue and orthopedic surgery in dogs. **We directly source prescription medications from manufacturers and wholesale distributors registered with the FDA and licensed by applicable state boards. Guaranteed genuine, and where applicable, backed by the manufacturer.",466,,"Firox (firocoxib) Chewable Tablets for Dogs, 227-mg, 60 chewable tablets",1,firox-firocoxib-chewable-tablets-dogs,True,False,False,False,True,True,True,True,6,310,2,,,,,,,,,,,,,,
PDP,Meta,Duplicate page title,https://www.chewy.com/vetriscience-glycoflex-stage-3/dp/42633,True,Make titles unique at the page/template level.,VetriScience GlycoFlex Stage III Ultimate Strength Joint Support Bite-Sized Dog Chews | Chewy,VetriScience GlycoFlex Stage III Ultimate Strength Joint Support Bite-Sized Dog Chews | Chewy,93,"Buy VetriScience GlycoFlex 3 Extra Strength Healthy Hip & Joint Chicken-Flavored Chews with Glucosamine & Green-Lipped Mussel Supplement for Dogs, 120 count at Chewy.com. FREE shipping and the BEST customer service!",215,,"VetriScience GlycoFlex 3 Extra Strength Healthy Hip & Joint Chicken-Flavored Chews with Glucosamine & Green-Lipped Mussel Supplement for Dogs, 120 count",1,vetriscience-glycoflex-stage,True,True,False,False,True,True,True,True,44,331,2,needs,2567.0,good,0.06,,,,,,,,,,10.0
PDP,Meta,Duplicate page title,https://www.chewy.com/ark-naturals-brushless-toothpaste/dp/45756,True,Make titles unique at the page/template level.,Ark Naturals Brushless Toothpaste Small Dental Dog Chews | Chewy (Free Shipping),Ark Naturals Brushless Toothpaste Small Dental Dog Chews | Chewy (Free Shipping),80,"Buy Ark Naturals Brushless Toothpaste Small Dental Dog Treats, 18 count at Chewy.com. FREE shipping and the BEST customer service!",130,best brushless toothpaste for dogs,"Ark Naturals Brushless Toothpaste Small Dental Dog Treats, 18 count",1,ark-naturals-brushless-toothpaste,True,True,False,False,True,True,True,True,105,329,2,,,,,,,1,1,22.0,0,0,1,0,1.0
PDP,Meta,Duplicate page title,https://www.chewy.com/royal-canin-size-health-nutrition/dp/778790,True,Make titles unique at the page/template level.,Royal Canin Small Puppy Dry Dog Food (Free Shipping) | Chewy,Royal Canin Small Puppy Dry Dog Food (Free Shipping) | Chewy,60,"Buy Royal Canin Size Health Nutrition Small Puppy Dry Dog Food, 14-lb bag at Chewy.com. FREE shipping and the BEST customer service!",132,,"Royal Canin Size Health Nutrition Small Puppy Dry Dog Food, 14-lb bag",1,royal-canin-size-health-nutrition,True,True,False,False,True,True,True,True,124,330,2,good,2205.0,good,0.07,,,,,,,,,,4.0
PDP,Meta,Duplicate page title,https://www.chewy.com/royal-canin-breed-health-nutrition/dp/33902,True,Make titles unique at the page/template level.,Royal Canin Golden Retriever Adult Dry Dog Food (Free Shipping) | Chewy,Royal Canin Golden Retriever Adult Dry Dog Food (Free Shipping) | Chewy,71,"Buy Royal Canin Breed Health Nutrition Golden Retriever Adult Dry Dog Food, 30-lb bag at Chewy.com. FREE shipping and the BEST customer service!",144,,"Royal Canin Breed Health Nutrition Golden Retriever Adult Dry Dog Food, 30-lb bag",1,royal-canin-breed-health-nutrition,True,True,False,False,True,True,True,True,108,328,2,,,,,,,,,,,,,,2.0
PDP,Meta,Duplicate page title,https://www.chewy.com/royal-canin-breed-health-nutrition/dp/33917,True,Make titles unique at the page/template level.,Royal Canin Labrador Retriever Adult Dry Dog Food (Free Shipping) | Chewy,Royal Canin Labrador Retriever Adult Dry Dog Food (Free Shipping) | Chewy,73,"Buy Royal Canin Breed Health Nutrition Labrador Retriever Adult Dry Dog Food, 30-lb bag at Chewy.com. FREE shipping and the BEST customer service!",146,,"Royal Canin Breed Health Nutrition Labrador Retriever Adult Dry Dog Food, 30-lb bag",1,royal-canin-breed-health-nutrition,True,True,False,False,True,True,True,True,116,327,2,good,2297.0,good,0.08,,,,,,,,,,9.0
PDP,Meta,Duplicate page title,https://www.chewy.com/royal-canin-veterinary-diet-adult/dp/35140,True,Make titles unique at the page/template level.,Royal Canin Veterinary Diet Urinary SO Canned Dog Food | Chewy (Free Shipping),Royal Canin Veterinary Diet Urinary SO Canned Dog Food | Chewy (Free Shipping),78,"Buy Royal Canin Veterinary Diet Adult Urinary SO Loaf Pate Wet Dog Food, 13.5-oz can, case of 24 at Chewy.com. FREE shipping and the BEST customer service!",155,,"Royal Canin Veterinary Diet Adult Urinary SO Loaf Pate Wet Dog Food, 13.5-oz can, case of 24",1,royal-canin-veterinary-diet-adult,True,True,False,False,True,True,True,True,107,330,2,,,,,,,,,,,,,,1.0
PDP,Meta,Duplicate page title,https://www.chewy.com/royal-canin-veterinary-diet-adult/dp/43755,True,Make titles unique at the page/template level.,Royal Canin Veterinary Diet Satiety Support Dry Dog Food | Chewy (Free Shipping),Royal Canin Veterinary Diet Satiety Support Dry Dog Food | Chewy (Free Shipping),80,"Buy Royal Canin Veterinary Diet Adult Satiety Support Weight Management Dry Dog Food, 26.4-lb bag at Chewy.com. FREE shipping and the BEST customer service!",156,,"Royal Canin Veterinary Diet Adult Satiety Support Weight Management Dry Dog Food, 26.4-lb bag",1,royal-canin-veterinary-diet-adult,True,True,False,False,True,True,True,True,108,333,2,good,2365.0,good,0.08,,,,,,,,,,23.0
PDP,Meta,Duplicate page title,https://www.chewy.com/dantrolene-sodium-compounded-powder/dp/305486,True,Make titles unique at the page/template level.,"DANTROLENE SODIUM COMPOUNDED Apple Powder, 500 mg/5CC scoop, for Veterinary use - Easy Refills | Chewy Rx","DANTROLENE SODIUM COMPOUNDED Apple Powder, 500 mg/5CC scoop, for Veterinary use - Easy Refills | Chewy Rx",105,Dantrolene Sodium Compounded appearance may vary as compounded products are made specifically for your horse.,109,,"Dantrolene Sodium Compounded Apple Powder, 500 mg/5CC scoop, 60 scoops for Veterinary use",1,dantrolene-sodium-compounded-powder,True,True,False,False,True,True,True,True,36,308,2,,,,,,,,,,,,,,
PDP,Meta,Duplicate page title,https://www.chewy.com/mycophenolate-mofetil-generic-tablets/dp/325524,True,Make titles unique at the page/template level.,"MYCOPHENOLATE Mofetil (Generic) Tablets, 500-mg - Easy Refills | Chewy Rx","MYCOPHENOLATE Mofetil (Generic) Tablets, 500-mg - Easy Refills | Chewy Rx",73,"Mycophenolate Mofetil tablets is a medication prescribed to suppress the immune system for the treatment of several different diseases, inflammation of the kidney, muscle fatigue, inflammatory bowel disease (IBS) and various autoimmune diseases. It's most commonly used in the cases of transplants and autoimmune disorders, where the body produces antibodies against itself. Veterinarians may use this medication to treat companion animals.",440,,"Mycophenolate Mofetil (Generic) Tablets, 500-mg, 60 tablets",1,mycophenolate-mofetil-generic-tablets,True,False,False,False,True,True,True,True,72,322,2,,,,,,,,,,,,,,1.0
PDP,Meta,Duplicate page title,https://www.chewy.com/furosemide-generic-tablets-dogs-cats/dp/322093,True,Make titles unique at the page/template level.,"FUROSEMIDE (Generic) Tablets for Dogs & Cats, 12.5-mg - Easy Refills | Chewy Rx","FUROSEMIDE (Generic) Tablets for Dogs & Cats, 12.5-mg - Easy Refills | Chewy Rx",79,"Furosemide Tablets are prescribed in the treatment of swelling associated with heart failure, especially when the swelling is caused by water retention. It's a proven diuretic medication that helps remove excess fluid from the body and saluretic medication that helps remove excess sodium from the kidneys. By relieving the body of excess fluid and sodium, it helps to relieve inflammation and its unpleasant symptoms.",418,furosemide pet pharmacy medications,"Furosemide (Generic) Tablets for Dogs & Cats, 12.5-mg, 60 tablets",1,furosemide-generic-tablets-dogs-cats,True,False,False,False,True,True,True,True,99,326,2,,,,,,,1,1,22.0,0,0,1,0,5.0
PDP,Meta,Duplicate page title,https://www.chewy.com/levetiracetam-generic-extended/dp/322149,True,Make titles unique at the page/template level.,"LEVETIRACETAM (Generic) Extended-Release Tablets, 500-mg - Easy Refills | Chewy Rx","LEVETIRACETAM (Generic) Extended-Release Tablets, 500-mg - Easy Refills | Chewy Rx",82,Levetiracetam is an extended-release prescription tablet used to control seizures caused by epilepsy. It's an anticonvulsant that works by decreasing abnormal activity in the brain. It's also used by veterinarians to help manage epilepsy in companion animals.,259,,"Levetiracetam (Generic) Extended-Release Tablets, 500-mg, 120 tablets",1,levetiracetam-generic-extended,True,False,False,False,True,True,True,True,62,322,2,good,2089.0,good,0.0,,,,,,,,,,1.0
PDP,Meta,Duplicate page title,https://www.chewy.com/phenylbutazone-bolus-generic-tablets/dp/3531766,True,Make titles unique at the page/template level.,"PHENYLBUTAZONE Bolus (Generic) Tablets for Horses, 1-g - Easy Refills | Chewy Rx","PHENYLBUTAZONE Bolus (Generic) Tablets for Horses, 1-g - Easy Refills | Chewy Rx",80,"Phenylbutazone Bolus are for the relief of inflammatory conditions associated with the musculoskeletal system in horses. A non-steroidal anti-inflammatory drug (NSAID), Phenylbutazone can help provide relief to horses suffering from fractures and muscle fatigue.**We directly source prescription medications from manufacturers and wholesale distributors registered with the FDA and licensed by applicable state boards.",418,,"Phenylbutazone Bolus (Generic) Tablets for Horses, 1-g, 100 tablets",1,phenylbutazone-bolus-generic-tablets,True,False,False,False,True,True,True,True,32,322,2,,,,,,,,,,,,,,1.0
PDP,Meta,Duplicate page title,https://www.chewy.com/hydroxyzine-hcl-compounded-powder/dp/866254,True,Make titles unique at the page/template level.,"HYDROXYZINE HCL COMPOUNDED Apple Powder, 500 mg/5CC scoop, for Veterinary use - Easy Refills | Chewy Rx","HYDROXYZINE HCL COMPOUNDED Apple Powder, 500 mg/5CC scoop, for Veterinary use - Easy Refills | Chewy Rx",103,Hydroxyzine HCl Compounded appearance may vary as compounded products are made specifically for your horse.,107,,"Hydroxyzine HCl Compounded Apple Powder, 500 mg/5CC scoop, 180 scoops for Veterinary use",1,hydroxyzine-hcl-compounded-powder,True,True,False,False,True,True,True,True,38,322,2,,,,,,,,,,,,,,1.0
PDP,Meta,Duplicate page title,https://www.chewy.com/levetiracetam-generic-immediate/dp/322141,True,Make titles unique at the page/template level.,"LEVETIRACETAM (Generic) Immediate-Release Tablets, 250-mg - Easy Refills | Chewy Rx","LEVETIRACETAM (Generic) Immediate-Release Tablets, 250-mg - Easy Refills | Chewy Rx",83,Levetiracetam is a prescription tablet used to control seizures caused by epilepsy. It is an anticonvulsant that works by decreasing abnormal activity in the brain. It's also used by veterinarians to help manage epilepsy in companion animals.,242,,"Levetiracetam (Generic) Immediate-Release Tablets, 250-mg, 120 tablets",1,levetiracetam-generic-immediate,True,False,False,False,True,True,True,True,67,324,2,,,,,,,,,,,,,,1.0
PDP,Meta,Duplicate page title,https://www.chewy.com/midwest-icrate-fold-carry-double-door/dp/45377,True,Make titles unique at the page/template level.,MidWest iCrate Fold & Carry Double Door Collapsible Wire Dog Crate | Chewy (Free Shipping),MidWest iCrate Fold & Carry Double Door Collapsible Wire Dog Crate | Chewy (Free Shipping),90,"Buy MidWest iCrate Fold & Carry Double Door Collapsible Wire Dog Crate, 42 inch at Chewy.com. FREE shipping and the BEST customer service!",138,,"MidWest iCrate Fold & Carry Double Door Collapsible Wire Dog Crate, 42 inch",1,midwest-icrate-fold-carry-double-door,True,True,False,False,True,True,True,False,152,337,2,good,2178.0,good,0.0,,,,,,,,,,7.0
PDP,Meta,Duplicate page title,https://www.chewy.com/midwest-wire-dog-exercise-pen-step/dp/45381,True,Make titles unique at the page/template level.,"MidWest Wire Dog Exercise Pen with Step-Thru Door, Black E-Coat | Chewy (Free Shipping)","MidWest Wire Dog Exercise Pen with Step-Thru Door, Black E-Coat | Chewy (Free Shipping)",87,"Buy MidWest Wire Dog Exercise Pen with Step-Thru Door, Black E-Coat, 30-in at Chewy.com. FREE shipping and the BEST customer service!",133,,"MidWest Wire Dog Exercise Pen with Step-Thru Door, Black E-Coat, 30-in",1,midwest-wire-dog-exercise-pen-step,True,True,False,False,True,True,True,False,128,335,2,good,1953.0,good,0.09000000000000001,,,,,,,,,,3.0
PDP,Meta,Duplicate page title,https://www.chewy.com/petmate-sky-dog-cat-kennel/dp/101598,True,Make titles unique at the page/template level.,Petmate Sky Dog & Cat Kennel | Chewy (Free Shipping),Petmate Sky Dog & Cat Kennel | Chewy (Free Shipping),52,"Buy Petmate Sky Dog & Cat Kennel, Gray, 32-in, 30-50-lbs at Chewy.com. FREE shipping and the BEST customer service!",115,petmate dog kennels,"Petmate Sky Dog & Cat Kennel, Gray, 32-in, 30-50-lbs",1,petmate-sky-dog-cat-kennel,True,True,False,False,True,True,True,True,65,328,2,good,2470.0,good,0.075,,,1,1,18.0,0,1,0,0,6.0
PDP,Meta,Duplicate page title,https://www.chewy.com/tiki-cat-grill-variety-pack-grain/dp/132734,True,Make titles unique at the page/template level.,Tiki Cat King Kamehameha Grill Variety Pack Grain-Free Canned Cat Food | Chewy,Tiki Cat King Kamehameha Grill Variety Pack Grain-Free Canned Cat Food | Chewy,78,"Buy Tiki Cat Grill Variety Pack Grain-Free Canned Cat Food, 2.8-oz, case of 12 at Chewy.com. FREE shipping and the BEST customer service!",137,tiki cat grill,"Tiki Cat Grill Variety Pack Grain-Free Canned Cat Food, 2.8-oz, case of 12",1,tiki-cat-grill-variety-pack-grain,True,True,False,False,True,True,True,True,153,329,2,,,,,,,1,1,11.0,0,1,0,0,2.0
PDP,Meta,Duplicate page title,https://www.chewy.com/flukers-ceramic-reptile-heat-emitter/dp/129150,True,Make titles unique at the page/template level.,"FLUKER'S Ceramic Reptile Heat Emitter, 100-watt - Chewy.com","FLUKER'S Ceramic Reptile Heat Emitter, 100-watt - Chewy.com",59,"Buy Fluker's Ceramic Reptile Heat Emitter, 100-watt at Chewy.com. FREE shipping and the BEST customer service!",110,,"Fluker's Ceramic Reptile Heat Emitter, 100-watt",1,flukers-ceramic-reptile-heat-emitter,True,True,False,False,True,True,True,True,57,330,2,,,,,,,,,,,,,,1.0
PDP,Meta,Duplicate page title,https://www.chewy.com/worlds-best-unscented-clumping-corn/dp/37468,True,Make titles unique at the page/template level.,World's Best Unscented Clumping Corn Cat Litter (Free Shipping) | Chewy,World's Best Unscented Clumping Corn Cat Litter (Free Shipping) | Chewy,71,"Buy World's Best Comfort Care Unscented Clumping Corn Litter, 28-lb bag at Chewy.com. FREE shipping and the BEST customer service!",130,,"World's Best Comfort Care Unscented Clumping Corn Litter, 28-lb bag",1,worlds-best-unscented-clumping-corn,True,True,False,False,True,True,True,True,52,331,2,,,,,,,,,,,,,,1.0
PDP,Meta,Duplicate page title,https://www.chewy.com/virbac-epi-otic-advanced-ear-cleaner/dp/52807,True,Make titles unique at the page/template level.,Virbac Epi-Otic Advanced Ear Cleaner for Dogs & Cats (Free Shipping) | Chewy,Virbac Epi-Otic Advanced Ear Cleaner for Dogs & Cats (Free Shipping) | Chewy,76,"Buy Virbac Epi-Otic Advanced Ear Cleaner for Dogs & Cats, 4-fl oz bottle at Chewy.com. FREE shipping and the BEST customer service!",131,,"Virbac Epi-Otic Advanced Ear Cleaner for Dogs & Cats, 4-fl oz bottle",1,virbac-epi-otic-advanced-ear-cleaner,True,True,False,False,True,True,True,True,125,331,2,good,2226.0,good,0.03,,,,,,,,,,59.0
PDP,Meta,Duplicate page title,https://www.chewy.com/mr-peanuts-hand-gloves-dog-cat/dp/180949,True,Make titles unique at the page/template level.,"MR. PEANUT'S Hand Gloves Dog & Cat Grooming & Deshedding Aid, 2 count - Chewy.com","MR. PEANUT'S Hand Gloves Dog & Cat Grooming & Deshedding Aid, 2 count - Chewy.com",81,"Buy Mr. Peanut's Hand Gloves Dog & Cat Grooming & Deshedding Aid, 2 count at Chewy.com. FREE shipping and the BEST customer service!",132,,"Mr. Peanut's Hand Gloves Dog & Cat Grooming & Deshedding Aid, 2 count",1,mr-peanuts-hand-gloves-dog-cat,True,True,False,False,True,True,True,True,142,318,2,,,,,,,,,,,,,,1.0
PDP,Meta,Duplicate page title,https://www.chewy.com/purina-one-plus-healthy-kitten/dp/166261,True,Make titles unique at the page/template level.,Purina ONE Healthy Kitten Formula Dry Cat Food (Free Shipping) | Chewy,Purina ONE Healthy Kitten Formula Dry Cat Food (Free Shipping) | Chewy,70,"Buy Purina ONE +Plus Healthy Kitten Muscle Vision & Brain Development Natural Dry Cat Food, 3.5-lb bag at Chewy.com. FREE shipping and the BEST customer service!",161,,"Purina ONE +Plus Healthy Kitten Muscle Vision & Brain Development Natural Dry Cat Food, 3.5-lb bag",1,purina-one-plus-healthy-kitten,True,True,False,False,True,True,True,True,4,330,2,,,,,,,,,,,,,,1.0
PDP,Meta,Duplicate page title,https://www.chewy.com/royal-canin-feline-health-nutrition/dp/37568,True,Make titles unique at the page/template level.,"ROYAL CANIN Feline Health Nutrition Indoor 7+ Adult Dry Cat Food, 2.5-lb bag - Chewy.com","ROYAL CANIN Feline Health Nutrition Indoor 7+ Adult Dry Cat Food, 2.5-lb bag - Chewy.com",88,"Buy Royal Canin Feline Health Nutrition Indoor 7+ Adult Dry Cat Food, 2.5-lb bag at Chewy.com. FREE shipping and the BEST customer service!",139,,"Royal Canin Feline Health Nutrition Indoor 7+ Adult Dry Cat Food, 2.5-lb bag",1,royal-canin-feline-health-nutrition,True,True,False,False,True,True,True,True,29,330,2,,,,,,,,,,,,,,1.0
PDP,Meta,Duplicate page title,https://www.chewy.com/made-by-nacho-turkey-bone-broth-grain/dp/986870,True,Make titles unique at the page/template level.,"MADE BY NACHO Turkey Bone Broth Grain- Free Wet Cat Food Topper, 11-oz carton - Chewy.com","MADE BY NACHO Turkey Bone Broth Grain- Free Wet Cat Food Topper, 11-oz carton - Chewy.com",89,"Buy Made by Nacho Turkey Bone Broth Grain- Free Wet Cat Food Topper, 11-oz carton at Chewy.com. FREE shipping and the BEST customer service!",140,,"Made by Nacho Turkey Bone Broth Grain- Free Wet Cat Food Topper, 11-oz carton",1,made-by-nacho-turkey-bone-broth-grain,True,True,False,False,True,True,True,True,92,321,2,,,,,,,,,,,,,,1.0
PDP,Meta,Duplicate page title,https://www.chewy.com/cheristin-flea-spot-treatment-cats/dp/143410,True,Make titles unique at the page/template level.,Cheristin Flea Treatment Topical For Cats Over 1.8 lbs | Chewy (Free Shipping),Cheristin Flea Treatment Topical For Cats Over 1.8 lbs | Chewy (Free Shipping),78,"Buy Cheristin Flea Spot Treatment for Cats, over 1.8 lbs, 6 Doses (6-mos. supply) at Chewy.com. FREE shipping and the BEST customer service!",140,cheristin for cats 6 doses,"Cheristin Flea Spot Treatment for Cats, over 1.8 lbs, 6 Doses (6-mos. supply)",1,cheristin-flea-spot-treatment-cats,True,True,False,False,True,True,True,True,58,329,2,good,2296.0,good,0.05,,,2,2,17.0,1,0,1,0,22.0
PDP,Meta,Duplicate page title,https://www.chewy.com/old-mother-hubbard-by-wellness/dp/176841,True,Make titles unique at the page/template level.,Old Mother Hubbard Classic Original Assortment Biscuits Baked Dog Treats | Chewy,Old Mother Hubbard Classic Original Assortment Biscuits Baked Dog Treats | Chewy,80,"Buy Old Mother Hubbard by Wellness Classic Original Mix Natural Small Oven-Baked Biscuits Dog Treats, 6-lb box at Chewy.com. FREE shipping and the BEST customer service!",169,old mother hubbard dog treats,"Old Mother Hubbard by Wellness Classic Original Mix Natural Small Oven-Baked Biscuits Dog Treats, 6-lb box",1,old-mother-hubbard-by-wellness,True,True,False,False,True,True,True,True,61,332,2,good,2110.0,good,0.08,,,7,7,10.29,3,4,0,0,6.0
PDP,Meta,Duplicate page title,https://www.chewy.com/nutro-crunchy-real-mixed-berries-dog/dp/46909,True,Make titles unique at the page/template level.,Nutro Crunchy with Real Mixed Berries Dog Treats (Free Shipping) | Chewy,Nutro Crunchy with Real Mixed Berries Dog Treats (Free Shipping) | Chewy,72,"Buy Nutro Crunchy with Real Mixed Berries Dog Treats, 16-oz bag at Chewy.com. FREE shipping and the BEST customer service!",122,,"Nutro Crunchy with Real Mixed Berries Dog Treats, 16-oz bag",1,nutro-crunchy-real-mixed-berries-dog,True,True,False,False,True,True,True,True,154,328,2,,,,,,,,,,,,,,1.0
PDP,Meta,Duplicate page title,https://www.chewy.com/proin-phenylpropanolamine/dp/322725,True,Make titles unique at the page/template level.,"PROIN (phenylpropanolamine hydrochloride) Chewable Tablets for Dogs, 50-mg - Easy Refills | Chewy Rx","PROIN (phenylpropanolamine hydrochloride) Chewable Tablets for Dogs, 50-mg - Easy Refills | Chewy Rx",100,"Proin is a chewable tablet prescribed by your veterinarian to treat and manage urinary incontinence in dogs. With all the same efficacy as Proin Extended-Release Flavored Tablets, these tablets work by helping to tighten the bladder and urethral muscles to prevent urine leaking and accidents. And since they come in a tablet form, you can feed them to your pet by mouth or disguise them inside a tasty pill pocket.",415,proin,"Proin (phenylpropanolamine hydrochloride) Chewable Tablets for Dogs, 50-mg, 60 tablets",1,proin-phenylpropanolamine,True,False,False,False,True,True,True,True,25,324,2,good,2008.0,good,0.07500000000000001,,,2,1,,0,0,0,2,11.0
PDP,Meta,Duplicate page title,https://www.chewy.com/proin-phenylpropanolamine/dp/322768,True,Make titles unique at the page/template level.,"PROIN ER (phenylpropanolamine hydrochloride extended-release tablets) for Dogs, 74-mg - Easy Refills | Chewy Rx","PROIN ER (phenylpropanolamine hydrochloride extended-release tablets) for Dogs, 74-mg - Easy Refills | Chewy Rx",111,"Proin Extended-Release is prescribed by your veterinarian to help control urinary incontinence in dogs due to urethral sphincter hypotonus, a weakening of the muscle in the urethra. It works by helping to tighten the bladder and urethral muscles to help prevent urine leaking and accidents. With all the same efficacy as Proin Chewable Tablets, these patented extended-release tablets are designed for once-a-day dosing and deliver a controlled release mechanism for steady absorption.",485,,"PROIN ER (phenylpropanolamine hydrochloride extended-release tablets) for Dogs, 74-mg, 30 tablets",1,proin-phenylpropanolamine,True,False,False,False,True,True,True,True,21,325,2,,,,,,,,,,,,,,1.0
PDP,Meta,Duplicate page title,https://www.chewy.com/amoxicillin-generic-capsules-dogs/dp/725846,True,Make titles unique at the page/template level.,"AMOXICILLIN (Generic) Capsules for Dogs & Cats, 500-mg - Easy Refills | Chewy Rx","AMOXICILLIN (Generic) Capsules for Dogs & Cats, 500-mg - Easy Refills | Chewy Rx",80,Amoxicillin is a broad-spectrum antibiotic prescribed by veterinarians to treat various infections in dogs and cats. It inhibits the growth of bacteria by preventing the cell wall formation of the bacterial cells. Amoxicillin should only be used to treat bacterial infections and not viral or parasitic infections.,314,,"Amoxicillin (Generic) Capsules for Dogs & Cats, 500-mg, 30 capsules",1,amoxicillin-generic-capsules-dogs,True,False,False,False,True,True,True,True,37,323,2,good,2189.0,good,0.060000000000000005,,,,,,,,,,9.0
PDP,Meta,Duplicate page title,https://www.chewy.com/enrofloxacin-generic-flavored-tablets/dp/173497,True,Make titles unique at the page/template level.,"ENROFLOXACIN (Generic) Flavored Tablets for Dogs & Cats, 136-mg - Easy Refills | Chewy Rx","ENROFLOXACIN (Generic) Flavored Tablets for Dogs & Cats, 136-mg - Easy Refills | Chewy Rx",89,"Enrofloxacin is a broad-spectrum antibiotic prescribed to help manage various diseases associated with certain types of bacteria. It works against both gram-negative and gram-positive bacteria, including those causing skin infections, as well as urinary and respiratory tract infections. Customers may receive this drug under the name Baytril.",343,,"Enrofloxacin (Generic) Flavored Tablets for Dogs & Cats, 136-mg, 1 tablet",1,enrofloxacin-generic-flavored-tablets,True,True,False,False,True,True,True,True,155,323,2,,,,,,,,,,,,,,1.0
PDP,Meta,Duplicate page title,https://www.chewy.com/phenylpropanolamine-hydrochloride/dp/1498710,True,Make titles unique at the page/template level.,"PHENYLPROPANOLAMINE HYDROCHLORIDE Chewable Tablets for Dogs, 50-mg - Easy Refills | Chewy Rx","PHENYLPROPANOLAMINE HYDROCHLORIDE Chewable Tablets for Dogs, 50-mg - Easy Refills | Chewy Rx",92,Phenylpropanolamine Hydrochloride is indicated for the control of urinary incontinence due to urethral sphincter hypotonus in dogs. Phenylpropanolamine is a chemical analogue of the endogenous sympathomimetic amines. It is an α-adrenergic agent which has been reported to increase urethral tone in dogs.,303,,"Phenylpropanolamine Hydrochloride Chewable Tablets for Dogs, 50-mg, 60 tablets",1,phenylpropanolamine-hydrochloride,True,False,False,False,True,True,True,True,20,322,2,,,,,,,,,,,,,,
PDP,Meta,Duplicate page title,https://www.chewy.com/clavacillin-amoxicillin/dp/208464,True,Make titles unique at the page/template level.,"CLAVACILLIN (amoxicillin trihydrate/clavulanate potassium) Tablets for Dogs & Cats, 375-mg - Easy Refills | Chewy Rx","CLAVACILLIN (amoxicillin trihydrate/clavulanate potassium) Tablets for Dogs & Cats, 375-mg - Easy Refills | Chewy Rx",116,"Clavacillin is an orally-administered antibiotic tablet prescribed by physicians to treat skin and soft tissue infections such as wounds, abscesses and cellulitis in dogs and cats. Can also be used in dogs to treat periodontal disease, and in cats for treatment of urinary tract infections. Available in multiple dosages.",321,,"Clavacillin (amoxicillin trihydrate/clavulanate potassium) Tablets for Dogs & Cats, 375-mg, 1 tablet",1,clavacillin-amoxicillin,True,True,False,False,True,True,True,True,68,324,2,,,,,,,,,,,,,,11.0
PDP,Meta,Duplicate page title,https://www.chewy.com/zeniquin-marbofloxacin-tablets-dogs/dp/173148,True,Make titles unique at the page/template level.,"ZENIQUIN (marbofloxacin) Tablets for Dogs & Cats, 25-mg - Easy Refills | Chewy Rx","ZENIQUIN (marbofloxacin) Tablets for Dogs & Cats, 25-mg - Easy Refills | Chewy Rx",81,"Zeniquin is a broad-spectrum antibiotic that is prescribed to treat multiple kinds of infections. It treats infections of the skin, soft tissue, and urinary tract and is also effective against bacteria in other parts of the body. It comes in a tablet, so you can feed it orally or slip it into a pill pocket to excite your furry friend.",336,zeniquin,"Zeniquin (marbofloxacin) Tablets for Dogs & Cats, 25-mg, 1 tablet",1,zeniquin-marbofloxacin-tablets-dogs,True,True,False,False,True,True,True,True,35,322,2,,,,,,,1,1,23.0,0,0,1,0,5.0
PDP,Meta,Duplicate page title,https://www.chewy.com/baytril-enrofloxacin-taste-tabs-dogs/dp/700870,True,Make titles unique at the page/template level.,"BAYTRIL (Enrofloxacin) Taste Tabs for Dogs & Cats, 136-mg - Easy Refills | Chewy Rx","BAYTRIL (Enrofloxacin) Taste Tabs for Dogs & Cats, 136-mg - Easy Refills | Chewy Rx",83,"Baytril Taste Tabs are antibacterial beef-flavored tablets for dogs and cats. This medication is formulated for the management of diseases associated with certain bacteria including those causing skin, urinary and respiratory tract infections. Baytril kills a wide-range of disease-causing bacteria directly at the sight of infection and has been used for this purpose for over 20 years.",387,,"Baytril (Enrofloxacin) Taste Tabs for Dogs & Cats, 136-mg, 30 flavored tablets",1,baytril-enrofloxacin-taste-tabs-dogs,True,False,False,False,True,True,True,True,35,322,2,,,,,,,,,,,,,,4.0
PDP,Meta,Duplicate page title,https://www.chewy.com/renaplus-potassium-gluconate-tablets/dp/322932,True,Make titles unique at the page/template level.,"RENAPLUS (Potassium Gluconate) Tablets for Dogs & Cats, 468-mg - Easy Refills | Chewy Rx","RENAPLUS (Potassium Gluconate) Tablets for Dogs & Cats, 468-mg - Easy Refills | Chewy Rx",88,RenaPlus is a supplement prescribed by veterinarians to provide extra potassium to pets who have low levels due to kidney disease or other medical problems. Potassium is an electrolyte that helps nerves communicate and maintains muscle movement. This generic alternative is an easy-to-feed tablet that aids in returning your pet's body to its normal functions.,360,,"RenaPlus (Potassium Gluconate) Tablets for Dogs & Cats, 468-mg, 100 tablets",1,renaplus-potassium-gluconate-tablets,True,False,False,False,True,True,True,True,22,319,2,,,,,,,,,,,,,,1.0
PDP,Meta,Duplicate page title,https://www.chewy.com/salix-furosemide-tablets-dogs-cats/dp/323050,True,Make titles unique at the page/template level.,"SALIX (Furosemide) Tablets for Dogs & Cats, 12.5-mg - Easy Refills | Chewy Rx","SALIX (Furosemide) Tablets for Dogs & Cats, 12.5-mg - Easy Refills | Chewy Rx",77,"Salix is an oral diuretic prescribed by veterinarians in the treatment of edema associated with cardiac insufficiency and acute non-inflammatory tissue edema in dogs and cats.**We directly source prescription medications from manufacturers and wholesale distributors registered with the FDA and licensed by applicable state boards. Guaranteed genuine, and where applicable, backed by the manufacturer.",401,,"Salix (Furosemide) Tablets for Dogs & Cats, 12.5-mg, 60 tablets",1,salix-furosemide-tablets-dogs-cats,True,False,False,False,True,True,True,True,33,321,2,,,,,,,,,,,,,,3.0
PDP,Meta,Duplicate page title,https://www.chewy.com/amoxi-tabs-amoxicillin-tablets-dogs/dp/173041,True,Make titles unique at the page/template level.,"AMOXI-TABS (Amoxicillin) Tablets for Dogs & Cats, 400-mg - Easy Refills | Chewy Rx","AMOXI-TABS (Amoxicillin) Tablets for Dogs & Cats, 400-mg - Easy Refills | Chewy Rx",82,"Amoxi-Tabs are oral tablets prescribed to dogs and cats for the treatment of certain strains of organisms that cause respiratory infections, urinary tract infections, gastrointestinal tract infections, skin infections and soft-tissue infections including bacterial dermatitis, as well as abscesses, lacerations, and wounds. Amoxi-Tabs do not dissolve quickly, making ""spit-outs"" easier to re-administer. This medication is also available in a solution form for dogs and cats called Amoxi-Drops.",494,,"Amoxi-Tabs (Amoxicillin) Tablets for Dogs & Cats, 400-mg, 1 tablet",1,amoxi-tabs-amoxicillin-tablets-dogs,True,False,False,False,True,True,True,True,40,325,2,,,,,,,,,,,,,,1.0
PDP,Meta,Duplicate page title,https://www.chewy.com/taste-wild-high-prairie-grain-free/dp/181320,True,Make titles unique at the page/template level.,Taste of the Wild High Prairie Grain-Free Dry Dog Food at Low Prices - Free Shipping at Chewy.com,Taste of the Wild High Prairie Grain-Free Dry Dog Food at Low Prices - Free Shipping at Chewy.com,97,"Buy Taste of the Wild High Prairie Grain-Free Dry Dog Food at Chewy.com. Grain-free recipe with rich proteins like bison, venison and beef for lean nutrition that’s easy to digest. Perfect for dogs with food allergies or sensitivities.*FREE* shipping on orders $49+ and the BEST customer service!",296,,"Taste of the Wild High Prairie Adult High Protein Grain-Free Recipe with Roasted Bison & Roasted Venison Dry Dog Food, 28-lb bag",1,taste-wild-high-prairie-grain-free,True,True,False,False,True,True,True,True,83,333,2,needs,2608.0,good,0.09,,,,,,,,,,1.0
PDP,Meta,Duplicate page title,https://www.chewy.com/diamond-naturals-lamb-meal-rice/dp/34947,True,Make titles unique at the page/template level.,Diamond Naturals Lamb Meal & Rice Formula Adult Dry Dog Food | Chewy (Free Shipping),Diamond Naturals Lamb Meal & Rice Formula Adult Dry Dog Food | Chewy (Free Shipping),84,"Buy Diamond Naturals Lamb Meal & Rice Formula Adult Dry Dog Food, 40-lb bag at Chewy.com. FREE shipping and the BEST customer service!",134,,"Diamond Naturals Lamb Meal & Rice Formula Adult Dry Dog Food, 40-lb bag",1,diamond-naturals-lamb-meal-rice,True,True,False,False,True,True,True,True,176,331,2,good,2242.0,good,0.04,,,,,,,,,,5.0
PDP,Meta,Duplicate page title,https://www.chewy.com/iams-proactive-health-minichunks/dp/36399,True,Make titles unique at the page/template level.,Iams ProActive Health Adult MiniChunks Dry Dog Food (Free Shipping) | Chewy,Iams ProActive Health Adult MiniChunks Dry Dog Food (Free Shipping) | Chewy,75,"Buy Iams Proactive Health Minichunks with Real Chicken & Whole Grains Dry Dog Food, 30-lb bag at Chewy.com. FREE shipping and the BEST customer service!",152,,"Iams Proactive Health Minichunks with Real Chicken & Whole Grains Dry Dog Food, 30-lb bag",1,iams-proactive-health-minichunks,True,True,False,False,True,True,True,True,90,335,2,needs,2838.0,needs,0.12,,,,,,,,,,1.0
PDP,Meta,Duplicate page title,https://www.chewy.com/kibbles-n-bits-original-savory-beef/dp/161045,True,Make titles unique at the page/template level.,Kibbles 'n Bits Original Savory Beef & Chicken Flavors Dry Dog Food | Chewy (Free Shipping),Kibbles 'n Bits Original Savory Beef & Chicken Flavors Dry Dog Food | Chewy (Free Shipping),91,"Buy Kibbles 'n Bits Original Adult Savory Beef & Chicken Flavors Dry Dog Food, 31-lb bag at Chewy.com. FREE shipping and the BEST customer service!",147,kibbles n bits dog food,"Kibbles 'n Bits Original Adult Savory Beef & Chicken Flavors Dry Dog Food, 31-lb bag",1,kibbles-n-bits-original-savory-beef,True,True,False,False,True,True,True,True,37,330,2,,,,,,,4,3,17.25,0,3,1,0,1.0
PDP,Meta,Duplicate page title,https://www.chewy.com/naturally-fresh-multi-cat-unscented/dp/171584,True,Make titles unique at the page/template level.,Naturally Fresh Multi-Cat Unscented Clumping Walnut Cat Litter | Chewy (Free Shipping),Naturally Fresh Multi-Cat Unscented Clumping Walnut Cat Litter | Chewy (Free Shipping),86,"Buy Naturally Fresh Multi-Cat Unscented Clumping Walnut Cat Litter, 26-lb bag at Chewy.com. FREE shipping and the BEST customer service!",136,,"Naturally Fresh Multi-Cat Unscented Clumping Walnut Cat Litter, 26-lb bag",1,naturally-fresh-multi-cat-unscented,True,True,False,False,True,True,True,True,88,330,2,,,,,,,,,,,,,,1.0
PDP,Meta,Duplicate page title,https://www.chewy.com/okocat-original-premium-wood-clumping/dp/929902,True,Make titles unique at the page/template level.,Okocat Original Premium Wood Clumping Cat Litter (Free Shipping) | Chewy,Okocat Original Premium Wood Clumping Cat Litter (Free Shipping) | Chewy,72,"Buy Okocat Original Premium Wood Clumping Cat Litter, 18.8-lb bag at Chewy.com. FREE shipping and the BEST customer service!",124,okocat,"Okocat Original Premium Wood Clumping Cat Litter, 18.8-lb bag",1,okocat-original-premium-wood-clumping,True,True,False,False,True,True,True,True,84,333,2,good,2241.0,good,0.07500000000000001,,,5,5,15.0,0,5,0,0,4.0
PDP,Meta,Duplicate page title,https://www.chewy.com/arm-hammer-litter-naturals-scented/dp/103796,True,Make titles unique at the page/template level.,Arm & Hammer Litter Naturals Scented Clumping Corn Cat Litter | Chewy (Free Shipping),Arm & Hammer Litter Naturals Scented Clumping Corn Cat Litter | Chewy (Free Shipping),85,"Buy Arm & Hammer Litter Naturals Scented Clumping Corn Cat Litter, 9-lb bag at Chewy.com. FREE shipping and the BEST customer service!",134,,"Arm & Hammer Litter Naturals Scented Clumping Corn Cat Litter, 9-lb bag",1,arm-hammer-litter-naturals-scented,True,True,False,False,True,True,True,True,91,331,2,good,2371.0,good,0.0,,,,,,,,,,4.0
PDP,Meta,Duplicate page title,https://www.chewy.com/wellness-soft-puppy-bites-lamb-salmon/dp/291345,True,Make titles unique at the page/template level.,Wellness Soft Puppy Bites Grain-Free Lamb & Salmon Recipe Dog Treats | Chewy (Free Shipping),Wellness Soft Puppy Bites Grain-Free Lamb & Salmon Recipe Dog Treats | Chewy (Free Shipping),92,"Buy Wellness Soft Puppy Bites Lamb & Salmon Grain-Free Dog Treats, 8-oz pouch at Chewy.com. FREE shipping and the BEST customer service!",136,wellness puppy treats,"Wellness Soft Puppy Bites Lamb & Salmon Grain-Free Dog Treats, 8-oz pouch",1,wellness-soft-puppy-bites-lamb-salmon,True,True,False,False,True,True,True,True,288,329,2,good,1826.0,poor,0.33,,,1,1,,0,0,0,1,3.0
PDP,Meta,Duplicate page title,https://www.chewy.com/tri-heart-plus-chewable-tablet-dogs/dp/172944,True,Make titles unique at the page/template level.,"TRI-HEART PLUS Chewable Tablet for Dogs, 51-100 lbs, (Brown Box) - Easy Refills | Chewy Rx","TRI-HEART PLUS Chewable Tablet for Dogs, 51-100 lbs, (Brown Box) - Easy Refills | Chewy Rx",90,**For use in animals only. Your furry friend must have a current heartworm test result on file with your veterinarian in order to be prescribed heartworm medication. Please visit your veterinarian to have this test performed annually to protect your four-legged friend.,269,tri-heart plus,"Tri-Heart Plus Chewable Tablet for Dogs, 51-100 lbs, (Brown Box), 6 Chewable Tablets (6-mos. supply)",1,tri-heart-plus-chewable-tablet-dogs,True,True,False,False,True,True,True,True,43,320,2,good,2148.0,good,0.065,,,2,2,8.0,1,1,0,0,11.0
PDP,Meta,Duplicate page title,https://www.chewy.com/interceptor-plus-chew-dogs-501-100/dp/172985,True,Make titles unique at the page/template level.,"INTERCEPTOR PLUS Chew for Dogs, 50.1-100 lbs, (Blue Box) - Easy Refills | Chewy Rx","INTERCEPTOR PLUS Chew for Dogs, 50.1-100 lbs, (Blue Box) - Easy Refills | Chewy Rx",82,"Interceptor Plus for dogs 50.1 - 100.0 lbs offers 5-in-1 protection from major worms in a tasty, monthly chew.",110,interceptor dog medicine,"Interceptor Plus Chew for Dogs, 50.1-100 lbs, (Blue Box), 6 Chews (6-mos. supply)",1,interceptor-plus-chew-dogs-501,True,True,False,False,True,True,True,True,61,328,2,good,2175.0,good,0.09,,,8,8,5.25,7,1,0,0,17.0
PDP,Meta,Duplicate page title,https://www.chewy.com/nexgard-plus-chew-dogs-331-66-lbs/dp/899766,True,Make titles unique at the page/template level.,"NEXGARD PLUS Chewables for Dogs, 33.1-66 lbs. (Purple Box) - Easy Refills | Chewy Rx","NEXGARD PLUS Chewables for Dogs, 33.1-66 lbs. (Purple Box) - Easy Refills | Chewy Rx",84,"NexGard® PLUS (afoxolaner, moxidectin, and pyrantel chewable tablets) is the one you want for one-and-done monthly parasite protection for your dog. It gives you the power to protect your dog from fleas and ticks, PLUS heartworm disease, roundworms, and hookworms – all in a delicious, beef-flavored, soft chew. NexGard® PLUS chewables are safe and approved for puppies as young as 8 weeks of age.",397,nexgard plus,"NexGard PLUS Chewables for Dogs, 33.1-66 lbs. (Purple Box) 6 Chewable Tablets (6-mos. supply)",1,nexgard-plus-chew-dogs-331-66-lbs,True,True,False,False,True,True,True,True,133,325,2,needs,2514.0,good,0.03,,,1,1,11.0,0,1,0,0,49.0
PDP,Meta,Duplicate page title,https://www.chewy.com/heartgard-plus-chew-dogs-26-50-lbs/dp/173232,True,Make titles unique at the page/template level.,"HEARTGARD Plus Chew for Dogs, 26-50 lbs, (Green Box) - Easy Refills | Chewy Rx","HEARTGARD Plus Chew for Dogs, 26-50 lbs, (Green Box) - Easy Refills | Chewy Rx",78,"**For use in animals only.** Heartgard Plus Chew for Dogs, 26-50 lbs. is a heartworm preventative that kills heartworms and also helps treat and control roundworms and hookworms.",178,heartgard plus chew for dogs 26-50 lbs green box 6 chews (6-mos. supply,"Heartgard Plus Chew for Dogs, 26-50 lbs, (Green Box), 6 Chews (6-mos. supply)",1,heartgard-plus-chew-dogs-26-50-lbs,True,True,False,False,True,True,True,True,57,322,2,good,2198.0,good,0.08499999999999999,,,2,2,14.5,1,0,1,0,19.0
PDP,Meta,Duplicate page title,https://www.chewy.com/tri-heart-plus-chewable-tablet-dogs/dp/172940,True,Make titles unique at the page/template level.,"TRI-HEART PLUS Chewable Tablet for Dogs, up to 25 lbs, (Blue Box) - Easy Refills | Chewy Rx","TRI-HEART PLUS Chewable Tablet for Dogs, up to 25 lbs, (Blue Box) - Easy Refills | Chewy Rx",91,**For use in animals only. Your furry friend must have a current heartworm test result on file with your veterinarian in order to be prescribed heartworm medication. Please visit your veterinarian to have this test performed annually to protect your four-legged friend.,269,,"Tri-Heart Plus Chewable Tablet for Dogs, up to 25 lbs, (Blue Box), 6 Chewable Tablets (6-mos. supply)",1,tri-heart-plus-chewable-tablet-dogs,True,True,False,False,True,True,True,True,47,320,2,,,,,,,,,,,,,,1.0
PDP,Meta,Duplicate page title,https://www.chewy.com/interceptor-plus-chew-dogs-251-50-lbs/dp/172983,True,Make titles unique at the page/template level.,"INTERCEPTOR PLUS Chew for Dogs, 25.1-50 lbs, (Yellow Box) - Easy Refills | Chewy Rx","INTERCEPTOR PLUS Chew for Dogs, 25.1-50 lbs, (Yellow Box) - Easy Refills | Chewy Rx",83,"Interceptor Plus for dogs 25.1 - 50.0 lbs offers 5-in-1 protection from major worms in a tasty, monthly chew.",109,,"Interceptor Plus Chew for Dogs, 25.1-50 lbs, (Yellow Box), 6 Chews (6-mos. supply)",1,interceptor-plus-chew-dogs-251-50-lbs,True,True,False,False,True,True,True,True,76,328,2,good,2204.0,good,0.08499999999999999,,,,,,,,,,5.0
PDP,Meta,Duplicate page title,https://www.chewy.com/nexgard-plus-chew-dogs-661-132-lbs/dp/899798,True,Make titles unique at the page/template level.,"NEXGARD PLUS Chewables for Dogs, 66.1-132 lbs. (Red Box) - Easy Refills | Chewy Rx","NEXGARD PLUS Chewables for Dogs, 66.1-132 lbs. (Red Box) - Easy Refills | Chewy Rx",82,"NexGard® PLUS (afoxolaner, moxidectin, and pyrantel chewable tablets) is the one you want for one-and-done monthly parasite protection for your dog. It gives you the power to protect your dog from fleas and ticks, PLUS heartworm disease, roundworms, and hookworms – all in a delicious, beef-flavored, soft chew. NexGard® PLUS chewables are safe and approved for puppies as young as 8 weeks old.",394,nexgard plus chewables for dogs 66.1-132 lbs. red box 6 chewable tablets (6-mos. supply,"NexGard PLUS Chewables for Dogs, 66.1-132 lbs. (Red Box) 6 Chewable Tablets (6-mos. supply)",1,nexgard-plus-chew-dogs-661-132-lbs,True,True,False,False,True,True,True,True,45,324,2,needs,2620.0,good,0.039999999999999994,,,1,1,1.0,1,0,0,0,8.0
PDP,Meta,Duplicate page title,https://www.chewy.com/tri-heart-plus-chewable-tablet-dogs/dp/172942,True,Make titles unique at the page/template level.,"TRI-HEART PLUS Chewable Tablet for Dogs, 26-50 lbs, (Green Box) - Easy Refills | Chewy Rx","TRI-HEART PLUS Chewable Tablet for Dogs, 26-50 lbs, (Green Box) - Easy Refills | Chewy Rx",89,**For use in animals only. Your furry friend must have a current heartworm test result on file with your veterinarian in order to be prescribed heartworm medication. Please visit your veterinarian to have this test performed annually to protect your four-legged friend.,269,,"Tri-Heart Plus Chewable Tablet for Dogs, 26-50 lbs, (Green Box), 6 Chewable Tablets (6-mos. supply)",1,tri-heart-plus-chewable-tablet-dogs,True,True,False,False,True,True,True,True,30,320,2,good,2141.0,good,0.05500000000000001,,,,,,,,,,2.0
PDP,Meta,Duplicate page title,https://www.chewy.com/interceptor-plus-chew-dogs-81-25-lbs/dp/172981,True,Make titles unique at the page/template level.,"INTERCEPTOR PLUS Chew for Dogs, 8.1-25 lbs, (Green Box) - Easy Refills | Chewy Rx","INTERCEPTOR PLUS Chew for Dogs, 8.1-25 lbs, (Green Box) - Easy Refills | Chewy Rx",81,"Interceptor Plus for dogs 8.1 - 25.0 lbs offers 5-in-1 protection from major worms in a tasty, monthly chew.",108,interceptor plus chew for dogs 8.1-25 lbs green box 6 chews (6-mos. supply,"Interceptor Plus Chew for Dogs, 8.1-25 lbs, (Green Box), 6 Chews (6-mos. supply)",1,interceptor-plus-chew-dogs-81-25-lbs,True,True,False,False,True,True,True,True,67,327,2,good,2220.0,good,0.095,,,2,2,7.0,1,1,0,0,10.0
PDP,Meta,Duplicate page title,https://www.chewy.com/nexgard-plus-chew-dogs-81-17-lbs/dp/899702,True,Make titles unique at the page/template level.,"NEXGARD PLUS Chewables for Dogs, 8.1-17 lbs. (Green Box) - Easy Refills | Chewy Rx","NEXGARD PLUS Chewables for Dogs, 8.1-17 lbs. (Green Box) - Easy Refills | Chewy Rx",82,"NexGard® PLUS (afoxolaner, moxidectin, and pyrantel chewable tablets) is the one you want for one-and-done monthly parasite protection for your dog. It gives you the power to protect your dog from fleas and ticks, PLUS heartworm disease, roundworms, and hookworms – all in a delicious, beef-flavored, soft chew. NexGard® PLUS chewables are safe and approved for puppies as young as 8 weeks old.",394,,"NexGard PLUS Chewables for Dogs, 8.1-17 lbs. (Green Box) 6 Chewable Tablets (6-mos. supply)",1,nexgard-plus-chew-dogs-81-17-lbs,True,True,False,False,True,True,True,True,49,324,2,needs,2525.0,good,0.035,,,,,,,,,,2.0
PDP,Meta,Duplicate page title,https://www.chewy.com/sentinel-tablet-dogs-2-10-lbs-brown/dp/173275,True,Make titles unique at the page/template level.,"SENTINEL Flavor Tabs for Dogs, 2-10 lbs, (Brown Box) - Easy Refills | Chewy Rx","SENTINEL Flavor Tabs for Dogs, 2-10 lbs, (Brown Box) - Easy Refills | Chewy Rx",78,"**Your furry friend must have a current heartworm test result on file with your veterinarian in order to be prescribed heartworm medication. Please visit your veterinarian to have this test performed annually to protect your four-legged friend.** Sentinel is a monthly oral preventive prescription that guards against heartworms, adult roundworms, adult hookworms, whipworms, and prevents the development of flea eggs.",418,,"Sentinel Flavor Tabs for Dogs, 2-10 lbs, (Brown Box), 6 Tablets (6-mos. supply)",1,sentinel-tablet-dogs-2-10-lbs-brown,True,True,False,False,True,True,True,True,43,322,2,,,,,,,,,,,,,,1.0
PDP,Meta,Duplicate page title,https://www.chewy.com/vetone-vetrijec-insulin-syringes-u-40/dp/323148,True,Make titles unique at the page/template level.,"VETONE VetriJec Insulin Syringes U-40 0.5-in x 29G, 0.5-cc - Easy Refills | Chewy Rx","VETONE VetriJec Insulin Syringes U-40 0.5-in x 29G, 0.5-cc - Easy Refills | Chewy Rx",84,VetOne Insulin Syringes/Needles U-40 29 Gauge x 0.5-in are prescribed by your vet for the injection of U-40 (40 units per ml) insulin in your diabetic pet. U-40 syringes are the syringe size that is recommended to use with ProZinc insulin.,239,,"VetOne VetriJec Insulin Syringes U-40 0.5-in x 29G, 0.5-cc, 50 syringes",1,vetone-vetrijec-insulin-syringes-u,True,False,False,False,True,True,True,True,28,320,2,,,,,,,,,,,,,,1.0
PDP,Meta,Duplicate page title,https://www.chewy.com/revolution-topical-solution-dogs-101/dp/173087,True,Make titles unique at the page/template level.,"REVOLUTION Topical Solution for Dogs, 10.1-20 lbs, (Brown Box) - Easy Refills | Chewy Rx","REVOLUTION Topical Solution for Dogs, 10.1-20 lbs, (Brown Box) - Easy Refills | Chewy Rx",88,**Your furry friend must have a current heartworm test result on file with your veterinarian in order to be prescribed heartworm medication. Please visit your veterinarian to have this test performed annually to protect your four-legged friend.** Revolution is a medication that is applied directly on your furry friend's skin to protect them from biting critters.,364,revolution dog medicine,"Revolution Topical Solution for Dogs, 10.1-20 lbs, (Brown Box), 6 Doses (6-mos. supply)",1,revolution-topical-solution-dogs,True,True,False,False,True,True,True,True,78,325,2,good,2188.0,good,0.055,,,3,3,5.33,2,1,0,0,13.0
PDP,Meta,Duplicate page title,https://www.chewy.com/simparica-chewable-tablet-dogs-441-88/dp/173129,True,Make titles unique at the page/template level.,"SIMPARICA Chewable Tablet for Dogs, 44.1-88 lbs, (Green Box) - Easy Refills | Chewy Rx","SIMPARICA Chewable Tablet for Dogs, 44.1-88 lbs, (Green Box) - Easy Refills | Chewy Rx",86,"Say goodbye to pesky, persistent pests and hello to Simparica. This once-a-month tablet gives you an easy, reliable way to protect your dog from fleas and ticks. It's a tasty tablet that works to shield your pet for a full 35 days, killing fleas before they can lay eggs.",271,simparica dog medicine,"Simparica Chewable Tablet for Dogs, 44.1-88 lbs, (Green Box), 6 Chewable Tablets (6-mos. supply)",1,simparica-chewable-tablet-dogs-441,True,True,False,False,True,True,True,True,125,325,2,good,2231.0,good,0.07500000000000001,,,5,5,6.5,3,1,0,1,56.0
PDP,Meta,Duplicate page title,https://www.chewy.com/revolt-topical-solution-dogs-51-10/dp/316873,True,Make titles unique at the page/template level.,"REVOLT Topical Solution for Dogs, 5.1-10 lbs, (Purple Box) - Easy Refills | Chewy Rx","REVOLT Topical Solution for Dogs, 5.1-10 lbs, (Purple Box) - Easy Refills | Chewy Rx",84,Parasite prevention is easier with our award-winning Twist-N-Apply tube. Simply twist the tip to break the seal and apply! No need to remove the cap. **Your pet must have a current heartworm test result on file with your veterinarian in order to be prescribed heartworm medication.,281,,"Revolt Topical Solution for Dogs, 5.1-10 lbs, (Purple Box), 6 Doses (6-mos. supply)",1,revolt-topical-solution-dogs-51,True,True,False,False,True,True,True,True,66,313,2,,,,,,,,,,,,,,1.0
PDP,Meta,Duplicate page title,https://www.chewy.com/nexgard-chew-dogs-101-24-lbs-blue-box/dp/173249,True,Make titles unique at the page/template level.,"NEXGARD Chewables for Dogs, 10.1-24 lbs, (Blue Box) - Easy Refills | Chewy Rx","NEXGARD Chewables for Dogs, 10.1-24 lbs, (Blue Box) - Easy Refills | Chewy Rx",77,"NexGard Chewables for Dogs, 10.1-24 lbs. are vet-recommended and FDA-approved to kill adult fleas fast before they have a chance to lay eggs.",141,,"NexGard Chewables for Dogs, 10.1-24 lbs, (Blue Box), 6 Chewable Tablets (6-mos. supply)",1,nexgard-chew-dogs-101-24-lbs-blue-box,True,True,False,False,True,True,True,True,72,324,2,needs,2521.0,good,0.075,,,,,,,,,,23.0
PDP,Meta,Duplicate page title,https://www.chewy.com/nexgard-chew-dogs-601-121-lbs-red-box/dp/173255,True,Make titles unique at the page/template level.,"NEXGARD Chewables for Dogs, 60.1-121 lbs, (Red Box) - Easy Refills | Chewy Rx","NEXGARD Chewables for Dogs, 60.1-121 lbs, (Red Box) - Easy Refills | Chewy Rx",77,"NexGard Chewables for Dogs, 60.1-121 lbs. are vet-recommended and FDA-approved to kill adult fleas fast before they have a chance to lay eggs.",142,nexgard for dogs 60-121,"NexGard Chewables for Dogs, 60.1-121 lbs, (Red Box), 6 Chewable Tablets (6-mos. supply)",1,nexgard-chew-dogs-601-121-lbs-red-box,True,True,False,False,True,True,True,True,50,324,2,good,2431.0,good,0.075,,,2,2,8.0,1,1,0,0,49.0
PDP,Meta,Duplicate page title,https://www.chewy.com/capstar-flea-oral-treatment-dogs-2-25/dp/181618,True,Make titles unique at the page/template level.,"Capstar Flea Tablets for Dogs, 2-25 lbs (Free Shipping) | Chewy","Capstar Flea Tablets for Dogs, 2-25 lbs (Free Shipping) | Chewy",63,"Capstar is a tablet so there's no odor or messy application on your pet or in your home. It is safe for puppies and kittens four weeks and older, weighing at least two pounds. It is designed to be safe for your pets until the active flea problem on your pet is cured. Buy Capstar Flea Tablets for Dogs & Cats at Chewy.com. *FREE* shipping on orders $49+ and the BEST customer service!",384,capstar for dogs reviews,"Capstar Flea Oral Treatment for Dogs, 2-25 lbs, 6 Tablets",1,capstar-flea-oral-treatment-dogs-2,True,True,False,False,True,True,True,True,137,321,2,good,2245.0,good,0.075,,,2,2,24.0,0,0,1,1,12.0
PDP,Meta,Duplicate page title,https://www.chewy.com/simparica-trio-chewable-tablet-dogs/dp/251345,True,Make titles unique at the page/template level.,"SIMPARICA TRIO Chewable Tablet for Dogs, 5.6-11.0 lbs, (Purple Box) - Easy Refills | Chewy Rx","SIMPARICA TRIO Chewable Tablet for Dogs, 5.6-11.0 lbs, (Purple Box) - Easy Refills | Chewy Rx",93,"Help your furry friend fight off pests with Simparica Trio Chewable Tablets for Dogs! Every purchase comes with individual treatments that are specially formulated for canine companions 8 weeks of age and older, weighing between 5.6 and 11 pounds. Simparica Trio is the first and only product that combines sarolaner, moxidectin and pyrantel in each treatment to help prevent heartworm disease, kill fleas before they can lay eggs, kill 5 types of ticks, treat and prevent flea infestations and treat and control roundworms and hookworms.",538,simparica trio chewable tablet for dogs 5.6-11.0 lbs purple box 6 chewable tablets (6-mos. supply,"Simparica Trio Chewable Tablet for Dogs, 5.6-11.0 lbs, (Purple Box), 6 Chewable Tablets (6-mos. supply)",1,simparica-trio-chewable-tablet-dogs,True,True,False,False,True,True,True,True,63,325,2,good,2249.0,good,0.055,,,1,1,2.0,1,0,0,0,63.0
PDP,Meta,Duplicate page title,https://www.chewy.com/purina-fancy-feast-purely-natural/dp/130368,True,Make titles unique at the page/template level.,"Purina Fancy Feast Chef's Cuts Real Hand-Flaked Natural Tuna Soft & Chewy Cat Treat, 10 count - Chewy.com","Purina Fancy Feast Chef's Cuts Real Hand-Flaked Natural Tuna Soft & Chewy Cat Treat, 10 count - Chewy.com",105,"Buy Purina Fancy Feast Chef's Cuts Real Hand-Flaked Natural Tuna Soft & Chewy Cat Treat, 10 count at Chewy.com. FREE shipping and the BEST customer service!",156,,"Purina Fancy Feast Chef's Cuts Real Hand-Flaked Natural Tuna Soft & Chewy Cat Treat, 10 count",1,purina-fancy-feast-purely-natural,True,True,False,False,True,True,True,True,73,324,2,good,2484.0,good,0.08,,,,,,,,,,2.0
PDP,Meta,Duplicate page title,https://www.chewy.com/zesty-paws-probiotic-bites-pumpkin/dp/151822,True,Make titles unique at the page/template level.,Zesty Paws Probiotic Bites with Natural Digestive Enzymes Pumpkin Flavor Chews for Dogs | Chewy,Zesty Paws Probiotic Bites with Natural Digestive Enzymes Pumpkin Flavor Chews for Dogs | Chewy,95,"Buy Zesty Paws Probiotic Bites Pumpkin Flavored Soft Chews Gut Flora & Digestive Supplement for Dogs, 90 count at Chewy.com. FREE shipping and the BEST customer service!",169,,"Zesty Paws Probiotic Bites Pumpkin Flavored Soft Chews Gut Flora & Digestive Supplement for Dogs, 90 count",1,zesty-paws-probiotic-bites-pumpkin,True,True,False,False,True,True,True,True,148,336,2,,,,,,,,,,,,,,1.0
PDP,Meta,Duplicate page title,https://www.chewy.com/kong-cozie-marvin-moose-plush-dog-toy/dp/47739,True,Make titles unique at the page/template level.,KONG Cozie Marvin the Moose Plush Dog Toy (Free Shipping) | Chewy,KONG Cozie Marvin the Moose Plush Dog Toy (Free Shipping) | Chewy,65,"Buy KONG Cozie Marvin the Moose Plush Dog Toy, Medium at Chewy.com. FREE shipping and the BEST customer service!",112,,"KONG Cozie Marvin the Moose Plush Dog Toy, Medium",1,kong-cozie-marvin-moose-plush-dog-toy,True,True,False,False,True,True,True,True,107,325,2,,,,,,,,,,,,,,1.0
PDP,Meta,Duplicate page title,https://www.chewy.com/hartz-dura-play-ball-squeaky-latex/dp/335956,True,Make titles unique at the page/template level.,"Hartz Dura Play Ball Squeaky Latex Dog Toy, Color Varies | Chewy (Free Shipping)","Hartz Dura Play Ball Squeaky Latex Dog Toy, Color Varies | Chewy (Free Shipping)",80,"Buy Hartz Dura Play Ball Squeaky Latex Dog Toy, Color Varies, 3 count, Small at Chewy.com. FREE shipping and the BEST customer service!",135,hartz dog balls,"Hartz Dura Play Ball Squeaky Latex Dog Toy, Color Varies, 3 count, Small",1,hartz-dura-play-ball-squeaky-latex,True,True,False,False,True,True,True,True,111,331,2,good,2190.0,good,0.095,,,2,1,10.0,1,1,0,0,13.0
PDP,Meta,Duplicate page title,https://www.chewy.com/revolution-plus-topical-solution-cats/dp/185727,True,Make titles unique at the page/template level.,"REVOLUTION PLUS Topical Solution for Cats, 2.8-5.5 lbs, (Gold Box) - Easy Refills | Chewy Rx","REVOLUTION PLUS Topical Solution for Cats, 2.8-5.5 lbs, (Gold Box) - Easy Refills | Chewy Rx",92,"Help protect your four-legged friend from pesky critters with this 6-in-1 broad spectrum monthly Topical Solution for Cats. Simply apply the quick-drying, small-volume prescription to help: kill fleas before they lay eggs, kill ticks for a full month, prevent heartworm disease and treat and control roundworms, hookworms and ear mites. This topical medication is suitable for cats and kittens eight weeks of age or older, weighing between 2.",442,,"Revolution Plus Topical Solution for Cats, 2.8-5.5 lbs, (Gold Box), 6 Doses (6-mos. supply)",1,revolution-plus-topical-solution-cats,True,True,False,False,True,True,True,True,34,324,2,,,,,,,,,,,,,,2.0
PDP,Meta,Duplicate page title,https://www.chewy.com/nexgard-combo-topical-cats-18-55lbs/dp/851758,True,Make titles unique at the page/template level.,"NEXGARD COMBO Topical for Cats, 1.8-5.5lbs (Purple Box) - Easy Refills | Chewy Rx","NEXGARD COMBO Topical for Cats, 1.8-5.5lbs (Purple Box) - Easy Refills | Chewy Rx",81,"NexGard COMBO (esafoxolaner, eprinomectin, and praziquantel topical solution) for Cats kills fleas and ticks, prevents heartworm disease, and treats and controls hookworms, roundworms and tapeworms. NexGard COMBO topical solution is parasite protection for cats from the maker of vet-recommended NexGard (afoxolaner) and HEARTGARD Plus (ivermectin/pyrantel). All cats need parasite protection, even indoor cats.",411,chewy nexgard combo for cats,"NexGard COMBO Topical for Cats, 1.8-5.5lbs (Purple Box), 6 Doses (6-mos. supply)",1,nexgard-combo-topical-cats-18-55lbs,True,True,False,False,True,True,True,True,24,321,2,,,,,,,1,1,12.0,0,1,0,0,1.0
PDP,Meta,Duplicate page title,https://www.chewy.com/mirataz-mirtazapine-transdermal/dp/206276,True,Make titles unique at the page/template level.,"MIRATAZ (mirtazapine transdermal ointment) for Cats, 5-g tube - Easy Refills | Chewy Rx","MIRATAZ (mirtazapine transdermal ointment) for Cats, 5-g tube - Easy Refills | Chewy Rx",87,"Weight loss in cats may be an indicator of something more serious. Changes in your cat's appetite, and accompanying weight loss, can be early indicators or underlying diseases such as thyroid, kidney and inflammatory bowel disease. Mirataz (mirtazapine transdermal ointment) is the first and only FDA-approved transdermal medication for the management of weight loss in cats, and can help your cat gain weight.",410,,"Mirataz (mirtazapine transdermal ointment) for Cats, 5-g tube",1,mirataz-mirtazapine-transdermal,True,True,False,False,True,True,True,True,784,318,2,good,2044.0,good,0.05,,,,,,,,,,13.0
PDP,Meta,Duplicate page title,https://www.chewy.com/felimazole-methimazole-tablets-cats/dp/322070,True,Make titles unique at the page/template level.,"FELIMAZOLE (methimazole) Tablets for Cats, 2.5-mg - Easy Refills | Chewy Rx","FELIMAZOLE (methimazole) Tablets for Cats, 2.5-mg - Easy Refills | Chewy Rx",75,"Felimazole treats feline hyperthyroidism, a commonly diagnosed disease in senior cats. The disease results in excess levels of thyroid hormone being produced in the thyroid gland. Symptoms can include weight loss, increased thirst and urination, vomiting, and excess activity.",276,,"Felimazole (methimazole) Tablets for Cats, 2.5-mg, 100 tablets",1,felimazole-methimazole-tablets-cats,True,False,False,False,True,True,True,True,21,320,2,good,2052.0,good,0.06,,,,,,,,,,2.0
PDP,Meta,Duplicate page title,https://www.chewy.com/thyro-tabs-levothyroxine-sodium/dp/323120,True,Make titles unique at the page/template level.,"THYRO-TABS (Levothyroxine Sodium) Tablets for Dogs, 0.8-mg - Easy Refills | Chewy Rx","THYRO-TABS (Levothyroxine Sodium) Tablets for Dogs, 0.8-mg - Easy Refills | Chewy Rx",84,Thyro-Tabs are an oral prescription tablet that provides hormone replacement therapy in dogs and cats to treat the symptoms of hypothyroidism when thyroid production is lower than normal. Having a balanced amount of thyroid hormone is important in sustaining normal mental health and physical activity for your pets.**We directly source prescription medications from manufacturers and wholesale distributors registered with the FDA and licensed by applicable state boards.,472,,"Thyro-Tabs (Levothyroxine Sodium) Tablets for Dogs, 0.8-mg, 120 tablets",1,thyro-tabs-levothyroxine-sodium,True,False,False,False,True,True,True,True,29,329,2,good,2228.0,good,0.08,,,,,,,,,,4.0
PDP,Meta,Duplicate page title,https://www.chewy.com/petmate-two-door-top-load-dog-cat/dp/53619,True,Make titles unique at the page/template level.,Petmate Two Door Top Load Dog & Cat Kennel (Free Shipping) | Chewy,Petmate Two Door Top Load Dog & Cat Kennel (Free Shipping) | Chewy,66,"Buy Petmate Two Door Top Load Dog & Cat Kennel, Blue, 24 inches, up to 15-lbs at Chewy.com. FREE shipping and the BEST customer service!",136,,"Petmate Two Door Top Load Dog & Cat Kennel, Blue, 24 inches, up to 15-lbs",1,petmate-two-door-top-load-dog-cat,True,True,False,False,True,True,True,True,117,327,2,,,,,,,,,,,,,,1.0
PDP,Meta,Duplicate page title,https://www.chewy.com/simparica-trio-chewable-tablet-dogs/dp/989110,True,Make titles unique at the page/template level.,"SIMPARICA TRIO Chewable Tablet for Dogs, 44.1-88 lbs, (Green Box) - Easy Refills | Chewy Rx","SIMPARICA TRIO Chewable Tablet for Dogs, 44.1-88 lbs, (Green Box) - Easy Refills | Chewy Rx",91,"Help your furry friend fight off pests with Simparica Trio Chewable Tablets for Dogs! Every purchase comes with individual treatments that are specially formulated for canine companions 8 weeks of age and older, weighing between 44.1 and 88 pounds. Simparica Trio is the first and only product that combines sarolaner, moxidectin and pyrantel in each treatment to help prevent heartworm disease, kill fleas before they can lay eggs, kill 5 types of ticks, treat and prevent flea infestations and treat and control roundworms and hookworms.",539,reviews of simparica,"Simparica Trio Chewable Tablet for Dogs, 44.1-88 lbs, (Green Box), 3 Chewable Tablets (3-mos. supply)",1,simparica-trio-chewable-tablet-dogs,True,True,False,False,True,True,True,True,39,326,2,good,2266.0,good,0.04000000000000001,,,6,6,11.8,2,3,0,1,61.0
PDP,Meta,Duplicate page title,https://www.chewy.com/nexgard-plus-chew-dogs-171-33-lbs/dp/899726,True,Make titles unique at the page/template level.,"NEXGARD PLUS Chewables for Dogs, 17.1-33 lbs. (Gold Box) - Easy Refills | Chewy Rx","NEXGARD PLUS Chewables for Dogs, 17.1-33 lbs. (Gold Box) - Easy Refills | Chewy Rx",82,"NexGard® PLUS (afoxolaner, moxidectin, and pyrantel chewable tablets) is the one you want for one-and-done monthly parasite protection for your dog. It gives you the power to protect your dog from fleas and ticks, PLUS heartworm disease, roundworms, and hookworms – all in a delicious, beef-flavored, soft chew. NexGard® PLUS chewables are safe and approved for puppies as young as 8 weeks old.",394,,"NexGard PLUS Chewables for Dogs, 17.1-33 lbs. (Gold Box) 3 Chewable Tablets (3-mos. supply)",1,nexgard-plus-chew-dogs-171-33-lbs,True,True,False,False,True,True,True,True,42,324,2,,,,,,,,,,,,,,1.0
PDP,Meta,Duplicate page title,https://www.chewy.com/revolt-topical-solution-dogs-401-85/dp/316879,True,Make titles unique at the page/template level.,"REVOLT Topical Solution for Dogs, 40.1-85 lbs, (Teal Box) - Easy Refills | Chewy Rx","REVOLT Topical Solution for Dogs, 40.1-85 lbs, (Teal Box) - Easy Refills | Chewy Rx",83,Parasite prevention is easier with our award-winning Twist-N-Apply tube. Simply twist the tip to break the seal and apply! No need to remove the cap. **Your pet must have a current heartworm test result on file with your veterinarian in order to be prescribed heartworm medication.,281,,"Revolt Topical Solution for Dogs, 40.1-85 lbs, (Teal Box), 6 Doses (6-mos. supply)",1,revolt-topical-solution-dogs-401,True,True,False,False,True,True,True,True,38,313,2,good,2083.0,good,0.060000000000000005,,,,,,,,,,12.0
PDP,Meta,Duplicate page title,https://www.chewy.com/credelio-chewable-tablet-dogs-501-100/dp/189631,True,Make titles unique at the page/template level.,"CREDELIO Chewable Tablet for Dogs, 50.1-100 lbs, (Blue Box) - Easy Refills | Chewy Rx","CREDELIO Chewable Tablet for Dogs, 50.1-100 lbs, (Blue Box) - Easy Refills | Chewy Rx",85,"Dog owners choose Credelio tick and flea treatment for its fast-acting protection compared to other tick and flea treatments. In fact, Credelio kills ticks** faster than Simparica Trio and Nexgard. This Credelio can be given to dogs or puppies weighing between 50.",264,credelio flea medicine dogs,"Credelio Chewable Tablet for Dogs, 50.1-100 lbs, (Blue Box), 6 Chewable Tablets (6-mos. supply)",1,credelio-chewable-tablet-dogs-501,True,True,False,False,True,True,True,True,71,327,2,good,2259.0,good,0.07,,,2,2,15.0,0,1,0,1,12.0
PDP,Meta,Duplicate page title,https://www.chewy.com/trifexis-chewable-tablet-dogs-101-20/dp/173010,True,Make titles unique at the page/template level.,"TRIFEXIS Chewable Tablet for Dogs, 10.1-20 lbs, (Orange Box) - Easy Refills | Chewy Rx","TRIFEXIS Chewable Tablet for Dogs, 10.1-20 lbs, (Orange Box) - Easy Refills | Chewy Rx",86,"**Your furry friend must have a current heartworm test result on file with your veterinarian in order to be prescribed heartworm medication. Please visit your veterinarian to have this test performed annually to protect your four-legged friend.** Trifexis (spinosad + milbemycin oxime) is the monthly, beef-flavored tablet prescribed to kill fleas and prevent flea infestations, prevent heartworm disease, and treat and control adult hookworm, roundworm and whipworm infections in dogs.",486,,"Trifexis Chewable Tablet for Dogs, 10.1-20 lbs, (Orange Box), 6 Chewable Tablets (6-mos. supply)",1,trifexis-chewable-tablet-dogs-101,True,True,False,False,True,True,True,True,60,324,2,,,,,,,,,,,,,,3.0
PDP,Meta,Duplicate page title,https://www.chewy.com/sentinel-spectrum-chew-dogs-81-25-lbs/dp/173285,True,Make titles unique at the page/template level.,"SENTINEL SPECTRUM Chew for Dogs, 8.1-25 lbs, (Green Box) - Easy Refills | Chewy Rx","SENTINEL SPECTRUM Chew for Dogs, 8.1-25 lbs, (Green Box) - Easy Refills | Chewy Rx",82,"**Your furry friend must have a current heartworm test result on file with your veterinarian in order to be prescribed heartworm medication. Please visit your veterinarian to have this test performed annually to protect your four-legged friend.** Sentinel Spectrum is a monthly oral preventive prescription that guards against heartworms, adult roundworms, adult hookworms, whipworms, and prevents the development of flea eggs.",427,sentinel spectrum pet pharmacy,"Sentinel Spectrum Chew for Dogs, 8.1-25 lbs, (Green Box), 6 Chews (6-mos. supply)",1,sentinel-spectrum-chew-dogs-81-25-lbs,True,True,False,False,True,True,True,True,55,320,2,good,2089.0,needs,0.12,,,1,1,,0,0,0,1,1.0
PDP,Meta,Duplicate page title,https://www.chewy.com/nexgard-chew-dogs-4-10-lbs-orange-box/dp/173246,True,Make titles unique at the page/template level.,"NEXGARD Chewables for Dogs, 4-10 lbs, (Orange Box) - Easy Refills | Chewy Rx","NEXGARD Chewables for Dogs, 4-10 lbs, (Orange Box) - Easy Refills | Chewy Rx",76,"NexGard Chewables for Dogs, 4-10 lbs. are vet-recommended and FDA-approved to kill adult fleas fast before they have a chance to lay eggs. This product is also FDA-approved to help prevent Lyme infections as a direct result of killing black-legged ticks.",254,,"NexGard Chewables for Dogs, 4-10 lbs, (Orange Box), 6 Chewable Tablets (6-mos. supply)",1,nexgard-chew-dogs-4-10-lbs-orange-box,True,True,False,False,True,True,True,True,51,324,2,,,,,,,,,,,,,,1.0
PDP,Meta,Duplicate page title,https://www.chewy.com/credelio-chewable-tablet-dogs-121-25/dp/178372,True,Make titles unique at the page/template level.,"CREDELIO Chewable Tablet for Dogs, 12.1-25 lbs, (Orange Box) - Easy Refills | Chewy Rx","CREDELIO Chewable Tablet for Dogs, 12.1-25 lbs, (Orange Box) - Easy Refills | Chewy Rx",86,"Dog owners choose Credelio tick and flea treatment for its fast-acting protection compared to other tick and flea treatments. In fact, Credelio kills ticks** faster than Simparica Trio and Nexgard. This Credelio can be given to dogs or puppies weighing between 12.",264,,"Credelio Chewable Tablet for Dogs, 12.1-25 lbs, (Orange Box), 6 Chewable Tablets (6-mos. supply)",1,credelio-chewable-tablet-dogs-121,True,True,False,False,True,True,True,True,58,326,2,good,2436.0,good,0.07500000000000001,,,,,,,,,,1.0
PDP,Meta,Duplicate page title,https://www.chewy.com/simparica-chewable-tablet-dogs-221-44/dp/173126,True,Make titles unique at the page/template level.,"SIMPARICA Chewable Tablet for Dogs, 22.1-44 lbs, (Mint Box) - Easy Refills | Chewy Rx","SIMPARICA Chewable Tablet for Dogs, 22.1-44 lbs, (Mint Box) - Easy Refills | Chewy Rx",85,"Say goodbye to pesky, persistent pests and hello to Simparica. This once-a-month tablet gives you an easy, reliable way to protect your dog from fleas and ticks. It's a tasty tablet that works to shield your pet for a full 35 days, killing fleas before they can lay eggs.",271,,"Simparica Chewable Tablet for Dogs, 22.1-44 lbs, (Mint Box), 6 Chewable Tablets (6-mos. supply)",1,simparica-chewable-tablet-dogs-221,True,True,False,False,True,True,True,True,56,325,2,good,2145.0,good,0.06,,,,,,,,,,2.0
PDP,Meta,Duplicate page title,https://www.chewy.com/trifexis-chewable-tablet-dogs-201-40/dp/173012,True,Make titles unique at the page/template level.,"TRIFEXIS Chewable Tablet for Dogs, 20.1-40 lbs, (Green Box) - Easy Refills | Chewy Rx","TRIFEXIS Chewable Tablet for Dogs, 20.1-40 lbs, (Green Box) - Easy Refills | Chewy Rx",85,"**Your furry friend must have a current heartworm test result on file with your veterinarian in order to be prescribed heartworm medication. Please visit your veterinarian to have this test performed annually to protect your four-legged friend.** Trifexis (spinosad + milbemycin oxime) is the monthly, beef-flavored tablet prescribed to kill fleas and prevent flea infestations, prevent heartworm disease, and treat and control adult hookworm, roundworm and whipworm infections in dogs.",486,,"Trifexis Chewable Tablet for Dogs, 20.1-40 lbs, (Green Box), 6 Chewable Tablets (6-mos. supply)",1,trifexis-chewable-tablet-dogs-201,True,True,False,False,True,True,True,True,79,315,2,good,2263.0,good,0.08,,,,,,,,,,2.0
PDP,Meta,Duplicate page title,https://www.chewy.com/sentinel-tablet-dogs-11-25-lbs-green/dp/173277,True,Make titles unique at the page/template level.,"SENTINEL Flavor Tabs for Dogs, 11-25 lbs, (Green Box) - Easy Refills | Chewy Rx","SENTINEL Flavor Tabs for Dogs, 11-25 lbs, (Green Box) - Easy Refills | Chewy Rx",79,"**Your furry friend must have a current heartworm test result on file with your veterinarian in order to be prescribed heartworm medication. Please visit your veterinarian to have this test performed annually to protect your four-legged friend.** Sentinel is a monthly oral preventive prescription that guards against heartworms, adult roundworms, adult hookworms, whipworms, and prevents the development of flea eggs.",418,sentinel dog medicine,"Sentinel Flavor Tabs for Dogs, 11-25 lbs, (Green Box), 6 Tablets (6-mos. supply)",1,sentinel-tablet-dogs-11-25-lbs-green,True,True,False,False,True,True,True,True,45,322,2,needs,2508.0,good,0.065,,,10,10,9.3,7,1,2,0,35.0
PDP,Meta,Duplicate page title,https://www.chewy.com/nexgard-plus-chew-dogs-171-33-lbs/dp/899734,True,Make titles unique at the page/template level.,"NEXGARD PLUS Chewables for Dogs, 17.1-33 lbs. (Gold Box) - Easy Refills | Chewy Rx","NEXGARD PLUS Chewables for Dogs, 17.1-33 lbs. (Gold Box) - Easy Refills | Chewy Rx",82,"NexGard® PLUS (afoxolaner, moxidectin, and pyrantel chewable tablets) is the one you want for one-and-done monthly parasite protection for your dog. It gives you the power to protect your dog from fleas and ticks, PLUS heartworm disease, roundworms, and hookworms – all in a delicious, beef-flavored, soft chew. NexGard® PLUS chewables are safe and approved for puppies as young as 8 weeks old.",394,,"NexGard PLUS Chewables for Dogs, 17.1-33 lbs. (Gold Box) 6 Chewable Tablets (6-mos. supply)",1,nexgard-plus-chew-dogs-171-33-lbs,True,True,False,False,True,True,True,True,41,324,2,needs,2500.0,good,0.03,,,,,,,,,,1.0
PDP,Meta,Duplicate page title,https://www.chewy.com/sentinel-spectrum-chew-dogs-501-100/dp/173289,True,Make titles unique at the page/template level.,"SENTINEL SPECTRUM Chew for Dogs, 50.1-100 lbs, (Blue Box) - Easy Refills | Chewy Rx","SENTINEL SPECTRUM Chew for Dogs, 50.1-100 lbs, (Blue Box) - Easy Refills | Chewy Rx",83,"**Your furry friend must have a current heartworm test result on file with your veterinarian in order to be prescribed heartworm medication. Please visit your veterinarian to have this test performed annually to protect your four-legged friend.** Sentinel Spectrum is a monthly oral preventive prescription that guards against heartworms, adult roundworms, adult hookworms, whipworms, and prevents the development of flea eggs.",427,sentinel spectrum,"Sentinel Spectrum Chew for Dogs, 50.1-100 lbs, (Blue Box), 6 Chews (6-mos. supply)",1,sentinel-spectrum-chew-dogs-501,True,True,False,False,True,True,True,True,59,321,2,good,2176.0,good,0.05,,,2,2,4.5,2,0,0,0,13.0
PDP,Meta,Duplicate page title,https://www.chewy.com/simparica-trio-chewable-tablet-dogs/dp/251437,True,Make titles unique at the page/template level.,"SIMPARICA TRIO Chewable Tablet for Dogs, 88.1-132.0 lbs, (Brown Box) - Easy Refills | Chewy Rx","SIMPARICA TRIO Chewable Tablet for Dogs, 88.1-132.0 lbs, (Brown Box) - Easy Refills | Chewy Rx",94,"Help your furry friend fight off pests with Simparica Trio Chewable Tablets for Dogs! Every purchase comes with individual treatments that are specially formulated for canine companions 8 weeks of age and older, weighing between 88.1 and 132 pounds. Simparica Trio is the first and only product that combines sarolaner, moxidectin and pyrantel in each treatment to help prevent heartworm disease, kill fleas before they can lay eggs, kill 5 types of ticks, treat and prevent flea infestations and treat and control roundworms and hookworms.",540,simparica trio chewable tablet for dogs 88.1-132.0 lbs brown box 6 chewable tablets (6-mos. supply,"Simparica Trio Chewable Tablet for Dogs, 88.1-132.0 lbs, (Brown Box), 6 Chewable Tablets (6-mos. supply)",1,simparica-trio-chewable-tablet-dogs,True,True,False,False,True,True,True,True,69,326,2,good,2182.0,good,0.075,,,1,1,2.0,1,0,0,0,12.0
PDP,Meta,Duplicate page title,https://www.chewy.com/credelio-chewable-tablet-dogs-251-50/dp/178373,True,Make titles unique at the page/template level.,"CREDELIO Chewable Tablet for Dogs, 25.1-50 lbs, (Green Box) - Easy Refills | Chewy Rx","CREDELIO Chewable Tablet for Dogs, 25.1-50 lbs, (Green Box) - Easy Refills | Chewy Rx",85,"Dog owners choose Credelio tick and flea treatment for its fast-acting protection compared to other tick and flea treatments. In fact, Credelio kills ticks** faster than Simparica Trio and Nexgard. This Credelio can be given to dogs or puppies weighing between 25.",264,,"Credelio Chewable Tablet for Dogs, 25.1-50 lbs, (Green Box), 6 Chewable Tablets (6-mos. supply)",1,credelio-chewable-tablet-dogs-251,True,True,False,False,True,True,True,True,49,327,2,good,2156.0,good,0.08,,,,,,,,,,1.0
PDP,Meta,Duplicate page title,https://www.chewy.com/advantage-multi-topical-solution-dogs/dp/173163,True,Make titles unique at the page/template level.,"ADVANTAGE MULTI Topical Solution for Dogs, 55.1-88 lbs, (Blue Box) - Easy Refills | Chewy Rx","ADVANTAGE MULTI Topical Solution for Dogs, 55.1-88 lbs, (Blue Box) - Easy Refills | Chewy Rx",92,**Your furry friend must have a current heartworm test result on file with your veterinarian in order to be prescribed heartworm medication. Please visit your veterinarian to have this test performed annually to protect your four-legged friend.** Advantage Multi for Dogs is a broad-spectrum topical solution prescribed by veterinarians to provide a convenient monthly application to help alleviate canine companions from symptoms caused by pesky parasites.,457,advantage multi dog flea tick,"Advantage Multi Topical Solution for Dogs, 55.1-88 lbs, (Blue Box), 6 Doses (6-mos. supply)",1,advantage-multi-topical-solution-dogs,True,True,False,False,True,True,True,True,118,321,2,good,2333.0,good,0.07,,,3,3,1.0,3,0,0,0,25.0
PDP,Meta,Duplicate page title,https://www.chewy.com/earthbath-oatmeal-aloe-dog-cat/dp/40479,True,Make titles unique at the page/template level.,Earthbath Oatmeal & Aloe Dog & Cat Shampoo (Free Shipping) | Chewy,Earthbath Oatmeal & Aloe Dog & Cat Shampoo (Free Shipping) | Chewy,66,"Buy Earthbath Oatmeal & Aloe Itch Relief Vanilla Almond Dog & Cat Shampoo, 16-fl oz bottle at Chewy.com. FREE shipping and the BEST customer service!",149,earthbath dog shampoos,"Earthbath Oatmeal & Aloe Itch Relief Vanilla Almond Dog & Cat Shampoo, 16-fl oz bottle",1,earthbath-oatmeal-aloe-dog-cat,True,True,False,False,True,True,True,True,68,329,2,good,2322.0,good,0.0,,,1,1,25.0,0,0,1,0,2.0
PDP,Meta,Duplicate page title,https://www.chewy.com/mushers-secret-paw-protection-natural/dp/128336,True,Make titles unique at the page/template level.,"MUSHER'S SECRET Paw Protection Natural Dog Wax, 60-g jar - Chewy.com","MUSHER'S SECRET Paw Protection Natural Dog Wax, 60-g jar - Chewy.com",68,"Buy Musher's Secret Paw Protection Natural Dog Wax, 60-g jar at Chewy.com. FREE shipping and the BEST customer service!",119,musher's secret,"Musher's Secret Paw Protection Natural Dog Wax, 60-g jar",1,mushers-secret-paw-protection-natural,True,True,False,False,True,True,True,True,491,329,2,good,2122.0,good,0.09,,,1,1,5.0,1,0,0,0,13.0
PDP,Meta,Duplicate page title,https://www.chewy.com/kong-squeakair-balls-packs-dog-toy/dp/44145,True,Make titles unique at the page/template level.,KONG AirDog Squeakair Balls Packs Dog Toy (Free Shipping) | Chewy,KONG AirDog Squeakair Balls Packs Dog Toy (Free Shipping) | Chewy,65,"Buy KONG Squeakair Balls Packs Dog Toy, Small at Chewy.com. FREE shipping and the BEST customer service!",104,,"KONG Squeakair Balls Packs Dog Toy, Small",1,kong-squeakair-balls-packs-dog-toy,True,True,False,False,True,True,True,True,89,323,2,good,2159.0,poor,0.53,,,,,,,,,,3.0
PDP,Meta,Duplicate page title,https://www.chewy.com/clavamox-amoxicillin-clavulanate/dp/177258,True,Make titles unique at the page/template level.,"CLAVAMOX (Amoxicillin / Clavulanate Potassium) Chewable Tablets for Dogs & Cats, 375-mg - Easy Refills | Chewy Rx","CLAVAMOX (Amoxicillin / Clavulanate Potassium) Chewable Tablets for Dogs & Cats, 375-mg - Easy Refills | Chewy Rx",113,"Clavamox is a chewable tablet, broad-spectrum, antibiotic for dogs and cats. It's often prescribed by veterinarians for the treatment of infections, like those found in the urinary tract. This medication can also treat infected wounds and abscesses.",249,,"Clavamox (Amoxicillin / Clavulanate Potassium) Chewable Tablets for Dogs & Cats, 375-mg, 1 tablet",1,clavamox-amoxicillin-clavulanate,True,True,False,False,True,True,True,True,74,324,2,,,,,,,,,,,,,,1.0
PDP,Meta,Duplicate page title,https://www.chewy.com/clindamycin-hcl-generic-capsules-dogs/dp/316423,True,Make titles unique at the page/template level.,"CLINDAMYCIN HCl (Generic) Capsules for Dogs, 150-mg - Easy Refills | Chewy Rx","CLINDAMYCIN HCl (Generic) Capsules for Dogs, 150-mg - Easy Refills | Chewy Rx",77,Clindamycin is a prescription lincosaminide antimicrobial agent with activity against a wide variety of aerobic and anaerobic bacterial pathogens. It is a bacteriostatic compound that inhibits bacterial protein synthesis in the bacterial cell. Clindamycin is rapidly absorbed from the canine gastrointestinal tract.,315,,"Clindamycin HCl (Generic) Capsules for Dogs, 150-mg, 60 capsules",1,clindamycin-hcl-generic-capsules-dogs,True,False,False,False,True,True,True,True,22,325,2,,,,,,,,,,,,,,3.0
PDP,Meta,Duplicate page title,https://www.chewy.com/itraconazole-generic-capsules-100-mg/dp/322116,True,Make titles unique at the page/template level.,"ITRACONAZOLE (Generic) Capsules, 100-mg - Easy Refills | Chewy Rx","ITRACONAZOLE (Generic) Capsules, 100-mg - Easy Refills | Chewy Rx",65,"Itraconazole is an anti-fungal, sometimes prescribed by veterinarians to treat fungal infections of the coat, skin, nails in cats and dogs, and for gastric, dermic, tissue and respiratory conditions in horses.**We directly source prescription medications from manufacturers and wholesale distributors registered with the FDA and licensed by applicable state boards. Guaranteed genuine, and where applicable, backed by the manufacturer.",435,,"Itraconazole (Generic) Capsules, 100-mg, 60 capsules",1,itraconazole-generic-capsules-100-mg,True,False,False,False,True,True,True,True,47,321,2,,,,,,,,,,,,,,1.0
PDP,Meta,Duplicate page title,https://www.chewy.com/burts-bees-dander-reducing-wipes/dp/121655,True,Make titles unique at the page/template level.,Burt's Bees Dander Reducing Wipes with Colloidal Oat Flour & Aloe Vera for Cats | Chewy,Burt's Bees Dander Reducing Wipes with Colloidal Oat Flour & Aloe Vera for Cats | Chewy,87,"Buy Burt's Bees Dander Reducing Wipes with Colloidal Oat Flour & Aloe Vera for Cats, 50 count at Chewy.com. FREE shipping and the BEST customer service!",152,burts bees cat wipes,"Burt's Bees Dander Reducing Wipes with Colloidal Oat Flour & Aloe Vera for Cats, 50 count",1,burts-bees-dander-reducing-wipes,True,True,False,False,True,True,True,True,258,318,2,good,2114.0,good,0.02,,,1,1,3.0,1,0,0,0,6.0
PDP,Meta,Duplicate page title,https://www.chewy.com/ware-scatterless-lock-n-litter-small/dp/128635,True,Make titles unique at the page/template level.,Ware Scatterless Lock-N-Litter Small Animal Litter Pan | Chewy (Free Shipping),Ware Scatterless Lock-N-Litter Small Animal Litter Pan | Chewy (Free Shipping),78,"Buy Ware Scatterless Lock-N-Litter Small Animal Litter Pan, Jumbo at Chewy.com. FREE shipping and the BEST customer service!",124,,"Ware Scatterless Lock-N-Litter Small Animal Litter Pan, Jumbo",1,ware-scatterless-lock-n-litter-small,True,True,False,False,True,True,True,True,11,323,2,,,,,,,,,,,,,,
PDP,Meta,Duplicate page title,https://www.chewy.com/frisco-high-sided-cat-litter-box/dp/168285,True,Make titles unique at the page/template level.,"Frisco High Sided Cat Litter Box, Extra Large 24-in (Free Shipping) | Chewy","Frisco High Sided Cat Litter Box, Extra Large 24-in (Free Shipping) | Chewy",75,"Buy Frisco High Sided Cat Litter Box, Extra Large, Gray, 24-in at Chewy.com. FREE shipping and the BEST customer service!",121,frisco litter boxes,"Frisco High Sided Cat Litter Box, Extra Large, Gray, 24-in",1,frisco-high-sided-cat-litter-box,True,True,False,False,True,True,True,True,173,320,2,good,1697.0,good,0.095,,,5,5,4.2,5,0,0,0,33.0
PDP,Meta,Duplicate page title,https://www.chewy.com/purina-pro-plan-veterinary-diets-om/dp/49846,True,Make titles unique at the page/template level.,Purina Pro Plan Veterinary Diets OM Overweight Management Formula Dry Cat Food | Chewy,Purina Pro Plan Veterinary Diets OM Overweight Management Formula Dry Cat Food | Chewy,86,"Buy Purina Pro Plan Veterinary Diets OM Overweight Management Dry Cat Food, 6-lb bag at Chewy.com. FREE shipping and the BEST customer service!",143,,"Purina Pro Plan Veterinary Diets OM Overweight Management Dry Cat Food, 6-lb bag",1,purina-pro-plan-veterinary-diets-om,True,True,False,False,True,True,True,True,144,331,2,,,,,,,,,,,,,,1.0
PDP,Meta,Duplicate page title,https://www.chewy.com/royal-canin-veterinary-diet-adult/dp/325618,True,Make titles unique at the page/template level.,Royal Canin Veterinary Diet Urinary SO Loaf In Sauce Canned Cat Food | Chewy (Free Shipping),Royal Canin Veterinary Diet Urinary SO Loaf In Sauce Canned Cat Food | Chewy (Free Shipping),92,"Buy Royal Canin Veterinary Diet Urinary SO Loaf Pate Adult Wet Cat Food, 5.1-oz can, case of 24 at Chewy.com. FREE shipping and the BEST customer service!",154,,"Royal Canin Veterinary Diet Urinary SO Loaf Pate Adult Wet Cat Food, 5.1-oz can, case of 24",1,royal-canin-veterinary-diet-adult,True,True,False,False,True,True,True,True,84,332,2,needs,2729.0,good,0.08499999999999999,,,,,,,,,,20.0
PDP,Meta,Duplicate page title,https://www.chewy.com/purina-pro-plan-veterinary-diets-ur/dp/130002,True,Make titles unique at the page/template level.,Purina Pro Plan Veterinary Diets UR Urinary Ox/St Dry Dog Food | Chewy (Free Shipping),Purina Pro Plan Veterinary Diets UR Urinary Ox/St Dry Dog Food | Chewy (Free Shipping),86,"Buy Purina Pro Plan Veterinary Diets UR Urinary Ox/St Canine Formula Dry Dog Food, 25-lb bag at Chewy.com. FREE shipping and the BEST customer service!",151,,"Purina Pro Plan Veterinary Diets UR Urinary Ox/St Canine Formula Dry Dog Food, 25-lb bag",1,purina-pro-plan-veterinary-diets-ur,True,True,False,False,True,True,True,True,75,331,2,,,,,,,,,,,,,,2.0
PDP,Meta,Duplicate page title,https://www.chewy.com/purina-pro-plan-veterinary-diets-en/dp/1088070,True,Make titles unique at the page/template level.,Purina Pro Plan Veterinary Diets Low Fat EN Gastroenteric Dry Dog Food | Chewy,Purina Pro Plan Veterinary Diets Low Fat EN Gastroenteric Dry Dog Food | Chewy,78,"Buy Purina Pro Plan Veterinary Diets EN Gastroenteric Low Fat Dry Dog Food, 25-lb bag at Chewy.com. FREE shipping and the BEST customer service!",144,,"Purina Pro Plan Veterinary Diets EN Gastroenteric Low Fat Dry Dog Food, 25-lb bag",1,purina-pro-plan-veterinary-diets-en,True,True,False,False,True,True,True,True,85,330,2,good,2280.0,good,0.06,,,,,,,,,,13.0
PDP,Meta,Duplicate page title,https://www.chewy.com/royal-canin-veterinary-diet-adult/dp/34012,True,Make titles unique at the page/template level.,Royal Canin Veterinary Diet Hepatic Formula Dry Dog Food | Chewy (Free Shipping),Royal Canin Veterinary Diet Hepatic Formula Dry Dog Food | Chewy (Free Shipping),80,"Buy Royal Canin Veterinary Diet Adult Hepatic Dry Dog Food, 26.4-lb bag at Chewy.com. FREE shipping and the BEST customer service!",130,,"Royal Canin Veterinary Diet Adult Hepatic Dry Dog Food, 26.4-lb bag",1,royal-canin-veterinary-diet-adult,True,True,False,False,True,True,True,True,117,332,2,good,2275.0,good,0.08499999999999999,,,,,,,,,,20.0
PDP,Meta,Duplicate page title,https://www.chewy.com/rachael-ray-nutrish-soup-bones/dp/181683,True,Make titles unique at the page/template level.,Rachael Ray Nutrish Soup Bones Chicken & Veggies Flavor Chews Dog Treats | Chewy,Rachael Ray Nutrish Soup Bones Chicken & Veggies Flavor Chews Dog Treats | Chewy,80,"Buy Rachael Ray Nutrish Soup Bones Premium Dog Chews with Real Chicken & Veggies Hard Dog Chews, 11 count bag at Chewy.com. FREE shipping and the BEST customer service!",168,rachael ray nutrish soup bones for dogs,"Rachael Ray Nutrish Soup Bones Premium Dog Chews with Real Chicken & Veggies Hard Dog Chews, 11 count bag",1,rachael-ray-nutrish-soup-bones,True,True,False,False,True,True,True,True,123,330,2,,,,,,,1,1,,0,0,0,1,1.0
PDP,Meta,Duplicate page title,https://www.chewy.com/frisco-double-wide-cat-scratcher-toy/dp/201490,True,Make titles unique at the page/template level.,"FRISCO Double-Wide Cat Scratcher Toy Refill with Catnip, 2 count - Chewy.com","FRISCO Double-Wide Cat Scratcher Toy Refill with Catnip, 2 count - Chewy.com",76,"Buy Frisco Double-Wide Cat Scratcher Toy Refill with Catnip, 2 count at Chewy.com. FREE shipping and the BEST customer service!",127,,"Frisco Double-Wide Cat Scratcher Toy Refill with Catnip, 2 count",1,frisco-double-wide-cat-scratcher-toy,True,False,False,False,True,True,True,True,298,319,2,,,,,,,,,,,,,,1.0
PDP,Meta,Duplicate page title,https://www.chewy.com/greenies-feline-oven-roasted-chicken/dp/241298,True,Make titles unique at the page/template level.,Greenies Feline Oven Roasted Chicken Flavor Adult Dental Cat Treats | Chewy (Free Shipping),Greenies Feline Oven Roasted Chicken Flavor Adult Dental Cat Treats | Chewy (Free Shipping),91,"Buy Greenies Feline Oven Roasted Chicken Flavor Adult Natural Dental Cat Treats, 9.75-oz tub at Chewy.com. FREE shipping and the BEST customer service!",151,greenies cat treats,"Greenies Feline Oven Roasted Chicken Flavor Adult Natural Dental Cat Treats, 9.75-oz tub",1,greenies-feline-oven-roasted-chicken,True,True,False,False,True,True,True,True,38,333,2,good,2432.0,good,0.07,,,6,6,9.4,3,2,0,1,1.0
PDP,Meta,Duplicate page title,https://www.chewy.com/cetirizine-hcl-compounded-powder/dp/756182,True,Make titles unique at the page/template level.,"CETIRIZINE HCL COMPOUNDED Apple Powder, 200 mg/1.25CC scoop, for Veterinary use - Easy Refills | Chewy Rx","CETIRIZINE HCL COMPOUNDED Apple Powder, 200 mg/1.25CC scoop, for Veterinary use - Easy Refills | Chewy Rx",105,"Cetirizine is an antihistamine medication that is used to treat allergy-related and itching conditions in dogs, cats, and horses. Cetirizine HCl compounded powder is a white to off-white powder made specifically for your pet. Only use the scoop included in the jar to dose this medication.",289,,"Cetirizine HCl Compounded Apple Powder, 200 mg/1.25CC scoop, 100 scoops for Veterinary use",1,cetirizine-hcl-compounded-powder,True,True,False,False,True,True,True,True,21,321,2,,,,,,,,,,,,,,1.0
PDP,Meta,Duplicate page title,https://www.chewy.com/cyproheptadine-hcl-compounded-powder/dp/669270,True,Make titles unique at the page/template level.,"CYPROHEPTADINE HCL COMPOUNDED Apple Powder, 150 mg/5CC scoop, for Veterinary use - Easy Refills | Chewy Rx","CYPROHEPTADINE HCL COMPOUNDED Apple Powder, 150 mg/5CC scoop, for Veterinary use - Easy Refills | Chewy Rx",106,Cyproheptadine HCl Compounded appearance may vary as compounded products are made specifically for your horse.,110,,"Cyproheptadine HCl Compounded Apple Powder, 150 mg/5CC scoop, 100 scoops for Veterinary use",1,cyproheptadine-hcl-compounded-powder,True,True,False,False,True,True,True,True,44,321,2,,,,,,,,,,,,,,
PDP,Meta,Duplicate page title,https://www.chewy.com/purina-one-plus-healthy-kitten/dp/119347,True,Make titles unique at the page/template level.,Purina ONE Healthy Kitten Formula Dry Cat Food (Free Shipping) | Chewy,Purina ONE Healthy Kitten Formula Dry Cat Food (Free Shipping) | Chewy,70,"Buy Purina ONE +Plus Healthy Kitten Muscle Vision & Brain Development Natural Dry Cat Food, 16-lb bag at Chewy.com. FREE shipping and the BEST customer service!",160,purina kitten food and treats,"Purina ONE +Plus Healthy Kitten Muscle Vision & Brain Development Natural Dry Cat Food, 16-lb bag",1,purina-one-plus-healthy-kitten,True,True,False,False,True,True,True,True,95,331,2,good,2365.0,good,0.02,,,1,1,,0,0,0,1,2.0
PDP,Meta,Duplicate page title,https://www.chewy.com/royal-canin-feline-health-nutrition/dp/53327,True,Make titles unique at the page/template level.,Royal Canin Feline Health Nutrition Dry Cat Food for Young Kittens | Chewy (Free Shipping),Royal Canin Feline Health Nutrition Dry Cat Food for Young Kittens | Chewy (Free Shipping),90,"Buy Royal Canin Feline Health Nutrition Kitten Dry Cat Food, 7-lb bag at Chewy.com. FREE shipping and the BEST customer service!",128,royal canin kitten food,"Royal Canin Feline Health Nutrition Kitten Dry Cat Food, 7-lb bag",1,royal-canin-feline-health-nutrition,True,True,False,False,True,True,True,True,118,329,2,good,2202.0,good,0.055,,,2,2,11.0,0,1,0,1,6.0
PDP,Meta,Duplicate page title,https://www.chewy.com/royal-canin-feline-health-nutrition/dp/33913,True,Make titles unique at the page/template level.,Royal Canin Mother & Babycat Ultra-Soft Mousse in Sauce Wet Cat Food for New Kittens and Nursing or Pregnant Mother Cats | Chewy,Royal Canin Mother & Babycat Ultra-Soft Mousse in Sauce Wet Cat Food for New Kittens and Nursing or Pregnant Mother Cats | Chewy,128,"Buy Royal Canin Feline Health Nutrition Mother & Babycat Ultra Soft Mousse in Sauce Wet Cat Food, 3-oz can, case of 24 at Chewy.com. FREE shipping and the BEST customer service!",177,,"Royal Canin Feline Health Nutrition Mother & Babycat Ultra Soft Mousse in Sauce Wet Cat Food, 3-oz can, case of 24",1,royal-canin-feline-health-nutrition,True,True,False,False,True,True,True,True,95,331,2,good,2202.0,good,0.01,,,,,,,,,,1.0
PDP,Meta,Duplicate page title,https://www.chewy.com/pedigree-choice-cuts-in-gravy-beef/dp/387588,True,Make titles unique at the page/template level.,Pedigree Choice Cuts in Gravy With Beef Canned Dog Food | Chewy (Free Shipping),Pedigree Choice Cuts in Gravy With Beef Canned Dog Food | Chewy (Free Shipping),79,"Buy Pedigree Choice Cuts In Gravy with Beef Canned Soft Wet Dog Food, 13.2-oz, case of 12 at Chewy.com. FREE shipping and the BEST customer service!",148,,"Pedigree Choice Cuts In Gravy with Beef Canned Soft Wet Dog Food, 13.2-oz, case of 12",1,pedigree-choice-cuts-in-gravy-beef,True,True,False,False,True,True,True,True,88,336,2,,,,,,,,,,,,,,2.0
PDP,Meta,Duplicate page title,https://www.chewy.com/rachael-ray-nutrish-natural-variety/dp/128026,True,Make titles unique at the page/template level.,Rachael Ray Nutrish Natural Variety Pack Wet Dog Food (Free Shipping) | Chewy,Rachael Ray Nutrish Natural Variety Pack Wet Dog Food (Free Shipping) | Chewy,77,"Buy Rachael Ray Nutrish Savory Favorites Variety Pack Wet Dog Food, 8-oz tub, case of 6 at Chewy.com. FREE shipping and the BEST customer service!",146,rachael ray nutrish wet dog food,"Rachael Ray Nutrish Savory Favorites Variety Pack Wet Dog Food, 8-oz tub, case of 6",1,rachael-ray-nutrish-natural-variety,True,True,False,False,True,True,True,True,63,337,2,,,,,,,1,1,,0,0,0,1,1.0
PDP,Meta,Duplicate page title,https://www.chewy.com/blue-buffalo-life-protection-formula/dp/32019,True,Make titles unique at the page/template level.,Blue Buffalo Life Protection Formula Healthy Weight Adult Chicken & Brown Rice Recipe Dry Dog Food | Chewy,Blue Buffalo Life Protection Formula Healthy Weight Adult Chicken & Brown Rice Recipe Dry Dog Food | Chewy,106,"Buy Blue Buffalo Life Protection Formula Healthy Weight Adult Chicken & Brown Rice Recipe Dry Dog Food, 30-lb bag at Chewy.com. FREE shipping and the BEST customer service!",172,blue buffalo life protection,"Blue Buffalo Life Protection Formula Healthy Weight Adult Chicken & Brown Rice Recipe Dry Dog Food, 30-lb bag",1,blue-buffalo-life-protection-formula,True,True,False,False,True,True,True,True,138,330,2,,,,,,,1,1,5.0,1,0,0,0,3.0
PDP,Meta,Duplicate page title,https://www.chewy.com/blue-buffalo-life-protection-formula/dp/32054,True,Make titles unique at the page/template level.,Blue Buffalo Life Protection Formula Small Breed Adult Chicken & Brown Rice Recipe Dry Dog Food | Chewy,Blue Buffalo Life Protection Formula Small Breed Adult Chicken & Brown Rice Recipe Dry Dog Food | Chewy,103,"Buy Blue Buffalo Life Protection Formula Small Breed Adult Chicken & Brown Rice Recipe Dry Dog Food, 15-lb bag at Chewy.com. FREE shipping and the BEST customer service!",169,chewy dog food blue buffalo,"Blue Buffalo Life Protection Formula Small Breed Adult Chicken & Brown Rice Recipe Dry Dog Food, 15-lb bag",1,blue-buffalo-life-protection-formula,True,True,False,False,True,True,True,True,139,327,2,good,2315.0,good,0.0,,,2,2,6.5,2,0,0,0,4.0
PDP,Meta,Duplicate page title,https://www.chewy.com/kh-pet-products-ez-mount-cat-window/dp/128081,True,Make titles unique at the page/template level.,"K&H PET PRODUCTS EZ Mount Cat Window Perch Kitty Sill, Gray - Chewy.com","K&H PET PRODUCTS EZ Mount Cat Window Perch Kitty Sill, Gray - Chewy.com",71,"Buy K&H Pet Products EZ Mount Cat Window Perch Kitty Sill, Gray at Chewy.com. FREE shipping and the BEST customer service!",122,,"K&H Pet Products EZ Mount Cat Window Perch Kitty Sill, Gray",1,kh-pet-products-ez-mount-cat-window,True,True,False,False,True,True,True,True,90,327,2,,,,,,,,,,,,,,1.0
PDP,Meta,Duplicate page title,https://www.chewy.com/kh-pet-products-ez-mount-window/dp/148504,True,Make titles unique at the page/template level.,"K&H PET PRODUCTS EZ Mount Window Kitty Sill Cradle Scratcher, Tan - Chewy.com","K&H PET PRODUCTS EZ Mount Window Kitty Sill Cradle Scratcher, Tan - Chewy.com",77,"Buy K&H Pet Products EZ Mount Window Kitty Sill Cradle Scratcher, Tan at Chewy.com. FREE shipping and the BEST customer service!",128,,"K&H Pet Products EZ Mount Window Kitty Sill Cradle Scratcher, Tan",1,kh-pet-products-ez-mount-window,True,True,False,False,True,True,True,True,53,320,2,,,,,,,,,,,,,,1.0
PDP,Meta,Duplicate page title,https://www.chewy.com/kh-pet-products-ez-mount-cat-window/dp/225750,True,Make titles unique at the page/template level.,"K&H PET PRODUCTS EZ Mount Cat Window Perch Kitty Sill, Gray - Chewy.com","K&H PET PRODUCTS EZ Mount Cat Window Perch Kitty Sill, Gray - Chewy.com",71,"Buy K&H Pet Products EZ Mount Cat Window Perch Kitty Sill, Gray at Chewy.com. FREE shipping and the BEST customer service!",122,,"K&H Pet Products EZ Mount Cat Window Perch Kitty Sill, Gray",1,kh-pet-products-ez-mount-cat-window,True,False,False,False,True,True,True,True,30,316,2,,,,,,,,,,,,,,1.0
PDP,Meta,Duplicate page title,https://www.chewy.com/cs-peanut-delight-no-melt-suet-dough/dp/266016,True,Make titles unique at the page/template level.,C&S Peanut Delight No Melt Suet Dough Wild Bird Food (Free Shipping) | Chewy,C&S Peanut Delight No Melt Suet Dough Wild Bird Food (Free Shipping) | Chewy,76,"Buy C&S Peanut Delight No Melt Suet Dough Wild Bird Food, 11-oz tray, case of 8 at Chewy.com. FREE shipping and the BEST customer service!",138,,"C&S Peanut Delight No Melt Suet Dough Wild Bird Food, 11-oz tray, case of 8",1,cs-peanut-delight-no-melt-suet-dough,True,True,False,False,True,True,True,True,270,329,2,,,,,,,,,,,,,,1.0
PDP,Meta,Duplicate page title,https://www.chewy.com/cs-hot-pepper-delight-no-melt-suet/dp/1026382,True,Make titles unique at the page/template level.,C&S Hot Pepper Delight No Melt Suet Dough Wild Bird Food | Chewy (Free Shipping),C&S Hot Pepper Delight No Melt Suet Dough Wild Bird Food | Chewy (Free Shipping),80,"Buy C&S Hot Pepper Delight No Melt Suet Dough Wild Bird Food, 11.75-oz tray, 12 count at Chewy.com. FREE shipping and the BEST customer service!",144,,"C&S Hot Pepper Delight No Melt Suet Dough Wild Bird Food, 11.75-oz tray, 12 count",1,cs-hot-pepper-delight-no-melt-suet,True,False,False,False,True,True,True,True,17,320,2,,,,,,,,,,,,,,1.0
PDP,Meta,Duplicate page title,https://www.chewy.com/godog-checkers-chew-guard-rooster/dp/130021,True,Make titles unique at the page/template level.,"GODOG Checkers Chew Guard Rooster Squeaky Plush Dog Toy, Large - Chewy.com","GODOG Checkers Chew Guard Rooster Squeaky Plush Dog Toy, Large - Chewy.com",74,"Buy GoDog Checkers Chew Guard Rooster Squeaky Plush Dog Toy, Large at Chewy.com. FREE shipping and the BEST customer service!",125,,"GoDog Checkers Chew Guard Rooster Squeaky Plush Dog Toy, Large",1,godog-checkers-chew-guard-rooster,True,True,False,False,True,True,True,True,175,328,2,,,,,,,,,,,,,,1.0
PDP,Meta,Duplicate page title,https://www.chewy.com/nordic-naturals-omega-3-pet-softgels/dp/35749,True,Make titles unique at the page/template level.,Nordic Naturals Omega-3 Pet Soft Gels Dog Supplement (Free Shipping) | Chewy,Nordic Naturals Omega-3 Pet Soft Gels Dog Supplement (Free Shipping) | Chewy,76,"Buy Nordic Naturals Omega-3 Pet Softgels Supplement for Dogs, 180 count at Chewy.com. FREE shipping and the BEST customer service!",130,chewy fish oil for dogs,"Nordic Naturals Omega-3 Pet Softgels Supplement for Dogs, 180 count",1,nordic-naturals-omega-3-pet-softgels,True,True,False,False,True,True,True,True,94,330,2,good,2158.0,good,0.065,,,1,1,3.0,1,0,0,0,9.0
PDP,Meta,Duplicate page title,https://www.chewy.com/proden-plaqueoff-powder-dog-cat/dp/132175,True,Make titles unique at the page/template level.,"PRODEN PlaqueOff Powder Dog & Cat Supplement, 60g bottle - Chewy.com","PRODEN PlaqueOff Powder Dog & Cat Supplement, 60g bottle - Chewy.com",68,"Buy ProDen PlaqueOff Powder Dog & Cat Supplement, 60g bottle at Chewy.com. FREE shipping and the BEST customer service!",119,,"ProDen PlaqueOff Powder Dog & Cat Supplement, 60g bottle",1,proden-plaqueoff-powder-dog-cat,True,True,False,False,True,True,True,True,214,332,2,good,2190.0,good,0.08,,,,,,,,,,16.0
PDP,Meta,Duplicate page title,https://www.chewy.com/taste-wild-pacific-stream-smoke/dp/181318,True,Make titles unique at the page/template level.,Taste of the Wild Pacific Stream Grain-Free Dry Dog Food | Chewy (Free Shipping),Taste of the Wild Pacific Stream Grain-Free Dry Dog Food | Chewy (Free Shipping),80,"Buy Taste of the Wild Pacific Stream Smoke-Flavored Salmon Grain-Free Dry Dog Food, 28-lb bag at Chewy.com. FREE shipping and the BEST customer service!",152,,"Taste of the Wild Pacific Stream Smoke-Flavored Salmon Grain-Free Dry Dog Food, 28-lb bag",1,taste-wild-pacific-stream-smoke,True,True,False,False,True,True,True,True,147,331,2,,,,,,,,,,,,,,1.0
PDP,Meta,Duplicate page title,https://www.chewy.com/bute-phenylbutazone-generic/dp/204749,True,Make titles unique at the page/template level.,"BUTE Phenylbutazone (Generic) Injectable Solution 20% for Horses, 100-mL - Easy Refills | Chewy Rx","BUTE Phenylbutazone (Generic) Injectable Solution 20% for Horses, 100-mL - Easy Refills | Chewy Rx",98,"Help soothe your equine's swelling and discomfort with Bute Injectable for Horses. This solution is made with a specially targeted ingredientphenylbutazonewhich helps to relieve swelling by blocking specific enzymes. It may be prescribed by your veterinarian to treat a variety of temporary inflammatory conditions, such as a pulled tendon, acute laminitis or joint problems.",375,,"Bute Phenylbutazone (Generic) Injectable Solution 20% for Horses, 100-mL",1,bute-phenylbutazone-generic,True,True,False,False,True,True,True,True,42,318,2,,,,,,,,,,,,,,1.0
PDP,Meta,Duplicate page title,https://www.chewy.com/pentoxifylline-er-generic-tablets-400/dp/1069358,True,Make titles unique at the page/template level.,"PENTOXIFYLLINE ER (Generic) Tablets, 400-mg - Easy Refills | Chewy Rx","PENTOXIFYLLINE ER (Generic) Tablets, 400-mg - Easy Refills | Chewy Rx",69,"Pentoxifylline is a vasodilator, sometimes prescribed by veterinarians for dogs and cats to promote healing of certain skin conditions by helping increase blood flow to affected areas, and to help treat vascular diseases in cats, dogs and horses. This uncoated tablet can be used to provide relief from laminitis and other equine conditions.**We directly source prescription medications from manufacturers and wholesale distributors registered with the FDA and licensed by applicable state boards.",497,,"Pentoxifylline ER (Generic) Tablets, 400-mg, 120 tablets",1,pentoxifylline-er-generic-tablets,True,False,False,False,True,True,True,True,88,321,2,,,,,,,,,,,,,,
PDP,Meta,Duplicate page title,https://www.chewy.com/pentoxifylline-compounded-powder/dp/670622,True,Make titles unique at the page/template level.,"PENTOXIFYLLINE COMPOUNDED Apple Powder, 4 GM/15CC scoop, for Veterinary use - Easy Refills | Chewy Rx","PENTOXIFYLLINE COMPOUNDED Apple Powder, 4 GM/15CC scoop, for Veterinary use - Easy Refills | Chewy Rx",101,Pentoxifylline Compounded appearance may vary as compounded products are made specifically for your horse.,106,,"Pentoxifylline Compounded Apple Powder, 4 GM/15CC scoop, 60 scoops for Veterinary use",1,pentoxifylline-compounded-powder,True,True,False,False,True,True,True,True,40,316,2,,,,,,,,,,,,,,1.0
PDP,Meta,Duplicate page title,https://www.chewy.com/osphos-clodronate-injectable-horses/dp/184178,True,Make titles unique at the page/template level.,"Out of Stock - OSPHOS (clodronate) Injectable for Horses 60mg/mL, 15-mL - Easy Refills | Chewy Rx","Out of Stock - OSPHOS (clodronate) Injectable for Horses 60mg/mL, 15-mL - Easy Refills | Chewy Rx",97,"Help your horse feel better by treating his hoof pain and discomfort with Osphosan FDA-approved injectable prescribed to help control the symptoms of Navicular Syndrome. This painful condition affects the way hoof bones absorb minerals, such as calcium. It can then weaken the foot and cause horses to walk or stand abnormallythe same way humans limp when we injure a foot or ankle.",382,,"Osphos (clodronate) Injectable for Horses 60mg/mL, 15-mL",1,osphos-clodronate-injectable-horses,True,True,False,False,True,True,True,True,20,306,2,,,,,,,,,,,,,,3.0
PDP,Meta,Duplicate page title,https://www.chewy.com/zesty-paws-hip-joint-mobility-bites/dp/1216446,True,Make titles unique at the page/template level.,"Zesty Paws Mobility Bites Hip & Joint Support Duck Flavor Chews with Glucosamine, Chondroitin & MSM for Dogs | Chewy","Zesty Paws Mobility Bites Hip & Joint Support Duck Flavor Chews with Glucosamine, Chondroitin & MSM for Dogs | Chewy",116,"Buy Zesty Paws Hip & Joint Mobility Bites Duck Flavored Soft Chews Glucosamine Supplement for Dogs, 10 count at Chewy.com. FREE shipping and the BEST customer service!",167,,"Zesty Paws Hip & Joint Mobility Bites Duck Flavored Soft Chews Glucosamine Supplement for Dogs, 10 count",1,zesty-paws-hip-joint-mobility-bites,True,True,False,False,True,True,True,True,17,330,2,,,,,,,,,,,,,,1.0
PDP,Meta,Duplicate page title,https://www.chewy.com/zoo-med-forest-floor-natural-cypress/dp/123781,True,Make titles unique at the page/template level.,Zoo Med Forest Floor Natural Cypress Mulch Reptile Bedding | Chewy (Free Shipping),Zoo Med Forest Floor Natural Cypress Mulch Reptile Bedding | Chewy (Free Shipping),82,"Buy Zoo Med Forest Floor Natural Cypress Mulch Reptile Bedding, 24-qt bag at Chewy.com. FREE shipping and the BEST customer service!",132,cypress reptile bedding,"Zoo Med Forest Floor Natural Cypress Mulch Reptile Bedding, 24-qt bag",1,zoo-med-forest-floor-natural-cypress,True,True,False,False,True,True,True,True,184,329,2,,,,,,,1,1,17.0,0,1,0,0,2.0
PDP,Meta,Duplicate page title,https://www.chewy.com/trifexis-chewable-tablet-dogs-601-120/dp/173016,True,Make titles unique at the page/template level.,"TRIFEXIS Chewable Tablet for Dogs, 60.1-120 lbs, (Brown Box) - Easy Refills | Chewy Rx","TRIFEXIS Chewable Tablet for Dogs, 60.1-120 lbs, (Brown Box) - Easy Refills | Chewy Rx",86,"**Your furry friend must have a current heartworm test result on file with your veterinarian in order to be prescribed heartworm medication. Please visit your veterinarian to have this test performed annually to protect your four-legged friend.** Trifexis (spinosad + milbemycin oxime) is the monthly, beef-flavored tablet prescribed to kill fleas and prevent flea infestations, prevent heartworm disease, and treat and control adult hookworm, roundworm and whipworm infections in dogs.",486,trifexis dog medicine,"Trifexis Chewable Tablet for Dogs, 60.1-120 lbs, (Brown Box), 6 Chewable Tablets (6-mos. supply)",1,trifexis-chewable-tablet-dogs-601,True,True,False,False,True,True,True,True,54,324,2,good,2112.0,good,0.05,,,4,4,11.25,2,2,0,0,5.0
PDP,Meta,Duplicate page title,https://www.chewy.com/interceptor-plus-chew-dogs-2-8-lbs/dp/172979,True,Make titles unique at the page/template level.,"INTERCEPTOR PLUS Chew for Dogs, 2-8 lbs, (Orange Box) - Easy Refills | Chewy Rx","INTERCEPTOR PLUS Chew for Dogs, 2-8 lbs, (Orange Box) - Easy Refills | Chewy Rx",79,"Interceptor Plus for dogs 2.0 - 8.0 lbs offers 5-in-1 protection from major worms in a tasty, monthly chew.",107,,"Interceptor Plus Chew for Dogs, 2-8 lbs, (Orange Box), 6 Chews (6-mos. supply)",1,interceptor-plus-chew-dogs-2-8-lbs,True,True,False,False,True,True,True,True,53,327,2,,,,,,,,,,,,,,3.0
PDP,Meta,Duplicate page title,https://www.chewy.com/frisco-52-in-faux-fur-cat-tree-condo/dp/119898,True,Make titles unique at the page/template level.,Frisco 52-in Faux Fur Cat Tree & Condo (Free Shipping) | Chewy,Frisco 52-in Faux Fur Cat Tree & Condo (Free Shipping) | Chewy,62,"Buy Frisco 52-in Faux Fur Cat Tree & Condo, Cream at Chewy.com. FREE shipping and the BEST customer service!",108,,"Frisco 52-in Faux Fur Cat Tree & Condo, Cream",1,frisco-52-in-faux-fur-cat-tree-condo,True,True,False,False,True,True,True,True,94,323,2,,,,,,,,,,,,,,1.0
PDP,Meta,Duplicate page title,https://www.chewy.com/safari-professional-nail-trimmer-dogs/dp/46208,True,Make titles unique at the page/template level.,Safari Professional Nail Trimmer for Dogs (Free Shipping) | Chewy,Safari Professional Nail Trimmer for Dogs (Free Shipping) | Chewy,65,"Buy Safari Professional Nail Trimmer for Dogs, Small/Medium at Chewy.com. FREE shipping and the BEST customer service!",118,,"Safari Professional Nail Trimmer for Dogs, Small/Medium",1,safari-professional-nail-trimmer-dogs,True,True,False,False,True,True,True,True,131,330,2,,,,,,,,,,,,,,1.0
PDP,Meta,Duplicate page title,https://www.chewy.com/millers-forge-nail-clipper-safety/dp/136878,True,Make titles unique at the page/template level.,Millers Forge Nail Clipper | Chewy (Free Shipping),Millers Forge Nail Clipper | Chewy (Free Shipping),50,Buy Millers Forge Nail Clipper with Safety Stop at Chewy.com. FREE shipping and the BEST customer service!,106,,Millers Forge Nail Clipper with Safety Stop,1,millers-forge-nail-clipper-safety,True,True,False,False,True,True,True,True,67,328,2,good,2262.0,good,0.025,,,,,,,,,,5.0
PDP,Meta,Duplicate page title,https://www.chewy.com/pedigree-puppy-growth-protection/dp/394575,True,Make titles unique at the page/template level.,Pedigree Puppy Growth & Protection Chicken & Vegetable Flavor Dry Dog Food | Chewy,Pedigree Puppy Growth & Protection Chicken & Vegetable Flavor Dry Dog Food | Chewy,82,"Buy Pedigree Puppy Growth & Protection Chicken & Vegetable Flavor Dry Dog Food, 30-lb bag at Chewy.com. FREE shipping and the BEST customer service!",148,,"Pedigree Puppy Growth & Protection Chicken & Vegetable Flavor Dry Dog Food, 30-lb bag",1,pedigree-puppy-growth-protection,True,True,False,False,True,True,True,True,149,332,2,,,,,,,,,,,,,,1.0
PDP,Meta,Duplicate page title,https://www.chewy.com/puppy-chow-tender-crunchy-real-beef/dp/767774,True,Make titles unique at the page/template level.,Puppy Chow Tender & Crunchy with Real Beef Dry Dog Food | Chewy (Free Shipping),Puppy Chow Tender & Crunchy with Real Beef Dry Dog Food | Chewy (Free Shipping),79,"Buy Puppy Chow Tender & Crunchy with Real Beef Dry Dog Food, 30-lb bag at Chewy.com. FREE shipping and the BEST customer service!",129,,"Puppy Chow Tender & Crunchy with Real Beef Dry Dog Food, 30-lb bag",1,puppy-chow-tender-crunchy-real-beef,True,True,False,False,True,True,True,True,106,331,2,,,,,,,,,,,,,,1.0
PDP,Meta,Duplicate page title,https://www.chewy.com/purina-pro-plan-puppy-sensitive-skin/dp/249508,True,Make titles unique at the page/template level.,Purina Pro Plan Sensitive Skin & Stomach Salmon & Rice Formula Puppy Dry Dog Food | Chewy,Purina Pro Plan Sensitive Skin & Stomach Salmon & Rice Formula Puppy Dry Dog Food | Chewy,89,"Buy Purina Pro Plan Puppy Sensitive Skin & Stomach Salmon & Rice Dry Dog Food, 24-lb bag at Chewy.com. FREE shipping and the BEST customer service!",147,,"Purina Pro Plan Puppy Sensitive Skin & Stomach Salmon & Rice Dry Dog Food, 24-lb bag",1,purina-pro-plan-puppy-sensitive-skin,True,True,False,False,True,True,True,True,127,327,2,good,2097.0,good,0.075,,,,,,,,,,13.0
PDP,Meta,Duplicate page title,https://www.chewy.com/diamond-naturals-small-medium-breed/dp/34909,True,Make titles unique at the page/template level.,Diamond Naturals Small Breed Puppy Formula Dry Dog Food | Chewy (Free Shipping),Diamond Naturals Small Breed Puppy Formula Dry Dog Food | Chewy (Free Shipping),79,"Buy Diamond Naturals Small & Medium Breed Puppy High Protein Chicken & Rice Formula Dry Dog Food, 40-lb bag at Chewy.com. FREE shipping and the BEST customer service!",166,,"Diamond Naturals Small & Medium Breed Puppy High Protein Chicken & Rice Formula Dry Dog Food, 40-lb bag",1,diamond-naturals-small-medium-breed,True,True,False,False,True,True,True,True,112,335,2,good,2090.0,good,0.035,,,,,,,,,,4.0
PDP,Meta,Duplicate page title,https://www.chewy.com/zycosan-pentosan-polysulfate-sodium/dp/1034086,True,Make titles unique at the page/template level.,"ZYCOSAN Injection for Horses, 250-mg/mL, 7.5 mL - Easy Refills | Chewy Rx","ZYCOSAN Injection for Horses, 250-mg/mL, 7.5 mL - Easy Refills | Chewy Rx",73,Zycosan (pentosan polysulfate sodium injection) is the first and only FDA-approved pentosan product for horses and is indicated for the control of clinical signs associated with osteoarthritis in horses. Osteoarthritis can occur in joints throughout the body. The indication for Zycosan does not limit the effectiveness to specific joints.,339,,"Zycosan Injection for Horses, 250-mg/mL, 7.5 mL, 4 vials",1,zycosan-pentosan-polysulfate-sodium,True,False,False,False,True,True,True,True,14,318,2,,,,,,,,,,,,,,1.0
PDP,Meta,Duplicate page title,https://www.chewy.com/isoxsuprine-hcl-compounded-powder/dp/866294,True,Make titles unique at the page/template level.,"ISOXSUPRINE HCL COMPOUNDED Apple Powder, 400 mg/5CC scoop, for Veterinary use - Easy Refills | Chewy Rx","ISOXSUPRINE HCL COMPOUNDED Apple Powder, 400 mg/5CC scoop, for Veterinary use - Easy Refills | Chewy Rx",103,Isoxsuprine HCl is a vasodilator prescribed by your veterinary to treat lameness. Isoxsuprine HCl compounded powder is a white to off-white colored powder that is made specifically for your pet.,194,,"Isoxsuprine HCl Compounded Apple Powder, 400 mg/5CC scoop, 180 scoops for Veterinary use",1,isoxsuprine-hcl-compounded-powder,True,True,False,False,True,True,True,True,44,328,2,,,,,,,,,,,,,,1.0
PDP,Meta,Duplicate page title,https://www.chewy.com/buckeye-nutrition-gro-n-win-pelleted/dp/335946,True,Make titles unique at the page/template level.,Buckeye Nutrition Gro 'N Win Pelleted Horse Feed (Free Shipping) | Chewy,Buckeye Nutrition Gro 'N Win Pelleted Horse Feed (Free Shipping) | Chewy,72,"Buy Buckeye Nutrition Gro 'N Win Pelleted Ration Balancer for Horses, 50-lb bag at Chewy.com. FREE shipping and the BEST customer service!",138,,"Buckeye Nutrition Gro 'N Win Pelleted Ration Balancer for Horses, 50-lb bag",1,buckeye-nutrition-gro-n-win-pelleted,True,True,False,False,True,True,True,True,86,329,2,,,,,,,,,,,,,,1.0
PDP,Meta,Duplicate page title,https://www.chewy.com/credelio-chewable-tablet-dogs-251-50/dp/292786,True,Make titles unique at the page/template level.,"CREDELIO Chewable Tablet for Dogs, 25.1-50 lbs, (Green Box) - Easy Refills | Chewy Rx","CREDELIO Chewable Tablet for Dogs, 25.1-50 lbs, (Green Box) - Easy Refills | Chewy Rx",85,"Dog owners choose Credelio tick and flea treatment for its fast-acting protection compared to other tick and flea treatments. In fact, Credelio kills ticks** faster than Simparica Trio and Nexgard. This Credelio can be given to dogs or puppies weighing between 25.",264,,"Credelio Chewable Tablet for Dogs, 25.1-50 lbs, (Green Box), 3 Chewable Tablets (3-mos. supply)",1,credelio-chewable-tablet-dogs-251,True,True,False,False,True,True,True,True,32,327,2,,,,,,,,,,,,,,1.0
PDP,Meta,Duplicate page title,https://www.chewy.com/amlodipine-besylate-generic-tablets/dp/321546,True,Make titles unique at the page/template level.,"AMLODIPINE Besylate (Generic) Tablets, 2.5-mg - Easy Refills | Chewy Rx","AMLODIPINE Besylate (Generic) Tablets, 2.5-mg - Easy Refills | Chewy Rx",71,"Amlodipine Besylate is a prescription medication uncoated tablet used to help control high blood pressure in those with chronic kidney disease to improve their quality of life. It helps by blocking calcium channels that control arterial muscle contraction. This causes relaxation of the arterial walls, which results in dilation of the arteries and helps to decrease high blood pressure.",387,,"Amlodipine Besylate (Generic) Tablets, 2.5-mg, 30 tablets",1,amlodipine-besylate-generic-tablets,True,False,False,False,True,True,True,True,51,324,2,,,,,,,,,,,,,,4.0
PDP,Meta,Duplicate page title,https://www.chewy.com/milk-bone-soft-chewy-chicken-recipe/dp/127424,True,Make titles unique at the page/template level.,Milk-Bone Soft & Chewy Chicken Recipe Dog Treats (Free Shipping) | Chewy,Milk-Bone Soft & Chewy Chicken Recipe Dog Treats (Free Shipping) | Chewy,72,"Buy Milk-Bone Soft & Chewy Real Chicken Dog Treats, 25-oz tub at Chewy.com. FREE shipping and the BEST customer service!",120,chicken flavored dog bones,"Milk-Bone Soft & Chewy Real Chicken Dog Treats, 25-oz tub",1,milk-bone-soft-chewy-chicken-recipe,True,True,False,False,True,True,True,True,37,331,2,,,,,,,3,3,7.5,2,0,0,1,1.0
PDP,Meta,Duplicate page title,https://www.chewy.com/rachael-ray-nutrish-savory-roasters/dp/135889,True,Make titles unique at the page/template level.,Rachael Ray Nutrish Savory Roasters Roasted Chicken Grain-Free Recipe Dog Treats | Chewy,Rachael Ray Nutrish Savory Roasters Roasted Chicken Grain-Free Recipe Dog Treats | Chewy,88,"Buy Rachael Ray Nutrish Savory Roasters Chicken Recipe Premium Dog Treats, 12-oz bag at Chewy.com. FREE shipping and the BEST customer service!",143,,"Rachael Ray Nutrish Savory Roasters Chicken Recipe Premium Dog Treats, 12-oz bag",1,rachael-ray-nutrish-savory-roasters,True,True,False,False,True,True,True,True,119,332,2,good,2419.0,good,0.07,,,,,,,,,,5.0
PDP,Meta,Duplicate page title,https://www.chewy.com/zesty-paws-hemp-calming-bites-peanut/dp/171018,True,Make titles unique at the page/template level.,Zesty Paws Stress & Anxiety Calming Bites with Suntheanine & Hemp Peanut Butter Flavor Soft Chews Dog Supplement | Chewy,Zesty Paws Stress & Anxiety Calming Bites with Suntheanine & Hemp Peanut Butter Flavor Soft Chews Dog Supplement | Chewy,120,"Buy Zesty Paws Calming Bites Peanut Butter Flavored Soft Chews Composure & Relaxation Supplement for Dogs, 90 count at Chewy.com. FREE shipping and the BEST customer service!",174,zesty paws calming treats dogs,"Zesty Paws Calming Bites Peanut Butter Flavored Soft Chews Composure & Relaxation Supplement for Dogs, 90 count",1,zesty-paws-hemp-calming-bites-peanut,True,True,False,False,True,True,True,True,46,336,2,needs,2881.0,good,0.0,,,3,3,22.0,0,2,1,0,1.0
PDP,Meta,Duplicate page title,https://www.chewy.com/pethonesty-calming-hemp-chicken/dp/190523,True,Make titles unique at the page/template level.,PetHonesty Hemp Calming Anxiety & Hyperactivity Soft Chews Dog Supplement | Chewy,PetHonesty Hemp Calming Anxiety & Hyperactivity Soft Chews Dog Supplement | Chewy,81,"Buy Pet Honesty Calming Hemp Chicken Flavored Calming & Anxiety Chews Supplement for Dogs, 90 count at Chewy.com. FREE shipping and the BEST customer service!",158,,"Pet Honesty Calming Hemp Chicken Flavored Calming & Anxiety Chews Supplement for Dogs, 90 count",1,pethonesty-calming-hemp-chicken,True,True,False,False,True,True,True,True,42,332,2,,,,,,,,,,,,,,2.0
PDP,Meta,Duplicate page title,https://www.chewy.com/nutramax-solliquin-soft-chew-calming/dp/951758,True,Make titles unique at the page/template level.,Nutramax Solliquin Calming Small-Medium Dogs & Large Cat Soft Chews | Chewy (Free Shipping),Nutramax Solliquin Calming Small-Medium Dogs & Large Cat Soft Chews | Chewy (Free Shipping),91,"Buy Nutramax Solliquin Soft Chew Calming Behavioral Health Supplement for Large Dogs, 75 count at Chewy.com. FREE shipping and the BEST customer service!",153,,"Nutramax Solliquin Soft Chew Calming Behavioral Health Supplement for Large Dogs, 75 count",1,nutramax-solliquin-soft-chew-calming,True,True,False,False,True,True,True,True,110,323,2,good,2313.0,good,0.045,,,,,,,,,,10.0
PDP,Meta,Duplicate page title,https://www.chewy.com/vetoquinol-viralys-gel-immune/dp/102542,True,Make titles unique at the page/template level.,Vetoquinol Viralys (L-Lysine) Oral Gel for Cats (Free Shipping) | Chewy,Vetoquinol Viralys (L-Lysine) Oral Gel for Cats (Free Shipping) | Chewy,71,"Buy Vetoquinol Viralys Gel Immune Supplement for Cats, 5-fl oz at Chewy.com. FREE shipping and the BEST customer service!",121,,"Vetoquinol Viralys Gel Immune Supplement for Cats, 5-fl oz",1,vetoquinol-viralys-gel-immune,True,True,False,False,True,True,True,True,345,328,2,good,2219.0,good,0.05,,,,,,,,,,7.0
PDP,Meta,Duplicate page title,https://www.chewy.com/armarkat-cave-shape-covered-cat-dog/dp/55004,True,Make titles unique at the page/template level.,"ARMARKAT Cave Shape Covered Cat & Dog Bed, Orange/Ivory - Chewy.com","ARMARKAT Cave Shape Covered Cat & Dog Bed, Orange/Ivory - Chewy.com",67,"Buy Armarkat Cave Shape Covered Cat & Dog Bed, Orange/Ivory at Chewy.com. FREE shipping and the BEST customer service!",118,,"Armarkat Cave Shape Covered Cat & Dog Bed, Orange/Ivory",1,armarkat-cave-shape-covered-cat-dog,True,True,False,False,True,True,True,True,58,317,3,,,,,,,,,,,,,,
PDP,Meta,Duplicate page title,https://www.chewy.com/purina-pro-plan-adult-weight/dp/52405,True,Make titles unique at the page/template level.,Purina Pro Plan Focus Adult Weight Management Formula Dry Dog Food | Chewy (Free Shipping),Purina Pro Plan Focus Adult Weight Management Formula Dry Dog Food | Chewy (Free Shipping),90,"Buy Purina Pro Plan Adult Weight Management Formula Dry Dog Food, 34-lb bag at Chewy.com. FREE shipping and the BEST customer service!",134,,"Purina Pro Plan Adult Weight Management Formula Dry Dog Food, 34-lb bag",1,purina-pro-plan-adult-weight,True,True,False,False,True,True,True,True,106,332,3,,,,,,,,,,,,,,1.0
PDP,Meta,Duplicate page title,https://www.chewy.com/frisco-52-in-faux-fur-cat-tree-condo/dp/190449,True,Make titles unique at the page/template level.,Frisco 52-in Faux Fur Cat Tree & Condo (Free Shipping) | Chewy,Frisco 52-in Faux Fur Cat Tree & Condo (Free Shipping) | Chewy,62,"Buy Frisco 52-in Faux Fur Cat Tree & Condo, Black at Chewy.com. FREE shipping and the BEST customer service!",108,,"Frisco 52-in Faux Fur Cat Tree & Condo, Black",1,frisco-52-in-faux-fur-cat-tree-condo,True,True,False,False,True,True,True,True,20,323,3,,,,,,,,,,,,,,1.0
PDP,Meta,Duplicate page title,https://www.chewy.com/frisco-52-in-faux-fur-cat-tree-condo/dp/190450,True,Make titles unique at the page/template level.,Frisco 52-in Faux Fur Cat Tree & Condo (Free Shipping) | Chewy,Frisco 52-in Faux Fur Cat Tree & Condo (Free Shipping) | Chewy,62,"Buy Frisco 52-in Faux Fur Cat Tree & Condo, Blue at Chewy.com. FREE shipping and the BEST customer service!",107,,"Frisco 52-in Faux Fur Cat Tree & Condo, Blue",1,frisco-52-in-faux-fur-cat-tree-condo,True,True,False,False,True,True,True,True,14,323,3,,,,,,,,,,,,,,1.0
PDP,Meta,Duplicate page title,https://www.chewy.com/frisco-52-in-faux-fur-cat-tree-condo/dp/129314,True,Make titles unique at the page/template level.,Frisco 52-in Faux Fur Cat Tree & Condo (Free Shipping) | Chewy,Frisco 52-in Faux Fur Cat Tree & Condo (Free Shipping) | Chewy,62,"Buy Frisco 52-in Faux Fur Cat Tree & Condo, Brown at Chewy.com. FREE shipping and the BEST customer service!",108,,"Frisco 52-in Faux Fur Cat Tree & Condo, Brown",1,frisco-52-in-faux-fur-cat-tree-condo,True,True,False,False,True,True,True,True,14,323,3,,,,,,,,,,,,,,1.0
PDP,Meta,Duplicate page title,https://www.chewy.com/frisco-52-in-faux-fur-cat-tree-condo/dp/237998,True,Make titles unique at the page/template level.,Frisco 52-in Faux Fur Cat Tree & Condo (Free Shipping) | Chewy,Frisco 52-in Faux Fur Cat Tree & Condo (Free Shipping) | Chewy,62,"Buy Frisco 52-in Faux Fur Cat Tree & Condo, Cheetah at Chewy.com. FREE shipping and the BEST customer service!",110,,"Frisco 52-in Faux Fur Cat Tree & Condo, Cheetah",1,frisco-52-in-faux-fur-cat-tree-condo,True,True,False,False,True,True,True,True,33,323,3,,,,,,,,,,,,,,11.0
PDP,Meta,Duplicate page title,https://www.chewy.com/frisco-52-in-faux-fur-cat-tree-condo/dp/190451,True,Make titles unique at the page/template level.,Frisco 52-in Faux Fur Cat Tree & Condo (Free Shipping) | Chewy,Frisco 52-in Faux Fur Cat Tree & Condo (Free Shipping) | Chewy,62,"Buy Frisco 52-in Faux Fur Cat Tree & Condo, Gray at Chewy.com. FREE shipping and the BEST customer service!",107,,"Frisco 52-in Faux Fur Cat Tree & Condo, Gray",1,frisco-52-in-faux-fur-cat-tree-condo,True,True,False,False,True,True,True,True,63,323,3,,,,,,,,,,,,,,1.0
PDP,Meta,Duplicate page title,https://www.chewy.com/vetoquinol-viralys-gel-immune/dp/1781286,True,Make titles unique at the page/template level.,Vetoquinol Viralys (L-Lysine) Oral Gel for Cats (Free Shipping) | Chewy,Vetoquinol Viralys (L-Lysine) Oral Gel for Cats (Free Shipping) | Chewy,71,"Buy Vetoquinol Viralys Gel Immune Supplement for Cats, 10-fl oz bundle at Chewy.com. FREE shipping and the BEST customer service!",129,,"Vetoquinol Viralys Gel Immune Supplement for Cats, 10-fl oz bundle",1,vetoquinol-viralys-gel-immune,True,False,False,False,True,True,True,True,7,328,3,,,,,,,,,,,,,,1.0
PDP,Meta,Duplicate page title,https://www.chewy.com/hydroxyzine-hcl-compounded-powder/dp/866246,True,Make titles unique at the page/template level.,"HYDROXYZINE HCL COMPOUNDED Apple Powder, 250 mg/5CC scoop, for Veterinary use - Easy Refills | Chewy Rx","HYDROXYZINE HCL COMPOUNDED Apple Powder, 250 mg/5CC scoop, for Veterinary use - Easy Refills | Chewy Rx",103,Hydroxyzine HCl Compounded appearance may vary as compounded products are made specifically for your horse.,107,,"Hydroxyzine HCl Compounded Apple Powder, 250 mg/5CC scoop, 180 scoops for Veterinary use",1,hydroxyzine-hcl-compounded-powder,True,True,False,False,True,True,True,True,5,322,3,,,,,,,,,,,,,,1.0
PDP,Meta,Duplicate page title,https://www.chewy.com/hydroxyzine-hcl-compounded-powder/dp/305498,True,Make titles unique at the page/template level.,"HYDROXYZINE HCL COMPOUNDED Apple Powder, 500 mg/5CC scoop, for Veterinary use - Easy Refills | Chewy Rx","HYDROXYZINE HCL COMPOUNDED Apple Powder, 500 mg/5CC scoop, for Veterinary use - Easy Refills | Chewy Rx",103,Hydroxyzine HCl Compounded appearance may vary as compounded products are made specifically for your horse.,107,,"Hydroxyzine HCl Compounded Apple Powder, 500 mg/5CC scoop, 30 scoops for Veterinary use",1,hydroxyzine-hcl-compounded-powder,True,True,False,False,True,True,True,True,4,322,3,,,,,,,,,,,,,,1.0
PDP,Meta,Duplicate page title,https://www.chewy.com/hydroxyzine-hcl-compounded-powder/dp/305500,True,Make titles unique at the page/template level.,"HYDROXYZINE HCL COMPOUNDED Apple Powder, 500 mg/5CC scoop, for Veterinary use - Easy Refills | Chewy Rx","HYDROXYZINE HCL COMPOUNDED Apple Powder, 500 mg/5CC scoop, for Veterinary use - Easy Refills | Chewy Rx",103,Hydroxyzine HCl Compounded appearance may vary as compounded products are made specifically for your horse.,107,,"Hydroxyzine HCl Compounded Apple Powder, 500 mg/5CC scoop, 60 scoops for Veterinary use",1,hydroxyzine-hcl-compounded-powder,True,True,False,False,True,True,True,True,5,322,3,,,,,,,,,,,,,,1.0
PDP,Meta,Duplicate page title,https://www.chewy.com/hydroxyzine-hcl-compounded-powder/dp/670014,True,Make titles unique at the page/template level.,"HYDROXYZINE HCL COMPOUNDED Apple Powder, 500 mg/5CC scoop, for Veterinary use - Easy Refills | Chewy Rx","HYDROXYZINE HCL COMPOUNDED Apple Powder, 500 mg/5CC scoop, for Veterinary use - Easy Refills | Chewy Rx",103,Hydroxyzine HCl Compounded appearance may vary as compounded products are made specifically for your horse.,107,,"Hydroxyzine HCl Compounded Apple Powder, 500 mg/5CC scoop, 100 scoops for Veterinary use",1,hydroxyzine-hcl-compounded-powder,True,True,False,False,True,True,True,True,5,322,3,,,,,,,,,,,,,,
PDP,Meta,Duplicate page title,https://www.chewy.com/hydroxyzine-hcl-compounded-powder/dp/866270,True,Make titles unique at the page/template level.,"HYDROXYZINE HCL COMPOUNDED Molasses Powder, 500 mg/5CC scoop, for Veterinary use - Easy Refills | Chewy Rx","HYDROXYZINE HCL COMPOUNDED Molasses Powder, 500 mg/5CC scoop, for Veterinary use - Easy Refills | Chewy Rx",106,Hydroxyzine HCl Compounded appearance may vary as compounded products are made specifically for your horse.,107,,"Hydroxyzine HCl Compounded Molasses Powder, 500 mg/5CC scoop, 180 scoops for Veterinary use",1,hydroxyzine-hcl-compounded-powder,True,True,False,False,True,True,True,True,4,322,3,,,,,,,,,,,,,,
PDP,Meta,Duplicate page title,https://www.chewy.com/firocoxib-generic-chewable-tablets/dp/622422,True,Make titles unique at the page/template level.,"FIROCOXIB (Generic) Chewable Tablets for Horses, 57-mg - Easy Refills | Chewy Rx","FIROCOXIB (Generic) Chewable Tablets for Horses, 57-mg - Easy Refills | Chewy Rx",80,"Firocoxib Chewable Tablets for Horses is the generic of Equioxx, a cyclooxygenase-inhibiting (COXIB) class non-steroidal anti-inflammatory (NSAID) for horses. Firocoxib Chewable Tablets for Horses is used to control the pain and inflammation associated with osteoarthritis (OA) for up to 24 hours. **We directly source prescription medications from manufacturers and wholesale distributors registered with the FDA and licensed by applicable state boards.",454,,"Firocoxib (Generic) Chewable Tablets for Horses, 57-mg, 1 tablet",1,firocoxib-generic-chewable-tablets,True,True,False,False,True,True,True,True,250,322,3,,,,,,,,,,,,,,1.0
PDP,Meta,Duplicate page title,https://www.chewy.com/hills-prescription-diet-metabolic/dp/54730,True,Make titles unique at the page/template level.,Hill's Prescription Diet Metabolic Weight Management Chicken Flavor Dry Cat Food | Chewy,Hill's Prescription Diet Metabolic Weight Management Chicken Flavor Dry Cat Food | Chewy,88,"Buy Hill's Prescription Diet Metabolic Chicken Flavor Dry Cat Food, 8.5-lb bag at Chewy.com. FREE shipping and the BEST customer service!",137,,"Hill's Prescription Diet Metabolic Chicken Flavor Dry Cat Food, 8.5-lb bag",1,hills-prescription-diet-metabolic,True,True,False,False,True,True,True,True,96,332,3,,,,,,,,,,,,,,1.0
PDP,Meta,Duplicate page title,https://www.chewy.com/hills-prescription-diet-wd-multi/dp/54743,True,Make titles unique at the page/template level.,"Hill's Prescription Diet w/d Multi-Benefit Digestive, Weight, Glucose, Urinary Management with Chicken Dry Cat Food | Chewy","Hill's Prescription Diet w/d Multi-Benefit Digestive, Weight, Glucose, Urinary Management with Chicken Dry Cat Food | Chewy",123,"Buy Hill's Prescription Diet w/d Multi-Benefit with Chicken Dry Cat Food, 8.5-lb bag at Chewy.com. FREE shipping and the BEST customer service!",143,,"Hill's Prescription Diet w/d Multi-Benefit with Chicken Dry Cat Food, 8.5-lb bag",1,hills-prescription-diet-wd-multi,True,True,False,False,True,True,True,True,86,332,3,,,,,,,,,,,,,,1.0
PDP,Meta,Duplicate page title,https://www.chewy.com/petmate-two-door-top-load-dog-cat/dp/53617,True,Make titles unique at the page/template level.,Petmate Two Door Top Load Dog & Cat Kennel (Free Shipping) | Chewy,Petmate Two Door Top Load Dog & Cat Kennel (Free Shipping) | Chewy,66,"Buy Petmate Two Door Top Load Dog & Cat Kennel, White, 19 inches, up to 10-lbs at Chewy.com. FREE shipping and the BEST customer service!",137,,"Petmate Two Door Top Load Dog & Cat Kennel, White, 19 inches, up to 10-lbs",1,petmate-two-door-top-load-dog-cat,True,True,False,False,True,True,True,True,14,329,3,,,,,,,,,,,,,,3.0
PDP,Meta,Duplicate page title,https://www.chewy.com/petmate-two-door-top-load-dog-cat/dp/53618,True,Make titles unique at the page/template level.,Petmate Two Door Top Load Dog & Cat Kennel (Free Shipping) | Chewy,Petmate Two Door Top Load Dog & Cat Kennel (Free Shipping) | Chewy,66,"Buy Petmate Two Door Top Load Dog & Cat Kennel, Pink, 19 inches, up to 10-lbs at Chewy.com. FREE shipping and the BEST customer service!",136,,"Petmate Two Door Top Load Dog & Cat Kennel, Pink, 19 inches, up to 10-lbs",1,petmate-two-door-top-load-dog-cat,True,True,False,False,True,True,True,True,13,329,3,,,,,,,,,,,,,,1.0
PDP,Meta,Duplicate page title,https://www.chewy.com/petmate-two-door-top-load-dog-cat/dp/53620,True,Make titles unique at the page/template level.,Petmate Two Door Top Load Dog & Cat Kennel (Free Shipping) | Chewy,Petmate Two Door Top Load Dog & Cat Kennel (Free Shipping) | Chewy,66,"Buy Petmate Two Door Top Load Dog & Cat Kennel, Tan, 24 inches, up to 15-lbs at Chewy.com. FREE shipping and the BEST customer service!",135,petmate cat carriers,"Petmate Two Door Top Load Dog & Cat Kennel, Tan, 24 inches, up to 15-lbs",1,petmate-two-door-top-load-dog-cat,True,True,False,False,True,True,True,True,28,327,3,good,2199.0,good,0.09,,,1,1,,0,0,0,1,6.0
PDP,Meta,Duplicate page title,https://www.chewy.com/petag-kmr-powder-milk-supplement/dp/125389,True,Make titles unique at the page/template level.,PetAg KMR Kitten Milk Replacer Powder (Free Shipping) | Chewy,PetAg KMR Kitten Milk Replacer Powder (Free Shipping) | Chewy,61,"Buy PetAg KMR Kitten Milk Replacer Powder for Kittens, 12-oz can at Chewy.com. FREE shipping and the BEST customer service!",123,,"PetAg KMR Kitten Milk Replacer Powder for Kittens, 12-oz can",1,petag-kmr-powder-milk-supplement,True,True,False,False,True,True,True,True,52,332,3,needs,2861.0,good,0.0,,,,,,,,,,1.0
PDP,Meta,Duplicate page title,https://www.chewy.com/happy-polly-wall-mounted-sisal/dp/3985686,True,Make titles unique at the page/template level.,"HAPPY & POLLY Wall-Mounted Sisal Artistic Wall Decor Cat Scratcher, Abstract Geometric - Chewy.com","HAPPY & POLLY Wall-Mounted Sisal Artistic Wall Decor Cat Scratcher, Abstract Geometric - Chewy.com",98,"Buy Happy & Polly Wall-Mounted Sisal Artistic Wall Decor Cat Scratcher, Abstract Geometric at Chewy.com. FREE shipping and the BEST customer service!",149,,"Happy & Polly Wall-Mounted Sisal Artistic Wall Decor Cat Scratcher, Abstract Geometric",1,happy-polly-wall-mounted-sisal,True,True,False,False,True,True,True,False,40,328,3,,,,,,,,,,,,,,1.0
PDP,Meta,Duplicate page title,https://www.chewy.com/nutro-natural-choice-adult-chicken/dp/114572,True,Make titles unique at the page/template level.,"Nutro Wholesome Essentials Adult Farm Raised Chicken, Brown Rice & Sweet Potato Recipe Dry Dog Food | Chewy","Nutro Wholesome Essentials Adult Farm Raised Chicken, Brown Rice & Sweet Potato Recipe Dry Dog Food | Chewy",107,"Buy Nutro Natural Choice Adult Chicken & Brown Rice Recipe Dry Dog Food, 30-lb bag at Chewy.com. FREE shipping and the BEST customer service!",141,,"Nutro Natural Choice Adult Chicken & Brown Rice Recipe Dry Dog Food, 30-lb bag",1,nutro-natural-choice-adult-chicken,True,True,False,False,True,True,True,True,138,335,3,,,,,,,,,,,,,,1.0
PDP,Meta,Duplicate page title,https://www.chewy.com/thyro-tabs-levothyroxine-sodium/dp/323113,True,Make titles unique at the page/template level.,"THYRO-TABS (Levothyroxine Sodium) Tablets for Dogs, 0.1-mg - Easy Refills | Chewy Rx","THYRO-TABS (Levothyroxine Sodium) Tablets for Dogs, 0.1-mg - Easy Refills | Chewy Rx",84,Thyro-Tabs are an oral prescription tablet that provides hormone replacement therapy in dogs and cats to treat the symptoms of hypothyroidism when thyroid production is lower than normal. Having a balanced amount of thyroid hormone is important in sustaining normal mental health and physical activity for your pets.**We directly source prescription medications from manufacturers and wholesale distributors registered with the FDA and licensed by applicable state boards.,472,,"Thyro-Tabs (Levothyroxine Sodium) Tablets for Dogs, 0.1-mg, 120 tablets",1,thyro-tabs-levothyroxine-sodium,True,False,False,False,True,True,True,True,11,329,3,,,,,,,,,,,,,,
PDP,Meta,Duplicate page title,https://www.chewy.com/thyro-tabs-levothyroxine-sodium/dp/323114,True,Make titles unique at the page/template level.,"THYRO-TABS (Levothyroxine Sodium) Tablets for Dogs, 0.2-mg - Easy Refills | Chewy Rx","THYRO-TABS (Levothyroxine Sodium) Tablets for Dogs, 0.2-mg - Easy Refills | Chewy Rx",84,Thyro-Tabs are an oral prescription tablet that provides hormone replacement therapy in dogs and cats to treat the symptoms of hypothyroidism when thyroid production is lower than normal. Having a balanced amount of thyroid hormone is important in sustaining normal mental health and physical activity for your pets.**We directly source prescription medications from manufacturers and wholesale distributors registered with the FDA and licensed by applicable state boards.,472,,"Thyro-Tabs (Levothyroxine Sodium) Tablets for Dogs, 0.2-mg, 120 tablets",1,thyro-tabs-levothyroxine-sodium,True,False,False,False,True,True,True,True,11,329,3,,,,,,,,,,,,,,1.0
PDP,Meta,Duplicate page title,https://www.chewy.com/thyro-tabs-levothyroxine-sodium/dp/323115,True,Make titles unique at the page/template level.,"THYRO-TABS (Levothyroxine Sodium) Tablets for Dogs, 0.3-mg - Easy Refills | Chewy Rx","THYRO-TABS (Levothyroxine Sodium) Tablets for Dogs, 0.3-mg - Easy Refills | Chewy Rx",84,Thyro-Tabs are an oral prescription tablet that provides hormone replacement therapy in dogs and cats to treat the symptoms of hypothyroidism when thyroid production is lower than normal. Having a balanced amount of thyroid hormone is important in sustaining normal mental health and physical activity for your pets.**We directly source prescription medications from manufacturers and wholesale distributors registered with the FDA and licensed by applicable state boards.,472,,"Thyro-Tabs (Levothyroxine Sodium) Tablets for Dogs, 0.3-mg, 120 tablets",1,thyro-tabs-levothyroxine-sodium,True,False,False,False,True,True,True,True,11,329,3,,,,,,,,,,,,,,1.0
PDP,Meta,Duplicate page title,https://www.chewy.com/thyro-tabs-levothyroxine-sodium/dp/323116,True,Make titles unique at the page/template level.,"THYRO-TABS (Levothyroxine Sodium) Tablets for Dogs, 0.4-mg - Easy Refills | Chewy Rx","THYRO-TABS (Levothyroxine Sodium) Tablets for Dogs, 0.4-mg - Easy Refills | Chewy Rx",84,Thyro-Tabs are an oral prescription tablet that provides hormone replacement therapy in dogs and cats to treat the symptoms of hypothyroidism when thyroid production is lower than normal. Having a balanced amount of thyroid hormone is important in sustaining normal mental health and physical activity for your pets.**We directly source prescription medications from manufacturers and wholesale distributors registered with the FDA and licensed by applicable state boards.,472,,"Thyro-Tabs (Levothyroxine Sodium) Tablets for Dogs, 0.4-mg, 120 tablets",1,thyro-tabs-levothyroxine-sodium,True,False,False,False,True,True,True,True,11,329,3,,,,,,,,,,,,,,
PDP,Meta,Duplicate page title,https://www.chewy.com/thyro-tabs-levothyroxine-sodium/dp/323117,True,Make titles unique at the page/template level.,"THYRO-TABS (Levothyroxine Sodium) Tablets for Dogs, 0.5-mg - Easy Refills | Chewy Rx","THYRO-TABS (Levothyroxine Sodium) Tablets for Dogs, 0.5-mg - Easy Refills | Chewy Rx",84,Thyro-Tabs are an oral prescription tablet that provides hormone replacement therapy in dogs and cats to treat the symptoms of hypothyroidism when thyroid production is lower than normal. Having a balanced amount of thyroid hormone is important in sustaining normal mental health and physical activity for your pets.**We directly source prescription medications from manufacturers and wholesale distributors registered with the FDA and licensed by applicable state boards.,472,,"Thyro-Tabs (Levothyroxine Sodium) Tablets for Dogs, 0.5-mg, 120 tablets",1,thyro-tabs-levothyroxine-sodium,True,False,False,False,True,True,True,True,11,329,3,,,,,,,,,,,,,,
PDP,Meta,Duplicate page title,https://www.chewy.com/thyro-tabs-levothyroxine-sodium/dp/323118,True,Make titles unique at the page/template level.,"THYRO-TABS (Levothyroxine Sodium) Tablets for Dogs, 0.6-mg - Easy Refills | Chewy Rx","THYRO-TABS (Levothyroxine Sodium) Tablets for Dogs, 0.6-mg - Easy Refills | Chewy Rx",84,Thyro-Tabs are an oral prescription tablet that provides hormone replacement therapy in dogs and cats to treat the symptoms of hypothyroidism when thyroid production is lower than normal. Having a balanced amount of thyroid hormone is important in sustaining normal mental health and physical activity for your pets.**We directly source prescription medications from manufacturers and wholesale distributors registered with the FDA and licensed by applicable state boards.,472,,"Thyro-Tabs (Levothyroxine Sodium) Tablets for Dogs, 0.6-mg, 120 tablets",1,thyro-tabs-levothyroxine-sodium,True,False,False,False,True,True,True,True,11,329,3,,,,,,,,,,,,,,
PDP,Meta,Duplicate page title,https://www.chewy.com/thyro-tabs-levothyroxine-sodium/dp/323119,True,Make titles unique at the page/template level.,"THYRO-TABS (Levothyroxine Sodium) Tablets for Dogs, 0.7-mg - Easy Refills | Chewy Rx","THYRO-TABS (Levothyroxine Sodium) Tablets for Dogs, 0.7-mg - Easy Refills | Chewy Rx",84,Thyro-Tabs are an oral prescription tablet that provides hormone replacement therapy in dogs and cats to treat the symptoms of hypothyroidism when thyroid production is lower than normal. Having a balanced amount of thyroid hormone is important in sustaining normal mental health and physical activity for your pets.**We directly source prescription medications from manufacturers and wholesale distributors registered with the FDA and licensed by applicable state boards.,472,,"Thyro-Tabs (Levothyroxine Sodium) Tablets for Dogs, 0.7-mg, 120 tablets",1,thyro-tabs-levothyroxine-sodium,True,False,False,False,True,True,True,True,11,329,3,,,,,,,,,,,,,,
PDP,Meta,Duplicate page title,https://www.chewy.com/thyro-tabs-levothyroxine-sodium/dp/323121,True,Make titles unique at the page/template level.,"THYRO-TABS (Levothyroxine Sodium) Tablets for Dogs, 1mg - Easy Refills | Chewy Rx","THYRO-TABS (Levothyroxine Sodium) Tablets for Dogs, 1mg - Easy Refills | Chewy Rx",81,Thyro-Tabs are an oral prescription tablet that provides hormone replacement therapy in dogs and cats to treat the symptoms of hypothyroidism when thyroid production is lower than normal. Having a balanced amount of thyroid hormone is important in sustaining normal mental health and physical activity for your pets.**We directly source prescription medications from manufacturers and wholesale distributors registered with the FDA and licensed by applicable state boards.,472,,"Thyro-Tabs (Levothyroxine Sodium) Tablets for Dogs, 1mg, 120 tablets",1,thyro-tabs-levothyroxine-sodium,True,False,False,False,True,True,True,True,15,329,3,,,,,,,,,,,,,,
PDP,Meta,Duplicate page title,https://www.chewy.com/thyro-tabs-levothyroxine-sodium/dp/173607,True,Make titles unique at the page/template level.,"THYRO-TABS (Levothyroxine Sodium) Tablets for Dogs, 0.8-mg - Easy Refills | Chewy Rx","THYRO-TABS (Levothyroxine Sodium) Tablets for Dogs, 0.8-mg - Easy Refills | Chewy Rx",84,Thyro-Tabs are an oral prescription tablet that provides hormone replacement therapy in dogs and cats to treat the symptoms of hypothyroidism when thyroid production is lower than normal. Having a balanced amount of thyroid hormone is important in sustaining normal mental health and physical activity for your pets.**We directly source prescription medications from manufacturers and wholesale distributors registered with the FDA and licensed by applicable state boards.,472,,"Thyro-Tabs (Levothyroxine Sodium) Tablets for Dogs, 0.8-mg, 1 tablet",1,thyro-tabs-levothyroxine-sodium,True,True,False,False,True,True,True,True,249,329,3,,,,,,,,,,,,,,10.0
PDP,Meta,Duplicate page title,https://www.chewy.com/thyro-tabs-levothyroxine-sodium/dp/323102,True,Make titles unique at the page/template level.,"THYRO-TABS (Levothyroxine Sodium) Tablets for Dogs, 0.8-mg - Easy Refills | Chewy Rx","THYRO-TABS (Levothyroxine Sodium) Tablets for Dogs, 0.8-mg - Easy Refills | Chewy Rx",84,Thyro-Tabs are an oral prescription tablet that provides hormone replacement therapy in dogs and cats to treat the symptoms of hypothyroidism when thyroid production is lower than normal. Having a balanced amount of thyroid hormone is important in sustaining normal mental health and physical activity for your pets.**We directly source prescription medications from manufacturers and wholesale distributors registered with the FDA and licensed by applicable state boards.,472,,"Thyro-Tabs (Levothyroxine Sodium) Tablets for Dogs, 0.8-mg, 30 tablets",1,thyro-tabs-levothyroxine-sodium,True,False,False,False,True,True,True,True,11,329,3,,,,,,,,,,,,,,
PDP,Meta,Duplicate page title,https://www.chewy.com/thyro-tabs-levothyroxine-sodium/dp/323111,True,Make titles unique at the page/template level.,"THYRO-TABS (Levothyroxine Sodium) Tablets for Dogs, 0.8-mg - Easy Refills | Chewy Rx","THYRO-TABS (Levothyroxine Sodium) Tablets for Dogs, 0.8-mg - Easy Refills | Chewy Rx",84,Thyro-Tabs are an oral prescription tablet that provides hormone replacement therapy in dogs and cats to treat the symptoms of hypothyroidism when thyroid production is lower than normal. Having a balanced amount of thyroid hormone is important in sustaining normal mental health and physical activity for your pets.**We directly source prescription medications from manufacturers and wholesale distributors registered with the FDA and licensed by applicable state boards.,472,,"Thyro-Tabs (Levothyroxine Sodium) Tablets for Dogs, 0.8-mg, 60 tablets",1,thyro-tabs-levothyroxine-sodium,True,False,False,False,True,True,True,True,11,329,3,,,,,,,,,,,,,,
PDP,Meta,Duplicate page title,https://www.chewy.com/carprofen-generic-flavored-tablets/dp/173417,True,Make titles unique at the page/template level.,"CARPROFEN (Generic) FLAVORED TABLETS for Dogs, 100-mg - Easy Refills | Chewy Rx","CARPROFEN (Generic) FLAVORED TABLETS for Dogs, 100-mg - Easy Refills | Chewy Rx",79,"Carprofen is prescribed to relieve pain and inflammation caused by arthritis and other joint problems, so you can help your dog maintain her regular activity levels and quality of life. Carprofen may also help to reduce pain associated with surgeries and other painful conditions, and works by limiting your dog's production of prostaglandins, which are substances that can trigger inflammation. And since these uncoated tablets have a wag-worthy beef flavor, your dog won't mind taking his medication!**We directly source prescription medications from manufacturers and wholesale distributors registered with the FDA and licensed by applicable state boards.",658,,"Carprofen (Generic) FLAVORED TABLETS for Dogs, 100-mg, 1 tablet",1,carprofen-generic-flavored-tablets,True,True,False,False,True,True,True,True,102,326,3,,,,,,,,,,,,,,1.0
PDP,Meta,Duplicate page title,https://www.chewy.com/galliprant-grapiprant-tablets-dogs/dp/172977,True,Make titles unique at the page/template level.,"GALLIPRANT (grapiprant) Tablets for Dogs, 100-mg - Easy Refills | Chewy Rx","GALLIPRANT (grapiprant) Tablets for Dogs, 100-mg - Easy Refills | Chewy Rx",74,"Galliprant is a prescription medication designed to treat your dog's osteoarthritis pain. It's an easy-to-give daily medication that can be used at the earliest signs of osteoarthritis, and may help your pal to feel better. Plus, it comes in a tablet, so you can easily hide it in your dog's wet food or a pill pocket to make administration even easier.",353,,"Galliprant (grapiprant) Tablets for Dogs, 100-mg, 1 tablet",1,galliprant-grapiprant-tablets-dogs,True,True,False,False,True,True,True,True,65,323,3,,,,,,,,,,,,,,3.0
PDP,Meta,Duplicate page title,https://www.chewy.com/happy-polly-wall-mounted-sisal/dp/3985654,True,Make titles unique at the page/template level.,"HAPPY & POLLY Wall-Mounted Sisal Artistic Wall Decor Cat Scratcher, Starry Night - Chewy.com","HAPPY & POLLY Wall-Mounted Sisal Artistic Wall Decor Cat Scratcher, Starry Night - Chewy.com",92,"Buy Happy & Polly Wall-Mounted Sisal Artistic Wall Decor Cat Scratcher, Starry Night at Chewy.com. FREE shipping and the BEST customer service!",143,,"Happy & Polly Wall-Mounted Sisal Artistic Wall Decor Cat Scratcher, Starry Night",1,happy-polly-wall-mounted-sisal,True,True,False,False,True,True,True,True,19,327,3,,,,,,,,,,,,,,1.0
PDP,Meta,Duplicate page title,https://www.chewy.com/happy-polly-wall-mounted-sisal/dp/4372198,True,Make titles unique at the page/template level.,"HAPPY & POLLY Wall-Mounted Sisal Artistic Wall Decor Cat Scratcher, Starry Night - Chewy.com","HAPPY & POLLY Wall-Mounted Sisal Artistic Wall Decor Cat Scratcher, Starry Night - Chewy.com",92,"Buy Happy & Polly Wall-Mounted Sisal Artistic Wall Decor Cat Scratcher, Starry Night at Chewy.com. FREE shipping and the BEST customer service!",143,,"Happy & Polly Wall-Mounted Sisal Artistic Wall Decor Cat Scratcher, Starry Night",1,happy-polly-wall-mounted-sisal,True,True,False,False,True,True,True,True,26,316,3,,,,,,,,,,,,,,1.0
PDP,Meta,Duplicate page title,https://www.chewy.com/zesty-paws-hemp-calming-bites-turkey/dp/159489,True,Make titles unique at the page/template level.,Zesty Paws Stress & Anxiety Calming Bites with Suntheanine Turkey Flavor Dog Supplement | Chewy,Zesty Paws Stress & Anxiety Calming Bites with Suntheanine Turkey Flavor Dog Supplement | Chewy,95,"Buy Zesty Paws Calming Bites Turkey Flavored Soft Chews Composure & Relaxation Supplement for Dogs, 90 count at Chewy.com. FREE shipping and the BEST customer service!",167,zesty paws calming treats dogs,"Zesty Paws Calming Bites Turkey Flavored Soft Chews Composure & Relaxation Supplement for Dogs, 90 count",1,zesty-paws-hemp-calming-bites-turkey,True,True,False,False,True,True,True,True,42,335,3,,,,,,,1,1,,0,0,0,1,1.0
PDP,Meta,Duplicate page title,https://www.chewy.com/zesty-paws-hemp-calming-bites-peanut/dp/1216478,True,Make titles unique at the page/template level.,Zesty Paws Stress & Anxiety Calming Bites with Suntheanine & Hemp Peanut Butter Flavor Soft Chews Dog Supplement | Chewy,Zesty Paws Stress & Anxiety Calming Bites with Suntheanine & Hemp Peanut Butter Flavor Soft Chews Dog Supplement | Chewy,120,"Buy Zesty Paws Calming Bites Peanut Butter Flavored Soft Chews Composure & Relaxation Supplement for Dogs, 10 count at Chewy.com. FREE shipping and the BEST customer service!",174,zesty paws calming bites reviews,"Zesty Paws Calming Bites Peanut Butter Flavored Soft Chews Composure & Relaxation Supplement for Dogs, 10 count",1,zesty-paws-hemp-calming-bites-peanut,True,False,False,False,True,True,True,True,13,327,3,,,,,,,4,3,25.0,0,0,1,3,1.0
PDP,Meta,Duplicate page title,https://www.chewy.com/zesty-paws-hemp-calming-bites-peanut/dp/1026174,True,Make titles unique at the page/template level.,Zesty Paws Stress & Anxiety Calming Bites with Suntheanine & Hemp Peanut Butter Flavor Soft Chews Dog Supplement | Chewy,Zesty Paws Stress & Anxiety Calming Bites with Suntheanine & Hemp Peanut Butter Flavor Soft Chews Dog Supplement | Chewy,120,"Buy Zesty Paws Calming Bites Peanut Butter Flavored Soft Chews Composure & Relaxation Supplement for Dogs, 50 count at Chewy.com. FREE shipping and the BEST customer service!",174,,"Zesty Paws Calming Bites Peanut Butter Flavored Soft Chews Composure & Relaxation Supplement for Dogs, 50 count",1,zesty-paws-hemp-calming-bites-peanut,True,True,False,False,True,True,True,True,7,336,3,,,,,,,,,,,,,,1.0
PDP,Meta,Duplicate page title,https://www.chewy.com/zesty-paws-hemp-calming-bites-peanut/dp/280558,True,Make titles unique at the page/template level.,Zesty Paws Stress & Anxiety Calming Bites with Suntheanine & Hemp Peanut Butter Flavor Soft Chews Dog Supplement | Chewy,Zesty Paws Stress & Anxiety Calming Bites with Suntheanine & Hemp Peanut Butter Flavor Soft Chews Dog Supplement | Chewy,120,"Buy Zesty Paws Calming Bites Peanut Butter Flavored Soft Chews Composure & Relaxation Supplement for Dogs, 180 count bundle at Chewy.com. FREE shipping and the BEST customer service!",182,,"Zesty Paws Calming Bites Peanut Butter Flavored Soft Chews Composure & Relaxation Supplement for Dogs, 180 count bundle",1,zesty-paws-hemp-calming-bites-peanut,True,False,False,False,True,True,True,True,5,337,3,,,,,,,,,,,,,,1.0
PDP,Meta,Duplicate page title,https://www.chewy.com/zesty-paws-hemp-calming-bites-peanut/dp/1781566,True,Make titles unique at the page/template level.,Zesty Paws Stress & Anxiety Calming Bites with Suntheanine & Hemp Peanut Butter Flavor Soft Chews Dog Supplement | Chewy,Zesty Paws Stress & Anxiety Calming Bites with Suntheanine & Hemp Peanut Butter Flavor Soft Chews Dog Supplement | Chewy,120,"Buy Zesty Paws Calming Bites Peanut Butter Flavored Soft Chews Composure & Relaxation Supplement for Dogs, 270 count bundle at Chewy.com. FREE shipping and the BEST customer service!",182,,"Zesty Paws Calming Bites Peanut Butter Flavored Soft Chews Composure & Relaxation Supplement for Dogs, 270 count bundle",1,zesty-paws-hemp-calming-bites-peanut,True,False,False,False,True,True,True,True,5,337,3,,,,,,,,,,,,,,
PDP,Meta,Duplicate page title,https://www.chewy.com/zesty-paws-hip-joint-mobility-bites/dp/133664,True,Make titles unique at the page/template level.,"Zesty Paws Mobility Bites Hip & Joint Support Duck Flavor Chews with Glucosamine, Chondroitin & MSM for Dogs | Chewy","Zesty Paws Mobility Bites Hip & Joint Support Duck Flavor Chews with Glucosamine, Chondroitin & MSM for Dogs | Chewy",116,"Buy Zesty Paws Hip & Joint Mobility Bites Duck Flavored Soft Chews Glucosamine Supplement for Dogs, 90 count at Chewy.com. FREE shipping and the BEST customer service!",167,,"Zesty Paws Hip & Joint Mobility Bites Duck Flavored Soft Chews Glucosamine Supplement for Dogs, 90 count",1,zesty-paws-hip-joint-mobility-bites,True,True,False,False,True,True,True,True,134,338,3,,,,,,,,,,,,,,1.0
PDP,Meta,Duplicate page title,https://www.chewy.com/rachael-ray-nutrish-soup-bones/dp/117677,True,Make titles unique at the page/template level.,Rachael Ray Nutrish Soup Bones Chicken & Veggies Flavor Chews Dog Treats | Chewy,Rachael Ray Nutrish Soup Bones Chicken & Veggies Flavor Chews Dog Treats | Chewy,80,"Buy Rachael Ray Nutrish Soup Bones Premium Dog Chews with Real Chicken & Veggies Hard Dog Chews, 6 count bag at Chewy.com. FREE shipping and the BEST customer service!",167,,"Rachael Ray Nutrish Soup Bones Premium Dog Chews with Real Chicken & Veggies Hard Dog Chews, 6 count bag",1,rachael-ray-nutrish-soup-bones,True,True,False,False,True,True,True,True,65,330,3,,,,,,,,,,,,,,1.0
PDP,Meta,Duplicate page title,https://www.chewy.com/smartbones-smartsticks-peanut-butter/dp/303612,True,Make titles unique at the page/template level.,"SMARTBONES SmartSticks Real Peanut Butter Hard Dog Chew Treats, 5 count - Chewy.com","SMARTBONES SmartSticks Real Peanut Butter Hard Dog Chew Treats, 5 count - Chewy.com",83,"Buy SmartBones SmartSticks Real Peanut Butter Hard Dog Chew Treats, 5 count at Chewy.com. FREE shipping and the BEST customer service!",134,,"SmartBones SmartSticks Real Peanut Butter Hard Dog Chew Treats, 5 count",1,smartbones-smartsticks-peanut-butter,True,True,False,False,True,True,True,True,25,322,3,,,,,,,,,,,,,,1.0
PDP,Meta,Duplicate page title,https://www.chewy.com/vetoryl-trilostane-capsules-dogs/dp/173777,True,Make titles unique at the page/template level.,"VETORYL (trilostane) Capsules for Dogs, 10-mg - Easy Refills | Chewy Rx","VETORYL (trilostane) Capsules for Dogs, 10-mg - Easy Refills | Chewy Rx",71,"Vetoryl is a prescription medication prescribed to aid in your dog's treatment of hyperadrenocorticismalso known as Cushing's Disease. This medication treats both pituitary-dependent and adrenal-dependent cases, and controls the excess production of cortisol caused by the disease. **We directly source prescription medications from manufacturers and wholesale distributors registered with the FDA and licensed by applicable state boards.",438,,"Vetoryl (trilostane) Capsules for Dogs, 10-mg, 30 capsules",1,vetoryl-trilostane-capsules-dogs,True,True,False,False,True,True,True,True,6,324,3,needs,2583.0,good,0.06,,,,,,,,,,4.0
PDP,Meta,Duplicate page title,https://www.chewy.com/wanderfound-pets-same-100-liver/dp/398217,True,Make titles unique at the page/template level.,"WANDERFOUND PETS SAMe 100 Liver Support for Dogs, 60 count - Chewy.com","WANDERFOUND PETS SAMe 100 Liver Support for Dogs, 60 count - Chewy.com",70,"Buy Wanderfound Pets SAMe 100 Liver Support for Dogs, 60 count at Chewy.com. FREE shipping and the BEST customer service!",121,,"Wanderfound Pets SAMe 100 Liver Support for Dogs, 60 count",1,wanderfound-pets-same-100-liver,True,True,False,False,True,True,True,True,42,329,3,,,,,,,,,,,,,,1.0
PDP,Meta,Duplicate page title,https://www.chewy.com/rx-vitamins-hepato-support-liver/dp/186057,True,Make titles unique at the page/template level.,Rx Vitamins Hepato Support Dogs & Cat Supplement (Free Shipping) | Chewy,Rx Vitamins Hepato Support Dogs & Cat Supplement (Free Shipping) | Chewy,72,"Buy Rx Vitamins Hepato Support Liver Supplement for Cats & Dogs, 180 count at Chewy.com. FREE shipping and the BEST customer service!",133,,"Rx Vitamins Hepato Support Liver Supplement for Cats & Dogs, 180 count",1,rx-vitamins-hepato-support-liver,True,True,False,False,True,True,True,True,85,330,3,,,,,,,,,,,,,,3.0
PDP,Meta,Duplicate page title,https://www.chewy.com/nutramax-denamarin-s/dp/101822,True,Make titles unique at the page/template level.,Nutramax Denamarin Chewable Tablets Dog Supplement (Free Shipping) | Chewy,Nutramax Denamarin Chewable Tablets Dog Supplement (Free Shipping) | Chewy,74,"Buy Nutramax Denamarin with S-Adenosylmethionine & Silybin Chewable Tablets Liver Supplement for Dogs, 30 count at Chewy.com. FREE shipping and the BEST customer service!",170,nutramax denamarin,"Nutramax Denamarin with S-Adenosylmethionine & Silybin Chewable Tablets Liver Supplement for Dogs, 30 count",1,nutramax-denamarin-s,True,True,False,False,True,True,True,True,1057,323,3,good,2108.0,good,0.06,,,1,1,,0,0,0,1,15.0
PDP,Meta,Duplicate page title,https://www.chewy.com/diamond-naturals-small-medium-breed/dp/34907,True,Make titles unique at the page/template level.,Diamond Naturals Small Breed Puppy Formula Dry Dog Food | Chewy (Free Shipping),Diamond Naturals Small Breed Puppy Formula Dry Dog Food | Chewy (Free Shipping),79,"Buy Diamond Naturals Small & Medium Breed Puppy High Protein Chicken & Rice Formula Dry Dog Food, 6-lb bag at Chewy.com. FREE shipping and the BEST customer service!",165,,"Diamond Naturals Small & Medium Breed Puppy High Protein Chicken & Rice Formula Dry Dog Food, 6-lb bag",1,diamond-naturals-small-medium-breed,True,True,False,False,True,True,True,True,39,335,3,,,,,,,,,,,,,,1.0
PDP,Meta,Duplicate page title,https://www.chewy.com/hills-prescription-diet-wd-multi/dp/54742,True,Make titles unique at the page/template level.,"Hill's Prescription Diet w/d Multi-Benefit Digestive, Weight, Glucose, Urinary Management with Chicken Dry Cat Food | Chewy","Hill's Prescription Diet w/d Multi-Benefit Digestive, Weight, Glucose, Urinary Management with Chicken Dry Cat Food | Chewy",123,"Buy Hill's Prescription Diet w/d Multi-Benefit with Chicken Dry Cat Food, 4-lb bag at Chewy.com. FREE shipping and the BEST customer service!",141,hill's prescription diet w/d for cats,"Hill's Prescription Diet w/d Multi-Benefit with Chicken Dry Cat Food, 4-lb bag",1,hills-prescription-diet-wd-multi,True,True,False,False,True,True,True,True,49,329,3,good,2287.0,good,0.065,,,1,1,8.0,1,0,0,0,9.0
PDP,Meta,Duplicate page title,https://www.chewy.com/purina-pro-plan-veterinary-diets-dm/dp/49832,True,Make titles unique at the page/template level.,"PURINA PRO PLAN VETERINARY DIETS DM Dietetic Management Savory Selects Wet Cat Food, 5.5-oz, case of 24 - Chewy.com","PURINA PRO PLAN VETERINARY DIETS DM Dietetic Management Savory Selects Wet Cat Food, 5.5-oz, case of 24 - Chewy.com",115,"Buy Purina Pro Plan Veterinary Diets DM Dietetic Management Savory Selects Wet Cat Food, 5.5-oz, case of 24 at Chewy.com. FREE shipping and the BEST customer service!",166,,"Purina Pro Plan Veterinary Diets DM Dietetic Management Savory Selects Wet Cat Food, 5.5-oz, case of 24",1,purina-pro-plan-veterinary-diets-dm,True,True,False,False,True,True,True,True,112,333,3,,,,,,,,,,,,,,2.0
PDP,Meta,Duplicate page title,https://www.chewy.com/solid-gold-seameal-skin-coat/dp/49212,True,Make titles unique at the page/template level.,"Solid Gold Supplements SeaMeal Skin & Coat, Digestive & Immune Health Powder Grain-Free Dog & Cat Supplement | Chewy","Solid Gold Supplements SeaMeal Skin & Coat, Digestive & Immune Health Powder Grain-Free Dog & Cat Supplement | Chewy",116,"Buy Solid Gold SeaMeal Skin & Coat, Digestive & Immune Health Powder Grain-Free Supplement for Dogs & Cats, 1-lb at Chewy.com. FREE shipping and the BEST customer service!",171,,"Solid Gold SeaMeal Skin & Coat, Digestive & Immune Health Powder Grain-Free Supplement for Dogs & Cats, 1-lb",1,solid-gold-seameal-skin-coat,True,True,False,False,True,True,True,True,83,330,3,,,,,,,,,,,,,,1.0
PDP,Meta,Duplicate page title,https://www.chewy.com/nutramax-proviable-probiotics/dp/101470,True,Make titles unique at the page/template level.,Nutramax Proviable-DC Capsules Dog & Cat Supplement (Free Shipping) | Chewy,Nutramax Proviable-DC Capsules Dog & Cat Supplement (Free Shipping) | Chewy,75,"Buy Nutramax Proviable Probiotics & Prebiotics Digestive Health Supplement for Dogs & Cats, 30 count at Chewy.com. FREE shipping and the BEST customer service!",159,nutramax proviable,"Nutramax Proviable Probiotics & Prebiotics Digestive Health Supplement for Dogs & Cats, 30 count",1,nutramax-proviable-probiotics,True,True,False,False,True,True,True,True,421,323,3,good,2316.0,good,0.05,,,1,1,6.0,1,0,0,0,56.0
PDP,Meta,Duplicate page title,https://www.chewy.com/trifexis-chewable-tablet-dogs-5-10/dp/173008,True,Make titles unique at the page/template level.,"TRIFEXIS Chewable Tablet for Dogs, 5-10 lbs, (Magenta Box) - Easy Refills | Chewy Rx","TRIFEXIS Chewable Tablet for Dogs, 5-10 lbs, (Magenta Box) - Easy Refills | Chewy Rx",84,"**Your furry friend must have a current heartworm test result on file with your veterinarian in order to be prescribed heartworm medication. Please visit your veterinarian to have this test performed annually to protect your four-legged friend.** Trifexis (spinosad + milbemycin oxime) is the monthly, beef-flavored tablet prescribed to kill fleas and prevent flea infestations, prevent heartworm disease, and treat and control adult hookworm, roundworm and whipworm infections in dogs.",486,,"Trifexis Chewable Tablet for Dogs, 5-10 lbs, (Magenta Box), 6 Chewable Tablets (6-mos. supply)",1,trifexis-chewable-tablet-dogs-5,True,True,False,False,True,True,True,True,63,317,3,,,,,,,,,,,,,,1.0
PDP,Meta,Duplicate page title,https://www.chewy.com/trifexis-chewable-tablet-dogs-401-60/dp/173014,True,Make titles unique at the page/template level.,"TRIFEXIS Chewable Tablet for Dogs, 40.1-60 lbs, (Blue Box) - Easy Refills | Chewy Rx","TRIFEXIS Chewable Tablet for Dogs, 40.1-60 lbs, (Blue Box) - Easy Refills | Chewy Rx",84,"**Your furry friend must have a current heartworm test result on file with your veterinarian in order to be prescribed heartworm medication. Please visit your veterinarian to have this test performed annually to protect your four-legged friend.** Trifexis (spinosad + milbemycin oxime) is the monthly, beef-flavored tablet prescribed to kill fleas and prevent flea infestations, prevent heartworm disease, and treat and control adult hookworm, roundworm and whipworm infections in dogs.",486,,"Trifexis Chewable Tablet for Dogs, 40.1-60 lbs, (Blue Box), 6 Chewable Tablets (6-mos. supply)",1,trifexis-chewable-tablet-dogs-401,True,True,False,False,True,True,True,True,67,317,3,,,,,,,,,,,,,,1.0
PDP,Meta,Duplicate page title,https://www.chewy.com/trifexis-chewable-tablet-dogs-101-20/dp/323131,True,Make titles unique at the page/template level.,"TRIFEXIS Chewable Tablet for Dogs, 10.1-20 lbs, (Orange Box) - Easy Refills | Chewy Rx","TRIFEXIS Chewable Tablet for Dogs, 10.1-20 lbs, (Orange Box) - Easy Refills | Chewy Rx",86,"**Your furry friend must have a current heartworm test result on file with your veterinarian in order to be prescribed heartworm medication. Please visit your veterinarian to have this test performed annually to protect your four-legged friend.** Trifexis (spinosad + milbemycin oxime) is the monthly, beef-flavored tablet prescribed to kill fleas and prevent flea infestations, prevent heartworm disease, and treat and control adult hookworm, roundworm and whipworm infections in dogs.",486,trifexis chewable tablet for dogs 10.1-20 lbs orange box 6 chewable tablets (6-mos. supply,"Trifexis Chewable Tablet for Dogs, 10.1-20 lbs, (Orange Box), 12 Chewable Tablets (12-mos. supply)",1,trifexis-chewable-tablet-dogs-101,True,False,False,False,True,True,True,True,6,327,3,,,,,,,1,1,1.0,1,0,0,0,5.0
PDP,Meta,Duplicate page title,https://www.chewy.com/levetiracetam-generic-immediate/dp/173595,True,Make titles unique at the page/template level.,"LEVETIRACETAM (Generic) Immediate-Release Tablets, 250-mg - Easy Refills | Chewy Rx","LEVETIRACETAM (Generic) Immediate-Release Tablets, 250-mg - Easy Refills | Chewy Rx",83,Levetiracetam is a prescription tablet used to control seizures caused by epilepsy. It is an anticonvulsant that works by decreasing abnormal activity in the brain. It's also used by veterinarians to help manage epilepsy in companion animals.,242,,"Levetiracetam (Generic) Immediate-Release Tablets, 250-mg, 1 tablet",1,levetiracetam-generic-immediate,True,True,False,False,True,True,True,True,311,324,3,,,,,,,,,,,,,,1.0
PDP,Meta,Duplicate page title,https://www.chewy.com/amitriptyline-hcl-generic-tablets/dp/725742,True,Make titles unique at the page/template level.,"AMITRIPTYLINE HCl (Generic) Tablets, 10-mg - Easy Refills | Chewy Rx","AMITRIPTYLINE HCl (Generic) Tablets, 10-mg - Easy Refills | Chewy Rx",68,"Amitriptyline (and its active metabolite, nortriptyline) is a tricyclic antidepressant (TCA) with a complicated pharmacologic profile. It’s used primarily for neuropathic pain, behavior disorders, and pruritis or itching in small animals. Amitriptyline’s benefits and clinical effects may take several weeks to appear.",318,,"Amitriptyline HCl (Generic) Tablets, 10-mg, 30 tablets",1,amitriptyline-hcl-generic-tablets,True,False,False,False,True,True,True,True,8,326,3,,,,,,,,,,,,,,1.0
PDP,Meta,Duplicate page title,https://www.chewy.com/cardalis-spironolactonebenazepril/dp/1714838,True,Make titles unique at the page/template level.,"CARDALIS (Spironolactone/Benazepril) Chewable Tablets for Dogs, 20-mg/2.5-mg - Easy Refills | Chewy Rx","CARDALIS (Spironolactone/Benazepril) Chewable Tablets for Dogs, 20-mg/2.5-mg - Easy Refills | Chewy Rx",102,"CARDALIS is indicated with concurrent therapy (e.g. furosemide, etc.",68,,"Cardalis (Spironolactone/Benazepril) Chewable Tablets for Dogs, 20-mg/2.5-mg, 30 chewable tablets",1,cardalis-spironolactonebenazepril,True,False,False,False,True,True,True,True,29,322,3,,,,,,,,,,,,,,1.0
PDP,Meta,Duplicate page title,https://www.chewy.com/pimobendan-generic-chewable-tablets/dp/4586038,True,Make titles unique at the page/template level.,"PIMOBENDAN (Generic) Chewable Tablets for Dogs, 2.5 mg - Easy Refills | Chewy Rx","PIMOBENDAN (Generic) Chewable Tablets for Dogs, 2.5 mg - Easy Refills | Chewy Rx",80,"Pimobendan improves heart function by causing vasodilation, a condition were the muscles of the blood vessels relax, and this allows the blood vessels to widen for blood to flow more easily. This action reduces the backup of blood that can cause abnormal fluid backup in various parts of the body like the lungs. This widening effect also reduces the resistance that the heart muscle pumps against and improves blood flow throughout the body.",442,,"Pimobendan (Generic) Chewable Tablets for Dogs, 2.5 mg, 30 tablets",1,pimobendan-generic-chewable-tablets,True,False,False,False,True,True,True,True,18,315,3,,,,,,,,,,,,,,1.0
PDP,Meta,Duplicate page title,https://www.chewy.com/clopidogrel-bisulfate-generic-tablets/dp/1069350,True,Make titles unique at the page/template level.,"CLOPIDOGREL BISULFATE (Generic) Tablets, 75 mg - Easy Refills | Chewy Rx","CLOPIDOGREL BISULFATE (Generic) Tablets, 75 mg - Easy Refills | Chewy Rx",72,"Clopidogrel Bisulfate (Generic) Tablets are prescribed to feline friends and canine companions to prevent blood clots from forming in the bloodstream as a result of injuries. This anticoagulant, antiplatelet medication is also used to prevent clotting due to feline cardiomyopathies, thrombosis, pulmonary hypertension, and other disorders that may increase the risk of clotting. **We directly source prescription medications from manufacturers and wholesale distributors registered with the FDA and licensed by applicable state boards.",536,,"Clopidogrel Bisulfate (Generic) Tablets, 75 mg, 30 tablets",1,clopidogrel-bisulfate-generic-tablets,True,False,False,False,True,True,True,True,70,321,3,,,,,,,,,,,,,,2.0
PDP,Meta,Duplicate page title,https://www.chewy.com/spironolactone-hydrochlorothiazide/dp/323081,True,Make titles unique at the page/template level.,SPIRONOLACTONE 25-mg / Hydrochlorothiazide 25-mg (Generic) Tablets - Easy Refills | Chewy Rx,SPIRONOLACTONE 25-mg / Hydrochlorothiazide 25-mg (Generic) Tablets - Easy Refills | Chewy Rx,92,"Spironolactone Hydrochlorothiazide is a prescription diuretic tablet that helps rid the body of excess fluid. Its used to treat congestive heart failure as well as fluid in the abdomen, and comes in an easy to administer tablet. Veterinarians use this medicine in the treatment of companion animals.",299,,"Spironolactone 25-mg / Hydrochlorothiazide 25-mg (Generic) Tablets, 30 tablets",1,spironolactone-hydrochlorothiazide,True,False,False,False,True,True,True,True,80,321,3,,,,,,,,,,,,,,2.0
PDP,Meta,Duplicate page title,https://www.chewy.com/diltiazem-diltiazem-hydrochloride/dp/724654,True,Make titles unique at the page/template level.,"DILTIAZEM (diltiazem hydrochloride) Hydrochloride Extended-Release Capsules, 240-mg - Easy Refills | Chewy Rx","DILTIAZEM (diltiazem hydrochloride) Hydrochloride Extended-Release Capsules, 240-mg - Easy Refills | Chewy Rx",109,"Diltiazem works on the heart by changing how calcium is used to treat heart rhythm problems in dogs and cats, and for some forms of feline heart disease. Approved by the FDA for use in humans, Diltiazem is prescribed by veterinarians for use with companion animals. For once a day dosage, this product is a generic for Cardizem CD and Cartia XT.",345,,"Diltiazem (diltiazem hydrochloride) Hydrochloride Extended-Release Capsules, 240-mg, 60 capsules",1,diltiazem-diltiazem-hydrochloride,True,False,False,False,True,True,True,True,42,318,3,,,,,,,,,,,,,,1.0
PDP,Meta,Duplicate page title,https://www.chewy.com/advantage-ii-flea-spot-treatment-cats/dp/106073,True,Make titles unique at the page/template level.,Advantage II Flea Treatment for Small Cats 5 lbs to 9 lbs & Ferrets | Chewy (Free Shipping),Advantage II Flea Treatment for Small Cats 5 lbs to 9 lbs & Ferrets | Chewy (Free Shipping),91,"Buy Advantage II Flea Spot Treatment for Cats, 5-9 lbs, 2 Doses (2-mos. supply) at Chewy.com. FREE shipping and the BEST customer service!",138,,"Advantage II Flea Spot Treatment for Cats, 5-9 lbs, 2 Doses (2-mos. supply)",1,advantage-ii-flea-spot-treatment-cats,True,True,False,False,True,True,True,True,13,325,3,good,2301.0,good,0.04,,,,,,,,,,4.0
PDP,Meta,Duplicate page title,https://www.chewy.com/multipet-lamb-chop-squeaky-plush-dog/dp/53000,True,Make titles unique at the page/template level.,Multipet Lamb Chop Squeaky Plush Dog Toy (Free Shipping) | Chewy,Multipet Lamb Chop Squeaky Plush Dog Toy (Free Shipping) | Chewy,64,"Buy Multipet Lamb Chop Squeaky Plush Dog Toy, Jumbo at Chewy.com. FREE shipping and the BEST customer service!",110,lamb chop dog toy,"Multipet Lamb Chop Squeaky Plush Dog Toy, Jumbo",1,multipet-lamb-chop-squeaky-plush-dog,True,True,False,False,True,True,True,True,39,331,3,good,2150.0,needs,0.115,,,3,3,6.67,3,0,0,0,18.0
PDP,Meta,Duplicate page title,https://www.chewy.com/kong-squeakair-balls-packs-dog-toy/dp/44147,True,Make titles unique at the page/template level.,KONG AirDog Squeakair Balls Packs Dog Toy (Free Shipping) | Chewy,KONG AirDog Squeakair Balls Packs Dog Toy (Free Shipping) | Chewy,65,"Buy KONG Squeakair Balls Packs Dog Toy, Large at Chewy.com. FREE shipping and the BEST customer service!",104,,"KONG Squeakair Balls Packs Dog Toy, Large",1,kong-squeakair-balls-packs-dog-toy,True,True,False,False,True,True,True,True,44,323,3,,,,,,,,,,,,,,1.0
PDP,Meta,Duplicate page title,https://www.chewy.com/kong-cozie-marvin-moose-plush-dog-toy/dp/187459,True,Make titles unique at the page/template level.,KONG Cozie Marvin the Moose Plush Dog Toy (Free Shipping) | Chewy,KONG Cozie Marvin the Moose Plush Dog Toy (Free Shipping) | Chewy,65,"Buy KONG Cozie Marvin the Moose Plush Dog Toy, X-Large at Chewy.com. FREE shipping and the BEST customer service!",113,moose dog toy,"KONG Cozie Marvin the Moose Plush Dog Toy, X-Large",1,kong-cozie-marvin-moose-plush-dog-toy,True,True,False,False,True,True,True,True,18,328,3,,,,,,,1,1,27.0,0,0,1,0,1.0
PDP,Meta,Duplicate page title,https://www.chewy.com/kong-floppy-knots-dog-toy-fox/dp/177287,True,Make titles unique at the page/template level.,KONG Floppy Knots Dog Toy | Chewy (Free Shipping),KONG Floppy Knots Dog Toy | Chewy (Free Shipping),49,"Buy KONG Floppy Knots Dog Toy, Fox, Medium/Large at Chewy.com. FREE shipping and the BEST customer service!",107,,"KONG Floppy Knots Dog Toy, Fox, Medium/Large",1,kong-floppy-knots-dog-toy-fox,True,True,False,False,True,True,True,True,149,327,3,,,,,,,,,,,,,,1.0
PDP,Meta,Duplicate page title,https://www.chewy.com/hartz-dura-play-ball-squeaky-latex/dp/335958,True,Make titles unique at the page/template level.,"Hartz Dura Play Ball Squeaky Latex Dog Toy, Color Varies | Chewy (Free Shipping)","Hartz Dura Play Ball Squeaky Latex Dog Toy, Color Varies | Chewy (Free Shipping)",80,"Buy Hartz Dura Play Ball Squeaky Latex Dog Toy, Color Varies, 3 count, Large at Chewy.com. FREE shipping and the BEST customer service!",135,,"Hartz Dura Play Ball Squeaky Latex Dog Toy, Color Varies, 3 count, Large",1,hartz-dura-play-ball-squeaky-latex,True,True,False,False,True,True,True,True,17,330,3,,,,,,,,,,,,,,1.0
PDP,Meta,Duplicate page title,https://www.chewy.com/dilt-xr-diltiazem-hydrochloride/dp/724518,True,Make titles unique at the page/template level.,"DILT-XR (Diltiazem Hydrochloride) Extended-Release Capsules, 240-mg - Easy Refills | Chewy Rx","DILT-XR (Diltiazem Hydrochloride) Extended-Release Capsules, 240-mg - Easy Refills | Chewy Rx",93,"DILT-XR works on the heart by changing how calcium is used to treat heart rhythm problems in dogs and cats, and for some forms of feline heart disease. Approved by the FDA for use in humans, DILT-XR is prescribed by veterinarians for use with companion animals. Contains individual tablets inside of each capsule for more accurate and individualized dosing.",357,,"DILT-XR (Diltiazem Hydrochloride) Extended-Release Capsules, 240-mg, 60 capsules",1,dilt-xr-diltiazem-hydrochloride,True,False,False,False,True,True,True,True,40,321,3,,,,,,,,,,,,,,1.0
PDP,Meta,Duplicate page title,https://www.chewy.com/midwest-wire-dog-exercise-pen-step/dp/45380,True,Make titles unique at the page/template level.,"MidWest Wire Dog Exercise Pen with Step-Thru Door, Black E-Coat | Chewy (Free Shipping)","MidWest Wire Dog Exercise Pen with Step-Thru Door, Black E-Coat | Chewy (Free Shipping)",87,"Buy MidWest Wire Dog Exercise Pen with Step-Thru Door, Black E-Coat, 24-in at Chewy.com. FREE shipping and the BEST customer service!",133,,"MidWest Wire Dog Exercise Pen with Step-Thru Door, Black E-Coat, 24-in",1,midwest-wire-dog-exercise-pen-step,True,True,False,False,True,True,True,False,53,332,3,,,,,,,,,,,,,,1.0
PDP,Meta,Duplicate page title,https://www.chewy.com/worlds-best-unscented-clumping-corn/dp/358757,True,Make titles unique at the page/template level.,World's Best Unscented Clumping Corn Cat Litter (Free Shipping) | Chewy,World's Best Unscented Clumping Corn Cat Litter (Free Shipping) | Chewy,71,"Buy World's Best Comfort Care Unscented Clumping Corn Litter, 15-lb bag at Chewy.com. FREE shipping and the BEST customer service!",130,,"World's Best Comfort Care Unscented Clumping Corn Litter, 15-lb bag",1,worlds-best-unscented-clumping-corn,True,True,False,False,True,True,True,True,6,331,3,,,,,,,,,,,,,,1.0
PDP,Meta,Duplicate page title,https://www.chewy.com/etodolac-generic-tablets/dp/1069694,True,Make titles unique at the page/template level.,"ETODOLAC (Generic) Tablets, 400-mg - Easy Refills | Chewy Rx","ETODOLAC (Generic) Tablets, 400-mg - Easy Refills | Chewy Rx",60,"Etodolac is a non-steroidal anti-inflammatory drug (NSAID) used to treat mild to moderate pain, osteoarthritis and rheumatoid arthritis. It may also be prescribed to treat other conditions that cause pain, whether temporary or chronic, as well as fever and joint stiffness. Customers may receive this drug under the names EtoGesic, Lodine.",339,,"Etodolac (Generic) Tablets, 400-mg, 30 tablets",1,etodolac-generic-tablets,True,False,False,False,True,True,True,True,4,310,3,,,,,,,,,,,,,,1.0
PDP,Meta,Duplicate page title,https://www.chewy.com/vetericyn-plus-antimicrobial-wound/dp/133990,True,Make titles unique at the page/template level.,Vetericyn Plus Antimicrobial Wound & Skin Care Pet Spray | Chewy (Free Shipping),Vetericyn Plus Antimicrobial Wound & Skin Care Pet Spray | Chewy (Free Shipping),80,"Buy Vetericyn Plus Antimicrobial Wound Care Spray for Dogs, Cats, Horses, Birds & Small Pets, 3-fl oz bottle at Chewy.com. FREE shipping and the BEST customer service!",167,,"Vetericyn Plus Antimicrobial Wound Care Spray for Dogs, Cats, Horses, Birds & Small Pets, 3-fl oz bottle",1,vetericyn-plus-antimicrobial-wound,True,False,False,False,True,True,True,True,228,329,3,,,,,,,,,,,,,,1.0
PDP,Meta,Duplicate page title,https://www.chewy.com/absorbine-hooflex-thrush-remedy/dp/226131,True,Make titles unique at the page/template level.,"ABSORBINE Hooflex Thrush Remedy Bactericidal & Fungicidal Horse Thrush Treatment, 12-fl oz bottle - Chewy.com","ABSORBINE Hooflex Thrush Remedy Bactericidal & Fungicidal Horse Thrush Treatment, 12-fl oz bottle - Chewy.com",109,"Buy Absorbine Hooflex Thrush Remedy Bactericidal & Fungicidal Horse Thrush Treatment, 12-fl oz bottle at Chewy.com. FREE shipping and the BEST customer service!",160,,"Absorbine Hooflex Thrush Remedy Bactericidal & Fungicidal Horse Thrush Treatment, 12-fl oz bottle",1,absorbine-hooflex-thrush-remedy,True,True,False,False,True,True,True,True,72,329,3,,,,,,,,,,,,,,4.0
PDP,Meta,Duplicate page title,https://www.chewy.com/purina-beneful-healthy-weight-farm/dp/975174,True,Make titles unique at the page/template level.,Purina Beneful Healthy Weight with Real Chicken Dry Dog Food | Chewy (Free Shipping),Purina Beneful Healthy Weight with Real Chicken Dry Dog Food | Chewy (Free Shipping),84,"Buy Purina Beneful Healthy Weight with Farm-Raised Chicken Dry Dog Food, 36-lb bag at Chewy.com. FREE shipping and the BEST customer service!",141,,"Purina Beneful Healthy Weight with Farm-Raised Chicken Dry Dog Food, 36-lb bag",1,purina-beneful-healthy-weight-farm,True,True,False,False,True,True,True,True,87,330,3,,,,,,,,,,,,,,1.0
PDP,Meta,Duplicate page title,https://www.chewy.com/iams-proactive-health-healthy-weight/dp/47567,True,Make titles unique at the page/template level.,Iams ProActive Health Adult Healthy Weight Dry Dog Food | Chewy (Free Shipping),Iams ProActive Health Adult Healthy Weight Dry Dog Food | Chewy (Free Shipping),79,"Buy Iams Proactive Health Adult Healthy Weight Control with Real Chicken Dry Dog Food, 29.1-lb bag at Chewy.com. FREE shipping and the BEST customer service!",157,,"Iams Proactive Health Adult Healthy Weight Control with Real Chicken Dry Dog Food, 29.1-lb bag",1,iams-proactive-health-healthy-weight,True,True,False,False,True,True,True,True,63,331,3,needs,2832.0,good,0.075,,,,,,,,,,6.0
PDP,Meta,Duplicate page title,https://www.chewy.com/purina-pro-plan-adult-large-breed/dp/52396,True,Make titles unique at the page/template level.,Purina Pro Plan Adult Large Breed Chicken & Rice Dry Dog Food | Chewy,Purina Pro Plan Adult Large Breed Chicken & Rice Dry Dog Food | Chewy,69,"Buy Purina Pro Plan Adult Large Breed High Protein Chicken & Rice Dry Dog Food, 34-lb bag at Chewy.com. FREE shipping and the BEST customer service!",148,purina large breed dog food and treats,"Purina Pro Plan Adult Large Breed High Protein Chicken & Rice Dry Dog Food, 34-lb bag",1,purina-pro-plan-adult-large-breed,True,True,False,False,True,True,True,True,148,330,3,,,,,,,1,1,8.0,1,0,0,0,1.0
PDP,Meta,Duplicate page title,https://www.chewy.com/purina-pro-plan-adult-small-breed/dp/52399,True,Make titles unique at the page/template level.,Purina Pro Plan Focus Adult Small Breed Formula Dry Dog Food | Chewy (Free Shipping),Purina Pro Plan Focus Adult Small Breed Formula Dry Dog Food | Chewy (Free Shipping),84,"Buy Purina Pro Plan Adult Small Breed Chicken & Rice Formula Dry Dog Food, 18-lb bag at Chewy.com. FREE shipping and the BEST customer service!",143,,"Purina Pro Plan Adult Small Breed Chicken & Rice Formula Dry Dog Food, 18-lb bag",1,purina-pro-plan-adult-small-breed,True,True,False,False,True,True,True,True,115,329,3,,,,,,,,,,,,,,1.0
PDP,Meta,Duplicate page title,https://www.chewy.com/purina-pro-plan-sport-small-bites-all/dp/52434,True,Make titles unique at the page/template level.,Purina Pro Plan Focus All Life Stages Small Bites Lamb & Rice Formula Dry Dog Food | Chewy,Purina Pro Plan Focus All Life Stages Small Bites Lamb & Rice Formula Dry Dog Food | Chewy,90,"Buy Purina Pro Plan Sport Small Bites All Life Stages High-Protein Lamb & Rice Formula Dry Dog Food, 37.5-lb bag at Chewy.com. FREE shipping and the BEST customer service!",171,,"Purina Pro Plan Sport Small Bites All Life Stages High-Protein Lamb & Rice Formula Dry Dog Food, 37.5-lb bag",1,purina-pro-plan-sport-small-bites-all,True,True,False,False,True,True,True,True,255,327,3,good,2190.0,good,0.06,,,,,,,,,,3.0
PDP,Meta,Duplicate page title,https://www.chewy.com/benazepril-hcl-generic-tablets/dp/936462,True,Make titles unique at the page/template level.,"BENAZEPRIL HCl (Generic) Tablets, 5-mg - Easy Refills | Chewy Rx","BENAZEPRIL HCl (Generic) Tablets, 5-mg - Easy Refills | Chewy Rx",64,"Benazepril HCI is a prescription medication used to treat heart failure, high blood pressure and some forms of kidney disease. It helps by blocking a natural enzyme called angiotensin, which is normally part of a reaction in the body that causes the blood vessels to narrow. When medication blocks this enzyme, it allows blood vessels to relax and dilate, which may lower blood pressure.",387,,"Benazepril HCl (Generic) Tablets, 5-mg, 120 tablets",1,benazepril-hcl-generic-tablets,True,False,False,False,True,True,True,True,6,323,3,,,,,,,,,,,,,,1.0
PDP,Meta,Duplicate page title,https://www.chewy.com/outward-hound-hide-squirrel-squeaky/dp/113783,True,Make titles unique at the page/template level.,Outward Hound Hide A Squirrel Squeaky Puzzle Plush Dog Toy | Chewy (Free Shipping),Outward Hound Hide A Squirrel Squeaky Puzzle Plush Dog Toy | Chewy (Free Shipping),82,"Buy Outward Hound Hide-A-Squirrel Interactive Squeaky Puzzle Plush Dog Toy, Small at Chewy.com. FREE shipping and the BEST customer service!",140,,"Outward Hound Hide-A-Squirrel Interactive Squeaky Puzzle Plush Dog Toy, Small",1,outward-hound-hide-squirrel-squeaky,True,True,False,False,True,True,True,True,36,332,3,,,,,,,,,,,,,,1.0
PDP,Meta,Duplicate page title,https://www.chewy.com/frisco-bone-dog-curry-brush/dp/233452,True,Make titles unique at the page/template level.,FRISCO Bone Dog Curry Brush - Chewy.com,FRISCO Bone Dog Curry Brush - Chewy.com,39,Buy Frisco Bone Dog Curry Brush at Chewy.com. FREE shipping and the BEST customer service!,90,,Frisco Bone Dog Curry Brush,1,frisco-bone-dog-curry-brush,True,True,False,False,True,True,True,True,43,317,3,,,,,,,,,,,,,,1.0
PDP,Meta,Duplicate page title,https://www.chewy.com/nutramax-dasuquin-hip-joint-soft/dp/35850,True,Make titles unique at the page/template level.,"NUTRAMAX Dasuquin with MSM Hip & Joint Soft Chews Joint Supplement for Large Dogs, 84 count - Chewy.com","NUTRAMAX Dasuquin with MSM Hip & Joint Soft Chews Joint Supplement for Large Dogs, 84 count - Chewy.com",103,"Buy Nutramax Dasuquin with MSM Hip & Joint Soft Chews Joint Supplement for Large Dogs, 84 count at Chewy.com. FREE shipping and the BEST customer service!",154,,"Nutramax Dasuquin with MSM Hip & Joint Soft Chews Joint Supplement for Large Dogs, 84 count",1,nutramax-dasuquin-hip-joint-soft,True,True,False,False,True,True,True,True,6,329,3,good,2356.0,good,0.0,,,,,,,,,,2.0
PDP,Meta,Duplicate page title,https://www.chewy.com/nutramax-dasuquin-hip-joint-chewable/dp/35847,True,Make titles unique at the page/template level.,Nutramax Dasuquin Joint Health Small/Medium Dog Supplement | Chewy (Free Shipping),Nutramax Dasuquin Joint Health Small/Medium Dog Supplement | Chewy (Free Shipping),82,"Buy Nutramax Dasuquin Hip & Joint Chewable Tablets Joint Supplement for Small & Medium Dogs, 150 count at Chewy.com. FREE shipping and the BEST customer service!",161,nutramax dasuquin,"Nutramax Dasuquin Hip & Joint Chewable Tablets Joint Supplement for Small & Medium Dogs, 150 count",1,nutramax-dasuquin-hip-joint-chewable,True,True,False,False,True,True,True,True,54,323,3,,,,,,,1,1,,0,0,0,1,1.0
PDP,Meta,Duplicate page title,https://www.chewy.com/jolly-pets-14-push-n-play-dog-toy/dp/116172,True,Make titles unique at the page/template level.,"JOLLY PETS 14"" Push-n-Play Dog Toy, Red - Chewy.com","JOLLY PETS 14"" Push-n-Play Dog Toy, Red - Chewy.com",51,"Buy Jolly Pets 14"" Push-n-Play Dog Toy, Red at Chewy.com. FREE shipping and the BEST customer service!",102,,"Jolly Pets 14"" Push-n-Play Dog Toy, Red",1,jolly-pets-14-push-n-play-dog-toy,False,False,False,False,True,True,True,True,1,330,3,,,,,,,,,,,,,,
PDP,Meta,Duplicate page title,https://www.chewy.com/handson-all-in-one-pet-bathing/dp/274817,True,Make titles unique at the page/template level.,"HANDSON All-In-One Pet Bathing & Grooming Gloves, Green, Large - Chewy.com","HANDSON All-In-One Pet Bathing & Grooming Gloves, Green, Large - Chewy.com",74,"Buy HandsOn All-In-One Pet Bathing & Grooming Gloves, Green, Large at Chewy.com. FREE shipping and the BEST customer service!",125,,"HandsOn All-In-One Pet Bathing & Grooming Gloves, Green, Large",1,handson-all-in-one-pet-bathing,False,False,False,False,True,True,True,True,1,336,3,,,,,,,,,,,,,,
PDP,Meta,Duplicate page title,https://www.chewy.com/ware-scatterless-lock-n-litter-small/dp/128634,True,Make titles unique at the page/template level.,Ware Scatterless Lock-N-Litter Small Animal Litter Pan | Chewy (Free Shipping),Ware Scatterless Lock-N-Litter Small Animal Litter Pan | Chewy (Free Shipping),78,"Buy Ware Scatterless Lock-N-Litter Small Animal Litter Pan, Regular at Chewy.com. FREE shipping and the BEST customer service!",126,,"Ware Scatterless Lock-N-Litter Small Animal Litter Pan, Regular",1,ware-scatterless-lock-n-litter-small,True,True,False,False,True,True,True,True,65,326,3,,,,,,,,,,,,,,1.0
PDP,Meta,Duplicate page title,https://www.chewy.com/acetazolamide-generic-tablets/dp/724102,True,Make titles unique at the page/template level.,"ACETAZOLAMIDE (Generic) Tablets, 125-mg - Easy Refills | Chewy Rx","ACETAZOLAMIDE (Generic) Tablets, 125-mg - Easy Refills | Chewy Rx",65,"Acetazolamide is a diuretic (water pill) used to treat elevated potassium levels in horses with HYPP (Hyperkalemic Periodic Paralysis), an inherited disease. Acetazolamide is also sometimes prescribed by veterinarians for the treatment of glaucoma in dogs and cats.**We directly source prescription medications from manufacturers and wholesale distributors registered with the FDA and licensed by applicable state boards.",421,,"Acetazolamide (Generic) Tablets, 125-mg, 60 tablets",1,acetazolamide-generic-tablets,True,False,False,False,True,True,True,True,6,312,3,,,,,,,,,,,,,,
PDP,Meta,Duplicate page title,https://www.chewy.com/kong-wild-knots-bear-dog-toy-color/dp/47882,True,Make titles unique at the page/template level.,"KONG Wild Knots Bear Dog Toy, Color Varies (Free Shipping) | Chewy","KONG Wild Knots Bear Dog Toy, Color Varies (Free Shipping) | Chewy",66,"Buy KONG Wild Knots Bear Dog Toy, Color Varies, Medium/Large at Chewy.com. FREE shipping and the BEST customer service!",119,,"KONG Wild Knots Bear Dog Toy, Color Varies, Medium/Large",1,kong-wild-knots-bear-dog-toy-color,True,True,False,False,True,True,True,True,70,328,3,,,,,,,,,,,,,,1.0
PDP,Meta,Duplicate page title,https://www.chewy.com/sentinel-tablet-dogs-26-50-lbs-yellow/dp/173279,True,Make titles unique at the page/template level.,"SENTINEL Flavor Tabs for Dogs, 26-50 lbs, (Yellow Box) - Easy Refills | Chewy Rx","SENTINEL Flavor Tabs for Dogs, 26-50 lbs, (Yellow Box) - Easy Refills | Chewy Rx",80,"**Your furry friend must have a current heartworm test result on file with your veterinarian in order to be prescribed heartworm medication. Please visit your veterinarian to have this test performed annually to protect your four-legged friend.** Sentinel is a monthly oral preventive prescription that guards against heartworms, adult roundworms, adult hookworms, whipworms, and prevents the development of flea eggs.",418,sentinel tablet for dogs 26-50 lbs yellow box 6 tablets (6-mos. supply,"Sentinel Flavor Tabs for Dogs, 26-50 lbs, (Yellow Box), 6 Tablets (6-mos. supply)",1,sentinel-tablet-dogs-26-50-lbs-yellow,True,True,False,False,True,True,True,True,41,322,3,needs,2541.0,good,0.055,,,1,1,1.0,1,0,0,0,7.0
PDP,Meta,Duplicate page title,https://www.chewy.com/sentinel-tablet-dogs-51-100-lbs-white/dp/173281,True,Make titles unique at the page/template level.,"SENTINEL Flavor Tabs for Dogs, 51-100 lbs, (White Box) - Easy Refills | Chewy Rx","SENTINEL Flavor Tabs for Dogs, 51-100 lbs, (White Box) - Easy Refills | Chewy Rx",80,"**Your furry friend must have a current heartworm test result on file with your veterinarian in order to be prescribed heartworm medication. Please visit your veterinarian to have this test performed annually to protect your four-legged friend.** Sentinel is a monthly oral preventive prescription that protects your pet against heartworms, adult roundworms, adult hookworms, whipworms and prevents the development of flea eggs.",428,sentinel tablet for dogs 51-100 lbs white box 6 tablets (6-mos. supply,"Sentinel Flavor Tabs for Dogs, 51-100 lbs, (White Box), 6 Tablets (6-mos. supply)",1,sentinel-tablet-dogs-51-100-lbs-white,True,True,False,False,True,True,True,True,50,322,3,needs,2536.0,good,0.07,,,1,1,1.0,1,0,0,0,5.0
PDP,Meta,Duplicate page title,https://www.chewy.com/sentinel-tablet-dogs-11-25-lbs-green/dp/323053,True,Make titles unique at the page/template level.,"SENTINEL Flavor Tabs for Dogs, 11-25 lbs, (Green Box) - Easy Refills | Chewy Rx","SENTINEL Flavor Tabs for Dogs, 11-25 lbs, (Green Box) - Easy Refills | Chewy Rx",79,"**Your furry friend must have a current heartworm test result on file with your veterinarian in order to be prescribed heartworm medication. Please visit your veterinarian to have this test performed annually to protect your four-legged friend.** Sentinel is a monthly oral preventive prescription that guards against heartworms, adult roundworms, adult hookworms, whipworms, and prevents the development of flea eggs.",418,,"Sentinel Flavor Tabs for Dogs, 11-25 lbs, (Green Box), 12 Tablets (12-mos. supply)",1,sentinel-tablet-dogs-11-25-lbs-green,True,False,False,False,True,True,True,True,4,322,3,,,,,,,,,,,,,,1.0
PDP,Meta,Duplicate page title,https://www.chewy.com/acepromazine-maleate-generic-tablets/dp/173354,True,Make titles unique at the page/template level.,"ACEPROMAZINE Maleate (Generic) Tablets for Dogs, 10-mg - Easy Refills | Chewy Rx","ACEPROMAZINE Maleate (Generic) Tablets for Dogs, 10-mg - Easy Refills | Chewy Rx",80,"Acepromazine Maleate is a prescription medication for dogs who need tranquilization. This medication is not a pain reliever but can be used to sedate animals for minor procedures, such as nail trims. It comes in an uncoated tablet form, so you can easily hide it in a pill pocket and give it as a tasty treat or disguise it in your dog's favorite wet food.",356,,"Acepromazine Maleate (Generic) Tablets for Dogs, 10-mg, 1 tablet",1,acepromazine-maleate-generic-tablets,True,True,False,False,True,True,True,True,9,322,3,,,,,,,,,,,,,,1.0
PDP,Meta,Duplicate page title,https://www.chewy.com/bravecto-topical-solution-dogs-99-22/dp/172895,True,Make titles unique at the page/template level.,"BRAVECTO TOPICAL SOLUTION for Dogs, 9.9-22 lbs, (Orange Box) - Easy Refills | Chewy Rx","BRAVECTO TOPICAL SOLUTION for Dogs, 9.9-22 lbs, (Orange Box) - Easy Refills | Chewy Rx",86,"BRAVECTO (fluralaner topical solution) for Dogs provides up to 12 weeks* of powerful flea and tick protection in just one dose. Vet-recommended and FDA-approved, BRAVECTO starts killing fleas and ticks within hours, prevents flea infestations, kills ticks (black-legged tick, American dog tick and brown dog tick) for 12 weeks* and kills lone star ticks for 8 weeks.**IMPORTANT SAFETY INFORMATION:**BRAVECTO (fluralaner topical solution) for Dogs: The most commonly reported adverse reactions include vomiting, hair loss, diarrhea, lethargy, decreased appetite, and moist dermatitis/rash.",588,,"Bravecto TOPICAL SOLUTION for Dogs, 9.9-22 lbs, (Orange Box), 1 Dose (12-wks. supply)",1,bravecto-topical-solution-dogs-99,True,True,False,False,True,True,True,True,173,321,3,good,2297.0,good,0.04,,,,,,,,,,3.0
PDP,Meta,Duplicate page title,https://www.chewy.com/temaril-p-trimeprazine-tartrate/dp/173144,True,Make titles unique at the page/template level.,TEMARIL-P (trimeprazine tartrate with prednisolone) Tablets for Dogs - Easy Refills | Chewy Rx,TEMARIL-P (trimeprazine tartrate with prednisolone) Tablets for Dogs - Easy Refills | Chewy Rx,94,"Temaril-P is an oral medication prescribed to relieve irritation of the throat and coughing associated with allergic bronchitis. This easy-to-administer medication helps to relieve itching and inflammation due to allergies and other causes, working to prevent and suppress coughing. Plus, it comes in a tablet form, so you can feed it by mouth.",344,,"Temaril-P (trimeprazine tartrate with prednisolone) Tablets for Dogs, 1 tablet",1,temaril-p-trimeprazine-tartrate,True,True,False,False,True,True,True,True,51,319,3,,,,,,,,,,,,,,2.0
PDP,Meta,Duplicate page title,https://www.chewy.com/dermallay-oatmeal-shampoo-dogs-cats/dp/126811,True,Make titles unique at the page/template level.,"DERMALLAY Oatmeal Shampoo for Dogs, Cats & Horses, 12-fl oz bottle - Chewy.com","DERMALLAY Oatmeal Shampoo for Dogs, Cats & Horses, 12-fl oz bottle - Chewy.com",78,"Buy DermAllay Oatmeal Shampoo for Dogs, Cats & Horses, 12-fl oz bottle at Chewy.com. FREE shipping and the BEST customer service!",129,,"DermAllay Oatmeal Shampoo for Dogs, Cats & Horses, 12-fl oz bottle",1,dermallay-oatmeal-shampoo-dogs-cats,True,True,False,False,True,True,True,True,183,330,3,good,1944.0,good,0.06,,,,,,,,,,2.0
PDP,Meta,Duplicate page title,https://www.chewy.com/julius-k9-idc-powerharness-nylon/dp/167505,True,Make titles unique at the page/template level.,Julius-K9 IDC Powerharness Dog Harness (Free Shipping) | Chewy,Julius-K9 IDC Powerharness Dog Harness (Free Shipping) | Chewy,62,"Buy Julius-K9 IDC Powerharness Nylon Reflective No Pull Dog Harness, Aquamarine, Size 2: 28 to 37.5-in chest at Chewy.com. FREE shipping and the BEST customer service!",167,,"Julius-K9 IDC Powerharness Nylon Reflective No Pull Dog Harness, Aquamarine, Size 2: 28 to 37.5-in chest",1,julius-k9-idc-powerharness-nylon,True,True,False,False,True,True,True,True,79,344,3,,,,,,,,,,,,,,1.0
PDP,Meta,Duplicate page title,https://www.chewy.com/doxycycline-monohydrate-generic/dp/1068830,True,Make titles unique at the page/template level.,"DOXYCYCLINE Monohydrate (Generic), 100-mg - Easy Refills | Chewy Rx","DOXYCYCLINE Monohydrate (Generic), 100-mg - Easy Refills | Chewy Rx",67,"Doxycycline is a broad spectrum antibiotic that is a member of the tetracycline family. It is used to fight bacterial infections in dogs and cats. Doxycycline is used to treat many different bacterial infections including, leptospirosis, toxoplasmosis, mycoplasma, psittacosis, and tick borne diseases including Lyme disease, ehrlichiosis, and Rocky Mountain spotted fever.",373,,"Doxycycline Monohydrate (Generic), 100-mg, 120 capsules",1,doxycycline-monohydrate-generic,True,False,False,False,True,True,True,True,5,322,3,,,,,,,,,,,,,,1.0
PDP,Meta,Duplicate page title,https://www.chewy.com/dremel-7350-pt-cordless-dog-cat/dp/390018,True,Make titles unique at the page/template level.,DREMEL 7350-PT Cordless Dog & Cat Rotary Nail Grinder Kit - Chewy.com,DREMEL 7350-PT Cordless Dog & Cat Rotary Nail Grinder Kit - Chewy.com,69,Buy Dremel 7350-PT Cordless Dog & Cat Rotary Nail Grinder Kit at Chewy.com. FREE shipping and the BEST customer service!,120,,Dremel 7350-PT Cordless Dog & Cat Rotary Nail Grinder Kit,1,dremel-7350-pt-cordless-dog-cat,True,True,False,False,True,True,True,True,94,328,3,,,,,,,,,,,,,,2.0
PDP,Meta,Duplicate page title,https://www.chewy.com/purina-one-smartblend-vibrant/dp/37687,True,Make titles unique at the page/template level.,Purina ONE SmartBlend Vibrant Maturity 7+ Adult Formula Dry Dog Food | Chewy (Free Shipping),Purina ONE SmartBlend Vibrant Maturity 7+ Adult Formula Dry Dog Food | Chewy (Free Shipping),92,"Buy Purina ONE SmartBlend Vibrant Maturity 7+ Chicken Formula Adult Premium Dry Dog Food, 31.1-lb bag at Chewy.com. FREE shipping and the BEST customer service!",160,,"Purina ONE SmartBlend Vibrant Maturity 7+ Chicken Formula Adult Premium Dry Dog Food, 31.1-lb bag",1,purina-one-smartblend-vibrant,True,True,False,False,True,True,True,True,194,334,3,good,2319.0,good,0.06999999999999999,,,,,,,,,,1.0
PDP,Meta,Duplicate page title,https://www.chewy.com/kong-h2o-stainless-steel-dog-water/dp/136628,True,Make titles unique at the page/template level.,KONG H2O Stainless Steel Dog Water Bottle (Free Shipping) | Chewy,KONG H2O Stainless Steel Dog Water Bottle (Free Shipping) | Chewy,65,"Buy KONG H2O Stainless Steel Dog Water Bottle, Orange, 25-oz at Chewy.com. FREE shipping and the BEST customer service!",119,,"KONG H2O Stainless Steel Dog Water Bottle, Orange, 25-oz",1,kong-h2o-stainless-steel-dog-water,True,True,False,False,True,True,True,True,98,320,3,,,,,,,,,,,,,,1.0
PDP,Meta,Duplicate page title,https://www.chewy.com/sildenafil-generic-tablets/dp/1292950,True,Make titles unique at the page/template level.,"SILDENAFIL (Generic) Tablets, 20 mg - Easy Refills | Chewy Rx","SILDENAFIL (Generic) Tablets, 20 mg - Easy Refills | Chewy Rx",61,Sildenafil (Generic) Tablets are mainly prescribed for dogs and occasionally cats to treat high blood pressure in the lungs. This vasodilator comes in tablet form. **We directly source prescription medications from manufacturers and wholesale distributors registered with the FDA and licensed by applicable state boards.,320,,"Sildenafil (Generic) Tablets, 20 mg, 120 tablets",1,sildenafil-generic-tablets,True,False,False,False,True,True,True,True,4,321,3,,,,,,,,,,,,,,1.0
PDP,Meta,Duplicate page title,https://www.chewy.com/oxbow-timothy-club-bungalow-small/dp/123701,True,Make titles unique at the page/template level.,"OXBOW Timothy Club Bungalow Small Animal Hideout, Medium - Chewy.com","OXBOW Timothy Club Bungalow Small Animal Hideout, Medium - Chewy.com",68,"Buy Oxbow Timothy Club Bungalow Small Animal Hideout, Medium at Chewy.com. FREE shipping and the BEST customer service!",119,,"Oxbow Timothy Club Bungalow Small Animal Hideout, Medium",1,oxbow-timothy-club-bungalow-small,True,True,False,False,True,True,True,True,20,329,3,,,,,,,,,,,,,,1.0
PDP,Meta,Duplicate page title,https://www.chewy.com/miracle-care-kwik-stop-styptic-powder/dp/111488,True,Make titles unique at the page/template level.,"MIRACLE CARE Kwik-Stop Styptic Powder for Dogs, Cats & Birds, 0.5-oz jar - Chewy.com","MIRACLE CARE Kwik-Stop Styptic Powder for Dogs, Cats & Birds, 0.5-oz jar - Chewy.com",84,"Buy Miracle Care Kwik-Stop Styptic Powder for Dogs, Cats & Birds, 0.5-oz jar at Chewy.com. FREE shipping and the BEST customer service!",135,,"Miracle Care Kwik-Stop Styptic Powder for Dogs, Cats & Birds, 0.5-oz jar",1,miracle-care-kwik-stop-styptic-powder,True,True,False,False,True,True,True,True,310,325,3,,,,,,,,,,,,,,1.0
PDP,Meta,Duplicate page title,https://www.chewy.com/cefpodoxime-proxetil-generic-tablets/dp/173420,True,Make titles unique at the page/template level.,"CEFPODOXIME Proxetil (Generic) Tablets for Dogs, 200-mg - Easy Refills | Chewy Rx","CEFPODOXIME Proxetil (Generic) Tablets for Dogs, 200-mg - Easy Refills | Chewy Rx",81,"Cefpodoxime Proxetil is a prescription medication for dogs to treat bacterial infections of the skin including wounds and abscesses, as well as bladder and respiratory infections. Plus, since this medication comes in an uncoated tablet form, it can be easily disguised in your dogs favorite food. Customers may receive this drug under the names Simplicef, Vantin.",363,,"Cefpodoxime Proxetil (Generic) Tablets for Dogs, 200-mg, 1 tablet",1,cefpodoxime-proxetil-generic-tablets,True,True,False,False,True,True,True,True,157,322,3,,,,,,,,,,,,,,10.0
PDP,Meta,Duplicate page title,https://www.chewy.com/cs-peanut-delight-no-melt-suet-dough/dp/133223,True,Make titles unique at the page/template level.,C&S Peanut Delight No Melt Suet Dough Wild Bird Food (Free Shipping) | Chewy,C&S Peanut Delight No Melt Suet Dough Wild Bird Food (Free Shipping) | Chewy,76,"Buy C&S Peanut Delight No Melt Suet Dough Wild Bird Food, 11.75-oz tray, 1 count at Chewy.com. FREE shipping and the BEST customer service!",139,,"C&S Peanut Delight No Melt Suet Dough Wild Bird Food, 11.75-oz tray, 1 count",1,cs-peanut-delight-no-melt-suet-dough,True,True,False,False,True,True,True,True,38,329,3,,,,,,,,,,,,,,1.0
PDP,Meta,Duplicate page title,https://www.chewy.com/api-quick-start-freshwater-saltwater/dp/122056,True,Make titles unique at the page/template level.,API Quick Start Freshwater & Saltwater Aquarium Water Treatment | Chewy (Free Shipping),API Quick Start Freshwater & Saltwater Aquarium Water Treatment | Chewy (Free Shipping),87,"Buy API Quick Start Freshwater & Saltwater Aquarium Water Treatment, 16-fl oz bottle at Chewy.com. FREE shipping and the BEST customer service!",143,,"API Quick Start Freshwater & Saltwater Aquarium Water Treatment, 16-fl oz bottle",1,api-quick-start-freshwater-saltwater,True,True,False,False,True,True,True,True,139,332,3,,,,,,,,,,,,,,2.0
PDP,Meta,Duplicate page title,https://www.chewy.com/revolt-topical-solution-cats-151-22/dp/316887,True,Make titles unique at the page/template level.,"REVOLT Topical Solution for Cats, 15.1-22 lbs, (Taupe Box) - Easy Refills | Chewy Rx","REVOLT Topical Solution for Cats, 15.1-22 lbs, (Taupe Box) - Easy Refills | Chewy Rx",84,Parasite prevention is easier with our award-winning Twist-N-Apply tube. Simply twist the tip to break the seal and apply! No need to remove the cap. Protect your pet from pesky pests with Revolt Topical Solution for Cats®.,223,,"Revolt Topical Solution for Cats, 15.1-22 lbs, (Taupe Box), 6 Doses (6-mos. supply)",1,revolt-topical-solution-cats-151,True,True,False,False,True,True,True,True,30,309,3,,,,,,,,,,,,,,1.0
PDP,Meta,Duplicate page title,https://www.chewy.com/benebone-bacon-flavor-tough-puppy/dp/200110,True,Make titles unique at the page/template level.,"BENEBONE Bacon Flavor Tough Puppy Chew Toy, 2 count - Chewy.com","BENEBONE Bacon Flavor Tough Puppy Chew Toy, 2 count - Chewy.com",63,"Buy Benebone Bacon Flavor Tough Puppy Chew Toy, 2 count at Chewy.com. FREE shipping and the BEST customer service!",114,benebone reviews,"Benebone Bacon Flavor Tough Puppy Chew Toy, 2 count",1,benebone-bacon-flavor-tough-puppy,True,True,False,False,True,True,True,True,106,330,3,,,,,,,1,1,16.0,0,1,0,0,1.0
PDP,Meta,Duplicate page title,https://www.chewy.com/hills-natural-fruity-snacks/dp/137658,True,Make titles unique at the page/template level.,"HILL'S Natural Fruity Snacks with Cranberries & Oatmeal Crunchy Dog Treats, 8-oz bag - Chewy.com","HILL'S Natural Fruity Snacks with Cranberries & Oatmeal Crunchy Dog Treats, 8-oz bag - Chewy.com",96,"Buy Hill's Natural Fruity Snacks with Cranberries & Oatmeal Crunchy Dog Treats, 8-oz bag at Chewy.com. FREE shipping and the BEST customer service!",147,,"Hill's Natural Fruity Snacks with Cranberries & Oatmeal Crunchy Dog Treats, 8-oz bag",1,hills-natural-fruity-snacks,True,True,False,False,True,True,True,True,108,324,3,,,,,,,,,,,,,,1.0
PDP,Meta,Duplicate page title,https://www.chewy.com/nutro-crunchy-real-mixed-berries-dog/dp/46908,True,Make titles unique at the page/template level.,Nutro Crunchy with Real Mixed Berries Dog Treats (Free Shipping) | Chewy,Nutro Crunchy with Real Mixed Berries Dog Treats (Free Shipping) | Chewy,72,"Buy Nutro Crunchy with Real Mixed Berries Dog Treats, 10-oz bag at Chewy.com. FREE shipping and the BEST customer service!",122,,"Nutro Crunchy with Real Mixed Berries Dog Treats, 10-oz bag",1,nutro-crunchy-real-mixed-berries-dog,True,True,False,False,True,True,True,True,58,328,3,,,,,,,,,,,,,,1.0
PDP,Meta,Duplicate page title,https://www.chewy.com/iams-proactive-health-minichunks/dp/47782,True,Make titles unique at the page/template level.,Iams ProActive Health Adult MiniChunks Dry Dog Food (Free Shipping) | Chewy,Iams ProActive Health Adult MiniChunks Dry Dog Food (Free Shipping) | Chewy,75,"Buy Iams Proactive Health Minichunks with Real Chicken & Whole Grains Dry Dog Food, 3.3-lb bag at Chewy.com. FREE shipping and the BEST customer service!",153,,"Iams Proactive Health Minichunks with Real Chicken & Whole Grains Dry Dog Food, 3.3-lb bag",1,iams-proactive-health-minichunks,True,True,False,False,True,True,True,True,19,335,3,,,,,,,,,,,,,,1.0
PDP,Meta,Duplicate page title,https://www.chewy.com/iams-proactive-health-minichunks/dp/3782302,True,Make titles unique at the page/template level.,Iams ProActive Health Adult MiniChunks Dry Dog Food (Free Shipping) | Chewy,Iams ProActive Health Adult MiniChunks Dry Dog Food (Free Shipping) | Chewy,75,"Buy Iams Proactive Health Minichunks with Real Chicken & Whole Grains Dry Dog Food, 5-lb bag at Chewy.com. FREE shipping and the BEST customer service!",151,,"Iams Proactive Health Minichunks with Real Chicken & Whole Grains Dry Dog Food, 5-lb bag",1,iams-proactive-health-minichunks,True,True,False,False,True,True,True,True,9,334,3,,,,,,,,,,,,,,1.0
PDP,Meta,Duplicate page title,https://www.chewy.com/iams-proactive-health-minichunks/dp/52945,True,Make titles unique at the page/template level.,Iams ProActive Health Adult MiniChunks Dry Dog Food (Free Shipping) | Chewy,Iams ProActive Health Adult MiniChunks Dry Dog Food (Free Shipping) | Chewy,75,"Buy Iams Proactive Health Minichunks with Real Chicken & Whole Grains Dry Dog Food, 15-lb bag at Chewy.com. FREE shipping and the BEST customer service!",152,,"Iams Proactive Health Minichunks with Real Chicken & Whole Grains Dry Dog Food, 15-lb bag",1,iams-proactive-health-minichunks,True,True,False,False,True,True,True,True,10,335,3,,,,,,,,,,,,,,1.0
PDP,Meta,Duplicate page title,https://www.chewy.com/iams-proactive-health-minichunks/dp/131680,True,Make titles unique at the page/template level.,Iams ProActive Health Adult MiniChunks Dry Dog Food (Free Shipping) | Chewy,Iams ProActive Health Adult MiniChunks Dry Dog Food (Free Shipping) | Chewy,75,"Buy Iams Proactive Health Minichunks with Real Chicken & Whole Grains Dry Dog Food, 38.5-lb bag at Chewy.com. FREE shipping and the BEST customer service!",154,iams minichunks for dogs,"Iams Proactive Health Minichunks with Real Chicken & Whole Grains Dry Dog Food, 38.5-lb bag",1,iams-proactive-health-minichunks,True,True,False,False,True,True,True,True,11,335,3,,,,,,,1,1,19.0,0,1,0,0,3.0
PDP,Meta,Duplicate page title,https://www.chewy.com/iams-proactive-health-minichunks/dp/137553,True,Make titles unique at the page/template level.,Iams ProActive Health Adult MiniChunks Dry Dog Food (Free Shipping) | Chewy,Iams ProActive Health Adult MiniChunks Dry Dog Food (Free Shipping) | Chewy,75,"Buy Iams Proactive Health Minichunks with Real Chicken & Whole Grains Dry Dog Food, 40-lb bag at Chewy.com. FREE shipping and the BEST customer service!",152,,"Iams Proactive Health Minichunks with Real Chicken & Whole Grains Dry Dog Food, 40-lb bag",1,iams-proactive-health-minichunks,True,True,False,False,True,True,True,True,17,335,3,,,,,,,,,,,,,,1.0
PDP,Meta,Duplicate page title,https://www.chewy.com/iams-proactive-health-minichunks/dp/382062,True,Make titles unique at the page/template level.,Iams ProActive Health Adult MiniChunks Dry Dog Food (Free Shipping) | Chewy,Iams ProActive Health Adult MiniChunks Dry Dog Food (Free Shipping) | Chewy,75,"Buy Iams Proactive Health Minichunks with Real Chicken & Whole Grains Dry Dog Food, 60-lb bundle at Chewy.com. FREE shipping and the BEST customer service!",155,,"Iams Proactive Health Minichunks with Real Chicken & Whole Grains Dry Dog Food, 60-lb bundle",1,iams-proactive-health-minichunks,True,False,False,False,True,True,True,True,12,336,3,,,,,,,,,,,,,,1.0
PDP,Meta,Duplicate page title,https://www.chewy.com/iams-proactive-health-minichunks/dp/762214,True,Make titles unique at the page/template level.,Iams ProActive Health Adult MiniChunks Dry Dog Food (Free Shipping) | Chewy,Iams ProActive Health Adult MiniChunks Dry Dog Food (Free Shipping) | Chewy,75,"Buy Iams Proactive Health Minichunks with Real Chicken & Whole Grains Dry Dog Food, 80-lb bundle at Chewy.com. FREE shipping and the BEST customer service!",155,,"Iams Proactive Health Minichunks with Real Chicken & Whole Grains Dry Dog Food, 80-lb bundle",1,iams-proactive-health-minichunks,True,False,False,False,True,True,True,True,17,334,3,,,,,,,,,,,,,,1.0
PDP,Meta,Duplicate page title,https://www.chewy.com/furosemide-generic-tablets-dogs-cats/dp/173527,True,Make titles unique at the page/template level.,"FUROSEMIDE (Generic) Tablets for Dogs & Cats, 12.5-mg - Easy Refills | Chewy Rx","FUROSEMIDE (Generic) Tablets for Dogs & Cats, 12.5-mg - Easy Refills | Chewy Rx",79,"Furosemide Tablets are prescribed in the treatment of swelling associated with heart failure, especially when the swelling is caused by water retention. It's a proven diuretic medication that helps remove excess fluid from the body and saluretic medication that helps remove excess sodium from the kidneys. By relieving the body of excess fluid and sodium, it helps to relieve inflammation and its unpleasant symptoms.",418,,"Furosemide (Generic) Tablets for Dogs & Cats, 12.5-mg, 1 tablet",1,furosemide-generic-tablets-dogs-cats,True,True,False,False,True,True,True,True,685,326,3,needs,2537.0,needs,0.155,,,,,,,,,,4.0
PDP,Meta,Duplicate page title,https://www.chewy.com/safari-wire-pin-brush-dogs/dp/46223,True,Make titles unique at the page/template level.,Safari Wire Pin Brush for Dogs | Chewy (Free Shipping),Safari Wire Pin Brush for Dogs | Chewy (Free Shipping),54,"Buy Safari Wire Pin Brush for Dogs, Small at Chewy.com. FREE shipping and the BEST customer service!",100,,"Safari Wire Pin Brush for Dogs, Small",1,safari-wire-pin-brush-dogs,True,True,False,False,True,True,True,True,2,329,3,,,,,,,,,,,,,,1.0
PDP,Meta,Duplicate page title,https://www.chewy.com/starmark-treat-dispensing-chew-ball/dp/45447,True,Make titles unique at the page/template level.,"STARMARK Treat Dispensing Chew Ball Tough Dog Toy, Large - Chewy.com","STARMARK Treat Dispensing Chew Ball Tough Dog Toy, Large - Chewy.com",68,"Buy Starmark Treat Dispensing Chew Ball Tough Dog Toy, Large at Chewy.com. FREE shipping and the BEST customer service!",119,,"Starmark Treat Dispensing Chew Ball Tough Dog Toy, Large",1,starmark-treat-dispensing-chew-ball,True,True,False,False,True,True,True,True,118,331,3,,,,,,,,,,,,,,1.0
PDP,Meta,Duplicate page title,https://www.chewy.com/purina-pro-plan-adult-shredded-blend/dp/52452,True,Make titles unique at the page/template level.,Purina Pro Plan Savor Adult Shredded Blend Lamb & Rice Formula Dry Dog Food | Chewy,Purina Pro Plan Savor Adult Shredded Blend Lamb & Rice Formula Dry Dog Food | Chewy,83,"Buy Purina Pro Plan Complete Essentials Adult Shredded Blend Lamb & Rice High Protein Formula with Probiotics Dry Dog Food, 35-lb bag at Chewy.com. FREE shipping and the BEST customer service!",192,,"Purina Pro Plan Complete Essentials Adult Shredded Blend Lamb & Rice High Protein Formula with Probiotics Dry Dog Food, 35-lb bag",1,purina-pro-plan-adult-shredded-blend,True,True,False,False,True,True,True,True,80,334,3,needs,2635.0,good,0.060000000000000005,,,,,,,,,,7.0
PDP,Meta,Duplicate page title,https://www.chewy.com/purina-pro-plan-adult-shredded-blend/dp/114028,True,Make titles unique at the page/template level.,Purina Pro Plan Savor Adult Shredded Blend Salmon & Rice Formula Dry Dog Food | Chewy,Purina Pro Plan Savor Adult Shredded Blend Salmon & Rice Formula Dry Dog Food | Chewy,85,"Buy Purina Pro Plan Complete Essentials Adult Shredded Blend Salmon & Rice High Protein Formula with Probiotics Dry Dog Food, 33-lb bag at Chewy.com. FREE shipping and the BEST customer service!",194,,"Purina Pro Plan Complete Essentials Adult Shredded Blend Salmon & Rice High Protein Formula with Probiotics Dry Dog Food, 33-lb bag",1,purina-pro-plan-adult-shredded-blend,True,True,False,False,True,True,True,True,93,333,3,needs,2638.0,good,0.07,,,,,,,,,,6.0
PDP,Meta,Duplicate page title,https://www.chewy.com/royal-canin-size-health-nutrition/dp/855846,True,Make titles unique at the page/template level.,Royal Canin Size Health Nutrition Small Starter Mother & Babydog Dry Dog Food | Chewy,Royal Canin Size Health Nutrition Small Starter Mother & Babydog Dry Dog Food | Chewy,85,"Buy Royal Canin Size Health Nutrition Small Starter Mother & Babydog Dry Dog Food, 14-lb bag at Chewy.com. FREE shipping and the BEST customer service!",151,,"Royal Canin Size Health Nutrition Small Starter Mother & Babydog Dry Dog Food, 14-lb bag",1,royal-canin-size-health-nutrition,True,True,False,False,True,True,True,True,75,327,3,,,,,,,,,,,,,,2.0
PDP,Meta,Duplicate page title,https://www.chewy.com/royal-canin-veterinary-diet-adult/dp/101613,True,Make titles unique at the page/template level.,Royal Canin Veterinary Diet Dental Dry Dog Food (Free Shipping) | Chewy,Royal Canin Veterinary Diet Dental Dry Dog Food (Free Shipping) | Chewy,71,"Buy Royal Canin Veterinary Diet Adult Dental Medium & Large Breed Dry Dog Food, 17.6-lb bag at Chewy.com. FREE shipping and the BEST customer service!",150,,"Royal Canin Veterinary Diet Adult Dental Medium & Large Breed Dry Dog Food, 17.6-lb bag",1,royal-canin-veterinary-diet-adult,True,True,False,False,True,True,True,True,54,332,3,,,,,,,,,,,,,,1.0
PDP,Meta,Duplicate page title,https://www.chewy.com/pektaco-stainless-steel-4-replacement/dp/4526238,True,Make titles unique at the page/template level.,"PEKTACO Stainless Steel with 4 Replacement Filters & Sponges Dog & Cat Water Fountain, 108-oz - Chewy.com","PEKTACO Stainless Steel with 4 Replacement Filters & Sponges Dog & Cat Water Fountain, 108-oz - Chewy.com",105,"Buy PEKTACO Stainless Steel with 4 Replacement Filters & Sponges Dog & Cat Water Fountain, 108-oz at Chewy.com. FREE shipping and the BEST customer service!",156,,"PEKTACO Stainless Steel with 4 Replacement Filters & Sponges Dog & Cat Water Fountain, 108-oz",1,pektaco-stainless-steel-4-replacement,True,True,False,False,True,True,True,False,30,318,3,,,,,,,,,,,,,,1.0
PDP,Meta,Duplicate page title,https://www.chewy.com/nutramax-imuquin-immune-support/dp/572574,True,Make titles unique at the page/template level.,"NUTRAMAX Imuquin Immune Support Supplement for Dogs, 30 count - Chewy.com","NUTRAMAX Imuquin Immune Support Supplement for Dogs, 30 count - Chewy.com",73,"Buy Nutramax Imuquin Immune Support Supplement for Dogs, 30 count at Chewy.com. FREE shipping and the BEST customer service!",124,,"Nutramax Imuquin Immune Support Supplement for Dogs, 30 count",1,nutramax-imuquin-immune-support,True,True,False,False,True,True,True,True,69,313,3,,,,,,,,,,,,,,7.0
PDP,Meta,Duplicate page title,https://www.chewy.com/kong-classic-dog-toy/dp/38485,True,Make titles unique at the page/template level.,"KONG Classic Dog Toy, Large - Chewy.com","KONG Classic Dog Toy, Large - Chewy.com",39,"Buy KONG Classic Dog Toy, Large at Chewy.com. FREE shipping and the BEST customer service!",90,kong classic rubber toys,"KONG Classic Dog Toy, Large",1,kong-classic-dog-toy,True,True,False,False,True,True,True,True,16,330,3,needs,2585.0,poor,0.27,,,1,1,15.0,0,1,0,0,8.0
PDP,Meta,Duplicate page title,https://www.chewy.com/felycin-ca1-sirolimus-delayed-release/dp/3686814,True,Make titles unique at the page/template level.,"FELYCIN-CA1 (sirolimus delayed-release tablets) for Cats, 0.4-mg - Easy Refills | Chewy Rx","FELYCIN-CA1 (sirolimus delayed-release tablets) for Cats, 0.4-mg - Easy Refills | Chewy Rx",90,"The first FDA conditionally approved, once-weekly drug for the management of ventricular hypertrophy in cats with subclinical hypertrophic cardiomyopathy; or HCM. A silent killer of cats that affects one of every seven cats. The solution of Felycin-CA1 is the only disease-modifying drug for cats with HCM.",306,,"Felycin-CA1 (sirolimus delayed-release tablets) for Cats, 0.4-mg, 12 Tablets",1,felycin-ca1-sirolimus-delayed-release,True,True,False,False,True,True,True,True,6,314,3,,,,,,,,,,,,,,5.0
PDP,Meta,Duplicate page title,https://www.chewy.com/felycin-ca1-sirolimus-delayed-release/dp/3686846,True,Make titles unique at the page/template level.,"FELYCIN-CA1 (sirolimus delayed-release tablets) for Cats, 2.4-mg - Easy Refills | Chewy Rx","FELYCIN-CA1 (sirolimus delayed-release tablets) for Cats, 2.4-mg - Easy Refills | Chewy Rx",90,"The first FDA conditionally approved, once-weekly drug for the management of ventricular hypertrophy in cats with subclinical hypertrophic cardiomyopathy; or HCM. A silent killer of cats that affects one of every seven cats. The solution of Felycin-CA1 is the only disease-modifying drug for cats with HCM.",306,,"Felycin-CA1 (sirolimus delayed-release tablets) for Cats, 2.4-mg, 12 Tablets",1,felycin-ca1-sirolimus-delayed-release,True,True,False,False,True,True,True,True,5,314,3,,,,,,,,,,,,,,1.0
PDP,Meta,Duplicate page title,https://www.chewy.com/felycin-ca1-sirolimus-delayed-release/dp/3687886,True,Make titles unique at the page/template level.,"FELYCIN-CA1 (sirolimus delayed-release tablets) for Cats, 1.2-mg - Easy Refills | Chewy Rx","FELYCIN-CA1 (sirolimus delayed-release tablets) for Cats, 1.2-mg - Easy Refills | Chewy Rx",90,"The first FDA conditionally approved, once-weekly drug for the management of ventricular hypertrophy in cats with subclinical hypertrophic cardiomyopathy; or HCM. A silent killer of cats that affects one of every seven cats. The solution of Felycin-CA1 is the only disease-modifying drug for cats with HCM.",306,,"Felycin-CA1 (sirolimus delayed-release tablets) for Cats, 1.2-mg, 24 Tablets",1,felycin-ca1-sirolimus-delayed-release,True,False,False,False,True,True,True,True,5,314,3,,,,,,,,,,,,,,1.0
PDP,Meta,Duplicate page title,https://www.chewy.com/felycin-ca1-sirolimus-delayed-release/dp/3687894,True,Make titles unique at the page/template level.,"FELYCIN-CA1 (sirolimus delayed-release tablets) for Cats, 1.2-mg - Easy Refills | Chewy Rx","FELYCIN-CA1 (sirolimus delayed-release tablets) for Cats, 1.2-mg - Easy Refills | Chewy Rx",90,"The first FDA conditionally approved, once-weekly drug for the management of ventricular hypertrophy in cats with subclinical hypertrophic cardiomyopathy; or HCM. A silent killer of cats that affects one of every seven cats. The solution of Felycin-CA1 is the only disease-modifying drug for cats with HCM.",306,,"Felycin-CA1 (sirolimus delayed-release tablets) for Cats, 1.2-mg, 36 Tablets",1,felycin-ca1-sirolimus-delayed-release,True,False,False,False,True,True,True,True,5,314,3,,,,,,,,,,,,,,1.0
PDP,Meta,Duplicate page title,https://www.chewy.com/felycin-ca1-sirolimus-delayed-release/dp/3687902,True,Make titles unique at the page/template level.,"FELYCIN-CA1 (sirolimus delayed-release tablets) for Cats, 1.2-mg - Easy Refills | Chewy Rx","FELYCIN-CA1 (sirolimus delayed-release tablets) for Cats, 1.2-mg - Easy Refills | Chewy Rx",90,"The first FDA conditionally approved, once-weekly drug for the management of ventricular hypertrophy in cats with subclinical hypertrophic cardiomyopathy; or HCM. A silent killer of cats that affects one of every seven cats. The solution of Felycin-CA1 is the only disease-modifying drug for cats with HCM.",306,,"Felycin-CA1 (sirolimus delayed-release tablets) for Cats, 1.2-mg, 48 Tablets",1,felycin-ca1-sirolimus-delayed-release,True,False,False,False,True,True,True,True,5,314,3,,,,,,,,,,,,,,1.0
PDP,Meta,Duplicate page title,https://www.chewy.com/clopidogrel-bisulfate-generic-tablets/dp/378995,True,Make titles unique at the page/template level.,"CLOPIDOGREL BISULFATE (Generic) Tablets, 75 mg - Easy Refills | Chewy Rx","CLOPIDOGREL BISULFATE (Generic) Tablets, 75 mg - Easy Refills | Chewy Rx",72,"Clopidogrel Bisulfate (Generic) Tablets are prescribed to feline friends and canine companions to prevent blood clots from forming in the bloodstream as a result of injuries. This anticoagulant, antiplatelet medication is also used to prevent clotting due to feline cardiomyopathies, thrombosis, pulmonary hypertension, and other disorders that may increase the risk of clotting. **We directly source prescription medications from manufacturers and wholesale distributors registered with the FDA and licensed by applicable state boards.",536,,"Clopidogrel Bisulfate (Generic) Tablets, 75 mg, 1 tablet",1,clopidogrel-bisulfate-generic-tablets,True,True,False,False,True,True,True,True,634,321,3,,,,,,,,,,,,,,2.0
PDP,Meta,Duplicate page title,https://www.chewy.com/petsafe-happy-ride-telescoping-dog/dp/53679,True,Make titles unique at the page/template level.,PetSafe Happy Ride Telescoping Pet Ramp (Free Shipping) | Chewy,PetSafe Happy Ride Telescoping Pet Ramp (Free Shipping) | Chewy,63,"Buy PetSafe Happy Ride Telescoping Dog Car Ramp, X-Large at Chewy.com. FREE shipping and the BEST customer service!",115,,"PetSafe Happy Ride Telescoping Dog Car Ramp, X-Large",1,petsafe-happy-ride-telescoping-dog,True,True,False,False,True,True,True,True,38,336,3,,,,,,,,,,,,,,2.0
PDP,Meta,Duplicate page title,https://www.chewy.com/blue-buffalo-true-solutions-blissful/dp/244836,True,Make titles unique at the page/template level.,Blue Buffalo True Solutions Blissful Belly Digestive Care Formula Dry Dog Food | Chewy,Blue Buffalo True Solutions Blissful Belly Digestive Care Formula Dry Dog Food | Chewy,86,"Buy Blue Buffalo True Solutions Digestive Care Adult Chicken Dry Dog Food, 24-lb bag at Chewy.com. FREE shipping and the BEST customer service!",143,,"Blue Buffalo True Solutions Digestive Care Adult Chicken Dry Dog Food, 24-lb bag",1,blue-buffalo-true-solutions-blissful,True,True,False,False,True,True,True,True,60,327,3,good,2469.0,needs,0.12,,,,,,,,,,2.0
PDP,Meta,Duplicate page title,https://www.chewy.com/naturally-fresh-multi-cat-unscented/dp/383496,True,Make titles unique at the page/template level.,Naturally Fresh Multi-Cat Unscented Clumping Walnut Cat Litter | Chewy (Free Shipping),Naturally Fresh Multi-Cat Unscented Clumping Walnut Cat Litter | Chewy (Free Shipping),86,"Buy Naturally Fresh Multi-Cat Unscented Clumping Walnut Cat Litter, 40-lb bag at Chewy.com. FREE shipping and the BEST customer service!",136,cat litter walnut,"Naturally Fresh Multi-Cat Unscented Clumping Walnut Cat Litter, 40-lb bag",1,naturally-fresh-multi-cat-unscented,True,True,False,False,True,True,True,True,23,330,3,,,,,,,9,7,15.0,1,6,0,2,1.0
PDP,Meta,Duplicate page title,https://www.chewy.com/simparica-chewable-tablet-dogs-881/dp/173132,True,Make titles unique at the page/template level.,"SIMPARICA Chewable Tablet for Dogs, 88.1-132 lbs, (Brown Box) - Easy Refills | Chewy Rx","SIMPARICA Chewable Tablet for Dogs, 88.1-132 lbs, (Brown Box) - Easy Refills | Chewy Rx",87,"Say goodbye to pesky, persistent pests and hello to Simparica. This once-a-month tablet gives you an easy, reliable way to protect your dog from fleas and ticks. It's a tasty tablet that works to shield your pet for a full 35 days, killing fleas before they can lay eggs.",271,,"Simparica Chewable Tablet for Dogs, 88.1-132 lbs, (Brown Box), 6 Chewable Tablets (6-mos. supply)",1,simparica-chewable-tablet-dogs,True,True,False,False,True,True,True,True,42,326,3,good,2130.0,good,0.06,,,,,,,,,,1.0
PDP,Meta,Duplicate page title,https://www.chewy.com/bravecto-topical-solution-dogs-44-88/dp/172899,True,Make titles unique at the page/template level.,"BRAVECTO TOPICAL SOLUTION for Dogs, 44-88 lbs, (Blue Box) - Easy Refills | Chewy Rx","BRAVECTO TOPICAL SOLUTION for Dogs, 44-88 lbs, (Blue Box) - Easy Refills | Chewy Rx",83,"BRAVECTO (fluralaner topical solution) for Dogs provides up to 12 weeks* of powerful flea and tick protection in just one dose. Vet-recommended and FDA-approved, BRAVECTO starts killing fleas and ticks within hours, prevents flea infestations, kills ticks (black-legged tick, American dog tick and brown dog tick) for 12 weeks* and kills lone star ticks for 8 weeks.**IMPORTANT SAFETY INFORMATION:**BRAVECTO (fluralaner topical solution) for Dogs: The most commonly reported adverse reactions include vomiting, hair loss, diarrhea, lethargy, decreased appetite, and moist dermatitis/rash.",588,,"Bravecto TOPICAL SOLUTION for Dogs, 44-88 lbs, (Blue Box), 1 Dose (12-wks. supply)",1,bravecto-topical-solution-dogs-44,True,True,False,False,True,True,True,True,86,320,3,good,2236.0,good,0.045,,,,,,,,,,5.0
PDP,Meta,Duplicate page title,https://www.chewy.com/healthy-breeds-multi-tabs-plus/dp/230703,True,Make titles unique at the page/template level.,"HEALTHY BREEDS Multi-Tabs Plus Chewable Tablets Dog Supplement, 365 count - Chewy.com","HEALTHY BREEDS Multi-Tabs Plus Chewable Tablets Dog Supplement, 365 count - Chewy.com",85,"Buy Healthy Breeds Multi-Tabs Plus Chewable Tablets Dog Supplement, 365 count at Chewy.com. FREE shipping and the BEST customer service!",136,,"Healthy Breeds Multi-Tabs Plus Chewable Tablets Dog Supplement, 365 count",1,healthy-breeds-multi-tabs-plus,True,True,False,False,True,True,True,True,244,543,3,,,,,,,,,,,,,,
PDP,Meta,Duplicate page title,https://www.chewy.com/hills-science-diet-adult-small-bites/dp/184541,True,Make titles unique at the page/template level.,Hill's Science Diet Adult Small Bites Chicken & Barley Recipe Dry Dog Food | Chewy,Hill's Science Diet Adult Small Bites Chicken & Barley Recipe Dry Dog Food | Chewy,82,"Buy Hill's Science Diet Adult Small Bites Chicken & Barley Recipe Dry Dog Food, 15-lb bag at Chewy.com. FREE shipping and the BEST customer service!",148,,"Hill's Science Diet Adult Small Bites Chicken & Barley Recipe Dry Dog Food, 15-lb bag",1,hills-science-diet-adult-small-bites,True,True,False,False,True,True,True,True,42,329,3,,,,,,,,,,,,,,1.0
PDP,Meta,Duplicate page title,https://www.chewy.com/royal-canin-veterinary-diet-adult/dp/1333070,True,Make titles unique at the page/template level.,Royal Canin Veterinary Diet Urinary SO Loaf In Sauce Canned Cat Food | Chewy (Free Shipping),Royal Canin Veterinary Diet Urinary SO Loaf In Sauce Canned Cat Food | Chewy (Free Shipping),92,"Buy Royal Canin Veterinary Diet Urinary SO Loaf Pate Adult Wet Cat Food, 5.1-oz can, pack of 6 at Chewy.com. FREE shipping and the BEST customer service!",153,,"Royal Canin Veterinary Diet Urinary SO Loaf Pate Adult Wet Cat Food, 5.1-oz can, pack of 6",1,royal-canin-veterinary-diet-adult,True,True,False,False,True,True,True,True,5,322,3,,,,,,,,,,,,,,1.0
PDP,Meta,Duplicate page title,https://www.chewy.com/royal-canin-veterinary-diet-adult/dp/972198,True,Make titles unique at the page/template level.,Royal Canin Veterinary Diet Urinary SO Loaf In Sauce Canned Cat Food | Chewy (Free Shipping),Royal Canin Veterinary Diet Urinary SO Loaf In Sauce Canned Cat Food | Chewy (Free Shipping),92,"Buy Royal Canin Veterinary Diet Urinary SO Loaf Pate Adult Wet Cat Food, 5.1-oz can, pack of 12 at Chewy.com. FREE shipping and the BEST customer service!",154,,"Royal Canin Veterinary Diet Urinary SO Loaf Pate Adult Wet Cat Food, 5.1-oz can, pack of 12",1,royal-canin-veterinary-diet-adult,True,True,False,False,True,True,True,True,7,322,3,,,,,,,,,,,,,,
PDP,Meta,Duplicate page title,https://www.chewy.com/purina-pro-plan-small-breed-adult/dp/1064470,True,Make titles unique at the page/template level.,Purina Pro Plan Focus Small Breed Adult Sensitive Skin & Stomach Formula Dry Dog Food | Chewy,Purina Pro Plan Focus Small Breed Adult Sensitive Skin & Stomach Formula Dry Dog Food | Chewy,93,"Buy Purina Pro Plan Small Breed Adult Sensitive Skin & Stomach Formula Dry Dog Food, 4-lb bag at Chewy.com. FREE shipping and the BEST customer service!",152,,"Purina Pro Plan Small Breed Adult Sensitive Skin & Stomach Formula Dry Dog Food, 4-lb bag",1,purina-pro-plan-small-breed-adult,True,True,False,False,True,True,True,True,55,331,3,good,2198.0,needs,0.11,,,,,,,,,,1.0
PDP,Meta,Duplicate page title,https://www.chewy.com/purina-pro-plan-puppy-sensitive-skin/dp/249506,True,Make titles unique at the page/template level.,Purina Pro Plan Sensitive Skin & Stomach Salmon & Rice Formula Puppy Dry Dog Food | Chewy,Purina Pro Plan Sensitive Skin & Stomach Salmon & Rice Formula Puppy Dry Dog Food | Chewy,89,"Buy Purina Pro Plan Puppy Sensitive Skin & Stomach Salmon & Rice Dry Dog Food, 4-lb bag at Chewy.com. FREE shipping and the BEST customer service!",146,,"Purina Pro Plan Puppy Sensitive Skin & Stomach Salmon & Rice Dry Dog Food, 4-lb bag",1,purina-pro-plan-puppy-sensitive-skin,True,True,False,False,True,True,True,True,23,328,3,,,,,,,,,,,,,,1.0
PDP,Meta,Duplicate page title,https://www.chewy.com/revolution-topical-solution-cats-51/dp/173098,True,Make titles unique at the page/template level.,"REVOLUTION Topical Solution for Cats, 5.1-15 lbs, (Blue Box) - Easy Refills | Chewy Rx","REVOLUTION Topical Solution for Cats, 5.1-15 lbs, (Blue Box) - Easy Refills | Chewy Rx",86,"Revolution is a medication that is applied directly to your furry friend's skin to protect them from biting critters. When applied every 30 days, Revolution protects against heartworms and fleas. It may also be effective in preventing and treating ear mites, roundworms, and hookworms.",285,,"Revolution Topical Solution for Cats, 5.1-15 lbs, (Blue Box), 3 Doses (3-mos. supply)",1,revolution-topical-solution-cats,True,True,False,False,True,True,True,True,28,322,3,good,2309.0,good,0.025,,,,,,,,,,4.0
PDP,Meta,Duplicate page title,https://www.chewy.com/revolution-topical-solution-cats-51/dp/323041,True,Make titles unique at the page/template level.,"REVOLUTION Topical Solution for Cats, 5.1-15 lbs, (Blue Box) - Easy Refills | Chewy Rx","REVOLUTION Topical Solution for Cats, 5.1-15 lbs, (Blue Box) - Easy Refills | Chewy Rx",86,"Revolution is a medication that is applied directly to your furry friend's skin to protect them from biting critters. When applied every 30 days, Revolution protects against heartworms and fleas. It may also be effective in preventing and treating ear mites, roundworms, and hookworms.",285,,"Revolution Topical Solution for Cats, 5.1-15 lbs, (Blue Box), 12 Doses (12-mos. supply)",1,revolution-topical-solution-cats,True,False,False,False,True,True,True,True,4,322,3,,,,,,,,,,,,,,1.0
PDP,Meta,Duplicate page title,https://www.chewy.com/natural-balance-limited-ingredient/dp/342007,True,Make titles unique at the page/template level.,Natural Balance L.I.D. Limited Ingredient Diets Sweet Potato & Fish Formula Grain-Free Dry Dog Food | Chewy,Natural Balance L.I.D. Limited Ingredient Diets Sweet Potato & Fish Formula Grain-Free Dry Dog Food | Chewy,107,"Buy Natural Balance Limited Ingredient Grain-Free Salmon & Sweet Potato Recipe Dry Dog Food, 4-lb bag at Chewy.com. FREE shipping and the BEST customer service!",160,,"Natural Balance Limited Ingredient Grain-Free Salmon & Sweet Potato Recipe Dry Dog Food, 4-lb bag",1,natural-balance-limited-ingredient,True,True,False,False,True,True,True,True,16,335,3,,,,,,,,,,,,,,1.0
PDP,Meta,Duplicate page title,https://www.chewy.com/natural-balance-limited-ingredient/dp/264437,True,Make titles unique at the page/template level.,Natural Balance L.I.D. Limited Ingredient Diets Sweet Potato & Fish Formula Grain-Free Dry Dog Food | Chewy,Natural Balance L.I.D. Limited Ingredient Diets Sweet Potato & Fish Formula Grain-Free Dry Dog Food | Chewy,107,"Buy Natural Balance Limited Ingredient Grain-Free Salmon & Sweet Potato Recipe Dry Dog Food, 12-lb bag at Chewy.com. FREE shipping and the BEST customer service!",161,,"Natural Balance Limited Ingredient Grain-Free Salmon & Sweet Potato Recipe Dry Dog Food, 12-lb bag",1,natural-balance-limited-ingredient,True,True,False,False,True,True,True,True,15,334,3,,,,,,,,,,,,,,1.0
PDP,Meta,Duplicate page title,https://www.chewy.com/natural-balance-limited-ingredient/dp/1270014,True,Make titles unique at the page/template level.,Natural Balance L.I.D. Limited Ingredient Diets Sweet Potato & Fish Formula Grain-Free Dry Dog Food | Chewy,Natural Balance L.I.D. Limited Ingredient Diets Sweet Potato & Fish Formula Grain-Free Dry Dog Food | Chewy,107,"Buy Natural Balance Limited Ingredient Grain-Free Salmon & Sweet Potato Recipe Dry Dog Food, 48-lb bundle at Chewy.com. FREE shipping and the BEST customer service!",164,,"Natural Balance Limited Ingredient Grain-Free Salmon & Sweet Potato Recipe Dry Dog Food, 48-lb bundle",1,natural-balance-limited-ingredient,True,False,False,False,True,True,True,True,10,336,3,,,,,,,,,,,,,,1.0
PDP,Meta,Duplicate page title,https://www.chewy.com/natural-balance-limited-ingredient/dp/537326,True,Make titles unique at the page/template level.,Natural Balance L.I.D. Limited Ingredient Diets Lamb & Brown Rice Formula Dry Dog Food (Free Shipping) | Chewy,Natural Balance L.I.D. Limited Ingredient Diets Lamb & Brown Rice Formula Dry Dog Food (Free Shipping) | Chewy,110,"Buy Natural Balance Limited Ingredient Lamb & Brown Rice Recipe Dry Dog Food, 24-lb bag at Chewy.com. FREE shipping and the BEST customer service!",146,,"Natural Balance Limited Ingredient Lamb & Brown Rice Recipe Dry Dog Food, 24-lb bag",1,natural-balance-limited-ingredient,True,True,False,False,True,True,True,True,118,333,3,good,2465.0,good,0.0,,,,,,,,,,2.0
PDP,Meta,Duplicate page title,https://www.chewy.com/nexgard-chew-dogs-241-60-lbs-purple/dp/173251,True,Make titles unique at the page/template level.,"NEXGARD Chewables for Dogs, 24.1-60 lbs, (Purple Box) - Easy Refills | Chewy Rx","NEXGARD Chewables for Dogs, 24.1-60 lbs, (Purple Box) - Easy Refills | Chewy Rx",79,"NexGard Chewables for Dogs, 24.1-60 lbs. are vet-recommended and FDA-approved to kill adult fleas fast before they have a chance to lay eggs.",141,,"NexGard Chewables for Dogs, 24.1-60 lbs, (Purple Box), 3 Chewable Tablets (3-mos. supply)",1,nexgard-chew-dogs-241-60-lbs-purple,True,True,False,False,True,True,True,True,9,324,3,,,,,,,,,,,,,,1.0
PDP,Meta,Duplicate page title,https://www.chewy.com/advantage-multi-topical-solution-dogs/dp/173161,True,Make titles unique at the page/template level.,"ADVANTAGE MULTI Topical Solution for Dogs, 20.1-55 lbs, (Red Box) - Easy Refills | Chewy Rx","ADVANTAGE MULTI Topical Solution for Dogs, 20.1-55 lbs, (Red Box) - Easy Refills | Chewy Rx",91,**Your furry friend must have a current heartworm test result on file with your veterinarian in order to be prescribed heartworm medication. Please visit your veterinarian to have this test performed annually to protect your four-legged friend.** Advantage Multi for Dogs is a broad-spectrum topical solution prescribed by veterinarians to provide a convenient monthly application to help alleviate canine companions from symptoms caused by pesky parasites.,457,,"Advantage Multi Topical Solution for Dogs, 20.1-55 lbs, (Red Box), 6 Doses (6-mos. supply)",1,advantage-multi-topical-solution-dogs,True,True,False,False,True,True,True,True,187,321,3,good,2289.0,good,0.06,,,,,,,,,,4.0
PDP,Meta,Duplicate page title,https://www.chewy.com/rilexine-cephalexin-chewable-tablets/dp/173271,True,Make titles unique at the page/template level.,"RILEXINE (Cephalexin) Chewable Tablets for Dogs, 150-mg - Easy Refills | Chewy Rx","RILEXINE (Cephalexin) Chewable Tablets for Dogs, 150-mg - Easy Refills | Chewy Rx",81,"Rilexine is an oral antibiotic prescribed by veterinarians to treat urinary tract infections in dogs, as well as pyodermaa bacterial infection of the skin. Plus, it comes in an easy-to-administer chewable tablet form that can easily be hidden in your dog's favorite food. **We directly source prescription medications from manufacturers and wholesale distributors registered with the FDA and licensed by applicable state boards.",428,rilexine,"Rilexine (Cephalexin) Chewable Tablets for Dogs, 150-mg, 1 tablet",1,rilexine-cephalexin-chewable-tablets,True,True,False,False,True,True,True,True,27,323,3,,,,,,,1,1,14.0,0,1,0,0,3.0
PDP,Meta,Duplicate page title,https://www.chewy.com/revolution-topical-solution-dogs-201/dp/173090,True,Make titles unique at the page/template level.,"REVOLUTION Topical Solution for Dogs, 20.1-40 lbs, (Red Box) - Easy Refills | Chewy Rx","REVOLUTION Topical Solution for Dogs, 20.1-40 lbs, (Red Box) - Easy Refills | Chewy Rx",86,**Your furry friend must have a current heartworm test result on file with your veterinarian in order to be prescribed heartworm medication. Please visit your veterinarian to have this test performed annually to protect your four-legged friend.** Revolution is a medication that is applied directly on your furry friend's skin to protect them from biting critters.,364,revolution dog flea tick medicine,"Revolution Topical Solution for Dogs, 20.1-40 lbs, (Red Box), 6 Doses (6-mos. supply)",1,revolution-topical-solution-dogs,True,True,False,False,True,True,True,True,93,324,3,good,2279.0,good,0.05500000000000001,,,1,1,,0,0,0,1,3.0
PDP,Meta,Duplicate page title,https://www.chewy.com/numelvi-atinvicitinib-tablets-dogs/dp/4000422,True,Make titles unique at the page/template level.,"NUMELVI (atinvicitinib) Tablets for Dogs, 21.6-mg - Easy Refills | Chewy Rx","NUMELVI (atinvicitinib) Tablets for Dogs, 21.6-mg - Easy Refills | Chewy Rx",75,"Numelvi® (atinvicitinib tablets) is a second-generation Janus kinase (JAK) inhibitor for the control of pruritus associated with allergic dermatitis in dogs 6 months of age and older. Numelvi relieves itch from allergic dermatitis while simplifying treatment for dogs, their owners, and veterinarians. Safe for dogs and puppies as young as 6 months of age and can be used in dogs weighing at least 2 kg.",403,,"Numelvi (atinvicitinib) Tablets for Dogs, 21.6-mg, 1 Tablet",1,numelvi-atinvicitinib-tablets-dogs,True,True,False,False,True,True,True,True,24,325,3,,,,,,,,,,,,,,1.0
PDP,Meta,Duplicate page title,https://www.chewy.com/advantage-multi-topical-solution-cats/dp/351999,True,Make titles unique at the page/template level.,"ADVANTAGE MULTI Topical Solution for Cats & Ferrets, 5.1-9 lbs (Orange Box) - Easy Refills | Chewy Rx","ADVANTAGE MULTI Topical Solution for Cats & Ferrets, 5.1-9 lbs (Orange Box) - Easy Refills | Chewy Rx",101,"Advantage Multi for Cats is a broad-spectrum topical solution prescribed by veterinarians to provide pet parents with a convenient monthly application to help protect their cat or ferret from pesky parasites. This easy-to-use solution works to kill adult fleas, treat and control ear mites, roundworm and hookwormsit may also help to prevent heartworm disease in some cats and ferrets. **We directly source prescription medications from manufacturers and wholesale distributors registered with the FDA and licensed by applicable state boards.",542,advantage multi cat ear care,"Advantage Multi Topical Solution for Cats & Ferrets, 5.1-9 lbs (Orange Box), 12 Doses (12-mos. supply)",1,advantage-multi-topical-solution-cats,True,False,False,False,True,True,True,True,7,313,3,,,,,,,1,1,3.0,1,0,0,0,2.0
PDP,Meta,Duplicate page title,https://www.chewy.com/oxbow-essentials-adult-rabbit-food/dp/123564,True,Make titles unique at the page/template level.,Oxbow Essentials Bunny Basics/T Adult Rabbit Food (Free Shipping) | Chewy,Oxbow Essentials Bunny Basics/T Adult Rabbit Food (Free Shipping) | Chewy,73,"Buy Oxbow Essentials Adult Rabbit Food All Natural Adult Rabbit Pellets, 10-lb bag at Chewy.com. FREE shipping and the BEST customer service!",141,,"Oxbow Essentials Adult Rabbit Food All Natural Adult Rabbit Pellets, 10-lb bag",1,oxbow-essentials-adult-rabbit-food,True,True,False,False,True,True,True,True,26,333,3,,,,,,,,,,,,,,1.0
PDP,Meta,Duplicate page title,https://www.chewy.com/oxbow-essentials-adult-rabbit-food/dp/753142,True,Make titles unique at the page/template level.,Oxbow Essentials Bunny Basics/T Adult Rabbit Food (Free Shipping) | Chewy,Oxbow Essentials Bunny Basics/T Adult Rabbit Food (Free Shipping) | Chewy,73,"Buy Oxbow Essentials Adult Rabbit Food All Natural Adult Rabbit Pellets, 25-lb bag, bundle of 2 at Chewy.com. FREE shipping and the BEST customer service!",154,,"Oxbow Essentials Adult Rabbit Food All Natural Adult Rabbit Pellets, 25-lb bag, bundle of 2",1,oxbow-essentials-adult-rabbit-food,True,False,False,False,True,True,True,True,3,324,3,,,,,,,,,,,,,,1.0
PDP,Meta,Duplicate page title,https://www.chewy.com/royal-canin-veterinary-diet-adult/dp/43705,True,Make titles unique at the page/template level.,Royal Canin Veterinary Diet Glycobalance Canned Dog Food | Chewy (Free Shipping),Royal Canin Veterinary Diet Glycobalance Canned Dog Food | Chewy (Free Shipping),80,"Buy Royal Canin Veterinary Diet Adult Glycobalance Loaf in Sauce Canned Dog Food, 13.4-oz can, case of 24 at Chewy.com. FREE shipping and the BEST customer service!",164,,"Royal Canin Veterinary Diet Adult Glycobalance Loaf in Sauce Canned Dog Food, 13.4-oz can, case of 24",1,royal-canin-veterinary-diet-adult,True,True,False,False,True,True,True,True,57,331,3,good,2431.0,good,0.06,,,,,,,,,,6.0
PDP,Meta,Duplicate page title,https://www.chewy.com/chais-choice-premium-outdoor/dp/135760,True,Make titles unique at the page/template level.,Chai's Choice 3M Reflective Dog Harness (Free Shipping) | Chewy,Chai's Choice 3M Reflective Dog Harness (Free Shipping) | Chewy,63,"Buy Chai's Choice Premium Outdoor Adventure 3M Polyester Reflective Front Clip Dog Harness, Fuchsia, Large: 27 to 32-in chest at Chewy.com. FREE shipping and the BEST customer service!",184,,"Chai's Choice Premium Outdoor Adventure 3M Polyester Reflective Front Clip Dog Harness, Fuchsia, Large: 27 to 32-in chest",1,chais-choice-premium-outdoor,True,True,False,False,True,True,True,True,46,343,3,,,,,,,,,,,,,,1.0
PDP,Meta,Duplicate page title,https://www.chewy.com/old-mother-hubbard-by-wellness/dp/33671,True,Make titles unique at the page/template level.,Old Mother Hubbard Classic Original Assortment Biscuits Baked Dog Treats | Chewy,Old Mother Hubbard Classic Original Assortment Biscuits Baked Dog Treats | Chewy,80,"Buy Old Mother Hubbard by Wellness Classic Original Mix Natural Small Oven-Baked Biscuits Dog Treats, 1.25-lb bag at Chewy.com. FREE shipping and the BEST customer service!",172,,"Old Mother Hubbard by Wellness Classic Original Mix Natural Small Oven-Baked Biscuits Dog Treats, 1.25-lb bag",1,old-mother-hubbard-by-wellness,True,True,False,False,True,True,True,True,32,330,3,,,,,,,,,,,,,,
PDP,Meta,Duplicate page title,https://www.chewy.com/old-mother-hubbard-by-wellness/dp/36312,True,Make titles unique at the page/template level.,Old Mother Hubbard Classic Original Assortment Biscuits Baked Dog Treats | Chewy,Old Mother Hubbard Classic Original Assortment Biscuits Baked Dog Treats | Chewy,80,"Buy Old Mother Hubbard by Wellness Classic Original Mix Natural Small Oven-Baked Biscuits Dog Treats, 3.5-lb bag at Chewy.com. FREE shipping and the BEST customer service!",171,,"Old Mother Hubbard by Wellness Classic Original Mix Natural Small Oven-Baked Biscuits Dog Treats, 3.5-lb bag",1,old-mother-hubbard-by-wellness,True,True,False,False,True,True,True,True,24,330,3,,,,,,,,,,,,,,
PDP,Meta,Duplicate page title,https://www.chewy.com/old-mother-hubbard-by-wellness/dp/47689,True,Make titles unique at the page/template level.,Old Mother Hubbard Classic Original Assortment Biscuits Baked Dog Treats | Chewy,Old Mother Hubbard Classic Original Assortment Biscuits Baked Dog Treats | Chewy,80,"Buy Old Mother Hubbard by Wellness Classic Original Mix Natural Small Oven-Baked Biscuits Dog Treats, 20-lb box at Chewy.com. FREE shipping and the BEST customer service!",170,,"Old Mother Hubbard by Wellness Classic Original Mix Natural Small Oven-Baked Biscuits Dog Treats, 20-lb box",1,old-mother-hubbard-by-wellness,True,True,False,False,True,True,True,True,8,330,3,,,,,,,,,,,,,,
PDP,Meta,Duplicate page title,https://www.chewy.com/purina-pro-plan-veterinary-diets-om/dp/49847,True,Make titles unique at the page/template level.,Purina Pro Plan Veterinary Diets OM Overweight Management Formula Dry Cat Food | Chewy,Purina Pro Plan Veterinary Diets OM Overweight Management Formula Dry Cat Food | Chewy,86,"Buy Purina Pro Plan Veterinary Diets OM Overweight Management Dry Cat Food, 16-lb bag at Chewy.com. FREE shipping and the BEST customer service!",144,purina pro plan veterinary diets om overweight management for cats,"Purina Pro Plan Veterinary Diets OM Overweight Management Dry Cat Food, 16-lb bag",1,purina-pro-plan-veterinary-diets-om,True,True,False,False,True,True,True,True,73,330,3,good,2493.0,good,0.085,,,1,1,8.0,1,0,0,0,8.0
PDP,Meta,Duplicate page title,https://www.chewy.com/hills-science-diet-adult-perfect/dp/102145,True,Make titles unique at the page/template level.,Hill's Science Diet Adult Perfect Weight Chicken Recipe Dry Cat Food | Chewy (Free Shipping),Hill's Science Diet Adult Perfect Weight Chicken Recipe Dry Cat Food | Chewy (Free Shipping),92,"Buy Hill's Science Diet Adult Perfect Weight Management Chicken Recipe Dry Cat Food, 7-lb bag at Chewy.com. FREE shipping and the BEST customer service!",152,,"Hill's Science Diet Adult Perfect Weight Management Chicken Recipe Dry Cat Food, 7-lb bag",1,hills-science-diet-adult-perfect,True,True,False,False,True,True,True,True,57,329,3,,,,,,,,,,,,,,1.0
PDP,Meta,Duplicate page title,https://www.chewy.com/atopica-cyclosporine-capsules-dogs/dp/172952,True,Make titles unique at the page/template level.,"ATOPICA (Cyclosporine Modified) Capsules for Dogs, 25-mg - Easy Refills | Chewy Rx","ATOPICA (Cyclosporine Modified) Capsules for Dogs, 25-mg - Easy Refills | Chewy Rx",82,"Atopica is an oral solution prescribed to dogs who suffer from allergic dermatitisa skin reaction caused by contact with an allergen. This is very common in canines with allergies, and can cause their skin to become uncomfortably itchy, red and scaly. Atopica targets the root of the problem to help relieve itching, so your companion no longer feels the need to incessantly scratch, rub or lick.",396,,"Atopica (Cyclosporine Modified) Capsules for Dogs, 25-mg, 15 capsules",1,atopica-cyclosporine-capsules-dogs,True,True,False,False,True,True,True,True,5,322,3,good,2436.0,good,0.04,,,,,,,,,,17.0
PDP,Meta,Duplicate page title,https://www.chewy.com/taste-wild-high-prairie-grain-free/dp/34245,True,Make titles unique at the page/template level.,Taste of the Wild High Prairie Grain-Free Dry Dog Food at Low Prices - Free Shipping at Chewy.com,Taste of the Wild High Prairie Grain-Free Dry Dog Food at Low Prices - Free Shipping at Chewy.com,97,"Buy Taste of the Wild High Prairie Grain-Free Dry Dog Food at Chewy.com. Grain-free recipe with rich proteins like bison, venison and beef for lean nutrition that’s easy to digest. Perfect for dogs with food allergies or sensitivities.*FREE* shipping on orders $49+ and the BEST customer service!",296,,"Taste of the Wild High Prairie Adult High Protein Grain-Free Recipe with Roasted Bison & Roasted Venison Dry Dog Food, 5-lb bag",1,taste-wild-high-prairie-grain-free,True,True,False,False,True,True,True,True,9,332,3,,,,,,,,,,,,,,1.0
PDP,Meta,Duplicate page title,https://www.chewy.com/diamond-naturals-lamb-meal-rice/dp/34945,True,Make titles unique at the page/template level.,Diamond Naturals Lamb Meal & Rice Formula Adult Dry Dog Food | Chewy (Free Shipping),Diamond Naturals Lamb Meal & Rice Formula Adult Dry Dog Food | Chewy (Free Shipping),84,"Buy Diamond Naturals Lamb Meal & Rice Formula Adult Dry Dog Food, 6-lb bag at Chewy.com. FREE shipping and the BEST customer service!",133,,"Diamond Naturals Lamb Meal & Rice Formula Adult Dry Dog Food, 6-lb bag",1,diamond-naturals-lamb-meal-rice,True,True,False,False,True,True,True,True,42,333,3,,,,,,,,,,,,,,1.0
PDP,Meta,Duplicate page title,https://www.chewy.com/purina-beneful-healthy-weight-farm/dp/127623,True,Make titles unique at the page/template level.,Purina Beneful Healthy Weight with Real Chicken Dry Dog Food | Chewy (Free Shipping),Purina Beneful Healthy Weight with Real Chicken Dry Dog Food | Chewy (Free Shipping),84,"Buy Purina Beneful Healthy Weight with Farm-Raised Chicken Dry Dog Food, 3.5-lb bag at Chewy.com. FREE shipping and the BEST customer service!",142,,"Purina Beneful Healthy Weight with Farm-Raised Chicken Dry Dog Food, 3.5-lb bag",1,purina-beneful-healthy-weight-farm,True,True,False,False,True,True,True,True,21,330,3,,,,,,,,,,,,,,1.0
PDP,Meta,Duplicate page title,https://www.chewy.com/midwest-wire-dog-exercise-pen-step/dp/45382,True,Make titles unique at the page/template level.,"MidWest Wire Dog Exercise Pen with Step-Thru Door, Black E-Coat | Chewy (Free Shipping)","MidWest Wire Dog Exercise Pen with Step-Thru Door, Black E-Coat | Chewy (Free Shipping)",87,"Buy MidWest Wire Dog Exercise Pen with Step-Thru Door, Black E-Coat, 36-in at Chewy.com. FREE shipping and the BEST customer service!",133,,"MidWest Wire Dog Exercise Pen with Step-Thru Door, Black E-Coat, 36-in",1,midwest-wire-dog-exercise-pen-step,True,True,False,False,True,True,True,False,42,334,3,,,,,,,,,,,,,,1.0
PDP,Meta,Duplicate page title,https://www.chewy.com/purina-pro-plan-adult-weight/dp/52404,True,Make titles unique at the page/template level.,Purina Pro Plan Focus Adult Weight Management Formula Dry Dog Food | Chewy (Free Shipping),Purina Pro Plan Focus Adult Weight Management Formula Dry Dog Food | Chewy (Free Shipping),90,"Buy Purina Pro Plan Adult Weight Management Formula Dry Dog Food, 18-lb bag at Chewy.com. FREE shipping and the BEST customer service!",134,,"Purina Pro Plan Adult Weight Management Formula Dry Dog Food, 18-lb bag",1,purina-pro-plan-adult-weight,True,True,False,False,True,True,True,True,27,331,3,,,,,,,,,,,,,,1.0
PDP,Meta,Duplicate page title,https://www.chewy.com/chewy-egift-card/dp/541878,True,Make titles unique at the page/template level.,Chewy eGift Cards For Pet Lovers | Chewy,Chewy eGift Cards For Pet Lovers | Chewy,40,"Buy Chewy eGift Cards, the perfect gift for pet parents. Available from $25 - $500. FREE delivery and the BEST customer service!",128,how to cards on chewy,"Chewy eGift Card, Number One Dad, $150",1,chewy-egift-card,True,True,False,False,True,True,True,True,21,329,3,,,,,,,9,8,12.5,3,1,2,3,6.0
PDP,Meta,Duplicate page title,https://www.chewy.com/gabapentin-generic-tablets/dp/1026126,True,Make titles unique at the page/template level.,"GABAPENTIN (Generic) Tablets, 600-mg - Easy Refills | Chewy Rx","GABAPENTIN (Generic) Tablets, 600-mg - Easy Refills | Chewy Rx",62,"Gabapentin is FDA-approved for human use as an anticonvulsant and for the control of chronic neuropathic pain. Gabapentin is currently not FDA approved as a veterinary medication. However, it is readily utilized in the veterinary field, and veterinarians can legally prescribe certain human drugs in animals in certain circumstances.",333,gabapentin for dogs chewy,"Gabapentin (Generic) Tablets, 600-mg, 90 tablets",1,gabapentin-generic-tablets,True,False,False,False,True,True,True,True,5,323,3,needs,2846.0,good,0.07500000000000001,,,1,1,6.0,1,0,0,0,13.0
PDP,Meta,Duplicate page title,https://www.chewy.com/royal-canin-size-health-nutrition/dp/48266,True,Make titles unique at the page/template level.,"ROYAL CANIN Size Health Nutrition Large Aging 8+ Dry Dog Food, 30-lb bag - Chewy.com","ROYAL CANIN Size Health Nutrition Large Aging 8+ Dry Dog Food, 30-lb bag - Chewy.com",84,"Buy Royal Canin Size Health Nutrition Large Aging 8+ Dry Dog Food, 30-lb bag at Chewy.com. FREE shipping and the BEST customer service!",135,,"Royal Canin Size Health Nutrition Large Aging 8+ Dry Dog Food, 30-lb bag",1,royal-canin-size-health-nutrition,True,True,False,False,True,True,True,True,107,326,3,good,2148.0,good,0.075,,,,,,,,,,2.0
PDP,Meta,Duplicate page title,https://www.chewy.com/chewy-egift-card/dp/541790,True,Make titles unique at the page/template level.,Chewy eGift Cards For Pet Lovers | Chewy,Chewy eGift Cards For Pet Lovers | Chewy,40,"Buy Chewy eGift Cards, the perfect gift for pet parents. Available from $25 - $500. FREE delivery and the BEST customer service!",128,,"Chewy eGift Card, Dad's Day, $25",1,chewy-egift-card,True,True,False,False,True,True,True,True,21,329,3,,,,,,,,,,,,,,1.0
PDP,Meta,Duplicate page title,https://www.chewy.com/chewy-egift-card/dp/541806,True,Make titles unique at the page/template level.,Chewy eGift Cards For Pet Lovers | Chewy,Chewy eGift Cards For Pet Lovers | Chewy,40,"Buy Chewy eGift Cards, the perfect gift for pet parents. Available from $25 - $500. FREE delivery and the BEST customer service!",128,,"Chewy eGift Card, Dad's Day, $75",1,chewy-egift-card,True,True,False,False,True,True,True,True,21,329,3,,,,,,,,,,,,,,1.0
PDP,Meta,Duplicate page title,https://www.chewy.com/chewy-egift-card/dp/541814,True,Make titles unique at the page/template level.,Chewy eGift Cards For Pet Lovers | Chewy,Chewy eGift Cards For Pet Lovers | Chewy,40,"Buy Chewy eGift Cards, the perfect gift for pet parents. Available from $25 - $500. FREE delivery and the BEST customer service!",128,,"Chewy eGift Card, Dad's Day, $100",1,chewy-egift-card,True,True,False,False,True,True,True,True,21,329,3,,,,,,,,,,,,,,1.0
PDP,Meta,Duplicate page title,https://www.chewy.com/chewy-egift-card/dp/541822,True,Make titles unique at the page/template level.,Chewy eGift Cards For Pet Lovers | Chewy,Chewy eGift Cards For Pet Lovers | Chewy,40,"Buy Chewy eGift Cards, the perfect gift for pet parents. Available from $25 - $500. FREE delivery and the BEST customer service!",128,,"Chewy eGift Card, Dad's Day, $150",1,chewy-egift-card,True,True,False,False,True,True,True,True,21,329,3,,,,,,,,,,,,,,1.0
PDP,Meta,Duplicate page title,https://www.chewy.com/chewy-egift-card/dp/541830,True,Make titles unique at the page/template level.,Chewy eGift Cards For Pet Lovers | Chewy,Chewy eGift Cards For Pet Lovers | Chewy,40,"Buy Chewy eGift Cards, the perfect gift for pet parents. Available from $25 - $500. FREE delivery and the BEST customer service!",128,,"Chewy eGift Card, Dad's Day, $200",1,chewy-egift-card,True,True,False,False,True,True,True,True,21,329,3,,,,,,,,,,,,,,1.0
PDP,Meta,Duplicate page title,https://www.chewy.com/chewy-egift-card/dp/541838,True,Make titles unique at the page/template level.,Chewy eGift Cards For Pet Lovers | Chewy,Chewy eGift Cards For Pet Lovers | Chewy,40,"Buy Chewy eGift Cards, the perfect gift for pet parents. Available from $25 - $500. FREE delivery and the BEST customer service!",128,,"Chewy eGift Card, Dad's Day, $500",1,chewy-egift-card,True,True,False,False,True,True,True,True,21,329,3,,,,,,,,,,,,,,1.0
PDP,Meta,Duplicate page title,https://www.chewy.com/vetnique-labs-glandex-wipes-rear-end/dp/135553,True,Make titles unique at the page/template level.,Glandex Cleansing & Deodorizing Hygienic Anal Gland Pet Wipes | Chewy (Free Shipping),Glandex Cleansing & Deodorizing Hygienic Anal Gland Pet Wipes | Chewy (Free Shipping),85,"Buy Vetnique Labs Glandex Boot the Scoot Rear End Anal Gland Cleaning & Deodorizing Hygienic Dog & Cat Wipes, 75 count at Chewy.com. FREE shipping and the BEST customer service!",177,,"Vetnique Labs Glandex Boot the Scoot Rear End Anal Gland Cleaning & Deodorizing Hygienic Dog & Cat Wipes, 75 count",1,vetnique-labs-glandex-wipes-rear-end,True,True,False,False,True,True,True,True,33,334,3,,,,,,,,,,,,,,3.0
PDP,Meta,Duplicate page title,https://www.chewy.com/wondercide-yard-garden-flea-tick/dp/253137,True,Make titles unique at the page/template level.,"WONDERCIDE Natural Flea, Tick & Mosquito Yard & Garden Spray with Natural Essential Oils, 32-fl oz bottle - Chewy.com","WONDERCIDE Natural Flea, Tick & Mosquito Yard & Garden Spray with Natural Essential Oils, 32-fl oz bottle - Chewy.com",117,"Buy Wondercide Natural Flea, Tick & Mosquito Yard & Garden Spray with Natural Essential Oils, 32-fl oz bottle at Chewy.com. FREE shipping and the BEST customer service!",168,,"Wondercide Natural Flea, Tick & Mosquito Yard & Garden Spray with Natural Essential Oils, 32-fl oz bottle",1,wondercide-yard-garden-flea-tick,True,True,False,False,True,True,True,True,35,330,3,,,,,,,,,,,,,,1.0
PDP,Meta,Duplicate page title,https://www.chewy.com/nexgard-combo-topical-cats-18-55lbs/dp/851750,True,Make titles unique at the page/template level.,"NEXGARD COMBO Topical for Cats, 1.8-5.5lbs (Purple Box) - Easy Refills | Chewy Rx","NEXGARD COMBO Topical for Cats, 1.8-5.5lbs (Purple Box) - Easy Refills | Chewy Rx",81,"NexGard COMBO (esafoxolaner, eprinomectin, and praziquantel topical solution) for Cats kills fleas and ticks, prevents heartworm disease, and treats and controls hookworms, roundworms and tapeworms. NexGard COMBO topical solution is parasite protection for cats from the maker of vet-recommended NexGard (afoxolaner) and HEARTGARD Plus (ivermectin/pyrantel). All cats need parasite protection, even indoor cats.",411,,"NexGard COMBO Topical for Cats, 1.8-5.5lbs (Purple Box), 3 Doses (3-mos. supply)",1,nexgard-combo-topical-cats-18-55lbs,True,True,False,False,True,True,True,True,4,321,3,,,,,,,,,,,,,,1.0
PDP,Meta,Duplicate page title,https://www.chewy.com/nummy-tum-tum-pure-organic-pumpkin/dp/35535,True,Make titles unique at the page/template level.,"NUMMY TUM-TUM Pure Organic Pumpkin Canned Dog & Cat Food Supplement, 15-oz, case of 12 - Chewy.com","NUMMY TUM-TUM Pure Organic Pumpkin Canned Dog & Cat Food Supplement, 15-oz, case of 12 - Chewy.com",98,"Buy Nummy Tum-Tum Pure Organic Pumpkin Canned Dog & Cat Food Supplement, 15-oz, case of 12 at Chewy.com. FREE shipping and the BEST customer service!",149,nummy tum-tum,"Nummy Tum-Tum Pure Organic Pumpkin Canned Dog & Cat Food Supplement, 15-oz, case of 12",1,nummy-tum-tum-pure-organic-pumpkin,True,False,False,False,True,True,True,True,87,328,3,good,2406.0,good,0.0,,,1,1,3.0,1,0,0,0,5.0
PDP,Meta,Duplicate page title,https://www.chewy.com/royal-canin-size-health-nutrition/dp/1590358,True,Make titles unique at the page/template level.,Royal Canin Small Puppy Dry Dog Food (Free Shipping) | Chewy,Royal Canin Small Puppy Dry Dog Food (Free Shipping) | Chewy,60,"Buy Royal Canin Size Health Nutrition Small Puppy Dry Dog Food, 4-lb bag at Chewy.com. FREE shipping and the BEST customer service!",131,,"Royal Canin Size Health Nutrition Small Puppy Dry Dog Food, 4-lb bag",1,royal-canin-size-health-nutrition,True,True,False,False,True,True,True,True,47,330,3,,,,,,,,,,,,,,1.0
PDP,Meta,Duplicate page title,https://www.chewy.com/royal-canin-size-health-nutrition/dp/1600086,True,Make titles unique at the page/template level.,Royal Canin Large Puppy Dry Dog Food (Free Shipping) | Chewy,Royal Canin Large Puppy Dry Dog Food (Free Shipping) | Chewy,60,"Buy Royal Canin Size Health Nutrition Large Puppy Dry Dog Food, 4-lb bag at Chewy.com. FREE shipping and the BEST customer service!",131,,"Royal Canin Size Health Nutrition Large Puppy Dry Dog Food, 4-lb bag",1,royal-canin-size-health-nutrition,True,True,False,False,True,True,True,True,12,331,3,,,,,,,,,,,,,,1.0
PDP,Meta,Duplicate page title,https://www.chewy.com/kaytee-silent-spinner-small-animal/dp/128957,True,Make titles unique at the page/template level.,Kaytee Silent Spinner Small Animal Exercise Wheel (Free Shipping) | Chewy,Kaytee Silent Spinner Small Animal Exercise Wheel (Free Shipping) | Chewy,73,"Buy Kaytee Silent Spinner Small Animal Exercise Wheel, Mini at Chewy.com. FREE shipping and the BEST customer service!",118,,"Kaytee Silent Spinner Small Animal Exercise Wheel, Mini",1,kaytee-silent-spinner-small-animal,True,True,False,False,True,True,True,True,72,323,3,,,,,,,,,,,,,,1.0
PDP,Meta,Duplicate page title,https://www.chewy.com/kaytee-run-about-small-animal/dp/129023,True,Make titles unique at the page/template level.,"KAYTEE Run-About Small Animal Exercise Ball, 7-in - Chewy.com","KAYTEE Run-About Small Animal Exercise Ball, 7-in - Chewy.com",61,"Buy Kaytee Run-About Small Animal Exercise Ball, 7-in at Chewy.com. FREE shipping and the BEST customer service!",112,,"Kaytee Run-About Small Animal Exercise Ball, 7-in",1,kaytee-run-about-small-animal,True,True,False,False,True,True,True,True,64,331,3,,,,,,,,,,,,,,1.0
PDP,Meta,Duplicate page title,https://www.chewy.com/kaytee-run-about-small-animal/dp/189010,True,Make titles unique at the page/template level.,"KAYTEE Run-About Small Animal Exercise Ball, 7-in - Chewy.com","KAYTEE Run-About Small Animal Exercise Ball, 7-in - Chewy.com",61,"Buy Kaytee Run-About Small Animal Exercise Ball, 7-in at Chewy.com. FREE shipping and the BEST customer service!",112,,"Kaytee Run-About Small Animal Exercise Ball, 7-in",1,kaytee-run-about-small-animal,True,True,False,False,True,True,True,True,63,318,3,,,,,,,,,,,,,,1.0
PDP,Meta,Duplicate page title,https://www.chewy.com/new-country-organics-kelp-based/dp/1052430,True,Make titles unique at the page/template level.,"NEW COUNTRY ORGANICS Kelp Based Healthy Mineral for Sheep, 40-lb bag - Chewy.com","NEW COUNTRY ORGANICS Kelp Based Healthy Mineral for Sheep, 40-lb bag - Chewy.com",80,"Buy New Country Organics Kelp Based Healthy Mineral for Sheep, 40-lb bag at Chewy.com. FREE shipping and the BEST customer service!",131,,"New Country Organics Kelp Based Healthy Mineral for Sheep, 40-lb bag",1,new-country-organics-kelp-based,True,True,False,False,True,True,True,False,15,310,3,,,,,,,,,,,,,,1.0
PDP,Meta,Duplicate page title,https://www.chewy.com/missing-link-skin-coat-powder-dog/dp/41245,True,Make titles unique at the page/template level.,The Missing Link Original Skin & Coat Superfood Dog Supplement | Chewy (Free Shipping),The Missing Link Original Skin & Coat Superfood Dog Supplement | Chewy (Free Shipping),86,"Buy The Missing Link Skin & Coat Powder Supplement with Omegas & Probiotics for Dogs, 1-lb bag at Chewy.com. FREE shipping and the BEST customer service!",153,,"The Missing Link Skin & Coat Powder Supplement with Omegas & Probiotics for Dogs, 1-lb bag",1,missing-link-skin-coat-powder-dog,True,True,False,False,True,True,True,True,26,329,3,,,,,,,,,,,,,,1.0
PDP,Meta,Duplicate page title,https://www.chewy.com/phycox-max-soft-chews-joint/dp/56161,True,Make titles unique at the page/template level.,"PHYCOX MAX Soft Chews Joint Supplement for Dogs, 90 count - Chewy.com","PHYCOX MAX Soft Chews Joint Supplement for Dogs, 90 count - Chewy.com",69,"Buy Phycox MAX Soft Chews Joint Supplement for Dogs, 90 count at Chewy.com. FREE shipping and the BEST customer service!",120,phycox joint supplements dogs,"Phycox MAX Soft Chews Joint Supplement for Dogs, 90 count",1,phycox-max-soft-chews-joint,True,True,False,False,True,True,True,True,57,329,3,good,2283.0,good,0.045,,,1,1,10.0,1,0,0,0,4.0
PDP,Meta,Duplicate page title,https://www.chewy.com/pedigree-puppy-growth-protection/dp/388686,True,Make titles unique at the page/template level.,Pedigree Puppy Growth & Protection Chicken & Vegetable Flavor Dry Dog Food | Chewy,Pedigree Puppy Growth & Protection Chicken & Vegetable Flavor Dry Dog Food | Chewy,82,"Buy Pedigree Puppy Growth & Protection Chicken & Vegetable Flavor Dry Dog Food, 3.5-lb bag at Chewy.com. FREE shipping and the BEST customer service!",149,,"Pedigree Puppy Growth & Protection Chicken & Vegetable Flavor Dry Dog Food, 3.5-lb bag",1,pedigree-puppy-growth-protection,True,True,False,False,True,True,True,True,23,326,3,,,,,,,,,,,,,,6.0
PDP,Meta,Duplicate page title,https://www.chewy.com/pedigree-puppy-growth-protection/dp/388682,True,Make titles unique at the page/template level.,Pedigree Puppy Growth & Protection Chicken & Vegetable Flavor Dry Dog Food | Chewy,Pedigree Puppy Growth & Protection Chicken & Vegetable Flavor Dry Dog Food | Chewy,82,"Buy Pedigree Puppy Growth & Protection Chicken & Vegetable Flavor Dry Dog Food, 14-lb bag at Chewy.com. FREE shipping and the BEST customer service!",148,,"Pedigree Puppy Growth & Protection Chicken & Vegetable Flavor Dry Dog Food, 14-lb bag",1,pedigree-puppy-growth-protection,True,True,False,False,True,True,True,True,29,331,3,,,,,,,,,,,,,,1.0
PDP,Meta,Duplicate page title,https://www.chewy.com/pedigree-puppy-growth-protection/dp/756414,True,Make titles unique at the page/template level.,Pedigree Puppy Growth & Protection Chicken & Vegetable Flavor Dry Dog Food | Chewy,Pedigree Puppy Growth & Protection Chicken & Vegetable Flavor Dry Dog Food | Chewy,82,"Buy Pedigree Puppy Growth & Protection Chicken & Vegetable Flavor Dry Dog Food, 60-lb bundle at Chewy.com. FREE shipping and the BEST customer service!",151,,"Pedigree Puppy Growth & Protection Chicken & Vegetable Flavor Dry Dog Food, 60-lb bundle",1,pedigree-puppy-growth-protection,True,False,False,False,True,True,True,True,15,326,3,,,,,,,,,,,,,,
PDP,Meta,Duplicate page title,https://www.chewy.com/wellness-complete-health-puppy/dp/123241,True,Make titles unique at the page/template level.,"Wellness Complete Health Puppy Deboned Chicken, Oatmeal & Salmon Meal Recipe Dry Dog Food | Chewy","Wellness Complete Health Puppy Deboned Chicken, Oatmeal & Salmon Meal Recipe Dry Dog Food | Chewy",97,"Buy Wellness Complete Health Puppy Wholesome Grains Natural Chicken, Oatmeal, & Salmon Dry Dog Food, 5-lb bag at Chewy.com. FREE shipping and the BEST customer service!",168,,"Wellness Complete Health Puppy Wholesome Grains Natural Chicken, Oatmeal, & Salmon Dry Dog Food, 5-lb bag",1,wellness-complete-health-puppy,True,True,False,False,True,True,True,True,44,331,3,,,,,,,,,,,,,,
PDP,Meta,Duplicate page title,https://www.chewy.com/purina-beneful-healthy-puppy-farm/dp/200458,True,Make titles unique at the page/template level.,Purina Beneful Healthy Puppy with Real Chicken Dry Dog Food | Chewy (Free Shipping),Purina Beneful Healthy Puppy with Real Chicken Dry Dog Food | Chewy (Free Shipping),83,"Buy Purina Beneful Healthy Puppy with Farm Raised Chicken High Protein Dry Dog Food, 14-lb bag at Chewy.com. FREE shipping and the BEST customer service!",153,,"Purina Beneful Healthy Puppy with Farm Raised Chicken High Protein Dry Dog Food, 14-lb bag",1,purina-beneful-healthy-puppy-farm,True,True,False,False,True,True,True,True,123,331,3,,,,,,,,,,,,,,1.0
PDP,Meta,Duplicate page title,https://www.chewy.com/vetoquinol-ear-cleaning-solution-dogs/dp/109552,True,Make titles unique at the page/template level.,Vetoquinol Vet Solutions Ear Cleaning Solution for Dogs & Cats | Chewy (Free Shipping),Vetoquinol Vet Solutions Ear Cleaning Solution for Dogs & Cats | Chewy (Free Shipping),86,"Buy Vetoquinol Ear Cleaning Solution for Dogs & Cats, 16-fl oz bottle at Chewy.com. FREE shipping and the BEST customer service!",128,,"Vetoquinol Ear Cleaning Solution for Dogs & Cats, 16-fl oz bottle",1,vetoquinol-ear-cleaning-solution-dogs,True,True,False,False,True,True,True,True,45,333,3,,,,,,,,,,,,,,7.0
PDP,Meta,Duplicate page title,https://www.chewy.com/vetoquinol-epakitin-powder-urinary/dp/102188,True,Make titles unique at the page/template level.,Vetoquinol Epakitin Supplement for Dogs & Cats (Free Shipping) | Chewy,Vetoquinol Epakitin Supplement for Dogs & Cats (Free Shipping) | Chewy,70,"Buy Vetoquinol Epakitin Powder Urinary Supplement for Cats & Dogs, 60g at Chewy.com. FREE shipping and the BEST customer service!",129,,"Vetoquinol Epakitin Powder Urinary Supplement for Cats & Dogs, 60g",1,vetoquinol-epakitin-powder-urinary,True,True,False,False,True,True,True,True,322,331,3,good,2220.0,good,0.05,,,,,,,,,,3.0
PDP,Meta,Duplicate page title,https://www.chewy.com/feliway-classic-calming-diffuser/dp/121784,True,Make titles unique at the page/template level.,Feliway Cat Diffuser Refill | Chewy (Free Shipping),Feliway Cat Diffuser Refill | Chewy (Free Shipping),51,"Buy Feliway Classic Calming Pheromone Diffuser Refill for Cats, 30 day, 1 count at Chewy.com. FREE shipping and the BEST customer service!",138,,"Feliway Classic Calming Pheromone Diffuser Refill for Cats, 30 day, 1 count",1,feliway-classic-calming-diffuser,True,True,False,False,True,True,True,True,36,327,3,,,,,,,,,,,,,,2.0
PDP,Meta,Duplicate page title,https://www.chewy.com/simparica-trio-chewable-tablet-dogs/dp/976102,True,Make titles unique at the page/template level.,"SIMPARICA TRIO Chewable Tablet for Dogs, 2.8-5.5 lbs, (Gold Box) - Easy Refills | Chewy Rx","SIMPARICA TRIO Chewable Tablet for Dogs, 2.8-5.5 lbs, (Gold Box) - Easy Refills | Chewy Rx",90,"Help your furry friend fight off pests with Simparica Trio Chewable Tablets for Dogs! Every purchase comes with individual treatments that are specially formulated for canine companions 8 weeks of age and older, weighing between 2.8 and 5.5 pounds.",248,,"Simparica Trio Chewable Tablet for Dogs, 2.8-5.5 lbs, (Gold Box), 1 Chewable Tablet (1-mo. supply)",1,simparica-trio-chewable-tablet-dogs,True,True,False,False,True,True,True,True,21,325,3,,,,,,,,,,,,,,1.0
PDP,Meta,Duplicate page title,https://www.chewy.com/simparica-trio-chewable-tablet-dogs/dp/976342,True,Make titles unique at the page/template level.,"SIMPARICA TRIO Chewable Tablet for Dogs, 5.6-11.0 lbs, (Purple Box) - Easy Refills | Chewy Rx","SIMPARICA TRIO Chewable Tablet for Dogs, 5.6-11.0 lbs, (Purple Box) - Easy Refills | Chewy Rx",93,"Help your furry friend fight off pests with Simparica Trio Chewable Tablets for Dogs! Every purchase comes with individual treatments that are specially formulated for canine companions 8 weeks of age and older, weighing between 5.6 and 11 pounds. Simparica Trio is the first and only product that combines sarolaner, moxidectin and pyrantel in each treatment to help prevent heartworm disease, kill fleas before they can lay eggs, kill 5 types of ticks, treat and prevent flea infestations and treat and control roundworms and hookworms.",538,,"Simparica Trio Chewable Tablet for Dogs, 5.6-11.0 lbs, (Purple Box), 1 Chewable Tablet (1-mo. supply)",1,simparica-trio-chewable-tablet-dogs,True,True,False,False,True,True,True,True,9,325,3,good,2377.0,good,0.03,,,,,,,,,,1.0
PDP,Meta,Duplicate page title,https://www.chewy.com/simparica-trio-chewable-tablet-dogs/dp/976558,True,Make titles unique at the page/template level.,"SIMPARICA TRIO Chewable Tablet for Dogs, 22.1-44.0 lbs, (Teal Box) - Easy Refills | Chewy Rx","SIMPARICA TRIO Chewable Tablet for Dogs, 22.1-44.0 lbs, (Teal Box) - Easy Refills | Chewy Rx",92,"Help your furry friend fight off pests with Simparica Trio Chewable Tablets for Dogs! Every purchase comes with individual treatments that are specially formulated for canine companions 8 weeks of age and older, weighing between 22.1 and 44 pounds. Simparica Trio is the first and only product that combines sarolaner, moxidectin and pyrantel in each treatment to help prevent heartworm disease, kill fleas before they can lay eggs, kill 5 types of ticks, treat and prevent flea infestations and treat and control roundworms and hookworms.",539,simparica trio chewable tablet for dogs 22.1-44.0 lbs teal box 6 chewable tablets (6-mos. supply,"Simparica Trio Chewable Tablet for Dogs, 22.1-44.0 lbs, (Teal Box), 1 Chewable Tablet (1-mo. supply)",1,simparica-trio-chewable-tablet-dogs,True,True,False,False,True,True,True,True,19,325,3,good,2389.0,good,0.035,,,1,1,3.0,1,0,0,0,7.0
PDP,Meta,Duplicate page title,https://www.chewy.com/simparica-trio-chewable-tablet-dogs/dp/976566,True,Make titles unique at the page/template level.,"SIMPARICA TRIO Chewable Tablet for Dogs, 44.1-88 lbs, (Green Box) - Easy Refills | Chewy Rx","SIMPARICA TRIO Chewable Tablet for Dogs, 44.1-88 lbs, (Green Box) - Easy Refills | Chewy Rx",91,"Help your furry friend fight off pests with Simparica Trio Chewable Tablets for Dogs! Every purchase comes with individual treatments that are specially formulated for canine companions 8 weeks of age and older, weighing between 44.1 and 88 pounds. Simparica Trio is the first and only product that combines sarolaner, moxidectin and pyrantel in each treatment to help prevent heartworm disease, kill fleas before they can lay eggs, kill 5 types of ticks, treat and prevent flea infestations and treat and control roundworms and hookworms.",539,,"Simparica Trio Chewable Tablet for Dogs, 44.1-88 lbs, (Green Box), 1 Chewable Tablet (1-mo. supply)",1,simparica-trio-chewable-tablet-dogs,True,True,False,False,True,True,True,True,77,326,3,good,2228.0,good,0.035,,,,,,,,,,9.0
PDP,Meta,Duplicate page title,https://www.chewy.com/simparica-trio-chewable-tablet-dogs/dp/976574,True,Make titles unique at the page/template level.,"SIMPARICA TRIO Chewable Tablet for Dogs, 88.1-132.0 lbs, (Brown Box) - Easy Refills | Chewy Rx","SIMPARICA TRIO Chewable Tablet for Dogs, 88.1-132.0 lbs, (Brown Box) - Easy Refills | Chewy Rx",94,"Help your furry friend fight off pests with Simparica Trio Chewable Tablets for Dogs! Every purchase comes with individual treatments that are specially formulated for canine companions 8 weeks of age and older, weighing between 88.1 and 132 pounds. Simparica Trio is the first and only product that combines sarolaner, moxidectin and pyrantel in each treatment to help prevent heartworm disease, kill fleas before they can lay eggs, kill 5 types of ticks, treat and prevent flea infestations and treat and control roundworms and hookworms.",540,,"Simparica Trio Chewable Tablet for Dogs, 88.1-132.0 lbs, (Brown Box), 1 Chewable Tablet (1-mo. supply)",1,simparica-trio-chewable-tablet-dogs,True,True,False,False,True,True,True,True,16,326,3,,,,,,,,,,,,,,1.0
PDP,Meta,Duplicate page title,https://www.chewy.com/simparica-trio-chewable-tablet-dogs/dp/988886,True,Make titles unique at the page/template level.,"SIMPARICA TRIO Chewable Tablet for Dogs, 11.1-22.0 lbs, (Caramel Box) - Easy Refills | Chewy Rx","SIMPARICA TRIO Chewable Tablet for Dogs, 11.1-22.0 lbs, (Caramel Box) - Easy Refills | Chewy Rx",95,"Help your furry friend fight off pests with Simparica Trio Chewable Tablets for Dogs! Every purchase comes with individual treatments that are specially formulated for canine companions 8 weeks of age and older, weighing between 11.1 and 22 pounds. Simparica Trio is the first and only product that combines sarolaner, moxidectin and pyrantel in each treatment to help prevent heartworm disease, kill fleas before they can lay eggs, kill 5 types of ticks, treat and prevent flea infestations and treat and control roundworms and hookworms.",539,,"Simparica Trio Chewable Tablet for Dogs, 11.1-22.0 lbs, (Caramel Box), 3 Chewable Tablets (3-mos. supply)",1,simparica-trio-chewable-tablet-dogs,True,True,False,False,True,True,True,True,9,325,3,,,,,,,,,,,,,,1.0
