page_type,category,issue,normalized_url,matched_botify,recommendation,evidence_value,title,title_length,meta_description,meta_description_length,main_keyword,h1,h1_count,url_slug,canonical_points_to_self,in_sitemaps,noindex,nofollow,breadcrumb_exists,product_exists,offer_exists,faq_exists,unique_inlinks,unique_outlinks,depth,lcp_status,lcp_value,cls_status,cls_value,inp_status,inp_value,ranking_keyword_rows,distinct_keywords,avg_current_rank,top10_keywords,quick_win_11_20_keywords,striking_distance_21_50_keywords,lost_or_unranked_keywords,botify_audience_keywords_to_90pct
PDP,Ranking Keywords,Has striking-distance keywords in positions 21-50,https://www.chewy.com/chewy-egift-card/dp/541878,True,"Evaluate whether the page needs stronger content, intent coverage, or internal links.",2,Chewy eGift Cards For Pet Lovers | Chewy,40,"Buy Chewy eGift Cards, the perfect gift for pet parents. Available from $25 - $500. FREE delivery and the BEST customer service!",128,how to cards on chewy,"Chewy eGift Card, Number One Dad, $150",1,chewy-egift-card,True,True,False,False,True,True,True,True,21,329,3,,,,,,,9,8,12.5,3,1,2,3,6.0
PDP,Ranking Keywords,Has striking-distance keywords in positions 21-50,https://www.chewy.com/chewy-egift-card/dp/283560,True,"Evaluate whether the page needs stronger content, intent coverage, or internal links.",1,Chewy eGift Cards For Pet Lovers | Chewy,40,"Buy Chewy eGift Cards, the perfect gift for pet parents. Available from $25 - $500. FREE delivery and the BEST customer service!",128,chewy gift cards,"Chewy eGift Card, Purr-fect Gift, $100",1,chewy-egift-card,True,True,False,False,True,True,True,True,21,329,3,,,,,,,3,3,23.0,0,0,1,2,3.0
PDP,Ranking Keywords,Has striking-distance keywords in positions 21-50,https://www.chewy.com/dog-whisperer-beef-flavored-sticks/dp/632942,True,"Evaluate whether the page needs stronger content, intent coverage, or internal links.",1,"DOG WHISPERER Beef Flavored Sticks Jerky Dog Treats, 24-oz bag - Chewy.com",74,"Buy Dog Whisperer Beef Flavored Sticks Jerky Dog Treats, 24-oz bag at Chewy.com. FREE shipping and the BEST customer service!",125,chewy exclusive jerky dog treats,"Dog Whisperer Beef Flavored Sticks Jerky Dog Treats, 24-oz bag",1,dog-whisperer-beef-flavored-sticks,True,True,False,False,True,True,True,False,49,325,2,,,,,,,1,1,23.0,0,0,1,0,1.0
PDP,Ranking Keywords,Has striking-distance keywords in positions 21-50,https://www.chewy.com/rocco-roxie-supply-co-gourmet-chicken/dp/116998,True,"Evaluate whether the page needs stronger content, intent coverage, or internal links.",1,"ROCCO & ROXIE SUPPLY CO. Gourmet Chicken Jerky Dog Sticks, 16-oz bag - Chewy.com",80,"Buy Rocco & Roxie Supply Co. Gourmet Chicken Jerky Dog Sticks, 16-oz bag at Chewy.com. FREE shipping and the BEST customer service!",131,chewy exclusive jerky dog treats,"Rocco & Roxie Supply Co. Gourmet Chicken Jerky Dog Sticks, 16-oz bag",1,rocco-roxie-supply-co-gourmet-chicken,True,True,False,False,True,True,True,True,58,327,3,,,,,,,1,1,28.0,0,0,1,0,1.0
PDP,Ranking Keywords,Has striking-distance keywords in positions 21-50,https://www.chewy.com/purebites-salmon-freeze-dried-raw-dog/dp/177294,True,"Evaluate whether the page needs stronger content, intent coverage, or internal links.",1,"PUREBITES Salmon Freeze-Dried Raw Dog Treats, 2.47-oz bag - Chewy.com",69,"Buy PureBites Salmon Freeze-Dried Raw Dog Treats, 2.47-oz bag at Chewy.com. FREE shipping and the BEST customer service!",120,chewy exclusive freeze-dried and dehydrated dog treats,"PureBites Salmon Freeze-Dried Raw Dog Treats, 2.47-oz bag",1,purebites-salmon-freeze-dried-raw-dog,True,True,False,False,True,True,True,True,115,336,3,,,,,,,1,1,24.0,0,0,1,0,1.0
PDP,Ranking Keywords,Has striking-distance keywords in positions 21-50,https://www.chewy.com/country-kitchen-rawhide-free-twists/dp/3650542,True,"Evaluate whether the page needs stronger content, intent coverage, or internal links.",1,"COUNTRY KITCHEN Rawhide-Free Twists Beef Dog Chew Treats, 9 count - Chewy.com",77,"Buy Country Kitchen Rawhide-Free Twists Beef Dog Chew Treats, 9 count at Chewy.com. FREE shipping and the BEST customer service!",128,chewy exclusive rawhide-free dog treats,"Country Kitchen Rawhide-Free Twists Beef Dog Chew Treats, 9 count",1,country-kitchen-rawhide-free-twists,True,True,False,False,True,True,True,False,14,330,3,,,,,,,1,1,21.0,0,0,1,0,1.0
PDP,Ranking Keywords,Has striking-distance keywords in positions 21-50,https://www.chewy.com/chewy-all-natural-dental-sticks/dp/1761086,True,"Evaluate whether the page needs stronger content, intent coverage, or internal links.",1,"CHEWY MADE Natural Bacon Flavor Dental Chew Dog Treats (FORMERLY TRUE ACRE FOODS), 32 count - Chewy.com",103,"Buy Chewy Made Natural Bacon Flavor Dental Chew Dog Treats (FORMERLY TRUE ACRE FOODS), 32 count at Chewy.com. FREE shipping and the BEST customer service!",154,chewy exclusive dog dental treats,"Chewy Made Natural Bacon Flavor Dental Chew Dog Treats (FORMERLY TRUE ACRE FOODS), 32 count",1,chewy-all-natural-dental-sticks,True,True,False,False,True,True,True,True,64,325,2,,,,,,,1,1,24.0,0,0,1,0,1.0
PDP,Ranking Keywords,Has striking-distance keywords in positions 21-50,https://www.chewy.com/chewy-standard-bully-stick-4/dp/2195086,True,"Evaluate whether the page needs stronger content, intent coverage, or internal links.",1,"CHEWY MADE Standard Bully Stick 4"" Dog Treats (FORMERLY BONES & CHEWS), 2 count bundle - Chewy.com",98,"Buy Chewy Made Standard Bully Stick 4"" Dog Treats (FORMERLY BONES & CHEWS), 2 count bundle at Chewy.com. FREE shipping and the BEST customer service!",149,chewy exclusive bones bully sticks and natural dog chews,"Chewy Made Standard Bully Stick 4"" Dog Treats (FORMERLY BONES & CHEWS), 2 count bundle",1,chewy-standard-bully-stick,True,False,False,False,True,True,True,True,9,325,3,,,,,,,1,1,25.0,0,0,1,0,1.0
PDP,Ranking Keywords,Has striking-distance keywords in positions 21-50,https://www.chewy.com/chewy-unscented-clumping-clay-litter/dp/1761110,True,"Evaluate whether the page needs stronger content, intent coverage, or internal links.",1,"CHEWY MADE Multi-Cat Unscented Clumping Clay Cat Litter (FORMERLY FRISCO), 40-lb bag - Chewy.com",96,"Buy Chewy Made Multi-Cat Unscented Clumping Clay Cat Litter (FORMERLY FRISCO), 40-lb bag at Chewy.com. FREE shipping and the BEST customer service!",147,frisco cat litter,"Chewy Made Multi-Cat Unscented Clumping Clay Cat Litter (FORMERLY FRISCO), 40-lb bag",1,chewy-unscented-clumping-clay-litter,True,True,False,False,True,True,True,True,5,321,3,good,2484.0,good,0.07,,,7,7,7.0,5,1,1,0,8.0
PDP,Ranking Keywords,Has striking-distance keywords in positions 21-50,https://www.chewy.com/ultra-chewy-naturals-hoof-beef-chew/dp/3623806,True,"Evaluate whether the page needs stronger content, intent coverage, or internal links.",1,"ULTRA CHEWY NATURALS Hoof Beef Chew Dog Treats, 4 count - Chewy.com",67,"Buy Ultra Chewy Naturals Hoof Beef Chew Dog Treats, 4 count at Chewy.com. FREE shipping and the BEST customer service!",118,ultra chewy natural dog chews,"Ultra Chewy Naturals Hoof Beef Chew Dog Treats, 4 count",1,ultra-chewy-naturals-hoof-beef-chew,True,True,False,False,True,True,True,False,30,306,3,,,,,,,1,1,23.0,0,0,1,0,1.0
PDP,Ranking Keywords,Has striking-distance keywords in positions 21-50,https://www.chewy.com/ultra-chewy-double-treat-bone-liver/dp/264681,True,"Evaluate whether the page needs stronger content, intent coverage, or internal links.",1,"ULTRA CHEWY Double Treat Bone Liver Flavor Dog Treats, 1 count - Chewy.com",74,"Buy Ultra Chewy Double Treat Bone Liver Flavor Dog Treats, 1 count at Chewy.com. FREE shipping and the BEST customer service!",125,ultra chewy natural dog chews,"Ultra Chewy Double Treat Bone Liver Flavor Dog Treats, 1 count",1,ultra-chewy-double-treat-bone-liver,True,True,False,False,True,True,True,False,4,312,4,,,,,,,1,1,27.0,0,0,1,0,1.0
PDP,Ranking Keywords,Has striking-distance keywords in positions 21-50,https://www.chewy.com/chlorpheniramine-maleate-compounded/dp/996486,True,"Evaluate whether the page needs stronger content, intent coverage, or internal links.",1,"CHLORPHENIRAMINE MALEATE COMPOUNDED Capsule, 6 mg, 120 capsules for Veterinary use - Easy Refills | Chewy Rx",108,Chlorpheniramine Malate is an antihistamine that may be prescribed for allergies. Chlorpheniramine Maleate Compounded capsule is a white elongated capsule made specifically for your pet. **Please note your capsules may be either blue-white or all white.,253,chlorpheniramine maleate compounded,"Chlorpheniramine Maleate Compounded Capsule, 6 mg, 120 capsules for Veterinary use",1,chlorpheniramine-maleate-compounded,True,False,False,False,True,True,True,True,8,314,4,,,,,,,1,1,24.0,0,0,1,0,1.0
PDP,Ranking Keywords,Has striking-distance keywords in positions 21-50,https://www.chewy.com/cyproheptadine-hcl-compounded-oral/dp/361804,True,"Evaluate whether the page needs stronger content, intent coverage, or internal links.",1,"CYPROHEPTADINE HCL COMPOUNDED Tuna Oral Oil Suspension, 100 mg/mL, 30 mL for Veterinary use - Easy Refills | Chewy Rx",117,"Cyproheptadine HCl Compounded oral liquid is an oil-based preparation. Cyproheptadine HCl is an antihistamine that be prescribed for allergies, appetite stimulation, serotonin syndrome. Cyproheptadine HCl Compounded oral liquid is made specifically for your pet.",262,cyproheptadine hcl compounded,"Cyproheptadine HCl Compounded Tuna Oral Oil Suspension, 100 mg/mL, 30 mL for Veterinary use",1,cyproheptadine-hcl-compounded-oral,True,True,False,False,True,True,True,True,9,320,5,,,,,,,1,1,27.0,0,0,1,0,1.0
PDP,Ranking Keywords,Has striking-distance keywords in positions 21-50,https://www.chewy.com/isoxsuprine-hcl-compounded-oral-oil/dp/398030,False,"Evaluate whether the page needs stronger content, intent coverage, or internal links.",1,,,,,isoxsuprine hcl compounded,,,,,,,,,,,,,,,,,,,,,1,1,26.0,0,0,1,0,
PDP,Ranking Keywords,Has striking-distance keywords in positions 21-50,https://www.chewy.com/methocarbamol-compounded-powder/dp/944118,True,"Evaluate whether the page needs stronger content, intent coverage, or internal links.",1,"METHOCARBAMOL COMPOUNDED Apple Powder, 2.5 GM/15CC scoop, for Veterinary use - Easy Refills | Chewy Rx",102,"Methocarbamol is a muscle relaxant prescribed by your vet to treat acute inflammatory and traumatic conditions of skeletal muscles, as well as to reduce muscle spasms. Methocarbamol compounded powder is a white to off-white colored powder that is made specifically for your pet.",278,methocarbamol compounded,"Methocarbamol Compounded Apple Powder, 2.5 GM/15CC scoop, 180 scoops for Veterinary use",1,methocarbamol-compounded-powder,True,True,False,False,True,True,True,True,2,319,4,,,,,,,1,1,24.0,0,0,1,0,1.0
PDP,Ranking Keywords,Has striking-distance keywords in positions 21-50,https://www.chewy.com/bones-chews-made-in-usa-12-braided/dp/185095,False,"Evaluate whether the page needs stronger content, intent coverage, or internal links.",1,,,,,bones & chews made in usa bully stick dog chews,,,,,,,,,,,,,,,,,,,,,1,1,23.0,0,0,1,0,
PDP,Ranking Keywords,Has striking-distance keywords in positions 21-50,https://www.chewy.com/chloraseb-antiseptic-flush-dogs/dp/202248,True,"Evaluate whether the page needs stronger content, intent coverage, or internal links.",1,"CHLORASEB Antiseptic Flush for Dogs, 12-oz bottle - Chewy.com",61,"Buy ChloraSeb Antiseptic Flush for Dogs, 12-oz bottle at Chewy.com. FREE shipping and the BEST customer service!",112,chloraseb,"ChloraSeb Antiseptic Flush for Dogs, 12-oz bottle",1,chloraseb-antiseptic-flush-dogs,True,True,False,False,True,True,True,True,0,321,4,,,,,,,1,1,24.0,0,0,1,0,1.0
PDP,Ranking Keywords,Has striking-distance keywords in positions 21-50,https://www.chewy.com/frisco-fetch-squeaky-tpr-ball-dog-toy/dp/179578,True,"Evaluate whether the page needs stronger content, intent coverage, or internal links.",1,"FRISCO Fetch Squeaky TPR Ball Dog Toy, Blue, Medium, 1 count - Chewy.com",72,"Buy Frisco Fetch Squeaky TPR Ball Dog Toy, Blue, Medium, 1 count at Chewy.com. FREE shipping and the BEST customer service!",123,frisco by chewy,"Frisco Fetch Squeaky TPR Ball Dog Toy, Blue, Medium, 1 count",1,frisco-fetch-squeaky-tpr-ball-dog-toy,True,False,False,False,True,True,True,True,51,319,3,,,,,,,1,1,27.0,0,0,1,0,1.0
PDP,Ranking Keywords,Has striking-distance keywords in positions 21-50,https://www.chewy.com/frisco-unicorn-plush-squeaky-dog-toy/dp/201380,True,"Evaluate whether the page needs stronger content, intent coverage, or internal links.",1,"FRISCO Unicorn Plush Squeaky Dog Toy, White, Medium/Large - Chewy.com",69,"Buy Frisco Unicorn Plush Squeaky Dog Toy, White, Medium/Large at Chewy.com. FREE shipping and the BEST customer service!",120,unicorn dog toy,"Frisco Unicorn Plush Squeaky Dog Toy, White, Medium/Large",1,frisco-unicorn-plush-squeaky-dog-toy,True,True,False,False,True,True,True,True,54,318,3,,,,,,,2,2,16.5,1,0,1,0,1.0
PDP,Ranking Keywords,Has striking-distance keywords in positions 21-50,https://www.chewy.com/frisco-realistic-rabbit-plush-squeaky/dp/343222,True,"Evaluate whether the page needs stronger content, intent coverage, or internal links.",1,"FRISCO Realistic Rabbit Plush Squeaky Dog Toy, Medium/Large - Chewy.com",71,"Buy Frisco Realistic Rabbit Plush Squeaky Dog Toy, Medium/Large at Chewy.com. FREE shipping and the BEST customer service!",122,rabbit dog toy,"Frisco Realistic Rabbit Plush Squeaky Dog Toy, Medium/Large",1,frisco-realistic-rabbit-plush-squeaky,True,True,False,False,True,True,True,True,90,318,3,,,,,,,2,2,25.0,0,0,1,1,1.0
PDP,Ranking Keywords,Has striking-distance keywords in positions 21-50,https://www.chewy.com/frisco-8-box-adjustable-modular-dog/dp/1097358,True,"Evaluate whether the page needs stronger content, intent coverage, or internal links.",1,"FRISCO Hourglass Interactive Puzzle Dog Toy, Level 6 - Chewy.com",64,"Buy Frisco Hourglass Interactive Puzzle Dog Toy, Level 6 at Chewy.com. FREE shipping and the BEST customer service!",115,frisco puzzles,"Frisco Hourglass Interactive Puzzle Dog Toy, Level 6",1,frisco-8-box-adjustable-modular-dog,True,True,False,False,True,True,True,True,45,319,3,,,,,,,1,1,25.0,0,0,1,0,1.0
PDP,Ranking Keywords,Has striking-distance keywords in positions 21-50,https://www.chewy.com/frisco-flower-adjustable-modular-dog/dp/1097374,True,"Evaluate whether the page needs stronger content, intent coverage, or internal links.",1,"FRISCO Flower Interactive Puzzle Dog Toy, Level 5 - Chewy.com",61,"Buy Frisco Flower Interactive Puzzle Dog Toy, Level 5 at Chewy.com. FREE shipping and the BEST customer service!",112,frisco puzzles,"Frisco Flower Interactive Puzzle Dog Toy, Level 5",1,frisco-flower-adjustable-modular-dog,True,True,False,False,True,True,True,True,44,319,2,,,,,,,1,1,29.0,0,0,1,0,2.0
PDP,Ranking Keywords,Has striking-distance keywords in positions 21-50,https://www.chewy.com/vibeful-allergy-immune-support-lamb/dp/1051854,True,"Evaluate whether the page needs stronger content, intent coverage, or internal links.",1,"VIBEFUL Allergy & Immune Support Lamb Flavored Soft Chews Allergy & Immune Supplement for Dogs, 90 count jar - Chewy.com",120,"Buy Vibeful Allergy & Immune Support Lamb Flavored Soft Chews Allergy & Immune Supplement for Dogs, 90 count jar at Chewy.com. FREE shipping and the BEST customer service!",171,vibeful allergy & immune,"Vibeful Allergy & Immune Support Lamb Flavored Soft Chews Allergy & Immune Supplement for Dogs, 90 count jar",1,vibeful-allergy-immune-support-lamb,True,True,False,False,True,True,True,True,98,326,3,,,,,,,1,1,22.0,0,0,1,0,1.0
PDP,Ranking Keywords,Has striking-distance keywords in positions 21-50,https://www.chewy.com/selegiline-hcl-compounded-soft-chews/dp/4483430,True,"Evaluate whether the page needs stronger content, intent coverage, or internal links.",1,"SELEGILINE HCL COMPOUNDED Chicken Soft Chew, 20 mg, 45 chews for Veterinary use - Easy Refills | Chewy Rx",105,"Selegiline HCl is an oral prescription medication used to treat cognitive dysfunction and senility in older dogs. It can also be used to treat Cushing's disease when it is caused by a pituitary tumor. Since this medication is a selective monoamine oxidase-B inhibitor, it may enhance catecholamine neuroactivity and increase dopamine levels in dogs.",349,can i set up auto refills with chewy pharmacy for medications that treat a chronic condition?,"Selegiline HCl Compounded Chicken Soft Chew, 20 mg, 45 chews for Veterinary use",1,selegiline-hcl-compounded-soft-chews,True,False,False,False,True,True,True,True,7,314,6,,,,,,,1,1,29.0,0,0,1,0,
PDP,Ranking Keywords,Has striking-distance keywords in positions 21-50,https://www.chewy.com/chewy-egift-card/dp/226307,True,"Evaluate whether the page needs stronger content, intent coverage, or internal links.",1,Chewy eGift Cards For Pet Lovers | Chewy,40,"Buy Chewy eGift Cards, the perfect gift for pet parents. Available from $25 - $500. FREE delivery and the BEST customer service!",128,how can i purchase a bulk or corporate order of chewy egift cards?,"Chewy eGift Card, Chewy Pet Lovers, $75",1,chewy-egift-card,True,True,False,False,True,True,True,True,22,328,2,,,,,,,5,5,11.8,3,1,1,0,1.0
PDP,Ranking Keywords,Has striking-distance keywords in positions 21-50,https://www.chewy.com/chewy-egift-card/dp/817318,False,"Evaluate whether the page needs stronger content, intent coverage, or internal links.",1,,,,,how can i use a chewy egift card?,,,,,,,,,,,,,,,,,,,,,2,2,26.0,0,0,1,1,
PDP,Ranking Keywords,Has striking-distance keywords in positions 21-50,https://www.chewy.com/chewy-egift-card/dp/1502342,False,"Evaluate whether the page needs stronger content, intent coverage, or internal links.",1,,,,,are there any fees for chewy egift cards?,,,,,,,,,,,,,,,,,,,,,1,1,27.0,0,0,1,0,
PDP,Ranking Keywords,Has striking-distance keywords in positions 21-50,https://www.chewy.com/chewy-egift-card/dp/630422,True,"Evaluate whether the page needs stronger content, intent coverage, or internal links.",1,Chewy eGift Cards For Pet Lovers | Chewy,40,"Buy Chewy eGift Cards, the perfect gift for pet parents. Available from $25 - $500. FREE delivery and the BEST customer service!",128,do chewy egift cards expire?,"Chewy eGift Card, Yay B-Day, $500",1,chewy-egift-card,True,True,False,False,True,True,True,True,21,329,3,,,,,,,1,1,23.0,0,0,1,0,1.0
PDP,Ranking Keywords,Has striking-distance keywords in positions 21-50,https://www.chewy.com/chewy-gives-back-egift-card/dp/281191,False,"Evaluate whether the page needs stronger content, intent coverage, or internal links.",1,,,,,can i get free shipping for donating a chewy egift card?,,,,,,,,,,,,,,,,,,,,,1,1,24.0,0,0,1,0,
PDP,Ranking Keywords,Has striking-distance keywords in positions 21-50,https://www.chewy.com/chewy-egift-card/dp/541886,True,"Evaluate whether the page needs stronger content, intent coverage, or internal links.",1,Chewy eGift Cards For Pet Lovers | Chewy,40,"Buy Chewy eGift Cards, the perfect gift for pet parents. Available from $25 - $500. FREE delivery and the BEST customer service!",128,how to cards on chewy,"Chewy eGift Card, Number One Dad, $200",1,chewy-egift-card,True,True,False,False,True,True,True,True,21,329,3,,,,,,,1,1,26.0,0,0,1,0,1.0
PDP,Ranking Keywords,Has striking-distance keywords in positions 21-50,https://www.chewy.com/catstages-non-skid-slow-feeder-cat/dp/1336262,True,"Evaluate whether the page needs stronger content, intent coverage, or internal links.",1,"CATSTAGES Non-Skid Slow Feeder Cat Bowl, Orange, 0.5-cup - Chewy.com",68,"Buy Catstages Non-Skid Slow Feeder Cat Bowl, Orange, 0.5-cup at Chewy.com. FREE shipping and the BEST customer service!",119,deals on cat slow feeders,"Catstages Non-Skid Slow Feeder Cat Bowl, Orange, 0.5-cup",1,catstages-non-skid-slow-feeder-cat,False,False,False,False,True,True,True,True,1,320,3,,,,,,,1,1,29.0,0,0,1,0,
PDP,Ranking Keywords,Has striking-distance keywords in positions 21-50,https://www.chewy.com/tiny-friends-farm-small-animal/dp/172717,True,"Evaluate whether the page needs stronger content, intent coverage, or internal links.",1,"TINY FRIENDS FARM Small Animal Bathing Sand, 2.2-lb bag - Chewy.com",67,"Buy Tiny Friends Farm Small Animal Bathing Sand, 2.2-lb bag at Chewy.com. FREE shipping and the BEST customer service!",118,deals on small animal dust baths,"Tiny Friends Farm Small Animal Bathing Sand, 2.2-lb bag",1,tiny-friends-farm-small-animal,True,True,False,False,True,True,True,True,67,319,3,,,,,,,1,1,22.0,0,0,1,0,1.0
PDP,Ranking Keywords,Has striking-distance keywords in positions 21-50,https://www.chewy.com/chewy-egift-card/dp/271037,True,"Evaluate whether the page needs stronger content, intent coverage, or internal links.",1,Chewy eGift Cards For Pet Lovers | Chewy,40,"Buy Chewy eGift Cards, the perfect gift for pet parents. Available from $25 - $500. FREE delivery and the BEST customer service!",128,chewy gift card,"Chewy eGift Card, Pets Bring Us Together, $100",1,chewy-egift-card,True,True,False,False,True,True,True,True,21,329,3,,,,,,,1,1,26.0,0,0,1,0,1.0
PDP,Ranking Keywords,Has striking-distance keywords in positions 21-50,https://www.chewy.com/armarkat-real-wood-giant-cat-tower/dp/515582,True,"Evaluate whether the page needs stronger content, intent coverage, or internal links.",2,"ARMARKAT Real Wood Giant Cat Tower, Dark Gray, 80-in - Chewy.com",64,"Buy Armarkat Real Wood Giant Cat Tower, Dark Gray, 80-in at Chewy.com. FREE shipping and the BEST customer service!",115,chewy cat tower,"Armarkat Real Wood Giant Cat Tower, Dark Gray, 80-in",1,armarkat-real-wood-giant-cat-tower,True,True,False,False,True,True,True,True,21,316,3,,,,,,,4,4,19.0,0,2,2,0,1.0
PDP,Ranking Keywords,Has striking-distance keywords in positions 21-50,https://www.chewy.com/flea-away-flea-tick-oral-treatment/dp/105330,True,"Evaluate whether the page needs stronger content, intent coverage, or internal links.",2,"FLEA AWAY Flea & Tick Oral Treatment for Dogs & Cats, 100 Chewable Tablets - Chewy.com",86,"Buy Flea Away Flea & Tick Oral Treatment for Dogs & Cats, 100 Chewable Tablets at Chewy.com. FREE shipping and the BEST customer service!",137,chewy flea and tick,"Flea Away Flea & Tick Oral Treatment for Dogs & Cats, 100 Chewable Tablets",1,flea-away-flea-tick-oral-treatment,True,True,False,False,True,True,True,True,103,319,2,,,,,,,7,6,17.71,0,5,2,0,2.0
PDP,Ranking Keywords,Has striking-distance keywords in positions 21-50,https://www.chewy.com/fancy-feast-tender-feast-variety-pack/dp/185228,True,"Evaluate whether the page needs stronger content, intent coverage, or internal links.",2,"FANCY FEAST Kitten Classic Pate Tender Poultry & Fish Variety Pack Canned Wet Cat Food 3-oz, case of 24 - Chewy.com",115,"Buy Fancy Feast Kitten Classic Pate Tender Poultry & Fish Variety Pack Canned Wet Cat Food 3-oz, case of 24 at Chewy.com. FREE shipping and the BEST customer service!",166,fancy feast pate cat food,"Fancy Feast Kitten Classic Pate Tender Poultry & Fish Variety Pack Canned Wet Cat Food 3-oz, case of 24",1,fancy-feast-tender-feast-variety-pack,True,True,False,False,True,True,True,True,88,331,2,needs,2526.0,good,0.08,,,5,5,15.4,3,0,2,0,21.0
PDP,Ranking Keywords,Has striking-distance keywords in positions 21-50,https://www.chewy.com/trixie-wooden-cat-home-litter-box/dp/234060,True,"Evaluate whether the page needs stronger content, intent coverage, or internal links.",1,"TRIXIE Wooden Cat Home & Litter Box Cover, Gray - Chewy.com",59,"Buy TRIXIE Wooden Cat Home & Litter Box Cover, Gray at Chewy.com. FREE shipping and the BEST customer service!",110,chewy litter box,"TRIXIE Wooden Cat Home & Litter Box Cover, Gray",1,trixie-wooden-cat-home-litter-box,True,True,False,False,True,True,True,True,12,334,4,,,,,,,3,3,21.33,0,2,1,0,1.0
PDP,Ranking Keywords,Has striking-distance keywords in positions 21-50,https://www.chewy.com/pawspik-enclosed-stainless-steel-cat/dp/1445366,True,"Evaluate whether the page needs stronger content, intent coverage, or internal links.",3,"PAWSPIK Stainless Steel Cat Litter Box & Metal Scooper, X-Large, Light Gray - Chewy.com",87,"Buy PawsPik Stainless Steel Cat Litter Box & Metal Scooper, X-Large, Light Gray at Chewy.com. FREE shipping and the BEST customer service!",138,chewy litter box,"PawsPik Stainless Steel Cat Litter Box & Metal Scooper, X-Large, Light Gray",1,pawspik-enclosed-stainless-steel-cat,True,True,False,False,True,True,True,True,17,323,4,,,,,,,3,3,25.67,0,0,3,0,4.0
PDP,Ranking Keywords,Has striking-distance keywords in positions 21-50,https://www.chewy.com/trixie-farmhouse-cat-litter-box/dp/1279294,True,"Evaluate whether the page needs stronger content, intent coverage, or internal links.",1,"TRIXIE Farmhouse Cat Litter Box Enclosure, Gray, X-Large - Chewy.com",68,"Buy TRIXIE Farmhouse Cat Litter Box Enclosure, Gray, X-Large at Chewy.com. FREE shipping and the BEST customer service!",119,chewy cat litter box,"TRIXIE Farmhouse Cat Litter Box Enclosure, Gray, X-Large",1,trixie-farmhouse-cat-litter-box,True,True,False,False,True,True,True,True,83,319,4,,,,,,,1,1,28.0,0,0,1,0,1.0
PDP,Ranking Keywords,Has striking-distance keywords in positions 21-50,https://www.chewy.com/frisco-senior-kitten-cat-litter-box/dp/580974,True,"Evaluate whether the page needs stronger content, intent coverage, or internal links.",2,"FRISCO Senior & Kitten Cat Litter Box, Large, 24-in - Chewy.com",63,"Buy Frisco Senior & Kitten Cat Litter Box, Large, 24-in at Chewy.com. FREE shipping and the BEST customer service!",114,chewy litter box,"Frisco Senior & Kitten Cat Litter Box, Large, 24-in",1,frisco-senior-kitten-cat-litter-box,True,True,False,False,True,True,True,True,97,319,3,good,1802.0,good,0.095,,,3,3,21.0,0,0,2,1,19.0
PDP,Ranking Keywords,Has striking-distance keywords in positions 21-50,https://www.chewy.com/chewy-peanut-butter-oven-baked-treats/dp/2195046,True,"Evaluate whether the page needs stronger content, intent coverage, or internal links.",1,"CHEWY MADE Oven Baked with Peanut Butter Grain-Free Crunchy Biscuit Dog Treats (FORMERLY AMERICAN JOURNEY), 32-oz bundle - Chewy.com",132,"Buy Chewy Made Oven Baked with Peanut Butter Grain-Free Crunchy Biscuit Dog Treats (FORMERLY AMERICAN JOURNEY), 32-oz bundle at Chewy.com. FREE shipping and the BEST customer service!",183,chewy dog biscuits,"Chewy Made Oven Baked with Peanut Butter Grain-Free Crunchy Biscuit Dog Treats (FORMERLY AMERICAN JOURNEY), 32-oz bundle",1,chewy-peanut-butter-oven-baked-treats,True,False,False,False,True,True,True,True,4,320,3,,,,,,,1,1,25.0,0,0,1,0,1.0
PDP,Ranking Keywords,Has striking-distance keywords in positions 21-50,https://www.chewy.com/midwest-steel-pet-gate/dp/330340,True,"Evaluate whether the page needs stronger content, intent coverage, or internal links.",1,"MIDWEST Steel Pet Gate, 39-in, 2 count, White - Chewy.com",57,"Buy MidWest Steel Pet Gate, 39-in, 2 count, White at Chewy.com. FREE shipping and the BEST customer service!",108,midwest dog gates,"MidWest Steel Pet Gate, 39-in, 2 count, White",1,midwest-steel-pet-gate,True,False,False,False,True,True,True,True,3,320,4,,,,,,,2,2,11.5,1,0,1,0,1.0
PDP,Ranking Keywords,Has striking-distance keywords in positions 21-50,https://www.chewy.com/elanco-dewormer-tapeworms-cats/dp/139677,True,"Evaluate whether the page needs stronger content, intent coverage, or internal links.",1,"ELANCO Dewormer for Tapeworms for Cats, 3 count - Chewy.com",59,"Buy Elanco Dewormer for Tapeworms for Cats, 3 count at Chewy.com. FREE shipping and the BEST customer service!",110,tapeworms medicine cats,"Elanco Dewormer for Tapeworms for Cats, 3 count",1,elanco-dewormer-tapeworms-cats,True,True,False,False,True,True,True,True,139,318,3,good,2299.0,good,0.065,,,2,2,17.0,0,1,1,0,74.0
PDP,Ranking Keywords,Has striking-distance keywords in positions 21-50,https://www.chewy.com/chew-heal-stop-worms-wormer-puppies/dp/1591798,True,"Evaluate whether the page needs stronger content, intent coverage, or internal links.",1,"CHEW + HEAL Stop The Worms Wormer for Puppies & Kittens, 4-fl oz bottle - Chewy.com",83,"Buy Chew + Heal Stop The Worms Wormer for Puppies & Kittens, 4-fl oz bottle at Chewy.com. FREE shipping and the BEST customer service!",134,chewy cat dewormer,"Chew + Heal Stop The Worms Wormer for Puppies & Kittens, 4-fl oz bottle",1,chew-heal-stop-worms-wormer-puppies,True,True,False,False,True,True,True,True,49,322,2,good,2144.0,good,0.0,,,2,1,20.5,0,1,1,0,4.0
PDP,Ranking Keywords,Has striking-distance keywords in positions 21-50,https://www.chewy.com/profender-topical-solution-cats-11/dp/173199,True,"Evaluate whether the page needs stronger content, intent coverage, or internal links.",1,"PROFENDER Topical Solution for Cats, 11-17.6 lbs, (Purple Box) - Easy Refills | Chewy Rx",88,"Profender is a topical deworming medication that's prescribed by veterinarians to control and treat hookworms, roundworms, and tapeworms in our feline companions. It's the only dewormer that can be used on your cats' skin to treat and control common intestinal parasites. Plus, it's easy to use for every pet parent's convenience.",330,chewy cat dewormer,"Profender Topical Solution for Cats, 11-17.6 lbs, (Purple Box), 1 Dose",1,profender-topical-solution-cats,True,True,False,False,True,True,True,True,41,321,2,good,2180.0,good,0.035,,,1,1,21.0,0,0,1,0,7.0
PDP,Ranking Keywords,Has striking-distance keywords in positions 21-50,https://www.chewy.com/homeopet-wrm-clear-dewormer-hookworms/dp/138096,True,"Evaluate whether the page needs stronger content, intent coverage, or internal links.",1,"HOMEOPET WRM Clear Dewormer for Hookworms, Roundworms, Tapeworms & Whipworms for Cats, 450 drops - Chewy.com",108,"Buy HomeoPet WRM Clear Dewormer for Hookworms, Roundworms, Tapeworms & Whipworms for Cats, 450 drops at Chewy.com. FREE shipping and the BEST customer service!",159,chewy cat dewormer,"HomeoPet WRM Clear Dewormer for Hookworms, Roundworms, Tapeworms & Whipworms for Cats, 450 drops",1,homeopet-wrm-clear-dewormer-hookworms,True,True,False,False,True,True,True,True,145,318,2,good,1960.0,good,0.07,,,1,1,25.0,0,0,1,0,4.0
PDP,Ranking Keywords,Has striking-distance keywords in positions 21-50,https://www.chewy.com/profender-topical-solution-cats-55-11/dp/322719,True,"Evaluate whether the page needs stronger content, intent coverage, or internal links.",1,"PROFENDER Topical Solution for Cats, 5.5-11 lbs, (Orange Box) - Easy Refills | Chewy Rx",87,"Profender is a topical deworming medication that's prescribed by veterinarians to control and treat hookworms, roundworms, and tapeworms in our feline companions. It's the only dewormer that can be used on your cats' skin to treat and control common intestinal parasites. Plus, it's easy to use for every pet parent's convenience.",330,profender worm medicine cats,"Profender Topical Solution for Cats, 5.5-11 lbs, (Orange Box), 2 Doses",1,profender-topical-solution-cats-55,True,False,False,False,True,True,True,True,4,321,3,good,2283.0,good,0.045,,,2,2,16.5,1,0,1,0,23.0
PDP,Ranking Keywords,Has striking-distance keywords in positions 21-50,https://www.chewy.com/pawfurever-pet-id-license-style-dog/dp/1080934,True,"Evaluate whether the page needs stronger content, intent coverage, or internal links.",1,"PAWFUREVER Pet ID License-Style Dog Tag & Wallet Card, Alaska - Chewy.com",73,"Buy PawFurEver Pet ID License-Style Dog Tag & Wallet Card, Alaska at Chewy.com. FREE shipping and the BEST customer service!",124,chewy dog tags,"PawFurEver Pet ID License-Style Dog Tag & Wallet Card, Alaska",1,pawfurever-pet-id-license-style-dog,True,True,False,False,True,True,True,True,50,368,5,,,,,,,1,1,29.0,0,0,1,0,1.0
PDP,Ranking Keywords,Has striking-distance keywords in positions 21-50,https://www.chewy.com/justfoodfordogs-probiotic-booster-gut/dp/1299310,True,"Evaluate whether the page needs stronger content, intent coverage, or internal links.",3,"JUSTFOODFORDOGS Probiotic Booster Gut, Digestive Health Support, Diarrhea, Human Grade Ingredients Soft Chews Supplement for Dogs, 45 count - Chewy.com",151,"Buy JustFoodForDogs Probiotic Booster Gut, Digestive Health Support, Diarrhea, Human Grade Ingredients Soft Chews Supplement for Dogs, 45 count at Chewy.com. FREE shipping and the BEST customer service!",202,chewy probiotics for dogs,"JustFoodForDogs Probiotic Booster Gut, Digestive Health Support, Diarrhea, Human Grade Ingredients Soft Chews Supplement for Dogs, 45 count",1,justfoodfordogs-probiotic-booster-gut,True,True,False,False,True,True,True,False,66,326,3,,,,,,,3,2,22.0,0,0,3,0,1.0
PDP,Ranking Keywords,Has striking-distance keywords in positions 21-50,https://www.chewy.com/natural-dog-company-super-flora/dp/864086,True,"Evaluate whether the page needs stronger content, intent coverage, or internal links.",1,"NATURAL DOG COMPANY Super-Flora Probiotic Chews Dog Supplement, 45 count - Chewy.com",84,"Buy Natural Dog Company Super-Flora Probiotic Chews Dog Supplement, 45 count at Chewy.com. FREE shipping and the BEST customer service!",135,chewy probiotics for dogs,"Natural Dog Company Super-Flora Probiotic Chews Dog Supplement, 45 count",1,natural-dog-company-super-flora,True,True,False,False,True,True,True,True,36,328,3,,,,,,,1,1,28.0,0,0,1,0,1.0
PDP,Ranking Keywords,Has striking-distance keywords in positions 21-50,https://www.chewy.com/petlab-co-probiotic-pork-flavored/dp/306377,True,"Evaluate whether the page needs stronger content, intent coverage, or internal links.",2,"PETLABCO. Probiotic Pork Flavored Soft Chews for Dogs, 30 count - Chewy.com",75,"Buy PetLabCo. Probiotic Pork Flavored Soft Chews for Dogs, 30 count at Chewy.com. FREE shipping and the BEST customer service!",126,chewy probiotics for dogs,"PetLabCo. Probiotic Pork Flavored Soft Chews for Dogs, 30 count",1,petlab-co-probiotic-pork-flavored,True,True,False,False,True,True,True,True,25,332,2,needs,2535.0,good,0.0,,,2,2,29.0,0,0,2,0,3.0
PDP,Ranking Keywords,Has striking-distance keywords in positions 21-50,https://www.chewy.com/petscy-probiotic-dog-soft-chewy-treat/dp/882518,True,"Evaluate whether the page needs stronger content, intent coverage, or internal links.",1,"PETSCY Probiotic Soft & Chewy Supplement for Dogs, 5.3-oz jar, 30 count - Chewy.com",83,"Buy PetScy Probiotic Soft & Chewy Supplement for Dogs, 5.3-oz jar, 30 count at Chewy.com. FREE shipping and the BEST customer service!",134,chewy probiotics for dogs,"PetScy Probiotic Soft & Chewy Supplement for Dogs, 5.3-oz jar, 30 count",1,petscy-probiotic-dog-soft-chewy-treat,True,True,False,False,True,True,True,False,21,328,4,,,,,,,1,1,31.0,0,0,1,0,1.0
PDP,Ranking Keywords,Has striking-distance keywords in positions 21-50,https://www.chewy.com/zesty-paws-vet-strength-pre-post/dp/399494,True,"Evaluate whether the page needs stronger content, intent coverage, or internal links.",2,"ZESTY PAWS Vet Strength Pre, Post, & Probiotic Soft Chews Gut Flora & Digestive Supplement for Dogs, 90 count - Chewy.com",121,"Buy Zesty Paws Vet Strength Pre, Post, & Probiotic Soft Chews Gut Flora & Digestive Supplement for Dogs, 90 count at Chewy.com. FREE shipping and the BEST customer service!",172,zesty paws digestive health & probiotics,"Zesty Paws Vet Strength Pre, Post, & Probiotic Soft Chews Gut Flora & Digestive Supplement for Dogs, 90 count",1,zesty-paws-vet-strength-pre-post,True,True,False,False,True,True,True,True,74,331,2,,,,,,,3,3,27.0,0,0,2,1,1.0
PDP,Ranking Keywords,Has striking-distance keywords in positions 21-50,https://www.chewy.com/kh-pet-products-extra-wide-outdoor/dp/128063,True,"Evaluate whether the page needs stronger content, intent coverage, or internal links.",1,"K&H PET PRODUCTS Extra-Wide Outdoor Unheated Kitty House, Olive/Black - Chewy.com",81,"Buy K&H Pet Products Extra-Wide Outdoor Unheated Kitty House, Olive/Black at Chewy.com. FREE shipping and the BEST customer service!",132,chewy outdoor cat house,"K&H Pet Products Extra-Wide Outdoor Unheated Kitty House, Olive/Black",1,kh-pet-products-extra-wide-outdoor,True,True,False,False,True,True,True,True,48,323,3,,,,,,,1,1,21.0,0,0,1,0,1.0
PDP,Ranking Keywords,Has striking-distance keywords in positions 21-50,https://www.chewy.com/kh-pet-products-outdoor-heated-kitty/dp/128067,True,"Evaluate whether the page needs stronger content, intent coverage, or internal links.",1,"K&H PET PRODUCTS Outdoor Heated Kitty House Cat Shelter, Gray/Black - Chewy.com",79,"Buy K&H Pet Products Outdoor Heated Kitty House Cat Shelter, Gray/Black at Chewy.com. FREE shipping and the BEST customer service!",130,chewy outdoor cat house,"K&H Pet Products Outdoor Heated Kitty House Cat Shelter, Gray/Black",1,kh-pet-products-outdoor-heated-kitty,True,True,False,False,True,True,True,True,14,324,3,,,,,,,1,1,25.0,0,0,1,0,2.0
PDP,Ranking Keywords,Has striking-distance keywords in positions 21-50,https://www.chewy.com/aivituvin-air52-outdoor-wooden-cat/dp/1827350,True,"Evaluate whether the page needs stronger content, intent coverage, or internal links.",1,"AIVITUVIN AIR52 Outdoor Wooden Cat House, Gray, Medium - Chewy.com",66,"Buy Aivituvin AIR52 Outdoor Wooden Cat House, Gray, Medium at Chewy.com. FREE shipping and the BEST customer service!",117,chewy outdoor cat house,"Aivituvin AIR52 Outdoor Wooden Cat House, Gray, Medium",1,aivituvin-air52-outdoor-wooden-cat,True,True,False,False,True,True,True,True,33,318,4,,,,,,,3,3,27.0,0,0,1,2,1.0
PDP,Ranking Keywords,Has striking-distance keywords in positions 21-50,https://www.chewy.com/trixie-two-fold-dog-car-ramp/dp/248097,True,"Evaluate whether the page needs stronger content, intent coverage, or internal links.",1,TRIXIE Two-Fold Dog Car Ramp - Chewy.com,40,Buy TRIXIE Two-Fold Dog Car Ramp at Chewy.com. FREE shipping and the BEST customer service!,91,chewy dog ramp,TRIXIE Two-Fold Dog Car Ramp,1,trixie-two-fold-dog-car-ramp,True,True,False,False,True,True,True,True,66,328,3,,,,,,,2,1,18.5,0,1,1,0,1.0
PDP,Ranking Keywords,Has striking-distance keywords in positions 21-50,https://www.chewy.com/maloroy-6-step-foam-dog-steps/dp/2195910,True,"Evaluate whether the page needs stronger content, intent coverage, or internal links.",1,"MALOROY Non-Slip 6-Step Foam Dog Ramp, Grey, 30-in - Chewy.com",62,"Buy MALOROY Non-Slip 6-Step Foam Dog Ramp, Grey, 30-in at Chewy.com. FREE shipping and the BEST customer service!",113,chewy dog ramp,"MALOROY Non-Slip 6-Step Foam Dog Ramp, Grey, 30-in",1,maloroy-6-step-foam-dog-steps,True,True,False,False,True,True,True,True,0,306,4,,,,,,,1,1,25.0,0,0,1,0,1.0
PDP,Ranking Keywords,Has striking-distance keywords in positions 21-50,https://www.chewy.com/petsafe-happy-ride-telescoping-dog/dp/53678,True,"Evaluate whether the page needs stronger content, intent coverage, or internal links.",1,PetSafe Happy Ride Telescoping Pet Ramp (Free Shipping) | Chewy,63,"Buy PetSafe Happy Ride Telescoping Dog Car Ramp, Regular at Chewy.com. FREE shipping and the BEST customer service!",115,chewy dog ramp,"PetSafe Happy Ride Telescoping Dog Car Ramp, Regular",1,petsafe-happy-ride-telescoping-dog,True,True,False,False,True,True,True,True,16,336,3,,,,,,,1,1,26.0,0,0,1,0,1.0
PDP,Ranking Keywords,Has striking-distance keywords in positions 21-50,https://www.chewy.com/pet-gear-cat-dog-stairs-ramp/dp/49501,True,"Evaluate whether the page needs stronger content, intent coverage, or internal links.",1,"PET GEAR Cat & Dog Stairs & Ramp, Tan - Chewy.com",49,"Buy Pet Gear Cat & Dog Stairs & Ramp, Tan at Chewy.com. FREE shipping and the BEST customer service!",100,chewy dog ramp,"Pet Gear Cat & Dog Stairs & Ramp, Tan",1,pet-gear-cat-dog-stairs-ramp,True,False,False,False,True,True,True,True,0,318,5,,,,,,,1,1,28.0,0,0,1,0,1.0
PDP,Ranking Keywords,Has striking-distance keywords in positions 21-50,https://www.chewy.com/pet-gear-one-step-cat-dog-ramp/dp/288502,True,"Evaluate whether the page needs stronger content, intent coverage, or internal links.",1,"PET GEAR One Step Cat & Dog Ramp, Essential Grey - Chewy.com",60,"Buy Pet Gear One Step Cat & Dog Ramp, Essential Grey at Chewy.com. FREE shipping and the BEST customer service!",111,chewy dog ramp,"Pet Gear One Step Cat & Dog Ramp, Essential Grey",1,pet-gear-one-step-cat-dog-ramp,True,True,False,False,True,True,True,True,37,317,3,good,2084.0,good,0.06,,,1,1,30.0,0,0,1,0,2.0
PDP,Ranking Keywords,Has striking-distance keywords in positions 21-50,https://www.chewy.com/gabapentin-compounded-tablet/dp/943142,True,"Evaluate whether the page needs stronger content, intent coverage, or internal links.",1,"GABAPENTIN COMPOUNDED Bisect Tablet, 25 mg, 1 tablet for Veterinary use - Easy Refills | Chewy Rx",97,Gabapentin is a prescription medication used to treat chronic pain or may be used for refractory or complex seizures.,117,gabapentin for dogs chewy,"Gabapentin Compounded Bisect Tablet, 25 mg, 1 tablet for Veterinary use",1,gabapentin-compounded-tablet,True,True,False,False,True,True,True,True,4,322,4,,,,,,,1,1,22.0,0,0,1,0,1.0
PDP,Ranking Keywords,Has striking-distance keywords in positions 21-50,https://www.chewy.com/gabapentin-compounded-oral-liquid/dp/3940462,True,"Evaluate whether the page needs stronger content, intent coverage, or internal links.",1,"GABAPENTIN COMPOUNDED Beef Oral Oil Suspension, 100 mg/mL, 120 mL for Veterinary use - Easy Refills | Chewy Rx",110,Gabapentin is a prescription medication used to treat chronic pain or may be used for refractory or complex seizures.,117,gabapentin for dogs chewy,"Gabapentin Compounded Beef Oral Oil Suspension, 100 mg/mL, 120 mL for Veterinary use",1,gabapentin-compounded-oral-liquid,True,True,False,False,True,True,True,False,15,333,5,,,,,,,1,1,23.0,0,0,1,0,1.0
PDP,Ranking Keywords,Has striking-distance keywords in positions 21-50,https://www.chewy.com/gabapentin-compounded-oral-liquid/dp/1105606,True,"Evaluate whether the page needs stronger content, intent coverage, or internal links.",1,"GABAPENTIN COMPOUNDED Chicken Oral Oil Suspension, 100 mg/ml, 30 mL for Veterinary use - Easy Refills | Chewy Rx",112,Gabapentin is a prescription medication used to treat chronic pain or may be used for refractory or complex seizures.,117,gabapentin for dogs chewy,"Gabapentin Compounded Chicken Oral Oil Suspension, 100 mg/ml, 30 mL for Veterinary use",1,gabapentin-compounded-oral-liquid,True,True,False,False,True,True,True,False,16,333,3,,,,,,,1,1,25.0,0,0,1,0,1.0
PDP,Ranking Keywords,Has striking-distance keywords in positions 21-50,https://www.chewy.com/gabapentin-compounded-tablet/dp/1129118,True,"Evaluate whether the page needs stronger content, intent coverage, or internal links.",1,"GABAPENTIN COMPOUNDED Bisect Tablet, 50 mg, 90 tablets for Veterinary use - Easy Refills | Chewy Rx",99,Gabapentin is a prescription medication used to treat chronic pain or may be used for refractory or complex seizures.,117,gabapentin for dogs chewy,"Gabapentin Compounded Bisect Tablet, 50 mg, 90 tablets for Veterinary use",1,gabapentin-compounded-tablet,True,False,False,False,True,True,True,True,4,322,4,,,,,,,1,1,27.0,0,0,1,0,1.0
PDP,Ranking Keywords,Has striking-distance keywords in positions 21-50,https://www.chewy.com/gabapentin-compounded-soft-chew/dp/3936686,True,"Evaluate whether the page needs stronger content, intent coverage, or internal links.",1,"Out of Stock - GABAPENTIN COMPOUNDED Chicken Soft Chew, 30 mg, 30 chews for Veterinary use - Easy Refills | Chewy Rx",116,"Gabapentin is prescribed for dogs and cats to help control pain, seizures, and anxiety disorders. The medication helps reduce abnormal nerve activity that can cause discomfort or seizures. Gabapentin Compounded Soft Chew is a palatable, flavored chew made specifically for your pet, making daily dosing easier and more enjoyable.",329,gabapentin for dogs chewy,"Gabapentin Compounded Chicken Soft Chew, 30 mg, 30 chews for Veterinary use",1,gabapentin-compounded-soft-chew,True,True,False,False,True,True,True,True,6,313,5,,,,,,,1,1,29.0,0,0,1,0,1.0
PDP,Ranking Keywords,Has striking-distance keywords in positions 21-50,https://www.chewy.com/coziwow-catio-wooden-outdoor-cat/dp/1617486,True,"Evaluate whether the page needs stronger content, intent coverage, or internal links.",1,"COZIWOW Catio Wooden Outdoor Cat House with Wheels, Gray - Chewy.com",68,"Buy Coziwow Catio Wooden Outdoor Cat House with Wheels, Gray at Chewy.com. FREE shipping and the BEST customer service!",119,cat house chewy,"Coziwow Catio Wooden Outdoor Cat House with Wheels, Gray",1,coziwow-catio-wooden-outdoor-cat,True,True,False,False,True,True,True,True,18,318,4,,,,,,,4,4,12.5,2,1,1,0,2.0
PDP,Ranking Keywords,Has striking-distance keywords in positions 21-50,https://www.chewy.com/beloved-pets-flea-tick-prevention/dp/862574,True,"Evaluate whether the page needs stronger content, intent coverage, or internal links.",1,"BELOVED PETS Flea & Tick Support Chewable Treats with Chicken Flavor for Cats, 10-oz pack - Chewy.com",101,"Buy Beloved Pets Flea & Tick Support Chewable Treats with Chicken Flavor for Cats, 10-oz pack at Chewy.com. FREE shipping and the BEST customer service!",152,chewy flea and tick for cats,"Beloved Pets Flea & Tick Support Chewable Treats with Chicken Flavor for Cats, 10-oz pack",1,beloved-pets-flea-tick-prevention,True,True,False,False,True,True,True,True,19,318,2,,,,,,,1,1,27.0,0,0,1,0,2.0
PDP,Ranking Keywords,Has striking-distance keywords in positions 21-50,https://www.chewy.com/petnf-transparent-cat-water-drinking/dp/693830,True,"Evaluate whether the page needs stronger content, intent coverage, or internal links.",1,"PETNF Transparent Cat Water Drinking Fountain with 2 Filters, Transparent, 3-L - Chewy.com",90,"Buy PetNF Transparent Cat Water Drinking Fountain with 2 Filters, Transparent, 3-L at Chewy.com. FREE shipping and the BEST customer service!",141,chewy cat water fountain,"PetNF Transparent Cat Water Drinking Fountain with 2 Filters, Transparent, 3-L",1,petnf-transparent-cat-water-drinking,True,True,False,False,True,True,True,True,39,330,3,,,,,,,1,1,21.0,0,0,1,0,1.0
PDP,Ranking Keywords,Has striking-distance keywords in positions 21-50,https://www.chewy.com/vivipal-wireless-cat-water-fountain/dp/2470710,True,"Evaluate whether the page needs stronger content, intent coverage, or internal links.",1,"VIVIPAL Wireless Cat Water Fountain, 108-oz, Black - Chewy.com",62,"Buy VIVIPAL Wireless Cat Water Fountain, 108-oz, Black at Chewy.com. FREE shipping and the BEST customer service!",113,chewy cat water fountain,"VIVIPAL Wireless Cat Water Fountain, 108-oz, Black",1,vivipal-wireless-cat-water-fountain,True,True,False,False,True,True,True,True,33,318,3,,,,,,,1,1,25.0,0,0,1,0,1.0
PDP,Ranking Keywords,Has striking-distance keywords in positions 21-50,https://www.chewy.com/petsafe-seaside-stainless-steel-cat/dp/273554,True,"Evaluate whether the page needs stronger content, intent coverage, or internal links.",1,"PETSAFE Seaside Stainless Steel Cat Water Fountain, 60-oz - Chewy.com",69,"Buy PetSafe Seaside Stainless Steel Cat Water Fountain, 60-oz at Chewy.com. FREE shipping and the BEST customer service!",120,chewy cat water fountain,"PetSafe Seaside Stainless Steel Cat Water Fountain, 60-oz",1,petsafe-seaside-stainless-steel-cat,True,True,False,False,True,True,True,True,139,335,3,good,2139.0,good,0.095,,,1,1,26.0,0,0,1,0,1.0
PDP,Ranking Keywords,Has striking-distance keywords in positions 21-50,https://www.chewy.com/petsafe-96-in-sliding-glass-pet-door/dp/134033,True,"Evaluate whether the page needs stronger content, intent coverage, or internal links.",1,"PETSAFE 96-in Sliding Glass Pet Door, Large, Tall - Chewy.com",61,"Buy PetSafe 96-in Sliding Glass Pet Door, Large, Tall at Chewy.com. FREE shipping and the BEST customer service!",112,chewy dog doors,"PetSafe 96-in Sliding Glass Pet Door, Large, Tall",1,petsafe-96-in-sliding-glass-pet-door,True,True,False,False,True,True,True,True,21,325,4,,,,,,,2,2,11.5,1,0,1,0,1.0
PDP,Ranking Keywords,Has striking-distance keywords in positions 21-50,https://www.chewy.com/simple-solution-disposable-female-dog/dp/183848,True,"Evaluate whether the page needs stronger content, intent coverage, or internal links.",1,"SIMPLE SOLUTION Disposable Female Dog Diapers, XX-Large: 22 to 37-in waist, 30 count - Chewy.com",96,"Buy Simple Solution Disposable Female Dog Diapers, XX-Large: 22 to 37-in waist, 30 count at Chewy.com. FREE shipping and the BEST customer service!",147,chewy dog diapers,"Simple Solution Disposable Female Dog Diapers, XX-Large: 22 to 37-in waist, 30 count",1,simple-solution-disposable-female-dog,True,True,False,False,True,True,True,True,24,335,3,,,,,,,1,1,23.0,0,0,1,0,4.0
PDP,Ranking Keywords,Has striking-distance keywords in positions 21-50,https://www.chewy.com/frisco-disposable-female-dog-diapers/dp/176618,True,"Evaluate whether the page needs stronger content, intent coverage, or internal links.",1,"FRISCO Disposable Female Dog Diapers, X-Small, 12 count - Chewy.com",67,"Buy Frisco Disposable Female Dog Diapers, X-Small, 12 count at Chewy.com. FREE shipping and the BEST customer service!",118,chewy dog diapers,"Frisco Disposable Female Dog Diapers, X-Small, 12 count",1,frisco-disposable-female-dog-diapers,True,True,False,False,True,True,True,True,26,326,4,,,,,,,1,1,24.0,0,0,1,0,1.0
PDP,Ranking Keywords,Has striking-distance keywords in positions 21-50,https://www.chewy.com/pet-parents-washable-male-female-dog/dp/153994,True,"Evaluate whether the page needs stronger content, intent coverage, or internal links.",1,"PET PARENTS Washable Male & Female Dog Diapers + Extendrs, Princess, X-Small: 4 to 10-in waist, 3 count - Chewy.com",115,"Buy Pet Parents Washable Male & Female Dog Diapers + Extendrs, Princess, X-Small: 4 to 10-in waist, 3 count at Chewy.com. FREE shipping and the BEST customer service!",166,pet parents dog diapers,"Pet Parents Washable Male & Female Dog Diapers + Extendrs, Princess, X-Small: 4 to 10-in waist, 3 count",1,pet-parents-washable-male-female-dog,True,True,False,False,True,True,True,True,19,340,4,,,,,,,2,2,21.5,0,1,1,0,3.0
PDP,Ranking Keywords,Has striking-distance keywords in positions 21-50,https://www.chewy.com/eukanuba-senior-large-breed-dry-dog/dp/4093734,True,"Evaluate whether the page needs stronger content, intent coverage, or internal links.",1,"EUKANUBA Senior Large Breed Dry Dog Food, 33-lb bag - Chewy.com",63,"Buy Eukanuba Senior Large Breed Dry Dog Food, 33-lb bag at Chewy.com. FREE shipping and the BEST customer service!",114,over 30 lb senior chewy dog food,"Eukanuba Senior Large Breed Dry Dog Food, 33-lb bag",1,eukanuba-senior-large-breed-dry-dog,True,True,False,False,True,True,True,True,58,330,3,,,,,,,1,1,21.0,0,0,1,0,3.0
PDP,Ranking Keywords,Has striking-distance keywords in positions 21-50,https://www.chewy.com/iams-proactive-health-healthy-aging/dp/47775,True,"Evaluate whether the page needs stronger content, intent coverage, or internal links.",1,"IAMS Proactive Health Healthy Aging with Real Chicken Senior Dry Dog Food, 29.1-lb bag - Chewy.com",98,"Buy Iams Proactive Health Healthy Aging with Real Chicken Senior Dry Dog Food, 29.1-lb bag at Chewy.com. FREE shipping and the BEST customer service!",149,over 30 lb senior chewy dog food,"Iams Proactive Health Healthy Aging with Real Chicken Senior Dry Dog Food, 29.1-lb bag",1,iams-proactive-health-healthy-aging,True,True,False,False,True,True,True,True,101,332,2,good,2351.0,good,0.055,,,1,1,24.0,0,0,1,0,6.0
PDP,Ranking Keywords,Has striking-distance keywords in positions 21-50,https://www.chewy.com/orijen-senior-grain-free-dry-dog-food/dp/128820,True,"Evaluate whether the page needs stronger content, intent coverage, or internal links.",1,"ORIJEN Senior Grain-Free High-Protein Dry Dog Food, 23.5-lb bag - Chewy.com",75,"Buy ORIJEN Senior Grain-Free High-Protein Dry Dog Food, 23.5-lb bag at Chewy.com. FREE shipping and the BEST customer service!",126,over 30 lb senior chewy dog food,"ORIJEN Senior Grain-Free High-Protein Dry Dog Food, 23.5-lb bag",1,orijen-senior-grain-free-dry-dog-food,True,True,False,False,True,True,True,True,82,331,3,,,,,,,1,1,26.0,0,0,1,0,1.0
PDP,Ranking Keywords,Has striking-distance keywords in positions 21-50,https://www.chewy.com/next-level-super-premium-pet-food/dp/2056158,True,"Evaluate whether the page needs stronger content, intent coverage, or internal links.",1,"NEXT LEVEL SUPER PREMIUM PET FOOD Senior Healthy Weight Dry Dog Food, 4-lb bag - Chewy.com",90,"Buy Next Level Super Premium Pet Food Senior Healthy Weight Dry Dog Food, 4-lb bag at Chewy.com. FREE shipping and the BEST customer service!",141,over 30 lb senior chewy dog food,"Next Level Super Premium Pet Food Senior Healthy Weight Dry Dog Food, 4-lb bag",1,next-level-super-premium-pet-food,True,True,False,False,True,True,True,True,4,320,5,,,,,,,1,1,28.0,0,0,1,0,1.0
PDP,Ranking Keywords,Has striking-distance keywords in positions 21-50,https://www.chewy.com/hills-science-diet-adult-6-large/dp/37857,True,"Evaluate whether the page needs stronger content, intent coverage, or internal links.",1,"HILL'S SCIENCE DIET Senior Adult 6+ Large Breed Chicken Meal, Barley & Rice Dry Dog Food, 33-lb bag - Chewy.com",111,"Buy Hill's Science Diet Senior Adult 6+ Large Breed Chicken Meal, Barley & Rice Dry Dog Food, 33-lb bag at Chewy.com. FREE shipping and the BEST customer service!",162,over 30 lb senior chewy dog food,"Hill's Science Diet Senior Adult 6+ Large Breed Chicken Meal, Barley & Rice Dry Dog Food, 33-lb bag",1,hills-science-diet-adult-6-large,True,True,False,False,True,True,True,True,71,326,3,needs,2577.0,good,0.01,,,1,1,29.0,0,0,1,0,1.0
PDP,Ranking Keywords,Has striking-distance keywords in positions 21-50,https://www.chewy.com/made-by-cleo-starry-night-cat-collar/dp/2068366,True,"Evaluate whether the page needs stronger content, intent coverage, or internal links.",1,MADE BY CLEO Starry Night Cat Collar - Chewy.com,48,Buy Made By Cleo Starry Night Cat Collar at Chewy.com. FREE shipping and the BEST customer service!,99,chewy cat collars,Made By Cleo Starry Night Cat Collar,1,made-by-cleo-starry-night-cat-collar,True,True,False,False,True,True,True,True,35,325,2,,,,,,,1,1,26.0,0,0,1,0,1.0
PDP,Ranking Keywords,Has striking-distance keywords in positions 21-50,https://www.chewy.com/hills-science-diet-adult-urinary/dp/118241,True,"Evaluate whether the page needs stronger content, intent coverage, or internal links.",1,Hill's Science Diet Adult Urinary Hairball Control Dry Cat Food | Chewy (Free Shipping),87,"Buy Hill's Science Diet Adult Urinary & Hairball Control Chicken & Rice Recipe Dry Cat Food, 7-lb bag at Chewy.com. FREE shipping and the BEST customer service!",160,chewy urinary cat food,"Hill's Science Diet Adult Urinary & Hairball Control Chicken & Rice Recipe Dry Cat Food, 7-lb bag",1,hills-science-diet-adult-urinary,True,True,False,False,True,True,True,True,35,328,3,good,2396.0,good,0.060000000000000005,,,1,1,22.0,0,0,1,0,9.0
PDP,Ranking Keywords,Has striking-distance keywords in positions 21-50,https://www.chewy.com/purina-pro-plan-urinary-tract-health/dp/138466,True,"Evaluate whether the page needs stronger content, intent coverage, or internal links.",1,"PURINA PRO PLAN Urinary Tract Health Variety Pack Canned Cat Food, 3-oz can, case of 12 - Chewy.com",99,"Buy Purina Pro Plan Urinary Tract Health Variety Pack Canned Cat Food, 3-oz can, case of 12 at Chewy.com. FREE shipping and the BEST customer service!",150,chewy urinary cat food,"Purina Pro Plan Urinary Tract Health Variety Pack Canned Cat Food, 3-oz can, case of 12",1,purina-pro-plan-urinary-tract-health,True,True,False,False,True,True,True,True,119,339,3,,,,,,,1,1,25.0,0,0,1,0,2.0
PDP,Ranking Keywords,Has striking-distance keywords in positions 21-50,https://www.chewy.com/purina-pro-plan-urinary-tract-health/dp/168197,True,"Evaluate whether the page needs stronger content, intent coverage, or internal links.",1,"PURINA PRO PLAN Urinary Tract Health Variety Pack Canned Cat Food, 3-oz, case of 24 - Chewy.com",95,"Buy Purina Pro Plan Urinary Tract Health Variety Pack Canned Cat Food, 3-oz, case of 24 at Chewy.com. FREE shipping and the BEST customer service!",146,chewy urinary cat food,"Purina Pro Plan Urinary Tract Health Variety Pack Canned Cat Food, 3-oz, case of 24",1,purina-pro-plan-urinary-tract-health,True,True,False,False,True,True,True,True,171,332,3,good,2419.0,good,0.08000000000000002,,,1,1,29.0,0,0,1,0,1.0
PDP,Ranking Keywords,Has striking-distance keywords in positions 21-50,https://www.chewy.com/hills-prescription-diet-td-dental/dp/54746,True,"Evaluate whether the page needs stronger content, intent coverage, or internal links.",1,"HILL'S PRESCRIPTION DIET t/d Dental Care Chicken Flavor Dry Cat Food, 8.5-lb bag - Chewy.com",92,"Buy Hill's Prescription Diet t/d Dental Care Chicken Flavor Dry Cat Food, 8.5-lb bag at Chewy.com. FREE shipping and the BEST customer service!",143,hill's prescription diet t/d for cats,"Hill's Prescription Diet t/d Dental Care Chicken Flavor Dry Cat Food, 8.5-lb bag",1,hills-prescription-diet-td-dental,True,True,False,False,True,True,True,True,82,330,3,good,2341.0,needs,0.135,,,2,2,16.0,1,0,1,0,9.0
PDP,Ranking Keywords,Has striking-distance keywords in positions 21-50,https://www.chewy.com/friskies-prime-filets-meaty-favorites/dp/104404,True,"Evaluate whether the page needs stronger content, intent coverage, or internal links.",1,"FRISKIES Prime Filets Meaty Favorites Variety Pack Canned Cat Food, 5.5-oz, case of 24 - Chewy.com",98,"Buy Friskies Prime Filets Meaty Favorites Variety Pack Canned Cat Food, 5.5-oz, case of 24 at Chewy.com. FREE shipping and the BEST customer service!",149,chewy friskies wet cat food,"Friskies Prime Filets Meaty Favorites Variety Pack Canned Cat Food, 5.5-oz, case of 24",1,friskies-prime-filets-meaty-favorites,True,True,False,False,True,True,True,True,91,335,3,,,,,,,3,2,21.0,0,2,1,0,1.0
PDP,Ranking Keywords,Has striking-distance keywords in positions 21-50,https://www.chewy.com/friskies-prime-filets-seafood/dp/104402,True,"Evaluate whether the page needs stronger content, intent coverage, or internal links.",1,"FRISKIES Prime Filets Seafood Favorites Variety Pack Canned Cat Food, 5.5-oz, case of 24 - Chewy.com",100,"Buy Friskies Prime Filets Seafood Favorites Variety Pack Canned Cat Food, 5.5-oz, case of 24 at Chewy.com. FREE shipping and the BEST customer service!",151,chewy friskies wet cat food,"Friskies Prime Filets Seafood Favorites Variety Pack Canned Cat Food, 5.5-oz, case of 24",1,friskies-prime-filets-seafood,True,True,False,False,True,True,True,True,94,335,3,,,,,,,1,1,22.0,0,0,1,0,2.0
PDP,Ranking Keywords,Has striking-distance keywords in positions 21-50,https://www.chewy.com/purina-friskies-seafood-favorites-wet/dp/104303,True,"Evaluate whether the page needs stronger content, intent coverage, or internal links.",1,"Purina Friskies Seafood Favorites Wet Cat Food Variety Pack, 5.5-oz can, case of 32 - Chewy.com",95,"Buy Purina Friskies Seafood Favorites Wet Cat Food Variety Pack, 5.5-oz can, case of 32 at Chewy.com. FREE shipping and the BEST customer service!",146,chewy friskies wet cat food,"Purina Friskies Seafood Favorites Wet Cat Food Variety Pack, 5.5-oz can, case of 32",1,purina-friskies-seafood-favorites-wet,True,True,False,False,True,True,True,True,115,329,3,,,,,,,1,1,23.0,0,0,1,0,2.0
PDP,Ranking Keywords,Has striking-distance keywords in positions 21-50,https://www.chewy.com/friskies-surfin-turfin-favorites/dp/1659542,True,"Evaluate whether the page needs stronger content, intent coverage, or internal links.",1,"FRISKIES Surfin' & Turfin' Favorites Variety Pack Canned Cat Food, 5.5-oz can, case of 48 - Chewy.com",101,"Buy Friskies Surfin' & Turfin' Favorites Variety Pack Canned Cat Food, 5.5-oz can, case of 48 at Chewy.com. FREE shipping and the BEST customer service!",152,chewy friskies wet cat food,"Friskies Surfin' & Turfin' Favorites Variety Pack Canned Cat Food, 5.5-oz can, case of 48",1,friskies-surfin-turfin-favorites,True,True,False,False,True,True,True,True,12,327,3,,,,,,,1,1,27.0,0,0,1,0,1.0
PDP,Ranking Keywords,Has striking-distance keywords in positions 21-50,https://www.chewy.com/friskies-meaty-bits-variety-pack/dp/104262,True,"Evaluate whether the page needs stronger content, intent coverage, or internal links.",1,"FRISKIES Meaty Bits Variety Pack Canned Cat Food, 5.5-oz, case of 24 - Chewy.com",80,"Buy Friskies Meaty Bits Variety Pack Canned Cat Food, 5.5-oz, case of 24 at Chewy.com. FREE shipping and the BEST customer service!",131,chewy friskies wet cat food,"Friskies Meaty Bits Variety Pack Canned Cat Food, 5.5-oz, case of 24",1,friskies-meaty-bits-variety-pack,True,True,False,False,True,True,True,True,106,328,3,,,,,,,1,1,28.0,0,0,1,0,1.0
PDP,Ranking Keywords,Has striking-distance keywords in positions 21-50,https://www.chewy.com/blue-buffalo-wilderness-salmon-recipe/dp/32047,True,"Evaluate whether the page needs stronger content, intent coverage, or internal links.",1,"BLUE BUFFALO Wilderness Salmon Recipe Adult High-Protein Grain-Free Dry Dog Food, 4.5-lb bag - Chewy.com",104,"Buy Blue Buffalo Wilderness Salmon Recipe Adult High-Protein Grain-Free Dry Dog Food, 4.5-lb bag at Chewy.com. FREE shipping and the BEST customer service!",155,chewy blue buffalo dog food,"Blue Buffalo Wilderness Salmon Recipe Adult High-Protein Grain-Free Dry Dog Food, 4.5-lb bag",1,blue-buffalo-wilderness-salmon-recipe,True,True,False,False,True,True,True,True,28,331,4,,,,,,,2,2,18.5,0,1,1,0,2.0
PDP,Ranking Keywords,Has striking-distance keywords in positions 21-50,https://www.chewy.com/blue-buffalo-wilderness-adult-high/dp/794702,True,"Evaluate whether the page needs stronger content, intent coverage, or internal links.",1,"BLUE BUFFALO Wilderness Chicken Recipe High-Protein Adult Dry Dog Food, 48-lb bundle - Chewy.com",96,"Buy Blue Buffalo Wilderness Chicken Recipe High-Protein Adult Dry Dog Food, 48-lb bundle at Chewy.com. FREE shipping and the BEST customer service!",147,chewy dog food blue buffalo,"Blue Buffalo Wilderness Chicken Recipe High-Protein Adult Dry Dog Food, 48-lb bundle",1,blue-buffalo-wilderness-adult-high,True,False,False,False,True,True,True,True,9,324,4,,,,,,,2,2,18.5,0,1,1,0,1.0
PDP,Ranking Keywords,Has striking-distance keywords in positions 21-50,https://www.chewy.com/blue-buffalo-life-protection-formula/dp/1685878,True,"Evaluate whether the page needs stronger content, intent coverage, or internal links.",2,"BLUE BUFFALO Life Protection Formula Adult Salmon & Brown Rice Recipe Dry Dog Food, 30-lb bag - Chewy.com",105,"Buy Blue Buffalo Life Protection Formula Adult Salmon & Brown Rice Recipe Dry Dog Food, 30-lb bag at Chewy.com. FREE shipping and the BEST customer service!",156,chewy blue buffalo dog food,"Blue Buffalo Life Protection Formula Adult Salmon & Brown Rice Recipe Dry Dog Food, 30-lb bag",1,blue-buffalo-life-protection-formula,True,True,False,False,True,True,True,True,105,334,2,good,2334.0,good,0.0,,,2,2,29.0,0,0,2,0,3.0
PDP,Ranking Keywords,Has striking-distance keywords in positions 21-50,https://www.chewy.com/blue-buffalo-baby-blue-healthy-growth/dp/502014,True,"Evaluate whether the page needs stronger content, intent coverage, or internal links.",1,"BLUE BUFFALO Baby Blue Healthy Growth Formula Natural Chicken & Brown Rice Recipe Puppy Dry Food, 8-lb bundle - Chewy.com",121,"Buy Blue Buffalo Baby Blue Healthy Growth Formula Natural Chicken & Brown Rice Recipe Puppy Dry Food, 8-lb bundle at Chewy.com. FREE shipping and the BEST customer service!",172,blue buffalo puppy food,"Blue Buffalo Baby Blue Healthy Growth Formula Natural Chicken & Brown Rice Recipe Puppy Dry Food, 8-lb bundle",1,blue-buffalo-baby-blue-healthy-growth,True,False,False,False,True,True,True,True,3,324,3,,,,,,,2,2,29.0,0,0,1,1,3.0
PDP,Ranking Keywords,Has striking-distance keywords in positions 21-50,https://www.chewy.com/victor-purpose-nutra-pro-dry-dog-food/dp/129279,True,"Evaluate whether the page needs stronger content, intent coverage, or internal links.",1,VICTOR Select Nutra Pro Active Dog & Puppy Formula Dry Dog Food | Chewy (Free Shipping),87,"Buy VICTOR Nutra Pro Active High Pro Activetein Low Carb Gluten-Free Dry Dog Food, 5-lb bag at Chewy.com. FREE shipping and the BEST customer service!",150,chewy victor dog food,"VICTOR Nutra Pro Active High Pro Activetein Low Carb Gluten-Free Dry Dog Food, 5-lb bag",1,victor-purpose-nutra-pro-dry-dog-food,True,True,False,False,True,True,True,True,3,332,5,,,,,,,1,1,24.0,0,0,1,0,1.0
PDP,Ranking Keywords,Has striking-distance keywords in positions 21-50,https://www.chewy.com/victor-select-ocean-fish-formula-dry/dp/120674,True,"Evaluate whether the page needs stronger content, intent coverage, or internal links.",1,"VICTOR Gluten-Free Ocean Fish Formula with Salmon Omega-3 Enriched Dry Dog Food, 5-lb bag - Chewy.com",101,"Buy VICTOR Gluten-Free Ocean Fish Formula with Salmon Omega-3 Enriched Dry Dog Food, 5-lb bag at Chewy.com. FREE shipping and the BEST customer service!",152,chewy victor dog food,"VICTOR Gluten-Free Ocean Fish Formula with Salmon Omega-3 Enriched Dry Dog Food, 5-lb bag",1,victor-select-ocean-fish-formula-dry,True,True,False,False,True,True,True,True,11,335,4,,,,,,,1,1,26.0,0,0,1,0,1.0
PDP,Ranking Keywords,Has striking-distance keywords in positions 21-50,https://www.chewy.com/victor-sensitive-skin-stomach-grain/dp/1810022,True,"Evaluate whether the page needs stronger content, intent coverage, or internal links.",1,"VICTOR Sensitive Skin & Stomach Grain-Free Lamb Meal & Sweet Potato Recipe Dry Dog Food, 30-lb bag - Chewy.com",110,"Buy VICTOR Sensitive Skin & Stomach Grain-Free Lamb Meal & Sweet Potato Recipe Dry Dog Food, 30-lb bag at Chewy.com. FREE shipping and the BEST customer service!",161,chewy victor dog food,"VICTOR Sensitive Skin & Stomach Grain-Free Lamb Meal & Sweet Potato Recipe Dry Dog Food, 30-lb bag",1,victor-sensitive-skin-stomach-grain,True,True,False,False,True,True,True,False,92,331,3,,,,,,,1,1,29.0,0,0,1,0,1.0
PDP,Ranking Keywords,Has striking-distance keywords in positions 21-50,https://www.chewy.com/merrick-healthy-grains-senior-recipe/dp/291518,True,"Evaluate whether the page needs stronger content, intent coverage, or internal links.",1,"MERRICK Healthy Grains Senior Recipe Dry Dog Food, 25-lb bag - Chewy.com",72,"Buy Merrick Healthy Grains Senior Recipe Dry Dog Food, 25-lb bag at Chewy.com. FREE shipping and the BEST customer service!",123,merrick healthy grains for dogs,"Merrick Healthy Grains Senior Recipe Dry Dog Food, 25-lb bag",1,merrick-healthy-grains-senior-recipe,True,True,False,False,True,True,True,True,113,331,3,,,,,,,3,3,15.33,1,1,1,0,1.0
PDP,Ranking Keywords,Has striking-distance keywords in positions 21-50,https://www.chewy.com/nutro-natural-choice-small-breed/dp/136963,True,"Evaluate whether the page needs stronger content, intent coverage, or internal links.",1,"NUTRO Natural Choice Senior Small Breed Chicken & Brown Rice Recipe Dry Dog Food, 5-lb bag - Chewy.com",102,"Buy Nutro Natural Choice Senior Small Breed Chicken & Brown Rice Recipe Dry Dog Food, 5-lb bag at Chewy.com. FREE shipping and the BEST customer service!",153,chewy nutro dog food,"Nutro Natural Choice Senior Small Breed Chicken & Brown Rice Recipe Dry Dog Food, 5-lb bag",1,nutro-natural-choice-small-breed,True,True,False,False,True,True,True,True,93,330,3,,,,,,,1,1,22.0,0,0,1,0,1.0
PDP,Ranking Keywords,Has striking-distance keywords in positions 21-50,https://www.chewy.com/nutro-natural-choice-small-breed/dp/136961,True,"Evaluate whether the page needs stronger content, intent coverage, or internal links.",1,"NUTRO Natural Choice Adult Small Breed Chicken & Brown Rice Recipe Dry Dog Food, 5-lb bag - Chewy.com",101,"Buy Nutro Natural Choice Adult Small Breed Chicken & Brown Rice Recipe Dry Dog Food, 5-lb bag at Chewy.com. FREE shipping and the BEST customer service!",152,chewy nutro dog food,"Nutro Natural Choice Adult Small Breed Chicken & Brown Rice Recipe Dry Dog Food, 5-lb bag",1,nutro-natural-choice-small-breed,True,True,False,False,True,True,True,True,2,329,3,,,,,,,1,1,24.0,0,0,1,0,1.0
PDP,Ranking Keywords,Has striking-distance keywords in positions 21-50,https://www.chewy.com/nutro-natural-choice-adult-chicken/dp/1063886,True,"Evaluate whether the page needs stronger content, intent coverage, or internal links.",1,"Nutro Wholesome Essentials Adult Farm Raised Chicken, Brown Rice & Sweet Potato Recipe Dry Dog Food | Chewy",107,"Buy Nutro Natural Choice Adult Chicken & Brown Rice Recipe Dry Dog Food, 36-lb bag at Chewy.com. FREE shipping and the BEST customer service!",141,nutro adult dry dog food,"Nutro Natural Choice Adult Chicken & Brown Rice Recipe Dry Dog Food, 36-lb bag",1,nutro-natural-choice-adult-chicken,True,True,False,False,True,True,True,True,15,336,4,,,,,,,3,3,20.0,0,1,1,1,1.0
PDP,Ranking Keywords,Has striking-distance keywords in positions 21-50,https://www.chewy.com/nutro-natural-choice-adult-lamb-brown/dp/293337,True,"Evaluate whether the page needs stronger content, intent coverage, or internal links.",1,"NUTRO Natural Choice Adult Lamb & Brown Rice Recipe Dry Dog Food, 20-lb bag - Chewy.com",87,"Buy Nutro Natural Choice Adult Lamb & Brown Rice Recipe Dry Dog Food, 20-lb bag at Chewy.com. FREE shipping and the BEST customer service!",138,chewy nutro dog food,"Nutro Natural Choice Adult Lamb & Brown Rice Recipe Dry Dog Food, 20-lb bag",1,nutro-natural-choice-adult-lamb-brown,True,True,False,False,True,True,True,True,25,335,4,,,,,,,1,1,30.0,0,0,1,0,1.0
PDP,Ranking Keywords,Has striking-distance keywords in positions 21-50,https://www.chewy.com/blue-buffalo-wilderness-high-protein/dp/112781,True,"Evaluate whether the page needs stronger content, intent coverage, or internal links.",2,"BLUE BUFFALO Wilderness High Protein Natural Grain-Free Chicken Mature Dry Cat Food, 5-lb bag - Chewy.com",105,"Buy Blue Buffalo Wilderness High Protein Natural Grain-Free Chicken Mature Dry Cat Food, 5-lb bag at Chewy.com. FREE shipping and the BEST customer service!",156,blue buffalo wilderness cat food reviews,"Blue Buffalo Wilderness High Protein Natural Grain-Free Chicken Mature Dry Cat Food, 5-lb bag",1,blue-buffalo-wilderness-high-protein,True,True,False,False,True,True,True,True,99,329,3,,,,,,,5,4,17.0,1,2,2,0,1.0
PDP,Ranking Keywords,Has striking-distance keywords in positions 21-50,https://www.chewy.com/blue-buffalo-wilderness-chicken/dp/907110,True,"Evaluate whether the page needs stronger content, intent coverage, or internal links.",1,"BLUE BUFFALO Wilderness Natures Evolutionary Diet Chicken High-Protein Grain-Free Adult Dry Cat Food, 4-lb bag - Chewy.com",122,"Buy Blue Buffalo Wilderness Natures Evolutionary Diet Chicken High-Protein Grain-Free Adult Dry Cat Food, 4-lb bag at Chewy.com. FREE shipping and the BEST customer service!",173,chewy blue buffalo cat food,"Blue Buffalo Wilderness Natures Evolutionary Diet Chicken High-Protein Grain-Free Adult Dry Cat Food, 4-lb bag",1,blue-buffalo-wilderness-chicken,True,True,False,False,True,True,True,True,13,336,3,,,,,,,1,1,21.0,0,0,1,0,1.0
PDP,Ranking Keywords,Has striking-distance keywords in positions 21-50,https://www.chewy.com/blue-buffalo-wilderness-chicken-grain/dp/36710,True,"Evaluate whether the page needs stronger content, intent coverage, or internal links.",2,"BLUE BUFFALO Wilderness Chicken High-Protein Grain-Free Pate Adult Wet Cat Food, 5.5-oz, case of 24 - Chewy.com",111,"Buy Blue Buffalo Wilderness Chicken High-Protein Grain-Free Pate Adult Wet Cat Food, 5.5-oz, case of 24 at Chewy.com. FREE shipping and the BEST customer service!",162,blue buffalo cat food chewy,"Blue Buffalo Wilderness Chicken High-Protein Grain-Free Pate Adult Wet Cat Food, 5.5-oz, case of 24",1,blue-buffalo-wilderness-chicken-grain,True,True,False,False,True,True,True,True,68,330,3,needs,2601.0,good,0.04,,,2,2,25.5,0,0,2,0,1.0
PDP,Ranking Keywords,Has striking-distance keywords in positions 21-50,https://www.chewy.com/blue-buffalo-tastefuls-natural/dp/32090,True,"Evaluate whether the page needs stronger content, intent coverage, or internal links.",1,"BLUE BUFFALO Tastefuls Chicken & Brown Rice Recipe Adult 7+ Dry Cat Food, 7-lb bag - Chewy.com",94,"Buy Blue Buffalo Tastefuls Chicken & Brown Rice Recipe Adult 7+ Dry Cat Food, 7-lb bag at Chewy.com. FREE shipping and the BEST customer service!",145,blue buffalo adult dry cat food,"Blue Buffalo Tastefuls Chicken & Brown Rice Recipe Adult 7+ Dry Cat Food, 7-lb bag",1,blue-buffalo-tastefuls-natural,True,True,False,False,True,True,True,True,3,329,5,,,,,,,2,2,21.5,0,1,1,0,1.0
PDP,Ranking Keywords,Has striking-distance keywords in positions 21-50,https://www.chewy.com/merrick-real-chicken-sweet-potato/dp/227202,True,"Evaluate whether the page needs stronger content, intent coverage, or internal links.",1,"MERRICK Real Chicken + Sweet Potato Recipe Grain-Free Adult Dry Dog Food, 4-lb bag - Chewy.com",94,"Buy Merrick Real Chicken + Sweet Potato Recipe Grain-Free Adult Dry Dog Food, 4-lb bag at Chewy.com. FREE shipping and the BEST customer service!",145,chewy merrick dog food,"Merrick Real Chicken + Sweet Potato Recipe Grain-Free Adult Dry Dog Food, 4-lb bag",1,merrick-real-chicken-sweet-potato,True,True,False,False,True,True,True,True,17,334,4,,,,,,,1,1,21.0,0,0,1,0,1.0
PDP,Ranking Keywords,Has striking-distance keywords in positions 21-50,https://www.chewy.com/merrick-classic-healthy-grains-real/dp/121736,True,"Evaluate whether the page needs stronger content, intent coverage, or internal links.",1,"MERRICK Classic Healthy Grains Real Beef + Brown Rice Recipe with Ancient Grains Adult Dry Dog Food, 25-lb bag - Chewy.com",122,"Buy Merrick Classic Healthy Grains Real Beef + Brown Rice Recipe with Ancient Grains Adult Dry Dog Food, 25-lb bag at Chewy.com. FREE shipping and the BEST customer service!",173,chewy merrick dog food,"Merrick Classic Healthy Grains Real Beef + Brown Rice Recipe with Ancient Grains Adult Dry Dog Food, 25-lb bag",1,merrick-classic-healthy-grains-real,True,True,False,False,True,True,True,True,72,330,3,good,2224.0,good,0.065,,,1,1,24.0,0,0,1,0,1.0
PDP,Ranking Keywords,Has striking-distance keywords in positions 21-50,https://www.chewy.com/merrick-grain-free-dry-puppy-food/dp/227211,True,"Evaluate whether the page needs stronger content, intent coverage, or internal links.",1,"MERRICK Grain-Free Dry Puppy Food Real Beef & Sweet Potato Recipe, 4-lb bag - Chewy.com",87,"Buy Merrick Grain-Free Dry Puppy Food Real Beef & Sweet Potato Recipe, 4-lb bag at Chewy.com. FREE shipping and the BEST customer service!",138,chewy merrick dog food,"Merrick Grain-Free Dry Puppy Food Real Beef & Sweet Potato Recipe, 4-lb bag",1,merrick-grain-free-dry-puppy-food,True,True,False,False,True,True,True,True,18,329,4,,,,,,,1,1,25.0,0,0,1,0,2.0
PDP,Ranking Keywords,Has striking-distance keywords in positions 21-50,https://www.chewy.com/merrick-real-texas-beef-sweet-potato/dp/280317,True,"Evaluate whether the page needs stronger content, intent coverage, or internal links.",1,"MERRICK Real Beef + Sweet Potato Recipe Grain-Free Chicken-Free Adult Dry Dog Food, 30-lb bag - Chewy.com",105,"Buy Merrick Real Beef + Sweet Potato Recipe Grain-Free Chicken-Free Adult Dry Dog Food, 30-lb bag at Chewy.com. FREE shipping and the BEST customer service!",156,chewy merrick dog food,"Merrick Real Beef + Sweet Potato Recipe Grain-Free Chicken-Free Adult Dry Dog Food, 30-lb bag",1,merrick-real-texas-beef-sweet-potato,True,True,False,False,True,True,True,True,8,334,4,,,,,,,1,1,30.0,0,0,1,0,1.0
PDP,Ranking Keywords,Has striking-distance keywords in positions 21-50,https://www.chewy.com/iams-perfect-portions-healthy-adult/dp/158367,True,"Evaluate whether the page needs stronger content, intent coverage, or internal links.",1,"IAMS Perfect Portions Healthy Adult Chicken Recipe Pate Grain-Free Wet Cat Food Trays, 2.6-oz tray, case of 24 twin-packs - Chewy.com",133,"Buy Iams Perfect Portions Healthy Adult Chicken Recipe Pate Grain-Free Wet Cat Food Trays, 2.6-oz tray, case of 24 twin-packs at Chewy.com. FREE shipping and the BEST customer service!",184,iams wet cat food,"Iams Perfect Portions Healthy Adult Chicken Recipe Pate Grain-Free Wet Cat Food Trays, 2.6-oz tray, case of 24 twin-packs",1,iams-perfect-portions-healthy-adult,True,True,False,False,True,True,True,True,157,333,3,good,2468.0,good,0.03,,,2,2,15.0,1,0,1,0,1.0
PDP,Ranking Keywords,Has striking-distance keywords in positions 21-50,https://www.chewy.com/iams-proactive-health-urinary-tract/dp/375229,True,"Evaluate whether the page needs stronger content, intent coverage, or internal links.",1,"IAMS ProActive Health Hairball & Urinary Tract Health with Chicken Recipe Dry Cat Food, 32-lb bundle - Chewy.com",112,"Buy Iams ProActive Health Hairball & Urinary Tract Health with Chicken Recipe Dry Cat Food, 32-lb bundle at Chewy.com. FREE shipping and the BEST customer service!",163,chewy iams cat food,"Iams ProActive Health Hairball & Urinary Tract Health with Chicken Recipe Dry Cat Food, 32-lb bundle",1,iams-proactive-health-urinary-tract,True,False,False,False,True,True,True,True,5,330,3,,,,,,,1,1,23.0,0,0,1,0,2.0
PDP,Ranking Keywords,Has striking-distance keywords in positions 21-50,https://www.chewy.com/iams-proactive-health-healthy-weight/dp/1567270,True,"Evaluate whether the page needs stronger content, intent coverage, or internal links.",1,"IAMS Proactive Health Healthy Weight Chicken Flavor Adult Dry Cat Food, 22-lb bag - Chewy.com",93,"Buy Iams Proactive Health Healthy Weight Chicken Flavor Adult Dry Cat Food, 22-lb bag at Chewy.com. FREE shipping and the BEST customer service!",144,chewy iams cat food,"Iams Proactive Health Healthy Weight Chicken Flavor Adult Dry Cat Food, 22-lb bag",1,iams-proactive-health-healthy-weight,True,True,False,False,True,True,True,True,29,333,3,,,,,,,1,1,25.0,0,0,1,0,1.0
PDP,Ranking Keywords,Has striking-distance keywords in positions 21-50,https://www.chewy.com/iams-proactive-health-salmon-recipe/dp/4491630,True,"Evaluate whether the page needs stronger content, intent coverage, or internal links.",1,"IAMS ProActive Health Salmon Recipe Adult Dry Cat Food, 44-lb bundle - Chewy.com",80,"Buy Iams ProActive Health Salmon Recipe Adult Dry Cat Food, 44-lb bundle at Chewy.com. FREE shipping and the BEST customer service!",131,chewy iams cat food,"Iams ProActive Health Salmon Recipe Adult Dry Cat Food, 44-lb bundle",1,iams-proactive-health-salmon-recipe,True,False,False,False,True,True,True,True,6,330,4,,,,,,,1,1,27.0,0,0,1,0,1.0
PDP,Ranking Keywords,Has striking-distance keywords in positions 21-50,https://www.chewy.com/iams-proactive-health-healthy-weight/dp/1567262,True,"Evaluate whether the page needs stronger content, intent coverage, or internal links.",1,"IAMS Proactive Health Healthy Weight Chicken Flavor Adult Dry Cat Food, 3.5-lb bag - Chewy.com",94,"Buy Iams Proactive Health Healthy Weight Chicken Flavor Adult Dry Cat Food, 3.5-lb bag at Chewy.com. FREE shipping and the BEST customer service!",145,chewy iams cat food,"Iams Proactive Health Healthy Weight Chicken Flavor Adult Dry Cat Food, 3.5-lb bag",1,iams-proactive-health-healthy-weight,True,True,False,False,True,True,True,True,14,331,3,,,,,,,1,1,29.0,0,0,1,0,1.0
PDP,Ranking Keywords,Has striking-distance keywords in positions 21-50,https://www.chewy.com/advantage-multi-topical-solution-cats/dp/173155,True,"Evaluate whether the page needs stronger content, intent coverage, or internal links.",1,"ADVANTAGE MULTI Topical Solution for Cats, 9.1-18 lbs, (Purple Box) - Easy Refills | Chewy Rx",93,"Advantage Multi for Cats is a broad-spectrum topical solution prescribed by veterinarians to provide pet parents with a convenient monthly application to help alleviate symptoms caused by pesky parasites. This easy-to-use solution works to kill adult fleas, treat and control ear mites, roundworm and hookwormsit may also help to prevent heartworm disease in some cats. **We directly source prescription medications from manufacturers and wholesale distributors registered with the FDA and licensed by applicable state boards.",526,advantage multi flea treatment cats,"Advantage Multi Topical Solution for Cats, 9.1-18 lbs, (Purple Box), 6 Doses (6-mos. supply)",1,advantage-multi-topical-solution-cats,True,True,False,False,True,True,True,True,79,322,2,good,2134.0,good,0.055,,,2,2,14.0,1,0,1,0,16.0
PDP,Ranking Keywords,Has striking-distance keywords in positions 21-50,https://www.chewy.com/pupford-beef-limited-ingredient-diet/dp/2266846,True,"Evaluate whether the page needs stronger content, intent coverage, or internal links.",1,"PUPFORD Beef Limited-Ingredient-Diet Adult Soft & Chewy Training Dog Treats, 10-oz bag - Chewy.com",98,"Buy Pupford Beef Limited-Ingredient-Diet Adult Soft & Chewy Training Dog Treats, 10-oz bag at Chewy.com. FREE shipping and the BEST customer service!",149,limited ingredient diet soft chewy,"Pupford Beef Limited-Ingredient-Diet Adult Soft & Chewy Training Dog Treats, 10-oz bag",1,pupford-beef-limited-ingredient-diet,True,True,False,False,True,True,True,True,92,329,3,,,,,,,1,1,28.0,0,0,1,0,1.0
PDP,Ranking Keywords,Has striking-distance keywords in positions 21-50,https://www.chewy.com/odoban-no-rinse-neutral-ph-floor/dp/196356,True,"Evaluate whether the page needs stronger content, intent coverage, or internal links.",1,"ODOBAN No Rinse Neutral pH Floor Cleaner, Citrus Scent, 1-gal bottle - Chewy.com",80,"Buy OdoBan No Rinse Neutral pH Floor Cleaner, Citrus Scent, 1-gal bottle at Chewy.com. FREE shipping and the BEST customer service!",131,odoban cat training cleaning,"OdoBan No Rinse Neutral pH Floor Cleaner, Citrus Scent, 1-gal bottle",1,odoban-no-rinse-neutral-ph-floor,True,True,False,False,True,True,True,True,306,328,2,good,2171.0,good,0.09,,,1,1,32.0,0,0,1,0,19.0
PDP,Ranking Keywords,Has striking-distance keywords in positions 21-50,https://www.chewy.com/sentinel-tablet-dogs-11-25-lbs-green/dp/173277,True,"Evaluate whether the page needs stronger content, intent coverage, or internal links.",2,"SENTINEL Flavor Tabs for Dogs, 11-25 lbs, (Green Box) - Easy Refills | Chewy Rx",79,"**Your furry friend must have a current heartworm test result on file with your veterinarian in order to be prescribed heartworm medication. Please visit your veterinarian to have this test performed annually to protect your four-legged friend.** Sentinel is a monthly oral preventive prescription that guards against heartworms, adult roundworms, adult hookworms, whipworms, and prevents the development of flea eggs.",418,sentinel dog medicine,"Sentinel Flavor Tabs for Dogs, 11-25 lbs, (Green Box), 6 Tablets (6-mos. supply)",1,sentinel-tablet-dogs-11-25-lbs-green,True,True,False,False,True,True,True,True,45,322,2,needs,2508.0,good,0.065,,,10,10,9.3,7,1,2,0,35.0
PDP,Ranking Keywords,Has striking-distance keywords in positions 21-50,https://www.chewy.com/tetrafauna-reptotreat-supreme-krill/dp/331141,True,"Evaluate whether the page needs stronger content, intent coverage, or internal links.",1,"TETRA ReptoTreat Food Sticks with Krill Meal Turtle, Newt & Frog Treats, 3 count - Chewy.com",92,"Buy Tetra ReptoTreat Food Sticks with Krill Meal Turtle, Newt & Frog Treats, 3 count at Chewy.com. FREE shipping and the BEST customer service!",143,tetra frog newt food,"Tetra ReptoTreat Food Sticks with Krill Meal Turtle, Newt & Frog Treats, 3 count",1,tetrafauna-reptotreat-supreme-krill,True,False,False,False,True,True,True,True,2,320,3,,,,,,,1,1,27.0,0,0,1,0,
PDP,Ranking Keywords,Has striking-distance keywords in positions 21-50,https://www.chewy.com/milbeguard-flavored-tablets-dogs-51/dp/1130886,True,"Evaluate whether the page needs stronger content, intent coverage, or internal links.",1,"MILBEGUARD Flavored Tablets for Dogs, 51 - 100 lbs, & for Cats, 12.1 -25 lbs (Red Box), 23 mg, 6 tablets (6-mos. supply) - Easy Refills | Chewy Rx",146,"Once-a-month Flavored Tablets to prevent heartworm disease, control adult hookworm infection, and remove and control adult roundworms and whipworms in dogs and puppies, and to prevent heartworm disease and remove adult hookworms and roundworms in cats and kittens.**We directly source prescription medications from manufacturers and wholesale distributors registered with the FDA and licensed by applicable state boards. Guaranteed genuine, and where applicable, backed by the manufacturer.",490,milbeguard,"Milbeguard Flavored Tablets for Dogs, 51 - 100 lbs, & for Cats, 12.1 -25 lbs (Red Box), 23 mg, 6 tablets (6-mos. supply)",1,milbeguard-flavored-tablets-dogs,True,True,False,False,True,True,True,True,27,318,3,good,2313.0,good,0.045,,,2,2,12.5,1,0,1,0,6.0
PDP,Ranking Keywords,Has striking-distance keywords in positions 21-50,https://www.chewy.com/heartgard-plus-chew-dogs-up-to-25-lbs/dp/179481,True,"Evaluate whether the page needs stronger content, intent coverage, or internal links.",1,"HEARTGARD Plus Chew for Dogs, up to 25 lbs, (Blue Box) - Easy Refills | Chewy Rx",80,"**For use in animals only.** Heartgard Plus Chew for Dogs, up to 25 lbs. is a heartworm preventative that kills heartworms and also helps treat and control roundworms and hookworms.",181,heartgard plus chew for dogs up to 25 lbs blue box 6 chews (6-mos. supply,"Heartgard Plus Chew for Dogs, up to 25 lbs, (Blue Box), 12 Chews (12-mos. supply)",1,heartgard-plus-chew-dogs-up-to-25-lbs,True,True,False,False,True,True,True,True,15,323,2,good,2420.0,good,0.075,,,2,2,12.5,1,0,1,0,23.0
PDP,Ranking Keywords,Has striking-distance keywords in positions 21-50,https://www.chewy.com/interceptor-plus-chew-dogs-251-50-lbs/dp/259988,True,"Evaluate whether the page needs stronger content, intent coverage, or internal links.",1,"INTERCEPTOR PLUS Chew for Dogs, 25.1-50 lbs, (Yellow Box) - Easy Refills | Chewy Rx",83,"Interceptor Plus for dogs 25.1 - 50.0 lbs offers 5-in-1 protection from major worms in a tasty, monthly chew.",109,interceptor plus chew for dogs 25.1-50 lbs yellow box 6 chews (6-mos. supply,"Interceptor Plus Chew for Dogs, 25.1-50 lbs, (Yellow Box), 12 Chews (12-mos. supply)",1,interceptor-plus-chew-dogs-251-50-lbs,True,True,False,False,True,True,True,True,5,328,3,,,,,,,2,2,13.0,1,0,1,0,5.0
PDP,Ranking Keywords,Has striking-distance keywords in positions 21-50,https://www.chewy.com/heartgard-plus-chew-dogs-26-50-lbs/dp/173232,True,"Evaluate whether the page needs stronger content, intent coverage, or internal links.",1,"HEARTGARD Plus Chew for Dogs, 26-50 lbs, (Green Box) - Easy Refills | Chewy Rx",78,"**For use in animals only.** Heartgard Plus Chew for Dogs, 26-50 lbs. is a heartworm preventative that kills heartworms and also helps treat and control roundworms and hookworms.",178,heartgard plus chew for dogs 26-50 lbs green box 6 chews (6-mos. supply,"Heartgard Plus Chew for Dogs, 26-50 lbs, (Green Box), 6 Chews (6-mos. supply)",1,heartgard-plus-chew-dogs-26-50-lbs,True,True,False,False,True,True,True,True,57,322,2,good,2198.0,good,0.08499999999999999,,,2,2,14.5,1,0,1,0,19.0
PDP,Ranking Keywords,Has striking-distance keywords in positions 21-50,https://www.chewy.com/pawhut-catio-74-in-wooden-outdoor-cat/dp/1622262,True,"Evaluate whether the page needs stronger content, intent coverage, or internal links.",1,"PAWHUT Catio 74-in Wooden Outdoor Cat House, Dark Gray - Chewy.com",66,"Buy PawHut Catio 74-in Wooden Outdoor Cat House, Dark Gray at Chewy.com. FREE shipping and the BEST customer service!",117,chewy catio,"PawHut Catio 74-in Wooden Outdoor Cat House, Dark Gray",1,pawhut-catio-74-in-wooden-outdoor-cat,True,True,False,False,True,True,True,True,28,318,4,,,,,,,2,2,17.0,1,0,1,0,3.0
PDP,Ranking Keywords,Has striking-distance keywords in positions 21-50,https://www.chewy.com/vistagato-cat-window-catio-perch/dp/2294654,True,"Evaluate whether the page needs stronger content, intent coverage, or internal links.",1,VISTAGATO Cat Window Catio & Perch - Chewy.com,46,Buy VistaGato Cat Window Catio & Perch at Chewy.com. FREE shipping and the BEST customer service!,97,chewy catio,VistaGato Cat Window Catio & Perch,1,vistagato-cat-window-catio-perch,True,True,False,False,True,True,True,True,36,314,3,good,1968.0,good,0.0,,,1,1,22.0,0,0,1,0,3.0
PDP,Ranking Keywords,Has striking-distance keywords in positions 21-50,https://www.chewy.com/coziwow-catio-outdoor-gothic-cat/dp/1936070,True,"Evaluate whether the page needs stronger content, intent coverage, or internal links.",1,"COZIWOW Catio Outdoor Gothic Cat House, Grey - Chewy.com",56,"Buy Coziwow Catio Outdoor Gothic Cat House, Grey at Chewy.com. FREE shipping and the BEST customer service!",107,chewy catio,"Coziwow Catio Outdoor Gothic Cat House, Grey",1,coziwow-catio-outdoor-gothic-cat,True,True,False,False,True,True,True,True,33,317,4,,,,,,,1,1,26.0,0,0,1,0,1.0
PDP,Ranking Keywords,Has striking-distance keywords in positions 21-50,https://www.chewy.com/petscosset-outdoor-catio-cat/dp/1936606,True,"Evaluate whether the page needs stronger content, intent coverage, or internal links.",1,"PETSCOSSET 59-in Outdoor Wooden Catio Cat Enclosure with Platforms, Gray - Chewy.com",84,"Buy Petscosset 59-in Outdoor Wooden Catio Cat Enclosure with Platforms, Gray at Chewy.com. FREE shipping and the BEST customer service!",135,chewy catio,"Petscosset 59-in Outdoor Wooden Catio Cat Enclosure with Platforms, Gray",1,petscosset-outdoor-catio-cat,True,True,False,False,True,True,True,True,23,318,3,,,,,,,1,1,27.0,0,0,1,0,1.0
PDP,Ranking Keywords,Has striking-distance keywords in positions 21-50,https://www.chewy.com/coziwow-72-in-wood-catio-outdoor-cat/dp/3800702,True,"Evaluate whether the page needs stronger content, intent coverage, or internal links.",1,"COZIWOW 72-in Wood Catio Outdoor Cat House Enclosure with Waterproof Roof, Grey - Chewy.com",91,"Buy Coziwow 72-in Wood Catio Outdoor Cat House Enclosure with Waterproof Roof, Grey at Chewy.com. FREE shipping and the BEST customer service!",142,chewy catio,"Coziwow 72-in Wood Catio Outdoor Cat House Enclosure with Waterproof Roof, Grey",1,coziwow-72-in-wood-catio-outdoor-cat,True,True,False,False,True,True,True,True,79,317,4,,,,,,,1,1,30.0,0,0,1,0,1.0
PDP,Ranking Keywords,Has striking-distance keywords in positions 21-50,https://www.chewy.com/pawhut-45-in-wooden-hamster-cage/dp/2087478,True,"Evaluate whether the page needs stronger content, intent coverage, or internal links.",1,PAWHUT 45-in Wooden Hamster Cage - Chewy.com,44,Buy PawHut 45-in Wooden Hamster Cage at Chewy.com. FREE shipping and the BEST customer service!,95,wood hamster cages,PawHut 45-in Wooden Hamster Cage,1,pawhut-45-in-wooden-hamster-cage,True,True,False,False,True,True,True,True,25,315,4,,,,,,,3,2,21.5,0,1,1,1,4.0
PDP,Ranking Keywords,Has striking-distance keywords in positions 21-50,https://www.chewy.com/kh-pet-products-travel-safety-pet/dp/106427,True,"Evaluate whether the page needs stronger content, intent coverage, or internal links.",1,K&H PET PRODUCTS Travel Safety Pet Barrier - Chewy.com,54,Buy K&H Pet Products Travel Safety Pet Barrier at Chewy.com. FREE shipping and the BEST customer service!,105,pet travel chewy,K&H Pet Products Travel Safety Pet Barrier,1,kh-pet-products-travel-safety-pet,True,True,False,False,True,True,True,True,35,321,2,,,,,,,1,1,23.0,0,0,1,0,1.0
PDP,Ranking Keywords,Has striking-distance keywords in positions 21-50,https://www.chewy.com/unbeetable-feeds-grain-free-complete/dp/1450974,True,"Evaluate whether the page needs stronger content, intent coverage, or internal links.",1,"UNBEETABLE FEEDS Grain-Free Complete Horse Feed, 50-lb bag - Chewy.com",70,"Buy Unbeetable Feeds Grain-Free Complete Horse Feed, 50-lb bag at Chewy.com. FREE shipping and the BEST customer service!",121,chewy horse feed,"Unbeetable Feeds Grain-Free Complete Horse Feed, 50-lb bag",1,unbeetable-feeds-grain-free-complete,True,True,False,False,True,True,True,True,71,328,2,good,2179.0,good,0.045,,,1,1,29.0,0,0,1,0,5.0
PDP,Ranking Keywords,Has striking-distance keywords in positions 21-50,https://www.chewy.com/regalo-pet-products-easy-step-extra/dp/218510,True,"Evaluate whether the page needs stronger content, intent coverage, or internal links.",1,"REGALO Pet Products Easy Step Extra Wide Metal Dog Gate, 29 to 49-in, Platinum - Chewy.com",90,"Buy Regalo Pet Products Easy Step Extra Wide Metal Dog Gate, 29 to 49-in, Platinum at Chewy.com. FREE shipping and the BEST customer service!",141,chewy baby gate,"Regalo Pet Products Easy Step Extra Wide Metal Dog Gate, 29 to 49-in, Platinum",1,regalo-pet-products-easy-step-extra,True,True,False,False,True,True,True,True,6,330,4,,,,,,,1,1,26.0,0,0,1,0,1.0
PDP,Ranking Keywords,Has striking-distance keywords in positions 21-50,https://www.chewy.com/carlson-pet-products-extra-wide-walk/dp/54889,True,"Evaluate whether the page needs stronger content, intent coverage, or internal links.",1,CARLSON PET PRODUCTS Extra Wide Walk-Thru Dog Gate with Pet Door - Chewy.com,76,Buy Carlson Pet Products Extra Wide Walk-Thru Dog Gate with Pet Door at Chewy.com. FREE shipping and the BEST customer service!,127,chewy baby gate,Carlson Pet Products Extra Wide Walk-Thru Dog Gate with Pet Door,1,carlson-pet-products-extra-wide-walk,True,True,False,False,True,True,True,True,123,328,3,,,,,,,1,1,28.0,0,0,1,0,1.0
PDP,Ranking Keywords,Has striking-distance keywords in positions 21-50,https://www.chewy.com/dog-pain-away-all-natural-joint/dp/163912,True,"Evaluate whether the page needs stronger content, intent coverage, or internal links.",1,"DOG PAIN AWAY All Natural Joint Supplement, 90-chews - Chewy.com",64,"Buy Dog Pain Away All Natural Joint Supplement, 90-chews at Chewy.com. FREE shipping and the BEST customer service!",115,chewy joint supplement,"Dog Pain Away All Natural Joint Supplement, 90-chews",1,dog-pain-away-all-natural-joint,True,True,False,False,True,True,True,True,42,324,4,,,,,,,2,1,19.0,0,1,1,0,1.0
PDP,Ranking Keywords,Has striking-distance keywords in positions 21-50,https://www.chewy.com/liquid-vet-hip-joint-support/dp/206912,True,"Evaluate whether the page needs stronger content, intent coverage, or internal links.",1,"LIQUID-VET Hip & Joint Support Unflavored Dog Supplement, 8-oz bottle, 2 count - Chewy.com",90,"Buy Liquid-Vet Hip & Joint Support Unflavored Dog Supplement, 8-oz bottle, 2 count at Chewy.com. FREE shipping and the BEST customer service!",141,chewy joint supplement,"Liquid-Vet Hip & Joint Support Unflavored Dog Supplement, 8-oz bottle, 2 count",1,liquid-vet-hip-joint-support,True,True,False,False,True,True,True,True,25,332,4,,,,,,,2,1,22.0,0,1,1,0,1.0
PDP,Ranking Keywords,Has striking-distance keywords in positions 21-50,https://www.chewy.com/vetiq-hip-joint-soft-chew-joint/dp/234869,True,"Evaluate whether the page needs stronger content, intent coverage, or internal links.",1,"VETIQ Hip & Joint Soft Chew Joint Supplement for Dogs, 180 count - Chewy.com",76,"Buy VetIQ Hip & Joint Soft Chew Joint Supplement for Dogs, 180 count at Chewy.com. FREE shipping and the BEST customer service!",127,chewy joint supplement,"VetIQ Hip & Joint Soft Chew Joint Supplement for Dogs, 180 count",1,vetiq-hip-joint-soft-chew-joint,True,True,False,False,True,True,True,True,121,331,2,good,2224.0,needs,0.17,,,2,2,27.0,0,0,1,1,2.0
PDP,Ranking Keywords,Has striking-distance keywords in positions 21-50,https://www.chewy.com/morning-song-wild-finch-wild-bird/dp/954566,True,"Evaluate whether the page needs stronger content, intent coverage, or internal links.",1,"MORNING SONG Wild Finch Wild Bird Food, 5-lb bag - Chewy.com",60,"Buy Morning Song Wild Finch Wild Bird Food, 5-lb bag at Chewy.com. FREE shipping and the BEST customer service!",111,chewy bird food,"Morning Song Wild Finch Wild Bird Food, 5-lb bag",1,morning-song-wild-finch-wild-bird,True,True,False,False,True,True,True,False,65,329,3,,,,,,,1,1,27.0,0,0,1,0,1.0
PDP,Ranking Keywords,Has striking-distance keywords in positions 21-50,https://www.chewy.com/audubon-park-wild-bird-food/dp/954302,True,"Evaluate whether the page needs stronger content, intent coverage, or internal links.",1,"AUDUBON PARK Wild Bird Food, 10-lb bag - Chewy.com",50,"Buy Audubon Park Wild Bird Food, 10-lb bag at Chewy.com. FREE shipping and the BEST customer service!",101,chewy bird food,"Audubon Park Wild Bird Food, 10-lb bag",1,audubon-park-wild-bird-food,True,True,False,False,True,True,True,True,2,328,4,,,,,,,1,1,29.0,0,0,1,0,1.0
PDP,Ranking Keywords,Has striking-distance keywords in positions 21-50,https://www.chewy.com/kaytee-perfect-chews-guinea-pig-toy/dp/129016,True,"Evaluate whether the page needs stronger content, intent coverage, or internal links.",1,"KAYTEE Perfect Chews Guinea Pig Toy, 6.5-in - Chewy.com",55,"Buy Kaytee Perfect Chews Guinea Pig Toy, 6.5-in at Chewy.com. FREE shipping and the BEST customer service!",106,chewy guinea pig,"Kaytee Perfect Chews Guinea Pig Toy, 6.5-in",1,kaytee-perfect-chews-guinea-pig-toy,True,True,False,False,True,True,True,True,67,329,2,,,,,,,1,1,28.0,0,0,1,0,1.0
PDP,Ranking Keywords,Has striking-distance keywords in positions 21-50,https://www.chewy.com/embark-breed-identification-health/dp/167898,True,"Evaluate whether the page needs stronger content, intent coverage, or internal links.",1,EMBARK Breed & Health Dog DNA Test Kit - Chewy.com,50,Buy Embark Breed & Health Dog DNA Test Kit at Chewy.com. FREE shipping and the BEST customer service!,101,embark,Embark Breed & Health Dog DNA Test Kit,1,embark-breed-identification-health,True,True,False,False,True,True,True,True,42,330,2,good,2418.0,good,0.06,,,6,6,11.0,4,0,1,1,26.0
PDP,Ranking Keywords,Has striking-distance keywords in positions 21-50,https://www.chewy.com/embark-breed-identification-dna-test/dp/232759,True,"Evaluate whether the page needs stronger content, intent coverage, or internal links.",2,EMBARK Breed Identification Dog DNA Test Kit - Chewy.com,56,Buy Embark Breed Identification Dog DNA Test Kit at Chewy.com. FREE shipping and the BEST customer service!,107,dog dna test kits,Embark Breed Identification Dog DNA Test Kit,1,embark-breed-identification-dna-test,True,True,False,False,True,True,True,True,40,328,2,good,2339.0,good,0.065,,,6,6,18.0,1,1,2,2,22.0
PDP,Ranking Keywords,Has striking-distance keywords in positions 21-50,https://www.chewy.com/dna-my-dog-essential-breed/dp/862750,True,"Evaluate whether the page needs stronger content, intent coverage, or internal links.",1,DNA MY DOG Essential Breed Identification Test - Chewy.com,58,Buy DNA My Dog Essential Breed Identification Test at Chewy.com. FREE shipping and the BEST customer service!,109,cheap dog dna testing,DNA My Dog Essential Breed Identification Test,1,dna-my-dog-essential-breed,True,True,False,False,True,True,True,True,52,328,3,good,2137.0,good,0.065,,,7,7,9.33,4,1,1,1,51.0
PDP,Ranking Keywords,Has striking-distance keywords in positions 21-50,https://www.chewy.com/dna-my-dog-premium-breed/dp/862766,True,"Evaluate whether the page needs stronger content, intent coverage, or internal links.",1,DNA MY DOG Premium Breed Identification Test - Chewy.com,56,Buy DNA My Dog Premium Breed Identification Test at Chewy.com. FREE shipping and the BEST customer service!,107,chewy dog dna test,DNA My Dog Premium Breed Identification Test,1,dna-my-dog-premium-breed,True,True,False,False,True,True,True,True,40,318,3,,,,,,,1,1,28.0,0,0,1,0,1.0
PDP,Ranking Keywords,Has striking-distance keywords in positions 21-50,https://www.chewy.com/pet-gear-no-zip-double-pet-stroller/dp/3686046,True,"Evaluate whether the page needs stronger content, intent coverage, or internal links.",1,"PET GEAR No-Zip Double Pet Stroller, Boysenberry - Chewy.com",60,"Buy Pet Gear No-Zip Double Pet Stroller, Boysenberry at Chewy.com. FREE shipping and the BEST customer service!",111,chewy pet stroller,"Pet Gear No-Zip Double Pet Stroller, Boysenberry",1,pet-gear-no-zip-double-pet-stroller,True,True,False,False,True,True,True,True,12,308,4,,,,,,,1,1,21.0,0,0,1,0,1.0
PDP,Ranking Keywords,Has striking-distance keywords in positions 21-50,https://www.chewy.com/carlson-pet-products-deluxe-dog/dp/735758,True,"Evaluate whether the page needs stronger content, intent coverage, or internal links.",1,"CARLSON PET PRODUCTS Deluxe Dog Stroller, Black, Large, Collapsable, Travel - Chewy.com",87,"Buy Carlson Pet Products Deluxe Dog Stroller, Black, Large, Collapsable, Travel at Chewy.com. FREE shipping and the BEST customer service!",138,chewy pet stroller,"Carlson Pet Products Deluxe Dog Stroller, Black, Large, Collapsable, Travel",1,carlson-pet-products-deluxe-dog,True,True,False,False,True,True,True,False,25,315,3,,,,,,,1,1,30.0,0,0,1,0,1.0
PDP,Ranking Keywords,Has striking-distance keywords in positions 21-50,https://www.chewy.com/midwest-guinea-habitat-guinea-pig/dp/131306,True,"Evaluate whether the page needs stronger content, intent coverage, or internal links.",1,"MIDWEST Guinea Habitat Guinea Pig Home, Plus - Chewy.com",56,"Buy MidWest Guinea Habitat Guinea Pig Home, Plus at Chewy.com. FREE shipping and the BEST customer service!",107,midwest guinea pig cages,"MidWest Guinea Habitat Guinea Pig Home, Plus",1,midwest-guinea-habitat-guinea-pig,True,True,False,False,True,True,True,True,68,332,2,good,1980.0,good,0.095,,,2,2,15.0,1,0,1,0,9.0
PDP,Ranking Keywords,Has striking-distance keywords in positions 21-50,https://www.chewy.com/midwest-guinea-habitat-deluxe-guinea/dp/268697,True,"Evaluate whether the page needs stronger content, intent coverage, or internal links.",1,MIDWEST Guinea Habitat Deluxe Guinea Pig Cage - Chewy.com,57,Buy MidWest Guinea Habitat Deluxe Guinea Pig Cage at Chewy.com. FREE shipping and the BEST customer service!,108,chewy guinea pig cage,MidWest Guinea Habitat Deluxe Guinea Pig Cage,1,midwest-guinea-habitat-deluxe-guinea,True,True,False,False,True,True,True,True,73,318,3,,,,,,,1,1,28.0,0,0,1,0,6.0
PDP,Ranking Keywords,Has striking-distance keywords in positions 21-50,https://www.chewy.com/woof-pupsicle-pops-refills-calming/dp/1131334,True,"Evaluate whether the page needs stronger content, intent coverage, or internal links.",1,"WOOF Pupsicle Pops Refills Calming Beef Grain-Free Lickable Dog Treats, X-Large, 5 count - Chewy.com",100,"Buy Woof Pupsicle Pops Refills Calming Beef Grain-Free Lickable Dog Treats, X-Large, 5 count at Chewy.com. FREE shipping and the BEST customer service!",151,chewy pupsicle,"Woof Pupsicle Pops Refills Calming Beef Grain-Free Lickable Dog Treats, X-Large, 5 count",1,woof-pupsicle-pops-refills-calming,True,True,False,False,True,True,True,True,17,326,3,,,,,,,1,1,24.0,0,0,1,0,2.0
PDP,Ranking Keywords,Has striking-distance keywords in positions 21-50,https://www.chewy.com/woof-pupsicle-pops-refills-all-in-1/dp/1131470,True,"Evaluate whether the page needs stronger content, intent coverage, or internal links.",1,"WOOF Pupsicle Pops Refills All-in-1 Health Beef Grain-Free Lickable Dog Treats, Large, 7 count bag - Chewy.com",110,"Buy Woof Pupsicle Pops Refills All-in-1 Health Beef Grain-Free Lickable Dog Treats, Large, 7 count bag at Chewy.com. FREE shipping and the BEST customer service!",161,chewy pupsicle,"Woof Pupsicle Pops Refills All-in-1 Health Beef Grain-Free Lickable Dog Treats, Large, 7 count bag",1,woof-pupsicle-pops-refills-all-in,True,True,False,False,True,True,True,True,73,323,3,,,,,,,1,1,26.0,0,0,1,0,1.0
PDP,Ranking Keywords,Has striking-distance keywords in positions 21-50,https://www.chewy.com/woof-pupsicle-dental-dog-treat-mix-55/dp/1824918,True,"Evaluate whether the page needs stronger content, intent coverage, or internal links.",1,"WOOF Pupsicle Mix Doggy Dental Lickable Dog Treats, 5.5-oz bag - Chewy.com",74,"Buy Woof Pupsicle Mix Doggy Dental Lickable Dog Treats, 5.5-oz bag at Chewy.com. FREE shipping and the BEST customer service!",125,chewy pupsicle,"Woof Pupsicle Mix Doggy Dental Lickable Dog Treats, 5.5-oz bag",1,woof-pupsicle-dental-dog-treat-mix,True,True,False,False,True,True,True,True,26,319,2,,,,,,,1,1,29.0,0,0,1,0,1.0
PDP,Ranking Keywords,Has striking-distance keywords in positions 21-50,https://www.chewy.com/woof-pupsicle-treat-mix-bacon-cheese/dp/1719494,True,"Evaluate whether the page needs stronger content, intent coverage, or internal links.",1,"WOOF Pupsicle Mix Bacon & Cheese Lickable Dog Treats, 5.5-oz bag - Chewy.com",76,"Buy Woof Pupsicle Mix Bacon & Cheese Lickable Dog Treats, 5.5-oz bag at Chewy.com. FREE shipping and the BEST customer service!",127,chewy pupsicle,"Woof Pupsicle Mix Bacon & Cheese Lickable Dog Treats, 5.5-oz bag",1,woof-pupsicle-treat-mix-bacon-cheese,True,True,False,False,True,True,True,True,25,323,3,,,,,,,1,1,31.0,0,0,1,0,1.0
PDP,Ranking Keywords,Has striking-distance keywords in positions 21-50,https://www.chewy.com/frisco-42-in-heavy-duty-faux-fur-cat/dp/193422,True,"Evaluate whether the page needs stronger content, intent coverage, or internal links.",1,"FRISCO 42-in Heavy Duty Faux Fur Cat Tree & Condo, Cream - Chewy.com",68,"Buy Frisco 42-in Heavy Duty Faux Fur Cat Tree & Condo, Cream at Chewy.com. FREE shipping and the BEST customer service!",119,chewycatcondo,"Frisco 42-in Heavy Duty Faux Fur Cat Tree & Condo, Cream",1,frisco-42-in-heavy-duty-faux-fur-cat,True,True,False,False,True,True,True,True,132,319,3,good,2001.0,needs,0.105,,,1,1,26.0,0,0,1,0,3.0
PDP,Ranking Keywords,Has striking-distance keywords in positions 21-50,https://www.chewy.com/zesty-paws-probiotic-bites-pumpkin/dp/1781502,True,"Evaluate whether the page needs stronger content, intent coverage, or internal links.",1,Zesty Paws Probiotic Bites with Natural Digestive Enzymes Pumpkin Flavor Chews for Dogs | Chewy,95,"Buy Zesty Paws Probiotic Bites Pumpkin Flavored Soft Chews Gut Flora & Digestive Supplement for Dogs, 270 count bundle at Chewy.com. FREE shipping and the BEST customer service!",177,zesty paws probiotics dogs,"Zesty Paws Probiotic Bites Pumpkin Flavored Soft Chews Gut Flora & Digestive Supplement for Dogs, 270 count bundle",1,zesty-paws-probiotic-bites-pumpkin,True,False,False,False,True,True,True,True,6,336,3,,,,,,,2,2,17.5,1,0,1,0,2.0
PDP,Ranking Keywords,Has striking-distance keywords in positions 21-50,https://www.chewy.com/vivirata-automatic-self-cleaning/dp/3868838,True,"Evaluate whether the page needs stronger content, intent coverage, or internal links.",1,"VIVIRATA Automatic Self Cleaning Multi Cat Litter Box with App Control, Odor, Noise Control, Dual Safety Sensors & 2 Roll Garbage Bags, Gray, 15-lb box - Chewy.com",163,"Buy Vivirata Automatic Self Cleaning Multi Cat Litter Box with App Control, Odor, Noise Control, Dual Safety Sensors & 2 Roll Garbage Bags, Gray, 15-lb box at Chewy.com. FREE shipping and the BEST customer service!",214,chewy automatic litter box,"Vivirata Automatic Self Cleaning Multi Cat Litter Box with App Control, Odor, Noise Control, Dual Safety Sensors & 2 Roll Garbage Bags, Gray, 15-lb box",1,vivirata-automatic-self-cleaning,True,True,False,False,True,True,True,True,71,330,3,good,2003.0,good,0.09,,,1,1,23.0,0,0,1,0,1.0
PDP,Ranking Keywords,Has striking-distance keywords in positions 21-50,https://www.chewy.com/instachew-purrclean-smart-wifi/dp/397443,True,"Evaluate whether the page needs stronger content, intent coverage, or internal links.",1,"INSTACHEW PURRCLEAN Smart WiFi Enabled Covered Automatic Self-Cleaning Cat Litter Box, White - Chewy.com",104,"Buy INSTACHEW PURRCLEAN Smart WiFi Enabled Covered Automatic Self-Cleaning Cat Litter Box, White at Chewy.com. FREE shipping and the BEST customer service!",155,chewy automatic litter box,"INSTACHEW PURRCLEAN Smart WiFi Enabled Covered Automatic Self-Cleaning Cat Litter Box, White",1,instachew-purrclean-smart-wifi,True,True,False,False,True,True,True,True,41,318,4,,,,,,,1,1,27.0,0,0,1,0,2.0
PDP,Ranking Keywords,Has striking-distance keywords in positions 21-50,https://www.chewy.com/litter-robot-4-automatic-self/dp/617582,True,"Evaluate whether the page needs stronger content, intent coverage, or internal links.",1,"WHISKER Litter-Robot 4 Automatic Self-Cleaning Cat Litter Box, Black - Chewy.com",80,"Buy Whisker Litter-Robot 4 Automatic Self-Cleaning Cat Litter Box, Black at Chewy.com. FREE shipping and the BEST customer service!",131,litter robot self cleaning litter,"Whisker Litter-Robot 4 Automatic Self-Cleaning Cat Litter Box, Black",1,litter-robot-4-automatic-self,True,True,False,False,True,True,True,True,39,334,3,good,2087.0,good,0.0,,,2,2,23.0,0,0,1,1,5.0
PDP,Ranking Keywords,Has striking-distance keywords in positions 21-50,https://www.chewy.com/vet-treat-flea-tick-oral-treatment/dp/3708606,True,"Evaluate whether the page needs stronger content, intent coverage, or internal links.",1,"VET TREAT Flea & Tick Oral Treatment for Dogs, 9-oz jar - Chewy.com",67,"Buy Vet Treat Flea & Tick Oral Treatment for Dogs, 9-oz jar at Chewy.com. FREE shipping and the BEST customer service!",118,flea and tick chewy,"Vet Treat Flea & Tick Oral Treatment for Dogs, 9-oz jar",1,vet-treat-flea-tick-oral-treatment,True,True,False,False,True,True,True,False,90,328,3,good,2189.0,good,0.0,,,3,3,25.0,0,0,1,2,1.0
PDP,Ranking Keywords,Has striking-distance keywords in positions 21-50,https://www.chewy.com/free-form-snip-tips-fatty-acid/dp/1194566,True,"Evaluate whether the page needs stronger content, intent coverage, or internal links.",1,"PET PROTECT Vet-Formulated Free Form Omega-3 Fish Oil Snip Tip Capsule Supplements for Medium & Large Dogs, 60 count - Chewy.com",128,"Buy Pet Protect Vet-Formulated Free Form Omega-3 Fish Oil Snip Tip Capsule Supplements for Medium & Large Dogs, 60 count at Chewy.com. FREE shipping and the BEST customer service!",179,chewy fish oil for dogs,"Pet Protect Vet-Formulated Free Form Omega-3 Fish Oil Snip Tip Capsule Supplements for Medium & Large Dogs, 60 count",1,free-form-snip-tips-fatty-acid,True,True,False,False,True,True,True,True,1,330,4,,,,,,,2,1,20.5,0,1,1,0,1.0
PDP,Ranking Keywords,Has striking-distance keywords in positions 21-50,https://www.chewy.com/wonder-paws-fish-oil-skin-joint/dp/3991862,True,"Evaluate whether the page needs stronger content, intent coverage, or internal links.",1,"WONDER PAWS Fish Oil Skin, Joint, Immune & Heart Health Liquid Supplement for Dogs, 32-fl oz bottle - Chewy.com",111,"Buy Wonder Paws Fish Oil Skin, Joint, Immune & Heart Health Liquid Supplement for Dogs, 32-fl oz bottle at Chewy.com. FREE shipping and the BEST customer service!",162,wonder paws,"Wonder Paws Fish Oil Skin, Joint, Immune & Heart Health Liquid Supplement for Dogs, 32-fl oz bottle",1,wonder-paws-fish-oil-skin-joint,True,True,False,False,True,True,True,True,4,331,4,,,,,,,2,2,18.5,0,1,1,0,1.0
PDP,Ranking Keywords,Has striking-distance keywords in positions 21-50,https://www.chewy.com/natural-dog-company-wild-alaskan/dp/380582,True,"Evaluate whether the page needs stronger content, intent coverage, or internal links.",1,"NATURAL DOG COMPANY Wild Alaskan Salmon Oil Formula Liquid Supplement for Dogs, 32-fl oz bottle - Chewy.com",107,"Buy Natural Dog Company Wild Alaskan Salmon Oil Formula Liquid Supplement for Dogs, 32-fl oz bottle at Chewy.com. FREE shipping and the BEST customer service!",158,salmon oil for dogs liquid,"Natural Dog Company Wild Alaskan Salmon Oil Formula Liquid Supplement for Dogs, 32-fl oz bottle",1,natural-dog-company-wild-alaskan,True,True,False,False,True,True,True,True,53,330,2,,,,,,,2,2,21.5,0,1,1,0,1.0
PDP,Ranking Keywords,Has striking-distance keywords in positions 21-50,https://www.chewy.com/petscy-fish-oil-salmon-flavored/dp/3709622,True,"Evaluate whether the page needs stronger content, intent coverage, or internal links.",1,"PETSCY Fish Oil Salmon Flavored & Pollock Blend Liquid Skin & Coat Supplement for Dogs, 8-fl oz bottle - Chewy.com",114,"Buy PetScy Fish Oil Salmon Flavored & Pollock Blend Liquid Skin & Coat Supplement for Dogs, 8-fl oz bottle at Chewy.com. FREE shipping and the BEST customer service!",165,chewy fish oil for dogs,"PetScy Fish Oil Salmon Flavored & Pollock Blend Liquid Skin & Coat Supplement for Dogs, 8-fl oz bottle",1,petscy-fish-oil-salmon-flavored,True,True,False,False,True,True,True,False,37,327,3,,,,,,,1,1,27.0,0,0,1,0,1.0
PDP,Ranking Keywords,Has striking-distance keywords in positions 21-50,https://www.chewy.com/goodgrowlies-allergy-itch-relief/dp/1714278,True,"Evaluate whether the page needs stronger content, intent coverage, or internal links.",1,"GOODGROWLIES Omega 3 Itch & Allergy Relief Skin & Coat Health Salmon Flavored Chew Supplement for Dogs, 180 count - Chewy.com",125,"Buy GoodGrowlies Omega 3 Itch & Allergy Relief Skin & Coat Health Salmon Flavored Chew Supplement for Dogs, 180 count at Chewy.com. FREE shipping and the BEST customer service!",176,chewy fish oil for dogs,"GoodGrowlies Omega 3 Itch & Allergy Relief Skin & Coat Health Salmon Flavored Chew Supplement for Dogs, 180 count",1,goodgrowlies-allergy-itch-relief,True,True,False,False,True,True,True,False,30,331,3,,,,,,,1,1,28.0,0,0,1,0,1.0
PDP,Ranking Keywords,Has striking-distance keywords in positions 21-50,https://www.chewy.com/bernies-omg-omegas-5x-extra-strength/dp/1492558,True,"Evaluate whether the page needs stronger content, intent coverage, or internal links.",1,"BERNIE'S OMG! Omegas 5X Extra Strength Omega-3s DHA+EPA Skin & Coat, Allergy, Calming & Joint Support Salmon Flavor Fish Oil Chews Supplement for Dogs, 90 count - Chewy.com",172,"Buy Bernie's OMG! Omegas 5X Extra Strength Omega-3s DHA+EPA Skin & Coat, Allergy, Calming & Joint Support Salmon Flavor Fish Oil Chews Supplement for Dogs, 90 count at Chewy.com. FREE shipping and the BEST customer service!",223,chewy fish oil for dogs,"Bernie's OMG! Omegas 5X Extra Strength Omega-3s DHA+EPA Skin & Coat, Allergy, Calming & Joint Support Salmon Flavor Fish Oil Chews Supplement for Dogs, 90 count",1,bernies-omg-omegas-5x-extra-strength,True,True,False,False,True,True,True,False,66,329,3,,,,,,,1,1,30.0,0,0,1,0,1.0
PDP,Ranking Keywords,Has striking-distance keywords in positions 21-50,https://www.chewy.com/cheristin-flea-spot-treatment-cats/dp/143410,True,"Evaluate whether the page needs stronger content, intent coverage, or internal links.",1,Cheristin Flea Treatment Topical For Cats Over 1.8 lbs | Chewy (Free Shipping),78,"Buy Cheristin Flea Spot Treatment for Cats, over 1.8 lbs, 6 Doses (6-mos. supply) at Chewy.com. FREE shipping and the BEST customer service!",140,cheristin for cats 6 doses,"Cheristin Flea Spot Treatment for Cats, over 1.8 lbs, 6 Doses (6-mos. supply)",1,cheristin-flea-spot-treatment-cats,True,True,False,False,True,True,True,True,58,329,2,good,2296.0,good,0.05,,,2,2,17.0,1,0,1,0,22.0
PDP,Ranking Keywords,Has striking-distance keywords in positions 21-50,https://www.chewy.com/smartcat-ultimate-32-in-sisal-cat/dp/204624,True,"Evaluate whether the page needs stronger content, intent coverage, or internal links.",1,SmartCat The Ultimate 32-in Sisal Cat Scratching Post (Free Shipping) | Chewy,77,"Buy SmartCat The Ultimate 32-in Sisal Cat Scratching Post, Gray at Chewy.com. FREE shipping and the BEST customer service!",122,chewy scratch post,"SmartCat The Ultimate 32-in Sisal Cat Scratching Post, Gray",1,smartcat-ultimate-32-in-sisal-cat,True,True,False,False,True,True,True,True,17,329,3,needs,2597.0,good,0.03,,,1,1,21.0,0,0,1,0,6.0
PDP,Ranking Keywords,Has striking-distance keywords in positions 21-50,https://www.chewy.com/frisco-335-in-sisal-cat-scratching/dp/155162,True,"Evaluate whether the page needs stronger content, intent coverage, or internal links.",1,"FRISCO 33-in Heavy Duty Sisal Cat Scratching Post, Cream - Chewy.com",68,"Buy Frisco 33-in Heavy Duty Sisal Cat Scratching Post, Cream at Chewy.com. FREE shipping and the BEST customer service!",119,chewy scratch post,"Frisco 33-in Heavy Duty Sisal Cat Scratching Post, Cream",1,frisco-335-in-sisal-cat-scratching,True,True,False,False,True,True,True,True,6,320,3,,,,,,,1,1,22.0,0,0,1,0,1.0
PDP,Ranking Keywords,Has striking-distance keywords in positions 21-50,https://www.chewy.com/frisco-cactus-cat-scratching-post/dp/240930,True,"Evaluate whether the page needs stronger content, intent coverage, or internal links.",1,"FRISCO Cactus Cat Scratching Post, 22-in - Chewy.com",52,"Buy Frisco Cactus Cat Scratching Post, 22-in at Chewy.com. FREE shipping and the BEST customer service!",103,chewy scratch post,"Frisco Cactus Cat Scratching Post, 22-in",1,frisco-cactus-cat-scratching-post,True,True,False,False,True,True,True,True,6,320,3,,,,,,,1,1,24.0,0,0,1,0,1.0
PDP,Ranking Keywords,Has striking-distance keywords in positions 21-50,https://www.chewy.com/anthelcide-eq-oxibendazole-paste/dp/264393,True,"Evaluate whether the page needs stronger content, intent coverage, or internal links.",2,"ANTHELCIDE EQ Oxibendazole Paste Horse Dewormer, 0.85-oz syringe - Chewy.com",76,"Buy Anthelcide EQ Oxibendazole Paste Horse Dewormer, 0.85-oz syringe at Chewy.com. FREE shipping and the BEST customer service!",127,anthelcide eq,"Anthelcide EQ Oxibendazole Paste Horse Dewormer, 0.85-oz syringe",1,anthelcide-eq-oxibendazole-paste,True,True,False,False,True,True,True,False,57,327,2,,,,,,,2,2,25.0,0,0,2,0,1.0
PDP,Ranking Keywords,Has striking-distance keywords in positions 21-50,https://www.chewy.com/safe-guard-equi-bits-horse-dewormer/dp/241323,True,"Evaluate whether the page needs stronger content, intent coverage, or internal links.",1,"SAFE-GUARD Equi-Bits Fenbendazole Horse Dewormer, 1.25-lb bag - Chewy.com",73,"Buy Safe-Guard Equi-Bits Fenbendazole Horse Dewormer, 1.25-lb bag at Chewy.com. FREE shipping and the BEST customer service!",124,chewy horse wormer,"Safe-Guard Equi-Bits Fenbendazole Horse Dewormer, 1.25-lb bag",1,safe-guard-equi-bits-horse-dewormer,True,True,False,False,True,True,True,True,38,328,2,,,,,,,1,1,27.0,0,0,1,0,1.0
PDP,Ranking Keywords,Has striking-distance keywords in positions 21-50,https://www.chewy.com/quest-plus-gel-dewormer-boticide/dp/320899,True,"Evaluate whether the page needs stronger content, intent coverage, or internal links.",1,"QUEST PLUS Gel Dewormer & Boticide for Horses & Ponies, 0.5-oz syringe, 4 count - Chewy.com",91,"Buy QUEST PLUS Gel Dewormer & Boticide for Horses & Ponies, 0.5-oz syringe, 4 count at Chewy.com. FREE shipping and the BEST customer service!",142,chewy horse wormer,"QUEST PLUS Gel Dewormer & Boticide for Horses & Ponies, 0.5-oz syringe, 4 count",1,quest-plus-gel-dewormer-boticide,True,False,False,False,True,True,True,True,5,325,3,,,,,,,1,1,28.0,0,0,1,0,1.0
PDP,Ranking Keywords,Has striking-distance keywords in positions 21-50,https://www.chewy.com/forticept-anti-itch-ear-infection/dp/1356894,True,"Evaluate whether the page needs stronger content, intent coverage, or internal links.",1,"FORTICEPT Anti-Itch Ear Infection Treatment Drops for Dogs & Cats, 2-fl oz bottle - Chewy.com",93,"Buy Forticept Anti-Itch Ear Infection Treatment Drops for Dogs & Cats, 2-fl oz bottle at Chewy.com. FREE shipping and the BEST customer service!",144,chewy dog ear infection,"Forticept Anti-Itch Ear Infection Treatment Drops for Dogs & Cats, 2-fl oz bottle",1,forticept-anti-itch-ear-infection,True,True,False,False,True,True,True,True,55,327,2,,,,,,,1,1,25.0,0,0,1,0,1.0
PDP,Ranking Keywords,Has striking-distance keywords in positions 21-50,https://www.chewy.com/sungrow-rainbow-foraging-chew-blocks/dp/359520,True,"Evaluate whether the page needs stronger content, intent coverage, or internal links.",1,SUNGROW Rainbow Foraging Chew Blocks Parakeet & Birds Toys - Chewy.com,70,Buy SunGrow Rainbow Foraging Chew Blocks Parakeet & Birds Toys at Chewy.com. FREE shipping and the BEST customer service!,121,chewy parrot toys,SunGrow Rainbow Foraging Chew Blocks Parakeet & Birds Toys,1,sungrow-rainbow-foraging-chew-blocks,True,True,False,False,True,True,True,True,105,329,3,,,,,,,1,1,26.0,0,0,1,0,1.0
PDP,Ranking Keywords,Has striking-distance keywords in positions 21-50,https://www.chewy.com/optixcare-dog-cat-eye-cleaning-wipes/dp/149867,True,"Evaluate whether the page needs stronger content, intent coverage, or internal links.",1,"OPTIXCARE Dog & Cat Eye Cleaning Wipes, 50 count - Chewy.com",60,"Buy Optixcare Dog & Cat Eye Cleaning Wipes, 50 count at Chewy.com. FREE shipping and the BEST customer service!",111,optixcare dog eye wipes,"Optixcare Dog & Cat Eye Cleaning Wipes, 50 count",1,optixcare-dog-cat-eye-cleaning-wipes,True,True,False,False,True,True,True,True,131,330,2,good,2205.0,good,0.065,,,5,4,15.25,1,2,1,1,13.0
PDP,Ranking Keywords,Has striking-distance keywords in positions 21-50,https://www.chewy.com/amlodipine-besylate-compounded/dp/1014710,True,"Evaluate whether the page needs stronger content, intent coverage, or internal links.",1,"AMLODIPINE COMPOUNDED Chicken Tablet, 0.625 mg, 90 tablets for Veterinary use - Easy Refills | Chewy Rx",103,Amlodipine is a calcium channel blocker that may be prescribed for high blood pressure. Amlodipine Compounded tablet is a white to tan round tablet made specifically for your pet. The compounded tablets contain a chicken flavoring agent to improve the scent and acceptance of the tablets.,288,amlodipine compounded,"Amlodipine Compounded Chicken Tablet, 0.625 mg, 90 tablets for Veterinary use",1,amlodipine-besylate-compounded,True,False,False,False,True,True,True,True,6,324,4,,,,,,,1,1,23.0,0,0,1,0,2.0
PDP,Ranking Keywords,Has striking-distance keywords in positions 21-50,https://www.chewy.com/baxter-boy-6-marrow-bone-dog-treats-3/dp/227306,True,"Evaluate whether the page needs stronger content, intent coverage, or internal links.",1,"BAXTER BOY 6"" Marrow Bone Dog Treats, 3 count - Chewy.com",57,"Buy Baxter Boy 6"" Marrow Bone Dog Treats, 3 count at Chewy.com. FREE shipping and the BEST customer service!",108,baxter boy,"Baxter Boy 6"" Marrow Bone Dog Treats, 3 count",1,baxter-boy-6-marrow-bone-dog-treats,True,True,False,False,True,True,True,False,20,328,3,,,,,,,1,1,24.0,0,0,1,0,1.0
PDP,Ranking Keywords,Has striking-distance keywords in positions 21-50,https://www.chewy.com/petdiary-automatic-dog-cat-feeder/dp/390743,True,"Evaluate whether the page needs stronger content, intent coverage, or internal links.",1,"BUETEKA Automatic Dog & Cat Feeder, White, Medium - Chewy.com",61,"Buy Bueteka Automatic Dog & Cat Feeder, White, Medium at Chewy.com. FREE shipping and the BEST customer service!",112,bueteka,"Bueteka Automatic Dog & Cat Feeder, White, Medium",1,petdiary-automatic-dog-cat-feeder,True,True,False,False,True,True,True,True,63,318,3,,,,,,,1,1,24.0,0,0,1,0,1.0
PDP,Ranking Keywords,Has striking-distance keywords in positions 21-50,https://www.chewy.com/cyclosporine-compounded-non-modified/dp/997822,True,"Evaluate whether the page needs stronger content, intent coverage, or internal links.",1,"Cyclosporine (non-modified) Compounded Capsule, 125 mg, 60 capsules for Veterinary use - Easy Refills | Chewy Rx",112,"Cyclosporine is an immunosuppressant drug prescribed by your vet for the control of atopic dermatitis, allergic dermatitis, and other immune-mediated diseases affecting the blood or skin. Cyclosporine (non-modified) compounded capsule is a blue and white elongated capsule made specifically for your pet.",304,cyclosporin compounded,"Cyclosporine (non-modified) Compounded Capsule, 125 mg, 60 capsules for Veterinary use",1,cyclosporine-compounded-non-modified,True,False,False,False,True,True,True,True,13,330,5,,,,,,,2,1,14.5,1,0,1,0,1.0
PDP,Ranking Keywords,Has striking-distance keywords in positions 21-50,https://www.chewy.com/fido-fave-max-pet-hair-remover/dp/1754126,True,"Evaluate whether the page needs stronger content, intent coverage, or internal links.",1,FIDO FAVE MAX Pet Hair Remover - Chewy.com,42,Buy Fido Fave MAX Pet Hair Remover at Chewy.com. FREE shipping and the BEST customer service!,93,fido fave,Fido Fave MAX Pet Hair Remover,1,fido-fave-max-pet-hair-remover,True,True,False,False,True,True,True,False,40,323,3,,,,,,,1,1,22.0,0,0,1,0,1.0
PDP,Ranking Keywords,Has striking-distance keywords in positions 21-50,https://www.chewy.com/furosemide-compounded-capsule-dogs/dp/1001606,True,"Evaluate whether the page needs stronger content, intent coverage, or internal links.",1,"FUROSEMIDE COMPOUNDED Capsule, 3 mg, 180 capsules for Veterinary use - Easy Refills | Chewy Rx",94,"Furosemide is a diuretic that may be prescribed for excess fluid buildup, heart failure, lung disease, and liver disease. Furosemide Compounded capsule is a white elongated capsule made specifically for your pet. **Please note your capsules may be either blue-white or all white.",279,furosemide compounded,"Furosemide Compounded Capsule, 3 mg, 180 capsules for Veterinary use",1,furosemide-compounded-capsule-dogs,True,False,False,False,True,True,True,True,11,329,6,,,,,,,1,1,23.0,0,0,1,0,1.0
PDP,Ranking Keywords,Has striking-distance keywords in positions 21-50,https://www.chewy.com/pawbo-crunchy-smartphone-controlled/dp/262790,True,"Evaluate whether the page needs stronger content, intent coverage, or internal links.",1,PAWBO Crunchy SmartPhone Controlled Dog & Cat Feeder - Chewy.com,64,Buy Pawbo Crunchy SmartPhone Controlled Dog & Cat Feeder at Chewy.com. FREE shipping and the BEST customer service!,115,pawbo,Pawbo Crunchy SmartPhone Controlled Dog & Cat Feeder,1,pawbo-crunchy-smartphone-controlled,True,True,False,False,True,True,True,True,36,314,4,,,,,,,1,1,30.0,0,0,1,0,1.0
PDP,Ranking Keywords,Has striking-distance keywords in positions 21-50,https://www.chewy.com/piroxicam-compounded-tablet/dp/1100646,True,"Evaluate whether the page needs stronger content, intent coverage, or internal links.",1,"PIROXICAM COMPOUNDED Chicken Tablet, 5 mg, 1 tablet for Veterinary use - Easy Refills | Chewy Rx",96,"Piroxicam is a non steroidal anti-inflammatory drug (NSAID) and antitumor agent that may be prescribed for certain types of cancers, joint pain/arthritis, pain, and recovery. Piroxicam Compounded tablet is a white to tan round tablet made specifically for your pet.",265,piroxicam compounded,"Piroxicam Compounded Chicken Tablet, 5 mg, 1 tablet for Veterinary use",1,piroxicam-compounded-tablet,True,False,False,False,True,True,True,True,4,321,3,,,,,,,1,1,25.0,0,0,1,0,
PDP,Ranking Keywords,Has striking-distance keywords in positions 21-50,https://www.chewy.com/pet-temp-instant-pet-ear-thermometer/dp/202234,True,"Evaluate whether the page needs stronger content, intent coverage, or internal links.",1,PET-TEMP Instant Pet Ear Thermometer - Chewy.com,48,Buy Pet-Temp Instant Pet Ear Thermometer at Chewy.com. FREE shipping and the BEST customer service!,99,vet-temp,Pet-Temp Instant Pet Ear Thermometer,1,pet-temp-instant-pet-ear-thermometer,True,True,False,False,True,True,True,True,20,309,3,,,,,,,1,1,29.0,0,0,1,0,16.0
PDP,Ranking Keywords,Has striking-distance keywords in positions 21-50,https://www.chewy.com/selegiline-hcl-compounded-oral-oil/dp/546142,True,"Evaluate whether the page needs stronger content, intent coverage, or internal links.",1,"SELEGILINE HCL COMPOUNDED Chicken Oral Oil Suspension, 10 mg/mL, 60 mL for Veterinary use - Easy Refills | Chewy Rx",115,Selegiline HCl Compounded oral liquid is an oil-based preparation. Selegiline HCl is a prescription medication used to treat cognitive dysfunction and senility in older dogs. It can also be used to treat Cushing's disease when it is caused by a pituitary tumor.,261,selegiline hcl compounded,"Selegiline HCl Compounded Chicken Oral Oil Suspension, 10 mg/mL, 60 mL for Veterinary use",1,selegiline-hcl-compounded-oral-oil,True,True,False,False,True,True,True,True,9,324,6,,,,,,,1,1,26.0,0,0,1,0,1.0
PDP,Ranking Keywords,Has striking-distance keywords in positions 21-50,https://www.chewy.com/browns-encore-classic-natural/dp/122336,True,"Evaluate whether the page needs stronger content, intent coverage, or internal links.",1,"BROWN'S Encore Classic Natural Parakeet Food, 4-lb bag - Chewy.com",66,"Buy Brown's Encore Classic Natural Parakeet Food, 4-lb bag at Chewy.com. FREE shipping and the BEST customer service!",117,brown's encore,"Brown's Encore Classic Natural Parakeet Food, 4-lb bag",1,browns-encore-classic-natural,True,True,False,False,True,True,True,False,66,327,3,,,,,,,1,1,22.0,0,0,1,0,1.0
PDP,Ranking Keywords,Has striking-distance keywords in positions 21-50,https://www.chewy.com/fooey-ultra-bitter-training-aid-spray/dp/43615,True,"Evaluate whether the page needs stronger content, intent coverage, or internal links.",1,"FOOEY Ultra-Bitter Training Aid Spray, 8-fl oz spray - Chewy.com",64,"Buy Fooey Ultra-Bitter Training Aid Spray, 8-fl oz spray at Chewy.com. FREE shipping and the BEST customer service!",115,fooey,"Fooey Ultra-Bitter Training Aid Spray, 8-fl oz spray",1,fooey-ultra-bitter-training-aid-spray,True,True,False,False,True,True,True,True,24,316,3,,,,,,,1,1,21.0,0,0,1,0,1.0
PDP,Ranking Keywords,Has striking-distance keywords in positions 21-50,https://www.chewy.com/frisco-travel-bag-dog-cat-carrier/dp/171848,True,"Evaluate whether the page needs stronger content, intent coverage, or internal links.",1,"FRISCO Travel Bag Dog & Cat Carrier, Black, Medium - Chewy.com",62,"Buy Frisco Travel Bag Dog & Cat Carrier, Black, Medium at Chewy.com. FREE shipping and the BEST customer service!",113,frisco carriers & travel for cats,"Frisco Travel Bag Dog & Cat Carrier, Black, Medium",1,frisco-travel-bag-dog-cat-carrier,True,True,False,False,True,True,True,True,71,309,3,,,,,,,1,1,27.0,0,0,1,0,1.0
PDP,Ranking Keywords,Has striking-distance keywords in positions 21-50,https://www.chewy.com/frisco-premium-travel-bag-dog-cat/dp/171850,True,"Evaluate whether the page needs stronger content, intent coverage, or internal links.",1,"FRISCO Premium Travel Bag Dog & Cat Carrier, Black, Small - Chewy.com",69,"Buy Frisco Premium Travel Bag Dog & Cat Carrier, Black, Small at Chewy.com. FREE shipping and the BEST customer service!",120,frisco carriers & travel for dogs,"Frisco Premium Travel Bag Dog & Cat Carrier, Black, Small",1,frisco-premium-travel-bag-dog-cat,True,True,False,False,True,True,True,True,96,315,3,,,,,,,1,1,24.0,0,0,1,0,1.0
PDP,Ranking Keywords,Has striking-distance keywords in positions 21-50,https://www.chewy.com/go-pet-club-28-in-cat-tree/dp/101908,True,"Evaluate whether the page needs stronger content, intent coverage, or internal links.",2,"GO PET CLUB 28-in Cat Tree, Beige - Chewy.com",45,"Buy Go Pet Club 28-in Cat Tree, Beige at Chewy.com. FREE shipping and the BEST customer service!",96,go pet club cat furniture,"Go Pet Club 28-in Cat Tree, Beige",1,go-pet-club-28-in-cat-tree,True,True,False,False,True,True,True,True,0,311,4,,,,,,,3,3,20.33,0,1,2,0,1.0
PDP,Ranking Keywords,Has striking-distance keywords in positions 21-50,https://www.chewy.com/hartz-groomers-best-combo-brush-dogs/dp/159707,True,"Evaluate whether the page needs stronger content, intent coverage, or internal links.",2,Discontinued - HARTZ Groomer's Best Combo Brush for Dogs & Cats - Chewy.com,75,Buy Hartz Groomer's Best Combo Brush for Dogs & Cats at Chewy.com. FREE shipping and the BEST customer service!,111,hartz groomer's best combo dog brush,Hartz Groomer's Best Combo Brush for Dogs & Cats,1,hartz-groomers-best-combo-brush-dogs,True,False,False,False,True,True,True,True,4,305,3,,,,,,,5,5,28.5,0,0,2,3,7.0
PDP,Ranking Keywords,Has striking-distance keywords in positions 21-50,https://www.chewy.com/blue-buffalo-true-chews-natural-grain/dp/1193950,True,"Evaluate whether the page needs stronger content, intent coverage, or internal links.",1,"BLUE BUFFALO True Chews Natural Grain-Free Pork & Chicken Sausage Dog Treats, 28-oz bundle - Chewy.com",102,"Buy Blue Buffalo True Chews Natural Grain-Free Pork & Chicken Sausage Dog Treats, 28-oz bundle at Chewy.com. FREE shipping and the BEST customer service!",153,true chews,"Blue Buffalo True Chews Natural Grain-Free Pork & Chicken Sausage Dog Treats, 28-oz bundle",1,blue-buffalo-true-chews-natural-grain,True,False,False,False,True,True,True,True,7,330,3,,,,,,,1,1,23.0,0,0,1,0,1.0
PDP,Ranking Keywords,Has striking-distance keywords in positions 21-50,https://www.chewy.com/healthy-solutions-pets-coprophagia/dp/743542,True,"Evaluate whether the page needs stronger content, intent coverage, or internal links.",1,"HEALTHY SOLUTIONS FOR PETS Coprophagia Supplement for Dogs, 60 count - Chewy.com",80,"Buy Healthy Solutions for Pets Coprophagia Supplement for Dogs, 60 count at Chewy.com. FREE shipping and the BEST customer service!",131,dog coprophagia supplements,"Healthy Solutions for Pets Coprophagia Supplement for Dogs, 60 count",1,healthy-solutions-pets-coprophagia,True,True,False,False,True,True,True,True,25,326,3,,,,,,,5,4,17.6,1,3,1,0,1.0
PDP,Ranking Keywords,Has striking-distance keywords in positions 21-50,https://www.chewy.com/pet-parents-pet-wipees-tear-stain-eye/dp/2110406,True,"Evaluate whether the page needs stronger content, intent coverage, or internal links.",1,"PET PARENTS Pet WiPees Dog & Cat Eye Wipes, 100 count - Chewy.com",65,"Buy Pet Parents Pet WiPees Dog & Cat Eye Wipes, 100 count at Chewy.com. FREE shipping and the BEST customer service!",116,best eye wipes for cats,"Pet Parents Pet WiPees Dog & Cat Eye Wipes, 100 count",1,pet-parents-pet-wipees-tear-stain-eye,True,True,False,False,True,True,True,False,47,322,3,,,,,,,6,6,13.0,3,0,1,2,1.0
PDP,Ranking Keywords,Has striking-distance keywords in positions 21-50,https://www.chewy.com/sungrow-activated-carbon-aquarium/dp/629110,True,"Evaluate whether the page needs stronger content, intent coverage, or internal links.",1,"SUNGROW Activated Carbon Aquarium Filter Media Bag for Betta Fish Tank Maintenance, 10 count - Chewy.com",104,"Buy SunGrow Activated Carbon Aquarium Filter Media Bag for Betta Fish Tank Maintenance, 10 count at Chewy.com. FREE shipping and the BEST customer service!",155,betta fish tank filter media,"SunGrow Activated Carbon Aquarium Filter Media Bag for Betta Fish Tank Maintenance, 10 count",1,sungrow-activated-carbon-aquarium,True,True,False,False,True,True,True,True,84,319,2,,,,,,,2,2,31.0,0,0,1,1,1.0
PDP,Ranking Keywords,Has striking-distance keywords in positions 21-50,https://www.chewy.com/sentry-good-behavior-calming-ointment/dp/182543,True,"Evaluate whether the page needs stronger content, intent coverage, or internal links.",1,SENTRY Good Behavior Calming Ointment for Dogs - Chewy.com,58,Buy Sentry Good Behavior Calming Ointment for Dogs at Chewy.com. FREE shipping and the BEST customer service!,109,calming ointment dogs,Sentry Good Behavior Calming Ointment for Dogs,1,sentry-good-behavior-calming-ointment,True,True,False,False,True,True,True,True,28,310,3,,,,,,,2,2,15.5,1,0,1,0,2.0
PDP,Ranking Keywords,Has striking-distance keywords in positions 21-50,https://www.chewy.com/quick-tag-disney-minnie-mouse/dp/256895,True,"Evaluate whether the page needs stronger content, intent coverage, or internal links.",1,"QUICK-TAG Disney Minnie Mouse Personalized Dog & Cat ID Tag, Large, - Chewy.com",79,"Buy Quick-Tag Disney Minnie Mouse Personalized Dog & Cat ID Tag, Large, at Chewy.com. FREE shipping and the BEST customer service!",130,disney dog tags,"Quick-Tag Disney Minnie Mouse Personalized Dog & Cat ID Tag, Large,",1,quick-tag-disney-minnie-mouse,True,True,False,False,True,True,True,True,51,317,4,,,,,,,2,2,26.0,0,0,1,1,1.0
PDP,Ranking Keywords,Has striking-distance keywords in positions 21-50,https://www.chewy.com/seresto-flea-tick-collar-dogs-over-18/dp/46498,True,"Evaluate whether the page needs stronger content, intent coverage, or internal links.",1,Seresto 8 Month Flea & Tick Collar for Large Dogs & Puppies at Low Prices - Free Shipping at Chewy.com,102,Shop Chewy for the Seresto 8 Month Flea & Tick Collar and get Free Shipping! The flea collar offers a breakthrough in tick and flea control for your precious pup as this veterinarian-recommended treatment is specifically formulated to repel and kill fleas and ticks that works for up to 8 months. Buy Seresto 8 Month Flea & Tick Collar for Large Dogs & Puppies - from 7 weeks and older.,386,seresto collar reviews,"Seresto Flea & Tick Collar for Dogs, over 18-lbs, 1 Collar (8-mos. supply)",1,seresto-flea-tick-collar-dogs-over,True,True,False,False,True,True,True,True,140,322,2,good,2254.0,good,0.06,,,8,8,9.29,5,1,1,1,80.0
PDP,Ranking Keywords,Has striking-distance keywords in positions 21-50,https://www.chewy.com/royal-canin-veterinary-diet-adult/dp/33955,False,"Evaluate whether the page needs stronger content, intent coverage, or internal links.",2,,,,,royal canin veterinary diet kidney and liver support for dogs,,,,,,,,,,,,,,,,,,,,,2,2,26.0,0,0,2,0,
PDP,Ranking Keywords,Has striking-distance keywords in positions 21-50,https://www.chewy.com/capstar-flea-oral-treatment-dogs-2-25/dp/181618,True,"Evaluate whether the page needs stronger content, intent coverage, or internal links.",1,"Capstar Flea Tablets for Dogs, 2-25 lbs (Free Shipping) | Chewy",63,"Capstar is a tablet so there's no odor or messy application on your pet or in your home. It is safe for puppies and kittens four weeks and older, weighing at least two pounds. It is designed to be safe for your pets until the active flea problem on your pet is cured. Buy Capstar Flea Tablets for Dogs & Cats at Chewy.com. *FREE* shipping on orders $49+ and the BEST customer service!",384,capstar for dogs reviews,"Capstar Flea Oral Treatment for Dogs, 2-25 lbs, 6 Tablets",1,capstar-flea-oral-treatment-dogs-2,False,False,False,False,True,True,True,True,1,322,5,,,,,,,2,2,24.0,0,0,1,1,
PDP,Ranking Keywords,Has striking-distance keywords in positions 21-50,https://www.chewy.com/furlife-flea-tick-pendant-dogs-148-g/dp/4091158,True,"Evaluate whether the page needs stronger content, intent coverage, or internal links.",1,"FURLIFE Flea & Tick Pendant for Dogs, Green - Chewy.com",55,"Buy FurLife Flea & Tick Pendant for Dogs, Green at Chewy.com. FREE shipping and the BEST customer service!",106,fur life flea and tick reviews,"FurLife Flea & Tick Pendant for Dogs, Green",1,furlife-flea-tick-pendant-dogs-148-g,True,True,False,False,True,True,True,True,5,328,3,,,,,,,1,1,23.0,0,0,1,0,10.0
PDP,Ranking Keywords,Has striking-distance keywords in positions 21-50,https://www.chewy.com/ultracruz-hydrogen-peroxide-horse/dp/237816,True,"Evaluate whether the page needs stronger content, intent coverage, or internal links.",1,"ULTRACRUZ Hydrogen Peroxide Horse Supplement, 1-gal bottle - Chewy.com",70,"Buy UltraCruz Hydrogen Peroxide Horse Supplement, 1-gal bottle at Chewy.com. FREE shipping and the BEST customer service!",121,ultracruz horse wound care,"UltraCruz Hydrogen Peroxide Horse Supplement, 1-gal bottle",1,ultracruz-hydrogen-peroxide-horse,True,True,False,False,True,True,True,True,39,331,3,,,,,,,1,1,21.0,0,0,1,0,1.0
PDP,Ranking Keywords,Has striking-distance keywords in positions 21-50,https://www.chewy.com/nandi-kalahari-lamb-freeze-dried-dog/dp/289996,False,"Evaluate whether the page needs stronger content, intent coverage, or internal links.",1,,,,,nandi dog treats,,,,,,,,,,,,,,,,,,,,,1,1,25.0,0,0,1,0,
PDP,Ranking Keywords,Has striking-distance keywords in positions 21-50,https://www.chewy.com/chewy-louie-12-bully-stick-dog-treat/dp/200634,True,"Evaluate whether the page needs stronger content, intent coverage, or internal links.",1,"CHEWY LOUIE 12"" Bully Stick Dog Treat, 1 count - Chewy.com",58,"Buy Chewy Louie 12"" Bully Stick Dog Treat, 1 count at Chewy.com. FREE shipping and the BEST customer service!",109,chewy louie dog treats,"Chewy Louie 12"" Bully Stick Dog Treat, 1 count",1,chewy-louie-12-bully-stick-dog-treat,True,True,False,False,True,True,True,True,12,317,4,,,,,,,1,1,22.0,0,0,1,0,1.0
PDP,Ranking Keywords,Has striking-distance keywords in positions 21-50,https://www.chewy.com/aivituvin-rabbit-hutch-chicken-coop/dp/334498,True,"Evaluate whether the page needs stronger content, intent coverage, or internal links.",1,"AIVITUVIN Rabbit Hutch & Chicken Coop, 39.4-in - Chewy.com",58,"Buy Aivituvin Rabbit Hutch & Chicken Coop, 39.4-in at Chewy.com. FREE shipping and the BEST customer service!",109,aivituvin chicken coop reviews,"Aivituvin Rabbit Hutch & Chicken Coop, 39.4-in",1,aivituvin-rabbit-hutch-chicken-coop,True,True,False,False,True,True,True,True,51,319,3,,,,,,,2,2,15.5,1,0,1,0,1.0
PDP,Ranking Keywords,Has striking-distance keywords in positions 21-50,https://www.chewy.com/amitriptyline-hcl-compounded-capsule/dp/1062118,True,"Evaluate whether the page needs stronger content, intent coverage, or internal links.",1,"AMITRIPTYLINE HCL COMPOUNDED Capsule, 7 mg, 60 capsules for Veterinary use - Easy Refills | Chewy Rx",100,"Amitriptyline HCl is a tricyclic antidepressant that may be prescribed for behavior disorders, generalized anxiety, separation anxiety, or itching and pain caused by nerve injury. Amitriptyline HCl Compounded capsule is a white elongated capsule made specifically for your pet. **Please note your capsules may be either blue-white or all white.",344,amitriptyline hcl compounded,"Amitriptyline HCl Compounded Capsule, 7 mg, 60 capsules for Veterinary use",1,amitriptyline-hcl-compounded-capsule,True,False,False,False,True,True,True,True,6,324,4,,,,,,,1,1,28.0,0,0,1,0,1.0
PDP,Ranking Keywords,Has striking-distance keywords in positions 21-50,https://www.chewy.com/focus-by-source-inc-wt-weight-gain/dp/241972,True,"Evaluate whether the page needs stronger content, intent coverage, or internal links.",1,"FOCUS BY SOURCE INC. WT Weight Gain Powder Horse Supplement, 25-lb tub - Chewy.com",82,"Buy Focus by Source Inc. WT Weight Gain Powder Horse Supplement, 25-lb tub at Chewy.com. FREE shipping and the BEST customer service!",133,focus by source inc.,"Focus by Source Inc. WT Weight Gain Powder Horse Supplement, 25-lb tub",1,focus-by-source-inc-wt-weight-gain,True,True,False,False,True,True,True,True,11,330,4,,,,,,,1,1,21.0,0,0,1,0,1.0
PDP,Ranking Keywords,Has striking-distance keywords in positions 21-50,https://www.chewy.com/stabul-1-equine-diets-peppermint-low/dp/227248,True,"Evaluate whether the page needs stronger content, intent coverage, or internal links.",1,"Out of Stock - STABUL 1 Equine Diets Peppermint Low Sugar, Low Starch Horse Feed, 40-lb bag - Chewy.com",103,"Buy Stabul 1 Equine Diets Peppermint Low Sugar, Low Starch Horse Feed, 40-lb bag at Chewy.com. FREE shipping and the BEST customer service!",139,stabul,"Stabul 1 Equine Diets Peppermint Low Sugar, Low Starch Horse Feed, 40-lb bag",1,stabul-1-equine-diets-peppermint-low,True,True,False,False,True,True,True,True,39,316,3,,,,,,,2,2,21.0,0,0,1,1,1.0
PDP,Ranking Keywords,Has striking-distance keywords in positions 21-50,https://www.chewy.com/stabul-1-equine-diets-banana-low/dp/227250,True,"Evaluate whether the page needs stronger content, intent coverage, or internal links.",1,"STABUL 1 Equine Diets Banana Low Sugar, Low Starch Horse Feed, 40-lb bag - Chewy.com",84,"Buy Stabul 1 Equine Diets Banana Low Sugar, Low Starch Horse Feed, 40-lb bag at Chewy.com. FREE shipping and the BEST customer service!",135,stabul,"Stabul 1 Equine Diets Banana Low Sugar, Low Starch Horse Feed, 40-lb bag",1,stabul-1-equine-diets-banana-low,True,True,False,False,True,True,True,True,137,325,3,,,,,,,1,1,26.0,0,0,1,0,1.0
PDP,Ranking Keywords,Has striking-distance keywords in positions 21-50,https://www.chewy.com/chewy-x-large-premium-dog-training/dp/1940374,True,"Evaluate whether the page needs stronger content, intent coverage, or internal links.",1,"CHEWY MADE X-Large Premium Dog Training & Potty Pads (FORMERLY FRISCO), 28 x 34-in, Unscented, 150 count - Chewy.com",116,"Buy Chewy Made X-Large Premium Dog Training & Potty Pads (FORMERLY FRISCO), 28 x 34-in, Unscented, 150 count at Chewy.com. FREE shipping and the BEST customer service!",167,frisco potty for dogs,"Chewy Made X-Large Premium Dog Training & Potty Pads (FORMERLY FRISCO), 28 x 34-in, Unscented, 150 count",1,chewy-x-large-premium-dog-training,True,True,False,False,True,True,True,True,77,325,2,,,,,,,1,1,23.0,0,0,1,0,2.0
PDP,Ranking Keywords,Has striking-distance keywords in positions 21-50,https://www.chewy.com/frisco-indoor-dog-grass-potty/dp/862702,False,"Evaluate whether the page needs stronger content, intent coverage, or internal links.",1,,,,,frisco potty for dogs,,,,,,,,,,,,,,,,,,,,,1,1,27.0,0,0,1,0,
PDP,Ranking Keywords,Has striking-distance keywords in positions 21-50,https://www.chewy.com/vitakraft-menu-premium-vitamin/dp/280009,True,"Evaluate whether the page needs stronger content, intent coverage, or internal links.",1,"Out of Stock - VITAKRAFT Menu Care Complex Canary & Finch Food, 2.5-lb bag, bundle of 2 - Chewy.com",99,"Buy Vitakraft Menu Care Complex Canary & Finch Food, 2.5-lb bag, bundle of 2 at Chewy.com. FREE shipping and the BEST customer service!",135,vitakraft menu care,"Vitakraft Menu Care Complex Canary & Finch Food, 2.5-lb bag, bundle of 2",1,vitakraft-menu-premium-vitamin,True,False,False,False,True,True,True,True,1,309,4,,,,,,,1,1,24.0,0,0,1,0,1.0
PDP,Ranking Keywords,Has striking-distance keywords in positions 21-50,https://www.chewy.com/american-journey-100-chicken-freeze/dp/250965,False,"Evaluate whether the page needs stronger content, intent coverage, or internal links.",1,,,,,american journey grain free dry cat,,,,,,,,,,,,,,,,,,,,,1,1,22.0,0,0,1,0,
PDP,Ranking Keywords,Has striking-distance keywords in positions 21-50,https://www.chewy.com/pets-first-nba-new-york-knicks-tie/dp/4038462,True,"Evaluate whether the page needs stronger content, intent coverage, or internal links.",1,"Out of Stock - PETS FIRST NBA New York Knicks Tie Around Dog Bandana, Large/X-Large - Chewy.com",95,"Buy Pets First NBA New York Knicks Tie Around Dog Bandana, Large/X-Large at Chewy.com. FREE shipping and the BEST customer service!",131,boston celtics dog bandanas scarves,"Pets First NBA New York Knicks Tie Around Dog Bandana, Large/X-Large",1,pets-first-nba-new-york-knicks-tie,True,True,False,False,True,True,True,False,6,318,10,,,,,,,1,1,25.0,0,0,1,0,1.0
PDP,Ranking Keywords,Has striking-distance keywords in positions 21-50,https://www.chewy.com/hartz-ultraguard-plus-flea-tick-spray/dp/172613,True,"Evaluate whether the page needs stronger content, intent coverage, or internal links.",1,"HARTZ UltraGuard Plus Flea & Tick Spray for Cats, 8-fl oz bottle - Chewy.com",76,"Buy Hartz UltraGuard Plus Flea & Tick Spray for Cats, 8-fl oz bottle at Chewy.com. FREE shipping and the BEST customer service!",127,hartz for cats,"Hartz UltraGuard Plus Flea & Tick Spray for Cats, 8-fl oz bottle",1,hartz-ultraguard-plus-flea-tick-spray,True,True,False,False,True,True,True,True,27,318,3,,,,,,,4,3,12.0,1,0,1,2,2.0
PDP,Ranking Keywords,Has striking-distance keywords in positions 21-50,https://www.chewy.com/ferplast-two-story-tower-ferret-cage/dp/239642,True,"Evaluate whether the page needs stronger content, intent coverage, or internal links.",1,FERPLAST Two-Story Tower Ferret Cage - Chewy.com,48,Buy Ferplast Two-Story Tower Ferret Cage at Chewy.com. FREE shipping and the BEST customer service!,99,best cage for 2 ferrets,Ferplast Two-Story Tower Ferret Cage,1,ferplast-two-story-tower-ferret-cage,True,True,False,False,True,True,True,True,38,318,3,,,,,,,1,1,28.0,0,0,1,0,1.0
PDP,Ranking Keywords,Has striking-distance keywords in positions 21-50,https://www.chewy.com/frontline-plus-flea-tick-spot/dp/34715,True,"Evaluate whether the page needs stronger content, intent coverage, or internal links.",3,"FRONTLINE PLUS Flea & Tick Spot Treatment for Large Dogs, 45-88 lbs, 6 Doses (6-mos. supply) - Chewy.com",104,"Buy Frontline Plus Flea & Tick Spot Treatment for Large Dogs, 45-88 lbs, 6 Doses (6-mos. supply) at Chewy.com. FREE shipping and the BEST customer service!",155,frontline for dogs,"Frontline Plus Flea & Tick Spot Treatment for Large Dogs, 45-88 lbs, 6 Doses (6-mos. supply)",1,frontline-plus-flea-tick-spot,True,True,False,False,True,True,True,True,83,334,2,good,2307.0,good,0.055,,,3,3,23.0,0,0,3,0,8.0
PDP,Ranking Keywords,Has striking-distance keywords in positions 21-50,https://www.chewy.com/halls-hay-alfalfa-double-wide-mini/dp/3185614,True,"Evaluate whether the page needs stronger content, intent coverage, or internal links.",1,"HALL'S HAY Alfalfa Double Wide Mini Bale Small Animal Food, 12-lb box - Chewy.com",81,"Buy Hall's Hay Alfalfa Double Wide Mini Bale Small Animal Food, 12-lb box at Chewy.com. FREE shipping and the BEST customer service!",132,hall's hay,"Hall's Hay Alfalfa Double Wide Mini Bale Small Animal Food, 12-lb box",1,halls-hay-alfalfa-double-wide-mini,True,True,False,False,True,True,True,False,44,317,4,,,,,,,1,1,24.0,0,0,1,0,1.0
PDP,Ranking Keywords,Has striking-distance keywords in positions 21-50,https://www.chewy.com/trilostane-compounded-oral-oil-liquid/dp/362098,True,"Evaluate whether the page needs stronger content, intent coverage, or internal links.",1,"TRILOSTANE COMPOUNDED Chicken Oral Oil Suspension, 60 mg/mL, 30 mL for Veterinary use - Easy Refills | Chewy Rx",111,Trilostane Compounded oral liquid is an oil-based preparation. Trilostane is an adrenal steroid synthesis inhibitor that may be prescribed for hyperadrenocorticism (Cushing's Disease) or other adrenal imbalances. Trilostane Compounded oral liquid is made specifically for your pet.,281,trilostane compounded,"Trilostane Compounded Chicken Oral Oil Suspension, 60 mg/mL, 30 mL for Veterinary use",1,trilostane-compounded-oral-oil-liquid,True,True,False,False,True,True,True,True,22,343,5,,,,,,,1,1,25.0,0,0,1,0,1.0
PDP,Ranking Keywords,Has striking-distance keywords in positions 21-50,https://www.chewy.com/tops-parrot-food-organic-pellets-bird/dp/224840,True,"Evaluate whether the page needs stronger content, intent coverage, or internal links.",2,"TOP'S PARROT FOOD Organic Pellets Bird Food, 4-lb bag - Chewy.com",65,"Buy TOP's Parrot Food Organic Pellets Bird Food, 4-lb bag at Chewy.com. FREE shipping and the BEST customer service!",116,parrot food pellets,"TOP's Parrot Food Organic Pellets Bird Food, 4-lb bag",1,tops-parrot-food-organic-pellets-bird,True,True,False,False,True,True,True,True,98,330,3,,,,,,,6,6,17.33,1,3,2,0,7.0
PDP,Ranking Keywords,Has striking-distance keywords in positions 21-50,https://www.chewy.com/terbutaline-sulfate-compounded/dp/1056142,True,"Evaluate whether the page needs stronger content, intent coverage, or internal links.",1,"TERBUTALINE SULFATE COMPOUNDED Capsule, 0.625 mg, 120 capsules for Veterinary use - Easy Refills | Chewy Rx",107,"Terbutaline sulfate is a prescription drug used to improve breathing by relaxing and expanding airways (bronchodilate). It is used alongside other medications to treat lung disease such as asthma, chronic bronchitis, or tracheobronchitis in dogs and cats. It can also be used to help treat bradyarrythmias (irregularly slow heart rate) or hyperkalemia (high potassium in the blood).",382,terbutaline compounded,"Terbutaline Sulfate Compounded Capsule, 0.625 mg, 120 capsules for Veterinary use",1,terbutaline-sulfate-compounded,True,False,False,False,True,True,True,True,3,314,5,,,,,,,1,1,26.0,0,0,1,0,1.0
PDP,Ranking Keywords,Has striking-distance keywords in positions 21-50,https://www.chewy.com/blue-buffalo-natural-veterinary-diet/dp/822262,True,"Evaluate whether the page needs stronger content, intent coverage, or internal links.",1,"BLUE BUFFALO NATURAL VETERINARY DIET W+U Weight Management + Urinary Care Dry Dog Food, 6-lb bag - Chewy.com",108,"Buy Blue Buffalo Natural Veterinary Diet W+U Weight Management + Urinary Care Dry Dog Food, 6-lb bag at Chewy.com. FREE shipping and the BEST customer service!",159,blue buffalo natural veterinary diet w+u weight management + urinary care for cats,"Blue Buffalo Natural Veterinary Diet W+U Weight Management + Urinary Care Dry Dog Food, 6-lb bag",1,blue-buffalo-natural-veterinary-diet,True,True,False,False,True,True,True,True,8,326,4,,,,,,,2,2,24.0,0,0,1,1,1.0
PDP,Ranking Keywords,Has striking-distance keywords in positions 21-50,https://www.chewy.com/dentalife-daily-oral-care-large/dp/128037,True,"Evaluate whether the page needs stronger content, intent coverage, or internal links.",1,"DENTALIFE Daily Oral Care Chicken Flavor Large Adult Dental Dog Treats, 18 count pouch - Chewy.com",98,"Buy DentaLife Daily Oral Care Chicken Flavor Large Adult Dental Dog Treats, 18 count pouch at Chewy.com. FREE shipping and the BEST customer service!",149,dentalife for dogs,"DentaLife Daily Oral Care Chicken Flavor Large Adult Dental Dog Treats, 18 count pouch",1,dentalife-daily-oral-care-large,True,True,False,False,True,True,True,True,80,335,2,needs,2607.0,good,0.05,,,2,2,17.0,1,0,1,0,2.0
PDP,Ranking Keywords,Has striking-distance keywords in positions 21-50,https://www.chewy.com/go-solutions-carnivore-grain-free/dp/189529,True,"Evaluate whether the page needs stronger content, intent coverage, or internal links.",1,"GO! SOLUTIONS Carnivore Grain-Free Chicken, Turkey + Duck Recipe Dry Cat Food, 8-lb bag - Chewy.com",99,"Buy Go! Solutions Carnivore Grain-Free Chicken, Turkey + Duck Recipe Dry Cat Food, 8-lb bag at Chewy.com. FREE shipping and the BEST customer service!",150,go! for cats,"Go! Solutions Carnivore Grain-Free Chicken, Turkey + Duck Recipe Dry Cat Food, 8-lb bag",1,go-solutions-carnivore-grain-free,True,True,False,False,True,True,True,True,23,330,4,,,,,,,1,1,27.0,0,0,1,0,1.0
PDP,Ranking Keywords,Has striking-distance keywords in positions 21-50,https://www.chewy.com/i-love-you-meow-digestion-support/dp/1889734,True,"Evaluate whether the page needs stronger content, intent coverage, or internal links.",1,"I AND LOVE AND YOU Meow Digestion Support Chicken Puree Recipe Lickable Cat Treat, 48 count - Chewy.com",103,"Buy I and Love and You Meow Digestion Support Chicken Puree Recipe Lickable Cat Treat, 48 count at Chewy.com. FREE shipping and the BEST customer service!",154,i and love and you feed meow for cats,"I and Love and You Meow Digestion Support Chicken Puree Recipe Lickable Cat Treat, 48 count",1,i-love-you-meow-digestion-support,True,True,False,False,True,True,True,False,28,327,4,,,,,,,1,1,22.0,0,0,1,0,1.0
PDP,Ranking Keywords,Has striking-distance keywords in positions 21-50,https://www.chewy.com/i-love-you-nude-food-poultry-plenty/dp/117016,True,"Evaluate whether the page needs stronger content, intent coverage, or internal links.",2,"I AND LOVE AND YOU Nude Food Poultry a Plenty Grain-Free Dry Cat Food, 5-lb bag - Chewy.com",91,"Buy I and Love and You Nude Food Poultry a Plenty Grain-Free Dry Cat Food, 5-lb bag at Chewy.com. FREE shipping and the BEST customer service!",142,i love you cat food,"I and Love and You Nude Food Poultry a Plenty Grain-Free Dry Cat Food, 5-lb bag",1,i-love-you-nude-food-poultry-plenty,True,True,False,False,True,True,True,True,75,329,3,,,,,,,5,4,18.0,1,2,2,0,1.0
PDP,Ranking Keywords,Has striking-distance keywords in positions 21-50,https://www.chewy.com/purina-beggin-strips-original-bacon/dp/371533,True,"Evaluate whether the page needs stronger content, intent coverage, or internal links.",2,"Purina Beggin' Strips Original with Bacon Flavored Dog Treats, 26-oz pouch, case of 2 - Chewy.com",97,"Buy Purina Beggin' Strips Original with Bacon Flavored Dog Treats, 26-oz pouch, case of 2 at Chewy.com. FREE shipping and the BEST customer service!",148,beggin dog treats,"Purina Beggin' Strips Original with Bacon Flavored Dog Treats, 26-oz pouch, case of 2",1,purina-beggin-strips-original-bacon,True,True,False,False,True,True,True,True,82,328,3,needs,2524.0,needs,0.19,,,3,3,18.67,1,0,2,0,2.0
PDP,Ranking Keywords,Has striking-distance keywords in positions 21-50,https://www.chewy.com/surefeed-feeder-connect-microchip/dp/228600,True,"Evaluate whether the page needs stronger content, intent coverage, or internal links.",1,SUREFEED Feeder Connect Microchip Automatic Dog & Cat Feeder - Chewy.com,72,Buy SureFeed Feeder Connect Microchip Automatic Dog & Cat Feeder at Chewy.com. FREE shipping and the BEST customer service!,123,surefeed,SureFeed Feeder Connect Microchip Automatic Dog & Cat Feeder,1,surefeed-feeder-connect-microchip,True,True,False,False,True,True,True,True,44,321,3,good,1985.0,good,0.035,,,1,1,27.0,0,0,1,0,7.0
PDP,Ranking Keywords,Has striking-distance keywords in positions 21-50,https://www.chewy.com/versele-laga-classic-pigeon-food/dp/259124,True,"Evaluate whether the page needs stronger content, intent coverage, or internal links.",1,"VERSELE-LAGA Classic Racing Pigeon Food, 50-lb bag - Chewy.com",62,"Buy Versele-Laga Classic Racing Pigeon Food, 50-lb bag at Chewy.com. FREE shipping and the BEST customer service!",113,versele-laga for pigeons,"Versele-Laga Classic Racing Pigeon Food, 50-lb bag",1,versele-laga-classic-pigeon-food,True,True,False,False,True,True,True,True,30,328,3,,,,,,,3,3,10.67,2,0,1,0,1.0
PDP,Ranking Keywords,Has striking-distance keywords in positions 21-50,https://www.chewy.com/embark-breed-identification-health/dp/4121710,True,"Evaluate whether the page needs stronger content, intent coverage, or internal links.",1,"EMBARK Breed & Health Dog DNA Test Kit, 2 count bundle - Chewy.com",66,"Buy Embark Breed & Health Dog DNA Test Kit, 2 count bundle at Chewy.com. FREE shipping and the BEST customer service!",117,dog dna test deals,"Embark Breed & Health Dog DNA Test Kit, 2 count bundle",1,embark-breed-identification-health,True,False,False,False,True,True,True,True,3,322,3,,,,,,,1,1,26.0,0,0,1,0,10.0
PDP,Ranking Keywords,Has striking-distance keywords in positions 21-50,https://www.chewy.com/nextstar-fast-acting-cat-flea-tick/dp/758118,True,"Evaluate whether the page needs stronger content, intent coverage, or internal links.",1,"NEXTSTAR Fast Acting Cat Flea & Tick Treatment, 6 doses - Chewy.com",67,"Buy NextStar Fast Acting Cat Flea & Tick Treatment, 6 doses at Chewy.com. FREE shipping and the BEST customer service!",118,nextstar for cats reviews,"NextStar Fast Acting Cat Flea & Tick Treatment, 6 doses",1,nextstar-fast-acting-cat-flea-tick,True,False,False,False,True,True,True,True,3,330,4,,,,,,,2,1,19.0,0,1,1,0,3.0
PDP,Ranking Keywords,Has striking-distance keywords in positions 21-50,https://www.chewy.com/full-moon-organic-chicken-jerky-human/dp/176570,True,"Evaluate whether the page needs stronger content, intent coverage, or internal links.",1,"FULL MOON Organic Chicken Jerky Human-Grade Dog Treats, 32-oz bag - Chewy.com",77,"Buy Full Moon Organic Chicken Jerky Human-Grade Dog Treats, 32-oz bag at Chewy.com. FREE shipping and the BEST customer service!",128,full moon jerky dog treats,"Full Moon Organic Chicken Jerky Human-Grade Dog Treats, 32-oz bag",1,full-moon-organic-chicken-jerky-human,True,True,False,False,True,True,True,True,32,328,3,,,,,,,1,1,27.0,0,0,1,0,1.0
PDP,Ranking Keywords,Has striking-distance keywords in positions 21-50,https://www.chewy.com/lennox-roasted-pork-bone-dog-treat-6/dp/268151,True,"Evaluate whether the page needs stronger content, intent coverage, or internal links.",1,"LENNOX Roasted Pork Bone Dog Treat, 6-in - Chewy.com",52,"Buy Lennox Roasted Pork Bone Dog Treat, 6-in at Chewy.com. FREE shipping and the BEST customer service!",103,lennox dog bones,"Lennox Roasted Pork Bone Dog Treat, 6-in",1,lennox-roasted-pork-bone-dog-treat,True,True,False,False,True,True,True,True,92,327,3,,,,,,,1,1,27.0,0,0,1,0,1.0
PDP,Ranking Keywords,Has striking-distance keywords in positions 21-50,https://www.chewy.com/all-four-paws-comfy-cone-e-collar/dp/134221,True,"Evaluate whether the page needs stronger content, intent coverage, or internal links.",1,"ALL FOUR PAWS Comfy Cone E-Collar for Dogs & Cats, Black, Large - Chewy.com",75,"Buy All Four Paws Comfy Cone E-Collar for Dogs & Cats, Black, Large at Chewy.com. FREE shipping and the BEST customer service!",126,all four paws dog recovery cones,"All Four Paws Comfy Cone E-Collar for Dogs & Cats, Black, Large",1,all-four-paws-comfy-cone-e-collar,True,True,False,False,True,True,True,True,43,337,4,,,,,,,1,1,21.0,0,0,1,0,5.0
PDP,Ranking Keywords,Has striking-distance keywords in positions 21-50,https://www.chewy.com/all-four-paws-comfy-cone-e-collar/dp/134223,True,"Evaluate whether the page needs stronger content, intent coverage, or internal links.",1,"ALL FOUR PAWS Comfy Cone E-Collar for Dogs & Cats, Black, XX-Large - Chewy.com",78,"Buy All Four Paws Comfy Cone E-Collar for Dogs & Cats, Black, XX-Large at Chewy.com. FREE shipping and the BEST customer service!",129,all four paws dog recovery cones,"All Four Paws Comfy Cone E-Collar for Dogs & Cats, Black, XX-Large",1,all-four-paws-comfy-cone-e-collar,True,True,False,False,True,True,True,True,12,337,4,,,,,,,1,1,31.0,0,0,1,0,1.0
PDP,Ranking Keywords,Has striking-distance keywords in positions 21-50,https://www.chewy.com/baskerville-ultra-dog-adjustable/dp/117372,True,"Evaluate whether the page needs stronger content, intent coverage, or internal links.",1,"BASKERVILLE Ultra Dog Adjustable Basket Muzzle, Black, Size 3 - Chewy.com",73,"Buy Baskerville Ultra Dog Adjustable Basket Muzzle, Black, Size 3 at Chewy.com. FREE shipping and the BEST customer service!",124,black dog muzzles,"Baskerville Ultra Dog Adjustable Basket Muzzle, Black, Size 3",1,baskerville-ultra-dog-adjustable,True,True,False,False,True,True,True,True,83,330,4,,,,,,,1,1,25.0,0,0,1,0,1.0
PDP,Ranking Keywords,Has striking-distance keywords in positions 21-50,https://www.chewy.com/acepromazine-maleate-compounded/dp/1055846,True,"Evaluate whether the page needs stronger content, intent coverage, or internal links.",1,"ACEPROMAZINE MALEATE COMPOUNDED Capsule, 100 mg, 30 capsules for Veterinary use - Easy Refills | Chewy Rx",105,"Acepromazine Maleate is a prescription medication primarily used as a tranquilizer, sedative, or pre-anesthetic. It can also be used to prevent vomiting from motion sickness or to alleviate itching from skin irritation. Acepromazine maleate has been used as an adjunctive treatment of laminitis in horses.",305,acepromazine maleate compounded,"Acepromazine Maleate Compounded Capsule, 100 mg, 30 capsules for Veterinary use",1,acepromazine-maleate-compounded,True,False,False,False,True,True,True,True,5,312,5,,,,,,,1,1,24.0,0,0,1,0,1.0
PDP,Ranking Keywords,Has striking-distance keywords in positions 21-50,https://www.chewy.com/crypto-aero-plus-comprehensive-powder/dp/143747,True,"Evaluate whether the page needs stronger content, intent coverage, or internal links.",1,"CRYPTO AERO Plus Comprehensive Powder Horse Supplement, 5-lb bag - Chewy.com",76,"Buy Crypto Aero Plus Comprehensive Powder Horse Supplement, 5-lb bag at Chewy.com. FREE shipping and the BEST customer service!",127,crypto aero,"Crypto Aero Plus Comprehensive Powder Horse Supplement, 5-lb bag",1,crypto-aero-plus-comprehensive-powder,True,True,False,False,True,True,True,True,49,324,4,,,,,,,1,1,25.0,0,0,1,0,
PDP,Ranking Keywords,Has striking-distance keywords in positions 21-50,https://www.chewy.com/grrreen-rope-whale-squeaky-dog-plush/dp/1288302,True,"Evaluate whether the page needs stronger content, intent coverage, or internal links.",1,"GRRREEN Rope Whale Squeaky Plush Dog Toy, Medium - Chewy.com",60,"Buy Grrreen Rope Whale Squeaky Plush Dog Toy, Medium at Chewy.com. FREE shipping and the BEST customer service!",111,grrreen,"Grrreen Rope Whale Squeaky Plush Dog Toy, Medium",1,grrreen-rope-whale-squeaky-dog-plush,True,True,False,False,True,True,True,False,4,323,4,,,,,,,1,1,25.0,0,0,1,0,1.0
PDP,Ranking Keywords,Has striking-distance keywords in positions 21-50,https://www.chewy.com/theophylline-compounded-chicken/dp/801814,True,"Evaluate whether the page needs stronger content, intent coverage, or internal links.",1,"THEOPHYLLINE COMPOUNDED Chicken Bisect Tablet, 25 mg, 1 tablet for Veterinary use - Easy Refills | Chewy Rx",107,"Theophylline is a bronchodilator that may be prescribed for asthma, coughing, and signs associated with elevated pressure in the lungs. Theophylline Compounded tablet is a white, convex tablet with brown speckles made specifically for your pet.",244,theophylline compounded,"Theophylline Compounded Chicken Bisect Tablet, 25 mg, 1 tablet for Veterinary use",1,theophylline-compounded-chicken,True,True,False,False,True,True,True,True,76,324,4,,,,,,,2,1,14.0,1,0,1,0,1.0
PDP,Ranking Keywords,Has striking-distance keywords in positions 21-50,https://www.chewy.com/theophylline-compounded-capsule-dogs/dp/374486,True,"Evaluate whether the page needs stronger content, intent coverage, or internal links.",1,"THEOPHYLLINE COMPOUNDED Capsule, 500 mg, 1 capsule for Veterinary use - Easy Refills | Chewy Rx",95,"Theophylline is a bronchodilator that may be prescribed for asthma, coughing, and signs associated with elevated pressure in the lungs. Theophylline Compounded capsule is a blue and white elongated capsule made specifically for your pet.",237,theophylline compounded,"Theophylline Compounded Capsule, 500 mg, 1 capsule for Veterinary use",1,theophylline-compounded-capsule-dogs,True,True,False,False,True,True,True,True,11,330,5,,,,,,,1,1,28.0,0,0,1,0,2.0
PDP,Ranking Keywords,Has striking-distance keywords in positions 21-50,https://www.chewy.com/bff-play-pate-lovers-chicken-beef/dp/218924,True,"Evaluate whether the page needs stronger content, intent coverage, or internal links.",1,"BFF Play Pate Lovers Chicken & Beef Best Buds Wet Cat Food, 2.8-oz can, pack of 12 - Chewy.com",94,"Buy BFF Play Pate Lovers Chicken & Beef Best Buds Wet Cat Food, 2.8-oz can, pack of 12 at Chewy.com. FREE shipping and the BEST customer service!",145,bff play pate lovers for cats,"BFF Play Pate Lovers Chicken & Beef Best Buds Wet Cat Food, 2.8-oz can, pack of 12",1,bff-play-pate-lovers-chicken-beef,True,True,False,False,True,True,True,True,81,338,4,,,,,,,2,1,22.0,0,1,1,0,1.0
PDP,Ranking Keywords,Has striking-distance keywords in positions 21-50,https://www.chewy.com/pennington-earth-smart-recycled/dp/2292566,True,"Evaluate whether the page needs stronger content, intent coverage, or internal links.",1,"PENNINGTON Earth Smart Recycled EcoGazebo Bird Feeder, Red - Chewy.com",70,"Buy Pennington Earth Smart Recycled EcoGazebo Bird Feeder, Red at Chewy.com. FREE shipping and the BEST customer service!",121,bird feeders by pennington,"Pennington Earth Smart Recycled EcoGazebo Bird Feeder, Red",1,pennington-earth-smart-recycled,True,True,False,False,True,True,True,True,10,327,3,,,,,,,1,1,21.0,0,0,1,0,1.0
PDP,Ranking Keywords,Has striking-distance keywords in positions 21-50,https://www.chewy.com/browns-tropical-carnival-zoo-vital/dp/124990,True,"Evaluate whether the page needs stronger content, intent coverage, or internal links.",1,"BROWN'S Tropical Carnival with ZOO-Vital Biscuits Parakeet Food, 2-lb bag - Chewy.com",85,"Buy Brown's Tropical Carnival with ZOO-Vital Biscuits Parakeet Food, 2-lb bag at Chewy.com. FREE shipping and the BEST customer service!",136,brown's tropical carnival,"Brown's Tropical Carnival with ZOO-Vital Biscuits Parakeet Food, 2-lb bag",1,browns-tropical-carnival-zoo-vital,True,True,False,False,True,True,True,False,31,318,3,,,,,,,1,1,26.0,0,0,1,0,1.0
PDP,Ranking Keywords,Has striking-distance keywords in positions 21-50,https://www.chewy.com/jw-pet-activitoy-birdie-hall-mirrors/dp/129616,True,"Evaluate whether the page needs stronger content, intent coverage, or internal links.",1,"JW PET Activitoy Birdie Hall of Mirrors Toy, Small/Medium - Chewy.com",69,"Buy JW Pet Activitoy Birdie Hall of Mirrors Toy, Small/Medium at Chewy.com. FREE shipping and the BEST customer service!",120,bird mirrors,"JW Pet Activitoy Birdie Hall of Mirrors Toy, Small/Medium",1,jw-pet-activitoy-birdie-hall-mirrors,True,True,False,False,True,True,True,True,72,327,3,,,,,,,2,2,14.0,1,0,1,0,1.0
PDP,Ranking Keywords,Has striking-distance keywords in positions 21-50,https://www.chewy.com/chondro-flex-ii-chewable-tablet-joint/dp/202328,True,"Evaluate whether the page needs stronger content, intent coverage, or internal links.",1,"CHONDRO-FLEX II Chewable Tablet Joint Supplement for Dogs & Cats, 120 count - Chewy.com",87,"Buy Chondro-FLEX II Chewable Tablet Joint Supplement for Dogs & Cats, 120 count at Chewy.com. FREE shipping and the BEST customer service!",138,trp-chondro-flex,"Chondro-FLEX II Chewable Tablet Joint Supplement for Dogs & Cats, 120 count",1,chondro-flex-ii-chewable-tablet-joint,True,True,False,False,True,True,True,True,42,317,4,,,,,,,1,1,27.0,0,0,1,0,1.0
PDP,Ranking Keywords,Has striking-distance keywords in positions 21-50,https://www.chewy.com/pets-first-mls-team-dog-jersey/dp/1820702,True,"Evaluate whether the page needs stronger content, intent coverage, or internal links.",1,"PETS FIRST MLS Team Dog Jersey, Small, Austin FC - Chewy.com",60,"Buy Pets First MLS Team Dog Jersey, Small, Austin FC at Chewy.com. FREE shipping and the BEST customer service!",111,pets first dog jerseys team,"Pets First MLS Team Dog Jersey, Small, Austin FC",1,pets-first-mls-team-dog-jersey,True,True,False,False,True,True,True,False,13,324,5,,,,,,,1,1,25.0,0,0,1,0,
PDP,Ranking Keywords,Has striking-distance keywords in positions 21-50,https://www.chewy.com/pets-first-mls-team-dog-jersey/dp/1820918,True,"Evaluate whether the page needs stronger content, intent coverage, or internal links.",1,"PETS FIRST MLS Team Dog Jersey, Large, New York Red Bulls - Chewy.com",69,"Buy Pets First MLS Team Dog Jersey, Large, New York Red Bulls at Chewy.com. FREE shipping and the BEST customer service!",120,pets first dog jerseys team,"Pets First MLS Team Dog Jersey, Large, New York Red Bulls",1,pets-first-mls-team-dog-jersey,True,True,False,False,True,True,True,False,13,324,6,,,,,,,1,1,27.0,0,0,1,0,1.0
PDP,Ranking Keywords,Has striking-distance keywords in positions 21-50,https://www.chewy.com/pets-first-mls-team-dog-jersey/dp/1820830,True,"Evaluate whether the page needs stronger content, intent coverage, or internal links.",1,"PETS FIRST MLS Team Dog Jersey, Medium, Los Angeles FC - Chewy.com",66,"Buy Pets First MLS Team Dog Jersey, Medium, Los Angeles FC at Chewy.com. FREE shipping and the BEST customer service!",117,pets first dog jerseys team,"Pets First MLS Team Dog Jersey, Medium, Los Angeles FC",1,pets-first-mls-team-dog-jersey,True,True,False,False,True,True,True,False,13,324,5,,,,,,,1,1,28.0,0,0,1,0,
PDP,Ranking Keywords,Has striking-distance keywords in positions 21-50,https://www.chewy.com/snoozer-pet-products-luxury-cozy-cave/dp/149416,False,"Evaluate whether the page needs stronger content, intent coverage, or internal links.",1,,,,,snoozer pet products orthopedic dog,,,,,,,,,,,,,,,,,,,,,1,1,22.0,0,0,1,0,
PDP,Ranking Keywords,Has striking-distance keywords in positions 21-50,https://www.chewy.com/zodiac-flea-tick-shampoo-dogs-cats/dp/150216,True,"Evaluate whether the page needs stronger content, intent coverage, or internal links.",1,"ZODIAC Flea & Tick Shampoo for Dogs & Cats, 12-fl oz - Chewy.com",64,"Buy Zodiac Flea & Tick Shampoo for Dogs & Cats, 12-fl oz at Chewy.com. FREE shipping and the BEST customer service!",115,dog tick shampoo,"Zodiac Flea & Tick Shampoo for Dogs & Cats, 12-fl oz",1,zodiac-flea-tick-shampoo-dogs-cats,True,True,False,False,True,True,True,True,1,323,4,,,,,,,5,5,17.25,1,2,1,1,1.0
PDP,Ranking Keywords,Has striking-distance keywords in positions 21-50,https://www.chewy.com/pooch-cake-banana-cake-mix-frosting/dp/160369,True,"Evaluate whether the page needs stronger content, intent coverage, or internal links.",1,"POOCH CAKE Banana Cake Mix & Frosting Dog Birthday Cake, 9-oz box - Chewy.com",77,"Buy Pooch Cake Banana Cake Mix & Frosting Dog Birthday Cake, 9-oz box at Chewy.com. FREE shipping and the BEST customer service!",128,pooch cake and pooch creamery,"Pooch Cake Banana Cake Mix & Frosting Dog Birthday Cake, 9-oz box",1,pooch-cake-banana-cake-mix-frosting,True,True,False,False,True,True,True,True,45,325,4,,,,,,,1,1,25.0,0,0,1,0,1.0
PDP,Ranking Keywords,Has striking-distance keywords in positions 21-50,https://www.chewy.com/reveal-natural-grain-free-variety/dp/637878,True,"Evaluate whether the page needs stronger content, intent coverage, or internal links.",1,"REVEAL Natural Grain-Free Variety of Chicken in Broth Flavored Wet Cat Food, 2.47-oz can, case of 12 - Chewy.com",112,"Buy Reveal Natural Grain-Free Variety of Chicken in Broth Flavored Wet Cat Food, 2.47-oz can, case of 12 at Chewy.com. FREE shipping and the BEST customer service!",163,reveal cat food,"Reveal Natural Grain-Free Variety of Chicken in Broth Flavored Wet Cat Food, 2.47-oz can, case of 12",1,reveal-natural-grain-free-variety,True,True,False,False,True,True,True,True,98,327,3,,,,,,,5,4,15.2,1,3,1,0,1.0
PDP,Ranking Keywords,Has striking-distance keywords in positions 21-50,https://www.chewy.com/cadet-chewalicious-chewy-n-crunchy/dp/1086958,True,"Evaluate whether the page needs stronger content, intent coverage, or internal links.",1,"CADET Chewalicious Chewy 'N Crunchy Braids Chicken Flavor Dog Chews, Small, 7 count - Chewy.com",95,"Buy Cadet Chewalicious Chewy 'N Crunchy Braids Chicken Flavor Dog Chews, Small, 7 count at Chewy.com. FREE shipping and the BEST customer service!",146,cadet natural dog chews,"Cadet Chewalicious Chewy 'N Crunchy Braids Chicken Flavor Dog Chews, Small, 7 count",1,cadet-chewalicious-chewy-n-crunchy,True,True,False,False,True,True,True,False,26,325,4,,,,,,,1,1,30.0,0,0,1,0,1.0
PDP,Ranking Keywords,Has striking-distance keywords in positions 21-50,https://www.chewy.com/fish-mate-pond-fish-feeder/dp/136182,True,"Evaluate whether the page needs stronger content, intent coverage, or internal links.",1,"FISH MATE Pond Fish Feeder, 30-cup - Chewy.com",46,"Buy Fish Mate Pond Fish Feeder, 30-cup at Chewy.com. FREE shipping and the BEST customer service!",97,fish mate pond supplies,"Fish Mate Pond Fish Feeder, 30-cup",1,fish-mate-pond-fish-feeder,True,True,False,False,True,True,True,True,0,313,4,,,,,,,1,1,26.0,0,0,1,0,1.0
PDP,Ranking Keywords,Has striking-distance keywords in positions 21-50,https://www.chewy.com/enrofloxacin-compounded-paste-horses/dp/944190,True,"Evaluate whether the page needs stronger content, intent coverage, or internal links.",1,"ENROFLOXACIN COMPOUNDED Apple Paste, 250 mg/mL, 60 mL for Veterinary use (dosed in 5mL increments) - Easy Refills | Chewy Rx",124,"Enrofloxacin is a fluoroquinolone antibiotic that may be prescribed for certain bacterial infections including: ear infections, respiratory infections, skin infections, and Urinary Tract Infections (UTI). Enrofloxacin Compounded Oral Paste comes in a convenient, flavored paste that is made specifically for your horse.",319,enrofloxacin compounded,"Enrofloxacin Compounded Apple Paste, 250 mg/mL, 60 mL for Veterinary use (dosed in 5mL increments)",1,enrofloxacin-compounded-paste-horses,True,True,False,False,True,True,True,True,1,309,4,,,,,,,1,1,26.0,0,0,1,0,1.0
PDP,Ranking Keywords,Has striking-distance keywords in positions 21-50,https://www.chewy.com/farriers-wife-belly-salve-horse-wound/dp/236073,True,"Evaluate whether the page needs stronger content, intent coverage, or internal links.",1,"FARRIER'S WIFE Belly Salve Horse Wound Care & Skin Care Ointment, 7-oz jar - Chewy.com",86,"Buy Farrier's Wife Belly Salve Horse Wound Care & Skin Care Ointment, 7-oz jar at Chewy.com. FREE shipping and the BEST customer service!",137,farrier's wife,"Farrier's Wife Belly Salve Horse Wound Care & Skin Care Ointment, 7-oz jar",1,farriers-wife-belly-salve-horse-wound,True,True,False,False,True,True,True,True,96,330,3,,,,,,,1,1,27.0,0,0,1,0,1.0
PDP,Ranking Keywords,Has striking-distance keywords in positions 21-50,https://www.chewy.com/fluconazole-compounded-oral-oil/dp/374612,True,"Evaluate whether the page needs stronger content, intent coverage, or internal links.",1,"FLUCONAZOLE COMPOUNDED Chicken Oral Oil Suspension, 25 mg/mL, 60 mL for Veterinary use - Easy Refills | Chewy Rx",112,"Fluconazole Compounded oral liquid is an oil-based preparation. Fluconazone is an antifungal medication that may be prescribed for certain fungal infections, ringworm, and skin infections. Fluconazole Compounded oral liquid is made specifically for your pet.",258,fluconazole compounded,"Fluconazole Compounded Chicken Oral Oil Suspension, 25 mg/mL, 60 mL for Veterinary use",1,fluconazole-compounded-oral-oil,True,True,False,False,True,True,True,True,13,324,5,,,,,,,1,1,30.0,0,0,1,0,1.0
PDP,Ranking Keywords,Has striking-distance keywords in positions 21-50,https://www.chewy.com/pet-adobe-steel-frame-elevated-dog/dp/371165,True,"Evaluate whether the page needs stronger content, intent coverage, or internal links.",1,"PET ADOBE Elevated Dog Bed, Green, Large - Chewy.com",52,"Buy Pet Adobe Elevated Dog Bed, Green, Large at Chewy.com. FREE shipping and the BEST customer service!",103,pet adobe,"Pet Adobe Elevated Dog Bed, Green, Large",1,pet-adobe-steel-frame-elevated-dog,True,True,False,False,True,True,True,True,5,327,4,,,,,,,1,1,28.0,0,0,1,0,1.0
PDP,Ranking Keywords,Has striking-distance keywords in positions 21-50,https://www.chewy.com/rawhide-express-chicken-flavored-roll/dp/227132,True,"Evaluate whether the page needs stronger content, intent coverage, or internal links.",1,"THE RAWHIDE EXPRESS Chicken Flavored Roll Dog Treat, 9-10-in - Chewy.com",72,"Buy The Rawhide Express Chicken Flavored Roll Dog Treat, 9-10-in at Chewy.com. FREE shipping and the BEST customer service!",123,the rawhide express,"The Rawhide Express Chicken Flavored Roll Dog Treat, 9-10-in",1,rawhide-express-chicken-flavored-roll,True,True,False,False,True,True,True,False,47,318,3,,,,,,,1,1,28.0,0,0,1,0,1.0
PDP,Ranking Keywords,Has striking-distance keywords in positions 21-50,https://www.chewy.com/zonisamide-compounded-oral-oil-liquid/dp/385653,True,"Evaluate whether the page needs stronger content, intent coverage, or internal links.",1,"ZONISAMIDE COMPOUNDED Tuna Oral Oil Suspension, 10 mg/mL, 90 mL for Veterinary use - Easy Refills | Chewy Rx",108,Zonisamide is an anticonvulsant used to treat epilepsy in pets. Zonisamide Compounded oral liquid is made specifically for your pet.,132,zonisamide compounded,"Zonisamide Compounded Tuna Oral Oil Suspension, 10 mg/mL, 90 mL for Veterinary use",1,zonisamide-compounded-oral-oil-liquid,True,True,False,False,True,True,True,True,15,333,7,,,,,,,1,1,29.0,0,0,1,0,1.0
PDP,Ranking Keywords,Has striking-distance keywords in positions 21-50,https://www.chewy.com/oxbow-enriched-life-hay-small-animal/dp/303718,False,"Evaluate whether the page needs stronger content, intent coverage, or internal links.",1,,,,,oxbow enriched life,,,,,,,,,,,,,,,,,,,,,1,1,23.0,0,0,1,0,
PDP,Ranking Keywords,Has striking-distance keywords in positions 21-50,https://www.chewy.com/vetriscience-max-veterinary-strength/dp/2007398,True,"Evaluate whether the page needs stronger content, intent coverage, or internal links.",1,"VETRISCIENCE Max Veterinary Strength Calm & Confident Thunderstorms Support Chicken Flavored Supplement Chews Calming & Anxiety Supplement for Dogs & Cats, 45 count - Chewy.com",176,"Buy VetriScience Max Veterinary Strength Calm & Confident Thunderstorms Support Chicken Flavored Supplement Chews Calming & Anxiety Supplement for Dogs & Cats, 45 count at Chewy.com. FREE shipping and the BEST customer service!",227,vetriscience dog anxiety brain health,"VetriScience Max Veterinary Strength Calm & Confident Thunderstorms Support Chicken Flavored Supplement Chews Calming & Anxiety Supplement for Dogs & Cats, 45 count",1,vetriscience-max-veterinary-strength,True,True,False,False,True,True,True,True,33,326,3,,,,,,,1,1,24.0,0,0,1,0,1.0
PDP,Ranking Keywords,Has striking-distance keywords in positions 21-50,https://www.chewy.com/vets-best-advanced-strength-flea-tick/dp/189909,True,"Evaluate whether the page needs stronger content, intent coverage, or internal links.",8,"VET'S BEST Advanced Flea & Tick Peppermint Shampoo for Dogs, 12-fl oz bottle - Chewy.com",88,"Buy Vet's Best Advanced Flea & Tick Peppermint Shampoo for Dogs, 12-fl oz bottle at Chewy.com. FREE shipping and the BEST customer service!",139,best flea shampoo for dogs,"Vet's Best Advanced Flea & Tick Peppermint Shampoo for Dogs, 12-fl oz bottle",1,vets-best-advanced-strength-flea-tick,True,True,False,False,True,True,True,True,30,332,2,,,,,,,25,25,18.17,3,7,8,7,24.0
PDP,Ranking Keywords,Has striking-distance keywords in positions 21-50,https://www.chewy.com/west-nile-innovator-ewt-vaccine/dp/1090582,True,"Evaluate whether the page needs stronger content, intent coverage, or internal links.",1,"WEST NILE INNOVATOR + EWT Vaccine for Horses, 10mL Vial - Chewy.com",67,"Buy West Nile Innovator + EWT Vaccine for Horses, 10mL Vial at Chewy.com. FREE shipping and the BEST customer service!",118,west nile vaccine for horses best price,"West Nile Innovator + EWT Vaccine for Horses, 10mL Vial",1,west-nile-innovator-ewt-vaccine,True,True,False,False,True,True,True,True,4,318,4,,,,,,,1,1,23.0,0,0,1,0,1.0
PDP,Ranking Keywords,Has striking-distance keywords in positions 21-50,https://www.chewy.com/cetirizine-hcl-compounded-powder/dp/756166,True,"Evaluate whether the page needs stronger content, intent coverage, or internal links.",1,"CETIRIZINE HCL COMPOUNDED Apple Powder, 100 mg/1.25CC scoop, for Veterinary use - Easy Refills | Chewy Rx",105,"Cetirizine is an antihistamine medication that is used to treat allergy-related and itching conditions in dogs, cats, and horses. Cetirizine HCl compounded powder is a white to off-white powder made specifically for your pet. Only use the scoop included in the jar to dose this medication.",289,zyrtec for horses,"Cetirizine HCl Compounded Apple Powder, 100 mg/1.25CC scoop, 100 scoops for Veterinary use",1,cetirizine-hcl-compounded-powder,True,True,False,False,True,True,True,True,4,321,3,,,,,,,1,1,28.0,0,0,1,0,7.0
PDP,Ranking Keywords,Has striking-distance keywords in positions 21-50,https://www.chewy.com/ca/le-salon-essentials-rubber-curry-dog/dp/1000043956,False,"Evaluate whether the page needs stronger content, intent coverage, or internal links.",1,,,,,curry dog brushes,,,,,,,,,,,,,,,,,,,,,1,1,27.0,0,0,1,0,
PDP,Ranking Keywords,Has striking-distance keywords in positions 21-50,https://www.chewy.com/fresh-step-multi-cat-extra-strength/dp/3714750,True,"Evaluate whether the page needs stronger content, intent coverage, or internal links.",1,"FRESH STEP Odor Shield Febreze Freshness Multi Cat Clumping Litter, 9.5-lb bag, 4 count - Chewy.com",99,"Buy Fresh Step Odor Shield Febreze Freshness Multi Cat Clumping Litter, 9.5-lb bag, 4 count at Chewy.com. FREE shipping and the BEST customer service!",150,fresh step cat litter,"Fresh Step Odor Shield Febreze Freshness Multi Cat Clumping Litter, 9.5-lb bag, 4 count",1,fresh-step-multi-cat-extra-strength,True,True,False,False,True,True,True,True,2,321,3,,,,,,,4,4,13.0,2,0,1,1,5.0
PDP,Ranking Keywords,Has striking-distance keywords in positions 21-50,https://www.chewy.com/mazuri-breeder-parrot-food/dp/248763,True,"Evaluate whether the page needs stronger content, intent coverage, or internal links.",3,"MAZURI Parrot Breeder Food, 25-lb Bag - Chewy.com",49,"Buy Mazuri Parrot Breeder Food, 25-lb Bag at Chewy.com. FREE shipping and the BEST customer service!",100,mazuri for birds,"Mazuri Parrot Breeder Food, 25-lb Bag",1,mazuri-breeder-parrot-food,True,True,False,False,True,True,True,True,0,329,4,,,,,,,4,4,23.25,0,1,3,0,1.0
PDP,Ranking Keywords,Has striking-distance keywords in positions 21-50,https://www.chewy.com/sitka-farms-5-6-in-cheek-roll-chicken/dp/763934,True,"Evaluate whether the page needs stronger content, intent coverage, or internal links.",1,"SITKA FARMS 5-6-in Cheek Roll Chicken Wrapped Dog Natural Chew Treat, 10 count - Chewy.com",90,"Buy Sitka Farms 5-6-in Cheek Roll Chicken Wrapped Dog Natural Chew Treat, 10 count at Chewy.com. FREE shipping and the BEST customer service!",141,sitka farms,"Sitka Farms 5-6-in Cheek Roll Chicken Wrapped Dog Natural Chew Treat, 10 count",1,sitka-farms-5-6-in-cheek-roll-chicken,True,True,False,False,True,True,True,False,41,317,4,,,,,,,1,1,27.0,0,0,1,0,1.0
PDP,Ranking Keywords,Has striking-distance keywords in positions 21-50,https://www.chewy.com/frisco-rustic-wild-bird-house/dp/357696,False,"Evaluate whether the page needs stronger content, intent coverage, or internal links.",1,,,,,frisco for birds,,,,,,,,,,,,,,,,,,,,,1,1,29.0,0,0,1,0,
PDP,Ranking Keywords,Has striking-distance keywords in positions 21-50,https://www.chewy.com/instinct-original-grain-free-recipe/dp/146243,False,"Evaluate whether the page needs stronger content, intent coverage, or internal links.",1,,,,,instinct original for dogs,,,,,,,,,,,,,,,,,,,,,1,1,24.0,0,0,1,0,
PDP,Ranking Keywords,Has striking-distance keywords in positions 21-50,https://www.chewy.com/miracle-salt-collective-himalayan/dp/691366,True,"Evaluate whether the page needs stronger content, intent coverage, or internal links.",1,"MIRACLE SALT COLLECTIVE Himalayan Pink Salt Critter Rocks, 4-oz bag - Chewy.com",79,"Buy Miracle Salt Collective Himalayan Pink Salt Critter Rocks, 4-oz bag at Chewy.com. FREE shipping and the BEST customer service!",130,miracle salt collective,"Miracle Salt Collective Himalayan Pink Salt Critter Rocks, 4-oz bag",1,miracle-salt-collective-himalayan,True,True,False,False,True,True,True,False,29,319,4,,,,,,,1,1,24.0,0,0,1,0,1.0
PDP,Ranking Keywords,Has striking-distance keywords in positions 21-50,https://www.chewy.com/chewy-paper-pellet-dog-litter/dp/3274462,True,"Evaluate whether the page needs stronger content, intent coverage, or internal links.",1,"CHEWY MADE Unscented Non-Clumping Recycled Paper Dog Litter (FORMERLY FRISCO), 25-lb bag - Chewy.com",100,"Buy Chewy Made Unscented Non-Clumping Recycled Paper Dog Litter (FORMERLY FRISCO), 25-lb bag at Chewy.com. FREE shipping and the BEST customer service!",151,best dog litter pellets,"Chewy Made Unscented Non-Clumping Recycled Paper Dog Litter (FORMERLY FRISCO), 25-lb bag",1,chewy-paper-pellet-dog-litter,True,True,False,False,True,True,True,True,0,316,4,,,,,,,3,3,17.0,1,0,1,1,8.0
PDP,Ranking Keywords,Has striking-distance keywords in positions 21-50,https://www.chewy.com/educator-by-e-collar-technologies-34/dp/166798,True,"Evaluate whether the page needs stronger content, intent coverage, or internal links.",1,"EDUCATOR By E-Collar Technologies 3/4 Mile Range Waterproof Dog Training Collar, 1 collar - Chewy.com",101,"Buy Educator By E-Collar Technologies 3/4 Mile Range Waterproof Dog Training Collar, 1 collar at Chewy.com. FREE shipping and the BEST customer service!",152,educator dog training collars,"Educator By E-Collar Technologies 3/4 Mile Range Waterproof Dog Training Collar, 1 collar",1,educator-by-e-collar-technologies,True,True,False,False,True,True,True,True,73,326,3,,,,,,,3,3,17.0,0,2,1,0,2.0
PDP,Ranking Keywords,Has striking-distance keywords in positions 21-50,https://www.chewy.com/instachew-puresight-mini-hd-pet/dp/357642,True,"Evaluate whether the page needs stronger content, intent coverage, or internal links.",1,"INSTACHEW Puresight Mini HD Pet Camera, White - Chewy.com",57,"Buy INSTACHEW Puresight Mini HD Pet Camera, White at Chewy.com. FREE shipping and the BEST customer service!",108,instachew,"INSTACHEW Puresight Mini HD Pet Camera, White",1,instachew-puresight-mini-hd-pet,True,False,False,False,True,True,True,True,57,319,3,,,,,,,1,1,25.0,0,0,1,0,1.0
PDP,Ranking Keywords,Has striking-distance keywords in positions 21-50,https://www.chewy.com/petsprefer-daily-essentials-pork/dp/292286,True,"Evaluate whether the page needs stronger content, intent coverage, or internal links.",1,"PETSPREFER Daily Essentials Pork Flavor Soft Chew Dog Supplement, 30 count - Chewy.com",86,"Buy PetsPrefer Daily Essentials Pork Flavor Soft Chew Dog Supplement, 30 count at Chewy.com. FREE shipping and the BEST customer service!",137,petsprefer,"PetsPrefer Daily Essentials Pork Flavor Soft Chew Dog Supplement, 30 count",1,petsprefer-daily-essentials-pork,True,True,False,False,True,True,True,True,35,318,4,,,,,,,1,1,22.0,0,0,1,0,
PDP,Ranking Keywords,Has striking-distance keywords in positions 21-50,https://www.chewy.com/bones-chews-made-in-usa-cow-hooves/dp/164588,True,"Evaluate whether the page needs stronger content, intent coverage, or internal links.",1,"BONES & CHEWS Made in USA Beef Hooves Dog Treat, 10 count - Chewy.com",69,"Buy Bones & Chews Made in USA Beef Hooves Dog Treat, 10 count at Chewy.com. FREE shipping and the BEST customer service!",120,hooves for dogs,"Bones & Chews Made in USA Beef Hooves Dog Treat, 10 count",1,bones-chews-made-in-usa-cow-hooves,True,True,False,False,True,True,True,True,42,318,3,,,,,,,3,2,26.0,0,0,1,2,1.0
PDP,Ranking Keywords,Has striking-distance keywords in positions 21-50,https://www.chewy.com/tiki-cat-aloha-friends-variety-pack/dp/130429,True,"Evaluate whether the page needs stronger content, intent coverage, or internal links.",1,"TIKI CAT Friends Tuna Variety Pack Grain-Free Wet Cat Food, 3-oz pouch, case of 12 - Chewy.com",94,"Buy Tiki Cat Friends Tuna Variety Pack Grain-Free Wet Cat Food, 3-oz pouch, case of 12 at Chewy.com. FREE shipping and the BEST customer service!",145,tiki cat aloha friends,"Tiki Cat Friends Tuna Variety Pack Grain-Free Wet Cat Food, 3-oz pouch, case of 12",1,tiki-cat-aloha-friends-variety-pack,True,True,False,False,True,True,True,True,4,325,5,,,,,,,1,1,26.0,0,0,1,0,1.0
PDP,Ranking Keywords,Has striking-distance keywords in positions 21-50,https://www.chewy.com/pennington-pride-cedar-wild-bird/dp/679558,True,"Evaluate whether the page needs stronger content, intent coverage, or internal links.",1,PENNINGTON Pride Cedar Bird House - Chewy.com,45,Buy Pennington Pride Cedar Bird House at Chewy.com. FREE shipping and the BEST customer service!,96,wild bird houses by pennington,Pennington Pride Cedar Bird House,1,pennington-pride-cedar-wild-bird,True,True,False,False,True,True,True,False,7,306,3,,,,,,,1,1,24.0,0,0,1,0,1.0
PDP,Ranking Keywords,Has striking-distance keywords in positions 21-50,https://www.chewy.com/petspy-dog-training-kit/dp/335912,True,"Evaluate whether the page needs stronger content, intent coverage, or internal links.",1,PETSPY Dog Training Kit - Chewy.com,35,Buy PetSpy Dog Training Kit at Chewy.com. FREE shipping and the BEST customer service!,86,petspy dog training behavior,PetSpy Dog Training Kit,1,petspy-dog-training-kit,True,True,False,False,True,True,True,False,25,315,4,,,,,,,1,1,25.0,0,0,1,0,1.0
PDP,Ranking Keywords,Has striking-distance keywords in positions 21-50,https://www.chewy.com/vets-best-flea-tick-yard-kennel-spray/dp/45163,True,"Evaluate whether the page needs stronger content, intent coverage, or internal links.",4,"VET'S BEST Flea & Tick Yard & Kennel Spray for Dogs, 32-fl oz spray bottle - Chewy.com",86,"Buy Vet's Best Flea & Tick Yard & Kennel Spray for Dogs, 32-fl oz spray bottle at Chewy.com. FREE shipping and the BEST customer service!",137,best flea sprays for dogs,"Vet's Best Flea & Tick Yard & Kennel Spray for Dogs, 32-fl oz spray bottle",1,vets-best-flea-tick-yard-kennel-spray,True,True,False,False,True,True,True,True,255,330,2,good,2137.0,good,0.0,,,25,25,17.27,3,8,4,10,5.0
PDP,Ranking Keywords,Has striking-distance keywords in positions 21-50,https://www.chewy.com/higgins-sunburst-gourmet-blend-rabbit/dp/518870,True,"Evaluate whether the page needs stronger content, intent coverage, or internal links.",2,"HIGGINS Sunburst Gourmet Blend Rabbit Food, 6-lb bag - Chewy.com",64,"Buy Higgins Sunburst Gourmet Blend Rabbit Food, 6-lb bag at Chewy.com. FREE shipping and the BEST customer service!",115,higgins sunburst,"Higgins Sunburst Gourmet Blend Rabbit Food, 6-lb bag",1,higgins-sunburst-gourmet-blend-rabbit,True,True,False,False,True,True,True,True,41,331,3,,,,,,,2,2,26.5,0,0,2,0,1.0
PDP,Ranking Keywords,Has striking-distance keywords in positions 21-50,https://www.chewy.com/catit-senses-20-self-groomer-cat/dp/178224,True,"Evaluate whether the page needs stronger content, intent coverage, or internal links.",1,"CATIT Senses 2.0 Self Groomer Cat Brush, 1 count - Chewy.com",60,"Buy Catit Senses 2.0 Self Groomer Cat Brush, 1 count at Chewy.com. FREE shipping and the BEST customer service!",111,cat self groomers,"Catit Senses 2.0 Self Groomer Cat Brush, 1 count",1,catit-senses-20-self-groomer-cat,True,True,False,False,True,True,True,True,360,329,2,good,1836.0,needs,0.11000000000000001,,,3,2,30.0,0,0,1,2,11.0
PDP,Ranking Keywords,Has striking-distance keywords in positions 21-50,https://www.chewy.com/kaytee-mega-run-exercise-ball-small/dp/248386,False,"Evaluate whether the page needs stronger content, intent coverage, or internal links.",1,,,,,rat balls exercise,,,,,,,,,,,,,,,,,,,,,1,1,28.0,0,0,1,0,
PDP,Ranking Keywords,Has striking-distance keywords in positions 21-50,https://www.chewy.com/sentry-good-behavior-calming-collar/dp/182274,True,"Evaluate whether the page needs stronger content, intent coverage, or internal links.",1,"SENTRY Good Behavior Calming Collar for Dogs, up to 23-in neck, 3 count - Chewy.com",83,"Buy Sentry Good Behavior Calming Collar for Dogs, up to 23-in neck, 3 count at Chewy.com. FREE shipping and the BEST customer service!",134,dog calming collar,"Sentry Good Behavior Calming Collar for Dogs, up to 23-in neck, 3 count",1,sentry-good-behavior-calming-collar,True,True,False,False,True,True,True,True,21,320,3,,,,,,,2,2,23.0,0,1,1,0,3.0
PDP,Ranking Keywords,Has striking-distance keywords in positions 21-50,https://www.chewy.com/under-weather-ready-cal-high-calorie/dp/3727246,False,"Evaluate whether the page needs stronger content, intent coverage, or internal links.",1,,,,,under weather cat vitamins,,,,,,,,,,,,,,,,,,,,,1,1,23.0,0,0,1,0,
PDP,Ranking Keywords,Has striking-distance keywords in positions 21-50,https://www.chewy.com/vets-best-flea-tick-prevention/dp/285320,True,"Evaluate whether the page needs stronger content, intent coverage, or internal links.",9,"VET'S BEST Flea & Tick Prevention Waterless Bath Natural Dog Shampoo, 8-fl oz bottle - Chewy.com",96,"Buy Vet's Best Flea & Tick Prevention Waterless Bath Natural Dog Shampoo, 8-fl oz bottle at Chewy.com. FREE shipping and the BEST customer service!",147,best flea and tick shampoo dogs,"Vet's Best Flea & Tick Prevention Waterless Bath Natural Dog Shampoo, 8-fl oz bottle",1,vets-best-flea-tick-prevention,True,True,False,False,True,True,True,True,45,333,3,,,,,,,13,12,21.67,0,3,9,1,5.0
PDP,Ranking Keywords,Has striking-distance keywords in positions 21-50,https://www.chewy.com/natures-recipe-mature-lamb-rice/dp/293282,True,"Evaluate whether the page needs stronger content, intent coverage, or internal links.",1,"NATURE'S RECIPE Mature Lamb & Brown Rice Recipe Dry Dog Food, 24-lb bag - Chewy.com",83,"Buy Nature's Recipe Mature Lamb & Brown Rice Recipe Dry Dog Food, 24-lb bag at Chewy.com. FREE shipping and the BEST customer service!",134,nature's recipe mature review,"Nature's Recipe Mature Lamb & Brown Rice Recipe Dry Dog Food, 24-lb bag",1,natures-recipe-mature-lamb-rice,True,True,False,False,True,True,True,True,48,329,3,,,,,,,1,1,27.0,0,0,1,0,1.0
PDP,Ranking Keywords,Has striking-distance keywords in positions 21-50,https://www.chewy.com/thornell-koe-kennel-odor-eliminator/dp/155030,True,"Evaluate whether the page needs stronger content, intent coverage, or internal links.",1,"ODORCIDE K.O.E. Kennel Odor Eliminator Concentrate Fresh Scent, 16-fl oz bottle - Chewy.com",91,"Buy Odorcide K.O.E. Kennel Odor Eliminator Concentrate Fresh Scent, 16-fl oz bottle at Chewy.com. FREE shipping and the BEST customer service!",142,k.o.e odor eliminator reviews,"Odorcide K.O.E. Kennel Odor Eliminator Concentrate Fresh Scent, 16-fl oz bottle",1,thornell-koe-kennel-odor-eliminator,True,True,False,False,True,True,True,True,67,329,3,,,,,,,2,2,27.0,0,0,1,1,6.0
PDP,Ranking Keywords,Has striking-distance keywords in positions 21-50,https://www.chewy.com/hare-dog-100-rabbit-freeze-dried-dog/dp/273646,True,"Evaluate whether the page needs stronger content, intent coverage, or internal links.",1,"HARE OF THE DOG 100% Rabbit Freeze-Dried Dog Treats, 2.25-oz bag - Chewy.com",76,"Buy Hare of the Dog 100% Rabbit Freeze-Dried Dog Treats, 2.25-oz bag at Chewy.com. FREE shipping and the BEST customer service!",127,hare of the dog,"Hare of the Dog 100% Rabbit Freeze-Dried Dog Treats, 2.25-oz bag",1,hare-dog-100-rabbit-freeze-dried-dog,True,True,False,False,True,True,True,True,86,328,3,,,,,,,3,2,15.0,1,1,1,0,1.0
PDP,Ranking Keywords,Has striking-distance keywords in positions 21-50,https://www.chewy.com/high-noon-feeds-monkey-munch/dp/359816,True,"Evaluate whether the page needs stronger content, intent coverage, or internal links.",1,"HIGH NOON FEEDS Monkey Munch Medicated Lamb Feed, 50-lbs bag - Chewy.com",72,"Buy High Noon Feeds Monkey Munch Medicated Lamb Feed, 50-lbs bag at Chewy.com. FREE shipping and the BEST customer service!",123,high noon feeds,"High Noon Feeds Monkey Munch Medicated Lamb Feed, 50-lbs bag",1,high-noon-feeds-monkey-munch,True,True,False,False,True,True,True,True,15,321,3,,,,,,,1,1,25.0,0,0,1,0,2.0
PDP,Ranking Keywords,Has striking-distance keywords in positions 21-50,https://www.chewy.com/stazko-anti-static-dematting/dp/239143,True,"Evaluate whether the page needs stronger content, intent coverage, or internal links.",1,"STAZKO Anti-Static & Dematting Conditioning Dog & Cat Spray, 32-fl oz bottle - Chewy.com",88,"Buy Stazko Anti-Static & Dematting Conditioning Dog & Cat Spray, 32-fl oz bottle at Chewy.com. FREE shipping and the BEST customer service!",139,stazko,"Stazko Anti-Static & Dematting Conditioning Dog & Cat Spray, 32-fl oz bottle",1,stazko-anti-static-dematting,True,True,False,False,True,True,True,True,20,318,4,,,,,,,1,1,25.0,0,0,1,0,1.0
PDP,Ranking Keywords,Has striking-distance keywords in positions 21-50,https://www.chewy.com/boxiecat-deep-clean-unscented/dp/178333,True,"Evaluate whether the page needs stronger content, intent coverage, or internal links.",2,"BOXIECAT Self-Cleaning Probiotic Clumping Clay Cat & Kitty Litter, 28-lb bag - Chewy.com",88,"Buy Boxiecat Self-Cleaning Probiotic Clumping Clay Cat & Kitty Litter, 28-lb bag at Chewy.com. FREE shipping and the BEST customer service!",139,boxiecat,"Boxiecat Self-Cleaning Probiotic Clumping Clay Cat & Kitty Litter, 28-lb bag",1,boxiecat-deep-clean-unscented,True,True,False,False,True,True,True,True,6,330,3,good,2461.0,good,0.045,,,3,3,17.33,1,0,2,0,7.0
PDP,Ranking Keywords,Has striking-distance keywords in positions 21-50,https://www.chewy.com/veterinary-formula-clinical-care/dp/43541,True,"Evaluate whether the page needs stronger content, intent coverage, or internal links.",1,"VETERINARY FORMULA CLINICAL CARE Antiseptic & Antifungal Medicated Spray, 8-fl oz spray - Chewy.com",99,"Buy Veterinary Formula Clinical Care Antiseptic & Antifungal Medicated Spray, 8-fl oz spray at Chewy.com. FREE shipping and the BEST customer service!",150,veterinary formula clinical care,"Veterinary Formula Clinical Care Antiseptic & Antifungal Medicated Spray, 8-fl oz spray",1,veterinary-formula-clinical-care,True,True,False,False,True,True,True,True,224,323,2,good,2155.0,good,0.09,,,1,1,27.0,0,0,1,0,18.0
PDP,Ranking Keywords,Has striking-distance keywords in positions 21-50,https://www.chewy.com/bell-howell-ultrasonic-pest-repellers/dp/192635,True,"Evaluate whether the page needs stronger content, intent coverage, or internal links.",2,"BELL + HOWELL Ultrasonic Pest Repellers, 4 pack - Chewy.com",59,"Buy Bell + Howell Ultrasonic Pest Repellers, 4 pack at Chewy.com. FREE shipping and the BEST customer service!",110,bell and howell insect repeller reviews,"Bell + Howell Ultrasonic Pest Repellers, 4 pack",1,bell-howell-ultrasonic-pest-repellers,True,True,False,False,True,True,True,True,28,319,4,good,2110.0,good,0.0,,,2,2,26.5,0,0,2,0,3.0
PDP,Ranking Keywords,Has striking-distance keywords in positions 21-50,https://www.chewy.com/blue-buffalo-natural-veterinary-diet/dp/174505,True,"Evaluate whether the page needs stronger content, intent coverage, or internal links.",1,"BLUE BUFFALO NATURAL VETERINARY DIET HF Hydrolyzed for Food Intolerance Grain-Free Dry Dog Food, 22-lb bag - Chewy.com",118,"Buy Blue Buffalo Natural Veterinary Diet HF Hydrolyzed for Food Intolerance Grain-Free Dry Dog Food, 22-lb bag at Chewy.com. FREE shipping and the BEST customer service!",169,blue buffalo natural veterinary diet,"Blue Buffalo Natural Veterinary Diet HF Hydrolyzed for Food Intolerance Grain-Free Dry Dog Food, 22-lb bag",1,blue-buffalo-natural-veterinary-diet,True,True,False,False,True,True,True,True,82,331,2,good,2137.0,good,0.045,,,2,2,19.5,0,1,1,0,10.0
PDP,Ranking Keywords,Has striking-distance keywords in positions 21-50,https://www.chewy.com/petsafe-scoopfree-premium-fresh/dp/983478,True,"Evaluate whether the page needs stronger content, intent coverage, or internal links.",1,"PETSAFE ScoopFree Premium Fresh Crystal Cat Litter, 8-lb bag, 3 count - Chewy.com",81,"Buy PetSafe ScoopFree Premium Fresh Crystal Cat Litter, 8-lb bag, 3 count at Chewy.com. FREE shipping and the BEST customer service!",132,petsafe cat litter,"PetSafe ScoopFree Premium Fresh Crystal Cat Litter, 8-lb bag, 3 count",1,petsafe-scoopfree-premium-fresh,True,True,False,False,True,True,True,True,14,320,3,,,,,,,2,2,26.0,0,1,1,0,1.0
PDP,Ranking Keywords,Has striking-distance keywords in positions 21-50,https://www.chewy.com/sticky-paws-on-roll/dp/49154,True,"Evaluate whether the page needs stronger content, intent coverage, or internal links.",1,STICKY PAWS on a Roll - Chewy.com,33,Buy Sticky Paws on a Roll at Chewy.com. FREE shipping and the BEST customer service!,84,sticky paws,Sticky Paws on a Roll,1,sticky-paws-on-roll,True,True,False,False,True,True,True,True,38,327,3,,,,,,,1,1,25.0,0,0,1,0,1.0
PDP,Ranking Keywords,Has striking-distance keywords in positions 21-50,https://www.chewy.com/zesty-paws-puppy-allergy-immune-bites/dp/536990,True,"Evaluate whether the page needs stronger content, intent coverage, or internal links.",1,"ZESTY PAWS Puppy Allergy & Immune Bites Lamb Flavor Soft Chews Allergies, Immune, & Gut Support Supplement for Dogs, 90 count - Chewy.com",137,"Buy Zesty Paws Puppy Allergy & Immune Bites Lamb Flavor Soft Chews Allergies, Immune, & Gut Support Supplement for Dogs, 90 count at Chewy.com. FREE shipping and the BEST customer service!",188,zesty paws immune system and allergy,"Zesty Paws Puppy Allergy & Immune Bites Lamb Flavor Soft Chews Allergies, Immune, & Gut Support Supplement for Dogs, 90 count",1,zesty-paws-puppy-allergy-immune-bites,True,True,False,False,True,True,True,True,41,320,3,,,,,,,4,4,16.33,0,2,1,1,1.0
PDP,Ranking Keywords,Has striking-distance keywords in positions 21-50,https://www.chewy.com/aqua-natural-betta-world-diamond/dp/1369622,True,"Evaluate whether the page needs stronger content, intent coverage, or internal links.",1,"AQUA NATURAL Betta World Diamond Black Aquarium Gravel, 1-lb bag - Chewy.com",76,"Buy Aqua Natural Betta World Diamond Black Aquarium Gravel, 1-lb bag at Chewy.com. FREE shipping and the BEST customer service!",127,best aquarium gravel for betta fish,"Aqua Natural Betta World Diamond Black Aquarium Gravel, 1-lb bag",1,aqua-natural-betta-world-diamond,True,True,False,False,True,True,True,False,38,307,4,,,,,,,2,2,18.5,0,1,1,0,1.0
PDP,Ranking Keywords,Has striking-distance keywords in positions 21-50,https://www.chewy.com/tidy-cats-breeze-x-large-multi-cat/dp/232585,True,"Evaluate whether the page needs stronger content, intent coverage, or internal links.",1,"TIDY CATS Breeze X-Large Multi-Cat Starter Kit Litter Box, Litter Pellets & Pads, White - Chewy.com",99,"Buy Tidy Cats Breeze X-Large Multi-Cat Starter Kit Litter Box, Litter Pellets & Pads, White at Chewy.com. FREE shipping and the BEST customer service!",150,tidy cats breeze reviews,"Tidy Cats Breeze X-Large Multi-Cat Starter Kit Litter Box, Litter Pellets & Pads, White",1,tidy-cats-breeze-x-large-multi-cat,True,True,False,False,True,True,True,True,69,331,3,good,2208.0,good,0.08,,,4,4,15.5,0,3,1,0,14.0
PDP,Ranking Keywords,Has striking-distance keywords in positions 21-50,https://www.chewy.com/vila-urine-detection-torch-small-pet/dp/536614,True,"Evaluate whether the page needs stronger content, intent coverage, or internal links.",1,"VILA Pet Urine Detector UV Black Flashlight for Dog Urine & Stain Detection, 7-in, Black - Chewy.com",100,"Buy Vila Pet Urine Detector UV Black Flashlight for Dog Urine & Stain Detection, 7-in, Black at Chewy.com. FREE shipping and the BEST customer service!",151,dog urine detectors,"Vila Pet Urine Detector UV Black Flashlight for Dog Urine & Stain Detection, 7-in, Black",1,vila-urine-detection-torch-small-pet,True,True,False,False,True,True,True,True,50,309,3,,,,,,,3,3,17.33,0,2,1,0,1.0
PDP,Ranking Keywords,Has striking-distance keywords in positions 21-50,https://www.chewy.com/catit-senses-20-cat-grass-planter/dp/218207,False,"Evaluate whether the page needs stronger content, intent coverage, or internal links.",1,,,,,catit cat grass,,,,,,,,,,,,,,,,,,,,,1,1,26.0,0,0,1,0,
PDP,Ranking Keywords,Has striking-distance keywords in positions 21-50,https://www.chewy.com/pedigree-puppy-variety-pack-wet-dog/dp/988422,True,"Evaluate whether the page needs stronger content, intent coverage, or internal links.",1,"PEDIGREE Puppy Variety Pack Wet Dog Food, 3.5-oz pouch, pack of 18 - Chewy.com",78,"Buy Pedigree Puppy Variety Pack Wet Dog Food, 3.5-oz pouch, pack of 18 at Chewy.com. FREE shipping and the BEST customer service!",129,pedigree wet dog food,"Pedigree Puppy Variety Pack Wet Dog Food, 3.5-oz pouch, pack of 18",1,pedigree-puppy-variety-pack-wet-dog,True,True,False,False,True,True,True,True,118,333,2,,,,,,,3,3,19.0,0,2,1,0,1.0
PDP,Ranking Keywords,Has striking-distance keywords in positions 21-50,https://www.chewy.com/dog-palace-insulated-heated-dog-house/dp/290392,True,"Evaluate whether the page needs stronger content, intent coverage, or internal links.",1,"DOG PALACE Insulated Heated Dog House, Grey/Taupe - Chewy.com",61,"Buy Dog Palace Insulated Heated Dog House, Grey/Taupe at Chewy.com. FREE shipping and the BEST customer service!",112,dog palace dog houses,"Dog Palace Insulated Heated Dog House, Grey/Taupe",1,dog-palace-insulated-heated-dog-house,True,True,False,False,True,True,True,True,17,320,4,,,,,,,2,2,22.0,0,1,1,0,1.0
PDP,Ranking Keywords,Has striking-distance keywords in positions 21-50,https://www.chewy.com/vetivex-phylyte-solution-dogs-cats/dp/323146,True,"Evaluate whether the page needs stronger content, intent coverage, or internal links.",1,"VETIVEX pHyLyte Solution for Dogs, Cats & Horses, 1-L, bundle of 2 - Easy Refills | Chewy Rx",92,"Veterinary pHyLyte Injection pH 7.4 is a sterile, nonpyrogenic isotonic solution for used to replace fluids and electrolytes in dogs, cats and horses. Comes in single dose containers for intravenous use.",203,vetivex,"Vetivex pHyLyte Solution for Dogs, Cats & Horses, 1-L, bundle of 2",1,vetivex-phylyte-solution-dogs-cats,True,False,False,False,True,True,True,True,2,320,3,,,,,,,1,1,22.0,0,0,1,0,4.0
PDP,Ranking Keywords,Has striking-distance keywords in positions 21-50,https://www.chewy.com/higgins-mayan-harvest-yucatan-bird/dp/166361,True,"Evaluate whether the page needs stronger content, intent coverage, or internal links.",1,"HIGGINS Mayan Harvest Yucatan Bird Food for Conures, 3-lb bag - Chewy.com",73,"Buy Higgins Mayan Harvest Yucatan Bird Food for Conures, 3-lb bag at Chewy.com. FREE shipping and the BEST customer service!",124,higgins mayan harvest,"Higgins Mayan Harvest Yucatan Bird Food for Conures, 3-lb bag",1,higgins-mayan-harvest-yucatan-bird,True,True,False,False,True,True,True,True,73,326,2,,,,,,,1,1,24.0,0,0,1,0,1.0
PDP,Ranking Keywords,Has striking-distance keywords in positions 21-50,https://www.chewy.com/peaksnpaws-yak-milk-large-dog-value/dp/204906,True,"Evaluate whether the page needs stronger content, intent coverage, or internal links.",1,"PEAKSNPAWS Yak Milk Large Dog Value Pack Dog Chew Treats, 3 count - Chewy.com",77,"Buy peaksNpaws Yak Milk Large Dog Value Pack Dog Chew Treats, 3 count at Chewy.com. FREE shipping and the BEST customer service!",128,peaksnpaws,"peaksNpaws Yak Milk Large Dog Value Pack Dog Chew Treats, 3 count",1,peaksnpaws-yak-milk-large-dog-value,True,True,False,False,True,True,True,True,37,327,3,,,,,,,2,2,28.0,0,0,1,1,3.0
PDP,Ranking Keywords,Has striking-distance keywords in positions 21-50,https://www.chewy.com/stella-chewys-yummy-lickin-salmon/dp/129987,True,"Evaluate whether the page needs stronger content, intent coverage, or internal links.",1,"STELLA & CHEWY'S Yummy Lickin' Salmon & Chicken Dinner Morsels Freeze-Dried Raw Cat Food, 8-oz bag - Chewy.com",110,"Buy Stella & Chewy's Yummy Lickin' Salmon & Chicken Dinner Morsels Freeze-Dried Raw Cat Food, 8-oz bag at Chewy.com. FREE shipping and the BEST customer service!",161,stella chewys freeze dried cat food,"Stella & Chewy's Yummy Lickin' Salmon & Chicken Dinner Morsels Freeze-Dried Raw Cat Food, 8-oz bag",1,stella-chewys-yummy-lickin-salmon,True,True,False,False,True,True,True,True,42,331,3,,,,,,,1,1,27.0,0,0,1,0,1.0
PDP,Ranking Keywords,Has striking-distance keywords in positions 21-50,https://www.chewy.com/we-love-doodles-dog-detangler-spray/dp/1462326,True,"Evaluate whether the page needs stronger content, intent coverage, or internal links.",1,"WE LOVE DOODLES Ocean Breeze Scent Dog Detangler Spray, 16-fl oz bottle - Chewy.com",83,"Buy We Love Doodles Ocean Breeze Scent Dog Detangler Spray, 16-fl oz bottle at Chewy.com. FREE shipping and the BEST customer service!",134,best detangler for doodles,"We Love Doodles Ocean Breeze Scent Dog Detangler Spray, 16-fl oz bottle",1,we-love-doodles-dog-detangler-spray,True,True,False,False,True,True,True,False,22,328,4,,,,,,,3,3,19.5,0,1,1,1,1.0
PDP,Ranking Keywords,Has striking-distance keywords in positions 21-50,https://www.chewy.com/blue-buffalo-baby-blue-natural-savory/dp/380375,True,"Evaluate whether the page needs stronger content, intent coverage, or internal links.",1,"BLUE BUFFALO Baby BLUE Savory Chicken Puppy Training Soft Dog Treats, 4-oz bag - Chewy.com",90,"Buy Blue Buffalo Baby BLUE Savory Chicken Puppy Training Soft Dog Treats, 4-oz bag at Chewy.com. FREE shipping and the BEST customer service!",141,blue buffalo training dog treats,"Blue Buffalo Baby BLUE Savory Chicken Puppy Training Soft Dog Treats, 4-oz bag",1,blue-buffalo-baby-blue-natural-savory,True,True,False,False,True,True,True,True,55,329,3,,,,,,,1,1,28.0,0,0,1,0,1.0
PDP,Ranking Keywords,Has striking-distance keywords in positions 21-50,https://www.chewy.com/mctarnahans-rt-epsom-horse-poultice/dp/235283,True,"Evaluate whether the page needs stronger content, intent coverage, or internal links.",1,"MCTARNAHANS R/T Epsom Horse Poultice, 23-lb bucket - Chewy.com",62,"Buy McTarnahans R/T Epsom Horse Poultice, 23-lb bucket at Chewy.com. FREE shipping and the BEST customer service!",113,mctarnahans,"McTarnahans R/T Epsom Horse Poultice, 23-lb bucket",1,mctarnahans-rt-epsom-horse-poultice,True,True,False,False,True,True,True,True,21,318,3,,,,,,,1,1,27.0,0,0,1,0,1.0
PDP,Ranking Keywords,Has striking-distance keywords in positions 21-50,https://www.chewy.com/busy-bone-long-lasting-real-meat-tiny/dp/1194302,True,"Evaluate whether the page needs stronger content, intent coverage, or internal links.",1,"BUSY BONE Long-Lasting Real Meat Tiny Dog Treat, 120 count bundle - Chewy.com",77,"Buy Busy Bone Long-Lasting Real Meat Tiny Dog Treat, 120 count bundle at Chewy.com. FREE shipping and the BEST customer service!",128,busy bone,"Busy Bone Long-Lasting Real Meat Tiny Dog Treat, 120 count bundle",1,busy-bone-long-lasting-real-meat-tiny,True,False,False,False,True,True,True,True,6,319,3,,,,,,,1,1,24.0,0,0,1,0,1.0
PDP,Ranking Keywords,Has striking-distance keywords in positions 21-50,https://www.chewy.com/exotic-nutrition-sugar-glider-food/dp/274456,True,"Evaluate whether the page needs stronger content, intent coverage, or internal links.",1,EXOTIC NUTRITION Sugar Glider Food Starter Kit - Chewy.com,58,Buy Exotic Nutrition Sugar Glider Food Starter Kit at Chewy.com. FREE shipping and the BEST customer service!,109,sugar glider supplements,Exotic Nutrition Sugar Glider Food Starter Kit,1,exotic-nutrition-sugar-glider-food,True,True,False,False,True,True,True,False,69,329,3,,,,,,,2,2,21.0,0,1,1,0,1.0
PDP,Ranking Keywords,Has striking-distance keywords in positions 21-50,https://www.chewy.com/kibbles-n-bits-original-savory-beef/dp/161045,True,"Evaluate whether the page needs stronger content, intent coverage, or internal links.",1,Kibbles 'n Bits Original Savory Beef & Chicken Flavors Dry Dog Food | Chewy (Free Shipping),91,"Buy Kibbles 'n Bits Original Adult Savory Beef & Chicken Flavors Dry Dog Food, 31-lb bag at Chewy.com. FREE shipping and the BEST customer service!",147,kibbles n bits dog food,"Kibbles 'n Bits Original Adult Savory Beef & Chicken Flavors Dry Dog Food, 31-lb bag",1,kibbles-n-bits-original-savory-beef,True,True,False,False,True,True,True,True,37,330,2,,,,,,,4,3,17.25,0,3,1,0,1.0
PDP,Ranking Keywords,Has striking-distance keywords in positions 21-50,https://www.chewy.com/stud-muffins-molasses-horse-treats/dp/3550294,True,"Evaluate whether the page needs stronger content, intent coverage, or internal links.",1,"STUD MUFFINS Molasses Horse Treats, 58-oz tub - Chewy.com",57,"Buy Stud Muffins Molasses Horse Treats, 58-oz tub at Chewy.com. FREE shipping and the BEST customer service!",108,stud muffins,"Stud Muffins Molasses Horse Treats, 58-oz tub",1,stud-muffins-molasses-horse-treats,True,True,False,False,True,True,True,True,4,332,4,,,,,,,2,2,20.0,0,1,1,0,1.0
PDP,Ranking Keywords,Has striking-distance keywords in positions 21-50,https://www.chewy.com/marshall-bandits-premium-original/dp/122470,False,"Evaluate whether the page needs stronger content, intent coverage, or internal links.",1,,,,,bandits ferret treats,,,,,,,,,,,,,,,,,,,,,2,2,20.5,0,1,1,0,
PDP,Ranking Keywords,Has striking-distance keywords in positions 21-50,https://www.chewy.com/puppy-chow-complete-real-chicken-dry/dp/975190,True,"Evaluate whether the page needs stronger content, intent coverage, or internal links.",1,"PUPPY CHOW Complete with Real Chicken Dry Dog Food, 4-lb bag - Chewy.com",72,"Buy Puppy Chow Complete with Real Chicken Dry Dog Food, 4-lb bag at Chewy.com. FREE shipping and the BEST customer service!",123,puppy chow dog food,"Puppy Chow Complete with Real Chicken Dry Dog Food, 4-lb bag",1,puppy-chow-complete-real-chicken-dry,True,True,False,False,True,True,True,True,19,331,3,,,,,,,3,3,16.67,0,2,1,0,3.0
PDP,Ranking Keywords,Has striking-distance keywords in positions 21-50,https://www.chewy.com/zesty-paws-all-in-one-functional/dp/661886,True,"Evaluate whether the page needs stronger content, intent coverage, or internal links.",1,"ZESTY PAWS All-in-One FUNctional Dental Bones Dental Chews for Large Dogs, 8 count - Chewy.com",94,"Buy Zesty Paws All-in-One FUNctional Dental Bones Dental Chews for Large Dogs, 8 count at Chewy.com. FREE shipping and the BEST customer service!",145,zesty paws dental chews,"Zesty Paws All-in-One FUNctional Dental Bones Dental Chews for Large Dogs, 8 count",1,zesty-paws-all-in-one-functional,True,True,False,False,True,True,True,True,18,330,4,,,,,,,1,1,24.0,0,0,1,0,1.0
PDP,Ranking Keywords,Has striking-distance keywords in positions 21-50,https://www.chewy.com/lilly-brush-be-forever-furless-dog/dp/142670,True,"Evaluate whether the page needs stronger content, intent coverage, or internal links.",1,LILLY BRUSH Hair Clean-up Dog & Cat Brush - Chewy.com,53,Buy Lilly Brush Hair Clean-up Dog & Cat Brush at Chewy.com. FREE shipping and the BEST customer service!,104,lilly brush,Lilly Brush Hair Clean-up Dog & Cat Brush,1,lilly-brush-be-forever-furless-dog,True,True,False,False,True,True,True,True,30,320,3,,,,,,,2,2,19.0,0,1,1,0,1.0
PDP,Ranking Keywords,Has striking-distance keywords in positions 21-50,https://www.chewy.com/sheba-perfect-portions-poultry/dp/153470,True,"Evaluate whether the page needs stronger content, intent coverage, or internal links.",1,"SHEBA Perfect Portions Poultry Entrees Cuts in Gravy Variety Pack Adult Wet Cat Food Trays, 2.6-oz tray, case of 12 - Chewy.com",127,"Buy Sheba Perfect Portions Poultry Entrees Cuts in Gravy Variety Pack Adult Wet Cat Food Trays, 2.6-oz tray, case of 12 at Chewy.com. FREE shipping and the BEST customer service!",178,sheba cat food in gravy,"Sheba Perfect Portions Poultry Entrees Cuts in Gravy Variety Pack Adult Wet Cat Food Trays, 2.6-oz tray, case of 12",1,sheba-perfect-portions-poultry,True,True,False,False,True,True,True,True,117,336,3,good,2464.0,good,0.065,,,1,1,22.0,0,0,1,0,3.0
PDP,Ranking Keywords,Has striking-distance keywords in positions 21-50,https://www.chewy.com/dog-chow-complete-adult-real-chicken/dp/4309662,True,"Evaluate whether the page needs stronger content, intent coverage, or internal links.",1,"DOG CHOW Complete Adult with Real Chicken Dry Dog Food, 3.5-lb bag - Chewy.com",78,"Buy Dog Chow Complete Adult with Real Chicken Dry Dog Food, 3.5-lb bag at Chewy.com. FREE shipping and the BEST customer service!",129,purina dog chow,"Dog Chow Complete Adult with Real Chicken Dry Dog Food, 3.5-lb bag",1,dog-chow-complete-adult-real-chicken,True,True,False,False,True,True,True,True,32,335,3,,,,,,,4,4,18.5,0,1,1,2,1.0
PDP,Ranking Keywords,Has striking-distance keywords in positions 21-50,https://www.chewy.com/nina-ottosson-by-outward-hound-dog/dp/253244,True,"Evaluate whether the page needs stronger content, intent coverage, or internal links.",1,OUTWARD HOUND Nina Ottosson Dog Worker Green Interactive Treat Puzzle Dog Toy - Chewy.com,89,Buy Outward Hound Nina Ottosson Dog Worker Green Interactive Treat Puzzle Dog Toy at Chewy.com. FREE shipping and the BEST customer service!,140,outward hound dog puzzles,Outward Hound Nina Ottosson Dog Worker Green Interactive Treat Puzzle Dog Toy,1,nina-ottosson-by-outward-hound-dog,True,True,False,False,True,True,True,True,55,327,2,good,2303.0,needs,0.2,,,2,2,18.5,0,1,1,0,4.0
PDP,Ranking Keywords,Has striking-distance keywords in positions 21-50,https://www.chewy.com/api-5-in-1-freshwater-saltwater/dp/206313,True,"Evaluate whether the page needs stronger content, intent coverage, or internal links.",1,"API 5 in 1 Freshwater & Saltwater Aquarium Test Strips, 100 count - Chewy.com",77,"Buy API 5 in 1 Freshwater & Saltwater Aquarium Test Strips, 100 count at Chewy.com. FREE shipping and the BEST customer service!",128,freshwater aquarium test strips,"API 5 in 1 Freshwater & Saltwater Aquarium Test Strips, 100 count",1,api-5-in-1-freshwater-saltwater,True,True,False,False,True,True,True,True,72,325,3,,,,,,,2,2,21.5,0,1,1,0,1.0
PDP,Ranking Keywords,Has striking-distance keywords in positions 21-50,https://www.chewy.com/higgins-protein-egg-bird-food/dp/166358,True,"Evaluate whether the page needs stronger content, intent coverage, or internal links.",1,"HIGGINS Protein Egg Bird Food, 1.1-lb bag - Chewy.com",53,"Buy Higgins Protein Egg Bird Food, 1.1-lb bag at Chewy.com. FREE shipping and the BEST customer service!",104,best egg food for birds,"Higgins Protein Egg Bird Food, 1.1-lb bag",1,higgins-protein-egg-bird-food,True,True,False,False,True,True,True,True,2,332,4,,,,,,,1,1,29.0,0,0,1,0,1.0
PDP,Ranking Keywords,Has striking-distance keywords in positions 21-50,https://www.chewy.com/nom-nom-freshly-made-frozen-grain/dp/1323374,True,"Evaluate whether the page needs stronger content, intent coverage, or internal links.",2,"NOM NOM Freshly-Made Frozen Grain-Free Chicken Cuisine Dog Food, 14-oz pouch, bundle of 14 - Chewy.com",102,"Buy Nom Nom Freshly-Made Frozen Grain-Free Chicken Cuisine Dog Food, 14-oz pouch, bundle of 14 at Chewy.com. FREE shipping and the BEST customer service!",153,nom nom dog food reviews,"Nom Nom Freshly-Made Frozen Grain-Free Chicken Cuisine Dog Food, 14-oz pouch, bundle of 14",1,nom-nom-freshly-made-frozen-grain,True,False,False,False,True,True,True,False,9,338,5,,,,,,,3,3,20.33,0,1,2,0,1.0
PDP,Ranking Keywords,Has striking-distance keywords in positions 21-50,https://www.chewy.com/shark-hv301-rocket-ultra-light-weight/dp/1351038,True,"Evaluate whether the page needs stronger content, intent coverage, or internal links.",3,"SHARK HV301 Rocket Ultra-Light Weight Stick Vacuum, Gray - Chewy.com",68,"Buy Shark HV301 Rocket Ultra-Light Weight Stick Vacuum, Gray at Chewy.com. FREE shipping and the BEST customer service!",119,shark rocket lightweight stick vacuum reviews,"Shark HV301 Rocket Ultra-Light Weight Stick Vacuum, Gray",1,shark-hv301-rocket-ultra-light-weight,True,True,False,False,True,True,True,True,44,316,2,,,,,,,4,4,24.25,0,1,3,0,1.0
PDP,Ranking Keywords,Has striking-distance keywords in positions 21-50,https://www.chewy.com/royal-canin-feline-breed-nutrition/dp/196433,True,"Evaluate whether the page needs stronger content, intent coverage, or internal links.",1,"ROYAL CANIN Feline Breed Nutrition Maine Coon Kitten Dry Cat Food, 3-lb bag - Chewy.com",87,"Buy Royal Canin Feline Breed Nutrition Maine Coon Kitten Dry Cat Food, 3-lb bag at Chewy.com. FREE shipping and the BEST customer service!",138,best dry food for maine coon kitten,"Royal Canin Feline Breed Nutrition Maine Coon Kitten Dry Cat Food, 3-lb bag",1,royal-canin-feline-breed-nutrition,True,True,False,False,True,True,True,True,98,330,3,,,,,,,6,5,19.0,0,3,1,2,4.0
PDP,Ranking Keywords,Has striking-distance keywords in positions 21-50,https://www.chewy.com/pup-peroni-original-beef-flavor-dog/dp/346809,True,"Evaluate whether the page needs stronger content, intent coverage, or internal links.",1,"PUP-PERONI Original Beef Recipe Dog Treats, 22.5-oz bag - Chewy.com",67,"Buy Pup-Peroni Original Beef Recipe Dog Treats, 22.5-oz bag at Chewy.com. FREE shipping and the BEST customer service!",118,pup-peroni,"Pup-Peroni Original Beef Recipe Dog Treats, 22.5-oz bag",1,pup-peroni-original-beef-flavor-dog,True,True,False,False,True,True,True,True,47,336,2,,,,,,,3,3,18.67,0,2,1,0,2.0
PDP,Ranking Keywords,Has striking-distance keywords in positions 21-50,https://www.chewy.com/dr-pol-high-protein-28-poultry-pearls/dp/278895,True,"Evaluate whether the page needs stronger content, intent coverage, or internal links.",1,"DR. POL 28% Poultry Pearls Mixed Flock Feed, 30-lb bag - Chewy.com",66,"Buy Dr. Pol 28% Poultry Pearls Mixed Flock Feed, 30-lb bag at Chewy.com. FREE shipping and the BEST customer service!",117,pearl feed,"Dr. Pol 28% Poultry Pearls Mixed Flock Feed, 30-lb bag",1,dr-pol-high-protein-28-poultry-pearls,True,True,False,False,True,True,True,True,25,327,2,,,,,,,1,1,30.0,0,0,1,0,1.0
PDP,Ranking Keywords,Has striking-distance keywords in positions 21-50,https://www.chewy.com/furosemide-generic-tablets-dogs-cats/dp/322093,True,"Evaluate whether the page needs stronger content, intent coverage, or internal links.",1,"FUROSEMIDE (Generic) Tablets for Dogs & Cats, 12.5-mg - Easy Refills | Chewy Rx",79,"Furosemide Tablets are prescribed in the treatment of swelling associated with heart failure, especially when the swelling is caused by water retention. It's a proven diuretic medication that helps remove excess fluid from the body and saluretic medication that helps remove excess sodium from the kidneys. By relieving the body of excess fluid and sodium, it helps to relieve inflammation and its unpleasant symptoms.",418,furosemide pet pharmacy medications,"Furosemide (Generic) Tablets for Dogs & Cats, 12.5-mg, 60 tablets",1,furosemide-generic-tablets-dogs-cats,True,False,False,False,True,True,True,True,99,326,2,,,,,,,1,1,22.0,0,0,1,0,5.0
PDP,Ranking Keywords,Has striking-distance keywords in positions 21-50,https://www.chewy.com/diggin-your-dog-firm-up-pumpkin-super/dp/130964,True,"Evaluate whether the page needs stronger content, intent coverage, or internal links.",1,"DIGGIN' YOUR DOG Firm Up! Pumpkin Digestive Aid Powder Supplement for Dogs & Cats, 4-oz bag - Chewy.com",103,"Buy Diggin' Your Dog Firm Up! Pumpkin Digestive Aid Powder Supplement for Dogs & Cats, 4-oz bag at Chewy.com. FREE shipping and the BEST customer service!",154,diggin' your dog,"Diggin' Your Dog Firm Up! Pumpkin Digestive Aid Powder Supplement for Dogs & Cats, 4-oz bag",1,diggin-your-dog-firm-up-pumpkin-super,True,True,False,False,True,True,True,True,6,331,3,,,,,,,2,1,20.0,0,1,1,0,1.0
PDP,Ranking Keywords,Has striking-distance keywords in positions 21-50,https://www.chewy.com/top-hat-crickets-giant-mealworms/dp/919038,True,"Evaluate whether the page needs stronger content, intent coverage, or internal links.",1,"TOP HAT CRICKETS Giant Mealworms Reptile Food, 50 count - Chewy.com",67,"Buy Top Hat Crickets Giant Mealworms Reptile Food, 50 count at Chewy.com. FREE shipping and the BEST customer service!",118,top hat crickets,"Top Hat Crickets Giant Mealworms Reptile Food, 50 count",1,top-hat-crickets-giant-mealworms,True,True,False,False,True,True,True,False,80,318,3,,,,,,,1,1,23.0,0,0,1,0,1.0
PDP,Ranking Keywords,Has striking-distance keywords in positions 21-50,https://www.chewy.com/swheat-scoop-multi-cat-unscented/dp/1046574,True,"Evaluate whether the page needs stronger content, intent coverage, or internal links.",1,"SWHEAT SCOOP Multi-Cat Natural Clumping Wheat Cat Litter, 14-lb bag - Chewy.com",79,"Buy sWheat Scoop Multi-Cat Natural Clumping Wheat Cat Litter, 14-lb bag at Chewy.com. FREE shipping and the BEST customer service!",130,swheat scoop reviews,"sWheat Scoop Multi-Cat Natural Clumping Wheat Cat Litter, 14-lb bag",1,swheat-scoop-multi-cat-unscented,True,True,False,False,True,True,True,True,5,331,4,,,,,,,2,2,21.5,0,1,1,0,1.0
PDP,Ranking Keywords,Has striking-distance keywords in positions 21-50,https://www.chewy.com/smart-paws-dog-potty-training-toilet/dp/2142390,True,"Evaluate whether the page needs stronger content, intent coverage, or internal links.",1,"SMART PAWS Dog Potty Training Toilet, X-Large - Chewy.com",57,"Buy Smart Paws Dog Potty Training Toilet, X-Large at Chewy.com. FREE shipping and the BEST customer service!",108,giant dog cleaning potty,"Smart Paws Dog Potty Training Toilet, X-Large",1,smart-paws-dog-potty-training-toilet,True,True,False,False,True,True,True,False,6,310,4,,,,,,,1,1,31.0,0,0,1,0,2.0
PDP,Ranking Keywords,Has striking-distance keywords in positions 21-50,https://www.chewy.com/zesty-paws-hemp-calming-bites-peanut/dp/171018,True,"Evaluate whether the page needs stronger content, intent coverage, or internal links.",1,Zesty Paws Stress & Anxiety Calming Bites with Suntheanine & Hemp Peanut Butter Flavor Soft Chews Dog Supplement | Chewy,120,"Buy Zesty Paws Calming Bites Peanut Butter Flavored Soft Chews Composure & Relaxation Supplement for Dogs, 90 count at Chewy.com. FREE shipping and the BEST customer service!",174,zesty paws calming treats dogs,"Zesty Paws Calming Bites Peanut Butter Flavored Soft Chews Composure & Relaxation Supplement for Dogs, 90 count",1,zesty-paws-hemp-calming-bites-peanut,True,True,False,False,True,True,True,True,46,336,2,needs,2881.0,good,0.0,,,3,3,22.0,0,2,1,0,1.0
PDP,Ranking Keywords,Has striking-distance keywords in positions 21-50,https://www.chewy.com/zesty-paws-hemp-calming-bites-peanut/dp/1216478,True,"Evaluate whether the page needs stronger content, intent coverage, or internal links.",1,Zesty Paws Stress & Anxiety Calming Bites with Suntheanine & Hemp Peanut Butter Flavor Soft Chews Dog Supplement | Chewy,120,"Buy Zesty Paws Calming Bites Peanut Butter Flavored Soft Chews Composure & Relaxation Supplement for Dogs, 10 count at Chewy.com. FREE shipping and the BEST customer service!",174,zesty paws calming bites reviews,"Zesty Paws Calming Bites Peanut Butter Flavored Soft Chews Composure & Relaxation Supplement for Dogs, 10 count",1,zesty-paws-hemp-calming-bites-peanut,True,False,False,False,True,True,True,True,13,327,3,,,,,,,4,3,25.0,0,0,1,3,1.0
PDP,Ranking Keywords,Has striking-distance keywords in positions 21-50,https://www.chewy.com/orijen-original-grain-free-dry-cat/dp/4491374,True,"Evaluate whether the page needs stronger content, intent coverage, or internal links.",1,"ORIJEN Original Grain-Free High-Protein Premium Dry Cat Food, 24-lb bundle - Chewy.com",86,"Buy ORIJEN Original Grain-Free High-Protein Premium Dry Cat Food, 24-lb bundle at Chewy.com. FREE shipping and the BEST customer service!",137,orijen cat food reviews,"ORIJEN Original Grain-Free High-Protein Premium Dry Cat Food, 24-lb bundle",1,orijen-original-grain-free-dry-cat,True,False,False,False,True,True,True,True,6,331,3,,,,,,,2,2,20.0,0,1,1,0,2.0
PDP,Ranking Keywords,Has striking-distance keywords in positions 21-50,https://www.chewy.com/joshs-frogs-medium-orange-head/dp/927918,True,"Evaluate whether the page needs stronger content, intent coverage, or internal links.",1,"Out of Stock - JOSH'S FROGS Medium Orange Head Roaches Live Feed Reptile Food, 1/2 to 3/4-in, 100 count - Chewy.com",115,"Buy Josh's Frogs Medium Orange Head Roaches Live Feed Reptile Food, 1/2 to 3/4-in, 100 count at Chewy.com. FREE shipping and the BEST customer service!",151,orange head roach feed,"Josh's Frogs Medium Orange Head Roaches Live Feed Reptile Food, 1/2 to 3/4-in, 100 count",1,joshs-frogs-medium-orange-head,True,True,False,False,True,True,True,False,4,317,9,,,,,,,2,2,21.5,0,1,1,0,1.0
PDP,Ranking Keywords,Has striking-distance keywords in positions 21-50,https://www.chewy.com/kitten-chow-nurture-muscle-brain/dp/127713,True,"Evaluate whether the page needs stronger content, intent coverage, or internal links.",1,"KITTEN CHOW Year One Essentials Nutrients with Real Chicken High-Protein Kitten Dry Cat Food, 14-lb bag - Chewy.com",115,"Buy Kitten Chow Year One Essentials Nutrients with Real Chicken High-Protein Kitten Dry Cat Food, 14-lb bag at Chewy.com. FREE shipping and the BEST customer service!",166,purina kitten chow,"Kitten Chow Year One Essentials Nutrients with Real Chicken High-Protein Kitten Dry Cat Food, 14-lb bag",1,kitten-chow-nurture-muscle-brain,True,True,False,False,True,True,True,True,63,332,2,needs,2846.0,needs,0.11,,,2,2,21.0,0,1,1,0,1.0
PDP,Ranking Keywords,Has striking-distance keywords in positions 21-50,https://www.chewy.com/zoo-med-aspen-snake-bedding/dp/123799,True,"Evaluate whether the page needs stronger content, intent coverage, or internal links.",1,"ZOO MED Aspen Snake Bedding, 8-qt bag - Chewy.com",49,"Buy Zoo Med Aspen Snake Bedding, 8-qt bag at Chewy.com. FREE shipping and the BEST customer service!",100,aspen snake bedding,"Zoo Med Aspen Snake Bedding, 8-qt bag",1,zoo-med-aspen-snake-bedding,True,True,False,False,True,True,True,True,2,331,4,,,,,,,3,2,20.33,0,2,1,0,1.0
PDP,Ranking Keywords,Has striking-distance keywords in positions 21-50,https://www.chewy.com/keyflow-key-3-oil-high-fat-horse-feed/dp/1215550,True,"Evaluate whether the page needs stronger content, intent coverage, or internal links.",1,"KEYFLOW FEEDS Key 3 Oil High Fat Horse Feed, 5-liter jug - Chewy.com",68,"Buy Keyflow Feeds Key 3 Oil High Fat Horse Feed, 5-liter jug at Chewy.com. FREE shipping and the BEST customer service!",119,keyflow usa,"Keyflow Feeds Key 3 Oil High Fat Horse Feed, 5-liter jug",1,keyflow-key-3-oil-high-fat-horse-feed,True,True,False,False,True,True,True,False,34,329,3,,,,,,,1,1,29.0,0,0,1,0,1.0
PDP,Ranking Keywords,Has striking-distance keywords in positions 21-50,https://www.chewy.com/petlou-dachshund/dp/1657886,True,"Evaluate whether the page needs stronger content, intent coverage, or internal links.",1,"PETLOU Dachshund Squeaky Plush Dog Toy, Black, 29-in - Chewy.com",64,"Buy Petlou Dachshund Squeaky Plush Dog Toy, Black, 29-in at Chewy.com. FREE shipping and the BEST customer service!",115,sausage dog toy,"Petlou Dachshund Squeaky Plush Dog Toy, Black, 29-in",1,petlou-dachshund,True,True,False,False,True,True,True,False,0,323,4,,,,,,,3,2,20.5,0,1,1,1,1.0
PDP,Ranking Keywords,Has striking-distance keywords in positions 21-50,https://www.chewy.com/acana-ranch-raised-beef-recipe/dp/741222,True,"Evaluate whether the page needs stronger content, intent coverage, or internal links.",1,"ACANA Ranch-Raised Beef Morsels Grain-Free High-Protein Freeze-Dried Dog Food & Topper, 8-oz bag - Chewy.com",108,"Buy ACANA Ranch-Raised Beef Morsels Grain-Free High-Protein Freeze-Dried Dog Food & Topper, 8-oz bag at Chewy.com. FREE shipping and the BEST customer service!",159,acana freeze-dried food for dogs,"ACANA Ranch-Raised Beef Morsels Grain-Free High-Protein Freeze-Dried Dog Food & Topper, 8-oz bag",1,acana-ranch-raised-beef-recipe,True,True,False,False,True,True,True,True,58,330,3,,,,,,,1,1,24.0,0,0,1,0,1.0
PDP,Ranking Keywords,Has striking-distance keywords in positions 21-50,https://www.chewy.com/purina-beyond-simply-white-meat/dp/106844,True,"Evaluate whether the page needs stronger content, intent coverage, or internal links.",1,"Discontinued - PURINA BEYOND Simply White Meat Chicken & Whole Oat Meal Recipe Dry Cat Food, 3-lb bag - Chewy.com",113,"Buy Purina Beyond Simply White Meat Chicken & Whole Oat Meal Recipe Dry Cat Food, 3-lb bag at Chewy.com. FREE shipping and the BEST customer service!",149,purina beyond whole grains for cats,"Purina Beyond Simply White Meat Chicken & Whole Oat Meal Recipe Dry Cat Food, 3-lb bag",1,purina-beyond-simply-white-meat,True,False,False,False,True,True,True,True,1,305,4,,,,,,,1,1,21.0,0,0,1,0,7.0
PDP,Ranking Keywords,Has striking-distance keywords in positions 21-50,https://www.chewy.com/top-dog-chews-premium-large-antler/dp/157969,True,"Evaluate whether the page needs stronger content, intent coverage, or internal links.",5,"TOP DOG CHEWS Premium Large Antler Variety Pack Dog Treats, 1-lb bag - Chewy.com",80,"Buy Top Dog Chews Premium Large Antler Variety Pack Dog Treats, 1-lb bag at Chewy.com. FREE shipping and the BEST customer service!",131,best antler for dogs,"Top Dog Chews Premium Large Antler Variety Pack Dog Treats, 1-lb bag",1,top-dog-chews-premium-large-antler,True,True,False,False,True,True,True,True,68,330,3,,,,,,,6,6,26.4,0,0,5,1,1.0
PDP,Ranking Keywords,Has striking-distance keywords in positions 21-50,https://www.chewy.com/taste-wild-pine-forest-grain-free-dry/dp/119120,True,"Evaluate whether the page needs stronger content, intent coverage, or internal links.",1,"TASTE OF THE WILD Pine Forest Grain-Free Dry Dog Food, 5-lb bag - Chewy.com",75,"Buy Taste of the Wild Pine Forest Grain-Free Dry Dog Food, 5-lb bag at Chewy.com. FREE shipping and the BEST customer service!",126,wild and free dog food reviews,"Taste of the Wild Pine Forest Grain-Free Dry Dog Food, 5-lb bag",1,taste-wild-pine-forest-grain-free-dry,True,True,False,False,True,True,True,True,27,330,4,,,,,,,2,2,23.0,0,1,1,0,1.0
PDP,Ranking Keywords,Has striking-distance keywords in positions 21-50,https://www.chewy.com/mannapro-horse-manna-nutrition/dp/1384966,True,"Evaluate whether the page needs stronger content, intent coverage, or internal links.",1,"MANNA PRO Horse-Manna Nutrition Enhancement Performance Supplement for Horses, 20-lb bag - Chewy.com",100,"Buy Manna Pro Horse-Manna Nutrition Enhancement Performance Supplement for Horses, 20-lb bag at Chewy.com. FREE shipping and the BEST customer service!",151,manna pro horse supplements,"Manna Pro Horse-Manna Nutrition Enhancement Performance Supplement for Horses, 20-lb bag",1,mannapro-horse-manna-nutrition,True,True,False,False,True,True,True,True,26,329,3,,,,,,,2,1,20.5,0,1,1,0,1.0
PDP,Ranking Keywords,Has striking-distance keywords in positions 21-50,https://www.chewy.com/buckle-down-hulk-dog-plush-squeaker/dp/383660,False,"Evaluate whether the page needs stronger content, intent coverage, or internal links.",1,,,,,hulk dog toy,,,,,,,,,,,,,,,,,,,,,2,1,20.5,0,1,1,0,
PDP,Ranking Keywords,Has striking-distance keywords in positions 21-50,https://www.chewy.com/native-pet-vet-formulated-probiotic/dp/3299326,True,"Evaluate whether the page needs stronger content, intent coverage, or internal links.",1,"NATIVE PET Probiotic Powder Organic, Human Grade, Vet-Formulated Digestive Supplement for Dogs, 1.7-oz - Chewy.com",114,"Buy Native Pet Probiotic Powder Organic, Human Grade, Vet-Formulated Digestive Supplement for Dogs, 1.7-oz at Chewy.com. FREE shipping and the BEST customer service!",165,native pet probiotic reviews,"Native Pet Probiotic Powder Organic, Human Grade, Vet-Formulated Digestive Supplement for Dogs, 1.7-oz",1,native-pet-vet-formulated-probiotic,True,True,False,False,True,True,True,True,4,327,3,,,,,,,2,2,22.5,0,1,1,0,1.0
PDP,Ranking Keywords,Has striking-distance keywords in positions 21-50,https://www.chewy.com/vets-best-indoor-flea-tick-home-spray/dp/45161,True,"Evaluate whether the page needs stronger content, intent coverage, or internal links.",1,"VET'S BEST Indoor Flea & Tick Peppermint Home Spray for Dogs, 32-fl oz bottle - Chewy.com",89,"Buy Vet's Best Indoor Flea & Tick Peppermint Home Spray for Dogs, 32-fl oz bottle at Chewy.com. FREE shipping and the BEST customer service!",140,best flea and tick home spray,"Vet's Best Indoor Flea & Tick Peppermint Home Spray for Dogs, 32-fl oz bottle",1,vets-best-indoor-flea-tick-home-spray,True,True,False,False,True,True,True,True,22,330,2,good,2388.0,good,0.0,,,3,2,20.67,0,2,1,0,1.0
PDP,Ranking Keywords,Has striking-distance keywords in positions 21-50,https://www.chewy.com/azestfor-homemade-veggie-flavored/dp/2106622,True,"Evaluate whether the page needs stronger content, intent coverage, or internal links.",1,"AZESTFOR Homemade Dog Food Veggie Flavored Powder Multivitamins for Dogs, 1-lb bag - Chewy.com",94,"Buy Azestfor Homemade Dog Food Veggie Flavored Powder Multivitamins for Dogs, 1-lb bag at Chewy.com. FREE shipping and the BEST customer service!",145,best supplement powder for homemade dog food,"Azestfor Homemade Dog Food Veggie Flavored Powder Multivitamins for Dogs, 1-lb bag",1,azestfor-homemade-veggie-flavored,True,True,False,False,True,True,True,True,17,317,4,,,,,,,4,4,21.0,0,0,1,3,1.0
PDP,Ranking Keywords,Has striking-distance keywords in positions 21-50,https://www.chewy.com/furzapper-dog-cat-hair-removal-tool/dp/206637,True,"Evaluate whether the page needs stronger content, intent coverage, or internal links.",2,"FURZAPPER Dog & Cat Hair Removal Tool, 2 count - Chewy.com",58,"Buy FurZapper Dog & Cat Hair Removal Tool, 2 count at Chewy.com. FREE shipping and the BEST customer service!",109,fur zapper reviews,"FurZapper Dog & Cat Hair Removal Tool, 2 count",1,furzapper-dog-cat-hair-removal-tool,True,True,False,False,True,True,True,True,16,319,3,,,,,,,4,4,23.33,0,1,2,1,2.0
PDP,Ranking Keywords,Has striking-distance keywords in positions 21-50,https://www.chewy.com/zoo-med-floating-turtle-feeder/dp/636614,True,"Evaluate whether the page needs stronger content, intent coverage, or internal links.",2,ZOO MED Floating Turtle Feeder - Chewy.com,42,Buy Zoo Med Floating Turtle Feeder at Chewy.com. FREE shipping and the BEST customer service!,93,aquatic turtle feeder,Zoo Med Floating Turtle Feeder,1,zoo-med-floating-turtle-feeder,True,True,False,False,True,True,True,False,17,317,3,,,,,,,3,3,23.0,0,1,2,0,1.0
PDP,Ranking Keywords,Has striking-distance keywords in positions 21-50,https://www.chewy.com/luckypets-auto-citronella-dog-bark/dp/853614,True,"Evaluate whether the page needs stronger content, intent coverage, or internal links.",1,"LUCKYPETS Auto Citronella Dog Bark Collar, Black - Chewy.com",60,"Buy Luckypets Auto Citronella Dog Bark Collar, Black at Chewy.com. FREE shipping and the BEST customer service!",111,collares de citronela,"Luckypets Auto Citronella Dog Bark Collar, Black",1,luckypets-auto-citronella-dog-bark,True,False,False,False,True,True,True,True,41,322,4,,,,,,,2,2,24.5,0,1,1,0,1.0
PDP,Ranking Keywords,Has striking-distance keywords in positions 21-50,https://www.chewy.com/zoo-med-aquatic-frog-tadpole-food/dp/124345,True,"Evaluate whether the page needs stronger content, intent coverage, or internal links.",1,"ZOO MED Aquatic Frog & Tadpole Food, 2-oz jar - Chewy.com",57,"Buy Zoo Med Aquatic Frog & Tadpole Food, 2-oz jar at Chewy.com. FREE shipping and the BEST customer service!",108,aquatic frog pellets,"Zoo Med Aquatic Frog & Tadpole Food, 2-oz jar",1,zoo-med-aquatic-frog-tadpole-food,True,True,False,False,True,True,True,True,0,327,4,,,,,,,2,2,24.0,0,0,1,1,1.0
PDP,Ranking Keywords,Has striking-distance keywords in positions 21-50,https://www.chewy.com/coralife-seascape-incandescent-smart/dp/1393790,True,"Evaluate whether the page needs stronger content, intent coverage, or internal links.",2,"CORALIFE Seascape Incandescent SMART LED Light Fixture, Black, 48 to 54-in - Chewy.com",86,"Buy Coralife Seascape Incandescent SMART LED Light Fixture, Black, 48 to 54-in at Chewy.com. FREE shipping and the BEST customer service!",137,coralife aquarium lights,"Coralife Seascape Incandescent SMART LED Light Fixture, Black, 48 to 54-in",1,coralife-seascape-incandescent-smart,True,True,False,False,True,True,True,False,17,316,4,,,,,,,2,1,22.0,0,0,2,0,1.0
PDP,Ranking Keywords,Has striking-distance keywords in positions 21-50,https://www.chewy.com/omega-one-protein-enhanced-goldfish/dp/125465,True,"Evaluate whether the page needs stronger content, intent coverage, or internal links.",1,"OMEGA ONE Protein Enhanced Goldfish Flakes Fish Food, 2.2-oz jar - Chewy.com",76,"Buy Omega One Protein Enhanced Goldfish Flakes Fish Food, 2.2-oz jar at Chewy.com. FREE shipping and the BEST customer service!",127,omega one fish food,"Omega One Protein Enhanced Goldfish Flakes Fish Food, 2.2-oz jar",1,omega-one-protein-enhanced-goldfish,True,True,False,False,True,True,True,False,11,323,3,,,,,,,1,1,21.0,0,0,1,0,1.0
PDP,Ranking Keywords,Has striking-distance keywords in positions 21-50,https://www.chewy.com/catit-go-natural-vanilla-scented-pea/dp/1709110,True,"Evaluate whether the page needs stronger content, intent coverage, or internal links.",1,"CATIT Go Natural Multi Cat Vanilla Scented Pea Husk Clumping Cat Litter, 14.1-lb bag - Chewy.com",96,"Buy Catit Go Natural Multi Cat Vanilla Scented Pea Husk Clumping Cat Litter, 14.1-lb bag at Chewy.com. FREE shipping and the BEST customer service!",147,catit cat litter,"Catit Go Natural Multi Cat Vanilla Scented Pea Husk Clumping Cat Litter, 14.1-lb bag",1,catit-go-natural-vanilla-scented-pea,True,True,False,False,True,True,True,True,23,327,3,,,,,,,1,1,21.0,0,0,1,0,1.0
PDP,Ranking Keywords,Has striking-distance keywords in positions 21-50,https://www.chewy.com/chi-oatmeal-dog-conditioner/dp/186529,True,"Evaluate whether the page needs stronger content, intent coverage, or internal links.",1,"CHI Oatmeal Dog Conditioner, 6-fl oz bottle - Chewy.com",55,"Buy CHI Oatmeal Dog Conditioner, 6-fl oz bottle at Chewy.com. FREE shipping and the BEST customer service!",106,oatmeal dog conditioner,"CHI Oatmeal Dog Conditioner, 6-fl oz bottle",1,chi-oatmeal-dog-conditioner,True,True,False,False,True,True,True,True,1,329,4,,,,,,,1,1,21.0,0,0,1,0,3.0
PDP,Ranking Keywords,Has striking-distance keywords in positions 21-50,https://www.chewy.com/x-dinovite-medium-dog-supplement/dp/297164,True,"Evaluate whether the page needs stronger content, intent coverage, or internal links.",1,"DINOVITE Gut Health Skin & Coat Immunity Powder Daily 3-in-1 Supplement Meal Topper for Adult Medium Dogs, 3.5-lb bag - Chewy.com",129,"Buy Dinovite Gut Health Skin & Coat Immunity Powder Daily 3-in-1 Supplement Meal Topper for Adult Medium Dogs, 3.5-lb bag at Chewy.com. FREE shipping and the BEST customer service!",180,dinovite dog supplements,"Dinovite Gut Health Skin & Coat Immunity Powder Daily 3-in-1 Supplement Meal Topper for Adult Medium Dogs, 3.5-lb bag",1,x-dinovite-medium-dog-supplement,True,True,False,False,True,True,True,True,2,328,4,,,,,,,1,1,21.0,0,0,1,0,1.0
PDP,Ranking Keywords,Has striking-distance keywords in positions 21-50,https://www.chewy.com/birdfy-smart-bird-feeder-motion/dp/1266886,True,"Evaluate whether the page needs stronger content, intent coverage, or internal links.",1,"BIRDFY Smart Bird Feeder Camera Solar Powered & AI Recognition, Blue, 1.5L - Chewy.com",86,"Buy Birdfy Smart Bird Feeder Camera Solar Powered & AI Recognition, Blue, 1.5L at Chewy.com. FREE shipping and the BEST customer service!",137,birdfy,"Birdfy Smart Bird Feeder Camera Solar Powered & AI Recognition, Blue, 1.5L",1,birdfy-smart-bird-feeder-motion,True,True,False,False,True,True,True,True,52,318,3,,,,,,,1,1,21.0,0,0,1,0,1.0
PDP,Ranking Keywords,Has striking-distance keywords in positions 21-50,https://www.chewy.com/funky-unicorn-gastric-support-antacid/dp/1265150,True,"Evaluate whether the page needs stronger content, intent coverage, or internal links.",1,"FUNKY UNICORN Gastric Support Antacid Mint Chew Horse Supplement, 7-oz pouch - Chewy.com",88,"Buy Funky Unicorn Gastric Support Antacid Mint Chew Horse Supplement, 7-oz pouch at Chewy.com. FREE shipping and the BEST customer service!",139,funky unicorn,"Funky Unicorn Gastric Support Antacid Mint Chew Horse Supplement, 7-oz pouch",1,funky-unicorn-gastric-support-antacid,True,True,False,False,True,True,True,True,64,329,3,,,,,,,1,1,21.0,0,0,1,0,1.0
PDP,Ranking Keywords,Has striking-distance keywords in positions 21-50,https://www.chewy.com/healthy-haircare-hair-moisturizer/dp/269252,True,"Evaluate whether the page needs stronger content, intent coverage, or internal links.",1,"HEALTHY HAIRCARE Hair Moisturizer Concentrate Horse Conditioner, 16-fl oz bottle - Chewy.com",92,"Buy Healthy HairCare Hair Moisturizer Concentrate Horse Conditioner, 16-fl oz bottle at Chewy.com. FREE shipping and the BEST customer service!",143,healthy haircare,"Healthy HairCare Hair Moisturizer Concentrate Horse Conditioner, 16-fl oz bottle",1,healthy-haircare-hair-moisturizer,True,True,False,False,True,True,True,True,159,332,3,,,,,,,1,1,21.0,0,0,1,0,1.0
PDP,Ranking Keywords,Has striking-distance keywords in positions 21-50,https://www.chewy.com/jp-korsteel-stainless-steel-hunter/dp/3512094,True,"Evaluate whether the page needs stronger content, intent coverage, or internal links.",1,"JP KORSTEEL Stainless Steel Hunter Dee Ring Snaffle Horse Bit, 5.5-in - Chewy.com",81,"Buy JP Korsteel Stainless Steel Hunter Dee Ring Snaffle Horse Bit, 5.5-in at Chewy.com. FREE shipping and the BEST customer service!",132,jp korsteel,"JP Korsteel Stainless Steel Hunter Dee Ring Snaffle Horse Bit, 5.5-in",1,jp-korsteel-stainless-steel-hunter,True,True,False,False,True,True,True,False,14,313,3,,,,,,,1,1,21.0,0,0,1,0,1.0
PDP,Ranking Keywords,Has striking-distance keywords in positions 21-50,https://www.chewy.com/jp-korsteel-stainless-steel-oval-link/dp/313292,True,"Evaluate whether the page needs stronger content, intent coverage, or internal links.",1,"JP KORSTEEL Stainless Steel Oval Link Eggbutt Horse Snaffle Bit, 5-in - Chewy.com",81,"Buy JP Korsteel Stainless Steel Oval Link Eggbutt Horse Snaffle Bit, 5-in at Chewy.com. FREE shipping and the BEST customer service!",132,korsteel,"JP Korsteel Stainless Steel Oval Link Eggbutt Horse Snaffle Bit, 5-in",1,jp-korsteel-stainless-steel-oval-link,True,True,False,False,True,True,True,True,60,330,4,,,,,,,1,1,21.0,0,0,1,0,
PDP,Ranking Keywords,Has striking-distance keywords in positions 21-50,https://www.chewy.com/caribsea-seaflor-special-aragonite/dp/322476,True,"Evaluate whether the page needs stronger content, intent coverage, or internal links.",1,"CARIBSEA Seaflor Special Aragonite Aquarium Sand, 40-lb bag - Chewy.com",71,"Buy CaribSea Seaflor Special Aragonite Aquarium Sand, 40-lb bag at Chewy.com. FREE shipping and the BEST customer service!",122,aragonite sand saltwater aquarium,"CaribSea Seaflor Special Aragonite Aquarium Sand, 40-lb bag",1,caribsea-seaflor-special-aragonite,True,True,False,False,True,True,True,True,49,323,3,,,,,,,1,1,21.0,0,0,1,0,1.0
PDP,Ranking Keywords,Has striking-distance keywords in positions 21-50,https://www.chewy.com/audubon-park-mealworms-seed-wild-bird/dp/1351982,True,"Evaluate whether the page needs stronger content, intent coverage, or internal links.",1,"AUDUBON PARK Mealworms Wild Bird Food, 0.5-lb bag - Chewy.com",61,"Buy Audubon Park Mealworms Wild Bird Food, 0.5-lb bag at Chewy.com. FREE shipping and the BEST customer service!",112,bird seed with mealworms,"Audubon Park Mealworms Wild Bird Food, 0.5-lb bag",1,audubon-park-mealworms-seed-wild-bird,True,True,False,False,True,True,True,False,41,319,3,,,,,,,1,1,21.0,0,0,1,0,1.0
PDP,Ranking Keywords,Has striking-distance keywords in positions 21-50,https://www.chewy.com/lazy-kitty-salmon-recipe-air-dried/dp/248072,True,"Evaluate whether the page needs stronger content, intent coverage, or internal links.",1,"LAZY KITTY Salmon Recipe Air-Dried Grain-Free Cat Treats, 3-oz bag - Chewy.com",78,"Buy Lazy Kitty Salmon Recipe Air-Dried Grain-Free Cat Treats, 3-oz bag at Chewy.com. FREE shipping and the BEST customer service!",129,dehydrated salmon cat treats,"Lazy Kitty Salmon Recipe Air-Dried Grain-Free Cat Treats, 3-oz bag",1,lazy-kitty-salmon-recipe-air-dried,True,False,False,False,True,True,True,False,33,311,4,,,,,,,1,1,21.0,0,0,1,0,1.0
PDP,Ranking Keywords,Has striking-distance keywords in positions 21-50,https://www.chewy.com/whole-life-pet-just-one-shrimp-freeze/dp/1993270,True,"Evaluate whether the page needs stronger content, intent coverage, or internal links.",1,"WHOLE LIFE Just One Ingredient Shrimp Freeze-Dried Cat Treats, 0.7-oz bag - Chewy.com",85,"Buy Whole Life Just One Ingredient Shrimp Freeze-Dried Cat Treats, 0.7-oz bag at Chewy.com. FREE shipping and the BEST customer service!",136,freeze dried shrimp cat treats,"Whole Life Just One Ingredient Shrimp Freeze-Dried Cat Treats, 0.7-oz bag",1,whole-life-pet-just-one-shrimp-freeze,True,True,False,False,True,True,True,True,21,329,3,,,,,,,1,1,21.0,0,0,1,0,1.0
PDP,Ranking Keywords,Has striking-distance keywords in positions 21-50,https://www.chewy.com/fabcat-floppy-lion-teaser-wand-cat/dp/3755534,True,"Evaluate whether the page needs stronger content, intent coverage, or internal links.",1,"FABCAT Floppy Lion Teaser Wand Cat Toy with Catnip, Beige - Chewy.com",69,"Buy Fabcat Floppy Lion Teaser Wand Cat Toy with Catnip, Beige at Chewy.com. FREE shipping and the BEST customer service!",120,lion cat toy,"Fabcat Floppy Lion Teaser Wand Cat Toy with Catnip, Beige",1,fabcat-floppy-lion-teaser-wand-cat,True,True,False,False,True,True,True,False,43,316,3,,,,,,,1,1,21.0,0,0,1,0,1.0
PDP,Ranking Keywords,Has striking-distance keywords in positions 21-50,https://www.chewy.com/dreambone-grill-masters-t-bones-chews/dp/332894,True,"Evaluate whether the page needs stronger content, intent coverage, or internal links.",1,"DREAMBONE Grill Masters T-Bones BBQ Flavor Rawhide Free Dog Chews, 8 count - Chewy.com",86,"Buy DreamBone Grill Masters T-Bones BBQ Flavor Rawhide Free Dog Chews, 8 count at Chewy.com. FREE shipping and the BEST customer service!",137,t bones for dogs,"DreamBone Grill Masters T-Bones BBQ Flavor Rawhide Free Dog Chews, 8 count",1,dreambone-grill-masters-t-bones-chews,True,True,False,False,True,True,True,True,24,330,2,,,,,,,1,1,21.0,0,0,1,0,1.0
PDP,Ranking Keywords,Has striking-distance keywords in positions 21-50,https://www.chewy.com/kitty-ka-zoom-valerian-root-roar/dp/1365638,True,"Evaluate whether the page needs stronger content, intent coverage, or internal links.",1,"KITTY KA-ZOOM Valerian Root Roar Catnip, 1.75-oz bag - Chewy.com",64,"Buy Kitty Ka-Zoom Valerian Root Roar Catnip, 1.75-oz bag at Chewy.com. FREE shipping and the BEST customer service!",115,valerian catnip,"Kitty Ka-Zoom Valerian Root Roar Catnip, 1.75-oz bag",1,kitty-ka-zoom-valerian-root-roar,True,True,False,False,True,True,True,False,13,318,3,,,,,,,1,1,21.0,0,0,1,0,1.0
PDP,Ranking Keywords,Has striking-distance keywords in positions 21-50,https://www.chewy.com/rubies-costume-company-wonder-woman/dp/156733,True,"Evaluate whether the page needs stronger content, intent coverage, or internal links.",1,"RUBIE'S COSTUME COMPANY Wonder Woman Dog & Cat Costume, X-Large - Chewy.com",75,"Buy Rubie's Costume Company Wonder Woman Dog & Cat Costume, X-Large at Chewy.com. FREE shipping and the BEST customer service!",126,wonder woman dog toy,"Rubie's Costume Company Wonder Woman Dog & Cat Costume, X-Large",1,rubies-costume-company-wonder-woman,True,True,False,False,True,True,True,True,31,327,4,,,,,,,1,1,21.0,0,0,1,0,1.0
PDP,Ranking Keywords,Has striking-distance keywords in positions 21-50,https://www.chewy.com/andis-ceramicedge-detachable-blade/dp/112690,True,"Evaluate whether the page needs stronger content, intent coverage, or internal links.",1,"ANDIS CeramicEdge Detachable Blade, #30, 1/50"" - 0.5 mm - Chewy.com",67,"Buy Andis CeramicEdge Detachable Blade, #30, 1/50"" - 0.5 mm at Chewy.com. FREE shipping and the BEST customer service!",118,andis ceramicedge,"Andis CeramicEdge Detachable Blade, #30, 1/50"" - 0.5 mm",1,andis-ceramicedge-detachable-blade,True,True,False,False,True,True,True,True,6,334,5,,,,,,,1,1,21.0,0,0,1,0,1.0
PDP,Ranking Keywords,Has striking-distance keywords in positions 21-50,https://www.chewy.com/oxbow-forage-wise-adult-guinea-pig/dp/1093622,True,"Evaluate whether the page needs stronger content, intent coverage, or internal links.",1,"OXBOW Forage Wise Adult Guinea Pig Food, 4-lb bag - Chewy.com",61,"Buy Oxbow Forage Wise Adult Guinea Pig Food, 4-lb bag at Chewy.com. FREE shipping and the BEST customer service!",112,forage wise by oxbow,"Oxbow Forage Wise Adult Guinea Pig Food, 4-lb bag",1,oxbow-forage-wise-adult-guinea-pig,True,True,False,False,True,True,True,False,79,329,3,,,,,,,1,1,21.0,0,0,1,0,1.0
PDP,Ranking Keywords,Has striking-distance keywords in positions 21-50,https://www.chewy.com/rachael-ray-nutrish-soup-bones/dp/40472,True,"Evaluate whether the page needs stronger content, intent coverage, or internal links.",1,Rachael Ray Nutrish Soup Bones Chicken & Veggies Flavor Chews Dog Treats | Chewy,80,"Buy Rachael Ray Nutrish Soup Bones Premium Dog Chews with Real Chicken & Veggies Hard Dog Chews, 3 count bag at Chewy.com. FREE shipping and the BEST customer service!",167,rachael ray nutrish soup bones for dogs,"Rachael Ray Nutrish Soup Bones Premium Dog Chews with Real Chicken & Veggies Hard Dog Chews, 3 count bag",1,rachael-ray-nutrish-soup-bones,True,True,False,False,True,True,True,True,18,330,3,,,,,,,1,1,21.0,0,0,1,0,1.0
PDP,Ranking Keywords,Has striking-distance keywords in positions 21-50,https://www.chewy.com/honest-kitchen-whole-grain-chicken/dp/113489,True,"Evaluate whether the page needs stronger content, intent coverage, or internal links.",1,"THE HONEST KITCHEN Human Grade Wholemade Whole Grain Chicken Dehydrated Dog Food, 10-lb box - Chewy.com",103,"Buy The Honest Kitchen Human Grade Wholemade Whole Grain Chicken Dehydrated Dog Food, 10-lb box at Chewy.com. FREE shipping and the BEST customer service!",154,the honest kitchen whole grain for dogs,"The Honest Kitchen Human Grade Wholemade Whole Grain Chicken Dehydrated Dog Food, 10-lb box",1,honest-kitchen-whole-grain-chicken,True,True,False,False,True,True,True,True,59,334,3,needs,2685.0,needs,0.1,,,1,1,21.0,0,0,1,0,3.0
PDP,Ranking Keywords,Has striking-distance keywords in positions 21-50,https://www.chewy.com/walkin-pets-walkin-wheels-dog/dp/4372710,True,"Evaluate whether the page needs stronger content, intent coverage, or internal links.",1,"WALKIN' PETS Walkin' Wheels Dog Wheelchair, Seafoam, Small: 9 to 13-in rear leg height - Chewy.com",98,"Buy Walkin' Pets Walkin' Wheels Dog Wheelchair, Seafoam, Small: 9 to 13-in rear leg height at Chewy.com. FREE shipping and the BEST customer service!",149,walkin' pets by handicapped pets,"Walkin' Pets Walkin' Wheels Dog Wheelchair, Seafoam, Small: 9 to 13-in rear leg height",1,walkin-pets-walkin-wheels-dog,True,True,False,False,True,True,True,False,14,315,4,,,,,,,1,1,21.0,0,0,1,0,1.0
PDP,Ranking Keywords,Has striking-distance keywords in positions 21-50,https://www.chewy.com/api-turtle-water-conditioner/dp/121916,True,"Evaluate whether the page needs stronger content, intent coverage, or internal links.",1,"API Turtle Water Conditioner, 4-oz bottle - Chewy.com",53,"Buy API Turtle Water Conditioner, 4-oz bottle at Chewy.com. FREE shipping and the BEST customer service!",104,turtle water conditioners,"API Turtle Water Conditioner, 4-oz bottle",1,api-turtle-water-conditioner,True,True,False,False,True,True,True,True,1,329,4,,,,,,,1,1,21.0,0,0,1,0,1.0
PDP,Ranking Keywords,Has striking-distance keywords in positions 21-50,https://www.chewy.com/baytril-enrofloxacin-tablets-dogs/dp/700902,False,"Evaluate whether the page needs stronger content, intent coverage, or internal links.",1,,,,,baytril antibiotics dogs,,,,,,,,,,,,,,,,,,,,,2,2,21.0,0,0,1,1,
PDP,Ranking Keywords,Has striking-distance keywords in positions 21-50,https://www.chewy.com/hartz-ultraguard-rid-flea-tick/dp/133655,True,"Evaluate whether the page needs stronger content, intent coverage, or internal links.",1,"HARTZ UltraGuard Rid Flea & Tick Oatmeal Dog Shampoo, 18-fl oz bottle - Chewy.com",81,"Buy Hartz UltraGuard Rid Flea & Tick Oatmeal Dog Shampoo, 18-fl oz bottle at Chewy.com. FREE shipping and the BEST customer service!",132,hartz dog flea tick shampoos,"Hartz UltraGuard Rid Flea & Tick Oatmeal Dog Shampoo, 18-fl oz bottle",1,hartz-ultraguard-rid-flea-tick,True,True,False,False,True,True,True,True,60,321,3,,,,,,,1,1,21.0,0,0,1,0,1.0
PDP,Ranking Keywords,Has striking-distance keywords in positions 21-50,https://www.chewy.com/petarmor-plus-flea-tick-spot/dp/711142,True,"Evaluate whether the page needs stronger content, intent coverage, or internal links.",1,PetArmor Plus Flea & Tick Squeeze-On Treatment for Cats Over 1.5 lbs | Chewy (Free Shipping),92,"Buy PetArmor Plus Flea & Tick Spot Treatment for Cats, over 1.5 lbs, 1 count at Chewy.com. FREE shipping and the BEST customer service!",135,petarmor flea tick treatment medicine,"PetArmor Plus Flea & Tick Spot Treatment for Cats, over 1.5 lbs, 1 count",1,petarmor-plus-flea-tick-spot,True,True,False,False,True,True,True,True,29,328,3,,,,,,,1,1,21.0,0,0,1,0,1.0
PDP,Ranking Keywords,Has striking-distance keywords in positions 21-50,https://www.chewy.com/tetra-community-select-food-tropical/dp/126031,True,"Evaluate whether the page needs stronger content, intent coverage, or internal links.",1,"TETRA Community Select-A-Food Tropical Fish Food, 3.25-oz jar - Chewy.com",73,"Buy Tetra Community Select-A-Food Tropical Fish Food, 3.25-oz jar at Chewy.com. FREE shipping and the BEST customer service!",124,tetra tropical freshwater fish food,"Tetra Community Select-A-Food Tropical Fish Food, 3.25-oz jar",1,tetra-community-select-food-tropical,True,True,False,False,True,True,True,True,77,316,3,,,,,,,1,1,21.0,0,0,1,0,1.0
PDP,Ranking Keywords,Has striking-distance keywords in positions 21-50,https://www.chewy.com/shark-rotator-pet-upright-vacuum/dp/1349102,True,"Evaluate whether the page needs stronger content, intent coverage, or internal links.",5,"SHARK Rotator Pet Upright Vacuum, Black - Chewy.com",51,"Buy Shark Rotator Pet Upright Vacuum, Black at Chewy.com. FREE shipping and the BEST customer service!",102,best shark vacuum pet hair,"Shark Rotator Pet Upright Vacuum, Black",1,shark-rotator-pet-upright-vacuum,True,True,False,False,True,True,True,True,38,316,3,,,,,,,6,6,24.2,0,0,5,1,1.0
PDP,Ranking Keywords,Has striking-distance keywords in positions 21-50,https://www.chewy.com/best-dog-chews-split-elk-antler-dog/dp/790278,True,"Evaluate whether the page needs stronger content, intent coverage, or internal links.",1,"BEST DOG CHEWS Split Elk Antler Dog Treats, 1 count, Jumbo - Chewy.com",70,"Buy Best Dog Chews Split Elk Antler Dog Treats, 1 count, Jumbo at Chewy.com. FREE shipping and the BEST customer service!",121,best elk antlers for dogs,"Best Dog Chews Split Elk Antler Dog Treats, 1 count, Jumbo",1,best-dog-chews-split-elk-antler-dog,True,True,False,False,True,True,True,False,6,325,5,,,,,,,1,1,21.0,0,0,1,0,1.0
PDP,Ranking Keywords,Has striking-distance keywords in positions 21-50,https://www.chewy.com/petsafe-stubborn-dog-in-ground-fence/dp/48858,True,"Evaluate whether the page needs stronger content, intent coverage, or internal links.",1,PetSafe Stubborn Dog In-Ground Fence System (Free Shipping) | Chewy,67,Buy PetSafe Stubborn Dog In-Ground Fence System at Chewy.com. FREE shipping and the BEST customer service!,106,best underground dog fence for stubborn dogs,PetSafe Stubborn Dog In-Ground Fence System,1,petsafe-stubborn-dog-in-ground-fence,True,True,False,False,True,True,True,True,43,330,3,good,2067.0,good,0.0,,,3,3,25.0,0,0,1,2,4.0
PDP,Ranking Keywords,Has striking-distance keywords in positions 21-50,https://www.chewy.com/els-pet-galaxy-pod-lite-automatic/dp/1767358,True,"Evaluate whether the page needs stronger content, intent coverage, or internal links.",1,"ELS PET Orbitie Automatic Self-Cleaning Cat Litter Box, White - Chewy.com",73,"Buy els pet Orbitie Automatic Self-Cleaning Cat Litter Box, White at Chewy.com. FREE shipping and the BEST customer service!",124,els pet litter box reviews,"els pet Orbitie Automatic Self-Cleaning Cat Litter Box, White",1,els-pet-galaxy-pod-lite-automatic,True,True,False,False,True,True,True,True,12,319,4,,,,,,,1,1,21.0,0,0,1,0,3.0
PDP,Ranking Keywords,Has striking-distance keywords in positions 21-50,https://www.chewy.com/neakasa-m1-open-top-self-cleaning-cat/dp/1473206,True,"Evaluate whether the page needs stronger content, intent coverage, or internal links.",2,NEAKASA M1 Plus Open Top Self-Cleaning Cat Litter Box - Chewy.com,65,Buy Neakasa M1 Plus Open Top Self-Cleaning Cat Litter Box at Chewy.com. FREE shipping and the BEST customer service!,116,neakasa litter box reviews,Neakasa M1 Plus Open Top Self-Cleaning Cat Litter Box,1,neakasa-m1-open-top-self-cleaning-cat,True,True,False,False,True,True,True,True,30,326,3,good,2386.0,good,0.065,,,2,2,21.5,0,0,2,0,8.0
PDP,Ranking Keywords,Has striking-distance keywords in positions 21-50,https://www.chewy.com/casper-bolster-dog-bed/dp/342482,True,"Evaluate whether the page needs stronger content, intent coverage, or internal links.",1,"CASPER Bolster Dog Bed, Blue, Small - Chewy.com",47,"Buy Casper Bolster Dog Bed, Blue, Small at Chewy.com. FREE shipping and the BEST customer service!",98,casper dog bed review,"Casper Bolster Dog Bed, Blue, Small",1,casper-bolster-dog-bed,True,True,False,False,True,True,True,True,4,321,5,,,,,,,1,1,21.0,0,0,1,0,2.0
PDP,Ranking Keywords,Has striking-distance keywords in positions 21-50,https://www.chewy.com/wahl-pro-ion-lithium-cordless-pet/dp/131930,True,"Evaluate whether the page needs stronger content, intent coverage, or internal links.",1,"WAHL Pro Ion Lithium Cordless Pet Hair Grooming Clipper, Black/Silver - Chewy.com",81,"Buy Wahl Pro Ion Lithium Cordless Pet Hair Grooming Clipper, Black/Silver at Chewy.com. FREE shipping and the BEST customer service!",132,wahl lithium ion,"Wahl Pro Ion Lithium Cordless Pet Hair Grooming Clipper, Black/Silver",1,wahl-pro-ion-lithium-cordless-pet,True,True,False,False,True,True,True,True,12,312,4,,,,,,,2,2,21.0,0,0,1,1,1.0
PDP,Ranking Keywords,Has striking-distance keywords in positions 21-50,https://www.chewy.com/deramaxx-deracoxib-chewable-tablets/dp/172970,True,"Evaluate whether the page needs stronger content, intent coverage, or internal links.",1,"DERAMAXX (deracoxib) Chewable Tablets for Dogs, 12-mg - Easy Refills | Chewy Rx",79,Deramaxx is a chewable medication prescribed by veterinarians to help control postoperative pain and inflammation in dogs. These beef-flavored tablets make feeding your pal his medication a snapjust like a treator they can be easily disguised in his favorite food. **We directly source prescription medications from manufacturers and wholesale distributors registered with the FDA and licensed by applicable state boards.,421,duramax for dogs,"Deramaxx (deracoxib) Chewable Tablets for Dogs, 12-mg, 1 tablet",1,deramaxx-deracoxib-chewable-tablets,True,True,False,False,True,True,True,True,9,324,4,needs,2671.0,good,0.0,,,1,1,21.0,0,0,1,0,5.0
PDP,Ranking Keywords,Has striking-distance keywords in positions 21-50,https://www.chewy.com/special-breed-premium-liquid-collagen/dp/2268278,True,"Evaluate whether the page needs stronger content, intent coverage, or internal links.",1,"SPECIAL BREED Premium Liquid Collagen Joint Supplement for Dogs, 4-fl oz bottle - Chewy.com",91,"Buy Special Breed Premium Liquid Collagen Joint Supplement for Dogs, 4-fl oz bottle at Chewy.com. FREE shipping and the BEST customer service!",142,collagen supplement for dogs,"Special Breed Premium Liquid Collagen Joint Supplement for Dogs, 4-fl oz bottle",1,special-breed-premium-liquid-collagen,True,True,False,False,True,True,True,True,54,329,3,good,2402.0,good,0.065,,,1,1,21.0,0,0,1,0,75.0
PDP,Ranking Keywords,Has striking-distance keywords in positions 21-50,https://www.chewy.com/hoof-boss-basic-battery-operated-goat/dp/259584,True,"Evaluate whether the page needs stronger content, intent coverage, or internal links.",1,HOOF BOSS Basic Battery Operated Goat Hoof Trimmer Set - Chewy.com,66,Buy Hoof Boss Basic Battery Operated Goat Hoof Trimmer Set at Chewy.com. FREE shipping and the BEST customer service!,117,goat hoof trimmers,Hoof Boss Basic Battery Operated Goat Hoof Trimmer Set,1,hoof-boss-basic-battery-operated-goat,True,True,False,False,True,True,True,True,12,313,4,,,,,,,1,1,21.0,0,0,1,0,1.0
PDP,Ranking Keywords,Has striking-distance keywords in positions 21-50,https://www.chewy.com/petsafe-scoopfree-complete-plus-self/dp/227657,True,"Evaluate whether the page needs stronger content, intent coverage, or internal links.",1,PetSafe ScoopFree Crystal Pro Legacy Front Entry Self-Cleaning Cat Litter Box | Chewy,85,Buy PetSafe ScoopFree Crystal Pro Legacy Front Entry Self-Cleaning Cat Litter Box at Chewy.com. FREE shipping and the BEST customer service!,140,petsafe cat litter boxes,PetSafe ScoopFree Crystal Pro Legacy Front Entry Self-Cleaning Cat Litter Box,1,petsafe-scoopfree-complete-plus-self,True,True,False,False,True,True,True,True,41,332,3,,,,,,,1,1,22.0,0,0,1,0,4.0
PDP,Ranking Keywords,Has striking-distance keywords in positions 21-50,https://www.chewy.com/adams-plus-sensitive-skin-formula/dp/191455,True,"Evaluate whether the page needs stronger content, intent coverage, or internal links.",2,"ADAMS Plus Sensitive Skin Formula Flea & Tick Foaming Cat Shampoo, 10-fl oz bottle - Chewy.com",94,"Buy ADAMS Plus Sensitive Skin Formula Flea & Tick Foaming Cat Shampoo, 10-fl oz bottle at Chewy.com. FREE shipping and the BEST customer service!",145,adams cat flea shampoo,"ADAMS Plus Sensitive Skin Formula Flea & Tick Foaming Cat Shampoo, 10-fl oz bottle",1,adams-plus-sensitive-skin-formula,True,True,False,False,True,True,True,True,32,317,3,,,,,,,2,2,22.5,0,0,2,0,8.0
PDP,Ranking Keywords,Has striking-distance keywords in positions 21-50,https://www.chewy.com/kaytee-clean-cozy-small-animal/dp/748350,True,"Evaluate whether the page needs stronger content, intent coverage, or internal links.",2,"KAYTEE Clean & Cozy Small Animal Bedding, 85-L, bundle of 2 - Chewy.com",71,"Buy Kaytee Clean & Cozy Small Animal Bedding, 85-L, bundle of 2 at Chewy.com. FREE shipping and the BEST customer service!",122,kaytee rabbit bedding,"Kaytee Clean & Cozy Small Animal Bedding, 85-L, bundle of 2",1,kaytee-clean-cozy-small-animal,True,False,False,False,True,True,True,True,5,330,3,,,,,,,2,2,24.5,0,0,2,0,1.0
PDP,Ranking Keywords,Has striking-distance keywords in positions 21-50,https://www.chewy.com/andis-dr-pol-cordless-2-speed-dog-cat/dp/1349470,True,"Evaluate whether the page needs stronger content, intent coverage, or internal links.",1,"ANDIS Dr. Pol Cordless 2-Speed Dog, Cat & Small Pet Nail Grinder, Light Blue - Chewy.com",88,"Buy Andis Dr. Pol Cordless 2-Speed Dog, Cat & Small Pet Nail Grinder, Light Blue at Chewy.com. FREE shipping and the BEST customer service!",139,andis pet nail grinder,"Andis Dr. Pol Cordless 2-Speed Dog, Cat & Small Pet Nail Grinder, Light Blue",1,andis-dr-pol-cordless-2-speed-dog-cat,True,True,False,False,True,True,True,True,33,317,3,,,,,,,1,1,22.0,0,0,1,0,5.0
PDP,Ranking Keywords,Has striking-distance keywords in positions 21-50,https://www.chewy.com/blue-buffalo-bursts-savory-seafood/dp/241902,True,"Evaluate whether the page needs stronger content, intent coverage, or internal links.",1,"BLUE BUFFALO Bursts with Savory Seafood Cat Treats, 5-oz bag - Chewy.com",72,"Buy Blue Buffalo Bursts with Savory Seafood Cat Treats, 5-oz bag at Chewy.com. FREE shipping and the BEST customer service!",123,blue buffalo crunchy cat treats,"Blue Buffalo Bursts with Savory Seafood Cat Treats, 5-oz bag",1,blue-buffalo-bursts-savory-seafood,True,True,False,False,True,True,True,True,43,328,3,,,,,,,1,1,22.0,0,0,1,0,1.0
PDP,Ranking Keywords,Has striking-distance keywords in positions 21-50,https://www.chewy.com/naturvet-electrolytes-concentrate/dp/45295,True,"Evaluate whether the page needs stronger content, intent coverage, or internal links.",1,"NATURVET Pet Electrolyte Concentrate Immunity Supplement for Dogs & Cats, 16-fl oz bottle - Chewy.com",101,"Buy NaturVet Pet Electrolyte Concentrate Immunity Supplement for Dogs & Cats, 16-fl oz bottle at Chewy.com. FREE shipping and the BEST customer service!",152,pet electrolytes,"NaturVet Pet Electrolyte Concentrate Immunity Supplement for Dogs & Cats, 16-fl oz bottle",1,naturvet-electrolytes-concentrate,True,True,False,False,True,True,True,True,18,316,3,,,,,,,1,1,22.0,0,0,1,0,2.0
PDP,Ranking Keywords,Has striking-distance keywords in positions 21-50,https://www.chewy.com/mealworm-to-go-dried-mealworm-berry/dp/899326,True,"Evaluate whether the page needs stronger content, intent coverage, or internal links.",1,"MEALWORM TO GO Dried Mealworm Berry Flavor Wild Bird Food, 3.5-oz bag - Chewy.com",81,"Buy Mealworm To Go Dried Mealworm Berry Flavor Wild Bird Food, 3.5-oz bag at Chewy.com. FREE shipping and the BEST customer service!",132,mealworm to go,"Mealworm To Go Dried Mealworm Berry Flavor Wild Bird Food, 3.5-oz bag",1,mealworm-to-go-dried-mealworm-berry,True,True,False,False,True,True,True,False,19,309,3,,,,,,,1,1,22.0,0,0,1,0,1.0
PDP,Ranking Keywords,Has striking-distance keywords in positions 21-50,https://www.chewy.com/hugsmart-pet-food-party-soup/dp/1989350,True,"Evaluate whether the page needs stronger content, intent coverage, or internal links.",1,"HUGSMART Soup Dumplings Puzzle Crinkle Squeaky Hide & Seek Plush Dog Toy, Small/Medium - Chewy.com",98,"Buy HugSmart Soup Dumplings Puzzle Crinkle Squeaky Hide & Seek Plush Dog Toy, Small/Medium at Chewy.com. FREE shipping and the BEST customer service!",149,dim sum dog toy,"HugSmart Soup Dumplings Puzzle Crinkle Squeaky Hide & Seek Plush Dog Toy, Small/Medium",1,hugsmart-pet-food-party-soup,True,True,False,False,True,True,True,False,25,322,5,,,,,,,1,1,22.0,0,0,1,0,1.0
PDP,Ranking Keywords,Has striking-distance keywords in positions 21-50,https://www.chewy.com/vets-best-hot-spot-spray-dogs/dp/45184,True,"Evaluate whether the page needs stronger content, intent coverage, or internal links.",2,"VET'S BEST Hot Spot Spray for Dogs, 16-fl oz bottle - Chewy.com",63,"Buy Vet's Best Hot Spot Spray for Dogs, 16-fl oz bottle at Chewy.com. FREE shipping and the BEST customer service!",114,best hot spot spray for dogs,"Vet's Best Hot Spot Spray for Dogs, 16-fl oz bottle",1,vets-best-hot-spot-spray-dogs,True,True,False,False,True,True,True,True,0,328,4,,,,,,,2,2,23.0,0,0,2,0,1.0
PDP,Ranking Keywords,Has striking-distance keywords in positions 21-50,https://www.chewy.com/dogstar-wildlife-ozzie-orangutan/dp/1935622,True,"Evaluate whether the page needs stronger content, intent coverage, or internal links.",1,DOGSTAR Wildlife Ozzie the Orangutan Squeaky Dog Plush Toy - Chewy.com,70,Buy DogStar Wildlife Ozzie the Orangutan Squeaky Dog Plush Toy at Chewy.com. FREE shipping and the BEST customer service!,121,orangutan dog toy,DogStar Wildlife Ozzie the Orangutan Squeaky Dog Plush Toy,1,dogstar-wildlife-ozzie-orangutan,True,True,False,False,True,True,True,False,31,317,4,,,,,,,1,1,22.0,0,0,1,0,1.0
PDP,Ranking Keywords,Has striking-distance keywords in positions 21-50,https://www.chewy.com/redbarn-bully-slims-dog-treats/dp/180633,True,"Evaluate whether the page needs stronger content, intent coverage, or internal links.",1,"REDBARN Bully Slims Dog Treats, 4.07-oz bag - Chewy.com",55,"Buy Redbarn Bully Slims Dog Treats, 4.07-oz bag at Chewy.com. FREE shipping and the BEST customer service!",106,redbarn bully sticks,"Redbarn Bully Slims Dog Treats, 4.07-oz bag",1,redbarn-bully-slims-dog-treats,True,True,False,False,True,True,True,True,0,320,4,,,,,,,1,1,22.0,0,0,1,0,1.0
PDP,Ranking Keywords,Has striking-distance keywords in positions 21-50,https://www.chewy.com/baytril-enrofloxacin-taste-tabs-dogs/dp/173168,True,"Evaluate whether the page needs stronger content, intent coverage, or internal links.",1,"BAYTRIL (Enrofloxacin) Taste Tabs for Dogs & Cats, 68.0-mg - Easy Refills | Chewy Rx",84,"Baytril Taste Tabs are antibacterial beef-flavored tablets for dogs and cats. This medication is formulated for the management of diseases associated with certain bacteria including those causing skin, urinary and respiratory tract infections. Baytril kills a wide-range of disease-causing bacteria directly at the sight of infection and has been used for this purpose for over 20 years.",387,baytril dog medicine,"Baytril (Enrofloxacin) Taste Tabs for Dogs & Cats, 68.0-mg, 1 flavored tablet",1,baytril-enrofloxacin-taste-tabs-dogs,True,True,False,False,True,True,True,True,4,322,4,,,,,,,1,1,22.0,0,0,1,0,3.0
PDP,Ranking Keywords,Has striking-distance keywords in positions 21-50,https://www.chewy.com/fluval-aquarium-kit-16-gal/dp/658710,True,"Evaluate whether the page needs stronger content, intent coverage, or internal links.",1,"FLUVAL Aquarium Kit, 16-gal - Chewy.com",39,"Buy Fluval Aquarium Kit, 16-gal at Chewy.com. FREE shipping and the BEST customer service!",90,fluval fish aquariums starter kits,"Fluval Aquarium Kit, 16-gal",1,fluval-aquarium-kit-16-gal,True,True,False,False,True,True,True,True,50,318,3,,,,,,,1,1,22.0,0,0,1,0,1.0
PDP,Ranking Keywords,Has striking-distance keywords in positions 21-50,https://www.chewy.com/pet-shop-by-fringe-studio-soy-into/dp/332939,True,"Evaluate whether the page needs stronger content, intent coverage, or internal links.",1,"FRINGE STUDIO Soy Into You Small Dog Squeaky Plush Dog Toy, 3 count - Chewy.com",79,"Buy Fringe Studio Soy Into You Small Dog Squeaky Plush Dog Toy, 3 count at Chewy.com. FREE shipping and the BEST customer service!",130,pet shop by fringe studio dog plush,"Fringe Studio Soy Into You Small Dog Squeaky Plush Dog Toy, 3 count",1,pet-shop-by-fringe-studio-soy-into,True,True,False,False,True,True,True,True,24,320,3,,,,,,,1,1,22.0,0,0,1,0,1.0
PDP,Ranking Keywords,Has striking-distance keywords in positions 21-50,https://www.chewy.com/tough-1-extreme-vented-horse-sport/dp/134391,True,"Evaluate whether the page needs stronger content, intent coverage, or internal links.",1,"TOUGH1 Extreme Vented Horse Sport Boots Set, Neon Green, Large - Chewy.com",74,"Buy Tough1 Extreme Vented Horse Sport Boots Set, Neon Green, Large at Chewy.com. FREE shipping and the BEST customer service!",125,tough 1 horse boots,"Tough1 Extreme Vented Horse Sport Boots Set, Neon Green, Large",1,tough-1-extreme-vented-horse-sport,True,True,False,False,True,True,True,True,26,321,5,,,,,,,1,1,22.0,0,0,1,0,1.0
PDP,Ranking Keywords,Has striking-distance keywords in positions 21-50,https://www.chewy.com/canine-naturals-beef-bully-sticks/dp/1462430,True,"Evaluate whether the page needs stronger content, intent coverage, or internal links.",1,"CANINE NATURALS Beef & Bully Sticks, Large, 4 count - Chewy.com",63,"Buy Canine Naturals Beef & Bully Sticks, Large, 4 count at Chewy.com. FREE shipping and the BEST customer service!",114,bully sticks and natural chews for dogs,"Canine Naturals Beef & Bully Sticks, Large, 4 count",1,canine-naturals-beef-bully-sticks,True,True,False,False,True,True,True,True,48,319,3,,,,,,,1,1,22.0,0,0,1,0,1.0
PDP,Ranking Keywords,Has striking-distance keywords in positions 21-50,https://www.chewy.com/bow-wow-labs-buddy-safety-device/dp/1441782,True,"Evaluate whether the page needs stronger content, intent coverage, or internal links.",1,"BOW WOW LABS Buddy Safety Device Bully Stick Treat Holder, Orange, X-Large - Chewy.com",86,"Buy Bow Wow Labs Buddy Safety Device Bully Stick Treat Holder, Orange, X-Large at Chewy.com. FREE shipping and the BEST customer service!",137,best bully stick holder,"Bow Wow Labs Buddy Safety Device Bully Stick Treat Holder, Orange, X-Large",1,bow-wow-labs-buddy-safety-device,True,True,False,False,True,True,True,True,8,322,4,,,,,,,1,1,22.0,0,0,1,0,3.0
PDP,Ranking Keywords,Has striking-distance keywords in positions 21-50,https://www.chewy.com/ark-naturals-brushless-toothpaste/dp/45756,True,"Evaluate whether the page needs stronger content, intent coverage, or internal links.",1,Ark Naturals Brushless Toothpaste Small Dental Dog Chews | Chewy (Free Shipping),80,"Buy Ark Naturals Brushless Toothpaste Small Dental Dog Treats, 18 count at Chewy.com. FREE shipping and the BEST customer service!",130,best brushless toothpaste for dogs,"Ark Naturals Brushless Toothpaste Small Dental Dog Treats, 18 count",1,ark-naturals-brushless-toothpaste,True,True,False,False,True,True,True,True,105,329,2,,,,,,,1,1,22.0,0,0,1,0,1.0
PDP,Ranking Keywords,Has striking-distance keywords in positions 21-50,https://www.chewy.com/super-bird-creations-fold-away-shower/dp/165605,True,"Evaluate whether the page needs stronger content, intent coverage, or internal links.",1,"SUPER BIRD CREATIONS Fold Away Shower Window Bird Perch, Medium/Large - Chewy.com",81,"Buy Super Bird Creations Fold Away Shower Window Bird Perch, Medium/Large at Chewy.com. FREE shipping and the BEST customer service!",132,best parrot shower perch,"Super Bird Creations Fold Away Shower Window Bird Perch, Medium/Large",1,super-bird-creations-fold-away-shower,True,True,False,False,True,True,True,True,29,329,3,,,,,,,1,1,22.0,0,0,1,0,1.0
PDP,Ranking Keywords,Has striking-distance keywords in positions 21-50,https://www.chewy.com/travel-cat-donut-cat-hideaway-cave/dp/1459070,True,"Evaluate whether the page needs stronger content, intent coverage, or internal links.",1,"TRAVEL CAT Donut Cat Hideaway Cave & Scratcher Cat Bed, Grey - Chewy.com",72,"Buy Travel Cat Donut Cat Hideaway Cave & Scratcher Cat Bed, Grey at Chewy.com. FREE shipping and the BEST customer service!",123,cattasaurus reviews,"Travel Cat Donut Cat Hideaway Cave & Scratcher Cat Bed, Grey",1,travel-cat-donut-cat-hideaway-cave,True,True,False,False,True,True,True,True,39,330,3,good,2072.0,good,0.01,,,1,1,22.0,0,0,1,0,2.0
PDP,Ranking Keywords,Has striking-distance keywords in positions 21-50,https://www.chewy.com/petlab-co-probright-small-dog-dental/dp/2320982,True,"Evaluate whether the page needs stronger content, intent coverage, or internal links.",1,PETLABCO. ProBright Dog Dental Powder for X-Small Dogs - Chewy.com,66,Buy PetLabCo. ProBright Dog Dental Powder for X-Small Dogs at Chewy.com. FREE shipping and the BEST customer service!,117,probright reviews,PetLabCo. ProBright Dog Dental Powder for X-Small Dogs,1,petlab-co-probright-small-dog-dental,True,True,False,False,True,True,True,True,3,331,4,,,,,,,1,1,22.0,0,0,1,0,1.0
PDP,Ranking Keywords,Has striking-distance keywords in positions 21-50,https://www.chewy.com/best-dog-chews-collagen-sticks-12-in/dp/965118,True,"Evaluate whether the page needs stronger content, intent coverage, or internal links.",1,"BEST DOG CHEWS Collagen Sticks 12-in Dog Treats, 6 count - Chewy.com",68,"Buy Best Dog Chews Collagen Sticks 12-in Dog Treats, 6 count at Chewy.com. FREE shipping and the BEST customer service!",119,collagen chews for dogs,"Best Dog Chews Collagen Sticks 12-in Dog Treats, 6 count",1,best-dog-chews-collagen-sticks-12-in,True,True,False,False,True,True,True,True,10,315,3,,,,,,,1,1,22.0,0,0,1,0,1.0
PDP,Ranking Keywords,Has striking-distance keywords in positions 21-50,https://www.chewy.com/snuggle-puppy-original-snuggle-puppy/dp/2376590,True,"Evaluate whether the page needs stronger content, intent coverage, or internal links.",1,"SNUGGLE PUPPY Original Snuggle Puppy Medium Breeds Behavioral Aid Anxiety Relief with Heartbeat, Doodle - Chewy.com",115,"Buy Snuggle Puppy Original Snuggle Puppy Medium Breeds Behavioral Aid Anxiety Relief with Heartbeat, Doodle at Chewy.com. FREE shipping and the BEST customer service!",166,heartbeat dog toy,"Snuggle Puppy Original Snuggle Puppy Medium Breeds Behavioral Aid Anxiety Relief with Heartbeat, Doodle",1,snuggle-puppy-original-snuggle-puppy,True,True,False,False,True,True,True,True,17,335,3,,,,,,,1,1,22.0,0,0,1,0,4.0
PDP,Ranking Keywords,Has striking-distance keywords in positions 21-50,https://www.chewy.com/good-n-tasty-triple-flavor-mini/dp/1699798,True,"Evaluate whether the page needs stronger content, intent coverage, or internal links.",1,"GOOD 'N' TASTY Triple Flavor Mini Churro Style Twists Chicken, Peanut Butter & Pork Gourmet Crunchy Dog Treats, 100 count - Chewy.com",133,"Buy Good 'n' Tasty Triple Flavor Mini Churro Style Twists Chicken, Peanut Butter & Pork Gourmet Crunchy Dog Treats, 100 count at Chewy.com. FREE shipping and the BEST customer service!",184,churro dog treats,"Good 'n' Tasty Triple Flavor Mini Churro Style Twists Chicken, Peanut Butter & Pork Gourmet Crunchy Dog Treats, 100 count",1,good-n-tasty-triple-flavor-mini,True,True,False,False,True,True,True,False,10,318,4,,,,,,,1,1,22.0,0,0,1,0,1.0
PDP,Ranking Keywords,Has striking-distance keywords in positions 21-50,https://www.chewy.com/omega-one-frog-tadpole-sinking/dp/125330,True,"Evaluate whether the page needs stronger content, intent coverage, or internal links.",1,"OMEGA ONE Frog & Tadpole Sinking Pellets Food, 1.2-oz jar - Chewy.com",69,"Buy Omega One Frog & Tadpole Sinking Pellets Food, 1.2-oz jar at Chewy.com. FREE shipping and the BEST customer service!",120,tadpole food pellets,"Omega One Frog & Tadpole Sinking Pellets Food, 1.2-oz jar",1,omega-one-frog-tadpole-sinking,True,True,False,False,True,True,True,True,38,317,2,,,,,,,1,1,22.0,0,0,1,0,1.0
PDP,Ranking Keywords,Has striking-distance keywords in positions 21-50,https://www.chewy.com/zupreem-fruitblend-flavor-natural/dp/128392,True,"Evaluate whether the page needs stronger content, intent coverage, or internal links.",1,"ZUPREEM FruitBlend Daily Medium Bird Food, 2-lb bag - Chewy.com",63,"Buy ZuPreem FruitBlend Daily Medium Bird Food, 2-lb bag at Chewy.com. FREE shipping and the BEST customer service!",114,zupreem bird food,"ZuPreem FruitBlend Daily Medium Bird Food, 2-lb bag",1,zupreem-fruitblend-flavor-natural,True,True,False,False,True,True,True,True,60,330,2,,,,,,,1,1,23.0,0,0,1,0,1.0
PDP,Ranking Keywords,Has striking-distance keywords in positions 21-50,https://www.chewy.com/prednisolone-generic-tablets/dp/1723518,True,"Evaluate whether the page needs stronger content, intent coverage, or internal links.",1,"PREDNISOLONE Tablets, 5-mg - Easy Refills | Chewy Rx",52,"Prednisolone is a prescription steroid used to treat such acute health issues such as dermatitis, allergies, eye and muscular problems in your dog. It may also be used as a maintenance dose for chronic conditions such as rheumatoid arthritis. This uncoated tablet form can be inserted into a pill pocket or crushed into your pet's favorite food.",345,prednisolone pet pharmacy medications,"Prednisolone Tablets, 5-mg, 180 tablets",1,prednisolone-generic-tablets,True,False,False,False,True,True,True,True,6,312,6,,,,,,,1,1,23.0,0,0,1,0,2.0
PDP,Ranking Keywords,Has striking-distance keywords in positions 21-50,https://www.chewy.com/hydra-luxury-care-whitening-cat-dog/dp/2491006,True,"Evaluate whether the page needs stronger content, intent coverage, or internal links.",1,"HYDRA Whitening Cat & Dog Shampoo, 10.14-fl oz bottle - Chewy.com",65,"Buy Hydra Whitening Cat & Dog Shampoo, 10.14-fl oz bottle at Chewy.com. FREE shipping and the BEST customer service!",116,hydra luxury care,"Hydra Whitening Cat & Dog Shampoo, 10.14-fl oz bottle",1,hydra-luxury-care-whitening-cat-dog,True,True,False,False,True,True,True,False,0,328,4,,,,,,,1,1,23.0,0,0,1,0,1.0
PDP,Ranking Keywords,Has striking-distance keywords in positions 21-50,https://www.chewy.com/fringe-studio-honey-bunny-squeaky/dp/1273934,True,"Evaluate whether the page needs stronger content, intent coverage, or internal links.",1,FRINGE STUDIO Honey Bunny Squeaky Plush Dog Toy - Chewy.com,59,Buy Fringe Studio Honey Bunny Squeaky Plush Dog Toy at Chewy.com. FREE shipping and the BEST customer service!,110,bugs bunny dog toy,Fringe Studio Honey Bunny Squeaky Plush Dog Toy,1,fringe-studio-honey-bunny-squeaky,True,True,False,False,True,True,True,False,55,329,3,,,,,,,1,1,23.0,0,0,1,0,1.0
PDP,Ranking Keywords,Has striking-distance keywords in positions 21-50,https://www.chewy.com/petsafe-cheese-motion-cat-toy/dp/141405,True,"Evaluate whether the page needs stronger content, intent coverage, or internal links.",1,PETSAFE Cheese Motion Cat Toy - Chewy.com,41,Buy PetSafe Cheese Motion Cat Toy at Chewy.com. FREE shipping and the BEST customer service!,92,cheese cat toy,PetSafe Cheese Motion Cat Toy,1,petsafe-cheese-motion-cat-toy,True,True,False,False,True,True,True,True,27,321,3,,,,,,,1,1,23.0,0,0,1,0,1.0
PDP,Ranking Keywords,Has striking-distance keywords in positions 21-50,https://www.chewy.com/petlou-food-eggplant-squeaky-plush/dp/2262926,True,"Evaluate whether the page needs stronger content, intent coverage, or internal links.",1,"PETLOU Food Eggplant Squeaky Plush Dog Toy, 29-in - Chewy.com",61,"Buy Petlou Food Eggplant Squeaky Plush Dog Toy, 29-in at Chewy.com. FREE shipping and the BEST customer service!",112,eggplant dog toy,"Petlou Food Eggplant Squeaky Plush Dog Toy, 29-in",1,petlou-food-eggplant-squeaky-plush,True,True,False,False,True,True,True,False,71,321,4,,,,,,,1,1,23.0,0,0,1,0,1.0
PDP,Ranking Keywords,Has striking-distance keywords in positions 21-50,https://www.chewy.com/stella-chewys-lamb-heart-freeze-dried/dp/177506,True,"Evaluate whether the page needs stronger content, intent coverage, or internal links.",1,"STELLA & CHEWY'S Lamb Heart Freeze-Dried Raw Dog Treats, 3-oz bag - Chewy.com",77,"Buy Stella & Chewy's Lamb Heart Freeze-Dried Raw Dog Treats, 3-oz bag at Chewy.com. FREE shipping and the BEST customer service!",128,lamb heart dog treats,"Stella & Chewy's Lamb Heart Freeze-Dried Raw Dog Treats, 3-oz bag",1,stella-chewys-lamb-heart-freeze-dried,True,True,False,False,True,True,True,True,174,329,3,,,,,,,1,1,23.0,0,0,1,0,1.0
PDP,Ranking Keywords,Has striking-distance keywords in positions 21-50,https://www.chewy.com/frisco-pizza-slice-plush-squeaky-dog/dp/240392,True,"Evaluate whether the page needs stronger content, intent coverage, or internal links.",1,"FRISCO Pizza Slice Plush Squeaky Dog Toy, Small/Medium - Chewy.com",66,"Buy Frisco Pizza Slice Plush Squeaky Dog Toy, Small/Medium at Chewy.com. FREE shipping and the BEST customer service!",117,pizza dog toy,"Frisco Pizza Slice Plush Squeaky Dog Toy, Small/Medium",1,frisco-pizza-slice-plush-squeaky-dog,True,True,False,False,True,True,True,True,59,318,3,,,,,,,1,1,23.0,0,0,1,0,1.0
PDP,Ranking Keywords,Has striking-distance keywords in positions 21-50,https://www.chewy.com/zeniquin-marbofloxacin-tablets-dogs/dp/173148,True,"Evaluate whether the page needs stronger content, intent coverage, or internal links.",1,"ZENIQUIN (marbofloxacin) Tablets for Dogs & Cats, 25-mg - Easy Refills | Chewy Rx",81,"Zeniquin is a broad-spectrum antibiotic that is prescribed to treat multiple kinds of infections. It treats infections of the skin, soft tissue, and urinary tract and is also effective against bacteria in other parts of the body. It comes in a tablet, so you can feed it orally or slip it into a pill pocket to excite your furry friend.",336,zeniquin,"Zeniquin (marbofloxacin) Tablets for Dogs & Cats, 25-mg, 1 tablet",1,zeniquin-marbofloxacin-tablets-dogs,True,True,False,False,True,True,True,True,35,322,2,,,,,,,1,1,23.0,0,0,1,0,5.0
PDP,Ranking Keywords,Has striking-distance keywords in positions 21-50,https://www.chewy.com/coralife-microvert-marine/dp/1364206,True,"Evaluate whether the page needs stronger content, intent coverage, or internal links.",1,"CORALIFE MicroVert Marine Invertebrate Food, 8-fl oz bottle - Chewy.com",71,"Buy Coralife MicroVert Marine Invertebrate Food, 8-fl oz bottle at Chewy.com. FREE shipping and the BEST customer service!",122,coral and invertebrate food,"Coralife MicroVert Marine Invertebrate Food, 8-fl oz bottle",1,coralife-microvert-marine,True,True,False,False,True,True,True,False,40,308,3,,,,,,,1,1,23.0,0,0,1,0,1.0
PDP,Ranking Keywords,Has striking-distance keywords in positions 21-50,https://www.chewy.com/better-treat-allergy-friendly-duck/dp/3300766,True,"Evaluate whether the page needs stronger content, intent coverage, or internal links.",1,"A BETTER TREAT Allergy Friendly Duck Freeze-Dried Raw Dog Food, 3-lb bag - Chewy.com",84,"Buy A Better Treat Allergy Friendly Duck Freeze-Dried Raw Dog Food, 3-lb bag at Chewy.com. FREE shipping and the BEST customer service!",135,duck flavored raw dog food,"A Better Treat Allergy Friendly Duck Freeze-Dried Raw Dog Food, 3-lb bag",1,better-treat-allergy-friendly-duck,True,True,False,False,True,True,True,True,3,328,4,,,,,,,1,1,23.0,0,0,1,0,1.0
PDP,Ranking Keywords,Has striking-distance keywords in positions 21-50,https://www.chewy.com/herm-sprenger-ultra-plus-training-dog/dp/141936,True,"Evaluate whether the page needs stronger content, intent coverage, or internal links.",2,"HERM SPRENGER Ultra-Plus Training Dog Prong Collar, 14-in neck, 2.25-mm wide - Chewy.com",88,"Buy Herm Sprenger Ultra-Plus Training Dog Prong Collar, 14-in neck, 2.25-mm wide at Chewy.com. FREE shipping and the BEST customer service!",139,herm sprenger dog collars,"Herm Sprenger Ultra-Plus Training Dog Prong Collar, 14-in neck, 2.25-mm wide",1,herm-sprenger-ultra-plus-training-dog,True,True,False,False,True,True,True,True,206,331,3,good,2120.0,good,0.05,,,2,2,25.5,0,0,2,0,5.0
PDP,Ranking Keywords,Has striking-distance keywords in positions 21-50,https://www.chewy.com/pet-greens-self-grow-medley-pet-grass/dp/108089,True,"Evaluate whether the page needs stronger content, intent coverage, or internal links.",1,"PET GREENS Self Grow Medley Pet Grass, 3-oz bag - Chewy.com",59,"Buy Pet Greens Self Grow Medley Pet Grass, 3-oz bag at Chewy.com. FREE shipping and the BEST customer service!",110,pet greens catnip pet grass,"Pet Greens Self Grow Medley Pet Grass, 3-oz bag",1,pet-greens-self-grow-medley-pet-grass,True,True,False,False,True,True,True,True,44,325,2,,,,,,,1,1,23.0,0,0,1,0,1.0
PDP,Ranking Keywords,Has striking-distance keywords in positions 21-50,https://www.chewy.com/farmland-traditions-usa-dogs-love/dp/180581,True,"Evaluate whether the page needs stronger content, intent coverage, or internal links.",1,"FARMLAND TRADITIONS USA Dogs Love Chicken Grain-Free Jerky Strips Dog Treats, 3-lb bag - Chewy.com",98,"Buy Farmland Traditions USA Dogs Love Chicken Grain-Free Jerky Strips Dog Treats, 3-lb bag at Chewy.com. FREE shipping and the BEST customer service!",149,best chicken jerky for dogs made in usa,"Farmland Traditions USA Dogs Love Chicken Grain-Free Jerky Strips Dog Treats, 3-lb bag",1,farmland-traditions-usa-dogs-love,True,True,False,False,True,True,True,True,96,325,2,,,,,,,1,1,23.0,0,0,1,0,1.0
PDP,Ranking Keywords,Has striking-distance keywords in positions 21-50,https://www.chewy.com/purina-enrich-plus-ration-balancing/dp/3540702,True,"Evaluate whether the page needs stronger content, intent coverage, or internal links.",1,"Purina Enrich Plus Senior Ration Balancer Horse Feed, 50-lb bag - Chewy.com",75,"Buy Purina Enrich Plus Senior Ration Balancer Horse Feed, 50-lb bag at Chewy.com. FREE shipping and the BEST customer service!",126,best ration balancer for senior horses,"Purina Enrich Plus Senior Ration Balancer Horse Feed, 50-lb bag",1,purina-enrich-plus-ration-balancing,True,True,False,False,True,True,True,True,21,326,3,,,,,,,1,1,23.0,0,0,1,0,1.0
PDP,Ranking Keywords,Has striking-distance keywords in positions 21-50,https://www.chewy.com/volkman-avian-science-super-african/dp/134092,True,"Evaluate whether the page needs stronger content, intent coverage, or internal links.",1,"Out of Stock - VOLKMAN Avian Science Super African Grey Parrot & Amazon Parrot Food, 4-lb bag - Chewy.com",105,"Buy Volkman Avian Science Super African Grey Parrot & Amazon Parrot Food, 4-lb bag at Chewy.com. FREE shipping and the BEST customer service!",141,best bird food for african greys,"Volkman Avian Science Super African Grey Parrot & Amazon Parrot Food, 4-lb bag",1,volkman-avian-science-super-african,True,True,False,False,True,True,True,True,39,317,4,,,,,,,2,2,23.0,0,0,1,1,1.0
PDP,Ranking Keywords,Has striking-distance keywords in positions 21-50,https://www.chewy.com/dupray-neat-steam-cleaner/dp/1685022,True,"Evaluate whether the page needs stronger content, intent coverage, or internal links.",1,DUPRAY Neat Steam Cleaner - Chewy.com,37,Buy Dupray Neat Steam Cleaner at Chewy.com. FREE shipping and the BEST customer service!,88,dupray neat steam cleaner review,Dupray Neat Steam Cleaner,1,dupray-neat-steam-cleaner,True,True,False,False,True,True,True,True,38,316,2,,,,,,,1,1,23.0,0,0,1,0,3.0
PDP,Ranking Keywords,Has striking-distance keywords in positions 21-50,https://www.chewy.com/penn-plax-aqua-plants-plastic/dp/880558,True,"Evaluate whether the page needs stronger content, intent coverage, or internal links.",1,"PENN-PLAX Aqua-Plants Plastic Aquarium 6 Piece Fish Plant, Multicolor, 8-in height - Chewy.com",94,"Buy Penn-Plax Aqua-Plants Plastic Aquarium 6 Piece Fish Plant, Multicolor, 8-in height at Chewy.com. FREE shipping and the BEST customer service!",145,siteaquaticpalscom fish,"Penn-Plax Aqua-Plants Plastic Aquarium 6 Piece Fish Plant, Multicolor, 8-in height",1,penn-plax-aqua-plants-plastic,True,True,False,False,True,True,True,False,45,319,3,,,,,,,1,1,23.0,0,0,1,0,1.0
PDP,Ranking Keywords,Has striking-distance keywords in positions 21-50,https://www.chewy.com/tiki-cat-after-dark-velvet-mousse/dp/883622,True,"Evaluate whether the page needs stronger content, intent coverage, or internal links.",1,"TIKI CAT After Dark Velvet Mousse Variety Pack Grain-Free Wet Cat Food, 2.8-oz pouch, case of 12 - Chewy.com",108,"Buy Tiki Cat After Dark Velvet Mousse Variety Pack Grain-Free Wet Cat Food, 2.8-oz pouch, case of 12 at Chewy.com. FREE shipping and the BEST customer service!",159,mousse cat food,"Tiki Cat After Dark Velvet Mousse Variety Pack Grain-Free Wet Cat Food, 2.8-oz pouch, case of 12",1,tiki-cat-after-dark-velvet-mousse,True,True,False,False,True,True,True,True,73,327,3,,,,,,,1,1,23.0,0,0,1,0,1.0
PDP,Ranking Keywords,Has striking-distance keywords in positions 21-50,https://www.chewy.com/wild-delight-mealworms-wild-bird-food/dp/260455,True,"Evaluate whether the page needs stronger content, intent coverage, or internal links.",1,"Out of Stock - WILD DELIGHT Mealworms Wild Bird Food, 16-oz bag - Chewy.com",75,"Buy Wild Delight Mealworms Wild Bird Food, 16-oz bag at Chewy.com. FREE shipping and the BEST customer service!",111,best mealworms for wild birds,"Wild Delight Mealworms Wild Bird Food, 16-oz bag",1,wild-delight-mealworms-wild-bird-food,True,True,False,False,True,True,True,True,33,314,3,,,,,,,1,1,24.0,0,0,1,0,1.0
PDP,Ranking Keywords,Has striking-distance keywords in positions 21-50,https://www.chewy.com/advantage-flea-tick-treatment-shampoo/dp/103378,True,"Evaluate whether the page needs stronger content, intent coverage, or internal links.",1,"ADVANTAGE Flea & Tick Treatment Shampoo for Dogs & Puppies, 8-fl oz bottle - Chewy.com",86,"Buy Advantage Flea & Tick Treatment Shampoo for Dogs & Puppies, 8-fl oz bottle at Chewy.com. FREE shipping and the BEST customer service!",137,flea and tick shampoos for dogs,"Advantage Flea & Tick Treatment Shampoo for Dogs & Puppies, 8-fl oz bottle",1,advantage-flea-tick-treatment-shampoo,True,True,False,False,True,True,True,True,61,332,3,,,,,,,1,1,24.0,0,0,1,0,1.0
PDP,Ranking Keywords,Has striking-distance keywords in positions 21-50,https://www.chewy.com/tribute-equine-nutrition-equine-fly/dp/4010502,True,"Evaluate whether the page needs stronger content, intent coverage, or internal links.",1,"TRIBUTE EQUINE NUTRITION Equine Fly Control Block Horse Supplement, 30-lb block - Chewy.com",91,"Buy Tribute Equine Nutrition Equine Fly Control Block Horse Supplement, 30-lb block at Chewy.com. FREE shipping and the BEST customer service!",142,fly supplement for horses,"Tribute Equine Nutrition Equine Fly Control Block Horse Supplement, 30-lb block",1,tribute-equine-nutrition-equine-fly,True,True,False,False,True,True,True,True,91,324,2,,,,,,,2,2,24.0,0,0,1,1,1.0
PDP,Ranking Keywords,Has striking-distance keywords in positions 21-50,https://www.chewy.com/royal-canin-hairball-care-dry-cat/dp/167440,True,"Evaluate whether the page needs stronger content, intent coverage, or internal links.",2,"ROYAL CANIN Feline Care Nutrition Hairball Care Adult Dry Cat Food, 14-lb bag - Chewy.com",89,"Buy Royal Canin Feline Care Nutrition Hairball Care Adult Dry Cat Food, 14-lb bag at Chewy.com. FREE shipping and the BEST customer service!",140,best dry cat food for hairballs,"Royal Canin Feline Care Nutrition Hairball Care Adult Dry Cat Food, 14-lb bag",1,royal-canin-hairball-care-dry-cat,True,True,False,False,True,True,True,True,2,327,4,,,,,,,2,2,24.0,0,0,2,0,1.0
PDP,Ranking Keywords,Has striking-distance keywords in positions 21-50,https://www.chewy.com/eheim-automatic-twin-fish-feeder/dp/325649,True,"Evaluate whether the page needs stronger content, intent coverage, or internal links.",1,EHEIM Automatic Twin Fish Feeder - Chewy.com,44,Buy Eheim Automatic Twin Fish Feeder at Chewy.com. FREE shipping and the BEST customer service!,95,eheim fish feeders,Eheim Automatic Twin Fish Feeder,1,eheim-automatic-twin-fish-feeder,True,True,False,False,True,True,True,True,9,310,3,,,,,,,1,1,24.0,0,0,1,0,1.0
PDP,Ranking Keywords,Has striking-distance keywords in positions 21-50,https://www.chewy.com/panacur-c-canine-dewormer-2-g-3-count/dp/149931,True,"Evaluate whether the page needs stronger content, intent coverage, or internal links.",1,"PANACUR C Canine Dewormer, 2-g, 3 count - Chewy.com",51,"Buy Panacur C Canine Dewormer, 2-g, 3 count at Chewy.com. FREE shipping and the BEST customer service!",102,panacur dog dewormers,"Panacur C Canine Dewormer, 2-g, 3 count",1,panacur-c-canine-dewormer-2-g-3-count,True,True,False,False,True,True,True,True,22,317,2,good,1987.0,good,0.05,,,1,1,24.0,0,0,1,0,5.0
PDP,Ranking Keywords,Has striking-distance keywords in positions 21-50,https://www.chewy.com/brinsea-maxi-24-ex-connect-24-egg/dp/1606510,True,"Evaluate whether the page needs stronger content, intent coverage, or internal links.",1,BRINSEA Maxi 24 EX Connect 24 Egg Incubator - Chewy.com,55,Buy Brinsea Maxi 24 EX Connect 24 Egg Incubator at Chewy.com. FREE shipping and the BEST customer service!,106,brinsea,Brinsea Maxi 24 EX Connect 24 Egg Incubator,1,brinsea-maxi-24-ex-connect-24-egg,True,True,False,False,True,True,True,False,15,311,3,,,,,,,1,1,24.0,0,0,1,0,1.0
PDP,Ranking Keywords,Has striking-distance keywords in positions 21-50,https://www.chewy.com/dig-defence-no-dig-smallmedium-dog/dp/855966,True,"Evaluate whether the page needs stronger content, intent coverage, or internal links.",1,"DIG DEFENCE No-Dig Small/Medium Dog Barrier, 8-in, 10-pack - Chewy.com",70,"Buy Dig Defence No-Dig Small/Medium Dog Barrier, 8-in, 10-pack at Chewy.com. FREE shipping and the BEST customer service!",121,dig defence,"Dig Defence No-Dig Small/Medium Dog Barrier, 8-in, 10-pack",1,dig-defence-no-dig-smallmedium-dog,True,True,False,False,True,True,True,True,3,310,5,,,,,,,1,1,24.0,0,0,1,0,1.0
PDP,Ranking Keywords,Has striking-distance keywords in positions 21-50,https://www.chewy.com/eyevac-professional-touchless-vacuum/dp/326424,True,"Evaluate whether the page needs stronger content, intent coverage, or internal links.",1,"EYEVAC Professional Touchless Vacuum Cleaner, Black - Chewy.com",63,"Buy EyeVac Professional Touchless Vacuum Cleaner, Black at Chewy.com. FREE shipping and the BEST customer service!",114,eyevac,"EyeVac Professional Touchless Vacuum Cleaner, Black",1,eyevac-professional-touchless-vacuum,True,True,False,False,True,True,True,True,6,317,4,,,,,,,1,1,24.0,0,0,1,0,2.0
PDP,Ranking Keywords,Has striking-distance keywords in positions 21-50,https://www.chewy.com/happy-hen-treats-bug-bonanza-mealworm/dp/248955,True,"Evaluate whether the page needs stronger content, intent coverage, or internal links.",1,"HAPPY HEN TREATS Bug Bonanza Mealworm & Bug Mix Chicken Treats, 30-oz bag - Chewy.com",85,"Buy Happy Hen Treats Bug Bonanza Mealworm & Bug Mix Chicken Treats, 30-oz bag at Chewy.com. FREE shipping and the BEST customer service!",136,happy hen treats,"Happy Hen Treats Bug Bonanza Mealworm & Bug Mix Chicken Treats, 30-oz bag",1,happy-hen-treats-bug-bonanza-mealworm,True,True,False,False,True,True,True,True,56,329,3,,,,,,,1,1,24.0,0,0,1,0,1.0
PDP,Ranking Keywords,Has striking-distance keywords in positions 21-50,https://www.chewy.com/myos-canine-muscle-formula-dog/dp/261120,True,"Evaluate whether the page needs stronger content, intent coverage, or internal links.",1,"MYOS Canine Muscle Formula Dog Supplement, 12.7-oz - Chewy.com",62,"Buy MYOS Canine Muscle Formula Dog Supplement, 12.7-oz at Chewy.com. FREE shipping and the BEST customer service!",113,myos,"MYOS Canine Muscle Formula Dog Supplement, 12.7-oz",1,myos-canine-muscle-formula-dog,True,True,False,False,True,True,True,True,69,327,3,good,2194.0,good,0.055,,,1,1,24.0,0,0,1,0,5.0
PDP,Ranking Keywords,Has striking-distance keywords in positions 21-50,https://www.chewy.com/premium-pork-chomps-roasted-pork-ribz/dp/126988,True,"Evaluate whether the page needs stronger content, intent coverage, or internal links.",1,"PORK CHOMPS Roasted Pork Ribz Dog Treats, 10 count - Chewy.com",62,"Buy Pork Chomps Roasted Pork Ribz Dog Treats, 10 count at Chewy.com. FREE shipping and the BEST customer service!",113,pork chomps,"Pork Chomps Roasted Pork Ribz Dog Treats, 10 count",1,premium-pork-chomps-roasted-pork-ribz,True,True,False,False,True,True,True,True,45,329,3,,,,,,,1,1,24.0,0,0,1,0,1.0
PDP,Ranking Keywords,Has striking-distance keywords in positions 21-50,https://www.chewy.com/lixotinic-liquid-vitamin-iron-liquid/dp/264403,True,"Evaluate whether the page needs stronger content, intent coverage, or internal links.",1,"LIXOTINIC Liquid Vitamin-Iron Liquid Horse Supplement, 1-gal bottle - Chewy.com",79,"Buy LIXOTINIC Liquid Vitamin-Iron Liquid Horse Supplement, 1-gal bottle at Chewy.com. FREE shipping and the BEST customer service!",130,lixotinic,"LIXOTINIC Liquid Vitamin-Iron Liquid Horse Supplement, 1-gal bottle",1,lixotinic-liquid-vitamin-iron-liquid,True,True,False,False,True,True,True,False,40,329,3,,,,,,,1,1,24.0,0,0,1,0,1.0
PDP,Ranking Keywords,Has striking-distance keywords in positions 21-50,https://www.chewy.com/temaril-p-trimeprazine-tartrate/dp/323085,True,"Evaluate whether the page needs stronger content, intent coverage, or internal links.",1,TEMARIL-P (trimeprazine tartrate with prednisolone) Tablets for Dogs - Easy Refills | Chewy Rx,94,"Temaril-P is an oral medication prescribed to relieve irritation of the throat and coughing associated with allergic bronchitis. This easy-to-administer medication helps to relieve itching and inflammation due to allergies and other causes, working to prevent and suppress coughing. Plus, it comes in a tablet form, so you can feed it by mouth.",344,temaril-p,"Temaril-P (trimeprazine tartrate with prednisolone) Tablets for Dogs, 30 tablets",1,temaril-p-trimeprazine-tartrate,True,False,False,False,True,True,True,True,27,319,2,,,,,,,1,1,24.0,0,0,1,0,6.0
PDP,Ranking Keywords,Has striking-distance keywords in positions 21-50,https://www.chewy.com/native-pet-small-natural-gluten-free/dp/583566,True,"Evaluate whether the page needs stronger content, intent coverage, or internal links.",1,"NATIVE PET Yak Dental Chews Himalayan Cheese Dog Treats, 5 count - Chewy.com",76,"Buy Native Pet Yak Dental Chews Himalayan Cheese Dog Treats, 5 count at Chewy.com. FREE shipping and the BEST customer service!",127,yak chews,"Native Pet Yak Dental Chews Himalayan Cheese Dog Treats, 5 count",1,native-pet-small-natural-gluten-free,True,True,False,False,True,True,True,True,28,331,3,,,,,,,1,1,24.0,0,0,1,0,1.0
PDP,Ranking Keywords,Has striking-distance keywords in positions 21-50,https://www.chewy.com/pyranha-wipe-n-spray-fly-protection/dp/178130,True,"Evaluate whether the page needs stronger content, intent coverage, or internal links.",1,"PYRANHA Wipe N' Spray Fly Protection Horse Spray, 1-gallon bottle - Chewy.com",77,"Buy Pyranha Wipe N' Spray Fly Protection Horse Spray, 1-gallon bottle at Chewy.com. FREE shipping and the BEST customer service!",128,pyranha horse fly spray,"Pyranha Wipe N' Spray Fly Protection Horse Spray, 1-gallon bottle",1,pyranha-wipe-n-spray-fly-protection,True,True,False,False,True,True,True,True,51,331,2,,,,,,,1,1,24.0,0,0,1,0,1.0
PDP,Ranking Keywords,Has striking-distance keywords in positions 21-50,https://www.chewy.com/savio-livingponds-springflo-waterfall/dp/327479,True,"Evaluate whether the page needs stronger content, intent coverage, or internal links.",1,"SAVIO Livingponds Springflo Waterfall Pond Filter, 22-in - Chewy.com",68,"Buy Savio Livingponds Springflo Waterfall Pond Filter, 22-in at Chewy.com. FREE shipping and the BEST customer service!",119,savio pond filters,"Savio Livingponds Springflo Waterfall Pond Filter, 22-in",1,savio-livingponds-springflo-waterfall,True,True,False,False,True,True,True,True,25,318,3,,,,,,,1,1,24.0,0,0,1,0,1.0
PDP,Ranking Keywords,Has striking-distance keywords in positions 21-50,https://www.chewy.com/natures-miracle-house-breaking-potty/dp/42138,False,"Evaluate whether the page needs stronger content, intent coverage, or internal links.",1,,,,,best dog pheromone spray for potty training,,,,,,,,,,,,,,,,,,,,,1,1,24.0,0,0,1,0,
PDP,Ranking Keywords,Has striking-distance keywords in positions 21-50,https://www.chewy.com/api-floating-pellet-betta-fish-food/dp/122037,True,"Evaluate whether the page needs stronger content, intent coverage, or internal links.",1,"API Floating Pellet Betta Fish Food, .78-oz bottle - Chewy.com",62,"Buy API Floating Pellet Betta Fish Food, .78-oz bottle at Chewy.com. FREE shipping and the BEST customer service!",113,betta pellets,"API Floating Pellet Betta Fish Food, .78-oz bottle",1,api-floating-pellet-betta-fish-food,True,True,False,False,True,True,True,False,62,316,3,,,,,,,1,1,24.0,0,0,1,0,1.0
PDP,Ranking Keywords,Has striking-distance keywords in positions 21-50,https://www.chewy.com/vetafarm-paradise-pellets-bird-food/dp/1054542,True,"Evaluate whether the page needs stronger content, intent coverage, or internal links.",1,"VETAFARM Paradise Pellets Eclectus Parrot Bird Food, 4.4-lb bag - Chewy.com",75,"Buy Vetafarm Paradise Pellets Eclectus Parrot Bird Food, 4.4-lb bag at Chewy.com. FREE shipping and the BEST customer service!",126,best eclectus pellets,"Vetafarm Paradise Pellets Eclectus Parrot Bird Food, 4.4-lb bag",1,vetafarm-paradise-pellets-bird-food,True,True,False,False,True,True,True,True,25,327,4,,,,,,,1,1,24.0,0,0,1,0,3.0
PDP,Ranking Keywords,Has striking-distance keywords in positions 21-50,https://www.chewy.com/soft-claws-nail-caps-kittens-40-count/dp/136576,True,"Evaluate whether the page needs stronger content, intent coverage, or internal links.",1,"SOFT CLAWS Nail Caps for Kittens, 40 Count, Kitten, Clear - Chewy.com",69,"Buy Soft Claws Nail Caps for Kittens, 40 Count, Kitten, Clear at Chewy.com. FREE shipping and the BEST customer service!",120,kitten nail caps,"Soft Claws Nail Caps for Kittens, 40 Count, Kitten, Clear",1,soft-claws-nail-caps-kittens-40-count,True,True,False,False,True,True,True,True,17,320,4,,,,,,,1,1,25.0,0,0,1,0,1.0
PDP,Ranking Keywords,Has striking-distance keywords in positions 21-50,https://www.chewy.com/kitty-caps-cat-nail-caps/dp/163300,True,"Evaluate whether the page needs stronger content, intent coverage, or internal links.",1,"KITTY CAPS Cat Nail Caps, X-Small, Pure White & Coral Red - Chewy.com",69,"Buy Kitty Caps Cat Nail Caps, X-Small, Pure White & Coral Red at Chewy.com. FREE shipping and the BEST customer service!",120,plastic cat nail caps,"Kitty Caps Cat Nail Caps, X-Small, Pure White & Coral Red",1,kitty-caps-cat-nail-caps,True,True,False,False,True,True,True,True,5,318,6,,,,,,,1,1,25.0,0,0,1,0,1.0
PDP,Ranking Keywords,Has striking-distance keywords in positions 21-50,https://www.chewy.com/earthbath-oatmeal-aloe-dog-cat/dp/40479,True,"Evaluate whether the page needs stronger content, intent coverage, or internal links.",1,Earthbath Oatmeal & Aloe Dog & Cat Shampoo (Free Shipping) | Chewy,66,"Buy Earthbath Oatmeal & Aloe Itch Relief Vanilla Almond Dog & Cat Shampoo, 16-fl oz bottle at Chewy.com. FREE shipping and the BEST customer service!",149,earthbath dog shampoos,"Earthbath Oatmeal & Aloe Itch Relief Vanilla Almond Dog & Cat Shampoo, 16-fl oz bottle",1,earthbath-oatmeal-aloe-dog-cat,True,True,False,False,True,True,True,True,68,329,2,good,2322.0,good,0.0,,,1,1,25.0,0,0,1,0,2.0
PDP,Ranking Keywords,Has striking-distance keywords in positions 21-50,https://www.chewy.com/meow-mix-original-choice-dry-cat-food/dp/1541126,True,"Evaluate whether the page needs stronger content, intent coverage, or internal links.",1,"MEOW MIX Original Choice Dry Cat Food, 44-lb bundle - Chewy.com",63,"Buy Meow Mix Original Choice Dry Cat Food, 44-lb bundle at Chewy.com. FREE shipping and the BEST customer service!",114,meow mix cat food,"Meow Mix Original Choice Dry Cat Food, 44-lb bundle",1,meow-mix-original-choice-dry-cat-food,True,False,False,False,True,True,True,True,17,341,3,,,,,,,1,1,25.0,0,0,1,0,1.0
PDP,Ranking Keywords,Has striking-distance keywords in positions 21-50,https://www.chewy.com/friskies-tender-crunchy-combo-dry-cat/dp/104278,True,"Evaluate whether the page needs stronger content, intent coverage, or internal links.",1,"FRISKIES Tender & Crunchy Combo Dry Cat Food, 16-lb bag - Chewy.com",67,"Buy Friskies Tender & Crunchy Combo Dry Cat Food, 16-lb bag at Chewy.com. FREE shipping and the BEST customer service!",118,friskies dry cat food,"Friskies Tender & Crunchy Combo Dry Cat Food, 16-lb bag",1,friskies-tender-crunchy-combo-dry-cat,True,True,False,False,True,True,True,True,81,328,2,,,,,,,1,1,25.0,0,0,1,0,1.0
PDP,Ranking Keywords,Has striking-distance keywords in positions 21-50,https://www.chewy.com/instant-ocean-reef-salt-aquariums/dp/128296,True,"Evaluate whether the page needs stronger content, intent coverage, or internal links.",1,"INSTANT OCEAN Reef Salt for Aquariums, 50-gal - Chewy.com",57,"Buy Instant Ocean Reef Salt for Aquariums, 50-gal at Chewy.com. FREE shipping and the BEST customer service!",108,instant ocean fish supplies,"Instant Ocean Reef Salt for Aquariums, 50-gal",1,instant-ocean-reef-salt-aquariums,True,True,False,False,True,True,True,True,4,325,4,,,,,,,1,1,25.0,0,0,1,0,1.0
PDP,Ranking Keywords,Has striking-distance keywords in positions 21-50,https://www.chewy.com/snuggle-puppy-original-snuggle-kitty/dp/135572,True,"Evaluate whether the page needs stronger content, intent coverage, or internal links.",1,Smart Pet Love Snuggle Kitty Behavioral Aid Cat Toy (Free Shipping) | Chewy,75,"Buy Snuggle Puppy Original Snuggle Kitty Plush Cat Behavioral Aid Anxiety Relief, Tan Tiger at Chewy.com. FREE shipping and the BEST customer service!",150,smart pet love,"Snuggle Puppy Original Snuggle Kitty Plush Cat Behavioral Aid Anxiety Relief, Tan Tiger",1,snuggle-puppy-original-snuggle-kitty,True,False,False,False,True,True,True,True,1,305,3,,,,,,,1,1,25.0,0,0,1,0,5.0
PDP,Ranking Keywords,Has striking-distance keywords in positions 21-50,https://www.chewy.com/growl-cuddlerz-goat-squeaky-plush-dog/dp/3535486,True,"Evaluate whether the page needs stronger content, intent coverage, or internal links.",1,GROWL Cuddlerz Goat Squeaky Plush Dog Toy - Chewy.com,53,Buy GROWL Cuddlerz Goat Squeaky Plush Dog Toy at Chewy.com. FREE shipping and the BEST customer service!,104,goat dog toy,GROWL Cuddlerz Goat Squeaky Plush Dog Toy,1,growl-cuddlerz-goat-squeaky-plush-dog,True,True,False,False,True,True,True,False,26,317,3,,,,,,,1,1,25.0,0,0,1,0,1.0
PDP,Ranking Keywords,Has striking-distance keywords in positions 21-50,https://www.chewy.com/kong-gyro-dog-toy/dp/177295,True,"Evaluate whether the page needs stronger content, intent coverage, or internal links.",1,"KONG Gyro Dog Toy, Small - Chewy.com",36,"Buy KONG Gyro Dog Toy, Small at Chewy.com. FREE shipping and the BEST customer service!",87,gyro dog toy,"KONG Gyro Dog Toy, Small",1,kong-gyro-dog-toy,True,True,False,False,True,True,True,True,1,314,5,,,,,,,1,1,25.0,0,0,1,0,1.0
PDP,Ranking Keywords,Has striking-distance keywords in positions 21-50,https://www.chewy.com/animed-anidex-orange-flavored-horse/dp/295994,True,"Evaluate whether the page needs stronger content, intent coverage, or internal links.",1,"ANIMED Anidex Orange-Flavored Horse Supplement, 5-lb tub - Chewy.com",68,"Buy AniMed Anidex Orange-Flavored Horse Supplement, 5-lb tub at Chewy.com. FREE shipping and the BEST customer service!",119,animed,"AniMed Anidex Orange-Flavored Horse Supplement, 5-lb tub",1,animed-anidex-orange-flavored-horse,True,True,False,False,True,True,True,False,31,320,4,,,,,,,1,1,25.0,0,0,1,0,1.0
PDP,Ranking Keywords,Has striking-distance keywords in positions 21-50,https://www.chewy.com/mazuri-petting-zoo-animal-food-40-lb/dp/248781,True,"Evaluate whether the page needs stronger content, intent coverage, or internal links.",1,"MAZURI Petting Zoo Animal Food, 40-lb bag - Chewy.com",53,"Buy Mazuri Petting Zoo Animal Food, 40-lb bag at Chewy.com. FREE shipping and the BEST customer service!",104,mazuri for small pets,"Mazuri Petting Zoo Animal Food, 40-lb bag",1,mazuri-petting-zoo-animal-food-40-lb,True,True,False,False,True,True,True,True,60,322,3,,,,,,,1,1,25.0,0,0,1,0,1.0
PDP,Ranking Keywords,Has striking-distance keywords in positions 21-50,https://www.chewy.com/rachael-ray-nutrish-zero-grain/dp/298061,True,"Evaluate whether the page needs stronger content, intent coverage, or internal links.",1,"RACHAEL RAY NUTRISH Grain-Free Salmon & Sweet Potato Recipe Dry Dog Food, 11.5-lb bag - Chewy.com",97,"Buy Rachael Ray Nutrish Grain-Free Salmon & Sweet Potato Recipe Dry Dog Food, 11.5-lb bag at Chewy.com. FREE shipping and the BEST customer service!",148,rachael ray nutrish zero grain for dogs,"Rachael Ray Nutrish Grain-Free Salmon & Sweet Potato Recipe Dry Dog Food, 11.5-lb bag",1,rachael-ray-nutrish-zero-grain,True,True,False,False,True,True,True,True,10,331,4,,,,,,,1,1,25.0,0,0,1,0,1.0
PDP,Ranking Keywords,Has striking-distance keywords in positions 21-50,https://www.chewy.com/messy-pet-cat-stain-odor-remover-27/dp/305763,True,"Evaluate whether the page needs stronger content, intent coverage, or internal links.",1,"MESSY PET CAT Stain & Odor Remover, 27-fl oz bottle - Chewy.com",63,"Buy Messy Pet Cat Stain & Odor Remover, 27-fl oz bottle at Chewy.com. FREE shipping and the BEST customer service!",114,cat stain and odor remover,"Messy Pet Cat Stain & Odor Remover, 27-fl oz bottle",1,messy-pet-cat-stain-odor-remover,True,True,False,False,True,True,True,False,52,330,3,,,,,,,1,1,25.0,0,0,1,0,3.0
PDP,Ranking Keywords,Has striking-distance keywords in positions 21-50,https://www.chewy.com/bonies-calming-formula-small-dog/dp/360697,True,"Evaluate whether the page needs stronger content, intent coverage, or internal links.",1,"BONIES Calming Formula Small Dog Treats, 2 count bundle - Chewy.com",67,"Buy BONIES Calming Formula Small Dog Treats, 2 count bundle at Chewy.com. FREE shipping and the BEST customer service!",118,calming treats small dogs,"BONIES Calming Formula Small Dog Treats, 2 count bundle",1,bonies-calming-formula-small-dog,True,False,False,False,True,True,True,True,11,325,5,,,,,,,1,1,25.0,0,0,1,0,
PDP,Ranking Keywords,Has striking-distance keywords in positions 21-50,https://www.chewy.com/dexamethasone-compounded-oral-oil/dp/343962,True,"Evaluate whether the page needs stronger content, intent coverage, or internal links.",1,"DEXAMETHASONE COMPOUNDED Beef Oral Oil Suspension, 2 mg/ml, 30 mL for Veterinary use - Easy Refills | Chewy Rx",110,"Dexamethasone Compounded Oral Liquid is a solution prescribed to help reduce inflammation found in the eye, including pinkeye. This easy-to-use medication helps to provide relief by reducing burning and redness. Dexamethasone Compounded Oral Liquid is made specifically for your pet.",283,dexamethasone pet pharmacy,"Dexamethasone Compounded Beef Oral Oil Suspension, 2 mg/ml, 30 mL for Veterinary use",1,dexamethasone-compounded-oral-oil,True,True,False,False,True,True,True,True,6,318,5,,,,,,,1,1,25.0,0,0,1,0,1.0
PDP,Ranking Keywords,Has striking-distance keywords in positions 21-50,https://www.chewy.com/pet-naturals-calming-dog-chews-medium/dp/149786,True,"Evaluate whether the page needs stronger content, intent coverage, or internal links.",1,"PET NATURALS Calming Dog Chews for Medium & Large Dogs, 30 count - Chewy.com",76,"Buy Pet Naturals Calming Dog Chews for Medium & Large Dogs, 30 count at Chewy.com. FREE shipping and the BEST customer service!",127,pet naturals calming treats dogs,"Pet Naturals Calming Dog Chews for Medium & Large Dogs, 30 count",1,pet-naturals-calming-dog-chews-medium,True,True,False,False,True,True,True,True,50,328,3,,,,,,,1,1,25.0,0,0,1,0,1.0
PDP,Ranking Keywords,Has striking-distance keywords in positions 21-50,https://www.chewy.com/shark-matrix-self-emptying-robot/dp/1348958,True,"Evaluate whether the page needs stronger content, intent coverage, or internal links.",3,"SHARK Matrix Self-Emptying Robot Vacuum, Black/Grey - Chewy.com",63,"Buy Shark Matrix Self-Emptying Robot Vacuum, Black/Grey at Chewy.com. FREE shipping and the BEST customer service!",114,shark matrix robot vacuum review,"Shark Matrix Self-Emptying Robot Vacuum, Black/Grey",1,shark-matrix-self-emptying-robot,True,True,False,False,True,True,True,True,42,316,3,,,,,,,3,3,27.67,0,0,3,0,1.0
PDP,Ranking Keywords,Has striking-distance keywords in positions 21-50,https://www.chewy.com/gift-republic-cat-iq-test-card-pack/dp/3709366,True,"Evaluate whether the page needs stronger content, intent coverage, or internal links.",1,GIFT REPUBLIC Cat IQ Test Card Pack - Chewy.com,47,Buy Gift Republic Cat IQ Test Card Pack at Chewy.com. FREE shipping and the BEST customer service!,98,cat iq test,Gift Republic Cat IQ Test Card Pack,1,gift-republic-cat-iq-test-card-pack,True,True,False,False,True,True,True,False,19,319,5,,,,,,,1,1,25.0,0,0,1,0,1.0
PDP,Ranking Keywords,Has striking-distance keywords in positions 21-50,https://www.chewy.com/pure-natural-pets-dog-stain-odor/dp/2036270,True,"Evaluate whether the page needs stronger content, intent coverage, or internal links.",1,"PURE AND NATURAL PET Dog Stain & Odor Remover, 24-fl oz bottle - Chewy.com",74,"Buy Pure and Natural Pet Dog Stain & Odor Remover, 24-fl oz bottle at Chewy.com. FREE shipping and the BEST customer service!",125,natural pet odor eliminator,"Pure and Natural Pet Dog Stain & Odor Remover, 24-fl oz bottle",1,pure-natural-pets-dog-stain-odor,True,True,False,False,True,True,True,True,16,316,3,,,,,,,1,1,25.0,0,0,1,0,1.0
PDP,Ranking Keywords,Has striking-distance keywords in positions 21-50,https://www.chewy.com/special-breed-anal-gland-relief-fiber/dp/2936374,True,"Evaluate whether the page needs stronger content, intent coverage, or internal links.",1,"SPECIAL BREED Anal Gland Relief Fiber Powder Digestive Aid Supplement for Dogs, 5.71-oz jar, 60 scoops - Chewy.com",114,"Buy Special Breed Anal Gland Relief Fiber Powder Digestive Aid Supplement for Dogs, 5.71-oz jar, 60 scoops at Chewy.com. FREE shipping and the BEST customer service!",165,anal gland support,"Special Breed Anal Gland Relief Fiber Powder Digestive Aid Supplement for Dogs, 5.71-oz jar, 60 scoops",1,special-breed-anal-gland-relief-fiber,True,True,False,False,True,True,True,True,40,325,3,,,,,,,1,1,25.0,0,0,1,0,1.0
PDP,Ranking Keywords,Has striking-distance keywords in positions 21-50,https://www.chewy.com/potaroma-catnip-crinkle-kicker-plush/dp/2064422,True,"Evaluate whether the page needs stronger content, intent coverage, or internal links.",1,"POTAROMA Catnip Crinkle Kicker Plush Cat Toy, 3 count - Chewy.com",65,"Buy Potaroma Catnip Crinkle Kicker Plush Cat Toy, 3 count at Chewy.com. FREE shipping and the BEST customer service!",116,kicker cat toy,"Potaroma Catnip Crinkle Kicker Plush Cat Toy, 3 count",1,potaroma-catnip-crinkle-kicker-plush,True,True,False,False,True,True,True,True,511,329,2,good,2013.0,poor,0.36,,,1,1,25.0,0,0,1,0,2.0
PDP,Ranking Keywords,Has striking-distance keywords in positions 21-50,https://www.chewy.com/mazuri-mini-pig-mature-maintenance/dp/753526,True,"Evaluate whether the page needs stronger content, intent coverage, or internal links.",1,"MAZURI Mini Pig Mature Maintenance Feed, 25-lb bag, bundle of 2 - Chewy.com",75,"Buy Mazuri Mini Pig Mature Maintenance Feed, 25-lb bag, bundle of 2 at Chewy.com. FREE shipping and the BEST customer service!",126,american mini pig feed,"Mazuri Mini Pig Mature Maintenance Feed, 25-lb bag, bundle of 2",1,mazuri-mini-pig-mature-maintenance,True,False,False,False,True,True,True,True,4,321,3,,,,,,,1,1,25.0,0,0,1,0,1.0
PDP,Ranking Keywords,Has striking-distance keywords in positions 21-50,https://www.chewy.com/sparrow-b-gone-tube-feeders-bird/dp/3778598,True,"Evaluate whether the page needs stronger content, intent coverage, or internal links.",1,"SPARROW-B-GONE! Tube Feeders Bird Feeder Accessory, Black - Chewy.com",69,"Buy Sparrow-B-Gone! Tube Feeders Bird Feeder Accessory, Black at Chewy.com. FREE shipping and the BEST customer service!",120,sparrow feeder,"Sparrow-B-Gone! Tube Feeders Bird Feeder Accessory, Black",1,sparrow-b-gone-tube-feeders-bird,True,True,False,False,True,True,True,True,22,322,3,,,,,,,1,1,25.0,0,0,1,0,1.0
PDP,Ranking Keywords,Has striking-distance keywords in positions 21-50,https://www.chewy.com/vetafarm-nectar-non-gmo-pellets/dp/1130094,True,"Evaluate whether the page needs stronger content, intent coverage, or internal links.",1,"VETAFARM Nectar Lorikeet & Lory Non-GMO Pellets Sample Parrot Bird Food, 0.88-oz pouch - Chewy.com",98,"Buy Vetafarm Nectar Lorikeet & Lory Non-GMO Pellets Sample Parrot Bird Food, 0.88-oz pouch at Chewy.com. FREE shipping and the BEST customer service!",149,lorikeet nectar mix,"Vetafarm Nectar Lorikeet & Lory Non-GMO Pellets Sample Parrot Bird Food, 0.88-oz pouch",1,vetafarm-nectar-non-gmo-pellets,True,True,False,False,True,True,True,False,27,306,4,,,,,,,1,1,25.0,0,0,1,0,1.0
PDP,Ranking Keywords,Has striking-distance keywords in positions 21-50,https://www.chewy.com/pangea-fruit-mix-gecko-diet-insects/dp/129483,True,"Evaluate whether the page needs stronger content, intent coverage, or internal links.",1,"PANGEA Fruit Mix Gecko Diet with Insects Food, 2-oz bag - Chewy.com",67,"Buy Pangea Fruit Mix Gecko Diet with Insects Food, 2-oz bag at Chewy.com. FREE shipping and the BEST customer service!",118,gecko food,"Pangea Fruit Mix Gecko Diet with Insects Food, 2-oz bag",1,pangea-fruit-mix-gecko-diet-insects,True,True,False,False,True,True,True,True,96,333,2,,,,,,,1,1,26.0,0,0,1,0,1.0
PDP,Ranking Keywords,Has striking-distance keywords in positions 21-50,https://www.chewy.com/ideal-pet-products-dog-cat-patio-door/dp/841814,True,"Evaluate whether the page needs stronger content, intent coverage, or internal links.",1,"IDEAL PET PRODUCTS Dog & Cat Patio Door, X-Large - Chewy.com",60,"Buy Ideal Pet Products Dog & Cat Patio Door, X-Large at Chewy.com. FREE shipping and the BEST customer service!",111,ideal pet products dog doors,"Ideal Pet Products Dog & Cat Patio Door, X-Large",1,ideal-pet-products-dog-cat-patio-door,True,True,False,False,True,True,True,True,36,309,3,,,,,,,1,1,26.0,0,0,1,0,1.0
PDP,Ranking Keywords,Has striking-distance keywords in positions 21-50,https://www.chewy.com/aquasprouts-garden-self-sustaining/dp/341674,True,"Evaluate whether the page needs stronger content, intent coverage, or internal links.",1,"Out of Stock - AQUASPROUTS Garden Self-Sustaining Desktop Aquarium Aquaponics Ecosystem, 10-gal - Chewy.com",107,"Buy AquaSprouts Garden Self-Sustaining Desktop Aquarium Aquaponics Ecosystem, 10-gal at Chewy.com. FREE shipping and the BEST customer service!",143,aquasprouts,"AquaSprouts Garden Self-Sustaining Desktop Aquarium Aquaponics Ecosystem, 10-gal",1,aquasprouts-garden-self-sustaining,True,True,False,False,True,True,True,True,23,317,3,,,,,,,1,1,26.0,0,0,1,0,1.0
PDP,Ranking Keywords,Has striking-distance keywords in positions 21-50,https://www.chewy.com/underwater-treasures-floating-glass/dp/558726,True,"Evaluate whether the page needs stronger content, intent coverage, or internal links.",1,Out of Stock - UNDERWATER TREASURES Floating Glass Fish Thermometer - Chewy.com,79,Buy Underwater Treasures Floating Glass Fish Thermometer at Chewy.com. FREE shipping and the BEST customer service!,115,goldfish thermometers,Underwater Treasures Floating Glass Fish Thermometer,1,underwater-treasures-floating-glass,True,True,False,False,True,True,True,True,48,309,3,,,,,,,2,2,30.0,0,0,1,1,1.0
PDP,Ranking Keywords,Has striking-distance keywords in positions 21-50,https://www.chewy.com/frisco-bear-plush-squeaky-dog-toy/dp/173821,True,"Evaluate whether the page needs stronger content, intent coverage, or internal links.",1,"FRISCO Bear Plush Squeaky Dog Toy, X-Small/Small - Chewy.com",60,"Buy Frisco Bear Plush Squeaky Dog Toy, X-Small/Small at Chewy.com. FREE shipping and the BEST customer service!",111,grizzly bear dog toy,"Frisco Bear Plush Squeaky Dog Toy, X-Small/Small",1,frisco-bear-plush-squeaky-dog-toy,True,False,False,False,True,True,True,True,1,319,4,,,,,,,1,1,26.0,0,0,1,0,1.0
PDP,Ranking Keywords,Has striking-distance keywords in positions 21-50,https://www.chewy.com/noah-paw-3-cube-dog-life-jacket/dp/1947790,True,"Evaluate whether the page needs stronger content, intent coverage, or internal links.",1,"NOAH & PAW Reflective Dog Life Jacket, Red, Medium - Chewy.com",62,"Buy Noah & Paw Reflective Dog Life Jacket, Red, Medium at Chewy.com. FREE shipping and the BEST customer service!",113,red dog life jacket,"Noah & Paw Reflective Dog Life Jacket, Red, Medium",1,noah-paw-3-cube-dog-life-jacket,True,True,False,False,True,True,True,True,6,324,5,,,,,,,1,1,26.0,0,0,1,0,1.0
PDP,Ranking Keywords,Has striking-distance keywords in positions 21-50,https://www.chewy.com/kingdom-pets-duck-sweet-potato-jerky/dp/136162,True,"Evaluate whether the page needs stronger content, intent coverage, or internal links.",1,"KINGDOM PETS Duck & Sweet Potato Jerky Twists Dog Treats, 48-oz bag - Chewy.com",79,"Buy Kingdom Pets Duck & Sweet Potato Jerky Twists Dog Treats, 48-oz bag at Chewy.com. FREE shipping and the BEST customer service!",130,sweet potato and duck treats,"Kingdom Pets Duck & Sweet Potato Jerky Twists Dog Treats, 48-oz bag",1,kingdom-pets-duck-sweet-potato-jerky,True,True,False,False,True,True,True,True,83,327,3,,,,,,,1,1,26.0,0,0,1,0,1.0
PDP,Ranking Keywords,Has striking-distance keywords in positions 21-50,https://www.chewy.com/k-brovet-oral-solution-dogs-250-mgml/dp/175676,True,"Evaluate whether the page needs stronger content, intent coverage, or internal links.",1,"K-BROVET Oral Solution for Dogs, 250 mg/mL, 300 mL (10-oz) - Easy Refills | Chewy Rx",84,"K-BroVet is a butterscotch-vanilla flavored prescription oral solution used to treat seizure disorders. In addition to therapy, it can be used in combination with other anti-seizure medications or as the sole anticonvulsant **(K-BroVet droppers and syringes are sold separately)**.**We directly source prescription medications from manufacturers and wholesale distributors registered with the FDA and licensed by applicable state boards.",437,k-brovet,"K-BroVet Oral Solution for Dogs, 250 mg/mL, 300 mL (10-oz)",1,k-brovet-oral-solution-dogs-250-mgml,True,True,False,False,True,True,True,True,23,320,3,,,,,,,1,1,26.0,0,0,1,0,5.0
PDP,Ranking Keywords,Has striking-distance keywords in positions 21-50,https://www.chewy.com/kopertox-water-resistant-horse-thrush/dp/264399,True,"Evaluate whether the page needs stronger content, intent coverage, or internal links.",1,"KOPERTOX Water-Resistant Horse Thrush Treatment, 16-fl oz bottle - Chewy.com",76,"Buy KOPERTOX Water-Resistant Horse Thrush Treatment, 16-fl oz bottle at Chewy.com. FREE shipping and the BEST customer service!",127,kopertox,"KOPERTOX Water-Resistant Horse Thrush Treatment, 16-fl oz bottle",1,kopertox-water-resistant-horse-thrush,False,False,False,False,True,True,True,True,0,330,5,,,,,,,1,1,26.0,0,0,1,0,
PDP,Ranking Keywords,Has striking-distance keywords in positions 21-50,https://www.chewy.com/previcox-firocoxib-chewable-tablets/dp/173258,True,"Evaluate whether the page needs stronger content, intent coverage, or internal links.",1,"PREVICOX (Firocoxib) Chewable Tablets for Dogs, 227-mg - Easy Refills | Chewy Rx",80,"Previcox is a non-steroidal, anti-inflammatory drug (NSAID) prescribed by your vet to treat your canine companion's pain and inflammation caused by osteoarthritis. It can also help control postoperative pain and inflammation often associated with soft-tissue and orthopedic surgery. This medication comes in a chewable tablet form, which means it can be easily crushed up and disguised in your pet's favorite food.",414,previcox,"Previcox (Firocoxib) Chewable Tablets for Dogs, 227-mg, 1 tablet",1,previcox-firocoxib-chewable-tablets,True,True,False,False,True,True,True,True,28,323,3,,,,,,,1,1,26.0,0,0,1,0,1.0
PDP,Ranking Keywords,Has striking-distance keywords in positions 21-50,https://www.chewy.com/sheer-guard-bird-cage-skirt/dp/157177,True,"Evaluate whether the page needs stronger content, intent coverage, or internal links.",1,"SHEER GUARD Bird Cage Skirt, Aqua, Small - Chewy.com",52,"Buy Sheer Guard Bird Cage Skirt, Aqua, Small at Chewy.com. FREE shipping and the BEST customer service!",103,bird skirts,"Sheer Guard Bird Cage Skirt, Aqua, Small",1,sheer-guard-bird-cage-skirt,True,True,False,False,True,True,True,True,9,318,4,,,,,,,1,1,26.0,0,0,1,0,1.0
PDP,Ranking Keywords,Has striking-distance keywords in positions 21-50,https://www.chewy.com/zesty-paws-vet-strength-hip-joint/dp/399498,True,"Evaluate whether the page needs stronger content, intent coverage, or internal links.",1,"ZESTY PAWS Vet Strength Hip & Joint Soft Chews Glucosamine Mobility Supplement for Dogs, 90 count - Chewy.com",109,"Buy Zesty Paws Vet Strength Hip & Joint Soft Chews Glucosamine Mobility Supplement for Dogs, 90 count at Chewy.com. FREE shipping and the BEST customer service!",160,zesty paws hip and joint,"Zesty Paws Vet Strength Hip & Joint Soft Chews Glucosamine Mobility Supplement for Dogs, 90 count",1,zesty-paws-vet-strength-hip-joint,True,True,False,False,True,True,True,True,102,332,3,,,,,,,1,1,26.0,0,0,1,0,1.0
PDP,Ranking Keywords,Has striking-distance keywords in positions 21-50,https://www.chewy.com/melody-select-ultimate-finch-bird/dp/769398,True,"Evaluate whether the page needs stronger content, intent coverage, or internal links.",2,"MELODY SELECT Ultimate Finch Bird Food, 5-lb bag - Chewy.com",60,"Buy Melody Select Ultimate Finch Bird Food, 5-lb bag at Chewy.com. FREE shipping and the BEST customer service!",111,best finch food,"Melody Select Ultimate Finch Bird Food, 5-lb bag",1,melody-select-ultimate-finch-bird,True,True,False,False,True,True,True,False,56,330,3,,,,,,,2,2,28.0,0,0,2,0,1.0
PDP,Ranking Keywords,Has striking-distance keywords in positions 21-50,https://www.chewy.com/happy-jack-beacon-indoor-flea-trap/dp/3584631,True,"Evaluate whether the page needs stronger content, intent coverage, or internal links.",1,HAPPY JACK Beacon Indoor Flea Trap - Chewy.com,46,Buy Happy Jack Beacon Indoor Flea Trap at Chewy.com. FREE shipping and the BEST customer service!,97,flea trap reviews,Happy Jack Beacon Indoor Flea Trap,1,happy-jack-beacon-indoor-flea-trap,True,True,False,False,True,True,True,True,18,318,3,,,,,,,1,1,26.0,0,0,1,0,3.0
PDP,Ranking Keywords,Has striking-distance keywords in positions 21-50,https://www.chewy.com/shark-nv352-navigator-lift-away/dp/1351078,False,"Evaluate whether the page needs stronger content, intent coverage, or internal links.",1,,,,,shark nv352 vacuum cleaner navigator lift away reviews,,,,,,,,,,,,,,,,,,,,,2,2,26.0,0,0,1,1,
PDP,Ranking Keywords,Has striking-distance keywords in positions 21-50,https://www.chewy.com/whisker-litter-robot-cat-waste-drawer/dp/3505830,True,"Evaluate whether the page needs stronger content, intent coverage, or internal links.",1,"WHISKER Litter-Robot Cat Waste Drawer Liners, 25 count - Chewy.com",66,"Buy Whisker Litter-Robot Cat Waste Drawer Liners, 25 count at Chewy.com. FREE shipping and the BEST customer service!",117,litter robot bags,"Whisker Litter-Robot Cat Waste Drawer Liners, 25 count",1,whisker-litter-robot-cat-waste-drawer,True,True,False,False,True,True,True,False,52,319,3,,,,,,,1,1,26.0,0,0,1,0,1.0
PDP,Ranking Keywords,Has striking-distance keywords in positions 21-50,https://www.chewy.com/lyric-wild-bird-food/dp/248644,True,"Evaluate whether the page needs stronger content, intent coverage, or internal links.",1,"LYRIC Wild Bird Food, 40-lb bag - Chewy.com",43,"Buy Lyric Wild Bird Food, 40-lb bag at Chewy.com. FREE shipping and the BEST customer service!",94,bird seed wild 40lb,"Lyric Wild Bird Food, 40-lb bag",1,lyric-wild-bird-food,True,True,False,False,True,True,True,False,2,329,4,,,,,,,1,1,26.0,0,0,1,0,1.0
PDP,Ranking Keywords,Has striking-distance keywords in positions 21-50,https://www.chewy.com/friskies-shreds-in-gravy-variety-pack/dp/1269902,True,"Evaluate whether the page needs stronger content, intent coverage, or internal links.",1,"FRISKIES Shreds in Gravy Variety Pack Canned Cat Food, 5.5-oz can, bundle of 80 - Chewy.com",91,"Buy Friskies Shreds in Gravy Variety Pack Canned Cat Food, 5.5-oz can, bundle of 80 at Chewy.com. FREE shipping and the BEST customer service!",142,friskies shreds in gravy,"Friskies Shreds in Gravy Variety Pack Canned Cat Food, 5.5-oz can, bundle of 80",1,friskies-shreds-in-gravy-variety-pack,True,False,False,False,True,True,True,True,20,340,3,,,,,,,1,1,26.0,0,0,1,0,2.0
